config_hash,model,task,step,reasoning_steps,split,difficulty,n_seeds,provisional,dev,diverged_k,exact_match_mean,exact_match_std,exact_match_min,exact_match_max,exact_match_values,exact_match_ci95_lo,exact_match_ci95_hi,exact_match_mean_incl_failed,token_acc_mean,params
e98c9a22b8de,bdh,compose,2500,1,interp,"{""depth"": 1}",3,True,False,0,0.0,0.0,0.0,0.0,"[0.0, 0.0, 0.0]",0.0,0.0,0.0,0.0,10010880
e98c9a22b8de,bdh,compose,2500,1,interp,"{""depth"": 2}",3,True,False,0,0.0006666666666666666,0.0009428090415820634,0.0,0.002,"[0.002, 0.0, 0.0]",0.0,0.002,0.0006666666666666666,0.0006666666666666666,10010880
e98c9a22b8de,bdh,compose,5000,1,interp,"{""depth"": 1}",3,True,False,0,0.08333333333333333,0.025525586292102196,0.05,0.112,"[0.05, 0.088, 0.112]",0.05000000000000001,0.112,0.08333333333333333,0.08333333333333333,10010880
e98c9a22b8de,bdh,compose,5000,1,interp,"{""depth"": 2}",3,True,False,0,0.016,0.004320493798938572,0.012,0.022,"[0.012, 0.022, 0.014]",0.012000000000000002,0.022000000000000002,0.016,0.016,10010880
e98c9a22b8de,bdh,compose,7500,1,interp,"{""depth"": 1}",3,True,False,0,0.12666666666666668,0.012036980056845196,0.11,0.138,"[0.11, 0.138, 0.132]",0.11,0.138,0.12666666666666668,0.12666666666666668,10010880
e98c9a22b8de,bdh,compose,7500,1,interp,"{""depth"": 2}",3,True,False,0,0.08266666666666667,0.017613126418163875,0.058,0.098,"[0.058, 0.092, 0.098]",0.058,0.09800000000000002,0.08266666666666667,0.08266666666666667,10010880
e98c9a22b8de,bdh,compose,10000,1,interp,"{""depth"": 1}",3,True,False,0,0.10866666666666668,0.00928559218478941,0.096,0.118,"[0.112, 0.096, 0.118]",0.09600000000000002,0.118,0.10866666666666668,0.10866666666666668,10010880
e98c9a22b8de,bdh,compose,10000,1,interp,"{""depth"": 2}",3,True,False,0,0.10533333333333333,0.00573488351136175,0.098,0.112,"[0.106, 0.112, 0.098]",0.09800000000000002,0.112,0.10533333333333333,0.10533333333333333,10010880
e98c9a22b8de,bdh,compose,12500,1,interp,"{""depth"": 1}",3,True,False,0,0.12133333333333333,0.006599663291074444,0.114,0.13,"[0.12, 0.13, 0.114]",0.114,0.13,0.12133333333333333,0.12133333333333333,10010880
e98c9a22b8de,bdh,compose,12500,1,interp,"{""depth"": 2}",3,True,False,0,0.112,0.0043204937989385775,0.106,0.116,"[0.116, 0.106, 0.114]",0.106,0.116,0.112,0.112,10010880
e98c9a22b8de,bdh,compose,15000,1,interp,"{""depth"": 1}",3,True,False,0,0.12533333333333332,0.010873004286866732,0.114,0.14,"[0.114, 0.14, 0.122]",0.114,0.14,0.12533333333333332,0.12533333333333332,10010880
e98c9a22b8de,bdh,compose,15000,1,interp,"{""depth"": 2}",3,True,False,0,0.11333333333333333,0.012036980056845196,0.102,0.13,"[0.102, 0.13, 0.108]",0.102,0.13,0.11333333333333333,0.11333333333333333,10010880
e98c9a22b8de,bdh,compose,17500,1,interp,"{""depth"": 1}",3,True,False,0,0.13266666666666668,0.00899382504215469,0.122,0.144,"[0.144, 0.132, 0.122]",0.122,0.144,0.13266666666666668,0.13266666666666668,10010880
e98c9a22b8de,bdh,compose,17500,1,interp,"{""depth"": 2}",3,True,False,0,0.128,0.0032659863237109073,0.124,0.132,"[0.124, 0.128, 0.132]",0.124,0.132,0.128,0.128,10010880
e98c9a22b8de,bdh,compose,20000,1,interp,"{""depth"": 1}",3,True,False,0,0.12733333333333333,0.006798692684790385,0.118,0.134,"[0.134, 0.13, 0.118]",0.118,0.134,0.12733333333333333,0.12733333333333333,10010880
e98c9a22b8de,bdh,compose,20000,1,interp,"{""depth"": 2}",3,True,False,0,0.12066666666666666,0.013097921802925674,0.104,0.136,"[0.104, 0.136, 0.122]",0.104,0.136,0.12066666666666666,0.12066666666666666,10010880
e98c9a22b8de,bdh,compose,22500,1,interp,"{""depth"": 1}",3,True,False,0,0.11399999999999999,0.010198039027185572,0.104,0.128,"[0.128, 0.104, 0.11]",0.104,0.128,0.11399999999999999,0.11399999999999999,10010880
e98c9a22b8de,bdh,compose,22500,1,interp,"{""depth"": 2}",3,True,False,0,0.126,0.0016329931618554536,0.124,0.128,"[0.124, 0.126, 0.128]",0.124,0.128,0.126,0.126,10010880
e98c9a22b8de,bdh,compose,25000,1,interp,"{""depth"": 1}",3,True,False,0,0.126,0.016083117442419755,0.104,0.142,"[0.142, 0.104, 0.132]",0.104,0.142,0.126,0.126,10010880
e98c9a22b8de,bdh,compose,25000,1,interp,"{""depth"": 2}",3,True,False,0,0.118,0.014966629547095767,0.098,0.134,"[0.098, 0.134, 0.122]",0.09800000000000002,0.134,0.118,0.118,10010880
e98c9a22b8de,bdh,compose,27500,1,interp,"{""depth"": 1}",3,True,False,0,0.138,0.02698147512646408,0.1,0.16,"[0.16, 0.1, 0.154]",0.10000000000000002,0.16,0.138,0.138,10010880
e98c9a22b8de,bdh,compose,27500,1,interp,"{""depth"": 2}",3,True,False,0,0.12133333333333333,0.020417857108151402,0.104,0.15,"[0.11, 0.15, 0.104]",0.104,0.15,0.12133333333333333,0.12133333333333333,10010880
e98c9a22b8de,bdh,compose,30000,1,interp,"{""depth"": 1}",3,True,False,0,0.13333333333333333,0.011813363431112897,0.124,0.15,"[0.15, 0.126, 0.124]",0.124,0.15,0.13333333333333333,0.13333333333333333,10010880
e98c9a22b8de,bdh,compose,30000,1,interp,"{""depth"": 2}",3,True,False,0,0.11666666666666665,0.009285592184789413,0.104,0.126,"[0.126, 0.12, 0.104]",0.104,0.126,0.11666666666666665,0.11666666666666665,10010880
e98c9a22b8de,bdh,compose,32500,1,interp,"{""depth"": 1}",3,True,False,0,0.1366666666666667,0.018061622912192085,0.116,0.16,"[0.16, 0.116, 0.134]",0.116,0.16,0.1366666666666667,0.1366666666666667,10010880
e98c9a22b8de,bdh,compose,32500,1,interp,"{""depth"": 2}",3,True,False,0,0.12,0.01728197519575429,0.104,0.144,"[0.112, 0.144, 0.104]",0.104,0.144,0.12,0.12,10010880
e98c9a22b8de,bdh,compose,35000,1,interp,"{""depth"": 1}",3,True,False,0,0.1366666666666667,0.02041785710815141,0.112,0.162,"[0.162, 0.112, 0.136]",0.112,0.162,0.1366666666666667,0.1366666666666667,10010880
e98c9a22b8de,bdh,compose,35000,1,interp,"{""depth"": 2}",3,True,False,0,0.128,0.016970562748477136,0.116,0.152,"[0.116, 0.152, 0.116]",0.116,0.152,0.128,0.128,10010880
e98c9a22b8de,bdh,compose,37500,1,interp,"{""depth"": 1}",3,True,False,0,0.14,0.020396078054371145,0.12,0.168,"[0.168, 0.12, 0.132]",0.12,0.168,0.14,0.14,10010880
e98c9a22b8de,bdh,compose,37500,1,interp,"{""depth"": 2}",3,True,False,0,0.122,0.01979898987322333,0.108,0.15,"[0.108, 0.15, 0.108]",0.108,0.15,0.122,0.122,10010880
e98c9a22b8de,bdh,compose,40000,1,interp,"{""depth"": 1}",3,True,False,0,0.138,0.020848661028149185,0.116,0.166,"[0.166, 0.116, 0.132]",0.116,0.166,0.138,0.138,10010880
e98c9a22b8de,bdh,compose,40000,1,interp,"{""depth"": 2}",3,True,False,0,0.122,0.018832595855767378,0.104,0.148,"[0.114, 0.148, 0.104]",0.104,0.148,0.122,0.122,10010880
e98c9a22b8de,bdh,compose,40000,2,interp,"{""depth"": 1}",3,True,False,0,0.138,0.020848661028149185,0.116,0.166,"[0.166, 0.116, 0.132]",0.116,0.166,0.138,0.138,10010880
e98c9a22b8de,bdh,compose,40000,2,interp,"{""depth"": 2}",3,True,False,0,0.122,0.018832595855767378,0.104,0.148,"[0.114, 0.148, 0.104]",0.104,0.148,0.122,0.122,10010880
e98c9a22b8de,bdh,compose,2500,4,interp,"{""depth"": 1}",3,True,False,0,0.0,0.0,0.0,0.0,"[0.0, 0.0, 0.0]",0.0,0.0,0.0,0.0,10010880
e98c9a22b8de,bdh,compose,2500,4,interp,"{""depth"": 2}",3,True,False,0,0.0006666666666666666,0.0009428090415820634,0.0,0.002,"[0.002, 0.0, 0.0]",0.0,0.002,0.0006666666666666666,0.0006666666666666666,10010880
e98c9a22b8de,bdh,compose,5000,4,interp,"{""depth"": 1}",3,True,False,0,0.08333333333333333,0.025525586292102196,0.05,0.112,"[0.05, 0.088, 0.112]",0.05000000000000001,0.112,0.08333333333333333,0.08333333333333333,10010880
e98c9a22b8de,bdh,compose,5000,4,interp,"{""depth"": 2}",3,True,False,0,0.016,0.004320493798938572,0.012,0.022,"[0.012, 0.022, 0.014]",0.012000000000000002,0.022000000000000002,0.016,0.016,10010880
e98c9a22b8de,bdh,compose,7500,4,interp,"{""depth"": 1}",3,True,False,0,0.12666666666666668,0.012036980056845196,0.11,0.138,"[0.11, 0.138, 0.132]",0.11,0.138,0.12666666666666668,0.12666666666666668,10010880
e98c9a22b8de,bdh,compose,7500,4,interp,"{""depth"": 2}",3,True,False,0,0.08266666666666667,0.017613126418163875,0.058,0.098,"[0.058, 0.092, 0.098]",0.058,0.09800000000000002,0.08266666666666667,0.08266666666666667,10010880
e98c9a22b8de,bdh,compose,10000,4,interp,"{""depth"": 1}",3,True,False,0,0.10866666666666668,0.00928559218478941,0.096,0.118,"[0.112, 0.096, 0.118]",0.09600000000000002,0.118,0.10866666666666668,0.10866666666666668,10010880
e98c9a22b8de,bdh,compose,10000,4,interp,"{""depth"": 2}",3,True,False,0,0.10533333333333333,0.00573488351136175,0.098,0.112,"[0.106, 0.112, 0.098]",0.09800000000000002,0.112,0.10533333333333333,0.10533333333333333,10010880
e98c9a22b8de,bdh,compose,12500,4,interp,"{""depth"": 1}",3,True,False,0,0.12133333333333333,0.006599663291074444,0.114,0.13,"[0.12, 0.13, 0.114]",0.114,0.13,0.12133333333333333,0.12133333333333333,10010880
e98c9a22b8de,bdh,compose,12500,4,interp,"{""depth"": 2}",3,True,False,0,0.112,0.0043204937989385775,0.106,0.116,"[0.116, 0.106, 0.114]",0.106,0.116,0.112,0.112,10010880
e98c9a22b8de,bdh,compose,15000,4,interp,"{""depth"": 1}",3,True,False,0,0.12533333333333332,0.010873004286866732,0.114,0.14,"[0.114, 0.14, 0.122]",0.114,0.14,0.12533333333333332,0.12533333333333332,10010880
e98c9a22b8de,bdh,compose,15000,4,interp,"{""depth"": 2}",3,True,False,0,0.11333333333333333,0.012036980056845196,0.102,0.13,"[0.102, 0.13, 0.108]",0.102,0.13,0.11333333333333333,0.11333333333333333,10010880
e98c9a22b8de,bdh,compose,17500,4,interp,"{""depth"": 1}",3,True,False,0,0.13266666666666668,0.00899382504215469,0.122,0.144,"[0.144, 0.132, 0.122]",0.122,0.144,0.13266666666666668,0.13266666666666668,10010880
e98c9a22b8de,bdh,compose,17500,4,interp,"{""depth"": 2}",3,True,False,0,0.128,0.0032659863237109073,0.124,0.132,"[0.124, 0.128, 0.132]",0.124,0.132,0.128,0.128,10010880
e98c9a22b8de,bdh,compose,20000,4,interp,"{""depth"": 1}",3,True,False,0,0.12733333333333333,0.006798692684790385,0.118,0.134,"[0.134, 0.13, 0.118]",0.118,0.134,0.12733333333333333,0.12733333333333333,10010880
e98c9a22b8de,bdh,compose,20000,4,interp,"{""depth"": 2}",3,True,False,0,0.12066666666666666,0.013097921802925674,0.104,0.136,"[0.104, 0.136, 0.122]",0.104,0.136,0.12066666666666666,0.12066666666666666,10010880
e98c9a22b8de,bdh,compose,22500,4,interp,"{""depth"": 1}",3,True,False,0,0.11399999999999999,0.010198039027185572,0.104,0.128,"[0.128, 0.104, 0.11]",0.104,0.128,0.11399999999999999,0.11399999999999999,10010880
e98c9a22b8de,bdh,compose,22500,4,interp,"{""depth"": 2}",3,True,False,0,0.126,0.0016329931618554536,0.124,0.128,"[0.124, 0.126, 0.128]",0.124,0.128,0.126,0.126,10010880
e98c9a22b8de,bdh,compose,25000,4,interp,"{""depth"": 1}",3,True,False,0,0.126,0.016083117442419755,0.104,0.142,"[0.142, 0.104, 0.132]",0.104,0.142,0.126,0.126,10010880
e98c9a22b8de,bdh,compose,25000,4,interp,"{""depth"": 2}",3,True,False,0,0.118,0.014966629547095767,0.098,0.134,"[0.098, 0.134, 0.122]",0.09800000000000002,0.134,0.118,0.118,10010880
e98c9a22b8de,bdh,compose,27500,4,interp,"{""depth"": 1}",3,True,False,0,0.138,0.02698147512646408,0.1,0.16,"[0.16, 0.1, 0.154]",0.10000000000000002,0.16,0.138,0.138,10010880
e98c9a22b8de,bdh,compose,27500,4,interp,"{""depth"": 2}",3,True,False,0,0.12133333333333333,0.020417857108151402,0.104,0.15,"[0.11, 0.15, 0.104]",0.104,0.15,0.12133333333333333,0.12133333333333333,10010880
e98c9a22b8de,bdh,compose,30000,4,interp,"{""depth"": 1}",3,True,False,0,0.13333333333333333,0.011813363431112897,0.124,0.15,"[0.15, 0.126, 0.124]",0.124,0.15,0.13333333333333333,0.13333333333333333,10010880
e98c9a22b8de,bdh,compose,30000,4,interp,"{""depth"": 2}",3,True,False,0,0.11666666666666665,0.009285592184789413,0.104,0.126,"[0.126, 0.12, 0.104]",0.104,0.126,0.11666666666666665,0.11666666666666665,10010880
e98c9a22b8de,bdh,compose,32500,4,interp,"{""depth"": 1}",3,True,False,0,0.1366666666666667,0.018061622912192085,0.116,0.16,"[0.16, 0.116, 0.134]",0.116,0.16,0.1366666666666667,0.1366666666666667,10010880
e98c9a22b8de,bdh,compose,32500,4,interp,"{""depth"": 2}",3,True,False,0,0.12,0.01728197519575429,0.104,0.144,"[0.112, 0.144, 0.104]",0.104,0.144,0.12,0.12,10010880
e98c9a22b8de,bdh,compose,35000,4,interp,"{""depth"": 1}",3,True,False,0,0.1366666666666667,0.02041785710815141,0.112,0.162,"[0.162, 0.112, 0.136]",0.112,0.162,0.1366666666666667,0.1366666666666667,10010880
e98c9a22b8de,bdh,compose,35000,4,interp,"{""depth"": 2}",3,True,False,0,0.128,0.016970562748477136,0.116,0.152,"[0.116, 0.152, 0.116]",0.116,0.152,0.128,0.128,10010880
e98c9a22b8de,bdh,compose,37500,4,interp,"{""depth"": 1}",3,True,False,0,0.14,0.020396078054371145,0.12,0.168,"[0.168, 0.12, 0.132]",0.12,0.168,0.14,0.14,10010880
e98c9a22b8de,bdh,compose,37500,4,interp,"{""depth"": 2}",3,True,False,0,0.122,0.01979898987322333,0.108,0.15,"[0.108, 0.15, 0.108]",0.108,0.15,0.122,0.122,10010880
e98c9a22b8de,bdh,compose,40000,4,interp,"{""depth"": 1}",3,True,False,0,0.138,0.020848661028149185,0.116,0.166,"[0.166, 0.116, 0.132]",0.116,0.166,0.138,0.138,10010880
e98c9a22b8de,bdh,compose,40000,4,interp,"{""depth"": 2}",3,True,False,0,0.122,0.018832595855767378,0.104,0.148,"[0.114, 0.148, 0.104]",0.104,0.148,0.122,0.122,10010880
e98c9a22b8de,bdh,compose,40000,8,interp,"{""depth"": 1}",3,True,False,0,0.138,0.020848661028149185,0.116,0.166,"[0.166, 0.116, 0.132]",0.116,0.166,0.138,0.138,10010880
e98c9a22b8de,bdh,compose,40000,8,interp,"{""depth"": 2}",3,True,False,0,0.122,0.018832595855767378,0.104,0.148,"[0.114, 0.148, 0.104]",0.104,0.148,0.122,0.122,10010880
e98c9a22b8de,bdh,compose,2500,16,interp,"{""depth"": 1}",3,True,False,0,0.0,0.0,0.0,0.0,"[0.0, 0.0, 0.0]",0.0,0.0,0.0,0.0,10010880
e98c9a22b8de,bdh,compose,2500,16,interp,"{""depth"": 2}",3,True,False,0,0.0006666666666666666,0.0009428090415820634,0.0,0.002,"[0.002, 0.0, 0.0]",0.0,0.002,0.0006666666666666666,0.0006666666666666666,10010880
e98c9a22b8de,bdh,compose,5000,16,interp,"{""depth"": 1}",3,True,False,0,0.08333333333333333,0.025525586292102196,0.05,0.112,"[0.05, 0.088, 0.112]",0.05000000000000001,0.112,0.08333333333333333,0.08333333333333333,10010880
e98c9a22b8de,bdh,compose,5000,16,interp,"{""depth"": 2}",3,True,False,0,0.016,0.004320493798938572,0.012,0.022,"[0.012, 0.022, 0.014]",0.012000000000000002,0.022000000000000002,0.016,0.016,10010880
e98c9a22b8de,bdh,compose,7500,16,interp,"{""depth"": 1}",3,True,False,0,0.12666666666666668,0.012036980056845196,0.11,0.138,"[0.11, 0.138, 0.132]",0.11,0.138,0.12666666666666668,0.12666666666666668,10010880
e98c9a22b8de,bdh,compose,7500,16,interp,"{""depth"": 2}",3,True,False,0,0.08266666666666667,0.017613126418163875,0.058,0.098,"[0.058, 0.092, 0.098]",0.058,0.09800000000000002,0.08266666666666667,0.08266666666666667,10010880
e98c9a22b8de,bdh,compose,10000,16,interp,"{""depth"": 1}",3,True,False,0,0.10866666666666668,0.00928559218478941,0.096,0.118,"[0.112, 0.096, 0.118]",0.09600000000000002,0.118,0.10866666666666668,0.10866666666666668,10010880
e98c9a22b8de,bdh,compose,10000,16,interp,"{""depth"": 2}",3,True,False,0,0.10533333333333333,0.00573488351136175,0.098,0.112,"[0.106, 0.112, 0.098]",0.09800000000000002,0.112,0.10533333333333333,0.10533333333333333,10010880
e98c9a22b8de,bdh,compose,12500,16,interp,"{""depth"": 1}",3,True,False,0,0.12133333333333333,0.006599663291074444,0.114,0.13,"[0.12, 0.13, 0.114]",0.114,0.13,0.12133333333333333,0.12133333333333333,10010880
e98c9a22b8de,bdh,compose,12500,16,interp,"{""depth"": 2}",3,True,False,0,0.112,0.0043204937989385775,0.106,0.116,"[0.116, 0.106, 0.114]",0.106,0.116,0.112,0.112,10010880
e98c9a22b8de,bdh,compose,15000,16,interp,"{""depth"": 1}",3,True,False,0,0.12533333333333332,0.010873004286866732,0.114,0.14,"[0.114, 0.14, 0.122]",0.114,0.14,0.12533333333333332,0.12533333333333332,10010880
e98c9a22b8de,bdh,compose,15000,16,interp,"{""depth"": 2}",3,True,False,0,0.11333333333333333,0.012036980056845196,0.102,0.13,"[0.102, 0.13, 0.108]",0.102,0.13,0.11333333333333333,0.11333333333333333,10010880
e98c9a22b8de,bdh,compose,17500,16,interp,"{""depth"": 1}",3,True,False,0,0.13266666666666668,0.00899382504215469,0.122,0.144,"[0.144, 0.132, 0.122]",0.122,0.144,0.13266666666666668,0.13266666666666668,10010880
e98c9a22b8de,bdh,compose,17500,16,interp,"{""depth"": 2}",3,True,False,0,0.128,0.0032659863237109073,0.124,0.132,"[0.124, 0.128, 0.132]",0.124,0.132,0.128,0.128,10010880
e98c9a22b8de,bdh,compose,20000,16,interp,"{""depth"": 1}",3,True,False,0,0.12733333333333333,0.006798692684790385,0.118,0.134,"[0.134, 0.13, 0.118]",0.118,0.134,0.12733333333333333,0.12733333333333333,10010880
e98c9a22b8de,bdh,compose,20000,16,interp,"{""depth"": 2}",3,True,False,0,0.12066666666666666,0.013097921802925674,0.104,0.136,"[0.104, 0.136, 0.122]",0.104,0.136,0.12066666666666666,0.12066666666666666,10010880
e98c9a22b8de,bdh,compose,22500,16,interp,"{""depth"": 1}",3,True,False,0,0.11399999999999999,0.010198039027185572,0.104,0.128,"[0.128, 0.104, 0.11]",0.104,0.128,0.11399999999999999,0.11399999999999999,10010880
e98c9a22b8de,bdh,compose,22500,16,interp,"{""depth"": 2}",3,True,False,0,0.126,0.0016329931618554536,0.124,0.128,"[0.124, 0.126, 0.128]",0.124,0.128,0.126,0.126,10010880
e98c9a22b8de,bdh,compose,25000,16,interp,"{""depth"": 1}",3,True,False,0,0.126,0.016083117442419755,0.104,0.142,"[0.142, 0.104, 0.132]",0.104,0.142,0.126,0.126,10010880
e98c9a22b8de,bdh,compose,25000,16,interp,"{""depth"": 2}",3,True,False,0,0.118,0.014966629547095767,0.098,0.134,"[0.098, 0.134, 0.122]",0.09800000000000002,0.134,0.118,0.118,10010880
e98c9a22b8de,bdh,compose,27500,16,interp,"{""depth"": 1}",3,True,False,0,0.138,0.02698147512646408,0.1,0.16,"[0.16, 0.1, 0.154]",0.10000000000000002,0.16,0.138,0.138,10010880
e98c9a22b8de,bdh,compose,27500,16,interp,"{""depth"": 2}",3,True,False,0,0.12133333333333333,0.020417857108151402,0.104,0.15,"[0.11, 0.15, 0.104]",0.104,0.15,0.12133333333333333,0.12133333333333333,10010880
e98c9a22b8de,bdh,compose,30000,16,interp,"{""depth"": 1}",3,True,False,0,0.13333333333333333,0.011813363431112897,0.124,0.15,"[0.15, 0.126, 0.124]",0.124,0.15,0.13333333333333333,0.13333333333333333,10010880
e98c9a22b8de,bdh,compose,30000,16,interp,"{""depth"": 2}",3,True,False,0,0.11666666666666665,0.009285592184789413,0.104,0.126,"[0.126, 0.12, 0.104]",0.104,0.126,0.11666666666666665,0.11666666666666665,10010880
e98c9a22b8de,bdh,compose,32500,16,interp,"{""depth"": 1}",3,True,False,0,0.1366666666666667,0.018061622912192085,0.116,0.16,"[0.16, 0.116, 0.134]",0.116,0.16,0.1366666666666667,0.1366666666666667,10010880
e98c9a22b8de,bdh,compose,32500,16,interp,"{""depth"": 2}",3,True,False,0,0.12,0.01728197519575429,0.104,0.144,"[0.112, 0.144, 0.104]",0.104,0.144,0.12,0.12,10010880
e98c9a22b8de,bdh,compose,35000,16,interp,"{""depth"": 1}",3,True,False,0,0.1366666666666667,0.02041785710815141,0.112,0.162,"[0.162, 0.112, 0.136]",0.112,0.162,0.1366666666666667,0.1366666666666667,10010880
e98c9a22b8de,bdh,compose,35000,16,interp,"{""depth"": 2}",3,True,False,0,0.128,0.016970562748477136,0.116,0.152,"[0.116, 0.152, 0.116]",0.116,0.152,0.128,0.128,10010880
e98c9a22b8de,bdh,compose,37500,16,interp,"{""depth"": 1}",3,True,False,0,0.14,0.020396078054371145,0.12,0.168,"[0.168, 0.12, 0.132]",0.12,0.168,0.14,0.14,10010880
e98c9a22b8de,bdh,compose,37500,16,interp,"{""depth"": 2}",3,True,False,0,0.122,0.01979898987322333,0.108,0.15,"[0.108, 0.15, 0.108]",0.108,0.15,0.122,0.122,10010880
e98c9a22b8de,bdh,compose,40000,16,interp,"{""depth"": 1}",3,True,False,0,0.138,0.020848661028149185,0.116,0.166,"[0.166, 0.116, 0.132]",0.116,0.166,0.138,0.138,10010880
e98c9a22b8de,bdh,compose,40000,16,interp,"{""depth"": 2}",3,True,False,0,0.122,0.018832595855767378,0.104,0.148,"[0.114, 0.148, 0.104]",0.104,0.148,0.122,0.122,10010880
e98c9a22b8de,bdh,compose,40000,32,interp,"{""depth"": 1}",3,True,False,0,0.138,0.020848661028149185,0.116,0.166,"[0.166, 0.116, 0.132]",0.116,0.166,0.138,0.138,10010880
e98c9a22b8de,bdh,compose,40000,32,interp,"{""depth"": 2}",3,True,False,0,0.122,0.018832595855767378,0.104,0.148,"[0.114, 0.148, 0.104]",0.104,0.148,0.122,0.122,10010880
e98c9a22b8de,bdh,compose,2500,1,mild,"{""depth"": 3}",3,True,False,0,0.0,0.0,0.0,0.0,"[0.0, 0.0, 0.0]",0.0,0.0,0.0,0.0,10010880
e98c9a22b8de,bdh,compose,2500,1,mild,"{""depth"": 4}",3,True,False,0,0.0,0.0,0.0,0.0,"[0.0, 0.0, 0.0]",0.0,0.0,0.0,0.0,10010880
e98c9a22b8de,bdh,compose,5000,1,mild,"{""depth"": 3}",3,True,False,0,0.01333333333333333,0.003399346342395189,0.01,0.018,"[0.01, 0.012, 0.018]",0.01,0.018,0.01333333333333333,0.01333333333333333,10010880
e98c9a22b8de,bdh,compose,5000,1,mild,"{""depth"": 4}",3,True,False,0,0.006666666666666667,0.00339934634239519,0.002,0.01,"[0.002, 0.008, 0.01]",0.002,0.01,0.006666666666666667,0.006666666666666667,10010880
e98c9a22b8de,bdh,compose,7500,1,mild,"{""depth"": 3}",3,True,False,0,0.03933333333333333,0.0024944382578492965,0.036,0.042,"[0.036, 0.04, 0.042]",0.036,0.042,0.03933333333333333,0.03933333333333333,10010880
e98c9a22b8de,bdh,compose,7500,1,mild,"{""depth"": 4}",3,True,False,0,0.02,0.008640987597877148,0.012,0.032,"[0.012, 0.032, 0.016]",0.012000000000000002,0.032,0.02,0.02,10010880
e98c9a22b8de,bdh,compose,10000,1,mild,"{""depth"": 3}",3,True,False,0,0.05000000000000001,0.015577761927397233,0.032,0.07,"[0.07, 0.048, 0.032]",0.032,0.07,0.05000000000000001,0.05000000000000001,10010880
e98c9a22b8de,bdh,compose,10000,1,mild,"{""depth"": 4}",3,True,False,0,0.026,0.011775681155103796,0.014,0.042,"[0.042, 0.022, 0.014]",0.014,0.042,0.026,0.026,10010880
e98c9a22b8de,bdh,compose,12500,1,mild,"{""depth"": 3}",3,True,False,0,0.043333333333333335,0.010498677165349081,0.034,0.058,"[0.058, 0.038, 0.034]",0.034,0.058,0.043333333333333335,0.043333333333333335,10010880
e98c9a22b8de,bdh,compose,12500,1,mild,"{""depth"": 4}",3,True,False,0,0.034,0.007483314773547883,0.024,0.042,"[0.036, 0.042, 0.024]",0.024000000000000004,0.042,0.034,0.034,10010880
e98c9a22b8de,bdh,compose,15000,1,mild,"{""depth"": 3}",3,True,False,0,0.07,0.004898979485566355,0.064,0.076,"[0.076, 0.064, 0.07]",0.064,0.076,0.07,0.07,10010880
e98c9a22b8de,bdh,compose,15000,1,mild,"{""depth"": 4}",3,True,False,0,0.03266666666666667,0.009285592184789413,0.02,0.042,"[0.042, 0.036, 0.02]",0.02,0.042,0.03266666666666667,0.03266666666666667,10010880
e98c9a22b8de,bdh,compose,17500,1,mild,"{""depth"": 3}",3,True,False,0,0.07666666666666667,0.00771722460186015,0.066,0.084,"[0.084, 0.066, 0.08]",0.066,0.084,0.07666666666666667,0.07666666666666667,10010880
e98c9a22b8de,bdh,compose,17500,1,mild,"{""depth"": 4}",3,True,False,0,0.04733333333333334,0.010873004286866727,0.032,0.056,"[0.054, 0.056, 0.032]",0.032,0.056,0.04733333333333334,0.04733333333333334,10010880
e98c9a22b8de,bdh,compose,20000,1,mild,"{""depth"": 3}",3,True,False,0,0.09599999999999999,0.009933109617167556,0.082,0.104,"[0.104, 0.082, 0.102]",0.082,0.104,0.09599999999999999,0.09599999999999999,10010880
e98c9a22b8de,bdh,compose,20000,1,mild,"{""depth"": 4}",3,True,False,0,0.04933333333333333,0.02379542439676633,0.026,0.082,"[0.082, 0.026, 0.04]",0.026,0.082,0.04933333333333333,0.04933333333333333,10010880
e98c9a22b8de,bdh,compose,22500,1,mild,"{""depth"": 3}",3,True,False,0,0.106,0.0032659863237109073,0.102,0.11,"[0.102, 0.11, 0.106]",0.102,0.11,0.106,0.106,10010880
e98c9a22b8de,bdh,compose,22500,1,mild,"{""depth"": 4}",3,True,False,0,0.05266666666666667,0.029769484749021476,0.02,0.092,"[0.092, 0.02, 0.046]",0.02,0.09200000000000001,0.05266666666666667,0.05266666666666667,10010880
e98c9a22b8de,bdh,compose,25000,1,mild,"{""depth"": 3}",3,True,False,0,0.10533333333333333,0.016996731711975948,0.082,0.122,"[0.112, 0.122, 0.082]",0.082,0.122,0.10533333333333333,0.10533333333333333,10010880
e98c9a22b8de,bdh,compose,25000,1,mild,"{""depth"": 4}",3,True,False,0,0.044000000000000004,0.027760883751542682,0.01,0.078,"[0.078, 0.01, 0.044]",0.01,0.078,0.044000000000000004,0.044000000000000004,10010880
e98c9a22b8de,bdh,compose,27500,1,mild,"{""depth"": 3}",3,True,False,0,0.11599999999999999,0.012754084313139331,0.106,0.134,"[0.106, 0.134, 0.108]",0.106,0.134,0.11599999999999999,0.11599999999999999,10010880
e98c9a22b8de,bdh,compose,27500,1,mild,"{""depth"": 4}",3,True,False,0,0.05266666666666666,0.03785351884420904,0.01,0.102,"[0.102, 0.01, 0.046]",0.01,0.102,0.05266666666666666,0.05266666666666666,10010880
e98c9a22b8de,bdh,compose,30000,1,mild,"{""depth"": 3}",3,True,False,0,0.11333333333333333,0.006182412330330469,0.108,0.122,"[0.108, 0.122, 0.11]",0.108,0.122,0.11333333333333333,0.11333333333333333,10010880
e98c9a22b8de,bdh,compose,30000,1,mild,"{""depth"": 4}",3,True,False,0,0.062,0.03636848452529561,0.022,0.11,"[0.11, 0.022, 0.054]",0.022000000000000002,0.11,0.062,0.062,10010880
e98c9a22b8de,bdh,compose,32500,1,mild,"{""depth"": 3}",3,True,False,0,0.12066666666666666,0.009428090415820637,0.114,0.134,"[0.114, 0.134, 0.114]",0.114,0.134,0.12066666666666666,0.12066666666666666,10010880
e98c9a22b8de,bdh,compose,32500,1,mild,"{""depth"": 4}",3,True,False,0,0.06666666666666667,0.03689022755268513,0.024,0.114,"[0.114, 0.024, 0.062]",0.024000000000000004,0.114,0.06666666666666667,0.06666666666666667,10010880
e98c9a22b8de,bdh,compose,35000,1,mild,"{""depth"": 3}",3,True,False,0,0.11533333333333333,0.006798692684790379,0.106,0.122,"[0.118, 0.122, 0.106]",0.106,0.122,0.11533333333333333,0.11533333333333333,10010880
e98c9a22b8de,bdh,compose,35000,1,mild,"{""depth"": 4}",3,True,False,0,0.07866666666666666,0.045675181687895035,0.036,0.142,"[0.142, 0.036, 0.058]",0.036,0.142,0.07866666666666666,0.07866666666666666,10010880
e98c9a22b8de,bdh,compose,37500,1,mild,"{""depth"": 3}",3,True,False,0,0.12133333333333333,0.006798692684790379,0.112,0.128,"[0.124, 0.128, 0.112]",0.112,0.128,0.12133333333333333,0.12133333333333333,10010880
e98c9a22b8de,bdh,compose,37500,1,mild,"{""depth"": 4}",3,True,False,0,0.07133333333333335,0.03597530016861877,0.042,0.122,"[0.122, 0.042, 0.05]",0.042,0.122,0.07133333333333335,0.07133333333333335,10010880
e98c9a22b8de,bdh,compose,40000,1,mild,"{""depth"": 3}",3,True,False,0,0.12333333333333334,0.0024944382578492965,0.12,0.126,"[0.12, 0.124, 0.126]",0.12,0.126,0.12333333333333334,0.12333333333333334,10010880
e98c9a22b8de,bdh,compose,40000,1,mild,"{""depth"": 4}",3,True,False,0,0.07333333333333335,0.040144184579532255,0.042,0.13,"[0.13, 0.042, 0.048]",0.042,0.13,0.07333333333333335,0.07333333333333335,10010880
e98c9a22b8de,bdh,compose,40000,2,mild,"{""depth"": 3}",3,True,False,0,0.12333333333333334,0.0024944382578492965,0.12,0.126,"[0.12, 0.124, 0.126]",0.12,0.126,0.12333333333333334,0.12333333333333334,10010880
e98c9a22b8de,bdh,compose,40000,2,mild,"{""depth"": 4}",3,True,False,0,0.07333333333333335,0.040144184579532255,0.042,0.13,"[0.13, 0.042, 0.048]",0.042,0.13,0.07333333333333335,0.07333333333333335,10010880
e98c9a22b8de,bdh,compose,2500,4,mild,"{""depth"": 3}",3,True,False,0,0.0,0.0,0.0,0.0,"[0.0, 0.0, 0.0]",0.0,0.0,0.0,0.0,10010880
e98c9a22b8de,bdh,compose,2500,4,mild,"{""depth"": 4}",3,True,False,0,0.0,0.0,0.0,0.0,"[0.0, 0.0, 0.0]",0.0,0.0,0.0,0.0,10010880
e98c9a22b8de,bdh,compose,5000,4,mild,"{""depth"": 3}",3,True,False,0,0.01333333333333333,0.003399346342395189,0.01,0.018,"[0.01, 0.012, 0.018]",0.01,0.018,0.01333333333333333,0.01333333333333333,10010880
e98c9a22b8de,bdh,compose,5000,4,mild,"{""depth"": 4}",3,True,False,0,0.006666666666666667,0.00339934634239519,0.002,0.01,"[0.002, 0.008, 0.01]",0.002,0.01,0.006666666666666667,0.006666666666666667,10010880
e98c9a22b8de,bdh,compose,7500,4,mild,"{""depth"": 3}",3,True,False,0,0.03933333333333333,0.0024944382578492965,0.036,0.042,"[0.036, 0.04, 0.042]",0.036,0.042,0.03933333333333333,0.03933333333333333,10010880
e98c9a22b8de,bdh,compose,7500,4,mild,"{""depth"": 4}",3,True,False,0,0.02,0.008640987597877148,0.012,0.032,"[0.012, 0.032, 0.016]",0.012000000000000002,0.032,0.02,0.02,10010880
e98c9a22b8de,bdh,compose,10000,4,mild,"{""depth"": 3}",3,True,False,0,0.05000000000000001,0.015577761927397233,0.032,0.07,"[0.07, 0.048, 0.032]",0.032,0.07,0.05000000000000001,0.05000000000000001,10010880
e98c9a22b8de,bdh,compose,10000,4,mild,"{""depth"": 4}",3,True,False,0,0.026,0.011775681155103796,0.014,0.042,"[0.042, 0.022, 0.014]",0.014,0.042,0.026,0.026,10010880
e98c9a22b8de,bdh,compose,12500,4,mild,"{""depth"": 3}",3,True,False,0,0.043333333333333335,0.010498677165349081,0.034,0.058,"[0.058, 0.038, 0.034]",0.034,0.058,0.043333333333333335,0.043333333333333335,10010880
e98c9a22b8de,bdh,compose,12500,4,mild,"{""depth"": 4}",3,True,False,0,0.034,0.007483314773547883,0.024,0.042,"[0.036, 0.042, 0.024]",0.024000000000000004,0.042,0.034,0.034,10010880
e98c9a22b8de,bdh,compose,15000,4,mild,"{""depth"": 3}",3,True,False,0,0.07,0.004898979485566355,0.064,0.076,"[0.076, 0.064, 0.07]",0.064,0.076,0.07,0.07,10010880
e98c9a22b8de,bdh,compose,15000,4,mild,"{""depth"": 4}",3,True,False,0,0.03266666666666667,0.009285592184789413,0.02,0.042,"[0.042, 0.036, 0.02]",0.02,0.042,0.03266666666666667,0.03266666666666667,10010880
e98c9a22b8de,bdh,compose,17500,4,mild,"{""depth"": 3}",3,True,False,0,0.07666666666666667,0.00771722460186015,0.066,0.084,"[0.084, 0.066, 0.08]",0.066,0.084,0.07666666666666667,0.07666666666666667,10010880
e98c9a22b8de,bdh,compose,17500,4,mild,"{""depth"": 4}",3,True,False,0,0.04733333333333334,0.010873004286866727,0.032,0.056,"[0.054, 0.056, 0.032]",0.032,0.056,0.04733333333333334,0.04733333333333334,10010880
e98c9a22b8de,bdh,compose,20000,4,mild,"{""depth"": 3}",3,True,False,0,0.09599999999999999,0.009933109617167556,0.082,0.104,"[0.104, 0.082, 0.102]",0.082,0.104,0.09599999999999999,0.09599999999999999,10010880
e98c9a22b8de,bdh,compose,20000,4,mild,"{""depth"": 4}",3,True,False,0,0.04933333333333333,0.02379542439676633,0.026,0.082,"[0.082, 0.026, 0.04]",0.026,0.082,0.04933333333333333,0.04933333333333333,10010880
e98c9a22b8de,bdh,compose,22500,4,mild,"{""depth"": 3}",3,True,False,0,0.106,0.0032659863237109073,0.102,0.11,"[0.102, 0.11, 0.106]",0.102,0.11,0.106,0.106,10010880
e98c9a22b8de,bdh,compose,22500,4,mild,"{""depth"": 4}",3,True,False,0,0.05266666666666667,0.029769484749021476,0.02,0.092,"[0.092, 0.02, 0.046]",0.02,0.09200000000000001,0.05266666666666667,0.05266666666666667,10010880
e98c9a22b8de,bdh,compose,25000,4,mild,"{""depth"": 3}",3,True,False,0,0.10533333333333333,0.016996731711975948,0.082,0.122,"[0.112, 0.122, 0.082]",0.082,0.122,0.10533333333333333,0.10533333333333333,10010880
e98c9a22b8de,bdh,compose,25000,4,mild,"{""depth"": 4}",3,True,False,0,0.044000000000000004,0.027760883751542682,0.01,0.078,"[0.078, 0.01, 0.044]",0.01,0.078,0.044000000000000004,0.044000000000000004,10010880
e98c9a22b8de,bdh,compose,27500,4,mild,"{""depth"": 3}",3,True,False,0,0.11599999999999999,0.012754084313139331,0.106,0.134,"[0.106, 0.134, 0.108]",0.106,0.134,0.11599999999999999,0.11599999999999999,10010880
e98c9a22b8de,bdh,compose,27500,4,mild,"{""depth"": 4}",3,True,False,0,0.05266666666666666,0.03785351884420904,0.01,0.102,"[0.102, 0.01, 0.046]",0.01,0.102,0.05266666666666666,0.05266666666666666,10010880
e98c9a22b8de,bdh,compose,30000,4,mild,"{""depth"": 3}",3,True,False,0,0.11333333333333333,0.006182412330330469,0.108,0.122,"[0.108, 0.122, 0.11]",0.108,0.122,0.11333333333333333,0.11333333333333333,10010880
e98c9a22b8de,bdh,compose,30000,4,mild,"{""depth"": 4}",3,True,False,0,0.062,0.03636848452529561,0.022,0.11,"[0.11, 0.022, 0.054]",0.022000000000000002,0.11,0.062,0.062,10010880
e98c9a22b8de,bdh,compose,32500,4,mild,"{""depth"": 3}",3,True,False,0,0.12066666666666666,0.009428090415820637,0.114,0.134,"[0.114, 0.134, 0.114]",0.114,0.134,0.12066666666666666,0.12066666666666666,10010880
e98c9a22b8de,bdh,compose,32500,4,mild,"{""depth"": 4}",3,True,False,0,0.06666666666666667,0.03689022755268513,0.024,0.114,"[0.114, 0.024, 0.062]",0.024000000000000004,0.114,0.06666666666666667,0.06666666666666667,10010880
e98c9a22b8de,bdh,compose,35000,4,mild,"{""depth"": 3}",3,True,False,0,0.11533333333333333,0.006798692684790379,0.106,0.122,"[0.118, 0.122, 0.106]",0.106,0.122,0.11533333333333333,0.11533333333333333,10010880
e98c9a22b8de,bdh,compose,35000,4,mild,"{""depth"": 4}",3,True,False,0,0.07866666666666666,0.045675181687895035,0.036,0.142,"[0.142, 0.036, 0.058]",0.036,0.142,0.07866666666666666,0.07866666666666666,10010880
e98c9a22b8de,bdh,compose,37500,4,mild,"{""depth"": 3}",3,True,False,0,0.12133333333333333,0.006798692684790379,0.112,0.128,"[0.124, 0.128, 0.112]",0.112,0.128,0.12133333333333333,0.12133333333333333,10010880
e98c9a22b8de,bdh,compose,37500,4,mild,"{""depth"": 4}",3,True,False,0,0.07133333333333335,0.03597530016861877,0.042,0.122,"[0.122, 0.042, 0.05]",0.042,0.122,0.07133333333333335,0.07133333333333335,10010880
e98c9a22b8de,bdh,compose,40000,4,mild,"{""depth"": 3}",3,True,False,0,0.12333333333333334,0.0024944382578492965,0.12,0.126,"[0.12, 0.124, 0.126]",0.12,0.126,0.12333333333333334,0.12333333333333334,10010880
e98c9a22b8de,bdh,compose,40000,4,mild,"{""depth"": 4}",3,True,False,0,0.07333333333333335,0.040144184579532255,0.042,0.13,"[0.13, 0.042, 0.048]",0.042,0.13,0.07333333333333335,0.07333333333333335,10010880
e98c9a22b8de,bdh,compose,40000,8,mild,"{""depth"": 3}",3,True,False,0,0.12333333333333334,0.0024944382578492965,0.12,0.126,"[0.12, 0.124, 0.126]",0.12,0.126,0.12333333333333334,0.12333333333333334,10010880
e98c9a22b8de,bdh,compose,40000,8,mild,"{""depth"": 4}",3,True,False,0,0.07333333333333335,0.040144184579532255,0.042,0.13,"[0.13, 0.042, 0.048]",0.042,0.13,0.07333333333333335,0.07333333333333335,10010880
e98c9a22b8de,bdh,compose,2500,16,mild,"{""depth"": 3}",3,True,False,0,0.0,0.0,0.0,0.0,"[0.0, 0.0, 0.0]",0.0,0.0,0.0,0.0,10010880
e98c9a22b8de,bdh,compose,2500,16,mild,"{""depth"": 4}",3,True,False,0,0.0,0.0,0.0,0.0,"[0.0, 0.0, 0.0]",0.0,0.0,0.0,0.0,10010880
e98c9a22b8de,bdh,compose,5000,16,mild,"{""depth"": 3}",3,True,False,0,0.01333333333333333,0.003399346342395189,0.01,0.018,"[0.01, 0.012, 0.018]",0.01,0.018,0.01333333333333333,0.01333333333333333,10010880
e98c9a22b8de,bdh,compose,5000,16,mild,"{""depth"": 4}",3,True,False,0,0.006666666666666667,0.00339934634239519,0.002,0.01,"[0.002, 0.008, 0.01]",0.002,0.01,0.006666666666666667,0.006666666666666667,10010880
e98c9a22b8de,bdh,compose,7500,16,mild,"{""depth"": 3}",3,True,False,0,0.03933333333333333,0.0024944382578492965,0.036,0.042,"[0.036, 0.04, 0.042]",0.036,0.042,0.03933333333333333,0.03933333333333333,10010880
e98c9a22b8de,bdh,compose,7500,16,mild,"{""depth"": 4}",3,True,False,0,0.02,0.008640987597877148,0.012,0.032,"[0.012, 0.032, 0.016]",0.012000000000000002,0.032,0.02,0.02,10010880
e98c9a22b8de,bdh,compose,10000,16,mild,"{""depth"": 3}",3,True,False,0,0.05000000000000001,0.015577761927397233,0.032,0.07,"[0.07, 0.048, 0.032]",0.032,0.07,0.05000000000000001,0.05000000000000001,10010880
e98c9a22b8de,bdh,compose,10000,16,mild,"{""depth"": 4}",3,True,False,0,0.026,0.011775681155103796,0.014,0.042,"[0.042, 0.022, 0.014]",0.014,0.042,0.026,0.026,10010880
e98c9a22b8de,bdh,compose,12500,16,mild,"{""depth"": 3}",3,True,False,0,0.043333333333333335,0.010498677165349081,0.034,0.058,"[0.058, 0.038, 0.034]",0.034,0.058,0.043333333333333335,0.043333333333333335,10010880
e98c9a22b8de,bdh,compose,12500,16,mild,"{""depth"": 4}",3,True,False,0,0.034,0.007483314773547883,0.024,0.042,"[0.036, 0.042, 0.024]",0.024000000000000004,0.042,0.034,0.034,10010880
e98c9a22b8de,bdh,compose,15000,16,mild,"{""depth"": 3}",3,True,False,0,0.07,0.004898979485566355,0.064,0.076,"[0.076, 0.064, 0.07]",0.064,0.076,0.07,0.07,10010880
e98c9a22b8de,bdh,compose,15000,16,mild,"{""depth"": 4}",3,True,False,0,0.03266666666666667,0.009285592184789413,0.02,0.042,"[0.042, 0.036, 0.02]",0.02,0.042,0.03266666666666667,0.03266666666666667,10010880
e98c9a22b8de,bdh,compose,17500,16,mild,"{""depth"": 3}",3,True,False,0,0.07666666666666667,0.00771722460186015,0.066,0.084,"[0.084, 0.066, 0.08]",0.066,0.084,0.07666666666666667,0.07666666666666667,10010880
e98c9a22b8de,bdh,compose,17500,16,mild,"{""depth"": 4}",3,True,False,0,0.04733333333333334,0.010873004286866727,0.032,0.056,"[0.054, 0.056, 0.032]",0.032,0.056,0.04733333333333334,0.04733333333333334,10010880
e98c9a22b8de,bdh,compose,20000,16,mild,"{""depth"": 3}",3,True,False,0,0.09599999999999999,0.009933109617167556,0.082,0.104,"[0.104, 0.082, 0.102]",0.082,0.104,0.09599999999999999,0.09599999999999999,10010880
e98c9a22b8de,bdh,compose,20000,16,mild,"{""depth"": 4}",3,True,False,0,0.04933333333333333,0.02379542439676633,0.026,0.082,"[0.082, 0.026, 0.04]",0.026,0.082,0.04933333333333333,0.04933333333333333,10010880
e98c9a22b8de,bdh,compose,22500,16,mild,"{""depth"": 3}",3,True,False,0,0.106,0.0032659863237109073,0.102,0.11,"[0.102, 0.11, 0.106]",0.102,0.11,0.106,0.106,10010880
e98c9a22b8de,bdh,compose,22500,16,mild,"{""depth"": 4}",3,True,False,0,0.05266666666666667,0.029769484749021476,0.02,0.092,"[0.092, 0.02, 0.046]",0.02,0.09200000000000001,0.05266666666666667,0.05266666666666667,10010880
e98c9a22b8de,bdh,compose,25000,16,mild,"{""depth"": 3}",3,True,False,0,0.10533333333333333,0.016996731711975948,0.082,0.122,"[0.112, 0.122, 0.082]",0.082,0.122,0.10533333333333333,0.10533333333333333,10010880
e98c9a22b8de,bdh,compose,25000,16,mild,"{""depth"": 4}",3,True,False,0,0.044000000000000004,0.027760883751542682,0.01,0.078,"[0.078, 0.01, 0.044]",0.01,0.078,0.044000000000000004,0.044000000000000004,10010880
e98c9a22b8de,bdh,compose,27500,16,mild,"{""depth"": 3}",3,True,False,0,0.11599999999999999,0.012754084313139331,0.106,0.134,"[0.106, 0.134, 0.108]",0.106,0.134,0.11599999999999999,0.11599999999999999,10010880
e98c9a22b8de,bdh,compose,27500,16,mild,"{""depth"": 4}",3,True,False,0,0.05266666666666666,0.03785351884420904,0.01,0.102,"[0.102, 0.01, 0.046]",0.01,0.102,0.05266666666666666,0.05266666666666666,10010880
e98c9a22b8de,bdh,compose,30000,16,mild,"{""depth"": 3}",3,True,False,0,0.11333333333333333,0.006182412330330469,0.108,0.122,"[0.108, 0.122, 0.11]",0.108,0.122,0.11333333333333333,0.11333333333333333,10010880
e98c9a22b8de,bdh,compose,30000,16,mild,"{""depth"": 4}",3,True,False,0,0.062,0.03636848452529561,0.022,0.11,"[0.11, 0.022, 0.054]",0.022000000000000002,0.11,0.062,0.062,10010880
e98c9a22b8de,bdh,compose,32500,16,mild,"{""depth"": 3}",3,True,False,0,0.12066666666666666,0.009428090415820637,0.114,0.134,"[0.114, 0.134, 0.114]",0.114,0.134,0.12066666666666666,0.12066666666666666,10010880
e98c9a22b8de,bdh,compose,32500,16,mild,"{""depth"": 4}",3,True,False,0,0.06666666666666667,0.03689022755268513,0.024,0.114,"[0.114, 0.024, 0.062]",0.024000000000000004,0.114,0.06666666666666667,0.06666666666666667,10010880
e98c9a22b8de,bdh,compose,35000,16,mild,"{""depth"": 3}",3,True,False,0,0.11533333333333333,0.006798692684790379,0.106,0.122,"[0.118, 0.122, 0.106]",0.106,0.122,0.11533333333333333,0.11533333333333333,10010880
e98c9a22b8de,bdh,compose,35000,16,mild,"{""depth"": 4}",3,True,False,0,0.07866666666666666,0.045675181687895035,0.036,0.142,"[0.142, 0.036, 0.058]",0.036,0.142,0.07866666666666666,0.07866666666666666,10010880
e98c9a22b8de,bdh,compose,37500,16,mild,"{""depth"": 3}",3,True,False,0,0.12133333333333333,0.006798692684790379,0.112,0.128,"[0.124, 0.128, 0.112]",0.112,0.128,0.12133333333333333,0.12133333333333333,10010880
e98c9a22b8de,bdh,compose,37500,16,mild,"{""depth"": 4}",3,True,False,0,0.07133333333333335,0.03597530016861877,0.042,0.122,"[0.122, 0.042, 0.05]",0.042,0.122,0.07133333333333335,0.07133333333333335,10010880
e98c9a22b8de,bdh,compose,40000,16,mild,"{""depth"": 3}",3,True,False,0,0.12333333333333334,0.0024944382578492965,0.12,0.126,"[0.12, 0.124, 0.126]",0.12,0.126,0.12333333333333334,0.12333333333333334,10010880
e98c9a22b8de,bdh,compose,40000,16,mild,"{""depth"": 4}",3,True,False,0,0.07333333333333335,0.040144184579532255,0.042,0.13,"[0.13, 0.042, 0.048]",0.042,0.13,0.07333333333333335,0.07333333333333335,10010880
e98c9a22b8de,bdh,compose,40000,32,mild,"{""depth"": 3}",3,True,False,0,0.12333333333333334,0.0024944382578492965,0.12,0.126,"[0.12, 0.124, 0.126]",0.12,0.126,0.12333333333333334,0.12333333333333334,10010880
e98c9a22b8de,bdh,compose,40000,32,mild,"{""depth"": 4}",3,True,False,0,0.07333333333333335,0.040144184579532255,0.042,0.13,"[0.13, 0.042, 0.048]",0.042,0.13,0.07333333333333335,0.07333333333333335,10010880
e98c9a22b8de,bdh,compose,2500,1,strong,"{""depth"": 6}",3,True,False,0,0.0,0.0,0.0,0.0,"[0.0, 0.0, 0.0]",0.0,0.0,0.0,0.0,10010880
e98c9a22b8de,bdh,compose,2500,1,strong,"{""depth"": 8}",3,True,False,0,0.0,0.0,0.0,0.0,"[0.0, 0.0, 0.0]",0.0,0.0,0.0,0.0,10010880
e98c9a22b8de,bdh,compose,5000,1,strong,"{""depth"": 6}",3,True,False,0,0.0026666666666666666,0.0009428090415820634,0.002,0.004,"[0.002, 0.002, 0.004]",0.002,0.004,0.0026666666666666666,0.0026666666666666666,10010880
e98c9a22b8de,bdh,compose,5000,1,strong,"{""depth"": 8}",3,True,False,0,0.002,0.0,0.002,0.002,"[0.002, 0.002, 0.002]",0.002,0.002,0.002,0.002,10010880
e98c9a22b8de,bdh,compose,7500,1,strong,"{""depth"": 6}",3,True,False,0,0.0033333333333333335,0.0033993463423951896,0.0,0.008,"[0.008, 0.002, 0.0]",0.0,0.008,0.0033333333333333335,0.0033333333333333335,10010880
e98c9a22b8de,bdh,compose,7500,1,strong,"{""depth"": 8}",3,True,False,0,0.004,0.003265986323710904,0.0,0.008,"[0.004, 0.008, 0.0]",0.0,0.008,0.004,0.004,10010880
e98c9a22b8de,bdh,compose,10000,1,strong,"{""depth"": 6}",3,True,False,0,0.004,0.004320493798938574,0.0,0.01,"[0.01, 0.0, 0.002]",0.0,0.01,0.004,0.004,10010880
e98c9a22b8de,bdh,compose,10000,1,strong,"{""depth"": 8}",3,True,False,0,0.0033333333333333335,0.004714045207910317,0.0,0.01,"[0.0, 0.01, 0.0]",0.0,0.01,0.0033333333333333335,0.0033333333333333335,10010880
e98c9a22b8de,bdh,compose,12500,1,strong,"{""depth"": 6}",3,True,False,0,0.0033333333333333335,0.0024944382578492943,0.0,0.006,"[0.006, 0.004, 0.0]",0.0,0.006000000000000001,0.0033333333333333335,0.0033333333333333335,10010880
e98c9a22b8de,bdh,compose,12500,1,strong,"{""depth"": 8}",3,True,False,0,0.0033333333333333335,0.0024944382578492943,0.0,0.006,"[0.0, 0.006, 0.004]",0.0,0.006000000000000001,0.0033333333333333335,0.0033333333333333335,10010880
e98c9a22b8de,bdh,compose,15000,1,strong,"{""depth"": 6}",3,True,False,0,0.004,0.001632993161855452,0.002,0.006,"[0.002, 0.006, 0.004]",0.002,0.006000000000000001,0.004,0.004,10010880
e98c9a22b8de,bdh,compose,15000,1,strong,"{""depth"": 8}",3,True,False,0,0.0033333333333333335,0.004714045207910317,0.0,0.01,"[0.0, 0.01, 0.0]",0.0,0.01,0.0033333333333333335,0.0033333333333333335,10010880
e98c9a22b8de,bdh,compose,17500,1,strong,"{""depth"": 6}",3,True,False,0,0.008,0.0,0.008,0.008,"[0.008, 0.008, 0.008]",0.008,0.008,0.008,0.008,10010880
e98c9a22b8de,bdh,compose,17500,1,strong,"{""depth"": 8}",3,True,False,0,0.0013333333333333333,0.0009428090415820634,0.0,0.002,"[0.002, 0.0, 0.002]",0.0,0.002,0.0013333333333333333,0.0013333333333333333,10010880
e98c9a22b8de,bdh,compose,20000,1,strong,"{""depth"": 6}",3,True,False,0,0.006666666666666667,0.005734883511361751,0.0,0.014,"[0.0, 0.014, 0.006]",0.0,0.014,0.006666666666666667,0.006666666666666667,10010880
e98c9a22b8de,bdh,compose,20000,1,strong,"{""depth"": 8}",3,True,False,0,0.0006666666666666666,0.0009428090415820634,0.0,0.002,"[0.002, 0.0, 0.0]",0.0,0.002,0.0006666666666666666,0.0006666666666666666,10010880
e98c9a22b8de,bdh,compose,22500,1,strong,"{""depth"": 6}",3,True,False,0,0.006666666666666667,0.00339934634239519,0.002,0.01,"[0.002, 0.01, 0.008]",0.002,0.01,0.006666666666666667,0.006666666666666667,10010880
e98c9a22b8de,bdh,compose,22500,1,strong,"{""depth"": 8}",3,True,False,0,0.0006666666666666666,0.0009428090415820634,0.0,0.002,"[0.0, 0.002, 0.0]",0.0,0.002,0.0006666666666666666,0.0006666666666666666,10010880
e98c9a22b8de,bdh,compose,25000,1,strong,"{""depth"": 6}",3,True,False,0,0.007333333333333334,0.004714045207910317,0.004,0.014,"[0.004, 0.014, 0.004]",0.004,0.014,0.007333333333333334,0.007333333333333334,10010880
e98c9a22b8de,bdh,compose,25000,1,strong,"{""depth"": 8}",3,True,False,0,0.0013333333333333333,0.0018856180831641268,0.0,0.004,"[0.0, 0.004, 0.0]",0.0,0.004,0.0013333333333333333,0.0013333333333333333,10010880
e98c9a22b8de,bdh,compose,27500,1,strong,"{""depth"": 6}",3,True,False,0,0.007333333333333333,0.0009428090415820634,0.006,0.008,"[0.008, 0.008, 0.006]",0.006000000000000001,0.008,0.007333333333333333,0.007333333333333333,10010880
e98c9a22b8de,bdh,compose,27500,1,strong,"{""depth"": 8}",3,True,False,0,0.0006666666666666666,0.0009428090415820634,0.0,0.002,"[0.002, 0.0, 0.0]",0.0,0.002,0.0006666666666666666,0.0006666666666666666,10010880
e98c9a22b8de,bdh,compose,30000,1,strong,"{""depth"": 6}",3,True,False,0,0.006000000000000001,0.004898979485566357,0.0,0.012,"[0.0, 0.012, 0.006]",0.0,0.012000000000000002,0.006000000000000001,0.006000000000000001,10010880
e98c9a22b8de,bdh,compose,30000,1,strong,"{""depth"": 8}",3,True,False,0,0.002,0.0,0.002,0.002,"[0.002, 0.002, 0.002]",0.002,0.002,0.002,0.002,10010880
e98c9a22b8de,bdh,compose,32500,1,strong,"{""depth"": 6}",3,True,False,0,0.008666666666666666,0.008055363982396382,0.002,0.02,"[0.002, 0.02, 0.004]",0.002,0.02,0.008666666666666666,0.008666666666666666,10010880
e98c9a22b8de,bdh,compose,32500,1,strong,"{""depth"": 8}",3,True,False,0,0.0006666666666666666,0.0009428090415820634,0.0,0.002,"[0.002, 0.0, 0.0]",0.0,0.002,0.0006666666666666666,0.0006666666666666666,10010880
e98c9a22b8de,bdh,compose,35000,1,strong,"{""depth"": 6}",3,True,False,0,0.006666666666666668,0.006599663291074444,0.002,0.016,"[0.002, 0.016, 0.002]",0.002,0.016,0.006666666666666668,0.006666666666666668,10010880
e98c9a22b8de,bdh,compose,35000,1,strong,"{""depth"": 8}",3,True,False,0,0.0013333333333333333,0.0009428090415820634,0.0,0.002,"[0.002, 0.002, 0.0]",0.0,0.002,0.0013333333333333333,0.0013333333333333333,10010880
e98c9a22b8de,bdh,compose,37500,1,strong,"{""depth"": 6}",3,True,False,0,0.006000000000000001,0.005656854249492381,0.002,0.014,"[0.002, 0.014, 0.002]",0.002,0.014,0.006000000000000001,0.006000000000000001,10010880
e98c9a22b8de,bdh,compose,37500,1,strong,"{""depth"": 8}",3,True,False,0,0.0013333333333333333,0.0009428090415820634,0.0,0.002,"[0.002, 0.002, 0.0]",0.0,0.002,0.0013333333333333333,0.0013333333333333333,10010880
e98c9a22b8de,bdh,compose,40000,1,strong,"{""depth"": 6}",3,True,False,0,0.006000000000000001,0.005656854249492381,0.002,0.014,"[0.002, 0.014, 0.002]",0.002,0.014,0.006000000000000001,0.006000000000000001,10010880
e98c9a22b8de,bdh,compose,40000,1,strong,"{""depth"": 8}",3,True,False,0,0.0013333333333333333,0.0009428090415820634,0.0,0.002,"[0.002, 0.002, 0.0]",0.0,0.002,0.0013333333333333333,0.0013333333333333333,10010880
e98c9a22b8de,bdh,compose,40000,2,strong,"{""depth"": 6}",3,True,False,0,0.006000000000000001,0.005656854249492381,0.002,0.014,"[0.002, 0.014, 0.002]",0.002,0.014,0.006000000000000001,0.006000000000000001,10010880
e98c9a22b8de,bdh,compose,40000,2,strong,"{""depth"": 8}",3,True,False,0,0.0013333333333333333,0.0009428090415820634,0.0,0.002,"[0.002, 0.002, 0.0]",0.0,0.002,0.0013333333333333333,0.0013333333333333333,10010880
e98c9a22b8de,bdh,compose,2500,4,strong,"{""depth"": 6}",3,True,False,0,0.0,0.0,0.0,0.0,"[0.0, 0.0, 0.0]",0.0,0.0,0.0,0.0,10010880
e98c9a22b8de,bdh,compose,2500,4,strong,"{""depth"": 8}",3,True,False,0,0.0,0.0,0.0,0.0,"[0.0, 0.0, 0.0]",0.0,0.0,0.0,0.0,10010880
e98c9a22b8de,bdh,compose,5000,4,strong,"{""depth"": 6}",3,True,False,0,0.0026666666666666666,0.0009428090415820634,0.002,0.004,"[0.002, 0.002, 0.004]",0.002,0.004,0.0026666666666666666,0.0026666666666666666,10010880
e98c9a22b8de,bdh,compose,5000,4,strong,"{""depth"": 8}",3,True,False,0,0.002,0.0,0.002,0.002,"[0.002, 0.002, 0.002]",0.002,0.002,0.002,0.002,10010880
e98c9a22b8de,bdh,compose,7500,4,strong,"{""depth"": 6}",3,True,False,0,0.0033333333333333335,0.0033993463423951896,0.0,0.008,"[0.008, 0.002, 0.0]",0.0,0.008,0.0033333333333333335,0.0033333333333333335,10010880
e98c9a22b8de,bdh,compose,7500,4,strong,"{""depth"": 8}",3,True,False,0,0.004,0.003265986323710904,0.0,0.008,"[0.004, 0.008, 0.0]",0.0,0.008,0.004,0.004,10010880
e98c9a22b8de,bdh,compose,10000,4,strong,"{""depth"": 6}",3,True,False,0,0.004,0.004320493798938574,0.0,0.01,"[0.01, 0.0, 0.002]",0.0,0.01,0.004,0.004,10010880
e98c9a22b8de,bdh,compose,10000,4,strong,"{""depth"": 8}",3,True,False,0,0.0033333333333333335,0.004714045207910317,0.0,0.01,"[0.0, 0.01, 0.0]",0.0,0.01,0.0033333333333333335,0.0033333333333333335,10010880
e98c9a22b8de,bdh,compose,12500,4,strong,"{""depth"": 6}",3,True,False,0,0.0033333333333333335,0.0024944382578492943,0.0,0.006,"[0.006, 0.004, 0.0]",0.0,0.006000000000000001,0.0033333333333333335,0.0033333333333333335,10010880
e98c9a22b8de,bdh,compose,12500,4,strong,"{""depth"": 8}",3,True,False,0,0.0033333333333333335,0.0024944382578492943,0.0,0.006,"[0.0, 0.006, 0.004]",0.0,0.006000000000000001,0.0033333333333333335,0.0033333333333333335,10010880
e98c9a22b8de,bdh,compose,15000,4,strong,"{""depth"": 6}",3,True,False,0,0.004,0.001632993161855452,0.002,0.006,"[0.002, 0.006, 0.004]",0.002,0.006000000000000001,0.004,0.004,10010880
e98c9a22b8de,bdh,compose,15000,4,strong,"{""depth"": 8}",3,True,False,0,0.0033333333333333335,0.004714045207910317,0.0,0.01,"[0.0, 0.01, 0.0]",0.0,0.01,0.0033333333333333335,0.0033333333333333335,10010880
e98c9a22b8de,bdh,compose,17500,4,strong,"{""depth"": 6}",3,True,False,0,0.008,0.0,0.008,0.008,"[0.008, 0.008, 0.008]",0.008,0.008,0.008,0.008,10010880
e98c9a22b8de,bdh,compose,17500,4,strong,"{""depth"": 8}",3,True,False,0,0.0013333333333333333,0.0009428090415820634,0.0,0.002,"[0.002, 0.0, 0.002]",0.0,0.002,0.0013333333333333333,0.0013333333333333333,10010880
e98c9a22b8de,bdh,compose,20000,4,strong,"{""depth"": 6}",3,True,False,0,0.006666666666666667,0.005734883511361751,0.0,0.014,"[0.0, 0.014, 0.006]",0.0,0.014,0.006666666666666667,0.006666666666666667,10010880
e98c9a22b8de,bdh,compose,20000,4,strong,"{""depth"": 8}",3,True,False,0,0.0006666666666666666,0.0009428090415820634,0.0,0.002,"[0.002, 0.0, 0.0]",0.0,0.002,0.0006666666666666666,0.0006666666666666666,10010880
e98c9a22b8de,bdh,compose,22500,4,strong,"{""depth"": 6}",3,True,False,0,0.006666666666666667,0.00339934634239519,0.002,0.01,"[0.002, 0.01, 0.008]",0.002,0.01,0.006666666666666667,0.006666666666666667,10010880
e98c9a22b8de,bdh,compose,22500,4,strong,"{""depth"": 8}",3,True,False,0,0.0006666666666666666,0.0009428090415820634,0.0,0.002,"[0.0, 0.002, 0.0]",0.0,0.002,0.0006666666666666666,0.0006666666666666666,10010880
e98c9a22b8de,bdh,compose,25000,4,strong,"{""depth"": 6}",3,True,False,0,0.007333333333333334,0.004714045207910317,0.004,0.014,"[0.004, 0.014, 0.004]",0.004,0.014,0.007333333333333334,0.007333333333333334,10010880
e98c9a22b8de,bdh,compose,25000,4,strong,"{""depth"": 8}",3,True,False,0,0.0013333333333333333,0.0018856180831641268,0.0,0.004,"[0.0, 0.004, 0.0]",0.0,0.004,0.0013333333333333333,0.0013333333333333333,10010880
e98c9a22b8de,bdh,compose,27500,4,strong,"{""depth"": 6}",3,True,False,0,0.007333333333333333,0.0009428090415820634,0.006,0.008,"[0.008, 0.008, 0.006]",0.006000000000000001,0.008,0.007333333333333333,0.007333333333333333,10010880
e98c9a22b8de,bdh,compose,27500,4,strong,"{""depth"": 8}",3,True,False,0,0.0006666666666666666,0.0009428090415820634,0.0,0.002,"[0.002, 0.0, 0.0]",0.0,0.002,0.0006666666666666666,0.0006666666666666666,10010880
e98c9a22b8de,bdh,compose,30000,4,strong,"{""depth"": 6}",3,True,False,0,0.006000000000000001,0.004898979485566357,0.0,0.012,"[0.0, 0.012, 0.006]",0.0,0.012000000000000002,0.006000000000000001,0.006000000000000001,10010880
e98c9a22b8de,bdh,compose,30000,4,strong,"{""depth"": 8}",3,True,False,0,0.002,0.0,0.002,0.002,"[0.002, 0.002, 0.002]",0.002,0.002,0.002,0.002,10010880
e98c9a22b8de,bdh,compose,32500,4,strong,"{""depth"": 6}",3,True,False,0,0.008666666666666666,0.008055363982396382,0.002,0.02,"[0.002, 0.02, 0.004]",0.002,0.02,0.008666666666666666,0.008666666666666666,10010880
e98c9a22b8de,bdh,compose,32500,4,strong,"{""depth"": 8}",3,True,False,0,0.0006666666666666666,0.0009428090415820634,0.0,0.002,"[0.002, 0.0, 0.0]",0.0,0.002,0.0006666666666666666,0.0006666666666666666,10010880
e98c9a22b8de,bdh,compose,35000,4,strong,"{""depth"": 6}",3,True,False,0,0.006666666666666668,0.006599663291074444,0.002,0.016,"[0.002, 0.016, 0.002]",0.002,0.016,0.006666666666666668,0.006666666666666668,10010880
e98c9a22b8de,bdh,compose,35000,4,strong,"{""depth"": 8}",3,True,False,0,0.0013333333333333333,0.0009428090415820634,0.0,0.002,"[0.002, 0.002, 0.0]",0.0,0.002,0.0013333333333333333,0.0013333333333333333,10010880
e98c9a22b8de,bdh,compose,37500,4,strong,"{""depth"": 6}",3,True,False,0,0.006000000000000001,0.005656854249492381,0.002,0.014,"[0.002, 0.014, 0.002]",0.002,0.014,0.006000000000000001,0.006000000000000001,10010880
e98c9a22b8de,bdh,compose,37500,4,strong,"{""depth"": 8}",3,True,False,0,0.0013333333333333333,0.0009428090415820634,0.0,0.002,"[0.002, 0.002, 0.0]",0.0,0.002,0.0013333333333333333,0.0013333333333333333,10010880
e98c9a22b8de,bdh,compose,40000,4,strong,"{""depth"": 6}",3,True,False,0,0.006000000000000001,0.005656854249492381,0.002,0.014,"[0.002, 0.014, 0.002]",0.002,0.014,0.006000000000000001,0.006000000000000001,10010880
e98c9a22b8de,bdh,compose,40000,4,strong,"{""depth"": 8}",3,True,False,0,0.0013333333333333333,0.0009428090415820634,0.0,0.002,"[0.002, 0.002, 0.0]",0.0,0.002,0.0013333333333333333,0.0013333333333333333,10010880
e98c9a22b8de,bdh,compose,40000,8,strong,"{""depth"": 6}",3,True,False,0,0.006000000000000001,0.005656854249492381,0.002,0.014,"[0.002, 0.014, 0.002]",0.002,0.014,0.006000000000000001,0.006000000000000001,10010880
e98c9a22b8de,bdh,compose,40000,8,strong,"{""depth"": 8}",3,True,False,0,0.0013333333333333333,0.0009428090415820634,0.0,0.002,"[0.002, 0.002, 0.0]",0.0,0.002,0.0013333333333333333,0.0013333333333333333,10010880
e98c9a22b8de,bdh,compose,2500,16,strong,"{""depth"": 6}",3,True,False,0,0.0,0.0,0.0,0.0,"[0.0, 0.0, 0.0]",0.0,0.0,0.0,0.0,10010880
e98c9a22b8de,bdh,compose,2500,16,strong,"{""depth"": 8}",3,True,False,0,0.0,0.0,0.0,0.0,"[0.0, 0.0, 0.0]",0.0,0.0,0.0,0.0,10010880
e98c9a22b8de,bdh,compose,5000,16,strong,"{""depth"": 6}",3,True,False,0,0.0026666666666666666,0.0009428090415820634,0.002,0.004,"[0.002, 0.002, 0.004]",0.002,0.004,0.0026666666666666666,0.0026666666666666666,10010880
e98c9a22b8de,bdh,compose,5000,16,strong,"{""depth"": 8}",3,True,False,0,0.002,0.0,0.002,0.002,"[0.002, 0.002, 0.002]",0.002,0.002,0.002,0.002,10010880
e98c9a22b8de,bdh,compose,7500,16,strong,"{""depth"": 6}",3,True,False,0,0.0033333333333333335,0.0033993463423951896,0.0,0.008,"[0.008, 0.002, 0.0]",0.0,0.008,0.0033333333333333335,0.0033333333333333335,10010880
e98c9a22b8de,bdh,compose,7500,16,strong,"{""depth"": 8}",3,True,False,0,0.004,0.003265986323710904,0.0,0.008,"[0.004, 0.008, 0.0]",0.0,0.008,0.004,0.004,10010880
e98c9a22b8de,bdh,compose,10000,16,strong,"{""depth"": 6}",3,True,False,0,0.004,0.004320493798938574,0.0,0.01,"[0.01, 0.0, 0.002]",0.0,0.01,0.004,0.004,10010880
e98c9a22b8de,bdh,compose,10000,16,strong,"{""depth"": 8}",3,True,False,0,0.0033333333333333335,0.004714045207910317,0.0,0.01,"[0.0, 0.01, 0.0]",0.0,0.01,0.0033333333333333335,0.0033333333333333335,10010880
e98c9a22b8de,bdh,compose,12500,16,strong,"{""depth"": 6}",3,True,False,0,0.0033333333333333335,0.0024944382578492943,0.0,0.006,"[0.006, 0.004, 0.0]",0.0,0.006000000000000001,0.0033333333333333335,0.0033333333333333335,10010880
e98c9a22b8de,bdh,compose,12500,16,strong,"{""depth"": 8}",3,True,False,0,0.0033333333333333335,0.0024944382578492943,0.0,0.006,"[0.0, 0.006, 0.004]",0.0,0.006000000000000001,0.0033333333333333335,0.0033333333333333335,10010880
e98c9a22b8de,bdh,compose,15000,16,strong,"{""depth"": 6}",3,True,False,0,0.004,0.001632993161855452,0.002,0.006,"[0.002, 0.006, 0.004]",0.002,0.006000000000000001,0.004,0.004,10010880
e98c9a22b8de,bdh,compose,15000,16,strong,"{""depth"": 8}",3,True,False,0,0.0033333333333333335,0.004714045207910317,0.0,0.01,"[0.0, 0.01, 0.0]",0.0,0.01,0.0033333333333333335,0.0033333333333333335,10010880
e98c9a22b8de,bdh,compose,17500,16,strong,"{""depth"": 6}",3,True,False,0,0.008,0.0,0.008,0.008,"[0.008, 0.008, 0.008]",0.008,0.008,0.008,0.008,10010880
e98c9a22b8de,bdh,compose,17500,16,strong,"{""depth"": 8}",3,True,False,0,0.0013333333333333333,0.0009428090415820634,0.0,0.002,"[0.002, 0.0, 0.002]",0.0,0.002,0.0013333333333333333,0.0013333333333333333,10010880
e98c9a22b8de,bdh,compose,20000,16,strong,"{""depth"": 6}",3,True,False,0,0.006666666666666667,0.005734883511361751,0.0,0.014,"[0.0, 0.014, 0.006]",0.0,0.014,0.006666666666666667,0.006666666666666667,10010880
e98c9a22b8de,bdh,compose,20000,16,strong,"{""depth"": 8}",3,True,False,0,0.0006666666666666666,0.0009428090415820634,0.0,0.002,"[0.002, 0.0, 0.0]",0.0,0.002,0.0006666666666666666,0.0006666666666666666,10010880
e98c9a22b8de,bdh,compose,22500,16,strong,"{""depth"": 6}",3,True,False,0,0.006666666666666667,0.00339934634239519,0.002,0.01,"[0.002, 0.01, 0.008]",0.002,0.01,0.006666666666666667,0.006666666666666667,10010880
e98c9a22b8de,bdh,compose,22500,16,strong,"{""depth"": 8}",3,True,False,0,0.0006666666666666666,0.0009428090415820634,0.0,0.002,"[0.0, 0.002, 0.0]",0.0,0.002,0.0006666666666666666,0.0006666666666666666,10010880
e98c9a22b8de,bdh,compose,25000,16,strong,"{""depth"": 6}",3,True,False,0,0.007333333333333334,0.004714045207910317,0.004,0.014,"[0.004, 0.014, 0.004]",0.004,0.014,0.007333333333333334,0.007333333333333334,10010880
e98c9a22b8de,bdh,compose,25000,16,strong,"{""depth"": 8}",3,True,False,0,0.0013333333333333333,0.0018856180831641268,0.0,0.004,"[0.0, 0.004, 0.0]",0.0,0.004,0.0013333333333333333,0.0013333333333333333,10010880
e98c9a22b8de,bdh,compose,27500,16,strong,"{""depth"": 6}",3,True,False,0,0.007333333333333333,0.0009428090415820634,0.006,0.008,"[0.008, 0.008, 0.006]",0.006000000000000001,0.008,0.007333333333333333,0.007333333333333333,10010880
e98c9a22b8de,bdh,compose,27500,16,strong,"{""depth"": 8}",3,True,False,0,0.0006666666666666666,0.0009428090415820634,0.0,0.002,"[0.002, 0.0, 0.0]",0.0,0.002,0.0006666666666666666,0.0006666666666666666,10010880
e98c9a22b8de,bdh,compose,30000,16,strong,"{""depth"": 6}",3,True,False,0,0.006000000000000001,0.004898979485566357,0.0,0.012,"[0.0, 0.012, 0.006]",0.0,0.012000000000000002,0.006000000000000001,0.006000000000000001,10010880
e98c9a22b8de,bdh,compose,30000,16,strong,"{""depth"": 8}",3,True,False,0,0.002,0.0,0.002,0.002,"[0.002, 0.002, 0.002]",0.002,0.002,0.002,0.002,10010880
e98c9a22b8de,bdh,compose,32500,16,strong,"{""depth"": 6}",3,True,False,0,0.008666666666666666,0.008055363982396382,0.002,0.02,"[0.002, 0.02, 0.004]",0.002,0.02,0.008666666666666666,0.008666666666666666,10010880
e98c9a22b8de,bdh,compose,32500,16,strong,"{""depth"": 8}",3,True,False,0,0.0006666666666666666,0.0009428090415820634,0.0,0.002,"[0.002, 0.0, 0.0]",0.0,0.002,0.0006666666666666666,0.0006666666666666666,10010880
e98c9a22b8de,bdh,compose,35000,16,strong,"{""depth"": 6}",3,True,False,0,0.006666666666666668,0.006599663291074444,0.002,0.016,"[0.002, 0.016, 0.002]",0.002,0.016,0.006666666666666668,0.006666666666666668,10010880
e98c9a22b8de,bdh,compose,35000,16,strong,"{""depth"": 8}",3,True,False,0,0.0013333333333333333,0.0009428090415820634,0.0,0.002,"[0.002, 0.002, 0.0]",0.0,0.002,0.0013333333333333333,0.0013333333333333333,10010880
e98c9a22b8de,bdh,compose,37500,16,strong,"{""depth"": 6}",3,True,False,0,0.006000000000000001,0.005656854249492381,0.002,0.014,"[0.002, 0.014, 0.002]",0.002,0.014,0.006000000000000001,0.006000000000000001,10010880
e98c9a22b8de,bdh,compose,37500,16,strong,"{""depth"": 8}",3,True,False,0,0.0013333333333333333,0.0009428090415820634,0.0,0.002,"[0.002, 0.002, 0.0]",0.0,0.002,0.0013333333333333333,0.0013333333333333333,10010880
e98c9a22b8de,bdh,compose,40000,16,strong,"{""depth"": 6}",3,True,False,0,0.006000000000000001,0.005656854249492381,0.002,0.014,"[0.002, 0.014, 0.002]",0.002,0.014,0.006000000000000001,0.006000000000000001,10010880
e98c9a22b8de,bdh,compose,40000,16,strong,"{""depth"": 8}",3,True,False,0,0.0013333333333333333,0.0009428090415820634,0.0,0.002,"[0.002, 0.002, 0.0]",0.0,0.002,0.0013333333333333333,0.0013333333333333333,10010880
e98c9a22b8de,bdh,compose,40000,32,strong,"{""depth"": 6}",3,True,False,0,0.006000000000000001,0.005656854249492381,0.002,0.014,"[0.002, 0.014, 0.002]",0.002,0.014,0.006000000000000001,0.006000000000000001,10010880
e98c9a22b8de,bdh,compose,40000,32,strong,"{""depth"": 8}",3,True,False,0,0.0013333333333333333,0.0009428090415820634,0.0,0.002,"[0.002, 0.002, 0.0]",0.0,0.002,0.0013333333333333333,0.0013333333333333333,10010880
0bd1b97babcc,bdh_cq,compose,2500,1,interp,"{""depth"": 1}",3,True,False,0,0.0,0.0,0.0,0.0,"[0.0, 0.0, 0.0]",0.0,0.0,0.0,0.0,10010880
0bd1b97babcc,bdh_cq,compose,2500,1,interp,"{""depth"": 2}",3,True,False,0,0.0,0.0,0.0,0.0,"[0.0, 0.0, 0.0]",0.0,0.0,0.0,0.0,10010880
0bd1b97babcc,bdh_cq,compose,5000,1,interp,"{""depth"": 1}",3,True,False,0,0.0013333333333333333,0.0018856180831641268,0.0,0.004,"[0.004, 0.0, 0.0]",0.0,0.004,0.0013333333333333333,0.0013333333333333333,10010880
0bd1b97babcc,bdh_cq,compose,5000,1,interp,"{""depth"": 2}",3,True,False,0,0.0006666666666666666,0.0009428090415820634,0.0,0.002,"[0.002, 0.0, 0.0]",0.0,0.002,0.0006666666666666666,0.0006666666666666666,10010880
0bd1b97babcc,bdh_cq,compose,7500,1,interp,"{""depth"": 1}",3,True,False,0,0.0,0.0,0.0,0.0,"[0.0, 0.0, 0.0]",0.0,0.0,0.0,0.0,10010880
0bd1b97babcc,bdh_cq,compose,7500,1,interp,"{""depth"": 2}",3,True,False,0,0.0,0.0,0.0,0.0,"[0.0, 0.0, 0.0]",0.0,0.0,0.0,0.0,10010880
0bd1b97babcc,bdh_cq,compose,10000,1,interp,"{""depth"": 1}",3,True,False,0,0.0013333333333333333,0.0009428090415820634,0.0,0.002,"[0.002, 0.0, 0.002]",0.0,0.002,0.0013333333333333333,0.0013333333333333333,10010880
0bd1b97babcc,bdh_cq,compose,10000,1,interp,"{""depth"": 2}",3,True,False,0,0.0013333333333333333,0.0018856180831641268,0.0,0.004,"[0.0, 0.0, 0.004]",0.0,0.004,0.0013333333333333333,0.0013333333333333333,10010880
0bd1b97babcc,bdh_cq,compose,12500,1,interp,"{""depth"": 1}",3,True,False,0,0.028666666666666663,0.0255255862921022,0.0,0.062,"[0.024, 0.0, 0.062]",0.0,0.062,0.028666666666666663,0.028666666666666663,10010880
0bd1b97babcc,bdh_cq,compose,12500,1,interp,"{""depth"": 2}",3,True,False,0,0.010666666666666666,0.007363574011458175,0.002,0.02,"[0.01, 0.002, 0.02]",0.002,0.02,0.010666666666666666,0.010666666666666666,10010880
0bd1b97babcc,bdh_cq,compose,15000,1,interp,"{""depth"": 1}",3,True,False,0,0.08600000000000001,0.053740115370177616,0.012,0.138,"[0.108, 0.012, 0.138]",0.012000000000000002,0.138,0.08600000000000001,0.08600000000000001,10010880
0bd1b97babcc,bdh_cq,compose,15000,1,interp,"{""depth"": 2}",3,True,False,0,0.052,0.02993325909419153,0.012,0.084,"[0.06, 0.012, 0.084]",0.012000000000000002,0.084,0.052,0.052,10010880
0bd1b97babcc,bdh_cq,compose,17500,1,interp,"{""depth"": 1}",3,True,False,0,0.10266666666666667,0.051441444596961136,0.03,0.142,"[0.136, 0.03, 0.142]",0.03,0.142,0.10266666666666667,0.10266666666666667,10010880
0bd1b97babcc,bdh_cq,compose,17500,1,interp,"{""depth"": 2}",3,True,False,0,0.06933333333333333,0.033717782977071446,0.022,0.098,"[0.088, 0.022, 0.098]",0.022000000000000002,0.09800000000000002,0.06933333333333333,0.06933333333333333,10010880
0bd1b97babcc,bdh_cq,compose,20000,1,interp,"{""depth"": 1}",3,True,False,0,0.14600000000000002,0.015577761927397233,0.124,0.158,"[0.156, 0.124, 0.158]",0.124,0.158,0.14600000000000002,0.14600000000000002,10010880
0bd1b97babcc,bdh_cq,compose,20000,1,interp,"{""depth"": 2}",3,True,False,0,0.09733333333333334,0.040672130780452384,0.04,0.13,"[0.122, 0.04, 0.13]",0.04,0.13,0.09733333333333334,0.09733333333333334,10010880
0bd1b97babcc,bdh_cq,compose,22500,1,interp,"{""depth"": 1}",3,True,False,0,0.134,0.009092121131323901,0.122,0.144,"[0.144, 0.136, 0.122]",0.122,0.144,0.134,0.134,10010880
0bd1b97babcc,bdh_cq,compose,22500,1,interp,"{""depth"": 2}",3,True,False,0,0.102,0.022090722034374524,0.074,0.128,"[0.128, 0.074, 0.104]",0.074,0.128,0.102,0.102,10010880
0bd1b97babcc,bdh_cq,compose,25000,1,interp,"{""depth"": 1}",3,True,False,0,0.126,0.01574801574802362,0.112,0.148,"[0.148, 0.118, 0.112]",0.112,0.148,0.126,0.126,10010880
0bd1b97babcc,bdh_cq,compose,25000,1,interp,"{""depth"": 2}",3,True,False,0,0.12466666666666666,0.01569146972791976,0.104,0.142,"[0.142, 0.104, 0.128]",0.104,0.142,0.12466666666666666,0.12466666666666666,10010880
0bd1b97babcc,bdh_cq,compose,27500,1,interp,"{""depth"": 1}",3,True,False,0,0.13466666666666668,0.01820866704499689,0.118,0.16,"[0.16, 0.118, 0.126]",0.118,0.16,0.13466666666666668,0.13466666666666668,10010880
0bd1b97babcc,bdh_cq,compose,27500,1,interp,"{""depth"": 2}",3,True,False,0,0.11866666666666666,0.011115554667022048,0.108,0.134,"[0.134, 0.114, 0.108]",0.108,0.134,0.11866666666666666,0.11866666666666666,10010880
0bd1b97babcc,bdh_cq,compose,30000,1,interp,"{""depth"": 1}",3,True,False,0,0.13733333333333334,0.023795424396766334,0.11,0.168,"[0.168, 0.11, 0.134]",0.11,0.168,0.13733333333333334,0.13733333333333334,10010880
0bd1b97babcc,bdh_cq,compose,30000,1,interp,"{""depth"": 2}",3,True,False,0,0.118,0.01925270543759153,0.098,0.144,"[0.144, 0.112, 0.098]",0.09800000000000002,0.144,0.118,0.118,10010880
0bd1b97babcc,bdh_cq,compose,32500,1,interp,"{""depth"": 1}",3,True,False,0,0.14133333333333334,0.019618585292749555,0.118,0.166,"[0.166, 0.118, 0.14]",0.118,0.166,0.14133333333333334,0.14133333333333334,10010880
0bd1b97babcc,bdh_cq,compose,32500,1,interp,"{""depth"": 2}",3,True,False,0,0.112,0.013366625103842282,0.098,0.13,"[0.13, 0.098, 0.108]",0.09800000000000002,0.13,0.112,0.112,10010880
0bd1b97babcc,bdh_cq,compose,35000,1,interp,"{""depth"": 1}",3,True,False,0,0.14600000000000002,0.01296148139681572,0.128,0.158,"[0.158, 0.128, 0.152]",0.128,0.158,0.14600000000000002,0.14600000000000002,10010880
0bd1b97babcc,bdh_cq,compose,35000,1,interp,"{""depth"": 2}",3,True,False,0,0.11666666666666665,0.008055363982396382,0.11,0.128,"[0.128, 0.112, 0.11]",0.11,0.128,0.11666666666666665,0.11666666666666665,10010880
0bd1b97babcc,bdh_cq,compose,37500,1,interp,"{""depth"": 1}",3,True,False,0,0.1466666666666667,0.018354533197248276,0.122,0.166,"[0.166, 0.122, 0.152]",0.122,0.166,0.1466666666666667,0.1466666666666667,10010880
0bd1b97babcc,bdh_cq,compose,37500,1,interp,"{""depth"": 2}",3,True,False,0,0.11199999999999999,0.008640987597877148,0.104,0.124,"[0.124, 0.108, 0.104]",0.104,0.124,0.11199999999999999,0.11199999999999999,10010880
0bd1b97babcc,bdh_cq,compose,40000,1,interp,"{""depth"": 1}",3,True,False,0,0.14733333333333334,0.016679994670929073,0.124,0.162,"[0.162, 0.124, 0.156]",0.124,0.162,0.14733333333333334,0.14733333333333334,10010880
0bd1b97babcc,bdh_cq,compose,40000,1,interp,"{""depth"": 2}",3,True,False,0,0.11466666666666665,0.009428090415820637,0.108,0.128,"[0.128, 0.108, 0.108]",0.108,0.128,0.11466666666666665,0.11466666666666665,10010880
0bd1b97babcc,bdh_cq,compose,40000,2,interp,"{""depth"": 1}",3,True,False,0,0.1446666666666667,0.013097921802925667,0.128,0.16,"[0.16, 0.128, 0.146]",0.128,0.16,0.1446666666666667,0.1446666666666667,10010880
0bd1b97babcc,bdh_cq,compose,40000,2,interp,"{""depth"": 2}",3,True,False,0,0.11466666666666665,0.011115554667022048,0.104,0.13,"[0.13, 0.104, 0.11]",0.104,0.13,0.11466666666666665,0.11466666666666665,10010880
0bd1b97babcc,bdh_cq,compose,2500,4,interp,"{""depth"": 1}",3,True,False,0,0.0,0.0,0.0,0.0,"[0.0, 0.0, 0.0]",0.0,0.0,0.0,0.0,10010880
0bd1b97babcc,bdh_cq,compose,2500,4,interp,"{""depth"": 2}",3,True,False,0,0.0,0.0,0.0,0.0,"[0.0, 0.0, 0.0]",0.0,0.0,0.0,0.0,10010880
0bd1b97babcc,bdh_cq,compose,5000,4,interp,"{""depth"": 1}",3,True,False,0,0.0013333333333333333,0.0018856180831641268,0.0,0.004,"[0.004, 0.0, 0.0]",0.0,0.004,0.0013333333333333333,0.0013333333333333333,10010880
0bd1b97babcc,bdh_cq,compose,5000,4,interp,"{""depth"": 2}",3,True,False,0,0.0026666666666666666,0.0009428090415820634,0.002,0.004,"[0.002, 0.002, 0.004]",0.002,0.004,0.0026666666666666666,0.0026666666666666666,10010880
0bd1b97babcc,bdh_cq,compose,7500,4,interp,"{""depth"": 1}",3,True,False,0,0.0,0.0,0.0,0.0,"[0.0, 0.0, 0.0]",0.0,0.0,0.0,0.0,10010880
0bd1b97babcc,bdh_cq,compose,7500,4,interp,"{""depth"": 2}",3,True,False,0,0.0,0.0,0.0,0.0,"[0.0, 0.0, 0.0]",0.0,0.0,0.0,0.0,10010880
0bd1b97babcc,bdh_cq,compose,10000,4,interp,"{""depth"": 1}",3,True,False,0,0.0013333333333333333,0.0018856180831641268,0.0,0.004,"[0.004, 0.0, 0.0]",0.0,0.004,0.0013333333333333333,0.0013333333333333333,10010880
0bd1b97babcc,bdh_cq,compose,10000,4,interp,"{""depth"": 2}",3,True,False,0,0.0013333333333333333,0.0018856180831641268,0.0,0.004,"[0.0, 0.0, 0.004]",0.0,0.004,0.0013333333333333333,0.0013333333333333333,10010880
0bd1b97babcc,bdh_cq,compose,12500,4,interp,"{""depth"": 1}",3,True,False,0,0.016666666666666666,0.013199326582148887,0.002,0.034,"[0.014, 0.002, 0.034]",0.002,0.034,0.016666666666666666,0.016666666666666666,10010880
0bd1b97babcc,bdh_cq,compose,12500,4,interp,"{""depth"": 2}",3,True,False,0,0.009333333333333334,0.005249338582674541,0.002,0.014,"[0.012, 0.002, 0.014]",0.002,0.014,0.009333333333333334,0.009333333333333334,10010880
0bd1b97babcc,bdh_cq,compose,15000,4,interp,"{""depth"": 1}",3,True,False,0,0.08333333333333333,0.0571858568373529,0.012,0.152,"[0.086, 0.012, 0.152]",0.012000000000000002,0.152,0.08333333333333333,0.08333333333333333,10010880
0bd1b97babcc,bdh_cq,compose,15000,4,interp,"{""depth"": 2}",3,True,False,0,0.04133333333333333,0.01934482417139588,0.014,0.056,"[0.054, 0.014, 0.056]",0.014,0.056,0.04133333333333333,0.04133333333333333,10010880
0bd1b97babcc,bdh_cq,compose,17500,4,interp,"{""depth"": 1}",3,True,False,0,0.09933333333333333,0.054780369557797706,0.022,0.142,"[0.142, 0.022, 0.134]",0.022000000000000002,0.142,0.09933333333333333,0.09933333333333333,10010880
0bd1b97babcc,bdh_cq,compose,17500,4,interp,"{""depth"": 2}",3,True,False,0,0.06466666666666666,0.031846855766656496,0.02,0.092,"[0.082, 0.02, 0.092]",0.02,0.09200000000000001,0.06466666666666666,0.06466666666666666,10010880
0bd1b97babcc,bdh_cq,compose,20000,4,interp,"{""depth"": 1}",3,True,False,0,0.14533333333333334,0.019482185594936613,0.118,0.162,"[0.156, 0.118, 0.162]",0.118,0.162,0.14533333333333334,0.14533333333333334,10010880
0bd1b97babcc,bdh_cq,compose,20000,4,interp,"{""depth"": 2}",3,True,False,0,0.09800000000000002,0.04102032016777376,0.04,0.128,"[0.126, 0.04, 0.128]",0.04,0.128,0.09800000000000002,0.09800000000000002,10010880
0bd1b97babcc,bdh_cq,compose,22500,4,interp,"{""depth"": 1}",3,True,False,0,0.13133333333333333,0.010370899457402693,0.124,0.146,"[0.146, 0.124, 0.124]",0.124,0.146,0.13133333333333333,0.13133333333333333,10010880
0bd1b97babcc,bdh_cq,compose,22500,4,interp,"{""depth"": 2}",3,True,False,0,0.106,0.018832595855767378,0.08,0.124,"[0.124, 0.08, 0.114]",0.08,0.124,0.106,0.106,10010880
0bd1b97babcc,bdh_cq,compose,25000,4,interp,"{""depth"": 1}",3,True,False,0,0.1366666666666667,0.014267289706021797,0.122,0.156,"[0.156, 0.132, 0.122]",0.122,0.156,0.1366666666666667,0.1366666666666667,10010880
0bd1b97babcc,bdh_cq,compose,25000,4,interp,"{""depth"": 2}",3,True,False,0,0.12466666666666666,0.011585431464655183,0.112,0.14,"[0.14, 0.112, 0.122]",0.112,0.14,0.12466666666666666,0.12466666666666666,10010880
0bd1b97babcc,bdh_cq,compose,27500,4,interp,"{""depth"": 1}",3,True,False,0,0.13133333333333333,0.023795424396766334,0.108,0.164,"[0.164, 0.108, 0.122]",0.108,0.164,0.13133333333333333,0.13133333333333333,10010880
0bd1b97babcc,bdh_cq,compose,27500,4,interp,"{""depth"": 2}",3,True,False,0,0.12133333333333333,0.012036980056845196,0.11,0.138,"[0.138, 0.116, 0.11]",0.11,0.138,0.12133333333333333,0.12133333333333333,10010880
0bd1b97babcc,bdh_cq,compose,30000,4,interp,"{""depth"": 1}",3,True,False,0,0.14133333333333334,0.021249836600678973,0.116,0.168,"[0.168, 0.116, 0.14]",0.116,0.168,0.14133333333333334,0.14133333333333334,10010880
0bd1b97babcc,bdh_cq,compose,30000,4,interp,"{""depth"": 2}",3,True,False,0,0.12,0.01925270543759153,0.1,0.146,"[0.146, 0.114, 0.1]",0.10000000000000002,0.146,0.12,0.12,10010880
0bd1b97babcc,bdh_cq,compose,32500,4,interp,"{""depth"": 1}",3,True,False,0,0.1446666666666667,0.01586050300449376,0.128,0.166,"[0.166, 0.128, 0.14]",0.128,0.166,0.1446666666666667,0.1446666666666667,10010880
0bd1b97babcc,bdh_cq,compose,32500,4,interp,"{""depth"": 2}",3,True,False,0,0.11133333333333333,0.014636332266733436,0.1,0.132,"[0.132, 0.102, 0.1]",0.10000000000000002,0.132,0.11133333333333333,0.11133333333333333,10010880
0bd1b97babcc,bdh_cq,compose,35000,4,interp,"{""depth"": 1}",3,True,False,0,0.1366666666666667,0.02456736769691771,0.108,0.168,"[0.168, 0.108, 0.134]",0.108,0.168,0.1366666666666667,0.1366666666666667,10010880
0bd1b97babcc,bdh_cq,compose,35000,4,interp,"{""depth"": 2}",3,True,False,0,0.11733333333333333,0.013097921802925672,0.102,0.134,"[0.134, 0.116, 0.102]",0.102,0.134,0.11733333333333333,0.11733333333333333,10010880
0bd1b97babcc,bdh_cq,compose,37500,4,interp,"{""depth"": 1}",3,True,False,0,0.14200000000000002,0.01925270543759154,0.122,0.168,"[0.168, 0.122, 0.136]",0.122,0.168,0.14200000000000002,0.14200000000000002,10010880
0bd1b97babcc,bdh_cq,compose,37500,4,interp,"{""depth"": 2}",3,True,False,0,0.11333333333333333,0.016679994670929073,0.09,0.128,"[0.128, 0.122, 0.09]",0.09000000000000001,0.128,0.11333333333333333,0.11333333333333333,10010880
0bd1b97babcc,bdh_cq,compose,40000,4,interp,"{""depth"": 1}",3,True,False,0,0.14333333333333334,0.018926759422104526,0.122,0.168,"[0.168, 0.122, 0.14]",0.122,0.168,0.14333333333333334,0.14333333333333334,10010880
0bd1b97babcc,bdh_cq,compose,40000,4,interp,"{""depth"": 2}",3,True,False,0,0.11599999999999999,0.010198039027185574,0.102,0.126,"[0.126, 0.12, 0.102]",0.102,0.126,0.11599999999999999,0.11599999999999999,10010880
0bd1b97babcc,bdh_cq,compose,40000,8,interp,"{""depth"": 1}",3,True,False,0,0.122,0.02122891110412088,0.092,0.138,"[0.136, 0.092, 0.138]",0.09200000000000001,0.138,0.122,0.122,10010880
0bd1b97babcc,bdh_cq,compose,40000,8,interp,"{""depth"": 2}",3,True,False,0,0.11533333333333333,0.019482185594936603,0.096,0.142,"[0.142, 0.108, 0.096]",0.09600000000000002,0.142,0.11533333333333333,0.11533333333333333,10010880
0bd1b97babcc,bdh_cq,compose,2500,16,interp,"{""depth"": 1}",3,True,False,0,0.0,0.0,0.0,0.0,"[0.0, 0.0, 0.0]",0.0,0.0,0.0,0.0,10010880
0bd1b97babcc,bdh_cq,compose,2500,16,interp,"{""depth"": 2}",3,True,False,0,0.0,0.0,0.0,0.0,"[0.0, 0.0, 0.0]",0.0,0.0,0.0,0.0,10010880
0bd1b97babcc,bdh_cq,compose,5000,16,interp,"{""depth"": 1}",3,True,False,0,0.0013333333333333333,0.0018856180831641268,0.0,0.004,"[0.004, 0.0, 0.0]",0.0,0.004,0.0013333333333333333,0.0013333333333333333,10010880
0bd1b97babcc,bdh_cq,compose,5000,16,interp,"{""depth"": 2}",3,True,False,0,0.0026666666666666666,0.0009428090415820634,0.002,0.004,"[0.002, 0.002, 0.004]",0.002,0.004,0.0026666666666666666,0.0026666666666666666,10010880
0bd1b97babcc,bdh_cq,compose,7500,16,interp,"{""depth"": 1}",3,True,False,0,0.0,0.0,0.0,0.0,"[0.0, 0.0, 0.0]",0.0,0.0,0.0,0.0,10010880
0bd1b97babcc,bdh_cq,compose,7500,16,interp,"{""depth"": 2}",3,True,False,0,0.0,0.0,0.0,0.0,"[0.0, 0.0, 0.0]",0.0,0.0,0.0,0.0,10010880
0bd1b97babcc,bdh_cq,compose,10000,16,interp,"{""depth"": 1}",3,True,False,0,0.0006666666666666666,0.0009428090415820634,0.0,0.002,"[0.002, 0.0, 0.0]",0.0,0.002,0.0006666666666666666,0.0006666666666666666,10010880
0bd1b97babcc,bdh_cq,compose,10000,16,interp,"{""depth"": 2}",3,True,False,0,0.0006666666666666666,0.0009428090415820634,0.0,0.002,"[0.0, 0.0, 0.002]",0.0,0.002,0.0006666666666666666,0.0006666666666666666,10010880
0bd1b97babcc,bdh_cq,compose,12500,16,interp,"{""depth"": 1}",3,True,False,0,0.0006666666666666666,0.0009428090415820634,0.0,0.002,"[0.002, 0.0, 0.0]",0.0,0.002,0.0006666666666666666,0.0006666666666666666,10010880
0bd1b97babcc,bdh_cq,compose,12500,16,interp,"{""depth"": 2}",3,True,False,0,0.0,0.0,0.0,0.0,"[0.0, 0.0, 0.0]",0.0,0.0,0.0,0.0,10010880
0bd1b97babcc,bdh_cq,compose,15000,16,interp,"{""depth"": 1}",3,True,False,0,0.005333333333333333,0.00339934634239519,0.002,0.01,"[0.004, 0.002, 0.01]",0.002,0.01,0.005333333333333333,0.005333333333333333,10010880
0bd1b97babcc,bdh_cq,compose,15000,16,interp,"{""depth"": 2}",3,True,False,0,0.005333333333333333,0.004109609335312651,0.0,0.01,"[0.006, 0.0, 0.01]",0.0,0.01,0.005333333333333333,0.005333333333333333,10010880
0bd1b97babcc,bdh_cq,compose,17500,16,interp,"{""depth"": 1}",3,True,False,0,0.023333333333333334,0.0154344492037203,0.002,0.038,"[0.03, 0.002, 0.038]",0.002,0.038,0.023333333333333334,0.023333333333333334,10010880
0bd1b97babcc,bdh_cq,compose,17500,16,interp,"{""depth"": 2}",3,True,False,0,0.014666666666666666,0.009285592184789413,0.002,0.024,"[0.018, 0.002, 0.024]",0.002,0.024000000000000004,0.014666666666666666,0.014666666666666666,10010880
0bd1b97babcc,bdh_cq,compose,20000,16,interp,"{""depth"": 1}",3,True,False,0,0.03266666666666667,0.019618585292749548,0.008,0.056,"[0.034, 0.008, 0.056]",0.008,0.056,0.03266666666666667,0.03266666666666667,10010880
0bd1b97babcc,bdh_cq,compose,20000,16,interp,"{""depth"": 2}",3,True,False,0,0.029333333333333333,0.016438437341250604,0.008,0.048,"[0.048, 0.008, 0.032]",0.008,0.04800000000000001,0.029333333333333333,0.029333333333333333,10010880
0bd1b97babcc,bdh_cq,compose,22500,16,interp,"{""depth"": 1}",3,True,False,0,0.051333333333333335,0.033875589375766665,0.014,0.096,"[0.044, 0.014, 0.096]",0.014,0.09600000000000002,0.051333333333333335,0.051333333333333335,10010880
0bd1b97babcc,bdh_cq,compose,22500,16,interp,"{""depth"": 2}",3,True,False,0,0.057333333333333326,0.03271425105702745,0.012,0.088,"[0.072, 0.012, 0.088]",0.012000000000000002,0.08800000000000001,0.057333333333333326,0.057333333333333326,10010880
0bd1b97babcc,bdh_cq,compose,25000,16,interp,"{""depth"": 1}",3,True,False,0,0.055333333333333325,0.03974362282877034,0.012,0.108,"[0.046, 0.012, 0.108]",0.012000000000000002,0.108,0.055333333333333325,0.055333333333333325,10010880
0bd1b97babcc,bdh_cq,compose,25000,16,interp,"{""depth"": 2}",3,True,False,0,0.072,0.0283313724811677,0.032,0.094,"[0.09, 0.032, 0.094]",0.032,0.09400000000000001,0.072,0.072,10010880
0bd1b97babcc,bdh_cq,compose,27500,16,interp,"{""depth"": 1}",3,True,False,0,0.07466666666666667,0.045294100670568084,0.028,0.136,"[0.06, 0.028, 0.136]",0.028,0.136,0.07466666666666667,0.07466666666666667,10010880
0bd1b97babcc,bdh_cq,compose,27500,16,interp,"{""depth"": 2}",3,True,False,0,0.07266666666666667,0.025368396787253934,0.038,0.098,"[0.098, 0.038, 0.082]",0.038,0.09800000000000002,0.07266666666666667,0.07266666666666667,10010880
0bd1b97babcc,bdh_cq,compose,30000,16,interp,"{""depth"": 1}",3,True,False,0,0.07200000000000001,0.04445222154178574,0.032,0.134,"[0.05, 0.032, 0.134]",0.032,0.134,0.07200000000000001,0.07200000000000001,10010880
0bd1b97babcc,bdh_cq,compose,30000,16,interp,"{""depth"": 2}",3,True,False,0,0.07933333333333333,0.013695092389449423,0.06,0.09,"[0.088, 0.06, 0.09]",0.06,0.09000000000000001,0.07933333333333333,0.07933333333333333,10010880
0bd1b97babcc,bdh_cq,compose,32500,16,interp,"{""depth"": 1}",3,True,False,0,0.06866666666666667,0.042593687586568764,0.024,0.126,"[0.056, 0.024, 0.126]",0.024000000000000004,0.126,0.06866666666666667,0.06866666666666667,10010880
0bd1b97babcc,bdh_cq,compose,32500,16,interp,"{""depth"": 2}",3,True,False,0,0.08933333333333333,0.020548046676563257,0.066,0.116,"[0.116, 0.066, 0.086]",0.066,0.116,0.08933333333333333,0.08933333333333333,10010880
0bd1b97babcc,bdh_cq,compose,35000,16,interp,"{""depth"": 1}",3,True,False,0,0.06733333333333334,0.04668571040003092,0.018,0.13,"[0.054, 0.018, 0.13]",0.018,0.13,0.06733333333333334,0.06733333333333334,10010880
0bd1b97babcc,bdh_cq,compose,35000,16,interp,"{""depth"": 2}",3,True,False,0,0.09333333333333332,0.023626726862225802,0.06,0.112,"[0.108, 0.06, 0.112]",0.06,0.112,0.09333333333333332,0.09333333333333332,10010880
0bd1b97babcc,bdh_cq,compose,37500,16,interp,"{""depth"": 1}",3,True,False,0,0.06466666666666666,0.051905897759524616,0.014,0.136,"[0.044, 0.014, 0.136]",0.014,0.136,0.06466666666666666,0.06466666666666666,10010880
0bd1b97babcc,bdh_cq,compose,37500,16,interp,"{""depth"": 2}",3,True,False,0,0.09333333333333332,0.022881336402307353,0.062,0.116,"[0.116, 0.062, 0.102]",0.062,0.116,0.09333333333333332,0.09333333333333332,10010880
0bd1b97babcc,bdh_cq,compose,40000,16,interp,"{""depth"": 1}",3,True,False,0,0.06533333333333334,0.051648383861990846,0.014,0.136,"[0.046, 0.014, 0.136]",0.014,0.136,0.06533333333333334,0.06533333333333334,10010880
0bd1b97babcc,bdh_cq,compose,40000,16,interp,"{""depth"": 2}",3,True,False,0,0.09200000000000001,0.018832595855767378,0.066,0.11,"[0.11, 0.066, 0.1]",0.066,0.11,0.09200000000000001,0.09200000000000001,10010880
0bd1b97babcc,bdh_cq,compose,40000,32,interp,"{""depth"": 1}",3,True,False,0,0.002,0.00282842712474619,0.0,0.006,"[0.0, 0.0, 0.006]",0.0,0.006000000000000001,0.002,0.002,10010880
0bd1b97babcc,bdh_cq,compose,40000,32,interp,"{""depth"": 2}",3,True,False,0,0.0033333333333333335,0.0009428090415820634,0.002,0.004,"[0.004, 0.002, 0.004]",0.002,0.004,0.0033333333333333335,0.0033333333333333335,10010880
0bd1b97babcc,bdh_cq,compose,2500,1,mild,"{""depth"": 3}",3,True,False,0,0.0006666666666666666,0.0009428090415820634,0.0,0.002,"[0.002, 0.0, 0.0]",0.0,0.002,0.0006666666666666666,0.0006666666666666666,10010880
0bd1b97babcc,bdh_cq,compose,2500,1,mild,"{""depth"": 4}",3,True,False,0,0.0,0.0,0.0,0.0,"[0.0, 0.0, 0.0]",0.0,0.0,0.0,0.0,10010880
0bd1b97babcc,bdh_cq,compose,5000,1,mild,"{""depth"": 3}",3,True,False,0,0.0006666666666666666,0.0009428090415820634,0.0,0.002,"[0.002, 0.0, 0.0]",0.0,0.002,0.0006666666666666666,0.0006666666666666666,10010880
0bd1b97babcc,bdh_cq,compose,5000,1,mild,"{""depth"": 4}",3,True,False,0,0.0,0.0,0.0,0.0,"[0.0, 0.0, 0.0]",0.0,0.0,0.0,0.0,10010880
0bd1b97babcc,bdh_cq,compose,7500,1,mild,"{""depth"": 3}",3,True,False,0,0.0,0.0,0.0,0.0,"[0.0, 0.0, 0.0]",0.0,0.0,0.0,0.0,10010880
0bd1b97babcc,bdh_cq,compose,7500,1,mild,"{""depth"": 4}",3,True,False,0,0.0006666666666666666,0.0009428090415820634,0.0,0.002,"[0.002, 0.0, 0.0]",0.0,0.002,0.0006666666666666666,0.0006666666666666666,10010880
0bd1b97babcc,bdh_cq,compose,10000,1,mild,"{""depth"": 3}",3,True,False,0,0.0013333333333333333,0.0018856180831641268,0.0,0.004,"[0.0, 0.0, 0.004]",0.0,0.004,0.0013333333333333333,0.0013333333333333333,10010880
0bd1b97babcc,bdh_cq,compose,10000,1,mild,"{""depth"": 4}",3,True,False,0,0.0013333333333333333,0.0018856180831641268,0.0,0.004,"[0.0, 0.0, 0.004]",0.0,0.004,0.0013333333333333333,0.0013333333333333333,10010880
0bd1b97babcc,bdh_cq,compose,12500,1,mild,"{""depth"": 3}",3,True,False,0,0.004,0.004320493798938573,0.0,0.01,"[0.002, 0.0, 0.01]",0.0,0.01,0.004,0.004,10010880
0bd1b97babcc,bdh_cq,compose,12500,1,mild,"{""depth"": 4}",3,True,False,0,0.0026666666666666666,0.0009428090415820634,0.002,0.004,"[0.004, 0.002, 0.002]",0.002,0.004,0.0026666666666666666,0.0026666666666666666,10010880
0bd1b97babcc,bdh_cq,compose,15000,1,mild,"{""depth"": 3}",3,True,False,0,0.01933333333333333,0.01247219128924647,0.006,0.036,"[0.016, 0.006, 0.036]",0.006000000000000001,0.036,0.01933333333333333,0.01933333333333333,10010880
0bd1b97babcc,bdh_cq,compose,15000,1,mild,"{""depth"": 4}",3,True,False,0,0.014,0.009092121131323903,0.002,0.024,"[0.024, 0.002, 0.016]",0.002,0.024000000000000004,0.014,0.014,10010880
0bd1b97babcc,bdh_cq,compose,17500,1,mild,"{""depth"": 3}",3,True,False,0,0.036,0.017962924780409974,0.014,0.058,"[0.036, 0.014, 0.058]",0.014,0.058,0.036,0.036,10010880
0bd1b97babcc,bdh_cq,compose,17500,1,mild,"{""depth"": 4}",3,True,False,0,0.016,0.00848528137423857,0.004,0.022,"[0.022, 0.004, 0.022]",0.004,0.022000000000000002,0.016,0.016,10010880
0bd1b97babcc,bdh_cq,compose,20000,1,mild,"{""depth"": 3}",3,True,False,0,0.064,0.022686266036231407,0.032,0.082,"[0.082, 0.032, 0.078]",0.032,0.082,0.064,0.064,10010880
0bd1b97babcc,bdh_cq,compose,20000,1,mild,"{""depth"": 4}",3,True,False,0,0.023999999999999997,0.007483314773547883,0.014,0.032,"[0.032, 0.014, 0.026]",0.014,0.032,0.023999999999999997,0.023999999999999997,10010880
0bd1b97babcc,bdh_cq,compose,22500,1,mild,"{""depth"": 3}",3,True,False,0,0.08066666666666666,0.014079141387961918,0.062,0.096,"[0.096, 0.062, 0.084]",0.062,0.09600000000000002,0.08066666666666666,0.08066666666666666,10010880
0bd1b97babcc,bdh_cq,compose,22500,1,mild,"{""depth"": 4}",3,True,False,0,0.044000000000000004,0.015577761927397233,0.032,0.066,"[0.066, 0.034, 0.032]",0.032,0.066,0.044000000000000004,0.044000000000000004,10010880
0bd1b97babcc,bdh_cq,compose,25000,1,mild,"{""depth"": 3}",3,True,False,0,0.09066666666666667,0.014079141387961918,0.072,0.106,"[0.106, 0.072, 0.094]",0.072,0.106,0.09066666666666667,0.09066666666666667,10010880
0bd1b97babcc,bdh_cq,compose,25000,1,mild,"{""depth"": 4}",3,True,False,0,0.04533333333333333,0.02583709650010147,0.018,0.08,"[0.08, 0.038, 0.018]",0.018,0.08,0.04533333333333333,0.04533333333333333,10010880
0bd1b97babcc,bdh_cq,compose,27500,1,mild,"{""depth"": 3}",3,True,False,0,0.09199999999999998,0.016970562748477136,0.068,0.104,"[0.104, 0.068, 0.104]",0.068,0.104,0.09199999999999998,0.09199999999999998,10010880
0bd1b97babcc,bdh_cq,compose,27500,1,mild,"{""depth"": 4}",3,True,False,0,0.04,0.024055491403558286,0.022,0.074,"[0.074, 0.024, 0.022]",0.022000000000000002,0.074,0.04,0.04,10010880
0bd1b97babcc,bdh_cq,compose,30000,1,mild,"{""depth"": 3}",3,True,False,0,0.09266666666666667,0.005249338582674546,0.088,0.1,"[0.1, 0.09, 0.088]",0.08800000000000001,0.10000000000000002,0.09266666666666667,0.09266666666666667,10010880
0bd1b97babcc,bdh_cq,compose,30000,1,mild,"{""depth"": 4}",3,True,False,0,0.042666666666666665,0.026449112566503168,0.022,0.08,"[0.08, 0.026, 0.022]",0.022000000000000002,0.08,0.042666666666666665,0.042666666666666665,10010880
0bd1b97babcc,bdh_cq,compose,32500,1,mild,"{""depth"": 3}",3,True,False,0,0.09933333333333334,0.02041785710815141,0.074,0.124,"[0.124, 0.074, 0.1]",0.074,0.124,0.09933333333333334,0.09933333333333334,10010880
0bd1b97babcc,bdh_cq,compose,32500,1,mild,"{""depth"": 4}",3,True,False,0,0.04066666666666666,0.03503648891592243,0.012,0.09,"[0.09, 0.02, 0.012]",0.012000000000000002,0.09000000000000001,0.04066666666666666,0.04066666666666666,10010880
0bd1b97babcc,bdh_cq,compose,35000,1,mild,"{""depth"": 3}",3,True,False,0,0.10133333333333333,0.018208667044996883,0.076,0.118,"[0.118, 0.076, 0.11]",0.076,0.118,0.10133333333333333,0.10133333333333333,10010880
0bd1b97babcc,bdh_cq,compose,35000,1,mild,"{""depth"": 4}",3,True,False,0,0.047999999999999994,0.03826225293941798,0.018,0.102,"[0.102, 0.024, 0.018]",0.018,0.102,0.047999999999999994,0.047999999999999994,10010880
0bd1b97babcc,bdh_cq,compose,37500,1,mild,"{""depth"": 3}",3,True,False,0,0.10066666666666667,0.020286832072937255,0.072,0.116,"[0.116, 0.072, 0.114]",0.072,0.116,0.10066666666666667,0.10066666666666667,10010880
0bd1b97babcc,bdh_cq,compose,37500,1,mild,"{""depth"": 4}",3,True,False,0,0.04666666666666667,0.029948103260288267,0.018,0.088,"[0.088, 0.018, 0.034]",0.018,0.08800000000000001,0.04666666666666667,0.04666666666666667,10010880
0bd1b97babcc,bdh_cq,compose,40000,1,mild,"{""depth"": 3}",3,True,False,0,0.10266666666666667,0.017461067804945062,0.078,0.116,"[0.116, 0.078, 0.114]",0.078,0.116,0.10266666666666667,0.10266666666666667,10010880
0bd1b97babcc,bdh_cq,compose,40000,1,mild,"{""depth"": 4}",3,True,False,0,0.047999999999999994,0.027856776554368235,0.02,0.086,"[0.086, 0.02, 0.038]",0.02,0.08600000000000001,0.047999999999999994,0.047999999999999994,10010880
0bd1b97babcc,bdh_cq,compose,40000,2,mild,"{""depth"": 3}",3,True,False,0,0.09000000000000001,0.02513961017995307,0.056,0.116,"[0.116, 0.056, 0.098]",0.056,0.116,0.09000000000000001,0.09000000000000001,10010880
0bd1b97babcc,bdh_cq,compose,40000,2,mild,"{""depth"": 4}",3,True,False,0,0.04733333333333333,0.029044027881055947,0.016,0.086,"[0.086, 0.016, 0.04]",0.016,0.08600000000000001,0.04733333333333333,0.04733333333333333,10010880
0bd1b97babcc,bdh_cq,compose,2500,4,mild,"{""depth"": 3}",3,True,False,0,0.0006666666666666666,0.0009428090415820634,0.0,0.002,"[0.002, 0.0, 0.0]",0.0,0.002,0.0006666666666666666,0.0006666666666666666,10010880
0bd1b97babcc,bdh_cq,compose,2500,4,mild,"{""depth"": 4}",3,True,False,0,0.0,0.0,0.0,0.0,"[0.0, 0.0, 0.0]",0.0,0.0,0.0,0.0,10010880
0bd1b97babcc,bdh_cq,compose,5000,4,mild,"{""depth"": 3}",3,True,False,0,0.0006666666666666666,0.0009428090415820634,0.0,0.002,"[0.002, 0.0, 0.0]",0.0,0.002,0.0006666666666666666,0.0006666666666666666,10010880
0bd1b97babcc,bdh_cq,compose,5000,4,mild,"{""depth"": 4}",3,True,False,0,0.0013333333333333333,0.0018856180831641268,0.0,0.004,"[0.0, 0.0, 0.004]",0.0,0.004,0.0013333333333333333,0.0013333333333333333,10010880
0bd1b97babcc,bdh_cq,compose,7500,4,mild,"{""depth"": 3}",3,True,False,0,0.0006666666666666666,0.0009428090415820634,0.0,0.002,"[0.0, 0.0, 0.002]",0.0,0.002,0.0006666666666666666,0.0006666666666666666,10010880
0bd1b97babcc,bdh_cq,compose,7500,4,mild,"{""depth"": 4}",3,True,False,0,0.0006666666666666666,0.0009428090415820634,0.0,0.002,"[0.002, 0.0, 0.0]",0.0,0.002,0.0006666666666666666,0.0006666666666666666,10010880
0bd1b97babcc,bdh_cq,compose,10000,4,mild,"{""depth"": 3}",3,True,False,0,0.0013333333333333333,0.0018856180831641268,0.0,0.004,"[0.0, 0.0, 0.004]",0.0,0.004,0.0013333333333333333,0.0013333333333333333,10010880
0bd1b97babcc,bdh_cq,compose,10000,4,mild,"{""depth"": 4}",3,True,False,0,0.0006666666666666666,0.0009428090415820634,0.0,0.002,"[0.0, 0.0, 0.002]",0.0,0.002,0.0006666666666666666,0.0006666666666666666,10010880
0bd1b97babcc,bdh_cq,compose,12500,4,mild,"{""depth"": 3}",3,True,False,0,0.0033333333333333335,0.004714045207910317,0.0,0.01,"[0.0, 0.0, 0.01]",0.0,0.01,0.0033333333333333335,0.0033333333333333335,10010880
0bd1b97babcc,bdh_cq,compose,12500,4,mild,"{""depth"": 4}",3,True,False,0,0.0026666666666666666,0.0018856180831641268,0.0,0.004,"[0.004, 0.0, 0.004]",0.0,0.004,0.0026666666666666666,0.0026666666666666666,10010880
0bd1b97babcc,bdh_cq,compose,15000,4,mild,"{""depth"": 3}",3,True,False,0,0.015333333333333332,0.010873004286866727,0.004,0.03,"[0.012, 0.004, 0.03]",0.004,0.03,0.015333333333333332,0.015333333333333332,10010880
0bd1b97babcc,bdh_cq,compose,15000,4,mild,"{""depth"": 4}",3,True,False,0,0.015333333333333332,0.008993825042154693,0.004,0.026,"[0.026, 0.004, 0.016]",0.004,0.026,0.015333333333333332,0.015333333333333332,10010880
0bd1b97babcc,bdh_cq,compose,17500,4,mild,"{""depth"": 3}",3,True,False,0,0.023333333333333334,0.013695092389449427,0.004,0.034,"[0.032, 0.004, 0.034]",0.004,0.034,0.023333333333333334,0.023333333333333334,10010880
0bd1b97babcc,bdh_cq,compose,17500,4,mild,"{""depth"": 4}",3,True,False,0,0.010666666666666666,0.0033993463423951896,0.006,0.014,"[0.014, 0.006, 0.012]",0.006000000000000001,0.014,0.010666666666666666,0.010666666666666666,10010880
0bd1b97babcc,bdh_cq,compose,20000,4,mild,"{""depth"": 3}",3,True,False,0,0.05533333333333334,0.01798765008430939,0.03,0.07,"[0.07, 0.03, 0.066]",0.03,0.07,0.05533333333333334,0.05533333333333334,10010880
0bd1b97babcc,bdh_cq,compose,20000,4,mild,"{""depth"": 4}",3,True,False,0,0.02,0.005887840577551898,0.014,0.028,"[0.018, 0.014, 0.028]",0.014,0.028,0.02,0.02,10010880
0bd1b97babcc,bdh_cq,compose,22500,4,mild,"{""depth"": 3}",3,True,False,0,0.07533333333333332,0.01806162291219209,0.052,0.096,"[0.096, 0.052, 0.078]",0.052,0.09600000000000002,0.07533333333333332,0.07533333333333332,10010880
0bd1b97babcc,bdh_cq,compose,22500,4,mild,"{""depth"": 4}",3,True,False,0,0.03333333333333333,0.005734883511361751,0.026,0.04,"[0.04, 0.034, 0.026]",0.026,0.04,0.03333333333333333,0.03333333333333333,10010880
0bd1b97babcc,bdh_cq,compose,25000,4,mild,"{""depth"": 3}",3,True,False,0,0.06733333333333333,0.024458581770458857,0.034,0.092,"[0.092, 0.076, 0.034]",0.034,0.09200000000000001,0.06733333333333333,0.06733333333333333,10010880
0bd1b97babcc,bdh_cq,compose,25000,4,mild,"{""depth"": 4}",3,True,False,0,0.029333333333333333,0.0114697670227235,0.016,0.044,"[0.044, 0.028, 0.016]",0.016,0.044000000000000004,0.029333333333333333,0.029333333333333333,10010880
0bd1b97babcc,bdh_cq,compose,27500,4,mild,"{""depth"": 3}",3,True,False,0,0.06733333333333334,0.023170862929310358,0.042,0.098,"[0.098, 0.042, 0.062]",0.042,0.09800000000000002,0.06733333333333334,0.06733333333333334,10010880
0bd1b97babcc,bdh_cq,compose,27500,4,mild,"{""depth"": 4}",3,True,False,0,0.03333333333333333,0.025368396787253934,0.008,0.068,"[0.068, 0.008, 0.024]",0.008,0.068,0.03333333333333333,0.03333333333333333,10010880
0bd1b97babcc,bdh_cq,compose,30000,4,mild,"{""depth"": 3}",3,True,False,0,0.06666666666666667,0.03116978594016256,0.038,0.11,"[0.11, 0.038, 0.052]",0.038,0.11,0.06666666666666667,0.06666666666666667,10010880
0bd1b97babcc,bdh_cq,compose,30000,4,mild,"{""depth"": 4}",3,True,False,0,0.03733333333333333,0.034499597421161626,0.01,0.086,"[0.086, 0.01, 0.016]",0.01,0.08600000000000001,0.03733333333333333,0.03733333333333333,10010880
0bd1b97babcc,bdh_cq,compose,32500,4,mild,"{""depth"": 3}",3,True,False,0,0.06999999999999999,0.03734523619776245,0.036,0.122,"[0.122, 0.036, 0.052]",0.036,0.122,0.06999999999999999,0.06999999999999999,10010880
0bd1b97babcc,bdh_cq,compose,32500,4,mild,"{""depth"": 4}",3,True,False,0,0.03666666666666667,0.033559234529741924,0.01,0.084,"[0.084, 0.01, 0.016]",0.01,0.084,0.03666666666666667,0.03666666666666667,10010880
0bd1b97babcc,bdh_cq,compose,35000,4,mild,"{""depth"": 3}",3,True,False,0,0.06133333333333333,0.030302181806302696,0.026,0.1,"[0.1, 0.026, 0.058]",0.026,0.10000000000000002,0.06133333333333333,0.06133333333333333,10010880
0bd1b97babcc,bdh_cq,compose,35000,4,mild,"{""depth"": 4}",3,True,False,0,0.03933333333333333,0.033638602164114295,0.008,0.086,"[0.086, 0.008, 0.024]",0.008,0.08600000000000001,0.03933333333333333,0.03933333333333333,10010880
0bd1b97babcc,bdh_cq,compose,37500,4,mild,"{""depth"": 3}",3,True,False,0,0.06933333333333334,0.029454296045832693,0.032,0.104,"[0.104, 0.032, 0.072]",0.032,0.104,0.06933333333333334,0.06933333333333334,10010880
0bd1b97babcc,bdh_cq,compose,37500,4,mild,"{""depth"": 4}",3,True,False,0,0.04133333333333333,0.03518838192105773,0.008,0.09,"[0.09, 0.008, 0.026]",0.008,0.09000000000000001,0.04133333333333333,0.04133333333333333,10010880
0bd1b97babcc,bdh_cq,compose,40000,4,mild,"{""depth"": 3}",3,True,False,0,0.06933333333333334,0.028767265347188552,0.032,0.102,"[0.102, 0.032, 0.074]",0.032,0.102,0.06933333333333334,0.06933333333333334,10010880
0bd1b97babcc,bdh_cq,compose,40000,4,mild,"{""depth"": 4}",3,True,False,0,0.042666666666666665,0.02876726534718856,0.01,0.08,"[0.08, 0.01, 0.038]",0.01,0.08,0.042666666666666665,0.042666666666666665,10010880
0bd1b97babcc,bdh_cq,compose,40000,8,mild,"{""depth"": 3}",3,True,False,0,0.058666666666666666,0.03201388587611459,0.022,0.1,"[0.1, 0.022, 0.054]",0.022000000000000002,0.10000000000000002,0.058666666666666666,0.058666666666666666,10010880
0bd1b97babcc,bdh_cq,compose,40000,8,mild,"{""depth"": 4}",3,True,False,0,0.03333333333333333,0.02811089152307735,0.006,0.072,"[0.072, 0.006, 0.022]",0.006000000000000001,0.072,0.03333333333333333,0.03333333333333333,10010880
0bd1b97babcc,bdh_cq,compose,2500,16,mild,"{""depth"": 3}",3,True,False,0,0.0006666666666666666,0.0009428090415820634,0.0,0.002,"[0.002, 0.0, 0.0]",0.0,0.002,0.0006666666666666666,0.0006666666666666666,10010880
0bd1b97babcc,bdh_cq,compose,2500,16,mild,"{""depth"": 4}",3,True,False,0,0.0,0.0,0.0,0.0,"[0.0, 0.0, 0.0]",0.0,0.0,0.0,0.0,10010880
0bd1b97babcc,bdh_cq,compose,5000,16,mild,"{""depth"": 3}",3,True,False,0,0.0006666666666666666,0.0009428090415820634,0.0,0.002,"[0.002, 0.0, 0.0]",0.0,0.002,0.0006666666666666666,0.0006666666666666666,10010880
0bd1b97babcc,bdh_cq,compose,5000,16,mild,"{""depth"": 4}",3,True,False,0,0.0013333333333333333,0.0018856180831641268,0.0,0.004,"[0.0, 0.0, 0.004]",0.0,0.004,0.0013333333333333333,0.0013333333333333333,10010880
0bd1b97babcc,bdh_cq,compose,7500,16,mild,"{""depth"": 3}",3,True,False,0,0.0006666666666666666,0.0009428090415820634,0.0,0.002,"[0.0, 0.0, 0.002]",0.0,0.002,0.0006666666666666666,0.0006666666666666666,10010880
0bd1b97babcc,bdh_cq,compose,7500,16,mild,"{""depth"": 4}",3,True,False,0,0.0006666666666666666,0.0009428090415820634,0.0,0.002,"[0.002, 0.0, 0.0]",0.0,0.002,0.0006666666666666666,0.0006666666666666666,10010880
0bd1b97babcc,bdh_cq,compose,10000,16,mild,"{""depth"": 3}",3,True,False,0,0.0006666666666666666,0.0009428090415820634,0.0,0.002,"[0.002, 0.0, 0.0]",0.0,0.002,0.0006666666666666666,0.0006666666666666666,10010880
0bd1b97babcc,bdh_cq,compose,10000,16,mild,"{""depth"": 4}",3,True,False,0,0.0,0.0,0.0,0.0,"[0.0, 0.0, 0.0]",0.0,0.0,0.0,0.0,10010880
0bd1b97babcc,bdh_cq,compose,12500,16,mild,"{""depth"": 3}",3,True,False,0,0.0013333333333333333,0.0018856180831641268,0.0,0.004,"[0.0, 0.0, 0.004]",0.0,0.004,0.0013333333333333333,0.0013333333333333333,10010880
0bd1b97babcc,bdh_cq,compose,12500,16,mild,"{""depth"": 4}",3,True,False,0,0.0006666666666666666,0.0009428090415820634,0.0,0.002,"[0.0, 0.0, 0.002]",0.0,0.002,0.0006666666666666666,0.0006666666666666666,10010880
0bd1b97babcc,bdh_cq,compose,15000,16,mild,"{""depth"": 3}",3,True,False,0,0.0033333333333333335,0.0024944382578492943,0.0,0.006,"[0.006, 0.0, 0.004]",0.0,0.006000000000000001,0.0033333333333333335,0.0033333333333333335,10010880
0bd1b97babcc,bdh_cq,compose,15000,16,mild,"{""depth"": 4}",3,True,False,0,0.002,0.001632993161855452,0.0,0.004,"[0.0, 0.002, 0.004]",0.0,0.004,0.002,0.002,10010880
0bd1b97babcc,bdh_cq,compose,17500,16,mild,"{""depth"": 3}",3,True,False,0,0.004,0.004320493798938574,0.0,0.01,"[0.01, 0.0, 0.002]",0.0,0.01,0.004,0.004,10010880
0bd1b97babcc,bdh_cq,compose,17500,16,mild,"{""depth"": 4}",3,True,False,0,0.004666666666666667,0.0024944382578492943,0.002,0.008,"[0.004, 0.002, 0.008]",0.002,0.008,0.004666666666666667,0.004666666666666667,10010880
0bd1b97babcc,bdh_cq,compose,20000,16,mild,"{""depth"": 3}",3,True,False,0,0.010666666666666666,0.012364824660660937,0.0,0.028,"[0.028, 0.0, 0.004]",0.0,0.028,0.010666666666666666,0.010666666666666666,10010880
0bd1b97babcc,bdh_cq,compose,20000,16,mild,"{""depth"": 4}",3,True,False,0,0.0026666666666666666,0.0009428090415820634,0.002,0.004,"[0.002, 0.002, 0.004]",0.002,0.004,0.0026666666666666666,0.0026666666666666666,10010880
0bd1b97babcc,bdh_cq,compose,22500,16,mild,"{""depth"": 3}",3,True,False,0,0.016,0.0074833147735478825,0.006,0.024,"[0.018, 0.006, 0.024]",0.006000000000000001,0.024000000000000004,0.016,0.016,10010880
0bd1b97babcc,bdh_cq,compose,22500,16,mild,"{""depth"": 4}",3,True,False,0,0.008666666666666668,0.0018856180831641268,0.006,0.01,"[0.01, 0.01, 0.006]",0.006000000000000001,0.01,0.008666666666666668,0.008666666666666668,10010880
0bd1b97babcc,bdh_cq,compose,25000,16,mild,"{""depth"": 3}",3,True,False,0,0.02666666666666667,0.011585431464655179,0.014,0.042,"[0.042, 0.024, 0.014]",0.014,0.042,0.02666666666666667,0.02666666666666667,10010880
0bd1b97babcc,bdh_cq,compose,25000,16,mild,"{""depth"": 4}",3,True,False,0,0.01,0.003265986323710904,0.006,0.014,"[0.014, 0.006, 0.01]",0.006000000000000001,0.014,0.01,0.01,10010880
0bd1b97babcc,bdh_cq,compose,27500,16,mild,"{""depth"": 3}",3,True,False,0,0.032,0.02315167380558045,0.01,0.064,"[0.064, 0.01, 0.022]",0.01,0.064,0.032,0.032,10010880
0bd1b97babcc,bdh_cq,compose,27500,16,mild,"{""depth"": 4}",3,True,False,0,0.011333333333333334,0.0033993463423951896,0.008,0.016,"[0.016, 0.008, 0.01]",0.008,0.016,0.011333333333333334,0.011333333333333334,10010880
0bd1b97babcc,bdh_cq,compose,30000,16,mild,"{""depth"": 3}",3,True,False,0,0.023999999999999997,0.01557776192739723,0.006,0.044,"[0.044, 0.006, 0.022]",0.006000000000000001,0.044000000000000004,0.023999999999999997,0.023999999999999997,10010880
0bd1b97babcc,bdh_cq,compose,30000,16,mild,"{""depth"": 4}",3,True,False,0,0.012666666666666666,0.009568466729604883,0.004,0.026,"[0.026, 0.004, 0.008]",0.004,0.026,0.012666666666666666,0.012666666666666666,10010880
0bd1b97babcc,bdh_cq,compose,32500,16,mild,"{""depth"": 3}",3,True,False,0,0.034666666666666665,0.02811089152307735,0.01,0.074,"[0.074, 0.01, 0.02]",0.01,0.074,0.034666666666666665,0.034666666666666665,10010880
0bd1b97babcc,bdh_cq,compose,32500,16,mild,"{""depth"": 4}",3,True,False,0,0.017333333333333333,0.01329995822884,0.006,0.036,"[0.036, 0.01, 0.006]",0.006000000000000001,0.036,0.017333333333333333,0.017333333333333333,10010880
0bd1b97babcc,bdh_cq,compose,35000,16,mild,"{""depth"": 3}",3,True,False,0,0.030666666666666665,0.030912061651652344,0.004,0.074,"[0.074, 0.004, 0.014]",0.004,0.074,0.030666666666666665,0.030666666666666665,10010880
0bd1b97babcc,bdh_cq,compose,35000,16,mild,"{""depth"": 4}",3,True,False,0,0.020666666666666667,0.01798765008430939,0.006,0.046,"[0.046, 0.006, 0.01]",0.006000000000000001,0.046000000000000006,0.020666666666666667,0.020666666666666667,10010880
0bd1b97babcc,bdh_cq,compose,37500,16,mild,"{""depth"": 3}",3,True,False,0,0.034,0.02372059583287626,0.004,0.062,"[0.062, 0.004, 0.036]",0.004,0.062,0.034,0.034,10010880
0bd1b97babcc,bdh_cq,compose,37500,16,mild,"{""depth"": 4}",3,True,False,0,0.016666666666666666,0.013695092389449423,0.006,0.036,"[0.036, 0.006, 0.008]",0.006000000000000001,0.036,0.016666666666666666,0.016666666666666666,10010880
0bd1b97babcc,bdh_cq,compose,40000,16,mild,"{""depth"": 3}",3,True,False,0,0.036000000000000004,0.026280537792569364,0.002,0.066,"[0.066, 0.002, 0.04]",0.002,0.066,0.036000000000000004,0.036000000000000004,10010880
0bd1b97babcc,bdh_cq,compose,40000,16,mild,"{""depth"": 4}",3,True,False,0,0.016666666666666666,0.011115554667022045,0.006,0.032,"[0.032, 0.006, 0.012]",0.006000000000000001,0.032,0.016666666666666666,0.016666666666666666,10010880
0bd1b97babcc,bdh_cq,compose,40000,32,mild,"{""depth"": 3}",3,True,False,0,0.0033333333333333335,0.0024944382578492943,0.0,0.006,"[0.004, 0.0, 0.006]",0.0,0.006000000000000001,0.0033333333333333335,0.0033333333333333335,10010880
0bd1b97babcc,bdh_cq,compose,40000,32,mild,"{""depth"": 4}",3,True,False,0,0.002,0.00282842712474619,0.0,0.006,"[0.006, 0.0, 0.0]",0.0,0.006000000000000001,0.002,0.002,10010880
0bd1b97babcc,bdh_cq,compose,2500,1,strong,"{""depth"": 6}",3,True,False,0,0.0013333333333333333,0.0009428090415820634,0.0,0.002,"[0.002, 0.0, 0.002]",0.0,0.002,0.0013333333333333333,0.0013333333333333333,10010880
0bd1b97babcc,bdh_cq,compose,2500,1,strong,"{""depth"": 8}",3,True,False,0,0.0,0.0,0.0,0.0,"[0.0, 0.0, 0.0]",0.0,0.0,0.0,0.0,10010880
0bd1b97babcc,bdh_cq,compose,5000,1,strong,"{""depth"": 6}",3,True,False,0,0.0,0.0,0.0,0.0,"[0.0, 0.0, 0.0]",0.0,0.0,0.0,0.0,10010880
0bd1b97babcc,bdh_cq,compose,5000,1,strong,"{""depth"": 8}",3,True,False,0,0.0,0.0,0.0,0.0,"[0.0, 0.0, 0.0]",0.0,0.0,0.0,0.0,10010880
0bd1b97babcc,bdh_cq,compose,7500,1,strong,"{""depth"": 6}",3,True,False,0,0.0006666666666666666,0.0009428090415820634,0.0,0.002,"[0.0, 0.002, 0.0]",0.0,0.002,0.0006666666666666666,0.0006666666666666666,10010880
0bd1b97babcc,bdh_cq,compose,7500,1,strong,"{""depth"": 8}",3,True,False,0,0.0,0.0,0.0,0.0,"[0.0, 0.0, 0.0]",0.0,0.0,0.0,0.0,10010880
0bd1b97babcc,bdh_cq,compose,10000,1,strong,"{""depth"": 6}",3,True,False,0,0.0006666666666666666,0.0009428090415820634,0.0,0.002,"[0.0, 0.0, 0.002]",0.0,0.002,0.0006666666666666666,0.0006666666666666666,10010880
0bd1b97babcc,bdh_cq,compose,10000,1,strong,"{""depth"": 8}",3,True,False,0,0.0006666666666666666,0.0009428090415820634,0.0,0.002,"[0.0, 0.0, 0.002]",0.0,0.002,0.0006666666666666666,0.0006666666666666666,10010880
0bd1b97babcc,bdh_cq,compose,12500,1,strong,"{""depth"": 6}",3,True,False,0,0.0013333333333333333,0.0018856180831641268,0.0,0.004,"[0.004, 0.0, 0.0]",0.0,0.004,0.0013333333333333333,0.0013333333333333333,10010880
0bd1b97babcc,bdh_cq,compose,12500,1,strong,"{""depth"": 8}",3,True,False,0,0.002,0.00282842712474619,0.0,0.006,"[0.006, 0.0, 0.0]",0.0,0.006000000000000001,0.002,0.002,10010880
0bd1b97babcc,bdh_cq,compose,15000,1,strong,"{""depth"": 6}",3,True,False,0,0.0033333333333333335,0.0009428090415820634,0.002,0.004,"[0.004, 0.004, 0.002]",0.002,0.004,0.0033333333333333335,0.0033333333333333335,10010880
0bd1b97babcc,bdh_cq,compose,15000,1,strong,"{""depth"": 8}",3,True,False,0,0.005333333333333333,0.0037712361663282535,0.0,0.008,"[0.008, 0.008, 0.0]",0.0,0.008,0.005333333333333333,0.005333333333333333,10010880
0bd1b97babcc,bdh_cq,compose,17500,1,strong,"{""depth"": 6}",3,True,False,0,0.004,0.003265986323710904,0.0,0.008,"[0.008, 0.004, 0.0]",0.0,0.008,0.004,0.004,10010880
0bd1b97babcc,bdh_cq,compose,17500,1,strong,"{""depth"": 8}",3,True,False,0,0.002,0.0,0.002,0.002,"[0.002, 0.002, 0.002]",0.002,0.002,0.002,0.002,10010880
0bd1b97babcc,bdh_cq,compose,20000,1,strong,"{""depth"": 6}",3,True,False,0,0.004666666666666667,0.005249338582674541,0.0,0.012,"[0.012, 0.0, 0.002]",0.0,0.012000000000000002,0.004666666666666667,0.004666666666666667,10010880
0bd1b97babcc,bdh_cq,compose,20000,1,strong,"{""depth"": 8}",3,True,False,0,0.0026666666666666666,0.0024944382578492943,0.0,0.006,"[0.006, 0.002, 0.0]",0.0,0.006000000000000001,0.0026666666666666666,0.0026666666666666666,10010880
0bd1b97babcc,bdh_cq,compose,22500,1,strong,"{""depth"": 6}",3,True,False,0,0.009333333333333334,0.005249338582674541,0.002,0.014,"[0.012, 0.014, 0.002]",0.002,0.014,0.009333333333333334,0.009333333333333334,10010880
0bd1b97babcc,bdh_cq,compose,22500,1,strong,"{""depth"": 8}",3,True,False,0,0.004666666666666667,0.0037712361663282535,0.002,0.01,"[0.01, 0.002, 0.002]",0.002,0.01,0.004666666666666667,0.004666666666666667,10010880
0bd1b97babcc,bdh_cq,compose,25000,1,strong,"{""depth"": 6}",3,True,False,0,0.010666666666666666,0.007363574011458175,0.002,0.02,"[0.02, 0.01, 0.002]",0.002,0.02,0.010666666666666666,0.010666666666666666,10010880
0bd1b97babcc,bdh_cq,compose,25000,1,strong,"{""depth"": 8}",3,True,False,0,0.006000000000000001,0.004898979485566357,0.0,0.012,"[0.006, 0.012, 0.0]",0.0,0.012000000000000002,0.006000000000000001,0.006000000000000001,10010880
0bd1b97babcc,bdh_cq,compose,27500,1,strong,"{""depth"": 6}",3,True,False,0,0.01333333333333333,0.01611072796479276,0.0,0.036,"[0.036, 0.004, 0.0]",0.0,0.036,0.01333333333333333,0.01333333333333333,10010880
0bd1b97babcc,bdh_cq,compose,27500,1,strong,"{""depth"": 8}",3,True,False,0,0.007333333333333333,0.008993825042154695,0.0,0.02,"[0.02, 0.002, 0.0]",0.0,0.02,0.007333333333333333,0.007333333333333333,10010880
0bd1b97babcc,bdh_cq,compose,30000,1,strong,"{""depth"": 6}",3,True,False,0,0.010666666666666666,0.009568466729604883,0.002,0.024,"[0.024, 0.006, 0.002]",0.002,0.024000000000000004,0.010666666666666666,0.010666666666666666,10010880
0bd1b97babcc,bdh_cq,compose,30000,1,strong,"{""depth"": 8}",3,True,False,0,0.006666666666666668,0.006599663291074444,0.002,0.016,"[0.016, 0.002, 0.002]",0.002,0.016,0.006666666666666668,0.006666666666666668,10010880
0bd1b97babcc,bdh_cq,compose,32500,1,strong,"{""depth"": 6}",3,True,False,0,0.014,0.014514360704718163,0.0,0.034,"[0.034, 0.008, 0.0]",0.0,0.034,0.014,0.014,10010880
0bd1b97babcc,bdh_cq,compose,32500,1,strong,"{""depth"": 8}",3,True,False,0,0.005333333333333333,0.007542472332656507,0.0,0.016,"[0.016, 0.0, 0.0]",0.0,0.016,0.005333333333333333,0.005333333333333333,10010880
0bd1b97babcc,bdh_cq,compose,35000,1,strong,"{""depth"": 6}",3,True,False,0,0.016,0.015748015748023623,0.002,0.038,"[0.038, 0.008, 0.002]",0.002,0.038,0.016,0.016,10010880
0bd1b97babcc,bdh_cq,compose,35000,1,strong,"{""depth"": 8}",3,True,False,0,0.006000000000000001,0.005887840577551898,0.0,0.014,"[0.014, 0.004, 0.0]",0.0,0.014,0.006000000000000001,0.006000000000000001,10010880
0bd1b97babcc,bdh_cq,compose,37500,1,strong,"{""depth"": 6}",3,True,False,0,0.017333333333333336,0.017613126418163875,0.002,0.042,"[0.042, 0.008, 0.002]",0.002,0.042,0.017333333333333336,0.017333333333333336,10010880
0bd1b97babcc,bdh_cq,compose,37500,1,strong,"{""depth"": 8}",3,True,False,0,0.006666666666666667,0.005734883511361751,0.0,0.014,"[0.014, 0.006, 0.0]",0.0,0.014,0.006666666666666667,0.006666666666666667,10010880
0bd1b97babcc,bdh_cq,compose,40000,1,strong,"{""depth"": 6}",3,True,False,0,0.017333333333333336,0.017613126418163875,0.002,0.042,"[0.042, 0.008, 0.002]",0.002,0.042,0.017333333333333336,0.017333333333333336,10010880
0bd1b97babcc,bdh_cq,compose,40000,1,strong,"{""depth"": 8}",3,True,False,0,0.006666666666666667,0.005734883511361751,0.0,0.014,"[0.014, 0.006, 0.0]",0.0,0.014,0.006666666666666667,0.006666666666666667,10010880
0bd1b97babcc,bdh_cq,compose,40000,2,strong,"{""depth"": 6}",3,True,False,0,0.013333333333333334,0.012036980056845191,0.002,0.03,"[0.03, 0.008, 0.002]",0.002,0.03,0.013333333333333334,0.013333333333333334,10010880
0bd1b97babcc,bdh_cq,compose,40000,2,strong,"{""depth"": 8}",3,True,False,0,0.006000000000000001,0.004320493798938574,0.002,0.012,"[0.012, 0.004, 0.002]",0.002,0.012000000000000002,0.006000000000000001,0.006000000000000001,10010880
0bd1b97babcc,bdh_cq,compose,2500,4,strong,"{""depth"": 6}",3,True,False,0,0.0013333333333333333,0.0009428090415820634,0.0,0.002,"[0.002, 0.0, 0.002]",0.0,0.002,0.0013333333333333333,0.0013333333333333333,10010880
0bd1b97babcc,bdh_cq,compose,2500,4,strong,"{""depth"": 8}",3,True,False,0,0.0,0.0,0.0,0.0,"[0.0, 0.0, 0.0]",0.0,0.0,0.0,0.0,10010880
0bd1b97babcc,bdh_cq,compose,5000,4,strong,"{""depth"": 6}",3,True,False,0,0.0006666666666666666,0.0009428090415820634,0.0,0.002,"[0.0, 0.0, 0.002]",0.0,0.002,0.0006666666666666666,0.0006666666666666666,10010880
0bd1b97babcc,bdh_cq,compose,5000,4,strong,"{""depth"": 8}",3,True,False,0,0.0,0.0,0.0,0.0,"[0.0, 0.0, 0.0]",0.0,0.0,0.0,0.0,10010880
0bd1b97babcc,bdh_cq,compose,7500,4,strong,"{""depth"": 6}",3,True,False,0,0.0006666666666666666,0.0009428090415820634,0.0,0.002,"[0.0, 0.002, 0.0]",0.0,0.002,0.0006666666666666666,0.0006666666666666666,10010880
0bd1b97babcc,bdh_cq,compose,7500,4,strong,"{""depth"": 8}",3,True,False,0,0.0,0.0,0.0,0.0,"[0.0, 0.0, 0.0]",0.0,0.0,0.0,0.0,10010880
0bd1b97babcc,bdh_cq,compose,10000,4,strong,"{""depth"": 6}",3,True,False,0,0.002,0.001632993161855452,0.0,0.004,"[0.002, 0.0, 0.004]",0.0,0.004,0.002,0.002,10010880
0bd1b97babcc,bdh_cq,compose,10000,4,strong,"{""depth"": 8}",3,True,False,0,0.0006666666666666666,0.0009428090415820634,0.0,0.002,"[0.0, 0.0, 0.002]",0.0,0.002,0.0006666666666666666,0.0006666666666666666,10010880
0bd1b97babcc,bdh_cq,compose,12500,4,strong,"{""depth"": 6}",3,True,False,0,0.0006666666666666666,0.0009428090415820634,0.0,0.002,"[0.002, 0.0, 0.0]",0.0,0.002,0.0006666666666666666,0.0006666666666666666,10010880
0bd1b97babcc,bdh_cq,compose,12500,4,strong,"{""depth"": 8}",3,True,False,0,0.0033333333333333335,0.0033993463423951896,0.0,0.008,"[0.008, 0.002, 0.0]",0.0,0.008,0.0033333333333333335,0.0033333333333333335,10010880
0bd1b97babcc,bdh_cq,compose,15000,4,strong,"{""depth"": 6}",3,True,False,0,0.0033333333333333335,0.0009428090415820634,0.002,0.004,"[0.002, 0.004, 0.004]",0.002,0.004,0.0033333333333333335,0.0033333333333333335,10010880
0bd1b97babcc,bdh_cq,compose,15000,4,strong,"{""depth"": 8}",3,True,False,0,0.0033333333333333335,0.0009428090415820634,0.002,0.004,"[0.004, 0.002, 0.004]",0.002,0.004,0.0033333333333333335,0.0033333333333333335,10010880
0bd1b97babcc,bdh_cq,compose,17500,4,strong,"{""depth"": 6}",3,True,False,0,0.004666666666666667,0.004109609335312651,0.0,0.01,"[0.01, 0.004, 0.0]",0.0,0.01,0.004666666666666667,0.004666666666666667,10010880
0bd1b97babcc,bdh_cq,compose,17500,4,strong,"{""depth"": 8}",3,True,False,0,0.002,0.0,0.002,0.002,"[0.002, 0.002, 0.002]",0.002,0.002,0.002,0.002,10010880
0bd1b97babcc,bdh_cq,compose,20000,4,strong,"{""depth"": 6}",3,True,False,0,0.0033333333333333335,0.0009428090415820634,0.002,0.004,"[0.004, 0.004, 0.002]",0.002,0.004,0.0033333333333333335,0.0033333333333333335,10010880
0bd1b97babcc,bdh_cq,compose,20000,4,strong,"{""depth"": 8}",3,True,False,0,0.0013333333333333333,0.0009428090415820634,0.0,0.002,"[0.002, 0.002, 0.0]",0.0,0.002,0.0013333333333333333,0.0013333333333333333,10010880
0bd1b97babcc,bdh_cq,compose,22500,4,strong,"{""depth"": 6}",3,True,False,0,0.004,0.001632993161855452,0.002,0.006,"[0.004, 0.006, 0.002]",0.002,0.006000000000000001,0.004,0.004,10010880
0bd1b97babcc,bdh_cq,compose,22500,4,strong,"{""depth"": 8}",3,True,False,0,0.002,0.0,0.002,0.002,"[0.002, 0.002, 0.002]",0.002,0.002,0.002,0.002,10010880
0bd1b97babcc,bdh_cq,compose,25000,4,strong,"{""depth"": 6}",3,True,False,0,0.005333333333333333,0.0009428090415820634,0.004,0.006,"[0.006, 0.006, 0.004]",0.004,0.006000000000000001,0.005333333333333333,0.005333333333333333,10010880
0bd1b97babcc,bdh_cq,compose,25000,4,strong,"{""depth"": 8}",3,True,False,0,0.0033333333333333335,0.0033993463423951896,0.0,0.008,"[0.0, 0.008, 0.002]",0.0,0.008,0.0033333333333333335,0.0033333333333333335,10010880
0bd1b97babcc,bdh_cq,compose,27500,4,strong,"{""depth"": 6}",3,True,False,0,0.006666666666666667,0.004714045207910317,0.0,0.01,"[0.01, 0.01, 0.0]",0.0,0.01,0.006666666666666667,0.006666666666666667,10010880
0bd1b97babcc,bdh_cq,compose,27500,4,strong,"{""depth"": 8}",3,True,False,0,0.0026666666666666666,0.0024944382578492943,0.0,0.006,"[0.006, 0.002, 0.0]",0.0,0.006000000000000001,0.0026666666666666666,0.0026666666666666666,10010880
0bd1b97babcc,bdh_cq,compose,30000,4,strong,"{""depth"": 6}",3,True,False,0,0.008,0.004320493798938574,0.004,0.014,"[0.014, 0.006, 0.004]",0.004,0.014,0.008,0.008,10010880
0bd1b97babcc,bdh_cq,compose,30000,4,strong,"{""depth"": 8}",3,True,False,0,0.004666666666666667,0.0018856180831641268,0.002,0.006,"[0.006, 0.002, 0.006]",0.002,0.006000000000000001,0.004666666666666667,0.004666666666666667,10010880
0bd1b97babcc,bdh_cq,compose,32500,4,strong,"{""depth"": 6}",3,True,False,0,0.006666666666666668,0.004109609335312651,0.002,0.012,"[0.012, 0.006, 0.002]",0.002,0.012000000000000002,0.006666666666666668,0.006666666666666668,10010880
0bd1b97babcc,bdh_cq,compose,32500,4,strong,"{""depth"": 8}",3,True,False,0,0.004,0.001632993161855452,0.002,0.006,"[0.006, 0.004, 0.002]",0.002,0.006000000000000001,0.004,0.004,10010880
0bd1b97babcc,bdh_cq,compose,35000,4,strong,"{""depth"": 6}",3,True,False,0,0.007333333333333333,0.006599663291074444,0.0,0.016,"[0.016, 0.006, 0.0]",0.0,0.016,0.007333333333333333,0.007333333333333333,10010880
0bd1b97babcc,bdh_cq,compose,35000,4,strong,"{""depth"": 8}",3,True,False,0,0.0033333333333333335,0.0009428090415820634,0.002,0.004,"[0.004, 0.002, 0.004]",0.002,0.004,0.0033333333333333335,0.0033333333333333335,10010880
0bd1b97babcc,bdh_cq,compose,37500,4,strong,"{""depth"": 6}",3,True,False,0,0.008,0.004898979485566357,0.002,0.014,"[0.014, 0.008, 0.002]",0.002,0.014,0.008,0.008,10010880
0bd1b97babcc,bdh_cq,compose,37500,4,strong,"{""depth"": 8}",3,True,False,0,0.004666666666666667,0.00339934634239519,0.0,0.008,"[0.006, 0.008, 0.0]",0.0,0.008,0.004666666666666667,0.004666666666666667,10010880
0bd1b97babcc,bdh_cq,compose,40000,4,strong,"{""depth"": 6}",3,True,False,0,0.008666666666666668,0.008379870059984357,0.0,0.02,"[0.02, 0.006, 0.0]",0.0,0.02,0.008666666666666668,0.008666666666666668,10010880
0bd1b97babcc,bdh_cq,compose,40000,4,strong,"{""depth"": 8}",3,True,False,0,0.004,0.00282842712474619,0.0,0.006,"[0.006, 0.006, 0.0]",0.0,0.006000000000000001,0.004,0.004,10010880
0bd1b97babcc,bdh_cq,compose,40000,8,strong,"{""depth"": 6}",3,True,False,0,0.007333333333333333,0.004988876515698589,0.002,0.014,"[0.014, 0.006, 0.002]",0.002,0.014,0.007333333333333333,0.007333333333333333,10010880
0bd1b97babcc,bdh_cq,compose,40000,8,strong,"{""depth"": 8}",3,True,False,0,0.004,0.001632993161855452,0.002,0.006,"[0.004, 0.006, 0.002]",0.002,0.006000000000000001,0.004,0.004,10010880
0bd1b97babcc,bdh_cq,compose,2500,16,strong,"{""depth"": 6}",3,True,False,0,0.0013333333333333333,0.0009428090415820634,0.0,0.002,"[0.002, 0.0, 0.002]",0.0,0.002,0.0013333333333333333,0.0013333333333333333,10010880
0bd1b97babcc,bdh_cq,compose,2500,16,strong,"{""depth"": 8}",3,True,False,0,0.0,0.0,0.0,0.0,"[0.0, 0.0, 0.0]",0.0,0.0,0.0,0.0,10010880
0bd1b97babcc,bdh_cq,compose,5000,16,strong,"{""depth"": 6}",3,True,False,0,0.0006666666666666666,0.0009428090415820634,0.0,0.002,"[0.0, 0.0, 0.002]",0.0,0.002,0.0006666666666666666,0.0006666666666666666,10010880
0bd1b97babcc,bdh_cq,compose,5000,16,strong,"{""depth"": 8}",3,True,False,0,0.0,0.0,0.0,0.0,"[0.0, 0.0, 0.0]",0.0,0.0,0.0,0.0,10010880
0bd1b97babcc,bdh_cq,compose,7500,16,strong,"{""depth"": 6}",3,True,False,0,0.0006666666666666666,0.0009428090415820634,0.0,0.002,"[0.0, 0.002, 0.0]",0.0,0.002,0.0006666666666666666,0.0006666666666666666,10010880
0bd1b97babcc,bdh_cq,compose,7500,16,strong,"{""depth"": 8}",3,True,False,0,0.0,0.0,0.0,0.0,"[0.0, 0.0, 0.0]",0.0,0.0,0.0,0.0,10010880
0bd1b97babcc,bdh_cq,compose,10000,16,strong,"{""depth"": 6}",3,True,False,0,0.0006666666666666666,0.0009428090415820634,0.0,0.002,"[0.0, 0.0, 0.002]",0.0,0.002,0.0006666666666666666,0.0006666666666666666,10010880
0bd1b97babcc,bdh_cq,compose,10000,16,strong,"{""depth"": 8}",3,True,False,0,0.0,0.0,0.0,0.0,"[0.0, 0.0, 0.0]",0.0,0.0,0.0,0.0,10010880
0bd1b97babcc,bdh_cq,compose,12500,16,strong,"{""depth"": 6}",3,True,False,0,0.0,0.0,0.0,0.0,"[0.0, 0.0, 0.0]",0.0,0.0,0.0,0.0,10010880
0bd1b97babcc,bdh_cq,compose,12500,16,strong,"{""depth"": 8}",3,True,False,0,0.0013333333333333333,0.0018856180831641268,0.0,0.004,"[0.004, 0.0, 0.0]",0.0,0.004,0.0013333333333333333,0.0013333333333333333,10010880
0bd1b97babcc,bdh_cq,compose,15000,16,strong,"{""depth"": 6}",3,True,False,0,0.004,0.001632993161855452,0.002,0.006,"[0.002, 0.004, 0.006]",0.002,0.006000000000000001,0.004,0.004,10010880
0bd1b97babcc,bdh_cq,compose,15000,16,strong,"{""depth"": 8}",3,True,False,0,0.002,0.0,0.002,0.002,"[0.002, 0.002, 0.002]",0.002,0.002,0.002,0.002,10010880
0bd1b97babcc,bdh_cq,compose,17500,16,strong,"{""depth"": 6}",3,True,False,0,0.002,0.001632993161855452,0.0,0.004,"[0.004, 0.002, 0.0]",0.0,0.004,0.002,0.002,10010880
0bd1b97babcc,bdh_cq,compose,17500,16,strong,"{""depth"": 8}",3,True,False,0,0.0013333333333333333,0.0009428090415820634,0.0,0.002,"[0.002, 0.002, 0.0]",0.0,0.002,0.0013333333333333333,0.0013333333333333333,10010880
0bd1b97babcc,bdh_cq,compose,20000,16,strong,"{""depth"": 6}",3,True,False,0,0.0006666666666666666,0.0009428090415820634,0.0,0.002,"[0.002, 0.0, 0.0]",0.0,0.002,0.0006666666666666666,0.0006666666666666666,10010880
0bd1b97babcc,bdh_cq,compose,20000,16,strong,"{""depth"": 8}",3,True,False,0,0.0006666666666666666,0.0009428090415820634,0.0,0.002,"[0.0, 0.0, 0.002]",0.0,0.002,0.0006666666666666666,0.0006666666666666666,10010880
0bd1b97babcc,bdh_cq,compose,22500,16,strong,"{""depth"": 6}",3,True,False,0,0.002,0.001632993161855452,0.0,0.004,"[0.004, 0.0, 0.002]",0.0,0.004,0.002,0.002,10010880
0bd1b97babcc,bdh_cq,compose,22500,16,strong,"{""depth"": 8}",3,True,False,0,0.0026666666666666666,0.0024944382578492943,0.0,0.006,"[0.002, 0.006, 0.0]",0.0,0.006000000000000001,0.0026666666666666666,0.0026666666666666666,10010880
0bd1b97babcc,bdh_cq,compose,25000,16,strong,"{""depth"": 6}",3,True,False,0,0.0013333333333333333,0.0009428090415820634,0.0,0.002,"[0.002, 0.002, 0.0]",0.0,0.002,0.0013333333333333333,0.0013333333333333333,10010880
0bd1b97babcc,bdh_cq,compose,25000,16,strong,"{""depth"": 8}",3,True,False,0,0.0,0.0,0.0,0.0,"[0.0, 0.0, 0.0]",0.0,0.0,0.0,0.0,10010880
0bd1b97babcc,bdh_cq,compose,27500,16,strong,"{""depth"": 6}",3,True,False,0,0.0006666666666666666,0.0009428090415820634,0.0,0.002,"[0.002, 0.0, 0.0]",0.0,0.002,0.0006666666666666666,0.0006666666666666666,10010880
0bd1b97babcc,bdh_cq,compose,27500,16,strong,"{""depth"": 8}",3,True,False,0,0.0013333333333333333,0.0009428090415820634,0.0,0.002,"[0.002, 0.0, 0.002]",0.0,0.002,0.0013333333333333333,0.0013333333333333333,10010880
0bd1b97babcc,bdh_cq,compose,30000,16,strong,"{""depth"": 6}",3,True,False,0,0.0013333333333333333,0.0018856180831641268,0.0,0.004,"[0.004, 0.0, 0.0]",0.0,0.004,0.0013333333333333333,0.0013333333333333333,10010880
0bd1b97babcc,bdh_cq,compose,30000,16,strong,"{""depth"": 8}",3,True,False,0,0.0006666666666666666,0.0009428090415820634,0.0,0.002,"[0.0, 0.002, 0.0]",0.0,0.002,0.0006666666666666666,0.0006666666666666666,10010880
0bd1b97babcc,bdh_cq,compose,32500,16,strong,"{""depth"": 6}",3,True,False,0,0.004666666666666667,0.004109609335312651,0.0,0.01,"[0.01, 0.004, 0.0]",0.0,0.01,0.004666666666666667,0.004666666666666667,10010880
0bd1b97babcc,bdh_cq,compose,32500,16,strong,"{""depth"": 8}",3,True,False,0,0.0006666666666666666,0.0009428090415820634,0.0,0.002,"[0.0, 0.0, 0.002]",0.0,0.002,0.0006666666666666666,0.0006666666666666666,10010880
0bd1b97babcc,bdh_cq,compose,35000,16,strong,"{""depth"": 6}",3,True,False,0,0.005333333333333333,0.006182412330330469,0.0,0.014,"[0.014, 0.0, 0.002]",0.0,0.014,0.005333333333333333,0.005333333333333333,10010880
0bd1b97babcc,bdh_cq,compose,35000,16,strong,"{""depth"": 8}",3,True,False,0,0.0006666666666666666,0.0009428090415820634,0.0,0.002,"[0.0, 0.0, 0.002]",0.0,0.002,0.0006666666666666666,0.0006666666666666666,10010880
0bd1b97babcc,bdh_cq,compose,37500,16,strong,"{""depth"": 6}",3,True,False,0,0.0033333333333333335,0.0024944382578492943,0.0,0.006,"[0.004, 0.0, 0.006]",0.0,0.006000000000000001,0.0033333333333333335,0.0033333333333333335,10010880
0bd1b97babcc,bdh_cq,compose,37500,16,strong,"{""depth"": 8}",3,True,False,0,0.0026666666666666666,0.0009428090415820634,0.002,0.004,"[0.002, 0.002, 0.004]",0.002,0.004,0.0026666666666666666,0.0026666666666666666,10010880
0bd1b97babcc,bdh_cq,compose,40000,16,strong,"{""depth"": 6}",3,True,False,0,0.004666666666666667,0.00339934634239519,0.0,0.008,"[0.008, 0.0, 0.006]",0.0,0.008,0.004666666666666667,0.004666666666666667,10010880
0bd1b97babcc,bdh_cq,compose,40000,16,strong,"{""depth"": 8}",3,True,False,0,0.0013333333333333333,0.0018856180831641268,0.0,0.004,"[0.0, 0.0, 0.004]",0.0,0.004,0.0013333333333333333,0.0013333333333333333,10010880
0bd1b97babcc,bdh_cq,compose,40000,32,strong,"{""depth"": 6}",3,True,False,0,0.0,0.0,0.0,0.0,"[0.0, 0.0, 0.0]",0.0,0.0,0.0,0.0,10010880
0bd1b97babcc,bdh_cq,compose,40000,32,strong,"{""depth"": 8}",3,True,False,0,0.0,0.0,0.0,0.0,"[0.0, 0.0, 0.0]",0.0,0.0,0.0,0.0,10010880
99b1be8a2eb0,looped_transformer,compose,2500,1,interp,"{""depth"": 1}",3,True,False,0,0.0,0.0,0.0,0.0,"[0.0, 0.0, 0.0]",0.0,0.0,0.0,0.0,9965316
99b1be8a2eb0,looped_transformer,compose,2500,1,interp,"{""depth"": 2}",3,True,False,0,0.0006666666666666666,0.0009428090415820634,0.0,0.002,"[0.0, 0.002, 0.0]",0.0,0.002,0.0006666666666666666,0.0006666666666666666,9965316
99b1be8a2eb0,looped_transformer,compose,5000,1,interp,"{""depth"": 1}",3,True,False,0,0.0,0.0,0.0,0.0,"[0.0, 0.0, 0.0]",0.0,0.0,0.0,0.0,9965316
99b1be8a2eb0,looped_transformer,compose,5000,1,interp,"{""depth"": 2}",3,True,False,0,0.0,0.0,0.0,0.0,"[0.0, 0.0, 0.0]",0.0,0.0,0.0,0.0,9965316
99b1be8a2eb0,looped_transformer,compose,7500,1,interp,"{""depth"": 1}",3,True,False,0,0.0006666666666666666,0.0009428090415820634,0.0,0.002,"[0.002, 0.0, 0.0]",0.0,0.002,0.0006666666666666666,0.0006666666666666666,9965316
99b1be8a2eb0,looped_transformer,compose,7500,1,interp,"{""depth"": 2}",3,True,False,0,0.0013333333333333333,0.0009428090415820634,0.0,0.002,"[0.0, 0.002, 0.002]",0.0,0.002,0.0013333333333333333,0.0013333333333333333,9965316
99b1be8a2eb0,looped_transformer,compose,10000,1,interp,"{""depth"": 1}",3,True,False,0,0.0013333333333333333,0.0018856180831641268,0.0,0.004,"[0.004, 0.0, 0.0]",0.0,0.004,0.0013333333333333333,0.0013333333333333333,9965316
99b1be8a2eb0,looped_transformer,compose,10000,1,interp,"{""depth"": 2}",3,True,False,0,0.0,0.0,0.0,0.0,"[0.0, 0.0, 0.0]",0.0,0.0,0.0,0.0,9965316
99b1be8a2eb0,looped_transformer,compose,12500,1,interp,"{""depth"": 1}",3,True,False,0,0.0006666666666666666,0.0009428090415820634,0.0,0.002,"[0.0, 0.002, 0.0]",0.0,0.002,0.0006666666666666666,0.0006666666666666666,9965316
99b1be8a2eb0,looped_transformer,compose,12500,1,interp,"{""depth"": 2}",3,True,False,0,0.0006666666666666666,0.0009428090415820634,0.0,0.002,"[0.002, 0.0, 0.0]",0.0,0.002,0.0006666666666666666,0.0006666666666666666,9965316
99b1be8a2eb0,looped_transformer,compose,15000,1,interp,"{""depth"": 1}",3,True,False,0,0.0,0.0,0.0,0.0,"[0.0, 0.0, 0.0]",0.0,0.0,0.0,0.0,9965316
99b1be8a2eb0,looped_transformer,compose,15000,1,interp,"{""depth"": 2}",3,True,False,0,0.0013333333333333333,0.0009428090415820634,0.0,0.002,"[0.002, 0.002, 0.0]",0.0,0.002,0.0013333333333333333,0.0013333333333333333,9965316
99b1be8a2eb0,looped_transformer,compose,17500,1,interp,"{""depth"": 1}",3,True,False,0,0.0,0.0,0.0,0.0,"[0.0, 0.0, 0.0]",0.0,0.0,0.0,0.0,9965316
99b1be8a2eb0,looped_transformer,compose,17500,1,interp,"{""depth"": 2}",3,True,False,0,0.0013333333333333333,0.0009428090415820634,0.0,0.002,"[0.002, 0.002, 0.0]",0.0,0.002,0.0013333333333333333,0.0013333333333333333,9965316
99b1be8a2eb0,looped_transformer,compose,20000,1,interp,"{""depth"": 1}",3,True,False,0,0.0,0.0,0.0,0.0,"[0.0, 0.0, 0.0]",0.0,0.0,0.0,0.0,9965316
99b1be8a2eb0,looped_transformer,compose,20000,1,interp,"{""depth"": 2}",3,True,False,0,0.0013333333333333333,0.0018856180831641268,0.0,0.004,"[0.004, 0.0, 0.0]",0.0,0.004,0.0013333333333333333,0.0013333333333333333,9965316
99b1be8a2eb0,looped_transformer,compose,22500,1,interp,"{""depth"": 1}",3,True,False,0,0.0013333333333333333,0.0018856180831641268,0.0,0.004,"[0.004, 0.0, 0.0]",0.0,0.004,0.0013333333333333333,0.0013333333333333333,9965316
99b1be8a2eb0,looped_transformer,compose,22500,1,interp,"{""depth"": 2}",3,True,False,0,0.0013333333333333333,0.0018856180831641268,0.0,0.004,"[0.004, 0.0, 0.0]",0.0,0.004,0.0013333333333333333,0.0013333333333333333,9965316
99b1be8a2eb0,looped_transformer,compose,25000,1,interp,"{""depth"": 1}",3,True,False,0,0.0006666666666666666,0.0009428090415820634,0.0,0.002,"[0.0, 0.002, 0.0]",0.0,0.002,0.0006666666666666666,0.0006666666666666666,9965316
99b1be8a2eb0,looped_transformer,compose,25000,1,interp,"{""depth"": 2}",3,True,False,0,0.002,0.001632993161855452,0.0,0.004,"[0.004, 0.002, 0.0]",0.0,0.004,0.002,0.002,9965316
99b1be8a2eb0,looped_transformer,compose,27500,1,interp,"{""depth"": 1}",3,True,False,0,0.0,0.0,0.0,0.0,"[0.0, 0.0, 0.0]",0.0,0.0,0.0,0.0,9965316
99b1be8a2eb0,looped_transformer,compose,27500,1,interp,"{""depth"": 2}",3,True,False,0,0.0006666666666666666,0.0009428090415820634,0.0,0.002,"[0.0, 0.002, 0.0]",0.0,0.002,0.0006666666666666666,0.0006666666666666666,9965316
99b1be8a2eb0,looped_transformer,compose,30000,1,interp,"{""depth"": 1}",3,True,False,0,0.0006666666666666666,0.0009428090415820634,0.0,0.002,"[0.0, 0.002, 0.0]",0.0,0.002,0.0006666666666666666,0.0006666666666666666,9965316
99b1be8a2eb0,looped_transformer,compose,30000,1,interp,"{""depth"": 2}",3,True,False,0,0.002,0.001632993161855452,0.0,0.004,"[0.002, 0.004, 0.0]",0.0,0.004,0.002,0.002,9965316
99b1be8a2eb0,looped_transformer,compose,32500,1,interp,"{""depth"": 1}",3,True,False,0,0.0013333333333333333,0.0018856180831641268,0.0,0.004,"[0.0, 0.004, 0.0]",0.0,0.004,0.0013333333333333333,0.0013333333333333333,9965316
99b1be8a2eb0,looped_transformer,compose,32500,1,interp,"{""depth"": 2}",3,True,False,0,0.002,0.0,0.002,0.002,"[0.002, 0.002, 0.002]",0.002,0.002,0.002,0.002,9965316
99b1be8a2eb0,looped_transformer,compose,35000,1,interp,"{""depth"": 1}",3,True,False,0,0.0033333333333333335,0.0024944382578492943,0.0,0.006,"[0.0, 0.004, 0.006]",0.0,0.006000000000000001,0.0033333333333333335,0.0033333333333333335,9965316
99b1be8a2eb0,looped_transformer,compose,35000,1,interp,"{""depth"": 2}",3,True,False,0,0.0006666666666666666,0.0009428090415820634,0.0,0.002,"[0.0, 0.002, 0.0]",0.0,0.002,0.0006666666666666666,0.0006666666666666666,9965316
99b1be8a2eb0,looped_transformer,compose,37500,1,interp,"{""depth"": 1}",3,True,False,0,0.002,0.001632993161855452,0.0,0.004,"[0.0, 0.002, 0.004]",0.0,0.004,0.002,0.002,9965316
99b1be8a2eb0,looped_transformer,compose,37500,1,interp,"{""depth"": 2}",3,True,False,0,0.0006666666666666666,0.0009428090415820634,0.0,0.002,"[0.0, 0.002, 0.0]",0.0,0.002,0.0006666666666666666,0.0006666666666666666,9965316
99b1be8a2eb0,looped_transformer,compose,40000,1,interp,"{""depth"": 1}",3,True,False,0,0.002,0.001632993161855452,0.0,0.004,"[0.0, 0.002, 0.004]",0.0,0.004,0.002,0.002,9965316
99b1be8a2eb0,looped_transformer,compose,40000,1,interp,"{""depth"": 2}",3,True,False,0,0.0006666666666666666,0.0009428090415820634,0.0,0.002,"[0.0, 0.002, 0.0]",0.0,0.002,0.0006666666666666666,0.0006666666666666666,9965316
99b1be8a2eb0,looped_transformer,compose,40000,2,interp,"{""depth"": 1}",3,True,False,0,0.0013333333333333333,0.0018856180831641268,0.0,0.004,"[0.0, 0.004, 0.0]",0.0,0.004,0.0013333333333333333,0.0013333333333333333,9965316
99b1be8a2eb0,looped_transformer,compose,40000,2,interp,"{""depth"": 2}",3,True,False,0,0.002,0.001632993161855452,0.0,0.004,"[0.004, 0.002, 0.0]",0.0,0.004,0.002,0.002,9965316
99b1be8a2eb0,looped_transformer,compose,2500,4,interp,"{""depth"": 1}",3,True,False,0,0.0006666666666666666,0.0009428090415820634,0.0,0.002,"[0.0, 0.002, 0.0]",0.0,0.002,0.0006666666666666666,0.0006666666666666666,9965316
99b1be8a2eb0,looped_transformer,compose,2500,4,interp,"{""depth"": 2}",3,True,False,0,0.0,0.0,0.0,0.0,"[0.0, 0.0, 0.0]",0.0,0.0,0.0,0.0,9965316
99b1be8a2eb0,looped_transformer,compose,5000,4,interp,"{""depth"": 1}",3,True,False,0,0.0,0.0,0.0,0.0,"[0.0, 0.0, 0.0]",0.0,0.0,0.0,0.0,9965316
99b1be8a2eb0,looped_transformer,compose,5000,4,interp,"{""depth"": 2}",3,True,False,0,0.0,0.0,0.0,0.0,"[0.0, 0.0, 0.0]",0.0,0.0,0.0,0.0,9965316
99b1be8a2eb0,looped_transformer,compose,7500,4,interp,"{""depth"": 1}",3,True,False,0,0.0006666666666666666,0.0009428090415820634,0.0,0.002,"[0.002, 0.0, 0.0]",0.0,0.002,0.0006666666666666666,0.0006666666666666666,9965316
99b1be8a2eb0,looped_transformer,compose,7500,4,interp,"{""depth"": 2}",3,True,False,0,0.0013333333333333333,0.0009428090415820634,0.0,0.002,"[0.0, 0.002, 0.002]",0.0,0.002,0.0013333333333333333,0.0013333333333333333,9965316
99b1be8a2eb0,looped_transformer,compose,10000,4,interp,"{""depth"": 1}",3,True,False,0,0.0006666666666666666,0.0009428090415820634,0.0,0.002,"[0.002, 0.0, 0.0]",0.0,0.002,0.0006666666666666666,0.0006666666666666666,9965316
99b1be8a2eb0,looped_transformer,compose,10000,4,interp,"{""depth"": 2}",3,True,False,0,0.0,0.0,0.0,0.0,"[0.0, 0.0, 0.0]",0.0,0.0,0.0,0.0,9965316
99b1be8a2eb0,looped_transformer,compose,12500,4,interp,"{""depth"": 1}",3,True,False,0,0.0013333333333333333,0.0009428090415820634,0.0,0.002,"[0.0, 0.002, 0.002]",0.0,0.002,0.0013333333333333333,0.0013333333333333333,9965316
99b1be8a2eb0,looped_transformer,compose,12500,4,interp,"{""depth"": 2}",3,True,False,0,0.0013333333333333333,0.0018856180831641268,0.0,0.004,"[0.004, 0.0, 0.0]",0.0,0.004,0.0013333333333333333,0.0013333333333333333,9965316
99b1be8a2eb0,looped_transformer,compose,15000,4,interp,"{""depth"": 1}",3,True,False,0,0.0,0.0,0.0,0.0,"[0.0, 0.0, 0.0]",0.0,0.0,0.0,0.0,9965316
99b1be8a2eb0,looped_transformer,compose,15000,4,interp,"{""depth"": 2}",3,True,False,0,0.002,0.001632993161855452,0.0,0.004,"[0.002, 0.004, 0.0]",0.0,0.004,0.002,0.002,9965316
99b1be8a2eb0,looped_transformer,compose,17500,4,interp,"{""depth"": 1}",3,True,False,0,0.0,0.0,0.0,0.0,"[0.0, 0.0, 0.0]",0.0,0.0,0.0,0.0,9965316
99b1be8a2eb0,looped_transformer,compose,17500,4,interp,"{""depth"": 2}",3,True,False,0,0.0013333333333333333,0.0018856180831641268,0.0,0.004,"[0.0, 0.004, 0.0]",0.0,0.004,0.0013333333333333333,0.0013333333333333333,9965316
99b1be8a2eb0,looped_transformer,compose,20000,4,interp,"{""depth"": 1}",3,True,False,0,0.0,0.0,0.0,0.0,"[0.0, 0.0, 0.0]",0.0,0.0,0.0,0.0,9965316
99b1be8a2eb0,looped_transformer,compose,20000,4,interp,"{""depth"": 2}",3,True,False,0,0.0013333333333333333,0.0009428090415820634,0.0,0.002,"[0.002, 0.002, 0.0]",0.0,0.002,0.0013333333333333333,0.0013333333333333333,9965316
99b1be8a2eb0,looped_transformer,compose,22500,4,interp,"{""depth"": 1}",3,True,False,0,0.0013333333333333333,0.0009428090415820634,0.0,0.002,"[0.002, 0.002, 0.0]",0.0,0.002,0.0013333333333333333,0.0013333333333333333,9965316
99b1be8a2eb0,looped_transformer,compose,22500,4,interp,"{""depth"": 2}",3,True,False,0,0.0,0.0,0.0,0.0,"[0.0, 0.0, 0.0]",0.0,0.0,0.0,0.0,9965316
99b1be8a2eb0,looped_transformer,compose,25000,4,interp,"{""depth"": 1}",3,True,False,0,0.0013333333333333333,0.0009428090415820634,0.0,0.002,"[0.002, 0.002, 0.0]",0.0,0.002,0.0013333333333333333,0.0013333333333333333,9965316
99b1be8a2eb0,looped_transformer,compose,25000,4,interp,"{""depth"": 2}",3,True,False,0,0.002,0.001632993161855452,0.0,0.004,"[0.004, 0.002, 0.0]",0.0,0.004,0.002,0.002,9965316
99b1be8a2eb0,looped_transformer,compose,27500,4,interp,"{""depth"": 1}",3,True,False,0,0.002,0.001632993161855452,0.0,0.004,"[0.002, 0.0, 0.004]",0.0,0.004,0.002,0.002,9965316
99b1be8a2eb0,looped_transformer,compose,27500,4,interp,"{""depth"": 2}",3,True,False,0,0.0006666666666666666,0.0009428090415820634,0.0,0.002,"[0.002, 0.0, 0.0]",0.0,0.002,0.0006666666666666666,0.0006666666666666666,9965316
99b1be8a2eb0,looped_transformer,compose,30000,4,interp,"{""depth"": 1}",3,True,False,0,0.0013333333333333333,0.0018856180831641268,0.0,0.004,"[0.0, 0.004, 0.0]",0.0,0.004,0.0013333333333333333,0.0013333333333333333,9965316
99b1be8a2eb0,looped_transformer,compose,30000,4,interp,"{""depth"": 2}",3,True,False,0,0.002,0.001632993161855452,0.0,0.004,"[0.002, 0.004, 0.0]",0.0,0.004,0.002,0.002,9965316
99b1be8a2eb0,looped_transformer,compose,32500,4,interp,"{""depth"": 1}",3,True,False,0,0.0013333333333333333,0.0009428090415820634,0.0,0.002,"[0.0, 0.002, 0.002]",0.0,0.002,0.0013333333333333333,0.0013333333333333333,9965316
99b1be8a2eb0,looped_transformer,compose,32500,4,interp,"{""depth"": 2}",3,True,False,0,0.0013333333333333333,0.0009428090415820634,0.0,0.002,"[0.002, 0.002, 0.0]",0.0,0.002,0.0013333333333333333,0.0013333333333333333,9965316
99b1be8a2eb0,looped_transformer,compose,35000,4,interp,"{""depth"": 1}",3,True,False,0,0.002,0.001632993161855452,0.0,0.004,"[0.002, 0.004, 0.0]",0.0,0.004,0.002,0.002,9965316
99b1be8a2eb0,looped_transformer,compose,35000,4,interp,"{""depth"": 2}",3,True,False,0,0.0006666666666666666,0.0009428090415820634,0.0,0.002,"[0.0, 0.002, 0.0]",0.0,0.002,0.0006666666666666666,0.0006666666666666666,9965316
99b1be8a2eb0,looped_transformer,compose,37500,4,interp,"{""depth"": 1}",3,True,False,0,0.002,0.001632993161855452,0.0,0.004,"[0.002, 0.004, 0.0]",0.0,0.004,0.002,0.002,9965316
99b1be8a2eb0,looped_transformer,compose,37500,4,interp,"{""depth"": 2}",3,True,False,0,0.0013333333333333333,0.0009428090415820634,0.0,0.002,"[0.002, 0.002, 0.0]",0.0,0.002,0.0013333333333333333,0.0013333333333333333,9965316
99b1be8a2eb0,looped_transformer,compose,40000,4,interp,"{""depth"": 1}",3,True,False,0,0.002,0.001632993161855452,0.0,0.004,"[0.002, 0.004, 0.0]",0.0,0.004,0.002,0.002,9965316
99b1be8a2eb0,looped_transformer,compose,40000,4,interp,"{""depth"": 2}",3,True,False,0,0.0013333333333333333,0.0009428090415820634,0.0,0.002,"[0.002, 0.002, 0.0]",0.0,0.002,0.0013333333333333333,0.0013333333333333333,9965316
99b1be8a2eb0,looped_transformer,compose,40000,8,interp,"{""depth"": 1}",3,True,False,0,0.002,0.001632993161855452,0.0,0.004,"[0.002, 0.004, 0.0]",0.0,0.004,0.002,0.002,9965316
99b1be8a2eb0,looped_transformer,compose,40000,8,interp,"{""depth"": 2}",3,True,False,0,0.0013333333333333333,0.0018856180831641268,0.0,0.004,"[0.0, 0.004, 0.0]",0.0,0.004,0.0013333333333333333,0.0013333333333333333,9965316
99b1be8a2eb0,looped_transformer,compose,2500,16,interp,"{""depth"": 1}",3,True,False,0,0.0006666666666666666,0.0009428090415820634,0.0,0.002,"[0.0, 0.002, 0.0]",0.0,0.002,0.0006666666666666666,0.0006666666666666666,9965316
99b1be8a2eb0,looped_transformer,compose,2500,16,interp,"{""depth"": 2}",3,True,False,0,0.0,0.0,0.0,0.0,"[0.0, 0.0, 0.0]",0.0,0.0,0.0,0.0,9965316
99b1be8a2eb0,looped_transformer,compose,5000,16,interp,"{""depth"": 1}",3,True,False,0,0.0,0.0,0.0,0.0,"[0.0, 0.0, 0.0]",0.0,0.0,0.0,0.0,9965316
99b1be8a2eb0,looped_transformer,compose,5000,16,interp,"{""depth"": 2}",3,True,False,0,0.0,0.0,0.0,0.0,"[0.0, 0.0, 0.0]",0.0,0.0,0.0,0.0,9965316
99b1be8a2eb0,looped_transformer,compose,7500,16,interp,"{""depth"": 1}",3,True,False,0,0.0006666666666666666,0.0009428090415820634,0.0,0.002,"[0.002, 0.0, 0.0]",0.0,0.002,0.0006666666666666666,0.0006666666666666666,9965316
99b1be8a2eb0,looped_transformer,compose,7500,16,interp,"{""depth"": 2}",3,True,False,0,0.0006666666666666666,0.0009428090415820634,0.0,0.002,"[0.0, 0.002, 0.0]",0.0,0.002,0.0006666666666666666,0.0006666666666666666,9965316
99b1be8a2eb0,looped_transformer,compose,10000,16,interp,"{""depth"": 1}",3,True,False,0,0.0,0.0,0.0,0.0,"[0.0, 0.0, 0.0]",0.0,0.0,0.0,0.0,9965316
99b1be8a2eb0,looped_transformer,compose,10000,16,interp,"{""depth"": 2}",3,True,False,0,0.0,0.0,0.0,0.0,"[0.0, 0.0, 0.0]",0.0,0.0,0.0,0.0,9965316
99b1be8a2eb0,looped_transformer,compose,12500,16,interp,"{""depth"": 1}",3,True,False,0,0.0006666666666666666,0.0009428090415820634,0.0,0.002,"[0.0, 0.002, 0.0]",0.0,0.002,0.0006666666666666666,0.0006666666666666666,9965316
99b1be8a2eb0,looped_transformer,compose,12500,16,interp,"{""depth"": 2}",3,True,False,0,0.0,0.0,0.0,0.0,"[0.0, 0.0, 0.0]",0.0,0.0,0.0,0.0,9965316
99b1be8a2eb0,looped_transformer,compose,15000,16,interp,"{""depth"": 1}",3,True,False,0,0.0,0.0,0.0,0.0,"[0.0, 0.0, 0.0]",0.0,0.0,0.0,0.0,9965316
99b1be8a2eb0,looped_transformer,compose,15000,16,interp,"{""depth"": 2}",3,True,False,0,0.0006666666666666666,0.0009428090415820634,0.0,0.002,"[0.002, 0.0, 0.0]",0.0,0.002,0.0006666666666666666,0.0006666666666666666,9965316
99b1be8a2eb0,looped_transformer,compose,17500,16,interp,"{""depth"": 1}",3,True,False,0,0.0,0.0,0.0,0.0,"[0.0, 0.0, 0.0]",0.0,0.0,0.0,0.0,9965316
99b1be8a2eb0,looped_transformer,compose,17500,16,interp,"{""depth"": 2}",3,True,False,0,0.0006666666666666666,0.0009428090415820634,0.0,0.002,"[0.0, 0.002, 0.0]",0.0,0.002,0.0006666666666666666,0.0006666666666666666,9965316
99b1be8a2eb0,looped_transformer,compose,20000,16,interp,"{""depth"": 1}",3,True,False,0,0.0,0.0,0.0,0.0,"[0.0, 0.0, 0.0]",0.0,0.0,0.0,0.0,9965316
99b1be8a2eb0,looped_transformer,compose,20000,16,interp,"{""depth"": 2}",3,True,False,0,0.0,0.0,0.0,0.0,"[0.0, 0.0, 0.0]",0.0,0.0,0.0,0.0,9965316
99b1be8a2eb0,looped_transformer,compose,22500,16,interp,"{""depth"": 1}",3,True,False,0,0.0,0.0,0.0,0.0,"[0.0, 0.0, 0.0]",0.0,0.0,0.0,0.0,9965316
99b1be8a2eb0,looped_transformer,compose,22500,16,interp,"{""depth"": 2}",3,True,False,0,0.0006666666666666666,0.0009428090415820634,0.0,0.002,"[0.0, 0.0, 0.002]",0.0,0.002,0.0006666666666666666,0.0006666666666666666,9965316
99b1be8a2eb0,looped_transformer,compose,25000,16,interp,"{""depth"": 1}",3,True,False,0,0.0,0.0,0.0,0.0,"[0.0, 0.0, 0.0]",0.0,0.0,0.0,0.0,9965316
99b1be8a2eb0,looped_transformer,compose,25000,16,interp,"{""depth"": 2}",3,True,False,0,0.0,0.0,0.0,0.0,"[0.0, 0.0, 0.0]",0.0,0.0,0.0,0.0,9965316
99b1be8a2eb0,looped_transformer,compose,27500,16,interp,"{""depth"": 1}",3,True,False,0,0.0,0.0,0.0,0.0,"[0.0, 0.0, 0.0]",0.0,0.0,0.0,0.0,9965316
99b1be8a2eb0,looped_transformer,compose,27500,16,interp,"{""depth"": 2}",3,True,False,0,0.0006666666666666666,0.0009428090415820634,0.0,0.002,"[0.002, 0.0, 0.0]",0.0,0.002,0.0006666666666666666,0.0006666666666666666,9965316
99b1be8a2eb0,looped_transformer,compose,30000,16,interp,"{""depth"": 1}",3,True,False,0,0.0006666666666666666,0.0009428090415820634,0.0,0.002,"[0.0, 0.002, 0.0]",0.0,0.002,0.0006666666666666666,0.0006666666666666666,9965316
99b1be8a2eb0,looped_transformer,compose,30000,16,interp,"{""depth"": 2}",3,True,False,0,0.0006666666666666666,0.0009428090415820634,0.0,0.002,"[0.002, 0.0, 0.0]",0.0,0.002,0.0006666666666666666,0.0006666666666666666,9965316
99b1be8a2eb0,looped_transformer,compose,32500,16,interp,"{""depth"": 1}",3,True,False,0,0.0006666666666666666,0.0009428090415820634,0.0,0.002,"[0.0, 0.002, 0.0]",0.0,0.002,0.0006666666666666666,0.0006666666666666666,9965316
99b1be8a2eb0,looped_transformer,compose,32500,16,interp,"{""depth"": 2}",3,True,False,0,0.002,0.0,0.002,0.002,"[0.002, 0.002, 0.002]",0.002,0.002,0.002,0.002,9965316
99b1be8a2eb0,looped_transformer,compose,35000,16,interp,"{""depth"": 1}",3,True,False,0,0.0033333333333333335,0.0024944382578492943,0.0,0.006,"[0.004, 0.006, 0.0]",0.0,0.006000000000000001,0.0033333333333333335,0.0033333333333333335,9965316
99b1be8a2eb0,looped_transformer,compose,35000,16,interp,"{""depth"": 2}",3,True,False,0,0.0,0.0,0.0,0.0,"[0.0, 0.0, 0.0]",0.0,0.0,0.0,0.0,9965316
99b1be8a2eb0,looped_transformer,compose,37500,16,interp,"{""depth"": 1}",3,True,False,0,0.0026666666666666666,0.0024944382578492943,0.0,0.006,"[0.002, 0.006, 0.0]",0.0,0.006000000000000001,0.0026666666666666666,0.0026666666666666666,9965316
99b1be8a2eb0,looped_transformer,compose,37500,16,interp,"{""depth"": 2}",3,True,False,0,0.0,0.0,0.0,0.0,"[0.0, 0.0, 0.0]",0.0,0.0,0.0,0.0,9965316
99b1be8a2eb0,looped_transformer,compose,40000,16,interp,"{""depth"": 1}",3,True,False,0,0.0033333333333333335,0.0024944382578492943,0.0,0.006,"[0.004, 0.006, 0.0]",0.0,0.006000000000000001,0.0033333333333333335,0.0033333333333333335,9965316
99b1be8a2eb0,looped_transformer,compose,40000,16,interp,"{""depth"": 2}",3,True,False,0,0.0,0.0,0.0,0.0,"[0.0, 0.0, 0.0]",0.0,0.0,0.0,0.0,9965316
99b1be8a2eb0,looped_transformer,compose,40000,32,interp,"{""depth"": 1}",3,True,False,0,0.0026666666666666666,0.0024944382578492943,0.0,0.006,"[0.002, 0.006, 0.0]",0.0,0.006000000000000001,0.0026666666666666666,0.0026666666666666666,9965316
99b1be8a2eb0,looped_transformer,compose,40000,32,interp,"{""depth"": 2}",3,True,False,0,0.0,0.0,0.0,0.0,"[0.0, 0.0, 0.0]",0.0,0.0,0.0,0.0,9965316
99b1be8a2eb0,looped_transformer,compose,2500,1,mild,"{""depth"": 3}",3,True,False,0,0.0,0.0,0.0,0.0,"[0.0, 0.0, 0.0]",0.0,0.0,0.0,0.0,9965316
99b1be8a2eb0,looped_transformer,compose,2500,1,mild,"{""depth"": 4}",3,True,False,0,0.0013333333333333333,0.0009428090415820634,0.0,0.002,"[0.0, 0.002, 0.002]",0.0,0.002,0.0013333333333333333,0.0013333333333333333,9965316
99b1be8a2eb0,looped_transformer,compose,5000,1,mild,"{""depth"": 3}",3,True,False,0,0.0,0.0,0.0,0.0,"[0.0, 0.0, 0.0]",0.0,0.0,0.0,0.0,9965316
99b1be8a2eb0,looped_transformer,compose,5000,1,mild,"{""depth"": 4}",3,True,False,0,0.0,0.0,0.0,0.0,"[0.0, 0.0, 0.0]",0.0,0.0,0.0,0.0,9965316
99b1be8a2eb0,looped_transformer,compose,7500,1,mild,"{""depth"": 3}",3,True,False,0,0.0006666666666666666,0.0009428090415820634,0.0,0.002,"[0.002, 0.0, 0.0]",0.0,0.002,0.0006666666666666666,0.0006666666666666666,9965316
99b1be8a2eb0,looped_transformer,compose,7500,1,mild,"{""depth"": 4}",3,True,False,0,0.0,0.0,0.0,0.0,"[0.0, 0.0, 0.0]",0.0,0.0,0.0,0.0,9965316
99b1be8a2eb0,looped_transformer,compose,10000,1,mild,"{""depth"": 3}",3,True,False,0,0.0006666666666666666,0.0009428090415820634,0.0,0.002,"[0.0, 0.002, 0.0]",0.0,0.002,0.0006666666666666666,0.0006666666666666666,9965316
99b1be8a2eb0,looped_transformer,compose,10000,1,mild,"{""depth"": 4}",3,True,False,0,0.0013333333333333333,0.0009428090415820634,0.0,0.002,"[0.002, 0.002, 0.0]",0.0,0.002,0.0013333333333333333,0.0013333333333333333,9965316
99b1be8a2eb0,looped_transformer,compose,12500,1,mild,"{""depth"": 3}",3,True,False,0,0.0006666666666666666,0.0009428090415820634,0.0,0.002,"[0.0, 0.0, 0.002]",0.0,0.002,0.0006666666666666666,0.0006666666666666666,9965316
99b1be8a2eb0,looped_transformer,compose,12500,1,mild,"{""depth"": 4}",3,True,False,0,0.0,0.0,0.0,0.0,"[0.0, 0.0, 0.0]",0.0,0.0,0.0,0.0,9965316
99b1be8a2eb0,looped_transformer,compose,15000,1,mild,"{""depth"": 3}",3,True,False,0,0.0013333333333333333,0.0018856180831641268,0.0,0.004,"[0.0, 0.0, 0.004]",0.0,0.004,0.0013333333333333333,0.0013333333333333333,9965316
99b1be8a2eb0,looped_transformer,compose,15000,1,mild,"{""depth"": 4}",3,True,False,0,0.0,0.0,0.0,0.0,"[0.0, 0.0, 0.0]",0.0,0.0,0.0,0.0,9965316
99b1be8a2eb0,looped_transformer,compose,17500,1,mild,"{""depth"": 3}",3,True,False,0,0.0006666666666666666,0.0009428090415820634,0.0,0.002,"[0.002, 0.0, 0.0]",0.0,0.002,0.0006666666666666666,0.0006666666666666666,9965316
99b1be8a2eb0,looped_transformer,compose,17500,1,mild,"{""depth"": 4}",3,True,False,0,0.0,0.0,0.0,0.0,"[0.0, 0.0, 0.0]",0.0,0.0,0.0,0.0,9965316
99b1be8a2eb0,looped_transformer,compose,20000,1,mild,"{""depth"": 3}",3,True,False,0,0.0006666666666666666,0.0009428090415820634,0.0,0.002,"[0.002, 0.0, 0.0]",0.0,0.002,0.0006666666666666666,0.0006666666666666666,9965316
99b1be8a2eb0,looped_transformer,compose,20000,1,mild,"{""depth"": 4}",3,True,False,0,0.0013333333333333333,0.0009428090415820634,0.0,0.002,"[0.0, 0.002, 0.002]",0.0,0.002,0.0013333333333333333,0.0013333333333333333,9965316
99b1be8a2eb0,looped_transformer,compose,22500,1,mild,"{""depth"": 3}",3,True,False,0,0.0,0.0,0.0,0.0,"[0.0, 0.0, 0.0]",0.0,0.0,0.0,0.0,9965316
99b1be8a2eb0,looped_transformer,compose,22500,1,mild,"{""depth"": 4}",3,True,False,0,0.0013333333333333333,0.0009428090415820634,0.0,0.002,"[0.002, 0.0, 0.002]",0.0,0.002,0.0013333333333333333,0.0013333333333333333,9965316
99b1be8a2eb0,looped_transformer,compose,25000,1,mild,"{""depth"": 3}",3,True,False,0,0.0,0.0,0.0,0.0,"[0.0, 0.0, 0.0]",0.0,0.0,0.0,0.0,9965316
99b1be8a2eb0,looped_transformer,compose,25000,1,mild,"{""depth"": 4}",3,True,False,0,0.0006666666666666666,0.0009428090415820634,0.0,0.002,"[0.002, 0.0, 0.0]",0.0,0.002,0.0006666666666666666,0.0006666666666666666,9965316
99b1be8a2eb0,looped_transformer,compose,27500,1,mild,"{""depth"": 3}",3,True,False,0,0.0026666666666666666,0.0009428090415820634,0.002,0.004,"[0.002, 0.004, 0.002]",0.002,0.004,0.0026666666666666666,0.0026666666666666666,9965316
99b1be8a2eb0,looped_transformer,compose,27500,1,mild,"{""depth"": 4}",3,True,False,0,0.0,0.0,0.0,0.0,"[0.0, 0.0, 0.0]",0.0,0.0,0.0,0.0,9965316
99b1be8a2eb0,looped_transformer,compose,30000,1,mild,"{""depth"": 3}",3,True,False,0,0.002,0.001632993161855452,0.0,0.004,"[0.0, 0.002, 0.004]",0.0,0.004,0.002,0.002,9965316
99b1be8a2eb0,looped_transformer,compose,30000,1,mild,"{""depth"": 4}",3,True,False,0,0.0013333333333333333,0.0018856180831641268,0.0,0.004,"[0.0, 0.0, 0.004]",0.0,0.004,0.0013333333333333333,0.0013333333333333333,9965316
99b1be8a2eb0,looped_transformer,compose,32500,1,mild,"{""depth"": 3}",3,True,False,0,0.0013333333333333333,0.0018856180831641268,0.0,0.004,"[0.004, 0.0, 0.0]",0.0,0.004,0.0013333333333333333,0.0013333333333333333,9965316
99b1be8a2eb0,looped_transformer,compose,32500,1,mild,"{""depth"": 4}",3,True,False,0,0.0006666666666666666,0.0009428090415820634,0.0,0.002,"[0.0, 0.002, 0.0]",0.0,0.002,0.0006666666666666666,0.0006666666666666666,9965316
99b1be8a2eb0,looped_transformer,compose,35000,1,mild,"{""depth"": 3}",3,True,False,0,0.0026666666666666666,0.0009428090415820634,0.002,0.004,"[0.004, 0.002, 0.002]",0.002,0.004,0.0026666666666666666,0.0026666666666666666,9965316
99b1be8a2eb0,looped_transformer,compose,35000,1,mild,"{""depth"": 4}",3,True,False,0,0.002,0.00282842712474619,0.0,0.006,"[0.0, 0.006, 0.0]",0.0,0.006000000000000001,0.002,0.002,9965316
99b1be8a2eb0,looped_transformer,compose,37500,1,mild,"{""depth"": 3}",3,True,False,0,0.0026666666666666666,0.0009428090415820634,0.002,0.004,"[0.004, 0.002, 0.002]",0.002,0.004,0.0026666666666666666,0.0026666666666666666,9965316
99b1be8a2eb0,looped_transformer,compose,37500,1,mild,"{""depth"": 4}",3,True,False,0,0.0006666666666666666,0.0009428090415820634,0.0,0.002,"[0.0, 0.002, 0.0]",0.0,0.002,0.0006666666666666666,0.0006666666666666666,9965316
99b1be8a2eb0,looped_transformer,compose,40000,1,mild,"{""depth"": 3}",3,True,False,0,0.0026666666666666666,0.0009428090415820634,0.002,0.004,"[0.004, 0.002, 0.002]",0.002,0.004,0.0026666666666666666,0.0026666666666666666,9965316
99b1be8a2eb0,looped_transformer,compose,40000,1,mild,"{""depth"": 4}",3,True,False,0,0.0013333333333333333,0.0018856180831641268,0.0,0.004,"[0.0, 0.004, 0.0]",0.0,0.004,0.0013333333333333333,0.0013333333333333333,9965316
99b1be8a2eb0,looped_transformer,compose,40000,2,mild,"{""depth"": 3}",3,True,False,0,0.0006666666666666666,0.0009428090415820634,0.0,0.002,"[0.002, 0.0, 0.0]",0.0,0.002,0.0006666666666666666,0.0006666666666666666,9965316
99b1be8a2eb0,looped_transformer,compose,40000,2,mild,"{""depth"": 4}",3,True,False,0,0.002,0.001632993161855452,0.0,0.004,"[0.0, 0.004, 0.002]",0.0,0.004,0.002,0.002,9965316
99b1be8a2eb0,looped_transformer,compose,2500,4,mild,"{""depth"": 3}",3,True,False,0,0.0,0.0,0.0,0.0,"[0.0, 0.0, 0.0]",0.0,0.0,0.0,0.0,9965316
99b1be8a2eb0,looped_transformer,compose,2500,4,mild,"{""depth"": 4}",3,True,False,0,0.0013333333333333333,0.0009428090415820634,0.0,0.002,"[0.0, 0.002, 0.002]",0.0,0.002,0.0013333333333333333,0.0013333333333333333,9965316
99b1be8a2eb0,looped_transformer,compose,5000,4,mild,"{""depth"": 3}",3,True,False,0,0.0,0.0,0.0,0.0,"[0.0, 0.0, 0.0]",0.0,0.0,0.0,0.0,9965316
99b1be8a2eb0,looped_transformer,compose,5000,4,mild,"{""depth"": 4}",3,True,False,0,0.0,0.0,0.0,0.0,"[0.0, 0.0, 0.0]",0.0,0.0,0.0,0.0,9965316
99b1be8a2eb0,looped_transformer,compose,7500,4,mild,"{""depth"": 3}",3,True,False,0,0.0,0.0,0.0,0.0,"[0.0, 0.0, 0.0]",0.0,0.0,0.0,0.0,9965316
99b1be8a2eb0,looped_transformer,compose,7500,4,mild,"{""depth"": 4}",3,True,False,0,0.0,0.0,0.0,0.0,"[0.0, 0.0, 0.0]",0.0,0.0,0.0,0.0,9965316
99b1be8a2eb0,looped_transformer,compose,10000,4,mild,"{""depth"": 3}",3,True,False,0,0.0,0.0,0.0,0.0,"[0.0, 0.0, 0.0]",0.0,0.0,0.0,0.0,9965316
99b1be8a2eb0,looped_transformer,compose,10000,4,mild,"{""depth"": 4}",3,True,False,0,0.0013333333333333333,0.0009428090415820634,0.0,0.002,"[0.002, 0.002, 0.0]",0.0,0.002,0.0013333333333333333,0.0013333333333333333,9965316
99b1be8a2eb0,looped_transformer,compose,12500,4,mild,"{""depth"": 3}",3,True,False,0,0.0,0.0,0.0,0.0,"[0.0, 0.0, 0.0]",0.0,0.0,0.0,0.0,9965316
99b1be8a2eb0,looped_transformer,compose,12500,4,mild,"{""depth"": 4}",3,True,False,0,0.0013333333333333333,0.0009428090415820634,0.0,0.002,"[0.002, 0.0, 0.002]",0.0,0.002,0.0013333333333333333,0.0013333333333333333,9965316
99b1be8a2eb0,looped_transformer,compose,15000,4,mild,"{""depth"": 3}",3,True,False,0,0.0013333333333333333,0.0018856180831641268,0.0,0.004,"[0.0, 0.0, 0.004]",0.0,0.004,0.0013333333333333333,0.0013333333333333333,9965316
99b1be8a2eb0,looped_transformer,compose,15000,4,mild,"{""depth"": 4}",3,True,False,0,0.0006666666666666666,0.0009428090415820634,0.0,0.002,"[0.0, 0.002, 0.0]",0.0,0.002,0.0006666666666666666,0.0006666666666666666,9965316
99b1be8a2eb0,looped_transformer,compose,17500,4,mild,"{""depth"": 3}",3,True,False,0,0.0013333333333333333,0.0009428090415820634,0.0,0.002,"[0.002, 0.0, 0.002]",0.0,0.002,0.0013333333333333333,0.0013333333333333333,9965316
99b1be8a2eb0,looped_transformer,compose,17500,4,mild,"{""depth"": 4}",3,True,False,0,0.0,0.0,0.0,0.0,"[0.0, 0.0, 0.0]",0.0,0.0,0.0,0.0,9965316
99b1be8a2eb0,looped_transformer,compose,20000,4,mild,"{""depth"": 3}",3,True,False,0,0.0006666666666666666,0.0009428090415820634,0.0,0.002,"[0.002, 0.0, 0.0]",0.0,0.002,0.0006666666666666666,0.0006666666666666666,9965316
99b1be8a2eb0,looped_transformer,compose,20000,4,mild,"{""depth"": 4}",3,True,False,0,0.0013333333333333333,0.0009428090415820634,0.0,0.002,"[0.0, 0.002, 0.002]",0.0,0.002,0.0013333333333333333,0.0013333333333333333,9965316
99b1be8a2eb0,looped_transformer,compose,22500,4,mild,"{""depth"": 3}",3,True,False,0,0.0013333333333333333,0.0018856180831641268,0.0,0.004,"[0.0, 0.0, 0.004]",0.0,0.004,0.0013333333333333333,0.0013333333333333333,9965316
99b1be8a2eb0,looped_transformer,compose,22500,4,mild,"{""depth"": 4}",3,True,False,0,0.0,0.0,0.0,0.0,"[0.0, 0.0, 0.0]",0.0,0.0,0.0,0.0,9965316
99b1be8a2eb0,looped_transformer,compose,25000,4,mild,"{""depth"": 3}",3,True,False,0,0.0,0.0,0.0,0.0,"[0.0, 0.0, 0.0]",0.0,0.0,0.0,0.0,9965316
99b1be8a2eb0,looped_transformer,compose,25000,4,mild,"{""depth"": 4}",3,True,False,0,0.0013333333333333333,0.0018856180831641268,0.0,0.004,"[0.0, 0.0, 0.004]",0.0,0.004,0.0013333333333333333,0.0013333333333333333,9965316
99b1be8a2eb0,looped_transformer,compose,27500,4,mild,"{""depth"": 3}",3,True,False,0,0.0006666666666666666,0.0009428090415820634,0.0,0.002,"[0.002, 0.0, 0.0]",0.0,0.002,0.0006666666666666666,0.0006666666666666666,9965316
99b1be8a2eb0,looped_transformer,compose,27500,4,mild,"{""depth"": 4}",3,True,False,0,0.0013333333333333333,0.0009428090415820634,0.0,0.002,"[0.0, 0.002, 0.002]",0.0,0.002,0.0013333333333333333,0.0013333333333333333,9965316
99b1be8a2eb0,looped_transformer,compose,30000,4,mild,"{""depth"": 3}",3,True,False,0,0.0013333333333333333,0.0018856180831641268,0.0,0.004,"[0.0, 0.004, 0.0]",0.0,0.004,0.0013333333333333333,0.0013333333333333333,9965316
99b1be8a2eb0,looped_transformer,compose,30000,4,mild,"{""depth"": 4}",3,True,False,0,0.0026666666666666666,0.0018856180831641268,0.0,0.004,"[0.0, 0.004, 0.004]",0.0,0.004,0.0026666666666666666,0.0026666666666666666,9965316
99b1be8a2eb0,looped_transformer,compose,32500,4,mild,"{""depth"": 3}",3,True,False,0,0.0013333333333333333,0.0009428090415820634,0.0,0.002,"[0.002, 0.002, 0.0]",0.0,0.002,0.0013333333333333333,0.0013333333333333333,9965316
99b1be8a2eb0,looped_transformer,compose,32500,4,mild,"{""depth"": 4}",3,True,False,0,0.0013333333333333333,0.0009428090415820634,0.0,0.002,"[0.0, 0.002, 0.002]",0.0,0.002,0.0013333333333333333,0.0013333333333333333,9965316
99b1be8a2eb0,looped_transformer,compose,35000,4,mild,"{""depth"": 3}",3,True,False,0,0.0006666666666666666,0.0009428090415820634,0.0,0.002,"[0.002, 0.0, 0.0]",0.0,0.002,0.0006666666666666666,0.0006666666666666666,9965316
99b1be8a2eb0,looped_transformer,compose,35000,4,mild,"{""depth"": 4}",3,True,False,0,0.0033333333333333335,0.0024944382578492943,0.0,0.006,"[0.0, 0.006, 0.004]",0.0,0.006000000000000001,0.0033333333333333335,0.0033333333333333335,9965316
99b1be8a2eb0,looped_transformer,compose,37500,4,mild,"{""depth"": 3}",3,True,False,0,0.0006666666666666666,0.0009428090415820634,0.0,0.002,"[0.002, 0.0, 0.0]",0.0,0.002,0.0006666666666666666,0.0006666666666666666,9965316
99b1be8a2eb0,looped_transformer,compose,37500,4,mild,"{""depth"": 4}",3,True,False,0,0.0026666666666666666,0.0024944382578492943,0.0,0.006,"[0.0, 0.006, 0.002]",0.0,0.006000000000000001,0.0026666666666666666,0.0026666666666666666,9965316
99b1be8a2eb0,looped_transformer,compose,40000,4,mild,"{""depth"": 3}",3,True,False,0,0.0006666666666666666,0.0009428090415820634,0.0,0.002,"[0.002, 0.0, 0.0]",0.0,0.002,0.0006666666666666666,0.0006666666666666666,9965316
99b1be8a2eb0,looped_transformer,compose,40000,4,mild,"{""depth"": 4}",3,True,False,0,0.0026666666666666666,0.0024944382578492943,0.0,0.006,"[0.0, 0.006, 0.002]",0.0,0.006000000000000001,0.0026666666666666666,0.0026666666666666666,9965316
99b1be8a2eb0,looped_transformer,compose,40000,8,mild,"{""depth"": 3}",3,True,False,0,0.0013333333333333333,0.0018856180831641268,0.0,0.004,"[0.0, 0.004, 0.0]",0.0,0.004,0.0013333333333333333,0.0013333333333333333,9965316
99b1be8a2eb0,looped_transformer,compose,40000,8,mild,"{""depth"": 4}",3,True,False,0,0.002,0.001632993161855452,0.0,0.004,"[0.0, 0.004, 0.002]",0.0,0.004,0.002,0.002,9965316
99b1be8a2eb0,looped_transformer,compose,2500,16,mild,"{""depth"": 3}",3,True,False,0,0.0,0.0,0.0,0.0,"[0.0, 0.0, 0.0]",0.0,0.0,0.0,0.0,9965316
99b1be8a2eb0,looped_transformer,compose,2500,16,mild,"{""depth"": 4}",3,True,False,0,0.0006666666666666666,0.0009428090415820634,0.0,0.002,"[0.0, 0.002, 0.0]",0.0,0.002,0.0006666666666666666,0.0006666666666666666,9965316
99b1be8a2eb0,looped_transformer,compose,5000,16,mild,"{""depth"": 3}",3,True,False,0,0.0,0.0,0.0,0.0,"[0.0, 0.0, 0.0]",0.0,0.0,0.0,0.0,9965316
99b1be8a2eb0,looped_transformer,compose,5000,16,mild,"{""depth"": 4}",3,True,False,0,0.0,0.0,0.0,0.0,"[0.0, 0.0, 0.0]",0.0,0.0,0.0,0.0,9965316
99b1be8a2eb0,looped_transformer,compose,7500,16,mild,"{""depth"": 3}",3,True,False,0,0.0006666666666666666,0.0009428090415820634,0.0,0.002,"[0.0, 0.002, 0.0]",0.0,0.002,0.0006666666666666666,0.0006666666666666666,9965316
99b1be8a2eb0,looped_transformer,compose,7500,16,mild,"{""depth"": 4}",3,True,False,0,0.0,0.0,0.0,0.0,"[0.0, 0.0, 0.0]",0.0,0.0,0.0,0.0,9965316
99b1be8a2eb0,looped_transformer,compose,10000,16,mild,"{""depth"": 3}",3,True,False,0,0.0,0.0,0.0,0.0,"[0.0, 0.0, 0.0]",0.0,0.0,0.0,0.0,9965316
99b1be8a2eb0,looped_transformer,compose,10000,16,mild,"{""depth"": 4}",3,True,False,0,0.0006666666666666666,0.0009428090415820634,0.0,0.002,"[0.002, 0.0, 0.0]",0.0,0.002,0.0006666666666666666,0.0006666666666666666,9965316
99b1be8a2eb0,looped_transformer,compose,12500,16,mild,"{""depth"": 3}",3,True,False,0,0.0,0.0,0.0,0.0,"[0.0, 0.0, 0.0]",0.0,0.0,0.0,0.0,9965316
99b1be8a2eb0,looped_transformer,compose,12500,16,mild,"{""depth"": 4}",3,True,False,0,0.0006666666666666666,0.0009428090415820634,0.0,0.002,"[0.002, 0.0, 0.0]",0.0,0.002,0.0006666666666666666,0.0006666666666666666,9965316
99b1be8a2eb0,looped_transformer,compose,15000,16,mild,"{""depth"": 3}",3,True,False,0,0.0013333333333333333,0.0009428090415820634,0.0,0.002,"[0.002, 0.0, 0.002]",0.0,0.002,0.0013333333333333333,0.0013333333333333333,9965316
99b1be8a2eb0,looped_transformer,compose,15000,16,mild,"{""depth"": 4}",3,True,False,0,0.002,0.001632993161855452,0.0,0.004,"[0.002, 0.004, 0.0]",0.0,0.004,0.002,0.002,9965316
99b1be8a2eb0,looped_transformer,compose,17500,16,mild,"{""depth"": 3}",3,True,False,0,0.0006666666666666666,0.0009428090415820634,0.0,0.002,"[0.0, 0.0, 0.002]",0.0,0.002,0.0006666666666666666,0.0006666666666666666,9965316
99b1be8a2eb0,looped_transformer,compose,17500,16,mild,"{""depth"": 4}",3,True,False,0,0.0,0.0,0.0,0.0,"[0.0, 0.0, 0.0]",0.0,0.0,0.0,0.0,9965316
99b1be8a2eb0,looped_transformer,compose,20000,16,mild,"{""depth"": 3}",3,True,False,0,0.0,0.0,0.0,0.0,"[0.0, 0.0, 0.0]",0.0,0.0,0.0,0.0,9965316
99b1be8a2eb0,looped_transformer,compose,20000,16,mild,"{""depth"": 4}",3,True,False,0,0.002,0.001632993161855452,0.0,0.004,"[0.002, 0.004, 0.0]",0.0,0.004,0.002,0.002,9965316
99b1be8a2eb0,looped_transformer,compose,22500,16,mild,"{""depth"": 3}",3,True,False,0,0.0013333333333333333,0.0009428090415820634,0.0,0.002,"[0.002, 0.0, 0.002]",0.0,0.002,0.0013333333333333333,0.0013333333333333333,9965316
99b1be8a2eb0,looped_transformer,compose,22500,16,mild,"{""depth"": 4}",3,True,False,0,0.0006666666666666666,0.0009428090415820634,0.0,0.002,"[0.0, 0.002, 0.0]",0.0,0.002,0.0006666666666666666,0.0006666666666666666,9965316
99b1be8a2eb0,looped_transformer,compose,25000,16,mild,"{""depth"": 3}",3,True,False,0,0.0,0.0,0.0,0.0,"[0.0, 0.0, 0.0]",0.0,0.0,0.0,0.0,9965316
99b1be8a2eb0,looped_transformer,compose,25000,16,mild,"{""depth"": 4}",3,True,False,0,0.0006666666666666666,0.0009428090415820634,0.0,0.002,"[0.0, 0.0, 0.002]",0.0,0.002,0.0006666666666666666,0.0006666666666666666,9965316
99b1be8a2eb0,looped_transformer,compose,27500,16,mild,"{""depth"": 3}",3,True,False,0,0.0006666666666666666,0.0009428090415820634,0.0,0.002,"[0.0, 0.002, 0.0]",0.0,0.002,0.0006666666666666666,0.0006666666666666666,9965316
99b1be8a2eb0,looped_transformer,compose,27500,16,mild,"{""depth"": 4}",3,True,False,0,0.0013333333333333333,0.0009428090415820634,0.0,0.002,"[0.0, 0.002, 0.002]",0.0,0.002,0.0013333333333333333,0.0013333333333333333,9965316
99b1be8a2eb0,looped_transformer,compose,30000,16,mild,"{""depth"": 3}",3,True,False,0,0.0006666666666666666,0.0009428090415820634,0.0,0.002,"[0.0, 0.002, 0.0]",0.0,0.002,0.0006666666666666666,0.0006666666666666666,9965316
99b1be8a2eb0,looped_transformer,compose,30000,16,mild,"{""depth"": 4}",3,True,False,0,0.0013333333333333333,0.0009428090415820634,0.0,0.002,"[0.0, 0.002, 0.002]",0.0,0.002,0.0013333333333333333,0.0013333333333333333,9965316
99b1be8a2eb0,looped_transformer,compose,32500,16,mild,"{""depth"": 3}",3,True,False,0,0.0,0.0,0.0,0.0,"[0.0, 0.0, 0.0]",0.0,0.0,0.0,0.0,9965316
99b1be8a2eb0,looped_transformer,compose,32500,16,mild,"{""depth"": 4}",3,True,False,0,0.0013333333333333333,0.0009428090415820634,0.0,0.002,"[0.0, 0.002, 0.002]",0.0,0.002,0.0013333333333333333,0.0013333333333333333,9965316
99b1be8a2eb0,looped_transformer,compose,35000,16,mild,"{""depth"": 3}",3,True,False,0,0.002,0.001632993161855452,0.0,0.004,"[0.0, 0.004, 0.002]",0.0,0.004,0.002,0.002,9965316
99b1be8a2eb0,looped_transformer,compose,35000,16,mild,"{""depth"": 4}",3,True,False,0,0.002,0.001632993161855452,0.0,0.004,"[0.0, 0.004, 0.002]",0.0,0.004,0.002,0.002,9965316
99b1be8a2eb0,looped_transformer,compose,37500,16,mild,"{""depth"": 3}",3,True,False,0,0.0013333333333333333,0.0018856180831641268,0.0,0.004,"[0.0, 0.004, 0.0]",0.0,0.004,0.0013333333333333333,0.0013333333333333333,9965316
99b1be8a2eb0,looped_transformer,compose,37500,16,mild,"{""depth"": 4}",3,True,False,0,0.002,0.001632993161855452,0.0,0.004,"[0.0, 0.004, 0.002]",0.0,0.004,0.002,0.002,9965316
99b1be8a2eb0,looped_transformer,compose,40000,16,mild,"{""depth"": 3}",3,True,False,0,0.0013333333333333333,0.0018856180831641268,0.0,0.004,"[0.0, 0.004, 0.0]",0.0,0.004,0.0013333333333333333,0.0013333333333333333,9965316
99b1be8a2eb0,looped_transformer,compose,40000,16,mild,"{""depth"": 4}",3,True,False,0,0.002,0.001632993161855452,0.0,0.004,"[0.0, 0.004, 0.002]",0.0,0.004,0.002,0.002,9965316
99b1be8a2eb0,looped_transformer,compose,40000,32,mild,"{""depth"": 3}",3,True,False,0,0.0,0.0,0.0,0.0,"[0.0, 0.0, 0.0]",0.0,0.0,0.0,0.0,9965316
99b1be8a2eb0,looped_transformer,compose,40000,32,mild,"{""depth"": 4}",3,True,False,0,0.0026666666666666666,0.0018856180831641268,0.0,0.004,"[0.0, 0.004, 0.004]",0.0,0.004,0.0026666666666666666,0.0026666666666666666,9965316
99b1be8a2eb0,looped_transformer,compose,2500,1,strong,"{""depth"": 6}",3,True,False,0,0.0,0.0,0.0,0.0,"[0.0, 0.0, 0.0]",0.0,0.0,0.0,0.0,9965316
99b1be8a2eb0,looped_transformer,compose,2500,1,strong,"{""depth"": 8}",3,True,False,0,0.0,0.0,0.0,0.0,"[0.0, 0.0, 0.0]",0.0,0.0,0.0,0.0,9965316
99b1be8a2eb0,looped_transformer,compose,5000,1,strong,"{""depth"": 6}",3,True,False,0,0.0006666666666666666,0.0009428090415820634,0.0,0.002,"[0.0, 0.0, 0.002]",0.0,0.002,0.0006666666666666666,0.0006666666666666666,9965316
99b1be8a2eb0,looped_transformer,compose,5000,1,strong,"{""depth"": 8}",3,True,False,0,0.0006666666666666666,0.0009428090415820634,0.0,0.002,"[0.002, 0.0, 0.0]",0.0,0.002,0.0006666666666666666,0.0006666666666666666,9965316
99b1be8a2eb0,looped_transformer,compose,7500,1,strong,"{""depth"": 6}",3,True,False,0,0.0,0.0,0.0,0.0,"[0.0, 0.0, 0.0]",0.0,0.0,0.0,0.0,9965316
99b1be8a2eb0,looped_transformer,compose,7500,1,strong,"{""depth"": 8}",3,True,False,0,0.0,0.0,0.0,0.0,"[0.0, 0.0, 0.0]",0.0,0.0,0.0,0.0,9965316
99b1be8a2eb0,looped_transformer,compose,10000,1,strong,"{""depth"": 6}",3,True,False,0,0.0,0.0,0.0,0.0,"[0.0, 0.0, 0.0]",0.0,0.0,0.0,0.0,9965316
99b1be8a2eb0,looped_transformer,compose,10000,1,strong,"{""depth"": 8}",3,True,False,0,0.0,0.0,0.0,0.0,"[0.0, 0.0, 0.0]",0.0,0.0,0.0,0.0,9965316
99b1be8a2eb0,looped_transformer,compose,12500,1,strong,"{""depth"": 6}",3,True,False,0,0.0013333333333333333,0.0018856180831641268,0.0,0.004,"[0.0, 0.004, 0.0]",0.0,0.004,0.0013333333333333333,0.0013333333333333333,9965316
99b1be8a2eb0,looped_transformer,compose,12500,1,strong,"{""depth"": 8}",3,True,False,0,0.0013333333333333333,0.0018856180831641268,0.0,0.004,"[0.004, 0.0, 0.0]",0.0,0.004,0.0013333333333333333,0.0013333333333333333,9965316
99b1be8a2eb0,looped_transformer,compose,15000,1,strong,"{""depth"": 6}",3,True,False,0,0.0,0.0,0.0,0.0,"[0.0, 0.0, 0.0]",0.0,0.0,0.0,0.0,9965316
99b1be8a2eb0,looped_transformer,compose,15000,1,strong,"{""depth"": 8}",3,True,False,0,0.0,0.0,0.0,0.0,"[0.0, 0.0, 0.0]",0.0,0.0,0.0,0.0,9965316
99b1be8a2eb0,looped_transformer,compose,17500,1,strong,"{""depth"": 6}",3,True,False,0,0.0006666666666666666,0.0009428090415820634,0.0,0.002,"[0.002, 0.0, 0.0]",0.0,0.002,0.0006666666666666666,0.0006666666666666666,9965316
99b1be8a2eb0,looped_transformer,compose,17500,1,strong,"{""depth"": 8}",3,True,False,0,0.0,0.0,0.0,0.0,"[0.0, 0.0, 0.0]",0.0,0.0,0.0,0.0,9965316
99b1be8a2eb0,looped_transformer,compose,20000,1,strong,"{""depth"": 6}",3,True,False,0,0.0,0.0,0.0,0.0,"[0.0, 0.0, 0.0]",0.0,0.0,0.0,0.0,9965316
99b1be8a2eb0,looped_transformer,compose,20000,1,strong,"{""depth"": 8}",3,True,False,0,0.0,0.0,0.0,0.0,"[0.0, 0.0, 0.0]",0.0,0.0,0.0,0.0,9965316
99b1be8a2eb0,looped_transformer,compose,22500,1,strong,"{""depth"": 6}",3,True,False,0,0.0,0.0,0.0,0.0,"[0.0, 0.0, 0.0]",0.0,0.0,0.0,0.0,9965316
99b1be8a2eb0,looped_transformer,compose,22500,1,strong,"{""depth"": 8}",3,True,False,0,0.0,0.0,0.0,0.0,"[0.0, 0.0, 0.0]",0.0,0.0,0.0,0.0,9965316
99b1be8a2eb0,looped_transformer,compose,25000,1,strong,"{""depth"": 6}",3,True,False,0,0.0,0.0,0.0,0.0,"[0.0, 0.0, 0.0]",0.0,0.0,0.0,0.0,9965316
99b1be8a2eb0,looped_transformer,compose,25000,1,strong,"{""depth"": 8}",3,True,False,0,0.0013333333333333333,0.0018856180831641268,0.0,0.004,"[0.004, 0.0, 0.0]",0.0,0.004,0.0013333333333333333,0.0013333333333333333,9965316
99b1be8a2eb0,looped_transformer,compose,27500,1,strong,"{""depth"": 6}",3,True,False,0,0.0013333333333333333,0.0018856180831641268,0.0,0.004,"[0.0, 0.004, 0.0]",0.0,0.004,0.0013333333333333333,0.0013333333333333333,9965316
99b1be8a2eb0,looped_transformer,compose,27500,1,strong,"{""depth"": 8}",3,True,False,0,0.0,0.0,0.0,0.0,"[0.0, 0.0, 0.0]",0.0,0.0,0.0,0.0,9965316
99b1be8a2eb0,looped_transformer,compose,30000,1,strong,"{""depth"": 6}",3,True,False,0,0.0006666666666666666,0.0009428090415820634,0.0,0.002,"[0.0, 0.002, 0.0]",0.0,0.002,0.0006666666666666666,0.0006666666666666666,9965316
99b1be8a2eb0,looped_transformer,compose,30000,1,strong,"{""depth"": 8}",3,True,False,0,0.0,0.0,0.0,0.0,"[0.0, 0.0, 0.0]",0.0,0.0,0.0,0.0,9965316
99b1be8a2eb0,looped_transformer,compose,32500,1,strong,"{""depth"": 6}",3,True,False,0,0.0,0.0,0.0,0.0,"[0.0, 0.0, 0.0]",0.0,0.0,0.0,0.0,9965316
99b1be8a2eb0,looped_transformer,compose,32500,1,strong,"{""depth"": 8}",3,True,False,0,0.0,0.0,0.0,0.0,"[0.0, 0.0, 0.0]",0.0,0.0,0.0,0.0,9965316
99b1be8a2eb0,looped_transformer,compose,35000,1,strong,"{""depth"": 6}",3,True,False,0,0.0013333333333333333,0.0009428090415820634,0.0,0.002,"[0.0, 0.002, 0.002]",0.0,0.002,0.0013333333333333333,0.0013333333333333333,9965316
99b1be8a2eb0,looped_transformer,compose,35000,1,strong,"{""depth"": 8}",3,True,False,0,0.0,0.0,0.0,0.0,"[0.0, 0.0, 0.0]",0.0,0.0,0.0,0.0,9965316
99b1be8a2eb0,looped_transformer,compose,37500,1,strong,"{""depth"": 6}",3,True,False,0,0.0013333333333333333,0.0009428090415820634,0.0,0.002,"[0.0, 0.002, 0.002]",0.0,0.002,0.0013333333333333333,0.0013333333333333333,9965316
99b1be8a2eb0,looped_transformer,compose,37500,1,strong,"{""depth"": 8}",3,True,False,0,0.0006666666666666666,0.0009428090415820634,0.0,0.002,"[0.002, 0.0, 0.0]",0.0,0.002,0.0006666666666666666,0.0006666666666666666,9965316
99b1be8a2eb0,looped_transformer,compose,40000,1,strong,"{""depth"": 6}",3,True,False,0,0.0013333333333333333,0.0009428090415820634,0.0,0.002,"[0.0, 0.002, 0.002]",0.0,0.002,0.0013333333333333333,0.0013333333333333333,9965316
99b1be8a2eb0,looped_transformer,compose,40000,1,strong,"{""depth"": 8}",3,True,False,0,0.0006666666666666666,0.0009428090415820634,0.0,0.002,"[0.002, 0.0, 0.0]",0.0,0.002,0.0006666666666666666,0.0006666666666666666,9965316
99b1be8a2eb0,looped_transformer,compose,40000,2,strong,"{""depth"": 6}",3,True,False,0,0.0006666666666666666,0.0009428090415820634,0.0,0.002,"[0.0, 0.0, 0.002]",0.0,0.002,0.0006666666666666666,0.0006666666666666666,9965316
99b1be8a2eb0,looped_transformer,compose,40000,2,strong,"{""depth"": 8}",3,True,False,0,0.0,0.0,0.0,0.0,"[0.0, 0.0, 0.0]",0.0,0.0,0.0,0.0,9965316
99b1be8a2eb0,looped_transformer,compose,2500,4,strong,"{""depth"": 6}",3,True,False,0,0.0,0.0,0.0,0.0,"[0.0, 0.0, 0.0]",0.0,0.0,0.0,0.0,9965316
99b1be8a2eb0,looped_transformer,compose,2500,4,strong,"{""depth"": 8}",3,True,False,0,0.0,0.0,0.0,0.0,"[0.0, 0.0, 0.0]",0.0,0.0,0.0,0.0,9965316
99b1be8a2eb0,looped_transformer,compose,5000,4,strong,"{""depth"": 6}",3,True,False,0,0.0006666666666666666,0.0009428090415820634,0.0,0.002,"[0.0, 0.0, 0.002]",0.0,0.002,0.0006666666666666666,0.0006666666666666666,9965316
99b1be8a2eb0,looped_transformer,compose,5000,4,strong,"{""depth"": 8}",3,True,False,0,0.0,0.0,0.0,0.0,"[0.0, 0.0, 0.0]",0.0,0.0,0.0,0.0,9965316
99b1be8a2eb0,looped_transformer,compose,7500,4,strong,"{""depth"": 6}",3,True,False,0,0.0,0.0,0.0,0.0,"[0.0, 0.0, 0.0]",0.0,0.0,0.0,0.0,9965316
99b1be8a2eb0,looped_transformer,compose,7500,4,strong,"{""depth"": 8}",3,True,False,0,0.0,0.0,0.0,0.0,"[0.0, 0.0, 0.0]",0.0,0.0,0.0,0.0,9965316
99b1be8a2eb0,looped_transformer,compose,10000,4,strong,"{""depth"": 6}",3,True,False,0,0.0,0.0,0.0,0.0,"[0.0, 0.0, 0.0]",0.0,0.0,0.0,0.0,9965316
99b1be8a2eb0,looped_transformer,compose,10000,4,strong,"{""depth"": 8}",3,True,False,0,0.0,0.0,0.0,0.0,"[0.0, 0.0, 0.0]",0.0,0.0,0.0,0.0,9965316
99b1be8a2eb0,looped_transformer,compose,12500,4,strong,"{""depth"": 6}",3,True,False,0,0.0013333333333333333,0.0018856180831641268,0.0,0.004,"[0.0, 0.004, 0.0]",0.0,0.004,0.0013333333333333333,0.0013333333333333333,9965316
99b1be8a2eb0,looped_transformer,compose,12500,4,strong,"{""depth"": 8}",3,True,False,0,0.0,0.0,0.0,0.0,"[0.0, 0.0, 0.0]",0.0,0.0,0.0,0.0,9965316
99b1be8a2eb0,looped_transformer,compose,15000,4,strong,"{""depth"": 6}",3,True,False,0,0.0,0.0,0.0,0.0,"[0.0, 0.0, 0.0]",0.0,0.0,0.0,0.0,9965316
99b1be8a2eb0,looped_transformer,compose,15000,4,strong,"{""depth"": 8}",3,True,False,0,0.0006666666666666666,0.0009428090415820634,0.0,0.002,"[0.0, 0.0, 0.002]",0.0,0.002,0.0006666666666666666,0.0006666666666666666,9965316
99b1be8a2eb0,looped_transformer,compose,17500,4,strong,"{""depth"": 6}",3,True,False,0,0.0,0.0,0.0,0.0,"[0.0, 0.0, 0.0]",0.0,0.0,0.0,0.0,9965316
99b1be8a2eb0,looped_transformer,compose,17500,4,strong,"{""depth"": 8}",3,True,False,0,0.0,0.0,0.0,0.0,"[0.0, 0.0, 0.0]",0.0,0.0,0.0,0.0,9965316
99b1be8a2eb0,looped_transformer,compose,20000,4,strong,"{""depth"": 6}",3,True,False,0,0.0006666666666666666,0.0009428090415820634,0.0,0.002,"[0.0, 0.0, 0.002]",0.0,0.002,0.0006666666666666666,0.0006666666666666666,9965316
99b1be8a2eb0,looped_transformer,compose,20000,4,strong,"{""depth"": 8}",3,True,False,0,0.0,0.0,0.0,0.0,"[0.0, 0.0, 0.0]",0.0,0.0,0.0,0.0,9965316
99b1be8a2eb0,looped_transformer,compose,22500,4,strong,"{""depth"": 6}",3,True,False,0,0.0,0.0,0.0,0.0,"[0.0, 0.0, 0.0]",0.0,0.0,0.0,0.0,9965316
99b1be8a2eb0,looped_transformer,compose,22500,4,strong,"{""depth"": 8}",3,True,False,0,0.0,0.0,0.0,0.0,"[0.0, 0.0, 0.0]",0.0,0.0,0.0,0.0,9965316
99b1be8a2eb0,looped_transformer,compose,25000,4,strong,"{""depth"": 6}",3,True,False,0,0.0,0.0,0.0,0.0,"[0.0, 0.0, 0.0]",0.0,0.0,0.0,0.0,9965316
99b1be8a2eb0,looped_transformer,compose,25000,4,strong,"{""depth"": 8}",3,True,False,0,0.0,0.0,0.0,0.0,"[0.0, 0.0, 0.0]",0.0,0.0,0.0,0.0,9965316
99b1be8a2eb0,looped_transformer,compose,27500,4,strong,"{""depth"": 6}",3,True,False,0,0.0006666666666666666,0.0009428090415820634,0.0,0.002,"[0.0, 0.002, 0.0]",0.0,0.002,0.0006666666666666666,0.0006666666666666666,9965316
99b1be8a2eb0,looped_transformer,compose,27500,4,strong,"{""depth"": 8}",3,True,False,0,0.0006666666666666666,0.0009428090415820634,0.0,0.002,"[0.0, 0.0, 0.002]",0.0,0.002,0.0006666666666666666,0.0006666666666666666,9965316
99b1be8a2eb0,looped_transformer,compose,30000,4,strong,"{""depth"": 6}",3,True,False,0,0.0006666666666666666,0.0009428090415820634,0.0,0.002,"[0.0, 0.002, 0.0]",0.0,0.002,0.0006666666666666666,0.0006666666666666666,9965316
99b1be8a2eb0,looped_transformer,compose,30000,4,strong,"{""depth"": 8}",3,True,False,0,0.0006666666666666666,0.0009428090415820634,0.0,0.002,"[0.0, 0.002, 0.0]",0.0,0.002,0.0006666666666666666,0.0006666666666666666,9965316
99b1be8a2eb0,looped_transformer,compose,32500,4,strong,"{""depth"": 6}",3,True,False,0,0.0006666666666666666,0.0009428090415820634,0.0,0.002,"[0.0, 0.002, 0.0]",0.0,0.002,0.0006666666666666666,0.0006666666666666666,9965316
99b1be8a2eb0,looped_transformer,compose,32500,4,strong,"{""depth"": 8}",3,True,False,0,0.0006666666666666666,0.0009428090415820634,0.0,0.002,"[0.0, 0.002, 0.0]",0.0,0.002,0.0006666666666666666,0.0006666666666666666,9965316
99b1be8a2eb0,looped_transformer,compose,35000,4,strong,"{""depth"": 6}",3,True,False,0,0.0006666666666666666,0.0009428090415820634,0.0,0.002,"[0.0, 0.002, 0.0]",0.0,0.002,0.0006666666666666666,0.0006666666666666666,9965316
99b1be8a2eb0,looped_transformer,compose,35000,4,strong,"{""depth"": 8}",3,True,False,0,0.0006666666666666666,0.0009428090415820634,0.0,0.002,"[0.002, 0.0, 0.0]",0.0,0.002,0.0006666666666666666,0.0006666666666666666,9965316
99b1be8a2eb0,looped_transformer,compose,37500,4,strong,"{""depth"": 6}",3,True,False,0,0.0006666666666666666,0.0009428090415820634,0.0,0.002,"[0.0, 0.002, 0.0]",0.0,0.002,0.0006666666666666666,0.0006666666666666666,9965316
99b1be8a2eb0,looped_transformer,compose,37500,4,strong,"{""depth"": 8}",3,True,False,0,0.0,0.0,0.0,0.0,"[0.0, 0.0, 0.0]",0.0,0.0,0.0,0.0,9965316
99b1be8a2eb0,looped_transformer,compose,40000,4,strong,"{""depth"": 6}",3,True,False,0,0.0006666666666666666,0.0009428090415820634,0.0,0.002,"[0.0, 0.002, 0.0]",0.0,0.002,0.0006666666666666666,0.0006666666666666666,9965316
99b1be8a2eb0,looped_transformer,compose,40000,4,strong,"{""depth"": 8}",3,True,False,0,0.0,0.0,0.0,0.0,"[0.0, 0.0, 0.0]",0.0,0.0,0.0,0.0,9965316
99b1be8a2eb0,looped_transformer,compose,40000,8,strong,"{""depth"": 6}",3,True,False,0,0.0026666666666666666,0.0037712361663282535,0.0,0.008,"[0.0, 0.008, 0.0]",0.0,0.008,0.0026666666666666666,0.0026666666666666666,9965316
99b1be8a2eb0,looped_transformer,compose,40000,8,strong,"{""depth"": 8}",3,True,False,0,0.0006666666666666666,0.0009428090415820634,0.0,0.002,"[0.0, 0.002, 0.0]",0.0,0.002,0.0006666666666666666,0.0006666666666666666,9965316
99b1be8a2eb0,looped_transformer,compose,2500,16,strong,"{""depth"": 6}",3,True,False,0,0.0,0.0,0.0,0.0,"[0.0, 0.0, 0.0]",0.0,0.0,0.0,0.0,9965316
99b1be8a2eb0,looped_transformer,compose,2500,16,strong,"{""depth"": 8}",3,True,False,0,0.0,0.0,0.0,0.0,"[0.0, 0.0, 0.0]",0.0,0.0,0.0,0.0,9965316
99b1be8a2eb0,looped_transformer,compose,5000,16,strong,"{""depth"": 6}",3,True,False,0,0.0013333333333333333,0.0009428090415820634,0.0,0.002,"[0.0, 0.002, 0.002]",0.0,0.002,0.0013333333333333333,0.0013333333333333333,9965316
99b1be8a2eb0,looped_transformer,compose,5000,16,strong,"{""depth"": 8}",3,True,False,0,0.0,0.0,0.0,0.0,"[0.0, 0.0, 0.0]",0.0,0.0,0.0,0.0,9965316
99b1be8a2eb0,looped_transformer,compose,7500,16,strong,"{""depth"": 6}",3,True,False,0,0.0,0.0,0.0,0.0,"[0.0, 0.0, 0.0]",0.0,0.0,0.0,0.0,9965316
99b1be8a2eb0,looped_transformer,compose,7500,16,strong,"{""depth"": 8}",3,True,False,0,0.0,0.0,0.0,0.0,"[0.0, 0.0, 0.0]",0.0,0.0,0.0,0.0,9965316
99b1be8a2eb0,looped_transformer,compose,10000,16,strong,"{""depth"": 6}",3,True,False,0,0.0006666666666666666,0.0009428090415820634,0.0,0.002,"[0.0, 0.002, 0.0]",0.0,0.002,0.0006666666666666666,0.0006666666666666666,9965316
99b1be8a2eb0,looped_transformer,compose,10000,16,strong,"{""depth"": 8}",3,True,False,0,0.0006666666666666666,0.0009428090415820634,0.0,0.002,"[0.002, 0.0, 0.0]",0.0,0.002,0.0006666666666666666,0.0006666666666666666,9965316
99b1be8a2eb0,looped_transformer,compose,12500,16,strong,"{""depth"": 6}",3,True,False,0,0.0,0.0,0.0,0.0,"[0.0, 0.0, 0.0]",0.0,0.0,0.0,0.0,9965316
99b1be8a2eb0,looped_transformer,compose,12500,16,strong,"{""depth"": 8}",3,True,False,0,0.0,0.0,0.0,0.0,"[0.0, 0.0, 0.0]",0.0,0.0,0.0,0.0,9965316
99b1be8a2eb0,looped_transformer,compose,15000,16,strong,"{""depth"": 6}",3,True,False,0,0.0013333333333333333,0.0009428090415820634,0.0,0.002,"[0.0, 0.002, 0.002]",0.0,0.002,0.0013333333333333333,0.0013333333333333333,9965316
99b1be8a2eb0,looped_transformer,compose,15000,16,strong,"{""depth"": 8}",3,True,False,0,0.0006666666666666666,0.0009428090415820634,0.0,0.002,"[0.0, 0.0, 0.002]",0.0,0.002,0.0006666666666666666,0.0006666666666666666,9965316
99b1be8a2eb0,looped_transformer,compose,17500,16,strong,"{""depth"": 6}",3,True,False,0,0.0013333333333333333,0.0009428090415820634,0.0,0.002,"[0.0, 0.002, 0.002]",0.0,0.002,0.0013333333333333333,0.0013333333333333333,9965316
99b1be8a2eb0,looped_transformer,compose,17500,16,strong,"{""depth"": 8}",3,True,False,0,0.0,0.0,0.0,0.0,"[0.0, 0.0, 0.0]",0.0,0.0,0.0,0.0,9965316
99b1be8a2eb0,looped_transformer,compose,20000,16,strong,"{""depth"": 6}",3,True,False,0,0.0006666666666666666,0.0009428090415820634,0.0,0.002,"[0.002, 0.0, 0.0]",0.0,0.002,0.0006666666666666666,0.0006666666666666666,9965316
99b1be8a2eb0,looped_transformer,compose,20000,16,strong,"{""depth"": 8}",3,True,False,0,0.0,0.0,0.0,0.0,"[0.0, 0.0, 0.0]",0.0,0.0,0.0,0.0,9965316
99b1be8a2eb0,looped_transformer,compose,22500,16,strong,"{""depth"": 6}",3,True,False,0,0.0,0.0,0.0,0.0,"[0.0, 0.0, 0.0]",0.0,0.0,0.0,0.0,9965316
99b1be8a2eb0,looped_transformer,compose,22500,16,strong,"{""depth"": 8}",3,True,False,0,0.0,0.0,0.0,0.0,"[0.0, 0.0, 0.0]",0.0,0.0,0.0,0.0,9965316
99b1be8a2eb0,looped_transformer,compose,25000,16,strong,"{""depth"": 6}",3,True,False,0,0.0006666666666666666,0.0009428090415820634,0.0,0.002,"[0.0, 0.002, 0.0]",0.0,0.002,0.0006666666666666666,0.0006666666666666666,9965316
99b1be8a2eb0,looped_transformer,compose,25000,16,strong,"{""depth"": 8}",3,True,False,0,0.0006666666666666666,0.0009428090415820634,0.0,0.002,"[0.0, 0.002, 0.0]",0.0,0.002,0.0006666666666666666,0.0006666666666666666,9965316
99b1be8a2eb0,looped_transformer,compose,27500,16,strong,"{""depth"": 6}",3,True,False,0,0.0013333333333333333,0.0018856180831641268,0.0,0.004,"[0.0, 0.004, 0.0]",0.0,0.004,0.0013333333333333333,0.0013333333333333333,9965316
99b1be8a2eb0,looped_transformer,compose,27500,16,strong,"{""depth"": 8}",3,True,False,0,0.0,0.0,0.0,0.0,"[0.0, 0.0, 0.0]",0.0,0.0,0.0,0.0,9965316
99b1be8a2eb0,looped_transformer,compose,30000,16,strong,"{""depth"": 6}",3,True,False,0,0.0013333333333333333,0.0018856180831641268,0.0,0.004,"[0.0, 0.004, 0.0]",0.0,0.004,0.0013333333333333333,0.0013333333333333333,9965316
99b1be8a2eb0,looped_transformer,compose,30000,16,strong,"{""depth"": 8}",3,True,False,0,0.0006666666666666666,0.0009428090415820634,0.0,0.002,"[0.0, 0.002, 0.0]",0.0,0.002,0.0006666666666666666,0.0006666666666666666,9965316
99b1be8a2eb0,looped_transformer,compose,32500,16,strong,"{""depth"": 6}",3,True,False,0,0.0006666666666666666,0.0009428090415820634,0.0,0.002,"[0.0, 0.002, 0.0]",0.0,0.002,0.0006666666666666666,0.0006666666666666666,9965316
99b1be8a2eb0,looped_transformer,compose,32500,16,strong,"{""depth"": 8}",3,True,False,0,0.0006666666666666666,0.0009428090415820634,0.0,0.002,"[0.0, 0.002, 0.0]",0.0,0.002,0.0006666666666666666,0.0006666666666666666,9965316
99b1be8a2eb0,looped_transformer,compose,35000,16,strong,"{""depth"": 6}",3,True,False,0,0.0006666666666666666,0.0009428090415820634,0.0,0.002,"[0.0, 0.002, 0.0]",0.0,0.002,0.0006666666666666666,0.0006666666666666666,9965316
99b1be8a2eb0,looped_transformer,compose,35000,16,strong,"{""depth"": 8}",3,True,False,0,0.0006666666666666666,0.0009428090415820634,0.0,0.002,"[0.0, 0.002, 0.0]",0.0,0.002,0.0006666666666666666,0.0006666666666666666,9965316
99b1be8a2eb0,looped_transformer,compose,37500,16,strong,"{""depth"": 6}",3,True,False,0,0.0013333333333333333,0.0018856180831641268,0.0,0.004,"[0.0, 0.004, 0.0]",0.0,0.004,0.0013333333333333333,0.0013333333333333333,9965316
99b1be8a2eb0,looped_transformer,compose,37500,16,strong,"{""depth"": 8}",3,True,False,0,0.0006666666666666666,0.0009428090415820634,0.0,0.002,"[0.0, 0.002, 0.0]",0.0,0.002,0.0006666666666666666,0.0006666666666666666,9965316
99b1be8a2eb0,looped_transformer,compose,40000,16,strong,"{""depth"": 6}",3,True,False,0,0.0013333333333333333,0.0018856180831641268,0.0,0.004,"[0.0, 0.004, 0.0]",0.0,0.004,0.0013333333333333333,0.0013333333333333333,9965316
99b1be8a2eb0,looped_transformer,compose,40000,16,strong,"{""depth"": 8}",3,True,False,0,0.0006666666666666666,0.0009428090415820634,0.0,0.002,"[0.0, 0.002, 0.0]",0.0,0.002,0.0006666666666666666,0.0006666666666666666,9965316
99b1be8a2eb0,looped_transformer,compose,40000,32,strong,"{""depth"": 6}",3,True,False,0,0.0,0.0,0.0,0.0,"[0.0, 0.0, 0.0]",0.0,0.0,0.0,0.0,9965316
99b1be8a2eb0,looped_transformer,compose,40000,32,strong,"{""depth"": 8}",3,True,False,0,0.0,0.0,0.0,0.0,"[0.0, 0.0, 0.0]",0.0,0.0,0.0,0.0,9965316
