config_hash,model,task,step,reasoning_steps,split,difficulty,n_seeds,provisional,dev,diverged_k,exact_match_mean,exact_match_std,exact_match_min,exact_match_max,exact_match_values,exact_match_ci95_lo,exact_match_ci95_hi,exact_match_mean_incl_failed,token_acc_mean,params
76dd99c62a3e,bdh,compose,2500,1,interp,"{""depth"": 1}",3,True,False,0,0.0006666666666666666,0.0009428090415820634,0.0,0.002,"[0.0, 0.002, 0.0]",0.0,0.002,0.0006666666666666666,0.0006666666666666666,10010880
76dd99c62a3e,bdh,compose,2500,1,interp,"{""depth"": 2}",3,True,False,0,0.0,0.0,0.0,0.0,"[0.0, 0.0, 0.0]",0.0,0.0,0.0,0.0,10010880
76dd99c62a3e,bdh,compose,5000,1,interp,"{""depth"": 1}",3,True,False,0,0.014666666666666666,0.012256517540566824,0.0,0.03,"[0.0, 0.03, 0.014]",0.0,0.03,0.014666666666666666,0.014666666666666666,10010880
76dd99c62a3e,bdh,compose,5000,1,interp,"{""depth"": 2}",3,True,False,0,0.012666666666666666,0.009843215373488933,0.0,0.024,"[0.0, 0.024, 0.014]",0.0,0.024000000000000004,0.012666666666666666,0.012666666666666666,10010880
76dd99c62a3e,bdh,compose,7500,1,interp,"{""depth"": 1}",3,True,False,0,0.07933333333333333,0.02994810326028827,0.038,0.108,"[0.038, 0.108, 0.092]",0.038,0.108,0.07933333333333333,0.07933333333333333,10010880
76dd99c62a3e,bdh,compose,7500,1,interp,"{""depth"": 2}",3,True,False,0,0.037333333333333336,0.013695092389449427,0.018,0.048,"[0.018, 0.046, 0.048]",0.018,0.04800000000000001,0.037333333333333336,0.037333333333333336,10010880
76dd99c62a3e,bdh,compose,10000,1,interp,"{""depth"": 1}",3,True,False,0,0.10666666666666667,0.0024944382578492965,0.104,0.11,"[0.104, 0.11, 0.106]",0.104,0.11,0.10666666666666667,0.10666666666666667,10010880
76dd99c62a3e,bdh,compose,10000,1,interp,"{""depth"": 2}",3,True,False,0,0.04933333333333334,0.0009428090415820641,0.048,0.05,"[0.048, 0.05, 0.05]",0.04800000000000001,0.05000000000000001,0.04933333333333334,0.04933333333333334,10010880
76dd99c62a3e,bdh,compose,12500,1,interp,"{""depth"": 1}",3,True,False,0,0.10866666666666665,0.013299958228840005,0.09,0.12,"[0.12, 0.116, 0.09]",0.09000000000000001,0.12,0.10866666666666665,0.10866666666666665,10010880
76dd99c62a3e,bdh,compose,12500,1,interp,"{""depth"": 2}",3,True,False,0,0.05933333333333333,0.0077172246018601546,0.052,0.07,"[0.052, 0.07, 0.056]",0.052,0.07,0.05933333333333333,0.05933333333333333,10010880
76dd99c62a3e,bdh,compose,15000,1,interp,"{""depth"": 1}",3,True,False,0,0.122,0.006531972647421809,0.114,0.13,"[0.114, 0.13, 0.122]",0.114,0.13,0.122,0.122,10010880
76dd99c62a3e,bdh,compose,15000,1,interp,"{""depth"": 2}",3,True,False,0,0.06466666666666666,0.0033993463423951926,0.06,0.068,"[0.06, 0.068, 0.066]",0.06,0.068,0.06466666666666666,0.06466666666666666,10010880
76dd99c62a3e,bdh,compose,17500,1,interp,"{""depth"": 1}",3,True,False,0,0.12133333333333333,0.005249338582674539,0.114,0.126,"[0.114, 0.124, 0.126]",0.114,0.126,0.12133333333333333,0.12133333333333333,10010880
76dd99c62a3e,bdh,compose,17500,1,interp,"{""depth"": 2}",3,True,False,0,0.07266666666666667,0.008379870059984357,0.064,0.084,"[0.07, 0.084, 0.064]",0.064,0.084,0.07266666666666667,0.07266666666666667,10010880
76dd99c62a3e,bdh,compose,20000,1,interp,"{""depth"": 1}",3,True,False,0,0.11466666666666665,0.006798692684790379,0.108,0.124,"[0.112, 0.124, 0.108]",0.108,0.124,0.11466666666666665,0.11466666666666665,10010880
76dd99c62a3e,bdh,compose,20000,1,interp,"{""depth"": 2}",3,True,False,0,0.074,0.002828427124746186,0.07,0.076,"[0.076, 0.076, 0.07]",0.07,0.076,0.074,0.074,10010880
76dd99c62a3e,bdh,compose,22500,1,interp,"{""depth"": 1}",3,True,False,0,0.128,0.01574801574802362,0.114,0.15,"[0.15, 0.12, 0.114]",0.114,0.15,0.128,0.128,10010880
76dd99c62a3e,bdh,compose,22500,1,interp,"{""depth"": 2}",3,True,False,0,0.07733333333333332,0.013097921802925667,0.062,0.094,"[0.076, 0.094, 0.062]",0.062,0.09400000000000001,0.07733333333333332,0.07733333333333332,10010880
76dd99c62a3e,bdh,compose,25000,1,interp,"{""depth"": 1}",3,True,False,0,0.13,0.008640987597877155,0.118,0.138,"[0.134, 0.138, 0.118]",0.118,0.138,0.13,0.13,10010880
76dd99c62a3e,bdh,compose,25000,1,interp,"{""depth"": 2}",3,True,False,0,0.07733333333333332,0.004988876515698593,0.072,0.084,"[0.076, 0.084, 0.072]",0.072,0.084,0.07733333333333332,0.07733333333333332,10010880
76dd99c62a3e,bdh,compose,27500,1,interp,"{""depth"": 1}",3,True,False,0,0.126,0.0043204937989385775,0.122,0.132,"[0.122, 0.132, 0.124]",0.122,0.132,0.126,0.126,10010880
76dd99c62a3e,bdh,compose,27500,1,interp,"{""depth"": 2}",3,True,False,0,0.07133333333333333,0.0041096093353126485,0.066,0.076,"[0.072, 0.076, 0.066]",0.066,0.076,0.07133333333333333,0.07133333333333333,10010880
76dd99c62a3e,bdh,compose,30000,1,interp,"{""depth"": 1}",3,True,False,0,0.10999999999999999,0.009092121131323901,0.098,0.12,"[0.112, 0.12, 0.098]",0.09800000000000002,0.12,0.10999999999999999,0.10999999999999999,10010880
76dd99c62a3e,bdh,compose,30000,1,interp,"{""depth"": 2}",3,True,False,0,0.07933333333333333,0.004714045207910314,0.076,0.086,"[0.076, 0.086, 0.076]",0.076,0.08600000000000001,0.07933333333333333,0.07933333333333333,10010880
76dd99c62a3e,bdh,compose,32500,1,interp,"{""depth"": 1}",3,True,False,0,0.122,0.0043204937989385775,0.118,0.128,"[0.128, 0.12, 0.118]",0.118,0.128,0.122,0.122,10010880
76dd99c62a3e,bdh,compose,32500,1,interp,"{""depth"": 2}",3,True,False,0,0.07733333333333334,0.005249338582674539,0.07,0.082,"[0.082, 0.08, 0.07]",0.07,0.082,0.07733333333333334,0.07733333333333334,10010880
76dd99c62a3e,bdh,compose,35000,1,interp,"{""depth"": 1}",3,True,False,0,0.12666666666666668,0.003399346342395193,0.122,0.13,"[0.122, 0.128, 0.13]",0.122,0.13,0.12666666666666668,0.12666666666666668,10010880
76dd99c62a3e,bdh,compose,35000,1,interp,"{""depth"": 2}",3,True,False,0,0.074,0.008164965809277263,0.064,0.084,"[0.074, 0.084, 0.064]",0.064,0.084,0.074,0.074,10010880
76dd99c62a3e,bdh,compose,37500,1,interp,"{""depth"": 1}",3,True,False,0,0.124,0.005656854249492379,0.116,0.128,"[0.116, 0.128, 0.128]",0.116,0.128,0.124,0.124,10010880
76dd99c62a3e,bdh,compose,37500,1,interp,"{""depth"": 2}",3,True,False,0,0.07866666666666666,0.011115554667022043,0.068,0.094,"[0.068, 0.094, 0.074]",0.068,0.09400000000000001,0.07866666666666666,0.07866666666666666,10010880
76dd99c62a3e,bdh,compose,40000,1,interp,"{""depth"": 1}",3,True,False,0,0.12333333333333334,0.008055363982396382,0.112,0.13,"[0.112, 0.128, 0.13]",0.112,0.13,0.12333333333333334,0.12333333333333334,10010880
76dd99c62a3e,bdh,compose,40000,1,interp,"{""depth"": 2}",3,True,False,0,0.07733333333333332,0.008993825042154692,0.066,0.088,"[0.078, 0.088, 0.066]",0.066,0.08800000000000001,0.07733333333333332,0.07733333333333332,10010880
76dd99c62a3e,bdh,compose,40000,2,interp,"{""depth"": 1}",3,True,False,0,0.12333333333333334,0.008055363982396382,0.112,0.13,"[0.112, 0.128, 0.13]",0.112,0.13,0.12333333333333334,0.12333333333333334,10010880
76dd99c62a3e,bdh,compose,40000,2,interp,"{""depth"": 2}",3,True,False,0,0.07733333333333332,0.008993825042154692,0.066,0.088,"[0.078, 0.088, 0.066]",0.066,0.08800000000000001,0.07733333333333332,0.07733333333333332,10010880
76dd99c62a3e,bdh,compose,2500,4,interp,"{""depth"": 1}",3,True,False,0,0.0006666666666666666,0.0009428090415820634,0.0,0.002,"[0.0, 0.002, 0.0]",0.0,0.002,0.0006666666666666666,0.0006666666666666666,10010880
76dd99c62a3e,bdh,compose,2500,4,interp,"{""depth"": 2}",3,True,False,0,0.0,0.0,0.0,0.0,"[0.0, 0.0, 0.0]",0.0,0.0,0.0,0.0,10010880
76dd99c62a3e,bdh,compose,5000,4,interp,"{""depth"": 1}",3,True,False,0,0.014666666666666666,0.012256517540566824,0.0,0.03,"[0.0, 0.03, 0.014]",0.0,0.03,0.014666666666666666,0.014666666666666666,10010880
76dd99c62a3e,bdh,compose,5000,4,interp,"{""depth"": 2}",3,True,False,0,0.012666666666666666,0.009843215373488933,0.0,0.024,"[0.0, 0.024, 0.014]",0.0,0.024000000000000004,0.012666666666666666,0.012666666666666666,10010880
76dd99c62a3e,bdh,compose,7500,4,interp,"{""depth"": 1}",3,True,False,0,0.07933333333333333,0.02994810326028827,0.038,0.108,"[0.038, 0.108, 0.092]",0.038,0.108,0.07933333333333333,0.07933333333333333,10010880
76dd99c62a3e,bdh,compose,7500,4,interp,"{""depth"": 2}",3,True,False,0,0.037333333333333336,0.013695092389449427,0.018,0.048,"[0.018, 0.046, 0.048]",0.018,0.04800000000000001,0.037333333333333336,0.037333333333333336,10010880
76dd99c62a3e,bdh,compose,10000,4,interp,"{""depth"": 1}",3,True,False,0,0.10666666666666667,0.0024944382578492965,0.104,0.11,"[0.104, 0.11, 0.106]",0.104,0.11,0.10666666666666667,0.10666666666666667,10010880
76dd99c62a3e,bdh,compose,10000,4,interp,"{""depth"": 2}",3,True,False,0,0.04933333333333334,0.0009428090415820641,0.048,0.05,"[0.048, 0.05, 0.05]",0.04800000000000001,0.05000000000000001,0.04933333333333334,0.04933333333333334,10010880
76dd99c62a3e,bdh,compose,12500,4,interp,"{""depth"": 1}",3,True,False,0,0.10866666666666665,0.013299958228840005,0.09,0.12,"[0.12, 0.116, 0.09]",0.09000000000000001,0.12,0.10866666666666665,0.10866666666666665,10010880
76dd99c62a3e,bdh,compose,12500,4,interp,"{""depth"": 2}",3,True,False,0,0.05933333333333333,0.0077172246018601546,0.052,0.07,"[0.052, 0.07, 0.056]",0.052,0.07,0.05933333333333333,0.05933333333333333,10010880
76dd99c62a3e,bdh,compose,15000,4,interp,"{""depth"": 1}",3,True,False,0,0.122,0.006531972647421809,0.114,0.13,"[0.114, 0.13, 0.122]",0.114,0.13,0.122,0.122,10010880
76dd99c62a3e,bdh,compose,15000,4,interp,"{""depth"": 2}",3,True,False,0,0.06466666666666666,0.0033993463423951926,0.06,0.068,"[0.06, 0.068, 0.066]",0.06,0.068,0.06466666666666666,0.06466666666666666,10010880
76dd99c62a3e,bdh,compose,17500,4,interp,"{""depth"": 1}",3,True,False,0,0.12133333333333333,0.005249338582674539,0.114,0.126,"[0.114, 0.124, 0.126]",0.114,0.126,0.12133333333333333,0.12133333333333333,10010880
76dd99c62a3e,bdh,compose,17500,4,interp,"{""depth"": 2}",3,True,False,0,0.07266666666666667,0.008379870059984357,0.064,0.084,"[0.07, 0.084, 0.064]",0.064,0.084,0.07266666666666667,0.07266666666666667,10010880
76dd99c62a3e,bdh,compose,20000,4,interp,"{""depth"": 1}",3,True,False,0,0.11466666666666665,0.006798692684790379,0.108,0.124,"[0.112, 0.124, 0.108]",0.108,0.124,0.11466666666666665,0.11466666666666665,10010880
76dd99c62a3e,bdh,compose,20000,4,interp,"{""depth"": 2}",3,True,False,0,0.074,0.002828427124746186,0.07,0.076,"[0.076, 0.076, 0.07]",0.07,0.076,0.074,0.074,10010880
76dd99c62a3e,bdh,compose,22500,4,interp,"{""depth"": 1}",3,True,False,0,0.128,0.01574801574802362,0.114,0.15,"[0.15, 0.12, 0.114]",0.114,0.15,0.128,0.128,10010880
76dd99c62a3e,bdh,compose,22500,4,interp,"{""depth"": 2}",3,True,False,0,0.07733333333333332,0.013097921802925667,0.062,0.094,"[0.076, 0.094, 0.062]",0.062,0.09400000000000001,0.07733333333333332,0.07733333333333332,10010880
76dd99c62a3e,bdh,compose,25000,4,interp,"{""depth"": 1}",3,True,False,0,0.13,0.008640987597877155,0.118,0.138,"[0.134, 0.138, 0.118]",0.118,0.138,0.13,0.13,10010880
76dd99c62a3e,bdh,compose,25000,4,interp,"{""depth"": 2}",3,True,False,0,0.07733333333333332,0.004988876515698593,0.072,0.084,"[0.076, 0.084, 0.072]",0.072,0.084,0.07733333333333332,0.07733333333333332,10010880
76dd99c62a3e,bdh,compose,27500,4,interp,"{""depth"": 1}",3,True,False,0,0.126,0.0043204937989385775,0.122,0.132,"[0.122, 0.132, 0.124]",0.122,0.132,0.126,0.126,10010880
76dd99c62a3e,bdh,compose,27500,4,interp,"{""depth"": 2}",3,True,False,0,0.07133333333333333,0.0041096093353126485,0.066,0.076,"[0.072, 0.076, 0.066]",0.066,0.076,0.07133333333333333,0.07133333333333333,10010880
76dd99c62a3e,bdh,compose,30000,4,interp,"{""depth"": 1}",3,True,False,0,0.10999999999999999,0.009092121131323901,0.098,0.12,"[0.112, 0.12, 0.098]",0.09800000000000002,0.12,0.10999999999999999,0.10999999999999999,10010880
76dd99c62a3e,bdh,compose,30000,4,interp,"{""depth"": 2}",3,True,False,0,0.07933333333333333,0.004714045207910314,0.076,0.086,"[0.076, 0.086, 0.076]",0.076,0.08600000000000001,0.07933333333333333,0.07933333333333333,10010880
76dd99c62a3e,bdh,compose,32500,4,interp,"{""depth"": 1}",3,True,False,0,0.122,0.0043204937989385775,0.118,0.128,"[0.128, 0.12, 0.118]",0.118,0.128,0.122,0.122,10010880
76dd99c62a3e,bdh,compose,32500,4,interp,"{""depth"": 2}",3,True,False,0,0.07733333333333334,0.005249338582674539,0.07,0.082,"[0.082, 0.08, 0.07]",0.07,0.082,0.07733333333333334,0.07733333333333334,10010880
76dd99c62a3e,bdh,compose,35000,4,interp,"{""depth"": 1}",3,True,False,0,0.12666666666666668,0.003399346342395193,0.122,0.13,"[0.122, 0.128, 0.13]",0.122,0.13,0.12666666666666668,0.12666666666666668,10010880
76dd99c62a3e,bdh,compose,35000,4,interp,"{""depth"": 2}",3,True,False,0,0.074,0.008164965809277263,0.064,0.084,"[0.074, 0.084, 0.064]",0.064,0.084,0.074,0.074,10010880
76dd99c62a3e,bdh,compose,37500,4,interp,"{""depth"": 1}",3,True,False,0,0.124,0.005656854249492379,0.116,0.128,"[0.116, 0.128, 0.128]",0.116,0.128,0.124,0.124,10010880
76dd99c62a3e,bdh,compose,37500,4,interp,"{""depth"": 2}",3,True,False,0,0.07866666666666666,0.011115554667022043,0.068,0.094,"[0.068, 0.094, 0.074]",0.068,0.09400000000000001,0.07866666666666666,0.07866666666666666,10010880
76dd99c62a3e,bdh,compose,40000,4,interp,"{""depth"": 1}",3,True,False,0,0.12333333333333334,0.008055363982396382,0.112,0.13,"[0.112, 0.128, 0.13]",0.112,0.13,0.12333333333333334,0.12333333333333334,10010880
76dd99c62a3e,bdh,compose,40000,4,interp,"{""depth"": 2}",3,True,False,0,0.07733333333333332,0.008993825042154692,0.066,0.088,"[0.078, 0.088, 0.066]",0.066,0.08800000000000001,0.07733333333333332,0.07733333333333332,10010880
76dd99c62a3e,bdh,compose,40000,8,interp,"{""depth"": 1}",3,True,False,0,0.12333333333333334,0.008055363982396382,0.112,0.13,"[0.112, 0.128, 0.13]",0.112,0.13,0.12333333333333334,0.12333333333333334,10010880
76dd99c62a3e,bdh,compose,40000,8,interp,"{""depth"": 2}",3,True,False,0,0.07733333333333332,0.008993825042154692,0.066,0.088,"[0.078, 0.088, 0.066]",0.066,0.08800000000000001,0.07733333333333332,0.07733333333333332,10010880
76dd99c62a3e,bdh,compose,2500,16,interp,"{""depth"": 1}",3,True,False,0,0.0006666666666666666,0.0009428090415820634,0.0,0.002,"[0.0, 0.002, 0.0]",0.0,0.002,0.0006666666666666666,0.0006666666666666666,10010880
76dd99c62a3e,bdh,compose,2500,16,interp,"{""depth"": 2}",3,True,False,0,0.0,0.0,0.0,0.0,"[0.0, 0.0, 0.0]",0.0,0.0,0.0,0.0,10010880
76dd99c62a3e,bdh,compose,5000,16,interp,"{""depth"": 1}",3,True,False,0,0.014666666666666666,0.012256517540566824,0.0,0.03,"[0.0, 0.03, 0.014]",0.0,0.03,0.014666666666666666,0.014666666666666666,10010880
76dd99c62a3e,bdh,compose,5000,16,interp,"{""depth"": 2}",3,True,False,0,0.012666666666666666,0.009843215373488933,0.0,0.024,"[0.0, 0.024, 0.014]",0.0,0.024000000000000004,0.012666666666666666,0.012666666666666666,10010880
76dd99c62a3e,bdh,compose,7500,16,interp,"{""depth"": 1}",3,True,False,0,0.07933333333333333,0.02994810326028827,0.038,0.108,"[0.038, 0.108, 0.092]",0.038,0.108,0.07933333333333333,0.07933333333333333,10010880
76dd99c62a3e,bdh,compose,7500,16,interp,"{""depth"": 2}",3,True,False,0,0.037333333333333336,0.013695092389449427,0.018,0.048,"[0.018, 0.046, 0.048]",0.018,0.04800000000000001,0.037333333333333336,0.037333333333333336,10010880
76dd99c62a3e,bdh,compose,10000,16,interp,"{""depth"": 1}",3,True,False,0,0.10666666666666667,0.0024944382578492965,0.104,0.11,"[0.104, 0.11, 0.106]",0.104,0.11,0.10666666666666667,0.10666666666666667,10010880
76dd99c62a3e,bdh,compose,10000,16,interp,"{""depth"": 2}",3,True,False,0,0.04933333333333334,0.0009428090415820641,0.048,0.05,"[0.048, 0.05, 0.05]",0.04800000000000001,0.05000000000000001,0.04933333333333334,0.04933333333333334,10010880
76dd99c62a3e,bdh,compose,12500,16,interp,"{""depth"": 1}",3,True,False,0,0.10866666666666665,0.013299958228840005,0.09,0.12,"[0.12, 0.116, 0.09]",0.09000000000000001,0.12,0.10866666666666665,0.10866666666666665,10010880
76dd99c62a3e,bdh,compose,12500,16,interp,"{""depth"": 2}",3,True,False,0,0.05933333333333333,0.0077172246018601546,0.052,0.07,"[0.052, 0.07, 0.056]",0.052,0.07,0.05933333333333333,0.05933333333333333,10010880
76dd99c62a3e,bdh,compose,15000,16,interp,"{""depth"": 1}",3,True,False,0,0.122,0.006531972647421809,0.114,0.13,"[0.114, 0.13, 0.122]",0.114,0.13,0.122,0.122,10010880
76dd99c62a3e,bdh,compose,15000,16,interp,"{""depth"": 2}",3,True,False,0,0.06466666666666666,0.0033993463423951926,0.06,0.068,"[0.06, 0.068, 0.066]",0.06,0.068,0.06466666666666666,0.06466666666666666,10010880
76dd99c62a3e,bdh,compose,17500,16,interp,"{""depth"": 1}",3,True,False,0,0.12133333333333333,0.005249338582674539,0.114,0.126,"[0.114, 0.124, 0.126]",0.114,0.126,0.12133333333333333,0.12133333333333333,10010880
76dd99c62a3e,bdh,compose,17500,16,interp,"{""depth"": 2}",3,True,False,0,0.07266666666666667,0.008379870059984357,0.064,0.084,"[0.07, 0.084, 0.064]",0.064,0.084,0.07266666666666667,0.07266666666666667,10010880
76dd99c62a3e,bdh,compose,20000,16,interp,"{""depth"": 1}",3,True,False,0,0.11466666666666665,0.006798692684790379,0.108,0.124,"[0.112, 0.124, 0.108]",0.108,0.124,0.11466666666666665,0.11466666666666665,10010880
76dd99c62a3e,bdh,compose,20000,16,interp,"{""depth"": 2}",3,True,False,0,0.074,0.002828427124746186,0.07,0.076,"[0.076, 0.076, 0.07]",0.07,0.076,0.074,0.074,10010880
76dd99c62a3e,bdh,compose,22500,16,interp,"{""depth"": 1}",3,True,False,0,0.128,0.01574801574802362,0.114,0.15,"[0.15, 0.12, 0.114]",0.114,0.15,0.128,0.128,10010880
76dd99c62a3e,bdh,compose,22500,16,interp,"{""depth"": 2}",3,True,False,0,0.07733333333333332,0.013097921802925667,0.062,0.094,"[0.076, 0.094, 0.062]",0.062,0.09400000000000001,0.07733333333333332,0.07733333333333332,10010880
76dd99c62a3e,bdh,compose,25000,16,interp,"{""depth"": 1}",3,True,False,0,0.13,0.008640987597877155,0.118,0.138,"[0.134, 0.138, 0.118]",0.118,0.138,0.13,0.13,10010880
76dd99c62a3e,bdh,compose,25000,16,interp,"{""depth"": 2}",3,True,False,0,0.07733333333333332,0.004988876515698593,0.072,0.084,"[0.076, 0.084, 0.072]",0.072,0.084,0.07733333333333332,0.07733333333333332,10010880
76dd99c62a3e,bdh,compose,27500,16,interp,"{""depth"": 1}",3,True,False,0,0.126,0.0043204937989385775,0.122,0.132,"[0.122, 0.132, 0.124]",0.122,0.132,0.126,0.126,10010880
76dd99c62a3e,bdh,compose,27500,16,interp,"{""depth"": 2}",3,True,False,0,0.07133333333333333,0.0041096093353126485,0.066,0.076,"[0.072, 0.076, 0.066]",0.066,0.076,0.07133333333333333,0.07133333333333333,10010880
76dd99c62a3e,bdh,compose,30000,16,interp,"{""depth"": 1}",3,True,False,0,0.10999999999999999,0.009092121131323901,0.098,0.12,"[0.112, 0.12, 0.098]",0.09800000000000002,0.12,0.10999999999999999,0.10999999999999999,10010880
76dd99c62a3e,bdh,compose,30000,16,interp,"{""depth"": 2}",3,True,False,0,0.07933333333333333,0.004714045207910314,0.076,0.086,"[0.076, 0.086, 0.076]",0.076,0.08600000000000001,0.07933333333333333,0.07933333333333333,10010880
76dd99c62a3e,bdh,compose,32500,16,interp,"{""depth"": 1}",3,True,False,0,0.122,0.0043204937989385775,0.118,0.128,"[0.128, 0.12, 0.118]",0.118,0.128,0.122,0.122,10010880
76dd99c62a3e,bdh,compose,32500,16,interp,"{""depth"": 2}",3,True,False,0,0.07733333333333334,0.005249338582674539,0.07,0.082,"[0.082, 0.08, 0.07]",0.07,0.082,0.07733333333333334,0.07733333333333334,10010880
76dd99c62a3e,bdh,compose,35000,16,interp,"{""depth"": 1}",3,True,False,0,0.12666666666666668,0.003399346342395193,0.122,0.13,"[0.122, 0.128, 0.13]",0.122,0.13,0.12666666666666668,0.12666666666666668,10010880
76dd99c62a3e,bdh,compose,35000,16,interp,"{""depth"": 2}",3,True,False,0,0.074,0.008164965809277263,0.064,0.084,"[0.074, 0.084, 0.064]",0.064,0.084,0.074,0.074,10010880
76dd99c62a3e,bdh,compose,37500,16,interp,"{""depth"": 1}",3,True,False,0,0.124,0.005656854249492379,0.116,0.128,"[0.116, 0.128, 0.128]",0.116,0.128,0.124,0.124,10010880
76dd99c62a3e,bdh,compose,37500,16,interp,"{""depth"": 2}",3,True,False,0,0.07866666666666666,0.011115554667022043,0.068,0.094,"[0.068, 0.094, 0.074]",0.068,0.09400000000000001,0.07866666666666666,0.07866666666666666,10010880
76dd99c62a3e,bdh,compose,40000,16,interp,"{""depth"": 1}",3,True,False,0,0.12333333333333334,0.008055363982396382,0.112,0.13,"[0.112, 0.128, 0.13]",0.112,0.13,0.12333333333333334,0.12333333333333334,10010880
76dd99c62a3e,bdh,compose,40000,16,interp,"{""depth"": 2}",3,True,False,0,0.07733333333333332,0.008993825042154692,0.066,0.088,"[0.078, 0.088, 0.066]",0.066,0.08800000000000001,0.07733333333333332,0.07733333333333332,10010880
76dd99c62a3e,bdh,compose,40000,32,interp,"{""depth"": 1}",3,True,False,0,0.12333333333333334,0.008055363982396382,0.112,0.13,"[0.112, 0.128, 0.13]",0.112,0.13,0.12333333333333334,0.12333333333333334,10010880
76dd99c62a3e,bdh,compose,40000,32,interp,"{""depth"": 2}",3,True,False,0,0.07733333333333332,0.008993825042154692,0.066,0.088,"[0.078, 0.088, 0.066]",0.066,0.08800000000000001,0.07733333333333332,0.07733333333333332,10010880
76dd99c62a3e,bdh,compose,2500,1,mild,"{""depth"": 3}",3,True,False,0,0.0,0.0,0.0,0.0,"[0.0, 0.0, 0.0]",0.0,0.0,0.0,0.0,10010880
76dd99c62a3e,bdh,compose,2500,1,mild,"{""depth"": 4}",3,True,False,0,0.0,0.0,0.0,0.0,"[0.0, 0.0, 0.0]",0.0,0.0,0.0,0.0,10010880
76dd99c62a3e,bdh,compose,5000,1,mild,"{""depth"": 3}",3,True,False,0,0.004,0.00282842712474619,0.0,0.006,"[0.0, 0.006, 0.006]",0.0,0.006000000000000001,0.004,0.004,10010880
76dd99c62a3e,bdh,compose,5000,1,mild,"{""depth"": 4}",3,True,False,0,0.0026666666666666666,0.0024944382578492943,0.0,0.006,"[0.002, 0.006, 0.0]",0.0,0.006000000000000001,0.0026666666666666666,0.0026666666666666666,10010880
76dd99c62a3e,bdh,compose,7500,1,mild,"{""depth"": 3}",3,True,False,0,0.024000000000000004,0.004320493798938573,0.02,0.03,"[0.02, 0.03, 0.022]",0.02,0.03,0.024000000000000004,0.024000000000000004,10010880
76dd99c62a3e,bdh,compose,7500,1,mild,"{""depth"": 4}",3,True,False,0,0.014666666666666668,0.009428090415820633,0.008,0.028,"[0.008, 0.028, 0.008]",0.008,0.028,0.014666666666666668,0.014666666666666668,10010880
76dd99c62a3e,bdh,compose,10000,1,mild,"{""depth"": 3}",3,True,False,0,0.029333333333333336,0.008219218670625302,0.02,0.04,"[0.028, 0.04, 0.02]",0.02,0.04,0.029333333333333336,0.029333333333333336,10010880
76dd99c62a3e,bdh,compose,10000,1,mild,"{""depth"": 4}",3,True,False,0,0.023999999999999997,0.004320493798938573,0.02,0.03,"[0.022, 0.03, 0.02]",0.02,0.03,0.023999999999999997,0.023999999999999997,10010880
76dd99c62a3e,bdh,compose,12500,1,mild,"{""depth"": 3}",3,True,False,0,0.035333333333333335,0.008055363982396382,0.024,0.042,"[0.042, 0.024, 0.04]",0.024000000000000004,0.042,0.035333333333333335,0.035333333333333335,10010880
76dd99c62a3e,bdh,compose,12500,1,mild,"{""depth"": 4}",3,True,False,0,0.02466666666666667,0.0009428090415820625,0.024,0.026,"[0.026, 0.024, 0.024]",0.024000000000000004,0.026,0.02466666666666667,0.02466666666666667,10010880
76dd99c62a3e,bdh,compose,15000,1,mild,"{""depth"": 3}",3,True,False,0,0.046000000000000006,0.007483314773547883,0.036,0.054,"[0.054, 0.048, 0.036]",0.036,0.054,0.046000000000000006,0.046000000000000006,10010880
76dd99c62a3e,bdh,compose,15000,1,mild,"{""depth"": 4}",3,True,False,0,0.028,0.008640987597877148,0.02,0.04,"[0.04, 0.024, 0.02]",0.02,0.04,0.028,0.028,10010880
76dd99c62a3e,bdh,compose,17500,1,mild,"{""depth"": 3}",3,True,False,0,0.056,0.00864098759787715,0.048,0.068,"[0.068, 0.048, 0.052]",0.04800000000000001,0.068,0.056,0.056,10010880
76dd99c62a3e,bdh,compose,17500,1,mild,"{""depth"": 4}",3,True,False,0,0.03,0.005656854249492382,0.022,0.034,"[0.034, 0.034, 0.022]",0.022000000000000002,0.034,0.03,0.03,10010880
76dd99c62a3e,bdh,compose,20000,1,mild,"{""depth"": 3}",3,True,False,0,0.049999999999999996,0.010708252269472675,0.036,0.062,"[0.062, 0.052, 0.036]",0.036,0.062,0.049999999999999996,0.049999999999999996,10010880
76dd99c62a3e,bdh,compose,20000,1,mild,"{""depth"": 4}",3,True,False,0,0.03933333333333333,0.004109609335312649,0.034,0.044,"[0.044, 0.04, 0.034]",0.034,0.044000000000000004,0.03933333333333333,0.03933333333333333,10010880
76dd99c62a3e,bdh,compose,22500,1,mild,"{""depth"": 3}",3,True,False,0,0.057999999999999996,0.013063945294843613,0.042,0.074,"[0.074, 0.042, 0.058]",0.042,0.074,0.057999999999999996,0.057999999999999996,10010880
76dd99c62a3e,bdh,compose,22500,1,mild,"{""depth"": 4}",3,True,False,0,0.03,0.004898979485566355,0.024,0.036,"[0.03, 0.036, 0.024]",0.024000000000000004,0.036,0.03,0.03,10010880
76dd99c62a3e,bdh,compose,25000,1,mild,"{""depth"": 3}",3,True,False,0,0.05666666666666667,0.00997775303139718,0.046,0.07,"[0.07, 0.046, 0.054]",0.046000000000000006,0.07,0.05666666666666667,0.05666666666666667,10010880
76dd99c62a3e,bdh,compose,25000,1,mild,"{""depth"": 4}",3,True,False,0,0.04133333333333333,0.0009428090415820641,0.04,0.042,"[0.04, 0.042, 0.042]",0.04,0.042,0.04133333333333333,0.04133333333333333,10010880
76dd99c62a3e,bdh,compose,27500,1,mild,"{""depth"": 3}",3,True,False,0,0.064,0.006531972647421805,0.056,0.072,"[0.072, 0.056, 0.064]",0.056,0.072,0.064,0.064,10010880
76dd99c62a3e,bdh,compose,27500,1,mild,"{""depth"": 4}",3,True,False,0,0.04666666666666667,0.008219218670625304,0.036,0.056,"[0.056, 0.036, 0.048]",0.036,0.056,0.04666666666666667,0.04666666666666667,10010880
76dd99c62a3e,bdh,compose,30000,1,mild,"{""depth"": 3}",3,True,False,0,0.06466666666666666,0.0024944382578492965,0.062,0.068,"[0.068, 0.062, 0.064]",0.062,0.068,0.06466666666666666,0.06466666666666666,10010880
76dd99c62a3e,bdh,compose,30000,1,mild,"{""depth"": 4}",3,True,False,0,0.04466666666666667,0.004109609335312652,0.04,0.05,"[0.05, 0.044, 0.04]",0.04,0.05000000000000001,0.04466666666666667,0.04466666666666667,10010880
76dd99c62a3e,bdh,compose,32500,1,mild,"{""depth"": 3}",3,True,False,0,0.056,0.0043204937989385715,0.05,0.06,"[0.06, 0.05, 0.058]",0.05000000000000001,0.06,0.056,0.056,10010880
76dd99c62a3e,bdh,compose,32500,1,mild,"{""depth"": 4}",3,True,False,0,0.042666666666666665,0.0024944382578492934,0.04,0.046,"[0.046, 0.042, 0.04]",0.04,0.046000000000000006,0.042666666666666665,0.042666666666666665,10010880
76dd99c62a3e,bdh,compose,35000,1,mild,"{""depth"": 3}",3,True,False,0,0.06333333333333334,0.008379870059984355,0.052,0.072,"[0.066, 0.052, 0.072]",0.052,0.072,0.06333333333333334,0.06333333333333334,10010880
76dd99c62a3e,bdh,compose,35000,1,mild,"{""depth"": 4}",3,True,False,0,0.04466666666666667,0.0009428090415820641,0.044,0.046,"[0.044, 0.046, 0.044]",0.044000000000000004,0.046000000000000006,0.04466666666666667,0.04466666666666667,10010880
76dd99c62a3e,bdh,compose,37500,1,mild,"{""depth"": 3}",3,True,False,0,0.06,0.004320493798938574,0.054,0.064,"[0.062, 0.054, 0.064]",0.054,0.064,0.06,0.06,10010880
76dd99c62a3e,bdh,compose,37500,1,mild,"{""depth"": 4}",3,True,False,0,0.042,0.0016329931618554508,0.04,0.044,"[0.044, 0.04, 0.042]",0.04,0.044000000000000004,0.042,0.042,10010880
76dd99c62a3e,bdh,compose,40000,1,mild,"{""depth"": 3}",3,True,False,0,0.06,0.008640987597877148,0.048,0.068,"[0.068, 0.048, 0.064]",0.04800000000000001,0.068,0.06,0.06,10010880
76dd99c62a3e,bdh,compose,40000,1,mild,"{""depth"": 4}",3,True,False,0,0.04533333333333334,0.0052493385826745415,0.038,0.05,"[0.048, 0.05, 0.038]",0.038,0.05000000000000001,0.04533333333333334,0.04533333333333334,10010880
76dd99c62a3e,bdh,compose,40000,2,mild,"{""depth"": 3}",3,True,False,0,0.06,0.008640987597877148,0.048,0.068,"[0.068, 0.048, 0.064]",0.04800000000000001,0.068,0.06,0.06,10010880
76dd99c62a3e,bdh,compose,40000,2,mild,"{""depth"": 4}",3,True,False,0,0.04533333333333334,0.0052493385826745415,0.038,0.05,"[0.048, 0.05, 0.038]",0.038,0.05000000000000001,0.04533333333333334,0.04533333333333334,10010880
76dd99c62a3e,bdh,compose,2500,4,mild,"{""depth"": 3}",3,True,False,0,0.0,0.0,0.0,0.0,"[0.0, 0.0, 0.0]",0.0,0.0,0.0,0.0,10010880
76dd99c62a3e,bdh,compose,2500,4,mild,"{""depth"": 4}",3,True,False,0,0.0,0.0,0.0,0.0,"[0.0, 0.0, 0.0]",0.0,0.0,0.0,0.0,10010880
76dd99c62a3e,bdh,compose,5000,4,mild,"{""depth"": 3}",3,True,False,0,0.004,0.00282842712474619,0.0,0.006,"[0.0, 0.006, 0.006]",0.0,0.006000000000000001,0.004,0.004,10010880
76dd99c62a3e,bdh,compose,5000,4,mild,"{""depth"": 4}",3,True,False,0,0.0026666666666666666,0.0024944382578492943,0.0,0.006,"[0.002, 0.006, 0.0]",0.0,0.006000000000000001,0.0026666666666666666,0.0026666666666666666,10010880
76dd99c62a3e,bdh,compose,7500,4,mild,"{""depth"": 3}",3,True,False,0,0.024000000000000004,0.004320493798938573,0.02,0.03,"[0.02, 0.03, 0.022]",0.02,0.03,0.024000000000000004,0.024000000000000004,10010880
76dd99c62a3e,bdh,compose,7500,4,mild,"{""depth"": 4}",3,True,False,0,0.014666666666666668,0.009428090415820633,0.008,0.028,"[0.008, 0.028, 0.008]",0.008,0.028,0.014666666666666668,0.014666666666666668,10010880
76dd99c62a3e,bdh,compose,10000,4,mild,"{""depth"": 3}",3,True,False,0,0.029333333333333336,0.008219218670625302,0.02,0.04,"[0.028, 0.04, 0.02]",0.02,0.04,0.029333333333333336,0.029333333333333336,10010880
76dd99c62a3e,bdh,compose,10000,4,mild,"{""depth"": 4}",3,True,False,0,0.023999999999999997,0.004320493798938573,0.02,0.03,"[0.022, 0.03, 0.02]",0.02,0.03,0.023999999999999997,0.023999999999999997,10010880
76dd99c62a3e,bdh,compose,12500,4,mild,"{""depth"": 3}",3,True,False,0,0.035333333333333335,0.008055363982396382,0.024,0.042,"[0.042, 0.024, 0.04]",0.024000000000000004,0.042,0.035333333333333335,0.035333333333333335,10010880
76dd99c62a3e,bdh,compose,12500,4,mild,"{""depth"": 4}",3,True,False,0,0.02466666666666667,0.0009428090415820625,0.024,0.026,"[0.026, 0.024, 0.024]",0.024000000000000004,0.026,0.02466666666666667,0.02466666666666667,10010880
76dd99c62a3e,bdh,compose,15000,4,mild,"{""depth"": 3}",3,True,False,0,0.046000000000000006,0.007483314773547883,0.036,0.054,"[0.054, 0.048, 0.036]",0.036,0.054,0.046000000000000006,0.046000000000000006,10010880
76dd99c62a3e,bdh,compose,15000,4,mild,"{""depth"": 4}",3,True,False,0,0.028,0.008640987597877148,0.02,0.04,"[0.04, 0.024, 0.02]",0.02,0.04,0.028,0.028,10010880
76dd99c62a3e,bdh,compose,17500,4,mild,"{""depth"": 3}",3,True,False,0,0.056,0.00864098759787715,0.048,0.068,"[0.068, 0.048, 0.052]",0.04800000000000001,0.068,0.056,0.056,10010880
76dd99c62a3e,bdh,compose,17500,4,mild,"{""depth"": 4}",3,True,False,0,0.03,0.005656854249492382,0.022,0.034,"[0.034, 0.034, 0.022]",0.022000000000000002,0.034,0.03,0.03,10010880
76dd99c62a3e,bdh,compose,20000,4,mild,"{""depth"": 3}",3,True,False,0,0.049999999999999996,0.010708252269472675,0.036,0.062,"[0.062, 0.052, 0.036]",0.036,0.062,0.049999999999999996,0.049999999999999996,10010880
76dd99c62a3e,bdh,compose,20000,4,mild,"{""depth"": 4}",3,True,False,0,0.03933333333333333,0.004109609335312649,0.034,0.044,"[0.044, 0.04, 0.034]",0.034,0.044000000000000004,0.03933333333333333,0.03933333333333333,10010880
76dd99c62a3e,bdh,compose,22500,4,mild,"{""depth"": 3}",3,True,False,0,0.057999999999999996,0.013063945294843613,0.042,0.074,"[0.074, 0.042, 0.058]",0.042,0.074,0.057999999999999996,0.057999999999999996,10010880
76dd99c62a3e,bdh,compose,22500,4,mild,"{""depth"": 4}",3,True,False,0,0.03,0.004898979485566355,0.024,0.036,"[0.03, 0.036, 0.024]",0.024000000000000004,0.036,0.03,0.03,10010880
76dd99c62a3e,bdh,compose,25000,4,mild,"{""depth"": 3}",3,True,False,0,0.05666666666666667,0.00997775303139718,0.046,0.07,"[0.07, 0.046, 0.054]",0.046000000000000006,0.07,0.05666666666666667,0.05666666666666667,10010880
76dd99c62a3e,bdh,compose,25000,4,mild,"{""depth"": 4}",3,True,False,0,0.04133333333333333,0.0009428090415820641,0.04,0.042,"[0.04, 0.042, 0.042]",0.04,0.042,0.04133333333333333,0.04133333333333333,10010880
76dd99c62a3e,bdh,compose,27500,4,mild,"{""depth"": 3}",3,True,False,0,0.064,0.006531972647421805,0.056,0.072,"[0.072, 0.056, 0.064]",0.056,0.072,0.064,0.064,10010880
76dd99c62a3e,bdh,compose,27500,4,mild,"{""depth"": 4}",3,True,False,0,0.04666666666666667,0.008219218670625304,0.036,0.056,"[0.056, 0.036, 0.048]",0.036,0.056,0.04666666666666667,0.04666666666666667,10010880
76dd99c62a3e,bdh,compose,30000,4,mild,"{""depth"": 3}",3,True,False,0,0.06466666666666666,0.0024944382578492965,0.062,0.068,"[0.068, 0.062, 0.064]",0.062,0.068,0.06466666666666666,0.06466666666666666,10010880
76dd99c62a3e,bdh,compose,30000,4,mild,"{""depth"": 4}",3,True,False,0,0.04466666666666667,0.004109609335312652,0.04,0.05,"[0.05, 0.044, 0.04]",0.04,0.05000000000000001,0.04466666666666667,0.04466666666666667,10010880
76dd99c62a3e,bdh,compose,32500,4,mild,"{""depth"": 3}",3,True,False,0,0.056,0.0043204937989385715,0.05,0.06,"[0.06, 0.05, 0.058]",0.05000000000000001,0.06,0.056,0.056,10010880
76dd99c62a3e,bdh,compose,32500,4,mild,"{""depth"": 4}",3,True,False,0,0.042666666666666665,0.0024944382578492934,0.04,0.046,"[0.046, 0.042, 0.04]",0.04,0.046000000000000006,0.042666666666666665,0.042666666666666665,10010880
76dd99c62a3e,bdh,compose,35000,4,mild,"{""depth"": 3}",3,True,False,0,0.06333333333333334,0.008379870059984355,0.052,0.072,"[0.066, 0.052, 0.072]",0.052,0.072,0.06333333333333334,0.06333333333333334,10010880
76dd99c62a3e,bdh,compose,35000,4,mild,"{""depth"": 4}",3,True,False,0,0.04466666666666667,0.0009428090415820641,0.044,0.046,"[0.044, 0.046, 0.044]",0.044000000000000004,0.046000000000000006,0.04466666666666667,0.04466666666666667,10010880
76dd99c62a3e,bdh,compose,37500,4,mild,"{""depth"": 3}",3,True,False,0,0.06,0.004320493798938574,0.054,0.064,"[0.062, 0.054, 0.064]",0.054,0.064,0.06,0.06,10010880
76dd99c62a3e,bdh,compose,37500,4,mild,"{""depth"": 4}",3,True,False,0,0.042,0.0016329931618554508,0.04,0.044,"[0.044, 0.04, 0.042]",0.04,0.044000000000000004,0.042,0.042,10010880
76dd99c62a3e,bdh,compose,40000,4,mild,"{""depth"": 3}",3,True,False,0,0.06,0.008640987597877148,0.048,0.068,"[0.068, 0.048, 0.064]",0.04800000000000001,0.068,0.06,0.06,10010880
76dd99c62a3e,bdh,compose,40000,4,mild,"{""depth"": 4}",3,True,False,0,0.04533333333333334,0.0052493385826745415,0.038,0.05,"[0.048, 0.05, 0.038]",0.038,0.05000000000000001,0.04533333333333334,0.04533333333333334,10010880
76dd99c62a3e,bdh,compose,40000,8,mild,"{""depth"": 3}",3,True,False,0,0.06,0.008640987597877148,0.048,0.068,"[0.068, 0.048, 0.064]",0.04800000000000001,0.068,0.06,0.06,10010880
76dd99c62a3e,bdh,compose,40000,8,mild,"{""depth"": 4}",3,True,False,0,0.04533333333333334,0.0052493385826745415,0.038,0.05,"[0.048, 0.05, 0.038]",0.038,0.05000000000000001,0.04533333333333334,0.04533333333333334,10010880
76dd99c62a3e,bdh,compose,2500,16,mild,"{""depth"": 3}",3,True,False,0,0.0,0.0,0.0,0.0,"[0.0, 0.0, 0.0]",0.0,0.0,0.0,0.0,10010880
76dd99c62a3e,bdh,compose,2500,16,mild,"{""depth"": 4}",3,True,False,0,0.0,0.0,0.0,0.0,"[0.0, 0.0, 0.0]",0.0,0.0,0.0,0.0,10010880
76dd99c62a3e,bdh,compose,5000,16,mild,"{""depth"": 3}",3,True,False,0,0.004,0.00282842712474619,0.0,0.006,"[0.0, 0.006, 0.006]",0.0,0.006000000000000001,0.004,0.004,10010880
76dd99c62a3e,bdh,compose,5000,16,mild,"{""depth"": 4}",3,True,False,0,0.0026666666666666666,0.0024944382578492943,0.0,0.006,"[0.002, 0.006, 0.0]",0.0,0.006000000000000001,0.0026666666666666666,0.0026666666666666666,10010880
76dd99c62a3e,bdh,compose,7500,16,mild,"{""depth"": 3}",3,True,False,0,0.024000000000000004,0.004320493798938573,0.02,0.03,"[0.02, 0.03, 0.022]",0.02,0.03,0.024000000000000004,0.024000000000000004,10010880
76dd99c62a3e,bdh,compose,7500,16,mild,"{""depth"": 4}",3,True,False,0,0.014666666666666668,0.009428090415820633,0.008,0.028,"[0.008, 0.028, 0.008]",0.008,0.028,0.014666666666666668,0.014666666666666668,10010880
76dd99c62a3e,bdh,compose,10000,16,mild,"{""depth"": 3}",3,True,False,0,0.029333333333333336,0.008219218670625302,0.02,0.04,"[0.028, 0.04, 0.02]",0.02,0.04,0.029333333333333336,0.029333333333333336,10010880
76dd99c62a3e,bdh,compose,10000,16,mild,"{""depth"": 4}",3,True,False,0,0.023999999999999997,0.004320493798938573,0.02,0.03,"[0.022, 0.03, 0.02]",0.02,0.03,0.023999999999999997,0.023999999999999997,10010880
76dd99c62a3e,bdh,compose,12500,16,mild,"{""depth"": 3}",3,True,False,0,0.035333333333333335,0.008055363982396382,0.024,0.042,"[0.042, 0.024, 0.04]",0.024000000000000004,0.042,0.035333333333333335,0.035333333333333335,10010880
76dd99c62a3e,bdh,compose,12500,16,mild,"{""depth"": 4}",3,True,False,0,0.02466666666666667,0.0009428090415820625,0.024,0.026,"[0.026, 0.024, 0.024]",0.024000000000000004,0.026,0.02466666666666667,0.02466666666666667,10010880
76dd99c62a3e,bdh,compose,15000,16,mild,"{""depth"": 3}",3,True,False,0,0.046000000000000006,0.007483314773547883,0.036,0.054,"[0.054, 0.048, 0.036]",0.036,0.054,0.046000000000000006,0.046000000000000006,10010880
76dd99c62a3e,bdh,compose,15000,16,mild,"{""depth"": 4}",3,True,False,0,0.028,0.008640987597877148,0.02,0.04,"[0.04, 0.024, 0.02]",0.02,0.04,0.028,0.028,10010880
76dd99c62a3e,bdh,compose,17500,16,mild,"{""depth"": 3}",3,True,False,0,0.056,0.00864098759787715,0.048,0.068,"[0.068, 0.048, 0.052]",0.04800000000000001,0.068,0.056,0.056,10010880
76dd99c62a3e,bdh,compose,17500,16,mild,"{""depth"": 4}",3,True,False,0,0.03,0.005656854249492382,0.022,0.034,"[0.034, 0.034, 0.022]",0.022000000000000002,0.034,0.03,0.03,10010880
76dd99c62a3e,bdh,compose,20000,16,mild,"{""depth"": 3}",3,True,False,0,0.049999999999999996,0.010708252269472675,0.036,0.062,"[0.062, 0.052, 0.036]",0.036,0.062,0.049999999999999996,0.049999999999999996,10010880
76dd99c62a3e,bdh,compose,20000,16,mild,"{""depth"": 4}",3,True,False,0,0.03933333333333333,0.004109609335312649,0.034,0.044,"[0.044, 0.04, 0.034]",0.034,0.044000000000000004,0.03933333333333333,0.03933333333333333,10010880
76dd99c62a3e,bdh,compose,22500,16,mild,"{""depth"": 3}",3,True,False,0,0.057999999999999996,0.013063945294843613,0.042,0.074,"[0.074, 0.042, 0.058]",0.042,0.074,0.057999999999999996,0.057999999999999996,10010880
76dd99c62a3e,bdh,compose,22500,16,mild,"{""depth"": 4}",3,True,False,0,0.03,0.004898979485566355,0.024,0.036,"[0.03, 0.036, 0.024]",0.024000000000000004,0.036,0.03,0.03,10010880
76dd99c62a3e,bdh,compose,25000,16,mild,"{""depth"": 3}",3,True,False,0,0.05666666666666667,0.00997775303139718,0.046,0.07,"[0.07, 0.046, 0.054]",0.046000000000000006,0.07,0.05666666666666667,0.05666666666666667,10010880
76dd99c62a3e,bdh,compose,25000,16,mild,"{""depth"": 4}",3,True,False,0,0.04133333333333333,0.0009428090415820641,0.04,0.042,"[0.04, 0.042, 0.042]",0.04,0.042,0.04133333333333333,0.04133333333333333,10010880
76dd99c62a3e,bdh,compose,27500,16,mild,"{""depth"": 3}",3,True,False,0,0.064,0.006531972647421805,0.056,0.072,"[0.072, 0.056, 0.064]",0.056,0.072,0.064,0.064,10010880
76dd99c62a3e,bdh,compose,27500,16,mild,"{""depth"": 4}",3,True,False,0,0.04666666666666667,0.008219218670625304,0.036,0.056,"[0.056, 0.036, 0.048]",0.036,0.056,0.04666666666666667,0.04666666666666667,10010880
76dd99c62a3e,bdh,compose,30000,16,mild,"{""depth"": 3}",3,True,False,0,0.06466666666666666,0.0024944382578492965,0.062,0.068,"[0.068, 0.062, 0.064]",0.062,0.068,0.06466666666666666,0.06466666666666666,10010880
76dd99c62a3e,bdh,compose,30000,16,mild,"{""depth"": 4}",3,True,False,0,0.04466666666666667,0.004109609335312652,0.04,0.05,"[0.05, 0.044, 0.04]",0.04,0.05000000000000001,0.04466666666666667,0.04466666666666667,10010880
76dd99c62a3e,bdh,compose,32500,16,mild,"{""depth"": 3}",3,True,False,0,0.056,0.0043204937989385715,0.05,0.06,"[0.06, 0.05, 0.058]",0.05000000000000001,0.06,0.056,0.056,10010880
76dd99c62a3e,bdh,compose,32500,16,mild,"{""depth"": 4}",3,True,False,0,0.042666666666666665,0.0024944382578492934,0.04,0.046,"[0.046, 0.042, 0.04]",0.04,0.046000000000000006,0.042666666666666665,0.042666666666666665,10010880
76dd99c62a3e,bdh,compose,35000,16,mild,"{""depth"": 3}",3,True,False,0,0.06333333333333334,0.008379870059984355,0.052,0.072,"[0.066, 0.052, 0.072]",0.052,0.072,0.06333333333333334,0.06333333333333334,10010880
76dd99c62a3e,bdh,compose,35000,16,mild,"{""depth"": 4}",3,True,False,0,0.04466666666666667,0.0009428090415820641,0.044,0.046,"[0.044, 0.046, 0.044]",0.044000000000000004,0.046000000000000006,0.04466666666666667,0.04466666666666667,10010880
76dd99c62a3e,bdh,compose,37500,16,mild,"{""depth"": 3}",3,True,False,0,0.06,0.004320493798938574,0.054,0.064,"[0.062, 0.054, 0.064]",0.054,0.064,0.06,0.06,10010880
76dd99c62a3e,bdh,compose,37500,16,mild,"{""depth"": 4}",3,True,False,0,0.042,0.0016329931618554508,0.04,0.044,"[0.044, 0.04, 0.042]",0.04,0.044000000000000004,0.042,0.042,10010880
76dd99c62a3e,bdh,compose,40000,16,mild,"{""depth"": 3}",3,True,False,0,0.06,0.008640987597877148,0.048,0.068,"[0.068, 0.048, 0.064]",0.04800000000000001,0.068,0.06,0.06,10010880
76dd99c62a3e,bdh,compose,40000,16,mild,"{""depth"": 4}",3,True,False,0,0.04533333333333334,0.0052493385826745415,0.038,0.05,"[0.048, 0.05, 0.038]",0.038,0.05000000000000001,0.04533333333333334,0.04533333333333334,10010880
76dd99c62a3e,bdh,compose,40000,32,mild,"{""depth"": 3}",3,True,False,0,0.06,0.008640987597877148,0.048,0.068,"[0.068, 0.048, 0.064]",0.04800000000000001,0.068,0.06,0.06,10010880
76dd99c62a3e,bdh,compose,40000,32,mild,"{""depth"": 4}",3,True,False,0,0.04533333333333334,0.0052493385826745415,0.038,0.05,"[0.048, 0.05, 0.038]",0.038,0.05000000000000001,0.04533333333333334,0.04533333333333334,10010880
76dd99c62a3e,bdh,compose,2500,1,strong,"{""depth"": 6}",3,True,False,0,0.0006666666666666666,0.0009428090415820634,0.0,0.002,"[0.0, 0.002, 0.0]",0.0,0.002,0.0006666666666666666,0.0006666666666666666,10010880
76dd99c62a3e,bdh,compose,2500,1,strong,"{""depth"": 8}",3,True,False,0,0.0,0.0,0.0,0.0,"[0.0, 0.0, 0.0]",0.0,0.0,0.0,0.0,10010880
76dd99c62a3e,bdh,compose,5000,1,strong,"{""depth"": 6}",3,True,False,0,0.0006666666666666666,0.0009428090415820634,0.0,0.002,"[0.0, 0.0, 0.002]",0.0,0.002,0.0006666666666666666,0.0006666666666666666,10010880
76dd99c62a3e,bdh,compose,5000,1,strong,"{""depth"": 8}",3,True,False,0,0.0,0.0,0.0,0.0,"[0.0, 0.0, 0.0]",0.0,0.0,0.0,0.0,10010880
76dd99c62a3e,bdh,compose,7500,1,strong,"{""depth"": 6}",3,True,False,0,0.0026666666666666666,0.0018856180831641268,0.0,0.004,"[0.0, 0.004, 0.004]",0.0,0.004,0.0026666666666666666,0.0026666666666666666,10010880
76dd99c62a3e,bdh,compose,7500,1,strong,"{""depth"": 8}",3,True,False,0,0.002,0.0,0.002,0.002,"[0.002, 0.002, 0.002]",0.002,0.002,0.002,0.002,10010880
76dd99c62a3e,bdh,compose,10000,1,strong,"{""depth"": 6}",3,True,False,0,0.008666666666666668,0.0018856180831641268,0.006,0.01,"[0.01, 0.01, 0.006]",0.006000000000000001,0.01,0.008666666666666668,0.008666666666666668,10010880
76dd99c62a3e,bdh,compose,10000,1,strong,"{""depth"": 8}",3,True,False,0,0.006666666666666668,0.0033993463423951896,0.002,0.01,"[0.01, 0.008, 0.002]",0.002,0.01,0.006666666666666668,0.006666666666666668,10010880
76dd99c62a3e,bdh,compose,12500,1,strong,"{""depth"": 6}",3,True,False,0,0.011333333333333334,0.004109609335312651,0.006,0.016,"[0.016, 0.012, 0.006]",0.006000000000000001,0.016,0.011333333333333334,0.011333333333333334,10010880
76dd99c62a3e,bdh,compose,12500,1,strong,"{""depth"": 8}",3,True,False,0,0.006666666666666667,0.00339934634239519,0.002,0.01,"[0.002, 0.01, 0.008]",0.002,0.01,0.006666666666666667,0.006666666666666667,10010880
76dd99c62a3e,bdh,compose,15000,1,strong,"{""depth"": 6}",3,True,False,0,0.016666666666666666,0.006599663291074444,0.008,0.024,"[0.024, 0.018, 0.008]",0.008,0.024000000000000004,0.016666666666666666,0.016666666666666666,10010880
76dd99c62a3e,bdh,compose,15000,1,strong,"{""depth"": 8}",3,True,False,0,0.0033333333333333335,0.0024944382578492943,0.0,0.006,"[0.004, 0.0, 0.006]",0.0,0.006000000000000001,0.0033333333333333335,0.0033333333333333335,10010880
76dd99c62a3e,bdh,compose,17500,1,strong,"{""depth"": 6}",3,True,False,0,0.020666666666666667,0.005249338582674541,0.016,0.028,"[0.016, 0.018, 0.028]",0.016,0.028,0.020666666666666667,0.020666666666666667,10010880
76dd99c62a3e,bdh,compose,17500,1,strong,"{""depth"": 8}",3,True,False,0,0.016666666666666666,0.006599663291074444,0.008,0.024,"[0.018, 0.024, 0.008]",0.008,0.024000000000000004,0.016666666666666666,0.016666666666666666,10010880
76dd99c62a3e,bdh,compose,20000,1,strong,"{""depth"": 6}",3,True,False,0,0.024666666666666667,0.0037712361663282535,0.022,0.03,"[0.022, 0.022, 0.03]",0.022000000000000002,0.03,0.024666666666666667,0.024666666666666667,10010880
76dd99c62a3e,bdh,compose,20000,1,strong,"{""depth"": 8}",3,True,False,0,0.013999999999999999,0.004320493798938573,0.01,0.02,"[0.02, 0.01, 0.012]",0.01,0.02,0.013999999999999999,0.013999999999999999,10010880
76dd99c62a3e,bdh,compose,22500,1,strong,"{""depth"": 6}",3,True,False,0,0.024666666666666667,0.00805536398239638,0.018,0.036,"[0.018, 0.02, 0.036]",0.018,0.036,0.024666666666666667,0.024666666666666667,10010880
76dd99c62a3e,bdh,compose,22500,1,strong,"{""depth"": 8}",3,True,False,0,0.016,0.004898979485566356,0.01,0.022,"[0.022, 0.01, 0.016]",0.01,0.022000000000000002,0.016,0.016,10010880
76dd99c62a3e,bdh,compose,25000,1,strong,"{""depth"": 6}",3,True,False,0,0.023333333333333334,0.004109609335312652,0.018,0.028,"[0.028, 0.018, 0.024]",0.018,0.028,0.023333333333333334,0.023333333333333334,10010880
76dd99c62a3e,bdh,compose,25000,1,strong,"{""depth"": 8}",3,True,False,0,0.012666666666666666,0.0033993463423951896,0.008,0.016,"[0.016, 0.014, 0.008]",0.008,0.016,0.012666666666666666,0.012666666666666666,10010880
76dd99c62a3e,bdh,compose,27500,1,strong,"{""depth"": 6}",3,True,False,0,0.02266666666666667,0.0018856180831641268,0.02,0.024,"[0.024, 0.024, 0.02]",0.02,0.024000000000000004,0.02266666666666667,0.02266666666666667,10010880
76dd99c62a3e,bdh,compose,27500,1,strong,"{""depth"": 8}",3,True,False,0,0.016666666666666666,0.0009428090415820625,0.016,0.018,"[0.016, 0.016, 0.018]",0.016,0.018,0.016666666666666666,0.016666666666666666,10010880
76dd99c62a3e,bdh,compose,30000,1,strong,"{""depth"": 6}",3,True,False,0,0.025333333333333333,0.0033993463423951896,0.022,0.03,"[0.024, 0.03, 0.022]",0.022000000000000002,0.03,0.025333333333333333,0.025333333333333333,10010880
76dd99c62a3e,bdh,compose,30000,1,strong,"{""depth"": 8}",3,True,False,0,0.017333333333333333,0.005249338582674541,0.01,0.022,"[0.02, 0.022, 0.01]",0.01,0.022000000000000002,0.017333333333333333,0.017333333333333333,10010880
76dd99c62a3e,bdh,compose,32500,1,strong,"{""depth"": 6}",3,True,False,0,0.027333333333333334,0.008993825042154693,0.016,0.038,"[0.038, 0.028, 0.016]",0.016,0.038,0.027333333333333334,0.027333333333333334,10010880
76dd99c62a3e,bdh,compose,32500,1,strong,"{""depth"": 8}",3,True,False,0,0.017333333333333336,0.00771722460186015,0.01,0.028,"[0.028, 0.014, 0.01]",0.01,0.028,0.017333333333333336,0.017333333333333336,10010880
76dd99c62a3e,bdh,compose,35000,1,strong,"{""depth"": 6}",3,True,False,0,0.03,0.005656854249492382,0.022,0.034,"[0.034, 0.034, 0.022]",0.022000000000000002,0.034,0.03,0.03,10010880
76dd99c62a3e,bdh,compose,35000,1,strong,"{""depth"": 8}",3,True,False,0,0.012666666666666666,0.006798692684790379,0.006,0.022,"[0.022, 0.01, 0.006]",0.006000000000000001,0.022000000000000002,0.012666666666666666,0.012666666666666666,10010880
76dd99c62a3e,bdh,compose,37500,1,strong,"{""depth"": 6}",3,True,False,0,0.030666666666666665,0.0033993463423951913,0.026,0.034,"[0.034, 0.032, 0.026]",0.026,0.034,0.030666666666666665,0.030666666666666665,10010880
76dd99c62a3e,bdh,compose,37500,1,strong,"{""depth"": 8}",3,True,False,0,0.018,0.0032659863237109034,0.014,0.022,"[0.022, 0.014, 0.018]",0.014,0.022000000000000002,0.018,0.018,10010880
76dd99c62a3e,bdh,compose,40000,1,strong,"{""depth"": 6}",3,True,False,0,0.029333333333333333,0.0024944382578492947,0.026,0.032,"[0.03, 0.032, 0.026]",0.026,0.032,0.029333333333333333,0.029333333333333333,10010880
76dd99c62a3e,bdh,compose,40000,1,strong,"{""depth"": 8}",3,True,False,0,0.014666666666666666,0.0024944382578492934,0.012,0.018,"[0.018, 0.014, 0.012]",0.012000000000000002,0.018,0.014666666666666666,0.014666666666666666,10010880
76dd99c62a3e,bdh,compose,40000,2,strong,"{""depth"": 6}",3,True,False,0,0.029333333333333333,0.0024944382578492947,0.026,0.032,"[0.03, 0.032, 0.026]",0.026,0.032,0.029333333333333333,0.029333333333333333,10010880
76dd99c62a3e,bdh,compose,40000,2,strong,"{""depth"": 8}",3,True,False,0,0.014666666666666666,0.0024944382578492934,0.012,0.018,"[0.018, 0.014, 0.012]",0.012000000000000002,0.018,0.014666666666666666,0.014666666666666666,10010880
76dd99c62a3e,bdh,compose,2500,4,strong,"{""depth"": 6}",3,True,False,0,0.0006666666666666666,0.0009428090415820634,0.0,0.002,"[0.0, 0.002, 0.0]",0.0,0.002,0.0006666666666666666,0.0006666666666666666,10010880
76dd99c62a3e,bdh,compose,2500,4,strong,"{""depth"": 8}",3,True,False,0,0.0,0.0,0.0,0.0,"[0.0, 0.0, 0.0]",0.0,0.0,0.0,0.0,10010880
76dd99c62a3e,bdh,compose,5000,4,strong,"{""depth"": 6}",3,True,False,0,0.0006666666666666666,0.0009428090415820634,0.0,0.002,"[0.0, 0.0, 0.002]",0.0,0.002,0.0006666666666666666,0.0006666666666666666,10010880
76dd99c62a3e,bdh,compose,5000,4,strong,"{""depth"": 8}",3,True,False,0,0.0,0.0,0.0,0.0,"[0.0, 0.0, 0.0]",0.0,0.0,0.0,0.0,10010880
76dd99c62a3e,bdh,compose,7500,4,strong,"{""depth"": 6}",3,True,False,0,0.0026666666666666666,0.0018856180831641268,0.0,0.004,"[0.0, 0.004, 0.004]",0.0,0.004,0.0026666666666666666,0.0026666666666666666,10010880
76dd99c62a3e,bdh,compose,7500,4,strong,"{""depth"": 8}",3,True,False,0,0.002,0.0,0.002,0.002,"[0.002, 0.002, 0.002]",0.002,0.002,0.002,0.002,10010880
76dd99c62a3e,bdh,compose,10000,4,strong,"{""depth"": 6}",3,True,False,0,0.008666666666666668,0.0018856180831641268,0.006,0.01,"[0.01, 0.01, 0.006]",0.006000000000000001,0.01,0.008666666666666668,0.008666666666666668,10010880
76dd99c62a3e,bdh,compose,10000,4,strong,"{""depth"": 8}",3,True,False,0,0.006666666666666668,0.0033993463423951896,0.002,0.01,"[0.01, 0.008, 0.002]",0.002,0.01,0.006666666666666668,0.006666666666666668,10010880
76dd99c62a3e,bdh,compose,12500,4,strong,"{""depth"": 6}",3,True,False,0,0.011333333333333334,0.004109609335312651,0.006,0.016,"[0.016, 0.012, 0.006]",0.006000000000000001,0.016,0.011333333333333334,0.011333333333333334,10010880
76dd99c62a3e,bdh,compose,12500,4,strong,"{""depth"": 8}",3,True,False,0,0.006666666666666667,0.00339934634239519,0.002,0.01,"[0.002, 0.01, 0.008]",0.002,0.01,0.006666666666666667,0.006666666666666667,10010880
76dd99c62a3e,bdh,compose,15000,4,strong,"{""depth"": 6}",3,True,False,0,0.016666666666666666,0.006599663291074444,0.008,0.024,"[0.024, 0.018, 0.008]",0.008,0.024000000000000004,0.016666666666666666,0.016666666666666666,10010880
76dd99c62a3e,bdh,compose,15000,4,strong,"{""depth"": 8}",3,True,False,0,0.0033333333333333335,0.0024944382578492943,0.0,0.006,"[0.004, 0.0, 0.006]",0.0,0.006000000000000001,0.0033333333333333335,0.0033333333333333335,10010880
76dd99c62a3e,bdh,compose,17500,4,strong,"{""depth"": 6}",3,True,False,0,0.020666666666666667,0.005249338582674541,0.016,0.028,"[0.016, 0.018, 0.028]",0.016,0.028,0.020666666666666667,0.020666666666666667,10010880
76dd99c62a3e,bdh,compose,17500,4,strong,"{""depth"": 8}",3,True,False,0,0.016666666666666666,0.006599663291074444,0.008,0.024,"[0.018, 0.024, 0.008]",0.008,0.024000000000000004,0.016666666666666666,0.016666666666666666,10010880
76dd99c62a3e,bdh,compose,20000,4,strong,"{""depth"": 6}",3,True,False,0,0.024666666666666667,0.0037712361663282535,0.022,0.03,"[0.022, 0.022, 0.03]",0.022000000000000002,0.03,0.024666666666666667,0.024666666666666667,10010880
76dd99c62a3e,bdh,compose,20000,4,strong,"{""depth"": 8}",3,True,False,0,0.013999999999999999,0.004320493798938573,0.01,0.02,"[0.02, 0.01, 0.012]",0.01,0.02,0.013999999999999999,0.013999999999999999,10010880
76dd99c62a3e,bdh,compose,22500,4,strong,"{""depth"": 6}",3,True,False,0,0.024666666666666667,0.00805536398239638,0.018,0.036,"[0.018, 0.02, 0.036]",0.018,0.036,0.024666666666666667,0.024666666666666667,10010880
76dd99c62a3e,bdh,compose,22500,4,strong,"{""depth"": 8}",3,True,False,0,0.016,0.004898979485566356,0.01,0.022,"[0.022, 0.01, 0.016]",0.01,0.022000000000000002,0.016,0.016,10010880
76dd99c62a3e,bdh,compose,25000,4,strong,"{""depth"": 6}",3,True,False,0,0.023333333333333334,0.004109609335312652,0.018,0.028,"[0.028, 0.018, 0.024]",0.018,0.028,0.023333333333333334,0.023333333333333334,10010880
76dd99c62a3e,bdh,compose,25000,4,strong,"{""depth"": 8}",3,True,False,0,0.012666666666666666,0.0033993463423951896,0.008,0.016,"[0.016, 0.014, 0.008]",0.008,0.016,0.012666666666666666,0.012666666666666666,10010880
76dd99c62a3e,bdh,compose,27500,4,strong,"{""depth"": 6}",3,True,False,0,0.02266666666666667,0.0018856180831641268,0.02,0.024,"[0.024, 0.024, 0.02]",0.02,0.024000000000000004,0.02266666666666667,0.02266666666666667,10010880
76dd99c62a3e,bdh,compose,27500,4,strong,"{""depth"": 8}",3,True,False,0,0.016666666666666666,0.0009428090415820625,0.016,0.018,"[0.016, 0.016, 0.018]",0.016,0.018,0.016666666666666666,0.016666666666666666,10010880
76dd99c62a3e,bdh,compose,30000,4,strong,"{""depth"": 6}",3,True,False,0,0.025333333333333333,0.0033993463423951896,0.022,0.03,"[0.024, 0.03, 0.022]",0.022000000000000002,0.03,0.025333333333333333,0.025333333333333333,10010880
76dd99c62a3e,bdh,compose,30000,4,strong,"{""depth"": 8}",3,True,False,0,0.017333333333333333,0.005249338582674541,0.01,0.022,"[0.02, 0.022, 0.01]",0.01,0.022000000000000002,0.017333333333333333,0.017333333333333333,10010880
76dd99c62a3e,bdh,compose,32500,4,strong,"{""depth"": 6}",3,True,False,0,0.027333333333333334,0.008993825042154693,0.016,0.038,"[0.038, 0.028, 0.016]",0.016,0.038,0.027333333333333334,0.027333333333333334,10010880
76dd99c62a3e,bdh,compose,32500,4,strong,"{""depth"": 8}",3,True,False,0,0.017333333333333336,0.00771722460186015,0.01,0.028,"[0.028, 0.014, 0.01]",0.01,0.028,0.017333333333333336,0.017333333333333336,10010880
76dd99c62a3e,bdh,compose,35000,4,strong,"{""depth"": 6}",3,True,False,0,0.03,0.005656854249492382,0.022,0.034,"[0.034, 0.034, 0.022]",0.022000000000000002,0.034,0.03,0.03,10010880
76dd99c62a3e,bdh,compose,35000,4,strong,"{""depth"": 8}",3,True,False,0,0.012666666666666666,0.006798692684790379,0.006,0.022,"[0.022, 0.01, 0.006]",0.006000000000000001,0.022000000000000002,0.012666666666666666,0.012666666666666666,10010880
76dd99c62a3e,bdh,compose,37500,4,strong,"{""depth"": 6}",3,True,False,0,0.030666666666666665,0.0033993463423951913,0.026,0.034,"[0.034, 0.032, 0.026]",0.026,0.034,0.030666666666666665,0.030666666666666665,10010880
76dd99c62a3e,bdh,compose,37500,4,strong,"{""depth"": 8}",3,True,False,0,0.018,0.0032659863237109034,0.014,0.022,"[0.022, 0.014, 0.018]",0.014,0.022000000000000002,0.018,0.018,10010880
76dd99c62a3e,bdh,compose,40000,4,strong,"{""depth"": 6}",3,True,False,0,0.029333333333333333,0.0024944382578492947,0.026,0.032,"[0.03, 0.032, 0.026]",0.026,0.032,0.029333333333333333,0.029333333333333333,10010880
76dd99c62a3e,bdh,compose,40000,4,strong,"{""depth"": 8}",3,True,False,0,0.014666666666666666,0.0024944382578492934,0.012,0.018,"[0.018, 0.014, 0.012]",0.012000000000000002,0.018,0.014666666666666666,0.014666666666666666,10010880
76dd99c62a3e,bdh,compose,40000,8,strong,"{""depth"": 6}",3,True,False,0,0.029333333333333333,0.0024944382578492947,0.026,0.032,"[0.03, 0.032, 0.026]",0.026,0.032,0.029333333333333333,0.029333333333333333,10010880
76dd99c62a3e,bdh,compose,40000,8,strong,"{""depth"": 8}",3,True,False,0,0.014666666666666666,0.0024944382578492934,0.012,0.018,"[0.018, 0.014, 0.012]",0.012000000000000002,0.018,0.014666666666666666,0.014666666666666666,10010880
76dd99c62a3e,bdh,compose,2500,16,strong,"{""depth"": 6}",3,True,False,0,0.0006666666666666666,0.0009428090415820634,0.0,0.002,"[0.0, 0.002, 0.0]",0.0,0.002,0.0006666666666666666,0.0006666666666666666,10010880
76dd99c62a3e,bdh,compose,2500,16,strong,"{""depth"": 8}",3,True,False,0,0.0,0.0,0.0,0.0,"[0.0, 0.0, 0.0]",0.0,0.0,0.0,0.0,10010880
76dd99c62a3e,bdh,compose,5000,16,strong,"{""depth"": 6}",3,True,False,0,0.0006666666666666666,0.0009428090415820634,0.0,0.002,"[0.0, 0.0, 0.002]",0.0,0.002,0.0006666666666666666,0.0006666666666666666,10010880
76dd99c62a3e,bdh,compose,5000,16,strong,"{""depth"": 8}",3,True,False,0,0.0,0.0,0.0,0.0,"[0.0, 0.0, 0.0]",0.0,0.0,0.0,0.0,10010880
76dd99c62a3e,bdh,compose,7500,16,strong,"{""depth"": 6}",3,True,False,0,0.0026666666666666666,0.0018856180831641268,0.0,0.004,"[0.0, 0.004, 0.004]",0.0,0.004,0.0026666666666666666,0.0026666666666666666,10010880
76dd99c62a3e,bdh,compose,7500,16,strong,"{""depth"": 8}",3,True,False,0,0.002,0.0,0.002,0.002,"[0.002, 0.002, 0.002]",0.002,0.002,0.002,0.002,10010880
76dd99c62a3e,bdh,compose,10000,16,strong,"{""depth"": 6}",3,True,False,0,0.008666666666666668,0.0018856180831641268,0.006,0.01,"[0.01, 0.01, 0.006]",0.006000000000000001,0.01,0.008666666666666668,0.008666666666666668,10010880
76dd99c62a3e,bdh,compose,10000,16,strong,"{""depth"": 8}",3,True,False,0,0.006666666666666668,0.0033993463423951896,0.002,0.01,"[0.01, 0.008, 0.002]",0.002,0.01,0.006666666666666668,0.006666666666666668,10010880
76dd99c62a3e,bdh,compose,12500,16,strong,"{""depth"": 6}",3,True,False,0,0.011333333333333334,0.004109609335312651,0.006,0.016,"[0.016, 0.012, 0.006]",0.006000000000000001,0.016,0.011333333333333334,0.011333333333333334,10010880
76dd99c62a3e,bdh,compose,12500,16,strong,"{""depth"": 8}",3,True,False,0,0.006666666666666667,0.00339934634239519,0.002,0.01,"[0.002, 0.01, 0.008]",0.002,0.01,0.006666666666666667,0.006666666666666667,10010880
76dd99c62a3e,bdh,compose,15000,16,strong,"{""depth"": 6}",3,True,False,0,0.016666666666666666,0.006599663291074444,0.008,0.024,"[0.024, 0.018, 0.008]",0.008,0.024000000000000004,0.016666666666666666,0.016666666666666666,10010880
76dd99c62a3e,bdh,compose,15000,16,strong,"{""depth"": 8}",3,True,False,0,0.0033333333333333335,0.0024944382578492943,0.0,0.006,"[0.004, 0.0, 0.006]",0.0,0.006000000000000001,0.0033333333333333335,0.0033333333333333335,10010880
76dd99c62a3e,bdh,compose,17500,16,strong,"{""depth"": 6}",3,True,False,0,0.020666666666666667,0.005249338582674541,0.016,0.028,"[0.016, 0.018, 0.028]",0.016,0.028,0.020666666666666667,0.020666666666666667,10010880
76dd99c62a3e,bdh,compose,17500,16,strong,"{""depth"": 8}",3,True,False,0,0.016666666666666666,0.006599663291074444,0.008,0.024,"[0.018, 0.024, 0.008]",0.008,0.024000000000000004,0.016666666666666666,0.016666666666666666,10010880
76dd99c62a3e,bdh,compose,20000,16,strong,"{""depth"": 6}",3,True,False,0,0.024666666666666667,0.0037712361663282535,0.022,0.03,"[0.022, 0.022, 0.03]",0.022000000000000002,0.03,0.024666666666666667,0.024666666666666667,10010880
76dd99c62a3e,bdh,compose,20000,16,strong,"{""depth"": 8}",3,True,False,0,0.013999999999999999,0.004320493798938573,0.01,0.02,"[0.02, 0.01, 0.012]",0.01,0.02,0.013999999999999999,0.013999999999999999,10010880
76dd99c62a3e,bdh,compose,22500,16,strong,"{""depth"": 6}",3,True,False,0,0.024666666666666667,0.00805536398239638,0.018,0.036,"[0.018, 0.02, 0.036]",0.018,0.036,0.024666666666666667,0.024666666666666667,10010880
76dd99c62a3e,bdh,compose,22500,16,strong,"{""depth"": 8}",3,True,False,0,0.016,0.004898979485566356,0.01,0.022,"[0.022, 0.01, 0.016]",0.01,0.022000000000000002,0.016,0.016,10010880
76dd99c62a3e,bdh,compose,25000,16,strong,"{""depth"": 6}",3,True,False,0,0.023333333333333334,0.004109609335312652,0.018,0.028,"[0.028, 0.018, 0.024]",0.018,0.028,0.023333333333333334,0.023333333333333334,10010880
76dd99c62a3e,bdh,compose,25000,16,strong,"{""depth"": 8}",3,True,False,0,0.012666666666666666,0.0033993463423951896,0.008,0.016,"[0.016, 0.014, 0.008]",0.008,0.016,0.012666666666666666,0.012666666666666666,10010880
76dd99c62a3e,bdh,compose,27500,16,strong,"{""depth"": 6}",3,True,False,0,0.02266666666666667,0.0018856180831641268,0.02,0.024,"[0.024, 0.024, 0.02]",0.02,0.024000000000000004,0.02266666666666667,0.02266666666666667,10010880
76dd99c62a3e,bdh,compose,27500,16,strong,"{""depth"": 8}",3,True,False,0,0.016666666666666666,0.0009428090415820625,0.016,0.018,"[0.016, 0.016, 0.018]",0.016,0.018,0.016666666666666666,0.016666666666666666,10010880
76dd99c62a3e,bdh,compose,30000,16,strong,"{""depth"": 6}",3,True,False,0,0.025333333333333333,0.0033993463423951896,0.022,0.03,"[0.024, 0.03, 0.022]",0.022000000000000002,0.03,0.025333333333333333,0.025333333333333333,10010880
76dd99c62a3e,bdh,compose,30000,16,strong,"{""depth"": 8}",3,True,False,0,0.017333333333333333,0.005249338582674541,0.01,0.022,"[0.02, 0.022, 0.01]",0.01,0.022000000000000002,0.017333333333333333,0.017333333333333333,10010880
76dd99c62a3e,bdh,compose,32500,16,strong,"{""depth"": 6}",3,True,False,0,0.027333333333333334,0.008993825042154693,0.016,0.038,"[0.038, 0.028, 0.016]",0.016,0.038,0.027333333333333334,0.027333333333333334,10010880
76dd99c62a3e,bdh,compose,32500,16,strong,"{""depth"": 8}",3,True,False,0,0.017333333333333336,0.00771722460186015,0.01,0.028,"[0.028, 0.014, 0.01]",0.01,0.028,0.017333333333333336,0.017333333333333336,10010880
76dd99c62a3e,bdh,compose,35000,16,strong,"{""depth"": 6}",3,True,False,0,0.03,0.005656854249492382,0.022,0.034,"[0.034, 0.034, 0.022]",0.022000000000000002,0.034,0.03,0.03,10010880
76dd99c62a3e,bdh,compose,35000,16,strong,"{""depth"": 8}",3,True,False,0,0.012666666666666666,0.006798692684790379,0.006,0.022,"[0.022, 0.01, 0.006]",0.006000000000000001,0.022000000000000002,0.012666666666666666,0.012666666666666666,10010880
76dd99c62a3e,bdh,compose,37500,16,strong,"{""depth"": 6}",3,True,False,0,0.030666666666666665,0.0033993463423951913,0.026,0.034,"[0.034, 0.032, 0.026]",0.026,0.034,0.030666666666666665,0.030666666666666665,10010880
76dd99c62a3e,bdh,compose,37500,16,strong,"{""depth"": 8}",3,True,False,0,0.018,0.0032659863237109034,0.014,0.022,"[0.022, 0.014, 0.018]",0.014,0.022000000000000002,0.018,0.018,10010880
76dd99c62a3e,bdh,compose,40000,16,strong,"{""depth"": 6}",3,True,False,0,0.029333333333333333,0.0024944382578492947,0.026,0.032,"[0.03, 0.032, 0.026]",0.026,0.032,0.029333333333333333,0.029333333333333333,10010880
76dd99c62a3e,bdh,compose,40000,16,strong,"{""depth"": 8}",3,True,False,0,0.014666666666666666,0.0024944382578492934,0.012,0.018,"[0.018, 0.014, 0.012]",0.012000000000000002,0.018,0.014666666666666666,0.014666666666666666,10010880
76dd99c62a3e,bdh,compose,40000,32,strong,"{""depth"": 6}",3,True,False,0,0.029333333333333333,0.0024944382578492947,0.026,0.032,"[0.03, 0.032, 0.026]",0.026,0.032,0.029333333333333333,0.029333333333333333,10010880
76dd99c62a3e,bdh,compose,40000,32,strong,"{""depth"": 8}",3,True,False,0,0.014666666666666666,0.0024944382578492934,0.012,0.018,"[0.018, 0.014, 0.012]",0.012000000000000002,0.018,0.014666666666666666,0.014666666666666666,10010880
aa765b714f0a,bdh_cq,compose,2500,1,interp,"{""depth"": 1}",3,True,False,0,0.0,0.0,0.0,0.0,"[0.0, 0.0, 0.0]",0.0,0.0,0.0,0.0,10010880
aa765b714f0a,bdh_cq,compose,2500,1,interp,"{""depth"": 2}",3,True,False,0,0.0,0.0,0.0,0.0,"[0.0, 0.0, 0.0]",0.0,0.0,0.0,0.0,10010880
aa765b714f0a,bdh_cq,compose,5000,1,interp,"{""depth"": 1}",3,True,False,0,0.0,0.0,0.0,0.0,"[0.0, 0.0, 0.0]",0.0,0.0,0.0,0.0,10010880
aa765b714f0a,bdh_cq,compose,5000,1,interp,"{""depth"": 2}",3,True,False,0,0.0,0.0,0.0,0.0,"[0.0, 0.0, 0.0]",0.0,0.0,0.0,0.0,10010880
aa765b714f0a,bdh_cq,compose,7500,1,interp,"{""depth"": 1}",3,True,False,0,0.005333333333333333,0.00339934634239519,0.002,0.01,"[0.004, 0.01, 0.002]",0.002,0.01,0.005333333333333333,0.005333333333333333,10010880
aa765b714f0a,bdh_cq,compose,7500,1,interp,"{""depth"": 2}",3,True,False,0,0.005333333333333333,0.006182412330330469,0.0,0.014,"[0.0, 0.014, 0.002]",0.0,0.014,0.005333333333333333,0.005333333333333333,10010880
aa765b714f0a,bdh_cq,compose,10000,1,interp,"{""depth"": 1}",3,True,False,0,0.057999999999999996,0.04329742101634537,0.0,0.104,"[0.07, 0.104, 0.0]",0.0,0.104,0.057999999999999996,0.057999999999999996,10010880
aa765b714f0a,bdh_cq,compose,10000,1,interp,"{""depth"": 2}",3,True,False,0,0.024000000000000004,0.019595917942265426,0.0,0.048,"[0.024, 0.048, 0.0]",0.0,0.04800000000000001,0.024000000000000004,0.024000000000000004,10010880
aa765b714f0a,bdh_cq,compose,12500,1,interp,"{""depth"": 1}",3,True,False,0,0.076,0.05376492040974921,0.0,0.116,"[0.116, 0.112, 0.0]",0.0,0.116,0.076,0.076,10010880
aa765b714f0a,bdh_cq,compose,12500,1,interp,"{""depth"": 2}",3,True,False,0,0.03133333333333333,0.022881336402307353,0.0,0.054,"[0.04, 0.054, 0.0]",0.0,0.054,0.03133333333333333,0.03133333333333333,10010880
aa765b714f0a,bdh_cq,compose,15000,1,interp,"{""depth"": 1}",3,True,False,0,0.07466666666666667,0.052822554105440817,0.0,0.114,"[0.114, 0.11, 0.0]",0.0,0.114,0.07466666666666667,0.07466666666666667,10010880
aa765b714f0a,bdh_cq,compose,15000,1,interp,"{""depth"": 2}",3,True,False,0,0.044000000000000004,0.03149603149604724,0.0,0.072,"[0.06, 0.072, 0.0]",0.0,0.072,0.044000000000000004,0.044000000000000004,10010880
aa765b714f0a,bdh_cq,compose,17500,1,interp,"{""depth"": 1}",3,True,False,0,0.064,0.04667618950457146,0.0,0.11,"[0.082, 0.11, 0.0]",0.0,0.11,0.064,0.064,10010880
aa765b714f0a,bdh_cq,compose,17500,1,interp,"{""depth"": 2}",3,True,False,0,0.04466666666666667,0.03159465496286076,0.0,0.068,"[0.066, 0.068, 0.0]",0.0,0.068,0.04466666666666667,0.04466666666666667,10010880
aa765b714f0a,bdh_cq,compose,20000,1,interp,"{""depth"": 1}",3,True,False,0,0.066,0.047017727153347885,0.0,0.106,"[0.092, 0.106, 0.0]",0.0,0.106,0.066,0.066,10010880
aa765b714f0a,bdh_cq,compose,20000,1,interp,"{""depth"": 2}",3,True,False,0,0.04666666666666667,0.033359989341858146,0.0,0.076,"[0.064, 0.076, 0.0]",0.0,0.076,0.04666666666666667,0.04666666666666667,10010880
aa765b714f0a,bdh_cq,compose,22500,1,interp,"{""depth"": 1}",3,True,False,0,0.08333333333333333,0.05195724738239658,0.01,0.124,"[0.124, 0.116, 0.01]",0.01,0.124,0.08333333333333333,0.08333333333333333,10010880
aa765b714f0a,bdh_cq,compose,22500,1,interp,"{""depth"": 2}",3,True,False,0,0.04866666666666667,0.03159465496286076,0.004,0.072,"[0.072, 0.07, 0.004]",0.004,0.072,0.04866666666666667,0.04866666666666667,10010880
aa765b714f0a,bdh_cq,compose,25000,1,interp,"{""depth"": 1}",3,True,False,0,0.08199999999999999,0.04320493798938573,0.022,0.122,"[0.102, 0.122, 0.022]",0.022000000000000002,0.122,0.08199999999999999,0.08199999999999999,10010880
aa765b714f0a,bdh_cq,compose,25000,1,interp,"{""depth"": 2}",3,True,False,0,0.05466666666666667,0.033038697848970316,0.008,0.08,"[0.076, 0.08, 0.008]",0.008,0.08,0.05466666666666667,0.05466666666666667,10010880
aa765b714f0a,bdh_cq,compose,27500,1,interp,"{""depth"": 1}",3,True,False,0,0.09199999999999998,0.036478304054145205,0.042,0.128,"[0.106, 0.128, 0.042]",0.042,0.128,0.09199999999999998,0.09199999999999998,10010880
aa765b714f0a,bdh_cq,compose,27500,1,interp,"{""depth"": 2}",3,True,False,0,0.054,0.02006655592438988,0.026,0.072,"[0.072, 0.064, 0.026]",0.026,0.072,0.054,0.054,10010880
aa765b714f0a,bdh_cq,compose,30000,1,interp,"{""depth"": 1}",3,True,False,0,0.09999999999999999,0.02997776954122282,0.058,0.126,"[0.116, 0.126, 0.058]",0.058,0.126,0.09999999999999999,0.09999999999999999,10010880
aa765b714f0a,bdh_cq,compose,30000,1,interp,"{""depth"": 2}",3,True,False,0,0.05733333333333334,0.01934482417139588,0.03,0.072,"[0.072, 0.07, 0.03]",0.03,0.072,0.05733333333333334,0.05733333333333334,10010880
aa765b714f0a,bdh_cq,compose,32500,1,interp,"{""depth"": 1}",3,True,False,0,0.106,0.02039607805437114,0.078,0.126,"[0.126, 0.114, 0.078]",0.078,0.126,0.106,0.106,10010880
aa765b714f0a,bdh_cq,compose,32500,1,interp,"{""depth"": 2}",3,True,False,0,0.06333333333333334,0.020677416559027762,0.036,0.086,"[0.086, 0.068, 0.036]",0.036,0.08600000000000001,0.06333333333333334,0.06333333333333334,10010880
aa765b714f0a,bdh_cq,compose,35000,1,interp,"{""depth"": 1}",3,True,False,0,0.10133333333333333,0.014267289706021797,0.082,0.116,"[0.116, 0.106, 0.082]",0.082,0.116,0.10133333333333333,0.10133333333333333,10010880
aa765b714f0a,bdh_cq,compose,35000,1,interp,"{""depth"": 2}",3,True,False,0,0.06266666666666666,0.019136933459209766,0.036,0.08,"[0.08, 0.072, 0.036]",0.036,0.08,0.06266666666666666,0.06266666666666666,10010880
aa765b714f0a,bdh_cq,compose,37500,1,interp,"{""depth"": 1}",3,True,False,0,0.10533333333333333,0.01798765008430939,0.08,0.12,"[0.12, 0.116, 0.08]",0.08,0.12,0.10533333333333333,0.10533333333333333,10010880
aa765b714f0a,bdh_cq,compose,37500,1,interp,"{""depth"": 2}",3,True,False,0,0.064,0.018402898322456347,0.038,0.078,"[0.076, 0.078, 0.038]",0.038,0.078,0.064,0.064,10010880
aa765b714f0a,bdh_cq,compose,40000,1,interp,"{""depth"": 1}",3,True,False,0,0.106,0.01766352173265569,0.082,0.124,"[0.124, 0.112, 0.082]",0.082,0.124,0.106,0.106,10010880
aa765b714f0a,bdh_cq,compose,40000,1,interp,"{""depth"": 2}",3,True,False,0,0.066,0.017048949136725895,0.042,0.08,"[0.076, 0.08, 0.042]",0.042,0.08,0.066,0.066,10010880
aa765b714f0a,bdh_cq,compose,40000,2,interp,"{""depth"": 1}",3,True,False,0,0.10866666666666665,0.016357125528513733,0.086,0.124,"[0.116, 0.124, 0.086]",0.08600000000000001,0.124,0.10866666666666665,0.10866666666666665,10010880
aa765b714f0a,bdh_cq,compose,40000,2,interp,"{""depth"": 2}",3,True,False,0,0.06466666666666666,0.013199326582148885,0.046,0.074,"[0.074, 0.074, 0.046]",0.046000000000000006,0.074,0.06466666666666666,0.06466666666666666,10010880
aa765b714f0a,bdh_cq,compose,2500,4,interp,"{""depth"": 1}",3,True,False,0,0.0006666666666666666,0.0009428090415820634,0.0,0.002,"[0.0, 0.002, 0.0]",0.0,0.002,0.0006666666666666666,0.0006666666666666666,10010880
aa765b714f0a,bdh_cq,compose,2500,4,interp,"{""depth"": 2}",3,True,False,0,0.0,0.0,0.0,0.0,"[0.0, 0.0, 0.0]",0.0,0.0,0.0,0.0,10010880
aa765b714f0a,bdh_cq,compose,5000,4,interp,"{""depth"": 1}",3,True,False,0,0.0,0.0,0.0,0.0,"[0.0, 0.0, 0.0]",0.0,0.0,0.0,0.0,10010880
aa765b714f0a,bdh_cq,compose,5000,4,interp,"{""depth"": 2}",3,True,False,0,0.0,0.0,0.0,0.0,"[0.0, 0.0, 0.0]",0.0,0.0,0.0,0.0,10010880
aa765b714f0a,bdh_cq,compose,7500,4,interp,"{""depth"": 1}",3,True,False,0,0.002,0.00282842712474619,0.0,0.006,"[0.0, 0.006, 0.0]",0.0,0.006000000000000001,0.002,0.002,10010880
aa765b714f0a,bdh_cq,compose,7500,4,interp,"{""depth"": 2}",3,True,False,0,0.004,0.004320493798938574,0.0,0.01,"[0.0, 0.01, 0.002]",0.0,0.01,0.004,0.004,10010880
aa765b714f0a,bdh_cq,compose,10000,4,interp,"{""depth"": 1}",3,True,False,0,0.051333333333333335,0.03623380864453651,0.002,0.088,"[0.064, 0.088, 0.002]",0.002,0.08800000000000001,0.051333333333333335,0.051333333333333335,10010880
aa765b714f0a,bdh_cq,compose,10000,4,interp,"{""depth"": 2}",3,True,False,0,0.02,0.017204650534085254,0.0,0.042,"[0.018, 0.042, 0.0]",0.0,0.042,0.02,0.02,10010880
aa765b714f0a,bdh_cq,compose,12500,4,interp,"{""depth"": 1}",3,True,False,0,0.07333333333333333,0.05277204647243547,0.0,0.122,"[0.098, 0.122, 0.0]",0.0,0.122,0.07333333333333333,0.07333333333333333,10010880
aa765b714f0a,bdh_cq,compose,12500,4,interp,"{""depth"": 2}",3,True,False,0,0.03266666666666667,0.021746008573733454,0.002,0.05,"[0.046, 0.05, 0.002]",0.002,0.05000000000000001,0.03266666666666667,0.03266666666666667,10010880
aa765b714f0a,bdh_cq,compose,15000,4,interp,"{""depth"": 1}",3,True,False,0,0.07666666666666666,0.05451197625802568,0.0,0.122,"[0.108, 0.122, 0.0]",0.0,0.122,0.07666666666666666,0.07666666666666666,10010880
aa765b714f0a,bdh_cq,compose,15000,4,interp,"{""depth"": 2}",3,True,False,0,0.03666666666666667,0.025940101944458293,0.0,0.056,"[0.054, 0.056, 0.0]",0.0,0.056,0.03666666666666667,0.03666666666666667,10010880
aa765b714f0a,bdh_cq,compose,17500,4,interp,"{""depth"": 1}",3,True,False,0,0.06533333333333334,0.047590848793532654,0.0,0.112,"[0.084, 0.112, 0.0]",0.0,0.112,0.06533333333333334,0.06533333333333334,10010880
aa765b714f0a,bdh_cq,compose,17500,4,interp,"{""depth"": 2}",3,True,False,0,0.038,0.026981475126464084,0.0,0.06,"[0.06, 0.054, 0.0]",0.0,0.06,0.038,0.038,10010880
aa765b714f0a,bdh_cq,compose,20000,4,interp,"{""depth"": 1}",3,True,False,0,0.07133333333333333,0.05049972497174834,0.0,0.11,"[0.11, 0.104, 0.0]",0.0,0.11,0.07133333333333333,0.07133333333333333,10010880
aa765b714f0a,bdh_cq,compose,20000,4,interp,"{""depth"": 2}",3,True,False,0,0.04933333333333334,0.035490217744549774,0.0,0.082,"[0.066, 0.082, 0.0]",0.0,0.082,0.04933333333333334,0.04933333333333334,10010880
aa765b714f0a,bdh_cq,compose,22500,4,interp,"{""depth"": 1}",3,True,False,0,0.08933333333333333,0.06042810236599819,0.004,0.136,"[0.128, 0.136, 0.004]",0.004,0.136,0.08933333333333333,0.08933333333333333,10010880
aa765b714f0a,bdh_cq,compose,22500,4,interp,"{""depth"": 2}",3,True,False,0,0.038,0.02717842281418601,0.0,0.062,"[0.062, 0.052, 0.0]",0.0,0.062,0.038,0.038,10010880
aa765b714f0a,bdh_cq,compose,25000,4,interp,"{""depth"": 1}",3,True,False,0,0.08333333333333333,0.047590848793532654,0.018,0.13,"[0.102, 0.13, 0.018]",0.018,0.13,0.08333333333333333,0.08333333333333333,10010880
aa765b714f0a,bdh_cq,compose,25000,4,interp,"{""depth"": 2}",3,True,False,0,0.051333333333333335,0.02922708028904396,0.01,0.072,"[0.072, 0.072, 0.01]",0.01,0.072,0.051333333333333335,0.051333333333333335,10010880
aa765b714f0a,bdh_cq,compose,27500,4,interp,"{""depth"": 1}",3,True,False,0,0.08999999999999998,0.03734523619776245,0.038,0.124,"[0.108, 0.124, 0.038]",0.038,0.124,0.08999999999999998,0.08999999999999998,10010880
aa765b714f0a,bdh_cq,compose,27500,4,interp,"{""depth"": 2}",3,True,False,0,0.050666666666666665,0.01892675942210452,0.024,0.066,"[0.062, 0.066, 0.024]",0.024000000000000004,0.066,0.050666666666666665,0.050666666666666665,10010880
aa765b714f0a,bdh_cq,compose,30000,4,interp,"{""depth"": 1}",3,True,False,0,0.10133333333333333,0.031930480039541465,0.058,0.134,"[0.112, 0.134, 0.058]",0.058,0.134,0.10133333333333333,0.10133333333333333,10010880
aa765b714f0a,bdh_cq,compose,30000,4,interp,"{""depth"": 2}",3,True,False,0,0.05733333333333334,0.022881336402307353,0.026,0.08,"[0.066, 0.08, 0.026]",0.026,0.08,0.05733333333333334,0.05733333333333334,10010880
aa765b714f0a,bdh_cq,compose,32500,4,interp,"{""depth"": 1}",3,True,False,0,0.102,0.021228911104120878,0.072,0.118,"[0.116, 0.118, 0.072]",0.072,0.118,0.102,0.102,10010880
aa765b714f0a,bdh_cq,compose,32500,4,interp,"{""depth"": 2}",3,True,False,0,0.062000000000000006,0.014966629547095763,0.042,0.078,"[0.078, 0.066, 0.042]",0.042,0.078,0.062000000000000006,0.062000000000000006,10010880
aa765b714f0a,bdh_cq,compose,35000,4,interp,"{""depth"": 1}",3,True,False,0,0.09866666666666667,0.014817407180595248,0.078,0.112,"[0.106, 0.112, 0.078]",0.078,0.112,0.09866666666666667,0.09866666666666667,10010880
aa765b714f0a,bdh_cq,compose,35000,4,interp,"{""depth"": 2}",3,True,False,0,0.060000000000000005,0.0170489491367259,0.036,0.074,"[0.07, 0.074, 0.036]",0.036,0.074,0.060000000000000005,0.060000000000000005,10010880
aa765b714f0a,bdh_cq,compose,37500,4,interp,"{""depth"": 1}",3,True,False,0,0.108,0.019866219234335118,0.08,0.124,"[0.12, 0.124, 0.08]",0.08,0.124,0.108,0.108,10010880
aa765b714f0a,bdh_cq,compose,37500,4,interp,"{""depth"": 2}",3,True,False,0,0.064,0.014514360704718163,0.044,0.078,"[0.07, 0.078, 0.044]",0.044000000000000004,0.078,0.064,0.064,10010880
aa765b714f0a,bdh_cq,compose,40000,4,interp,"{""depth"": 1}",3,True,False,0,0.104,0.017281975195754293,0.08,0.12,"[0.112, 0.12, 0.08]",0.08,0.12,0.104,0.104,10010880
aa765b714f0a,bdh_cq,compose,40000,4,interp,"{""depth"": 2}",3,True,False,0,0.064,0.013366625103842282,0.046,0.078,"[0.068, 0.078, 0.046]",0.046000000000000006,0.078,0.064,0.064,10010880
aa765b714f0a,bdh_cq,compose,40000,8,interp,"{""depth"": 1}",3,True,False,0,0.08733333333333332,0.035490217744549774,0.038,0.12,"[0.104, 0.12, 0.038]",0.038,0.12,0.08733333333333332,0.08733333333333332,10010880
aa765b714f0a,bdh_cq,compose,40000,8,interp,"{""depth"": 2}",3,True,False,0,0.06799999999999999,0.02438578821089584,0.034,0.09,"[0.08, 0.09, 0.034]",0.034,0.09000000000000001,0.06799999999999999,0.06799999999999999,10010880
aa765b714f0a,bdh_cq,compose,2500,16,interp,"{""depth"": 1}",3,True,False,0,0.0006666666666666666,0.0009428090415820634,0.0,0.002,"[0.0, 0.002, 0.0]",0.0,0.002,0.0006666666666666666,0.0006666666666666666,10010880
aa765b714f0a,bdh_cq,compose,2500,16,interp,"{""depth"": 2}",3,True,False,0,0.0,0.0,0.0,0.0,"[0.0, 0.0, 0.0]",0.0,0.0,0.0,0.0,10010880
aa765b714f0a,bdh_cq,compose,5000,16,interp,"{""depth"": 1}",3,True,False,0,0.0,0.0,0.0,0.0,"[0.0, 0.0, 0.0]",0.0,0.0,0.0,0.0,10010880
aa765b714f0a,bdh_cq,compose,5000,16,interp,"{""depth"": 2}",3,True,False,0,0.0,0.0,0.0,0.0,"[0.0, 0.0, 0.0]",0.0,0.0,0.0,0.0,10010880
aa765b714f0a,bdh_cq,compose,7500,16,interp,"{""depth"": 1}",3,True,False,0,0.0,0.0,0.0,0.0,"[0.0, 0.0, 0.0]",0.0,0.0,0.0,0.0,10010880
aa765b714f0a,bdh_cq,compose,7500,16,interp,"{""depth"": 2}",3,True,False,0,0.0013333333333333333,0.0009428090415820634,0.0,0.002,"[0.0, 0.002, 0.002]",0.0,0.002,0.0013333333333333333,0.0013333333333333333,10010880
aa765b714f0a,bdh_cq,compose,10000,16,interp,"{""depth"": 1}",3,True,False,0,0.0033333333333333335,0.0018856180831641268,0.002,0.006,"[0.006, 0.002, 0.002]",0.002,0.006000000000000001,0.0033333333333333335,0.0033333333333333335,10010880
aa765b714f0a,bdh_cq,compose,10000,16,interp,"{""depth"": 2}",3,True,False,0,0.0013333333333333333,0.0009428090415820634,0.0,0.002,"[0.002, 0.002, 0.0]",0.0,0.002,0.0013333333333333333,0.0013333333333333333,10010880
aa765b714f0a,bdh_cq,compose,12500,16,interp,"{""depth"": 1}",3,True,False,0,0.0026666666666666666,0.0024944382578492943,0.0,0.006,"[0.006, 0.002, 0.0]",0.0,0.006000000000000001,0.0026666666666666666,0.0026666666666666666,10010880
aa765b714f0a,bdh_cq,compose,12500,16,interp,"{""depth"": 2}",3,True,False,0,0.0026666666666666666,0.0024944382578492943,0.0,0.006,"[0.006, 0.0, 0.002]",0.0,0.006000000000000001,0.0026666666666666666,0.0026666666666666666,10010880
aa765b714f0a,bdh_cq,compose,15000,16,interp,"{""depth"": 1}",3,True,False,0,0.0013333333333333333,0.0018856180831641268,0.0,0.004,"[0.0, 0.004, 0.0]",0.0,0.004,0.0013333333333333333,0.0013333333333333333,10010880
aa765b714f0a,bdh_cq,compose,15000,16,interp,"{""depth"": 2}",3,True,False,0,0.0026666666666666666,0.0024944382578492943,0.0,0.006,"[0.006, 0.002, 0.0]",0.0,0.006000000000000001,0.0026666666666666666,0.0026666666666666666,10010880
aa765b714f0a,bdh_cq,compose,17500,16,interp,"{""depth"": 1}",3,True,False,0,0.0006666666666666666,0.0009428090415820634,0.0,0.002,"[0.002, 0.0, 0.0]",0.0,0.002,0.0006666666666666666,0.0006666666666666666,10010880
aa765b714f0a,bdh_cq,compose,17500,16,interp,"{""depth"": 2}",3,True,False,0,0.002,0.00282842712474619,0.0,0.006,"[0.006, 0.0, 0.0]",0.0,0.006000000000000001,0.002,0.002,10010880
aa765b714f0a,bdh_cq,compose,20000,16,interp,"{""depth"": 1}",3,True,False,0,0.0026666666666666666,0.0018856180831641268,0.0,0.004,"[0.004, 0.004, 0.0]",0.0,0.004,0.0026666666666666666,0.0026666666666666666,10010880
aa765b714f0a,bdh_cq,compose,20000,16,interp,"{""depth"": 2}",3,True,False,0,0.002,0.001632993161855452,0.0,0.004,"[0.002, 0.004, 0.0]",0.0,0.004,0.002,0.002,10010880
aa765b714f0a,bdh_cq,compose,22500,16,interp,"{""depth"": 1}",3,True,False,0,0.002,0.00282842712474619,0.0,0.006,"[0.006, 0.0, 0.0]",0.0,0.006000000000000001,0.002,0.002,10010880
aa765b714f0a,bdh_cq,compose,22500,16,interp,"{""depth"": 2}",3,True,False,0,0.005333333333333333,0.004109609335312651,0.0,0.01,"[0.01, 0.006, 0.0]",0.0,0.01,0.005333333333333333,0.005333333333333333,10010880
aa765b714f0a,bdh_cq,compose,25000,16,interp,"{""depth"": 1}",3,True,False,0,0.004666666666666667,0.00339934634239519,0.0,0.008,"[0.008, 0.006, 0.0]",0.0,0.008,0.004666666666666667,0.004666666666666667,10010880
aa765b714f0a,bdh_cq,compose,25000,16,interp,"{""depth"": 2}",3,True,False,0,0.0,0.0,0.0,0.0,"[0.0, 0.0, 0.0]",0.0,0.0,0.0,0.0,10010880
aa765b714f0a,bdh_cq,compose,27500,16,interp,"{""depth"": 1}",3,True,False,0,0.005333333333333333,0.0018856180831641268,0.004,0.008,"[0.008, 0.004, 0.004]",0.004,0.008,0.005333333333333333,0.005333333333333333,10010880
aa765b714f0a,bdh_cq,compose,27500,16,interp,"{""depth"": 2}",3,True,False,0,0.005333333333333333,0.00339934634239519,0.002,0.01,"[0.01, 0.004, 0.002]",0.002,0.01,0.005333333333333333,0.005333333333333333,10010880
aa765b714f0a,bdh_cq,compose,30000,16,interp,"{""depth"": 1}",3,True,False,0,0.0033333333333333335,0.0009428090415820634,0.002,0.004,"[0.002, 0.004, 0.004]",0.002,0.004,0.0033333333333333335,0.0033333333333333335,10010880
aa765b714f0a,bdh_cq,compose,30000,16,interp,"{""depth"": 2}",3,True,False,0,0.004666666666666667,0.004109609335312651,0.0,0.01,"[0.01, 0.0, 0.004]",0.0,0.01,0.004666666666666667,0.004666666666666667,10010880
aa765b714f0a,bdh_cq,compose,32500,16,interp,"{""depth"": 1}",3,True,False,0,0.005333333333333333,0.0009428090415820634,0.004,0.006,"[0.004, 0.006, 0.006]",0.004,0.006000000000000001,0.005333333333333333,0.005333333333333333,10010880
aa765b714f0a,bdh_cq,compose,32500,16,interp,"{""depth"": 2}",3,True,False,0,0.006666666666666667,0.0024944382578492943,0.004,0.01,"[0.01, 0.006, 0.004]",0.004,0.01,0.006666666666666667,0.006666666666666667,10010880
aa765b714f0a,bdh_cq,compose,35000,16,interp,"{""depth"": 1}",3,True,False,0,0.004,0.001632993161855452,0.002,0.006,"[0.004, 0.002, 0.006]",0.002,0.006000000000000001,0.004,0.004,10010880
aa765b714f0a,bdh_cq,compose,35000,16,interp,"{""depth"": 2}",3,True,False,0,0.008,0.001632993161855452,0.006,0.01,"[0.01, 0.006, 0.008]",0.006000000000000001,0.01,0.008,0.008,10010880
aa765b714f0a,bdh_cq,compose,37500,16,interp,"{""depth"": 1}",3,True,False,0,0.004,0.00282842712474619,0.0,0.006,"[0.0, 0.006, 0.006]",0.0,0.006000000000000001,0.004,0.004,10010880
aa765b714f0a,bdh_cq,compose,37500,16,interp,"{""depth"": 2}",3,True,False,0,0.004666666666666667,0.0009428090415820634,0.004,0.006,"[0.004, 0.006, 0.004]",0.004,0.006000000000000001,0.004666666666666667,0.004666666666666667,10010880
aa765b714f0a,bdh_cq,compose,40000,16,interp,"{""depth"": 1}",3,True,False,0,0.004,0.001632993161855452,0.002,0.006,"[0.002, 0.004, 0.006]",0.002,0.006000000000000001,0.004,0.004,10010880
aa765b714f0a,bdh_cq,compose,40000,16,interp,"{""depth"": 2}",3,True,False,0,0.007333333333333334,0.0033993463423951896,0.004,0.012,"[0.006, 0.012, 0.004]",0.004,0.012000000000000002,0.007333333333333334,0.007333333333333334,10010880
aa765b714f0a,bdh_cq,compose,40000,32,interp,"{""depth"": 1}",3,True,False,0,0.0,0.0,0.0,0.0,"[0.0, 0.0, 0.0]",0.0,0.0,0.0,0.0,10010880
aa765b714f0a,bdh_cq,compose,40000,32,interp,"{""depth"": 2}",3,True,False,0,0.0,0.0,0.0,0.0,"[0.0, 0.0, 0.0]",0.0,0.0,0.0,0.0,10010880
aa765b714f0a,bdh_cq,compose,2500,1,mild,"{""depth"": 3}",3,True,False,0,0.0006666666666666666,0.0009428090415820634,0.0,0.002,"[0.0, 0.002, 0.0]",0.0,0.002,0.0006666666666666666,0.0006666666666666666,10010880
aa765b714f0a,bdh_cq,compose,2500,1,mild,"{""depth"": 4}",3,True,False,0,0.0,0.0,0.0,0.0,"[0.0, 0.0, 0.0]",0.0,0.0,0.0,0.0,10010880
aa765b714f0a,bdh_cq,compose,5000,1,mild,"{""depth"": 3}",3,True,False,0,0.0,0.0,0.0,0.0,"[0.0, 0.0, 0.0]",0.0,0.0,0.0,0.0,10010880
aa765b714f0a,bdh_cq,compose,5000,1,mild,"{""depth"": 4}",3,True,False,0,0.0,0.0,0.0,0.0,"[0.0, 0.0, 0.0]",0.0,0.0,0.0,0.0,10010880
aa765b714f0a,bdh_cq,compose,7500,1,mild,"{""depth"": 3}",3,True,False,0,0.0026666666666666666,0.0024944382578492943,0.0,0.006,"[0.002, 0.006, 0.0]",0.0,0.006000000000000001,0.0026666666666666666,0.0026666666666666666,10010880
aa765b714f0a,bdh_cq,compose,7500,1,mild,"{""depth"": 4}",3,True,False,0,0.0013333333333333333,0.0009428090415820634,0.0,0.002,"[0.002, 0.002, 0.0]",0.0,0.002,0.0013333333333333333,0.0013333333333333333,10010880
aa765b714f0a,bdh_cq,compose,10000,1,mild,"{""depth"": 3}",3,True,False,0,0.018666666666666665,0.014727148022916347,0.0,0.036,"[0.02, 0.036, 0.0]",0.0,0.036,0.018666666666666665,0.018666666666666665,10010880
aa765b714f0a,bdh_cq,compose,10000,1,mild,"{""depth"": 4}",3,True,False,0,0.011999999999999999,0.010708252269472673,0.0,0.026,"[0.01, 0.026, 0.0]",0.0,0.026,0.011999999999999999,0.011999999999999999,10010880
aa765b714f0a,bdh_cq,compose,12500,1,mild,"{""depth"": 3}",3,True,False,0,0.025333333333333333,0.01798765008430939,0.0,0.04,"[0.04, 0.036, 0.0]",0.0,0.04,0.025333333333333333,0.025333333333333333,10010880
aa765b714f0a,bdh_cq,compose,12500,1,mild,"{""depth"": 4}",3,True,False,0,0.014666666666666666,0.010498677165349081,0.0,0.024,"[0.02, 0.024, 0.0]",0.0,0.024000000000000004,0.014666666666666666,0.014666666666666666,10010880
aa765b714f0a,bdh_cq,compose,15000,1,mild,"{""depth"": 3}",3,True,False,0,0.02666666666666667,0.018926759422104523,0.0,0.042,"[0.042, 0.038, 0.0]",0.0,0.042,0.02666666666666667,0.02666666666666667,10010880
aa765b714f0a,bdh_cq,compose,15000,1,mild,"{""depth"": 4}",3,True,False,0,0.021333333333333333,0.015173075568988057,0.0,0.034,"[0.03, 0.034, 0.0]",0.0,0.034,0.021333333333333333,0.021333333333333333,10010880
aa765b714f0a,bdh_cq,compose,17500,1,mild,"{""depth"": 3}",3,True,False,0,0.038,0.02889059824002727,0.0,0.07,"[0.07, 0.044, 0.0]",0.0,0.07,0.038,0.038,10010880
aa765b714f0a,bdh_cq,compose,17500,1,mild,"{""depth"": 4}",3,True,False,0,0.020666666666666667,0.01569146972791976,0.0,0.038,"[0.024, 0.038, 0.0]",0.0,0.038,0.020666666666666667,0.020666666666666667,10010880
aa765b714f0a,bdh_cq,compose,20000,1,mild,"{""depth"": 3}",3,True,False,0,0.037333333333333336,0.023626726862225802,0.004,0.056,"[0.056, 0.052, 0.004]",0.004,0.056,0.037333333333333336,0.037333333333333336,10010880
aa765b714f0a,bdh_cq,compose,20000,1,mild,"{""depth"": 4}",3,True,False,0,0.023333333333333334,0.016519348924485155,0.0,0.036,"[0.034, 0.036, 0.0]",0.0,0.036,0.023333333333333334,0.023333333333333334,10010880
aa765b714f0a,bdh_cq,compose,22500,1,mild,"{""depth"": 3}",3,True,False,0,0.04133333333333334,0.026042699979499484,0.006,0.068,"[0.068, 0.05, 0.006]",0.006000000000000001,0.068,0.04133333333333334,0.04133333333333334,10010880
aa765b714f0a,bdh_cq,compose,22500,1,mild,"{""depth"": 4}",3,True,False,0,0.01933333333333333,0.013695092389449423,0.0,0.03,"[0.028, 0.03, 0.0]",0.0,0.03,0.01933333333333333,0.01933333333333333,10010880
aa765b714f0a,bdh_cq,compose,25000,1,mild,"{""depth"": 3}",3,True,False,0,0.038,0.016970562748477143,0.014,0.05,"[0.05, 0.05, 0.014]",0.014,0.05000000000000001,0.038,0.038,10010880
aa765b714f0a,bdh_cq,compose,25000,1,mild,"{""depth"": 4}",3,True,False,0,0.029333333333333333,0.02131248981752771,0.002,0.054,"[0.032, 0.054, 0.002]",0.002,0.054,0.029333333333333333,0.029333333333333333,10010880
aa765b714f0a,bdh_cq,compose,27500,1,mild,"{""depth"": 3}",3,True,False,0,0.04599999999999999,0.01451436070471816,0.026,0.06,"[0.06, 0.052, 0.026]",0.026,0.06,0.04599999999999999,0.04599999999999999,10010880
aa765b714f0a,bdh_cq,compose,27500,1,mild,"{""depth"": 4}",3,True,False,0,0.025333333333333333,0.01715290710702481,0.004,0.046,"[0.026, 0.046, 0.004]",0.004,0.046000000000000006,0.025333333333333333,0.025333333333333333,10010880
aa765b714f0a,bdh_cq,compose,30000,1,mild,"{""depth"": 3}",3,True,False,0,0.047999999999999994,0.018184242262647806,0.028,0.072,"[0.072, 0.044, 0.028]",0.028,0.072,0.047999999999999994,0.047999999999999994,10010880
aa765b714f0a,bdh_cq,compose,30000,1,mild,"{""depth"": 4}",3,True,False,0,0.02866666666666667,0.007542472332656509,0.018,0.034,"[0.034, 0.034, 0.018]",0.018,0.034,0.02866666666666667,0.02866666666666667,10010880
aa765b714f0a,bdh_cq,compose,32500,1,mild,"{""depth"": 3}",3,True,False,0,0.050666666666666665,0.010873004286866729,0.036,0.062,"[0.062, 0.054, 0.036]",0.036,0.062,0.050666666666666665,0.050666666666666665,10010880
aa765b714f0a,bdh_cq,compose,32500,1,mild,"{""depth"": 4}",3,True,False,0,0.025333333333333333,0.008379870059984357,0.014,0.034,"[0.028, 0.034, 0.014]",0.014,0.034,0.025333333333333333,0.025333333333333333,10010880
aa765b714f0a,bdh_cq,compose,35000,1,mild,"{""depth"": 3}",3,True,False,0,0.050666666666666665,0.009568466729604883,0.042,0.064,"[0.064, 0.046, 0.042]",0.042,0.064,0.050666666666666665,0.050666666666666665,10010880
aa765b714f0a,bdh_cq,compose,35000,1,mild,"{""depth"": 4}",3,True,False,0,0.02866666666666667,0.009843215373488933,0.016,0.04,"[0.04, 0.03, 0.016]",0.016,0.04,0.02866666666666667,0.02866666666666667,10010880
aa765b714f0a,bdh_cq,compose,37500,1,mild,"{""depth"": 3}",3,True,False,0,0.051333333333333335,0.011813363431112903,0.042,0.068,"[0.068, 0.044, 0.042]",0.042,0.068,0.051333333333333335,0.051333333333333335,10010880
aa765b714f0a,bdh_cq,compose,37500,1,mild,"{""depth"": 4}",3,True,False,0,0.029333333333333333,0.006182412330330469,0.024,0.038,"[0.038, 0.026, 0.024]",0.024000000000000004,0.038,0.029333333333333333,0.029333333333333333,10010880
aa765b714f0a,bdh_cq,compose,40000,1,mild,"{""depth"": 3}",3,True,False,0,0.05333333333333334,0.011469767022723502,0.04,0.068,"[0.068, 0.052, 0.04]",0.04,0.068,0.05333333333333334,0.05333333333333334,10010880
aa765b714f0a,bdh_cq,compose,40000,1,mild,"{""depth"": 4}",3,True,False,0,0.02733333333333333,0.004109609335312652,0.022,0.032,"[0.032, 0.028, 0.022]",0.022000000000000002,0.032,0.02733333333333333,0.02733333333333333,10010880
aa765b714f0a,bdh_cq,compose,40000,2,mild,"{""depth"": 3}",3,True,False,0,0.054,0.014236104336041746,0.042,0.074,"[0.074, 0.046, 0.042]",0.042,0.074,0.054,0.054,10010880
aa765b714f0a,bdh_cq,compose,40000,2,mild,"{""depth"": 4}",3,True,False,0,0.030666666666666665,0.0061824123303304696,0.022,0.036,"[0.036, 0.034, 0.022]",0.022000000000000002,0.036,0.030666666666666665,0.030666666666666665,10010880
aa765b714f0a,bdh_cq,compose,2500,4,mild,"{""depth"": 3}",3,True,False,0,0.0,0.0,0.0,0.0,"[0.0, 0.0, 0.0]",0.0,0.0,0.0,0.0,10010880
aa765b714f0a,bdh_cq,compose,2500,4,mild,"{""depth"": 4}",3,True,False,0,0.0,0.0,0.0,0.0,"[0.0, 0.0, 0.0]",0.0,0.0,0.0,0.0,10010880
aa765b714f0a,bdh_cq,compose,5000,4,mild,"{""depth"": 3}",3,True,False,0,0.0,0.0,0.0,0.0,"[0.0, 0.0, 0.0]",0.0,0.0,0.0,0.0,10010880
aa765b714f0a,bdh_cq,compose,5000,4,mild,"{""depth"": 4}",3,True,False,0,0.0,0.0,0.0,0.0,"[0.0, 0.0, 0.0]",0.0,0.0,0.0,0.0,10010880
aa765b714f0a,bdh_cq,compose,7500,4,mild,"{""depth"": 3}",3,True,False,0,0.0013333333333333333,0.0018856180831641268,0.0,0.004,"[0.0, 0.004, 0.0]",0.0,0.004,0.0013333333333333333,0.0013333333333333333,10010880
aa765b714f0a,bdh_cq,compose,7500,4,mild,"{""depth"": 4}",3,True,False,0,0.0013333333333333333,0.0009428090415820634,0.0,0.002,"[0.0, 0.002, 0.002]",0.0,0.002,0.0013333333333333333,0.0013333333333333333,10010880
aa765b714f0a,bdh_cq,compose,10000,4,mild,"{""depth"": 3}",3,True,False,0,0.017333333333333333,0.01569146972791976,0.0,0.038,"[0.014, 0.038, 0.0]",0.0,0.038,0.017333333333333333,0.017333333333333333,10010880
aa765b714f0a,bdh_cq,compose,10000,4,mild,"{""depth"": 4}",3,True,False,0,0.012000000000000002,0.009797958971132713,0.0,0.024,"[0.012, 0.024, 0.0]",0.0,0.024000000000000004,0.012000000000000002,0.012000000000000002,10010880
aa765b714f0a,bdh_cq,compose,12500,4,mild,"{""depth"": 3}",3,True,False,0,0.027333333333333334,0.020154955277107967,0.0,0.048,"[0.048, 0.034, 0.0]",0.0,0.04800000000000001,0.027333333333333334,0.027333333333333334,10010880
aa765b714f0a,bdh_cq,compose,12500,4,mild,"{""depth"": 4}",3,True,False,0,0.012666666666666666,0.009285592184789413,0.0,0.022,"[0.016, 0.022, 0.0]",0.0,0.022000000000000002,0.012666666666666666,0.012666666666666666,10010880
aa765b714f0a,bdh_cq,compose,15000,4,mild,"{""depth"": 3}",3,True,False,0,0.023999999999999997,0.01697056274847714,0.0,0.036,"[0.036, 0.036, 0.0]",0.0,0.036,0.023999999999999997,0.023999999999999997,10010880
aa765b714f0a,bdh_cq,compose,15000,4,mild,"{""depth"": 4}",3,True,False,0,0.018,0.013366625103842282,0.0,0.032,"[0.022, 0.032, 0.0]",0.0,0.032,0.018,0.018,10010880
aa765b714f0a,bdh_cq,compose,17500,4,mild,"{""depth"": 3}",3,True,False,0,0.04,0.02870540018881465,0.0,0.066,"[0.066, 0.054, 0.0]",0.0,0.066,0.04,0.04,10010880
aa765b714f0a,bdh_cq,compose,17500,4,mild,"{""depth"": 4}",3,True,False,0,0.014666666666666666,0.010370899457402697,0.0,0.022,"[0.022, 0.022, 0.0]",0.0,0.022000000000000002,0.014666666666666666,0.014666666666666666,10010880
aa765b714f0a,bdh_cq,compose,20000,4,mild,"{""depth"": 3}",3,True,False,0,0.037333333333333336,0.023795424396766334,0.004,0.058,"[0.05, 0.058, 0.004]",0.004,0.058,0.037333333333333336,0.037333333333333336,10010880
aa765b714f0a,bdh_cq,compose,20000,4,mild,"{""depth"": 4}",3,True,False,0,0.022000000000000002,0.015577761927397233,0.002,0.04,"[0.024, 0.04, 0.002]",0.002,0.04,0.022000000000000002,0.022000000000000002,10010880
aa765b714f0a,bdh_cq,compose,22500,4,mild,"{""depth"": 3}",3,True,False,0,0.03866666666666667,0.023113247764479622,0.006,0.056,"[0.056, 0.054, 0.006]",0.006000000000000001,0.056,0.03866666666666667,0.03866666666666667,10010880
aa765b714f0a,bdh_cq,compose,22500,4,mild,"{""depth"": 4}",3,True,False,0,0.01933333333333333,0.012364824660660939,0.002,0.03,"[0.026, 0.03, 0.002]",0.002,0.03,0.01933333333333333,0.01933333333333333,10010880
aa765b714f0a,bdh_cq,compose,25000,4,mild,"{""depth"": 3}",3,True,False,0,0.043333333333333335,0.022881336402307353,0.012,0.066,"[0.052, 0.066, 0.012]",0.012000000000000002,0.066,0.043333333333333335,0.043333333333333335,10010880
aa765b714f0a,bdh_cq,compose,25000,4,mild,"{""depth"": 4}",3,True,False,0,0.02466666666666667,0.017913371790059206,0.0,0.042,"[0.032, 0.042, 0.0]",0.0,0.042,0.02466666666666667,0.02466666666666667,10010880
aa765b714f0a,bdh_cq,compose,27500,4,mild,"{""depth"": 3}",3,True,False,0,0.05266666666666667,0.01913693345920977,0.026,0.07,"[0.07, 0.062, 0.026]",0.026,0.07,0.05266666666666667,0.05266666666666667,10010880
aa765b714f0a,bdh_cq,compose,27500,4,mild,"{""depth"": 4}",3,True,False,0,0.02266666666666667,0.014079141387961918,0.004,0.038,"[0.026, 0.038, 0.004]",0.004,0.038,0.02266666666666667,0.02266666666666667,10010880
aa765b714f0a,bdh_cq,compose,30000,4,mild,"{""depth"": 3}",3,True,False,0,0.04466666666666667,0.01715290710702481,0.024,0.066,"[0.066, 0.044, 0.024]",0.024000000000000004,0.066,0.04466666666666667,0.04466666666666667,10010880
aa765b714f0a,bdh_cq,compose,30000,4,mild,"{""depth"": 4}",3,True,False,0,0.02666666666666667,0.011469767022723502,0.012,0.04,"[0.028, 0.04, 0.012]",0.012000000000000002,0.04,0.02666666666666667,0.02666666666666667,10010880
aa765b714f0a,bdh_cq,compose,32500,4,mild,"{""depth"": 3}",3,True,False,0,0.05266666666666667,0.013597385369580758,0.034,0.066,"[0.066, 0.058, 0.034]",0.034,0.066,0.05266666666666667,0.05266666666666667,10010880
aa765b714f0a,bdh_cq,compose,32500,4,mild,"{""depth"": 4}",3,True,False,0,0.026,0.005887840577551899,0.018,0.032,"[0.028, 0.032, 0.018]",0.018,0.032,0.026,0.026,10010880
aa765b714f0a,bdh_cq,compose,35000,4,mild,"{""depth"": 3}",3,True,False,0,0.05266666666666667,0.01158543146465518,0.04,0.068,"[0.068, 0.05, 0.04]",0.04,0.068,0.05266666666666667,0.05266666666666667,10010880
aa765b714f0a,bdh_cq,compose,35000,4,mild,"{""depth"": 4}",3,True,False,0,0.030666666666666665,0.007542472332656505,0.02,0.036,"[0.036, 0.036, 0.02]",0.02,0.036,0.030666666666666665,0.030666666666666665,10010880
aa765b714f0a,bdh_cq,compose,37500,4,mild,"{""depth"": 3}",3,True,False,0,0.056,0.019252705437591538,0.036,0.082,"[0.082, 0.05, 0.036]",0.036,0.082,0.056,0.056,10010880
aa765b714f0a,bdh_cq,compose,37500,4,mild,"{""depth"": 4}",3,True,False,0,0.030666666666666665,0.004714045207910318,0.024,0.034,"[0.034, 0.034, 0.024]",0.024000000000000004,0.034,0.030666666666666665,0.030666666666666665,10010880
aa765b714f0a,bdh_cq,compose,40000,4,mild,"{""depth"": 3}",3,True,False,0,0.05666666666666667,0.018208667044996886,0.04,0.082,"[0.082, 0.048, 0.04]",0.04,0.082,0.05666666666666667,0.05666666666666667,10010880
aa765b714f0a,bdh_cq,compose,40000,4,mild,"{""depth"": 4}",3,True,False,0,0.03,0.005656854249492382,0.022,0.034,"[0.034, 0.034, 0.022]",0.022000000000000002,0.034,0.03,0.03,10010880
aa765b714f0a,bdh_cq,compose,40000,8,mild,"{""depth"": 3}",3,True,False,0,0.036,0.008640987597877146,0.024,0.044,"[0.04, 0.044, 0.024]",0.024000000000000004,0.044000000000000004,0.036,0.036,10010880
aa765b714f0a,bdh_cq,compose,40000,8,mild,"{""depth"": 4}",3,True,False,0,0.02733333333333333,0.00498887651569859,0.022,0.034,"[0.034, 0.026, 0.022]",0.022000000000000002,0.034,0.02733333333333333,0.02733333333333333,10010880
aa765b714f0a,bdh_cq,compose,2500,16,mild,"{""depth"": 3}",3,True,False,0,0.0,0.0,0.0,0.0,"[0.0, 0.0, 0.0]",0.0,0.0,0.0,0.0,10010880
aa765b714f0a,bdh_cq,compose,2500,16,mild,"{""depth"": 4}",3,True,False,0,0.0,0.0,0.0,0.0,"[0.0, 0.0, 0.0]",0.0,0.0,0.0,0.0,10010880
aa765b714f0a,bdh_cq,compose,5000,16,mild,"{""depth"": 3}",3,True,False,0,0.0,0.0,0.0,0.0,"[0.0, 0.0, 0.0]",0.0,0.0,0.0,0.0,10010880
aa765b714f0a,bdh_cq,compose,5000,16,mild,"{""depth"": 4}",3,True,False,0,0.0,0.0,0.0,0.0,"[0.0, 0.0, 0.0]",0.0,0.0,0.0,0.0,10010880
aa765b714f0a,bdh_cq,compose,7500,16,mild,"{""depth"": 3}",3,True,False,0,0.0,0.0,0.0,0.0,"[0.0, 0.0, 0.0]",0.0,0.0,0.0,0.0,10010880
aa765b714f0a,bdh_cq,compose,7500,16,mild,"{""depth"": 4}",3,True,False,0,0.0013333333333333333,0.0009428090415820634,0.0,0.002,"[0.0, 0.002, 0.002]",0.0,0.002,0.0013333333333333333,0.0013333333333333333,10010880
aa765b714f0a,bdh_cq,compose,10000,16,mild,"{""depth"": 3}",3,True,False,0,0.0026666666666666666,0.0024944382578492943,0.0,0.006,"[0.002, 0.006, 0.0]",0.0,0.006000000000000001,0.0026666666666666666,0.0026666666666666666,10010880
aa765b714f0a,bdh_cq,compose,10000,16,mild,"{""depth"": 4}",3,True,False,0,0.0006666666666666666,0.0009428090415820634,0.0,0.002,"[0.0, 0.002, 0.0]",0.0,0.002,0.0006666666666666666,0.0006666666666666666,10010880
aa765b714f0a,bdh_cq,compose,12500,16,mild,"{""depth"": 3}",3,True,False,0,0.0013333333333333333,0.0018856180831641268,0.0,0.004,"[0.0, 0.004, 0.0]",0.0,0.004,0.0013333333333333333,0.0013333333333333333,10010880
aa765b714f0a,bdh_cq,compose,12500,16,mild,"{""depth"": 4}",3,True,False,0,0.0026666666666666666,0.0024944382578492943,0.0,0.006,"[0.006, 0.002, 0.0]",0.0,0.006000000000000001,0.0026666666666666666,0.0026666666666666666,10010880
aa765b714f0a,bdh_cq,compose,15000,16,mild,"{""depth"": 3}",3,True,False,0,0.002,0.001632993161855452,0.0,0.004,"[0.002, 0.004, 0.0]",0.0,0.004,0.002,0.002,10010880
aa765b714f0a,bdh_cq,compose,15000,16,mild,"{""depth"": 4}",3,True,False,0,0.0013333333333333333,0.0009428090415820634,0.0,0.002,"[0.002, 0.002, 0.0]",0.0,0.002,0.0013333333333333333,0.0013333333333333333,10010880
aa765b714f0a,bdh_cq,compose,17500,16,mild,"{""depth"": 3}",3,True,False,0,0.004,0.00282842712474619,0.0,0.006,"[0.006, 0.006, 0.0]",0.0,0.006000000000000001,0.004,0.004,10010880
aa765b714f0a,bdh_cq,compose,17500,16,mild,"{""depth"": 4}",3,True,False,0,0.0,0.0,0.0,0.0,"[0.0, 0.0, 0.0]",0.0,0.0,0.0,0.0,10010880
aa765b714f0a,bdh_cq,compose,20000,16,mild,"{""depth"": 3}",3,True,False,0,0.0033333333333333335,0.0009428090415820634,0.002,0.004,"[0.004, 0.004, 0.002]",0.002,0.004,0.0033333333333333335,0.0033333333333333335,10010880
aa765b714f0a,bdh_cq,compose,20000,16,mild,"{""depth"": 4}",3,True,False,0,0.0013333333333333333,0.0009428090415820634,0.0,0.002,"[0.0, 0.002, 0.002]",0.0,0.002,0.0013333333333333333,0.0013333333333333333,10010880
aa765b714f0a,bdh_cq,compose,22500,16,mild,"{""depth"": 3}",3,True,False,0,0.005333333333333333,0.00339934634239519,0.002,0.01,"[0.002, 0.01, 0.004]",0.002,0.01,0.005333333333333333,0.005333333333333333,10010880
aa765b714f0a,bdh_cq,compose,22500,16,mild,"{""depth"": 4}",3,True,False,0,0.0013333333333333333,0.0009428090415820634,0.0,0.002,"[0.002, 0.002, 0.0]",0.0,0.002,0.0013333333333333333,0.0013333333333333333,10010880
aa765b714f0a,bdh_cq,compose,25000,16,mild,"{""depth"": 3}",3,True,False,0,0.006000000000000001,8.673617379884035e-19,0.006,0.006,"[0.006, 0.006, 0.006]",0.006000000000000001,0.006000000000000001,0.006000000000000001,0.006000000000000001,10010880
aa765b714f0a,bdh_cq,compose,25000,16,mild,"{""depth"": 4}",3,True,False,0,0.002,0.001632993161855452,0.0,0.004,"[0.004, 0.002, 0.0]",0.0,0.004,0.002,0.002,10010880
aa765b714f0a,bdh_cq,compose,27500,16,mild,"{""depth"": 3}",3,True,False,0,0.008666666666666668,0.0037712361663282535,0.006,0.014,"[0.006, 0.014, 0.006]",0.006000000000000001,0.014,0.008666666666666668,0.008666666666666668,10010880
aa765b714f0a,bdh_cq,compose,27500,16,mild,"{""depth"": 4}",3,True,False,0,0.0013333333333333333,0.0018856180831641268,0.0,0.004,"[0.004, 0.0, 0.0]",0.0,0.004,0.0013333333333333333,0.0013333333333333333,10010880
aa765b714f0a,bdh_cq,compose,30000,16,mild,"{""depth"": 3}",3,True,False,0,0.008666666666666666,0.008055363982396382,0.002,0.02,"[0.002, 0.02, 0.004]",0.002,0.02,0.008666666666666666,0.008666666666666666,10010880
aa765b714f0a,bdh_cq,compose,30000,16,mild,"{""depth"": 4}",3,True,False,0,0.002,0.001632993161855452,0.0,0.004,"[0.002, 0.0, 0.004]",0.0,0.004,0.002,0.002,10010880
aa765b714f0a,bdh_cq,compose,32500,16,mild,"{""depth"": 3}",3,True,False,0,0.01,0.00282842712474619,0.008,0.014,"[0.008, 0.014, 0.008]",0.008,0.014,0.01,0.01,10010880
aa765b714f0a,bdh_cq,compose,32500,16,mild,"{""depth"": 4}",3,True,False,0,0.008,0.001632993161855452,0.006,0.01,"[0.006, 0.01, 0.008]",0.006000000000000001,0.01,0.008,0.008,10010880
aa765b714f0a,bdh_cq,compose,35000,16,mild,"{""depth"": 3}",3,True,False,0,0.006000000000000001,0.004320493798938574,0.002,0.012,"[0.002, 0.012, 0.004]",0.002,0.012000000000000002,0.006000000000000001,0.006000000000000001,10010880
aa765b714f0a,bdh_cq,compose,35000,16,mild,"{""depth"": 4}",3,True,False,0,0.004,0.00282842712474619,0.0,0.006,"[0.0, 0.006, 0.006]",0.0,0.006000000000000001,0.004,0.004,10010880
aa765b714f0a,bdh_cq,compose,37500,16,mild,"{""depth"": 3}",3,True,False,0,0.006666666666666668,0.006599663291074444,0.002,0.016,"[0.002, 0.016, 0.002]",0.002,0.016,0.006666666666666668,0.006666666666666668,10010880
aa765b714f0a,bdh_cq,compose,37500,16,mild,"{""depth"": 4}",3,True,False,0,0.005333333333333333,0.0018856180831641268,0.004,0.008,"[0.004, 0.004, 0.008]",0.004,0.008,0.005333333333333333,0.005333333333333333,10010880
aa765b714f0a,bdh_cq,compose,40000,16,mild,"{""depth"": 3}",3,True,False,0,0.007333333333333333,0.007542472332656506,0.002,0.018,"[0.002, 0.018, 0.002]",0.002,0.018,0.007333333333333333,0.007333333333333333,10010880
aa765b714f0a,bdh_cq,compose,40000,16,mild,"{""depth"": 4}",3,True,False,0,0.005333333333333333,0.0024944382578492943,0.002,0.008,"[0.002, 0.006, 0.008]",0.002,0.008,0.005333333333333333,0.005333333333333333,10010880
aa765b714f0a,bdh_cq,compose,40000,32,mild,"{""depth"": 3}",3,True,False,0,0.0013333333333333333,0.0018856180831641268,0.0,0.004,"[0.004, 0.0, 0.0]",0.0,0.004,0.0013333333333333333,0.0013333333333333333,10010880
aa765b714f0a,bdh_cq,compose,40000,32,mild,"{""depth"": 4}",3,True,False,0,0.0006666666666666666,0.0009428090415820634,0.0,0.002,"[0.0, 0.0, 0.002]",0.0,0.002,0.0006666666666666666,0.0006666666666666666,10010880
aa765b714f0a,bdh_cq,compose,2500,1,strong,"{""depth"": 6}",3,True,False,0,0.0,0.0,0.0,0.0,"[0.0, 0.0, 0.0]",0.0,0.0,0.0,0.0,10010880
aa765b714f0a,bdh_cq,compose,2500,1,strong,"{""depth"": 8}",3,True,False,0,0.0,0.0,0.0,0.0,"[0.0, 0.0, 0.0]",0.0,0.0,0.0,0.0,10010880
aa765b714f0a,bdh_cq,compose,5000,1,strong,"{""depth"": 6}",3,True,False,0,0.0006666666666666666,0.0009428090415820634,0.0,0.002,"[0.0, 0.0, 0.002]",0.0,0.002,0.0006666666666666666,0.0006666666666666666,10010880
aa765b714f0a,bdh_cq,compose,5000,1,strong,"{""depth"": 8}",3,True,False,0,0.0,0.0,0.0,0.0,"[0.0, 0.0, 0.0]",0.0,0.0,0.0,0.0,10010880
aa765b714f0a,bdh_cq,compose,7500,1,strong,"{""depth"": 6}",3,True,False,0,0.0,0.0,0.0,0.0,"[0.0, 0.0, 0.0]",0.0,0.0,0.0,0.0,10010880
aa765b714f0a,bdh_cq,compose,7500,1,strong,"{""depth"": 8}",3,True,False,0,0.0,0.0,0.0,0.0,"[0.0, 0.0, 0.0]",0.0,0.0,0.0,0.0,10010880
aa765b714f0a,bdh_cq,compose,10000,1,strong,"{""depth"": 6}",3,True,False,0,0.006666666666666668,0.004109609335312651,0.002,0.012,"[0.006, 0.012, 0.002]",0.002,0.012000000000000002,0.006666666666666668,0.006666666666666668,10010880
aa765b714f0a,bdh_cq,compose,10000,1,strong,"{""depth"": 8}",3,True,False,0,0.005333333333333333,0.004109609335312651,0.0,0.01,"[0.01, 0.006, 0.0]",0.0,0.01,0.005333333333333333,0.005333333333333333,10010880
aa765b714f0a,bdh_cq,compose,12500,1,strong,"{""depth"": 6}",3,True,False,0,0.004666666666666667,0.00339934634239519,0.0,0.008,"[0.006, 0.008, 0.0]",0.0,0.008,0.004666666666666667,0.004666666666666667,10010880
aa765b714f0a,bdh_cq,compose,12500,1,strong,"{""depth"": 8}",3,True,False,0,0.006666666666666668,0.0033993463423951896,0.002,0.01,"[0.01, 0.008, 0.002]",0.002,0.01,0.006666666666666668,0.006666666666666668,10010880
aa765b714f0a,bdh_cq,compose,15000,1,strong,"{""depth"": 6}",3,True,False,0,0.010666666666666666,0.008219218670625302,0.0,0.02,"[0.02, 0.012, 0.0]",0.0,0.02,0.010666666666666666,0.010666666666666666,10010880
aa765b714f0a,bdh_cq,compose,15000,1,strong,"{""depth"": 8}",3,True,False,0,0.006666666666666668,0.0033993463423951896,0.002,0.01,"[0.01, 0.008, 0.002]",0.002,0.01,0.006666666666666668,0.006666666666666668,10010880
aa765b714f0a,bdh_cq,compose,17500,1,strong,"{""depth"": 6}",3,True,False,0,0.009333333333333332,0.006599663291074444,0.002,0.018,"[0.018, 0.008, 0.002]",0.002,0.018,0.009333333333333332,0.009333333333333332,10010880
aa765b714f0a,bdh_cq,compose,17500,1,strong,"{""depth"": 8}",3,True,False,0,0.012000000000000002,0.008640987597877148,0.0,0.02,"[0.016, 0.02, 0.0]",0.0,0.02,0.012000000000000002,0.012000000000000002,10010880
aa765b714f0a,bdh_cq,compose,20000,1,strong,"{""depth"": 6}",3,True,False,0,0.016666666666666666,0.011813363431112901,0.0,0.026,"[0.024, 0.026, 0.0]",0.0,0.026,0.016666666666666666,0.016666666666666666,10010880
aa765b714f0a,bdh_cq,compose,20000,1,strong,"{""depth"": 8}",3,True,False,0,0.013333333333333334,0.008993825042154695,0.002,0.024,"[0.024, 0.014, 0.002]",0.002,0.024000000000000004,0.013333333333333334,0.013333333333333334,10010880
aa765b714f0a,bdh_cq,compose,22500,1,strong,"{""depth"": 6}",3,True,False,0,0.01,0.005887840577551898,0.002,0.016,"[0.012, 0.016, 0.002]",0.002,0.016,0.01,0.01,10010880
aa765b714f0a,bdh_cq,compose,22500,1,strong,"{""depth"": 8}",3,True,False,0,0.01,0.007483314773547882,0.0,0.018,"[0.018, 0.012, 0.0]",0.0,0.018,0.01,0.01,10010880
aa765b714f0a,bdh_cq,compose,25000,1,strong,"{""depth"": 6}",3,True,False,0,0.009333333333333334,0.004109609335312651,0.004,0.014,"[0.014, 0.01, 0.004]",0.004,0.014,0.009333333333333334,0.009333333333333334,10010880
aa765b714f0a,bdh_cq,compose,25000,1,strong,"{""depth"": 8}",3,True,False,0,0.011333333333333334,0.006798692684790379,0.002,0.018,"[0.014, 0.018, 0.002]",0.002,0.018,0.011333333333333334,0.011333333333333334,10010880
aa765b714f0a,bdh_cq,compose,27500,1,strong,"{""depth"": 6}",3,True,False,0,0.013333333333333334,0.010498677165349081,0.004,0.028,"[0.004, 0.028, 0.008]",0.004,0.028,0.013333333333333334,0.013333333333333334,10010880
aa765b714f0a,bdh_cq,compose,27500,1,strong,"{""depth"": 8}",3,True,False,0,0.015333333333333332,0.006599663291074444,0.006,0.02,"[0.02, 0.02, 0.006]",0.006000000000000001,0.02,0.015333333333333332,0.015333333333333332,10010880
aa765b714f0a,bdh_cq,compose,30000,1,strong,"{""depth"": 6}",3,True,False,0,0.016,0.007118052168020874,0.01,0.026,"[0.01, 0.026, 0.012]",0.01,0.026,0.016,0.016,10010880
aa765b714f0a,bdh_cq,compose,30000,1,strong,"{""depth"": 8}",3,True,False,0,0.018,0.007483314773547882,0.008,0.026,"[0.026, 0.02, 0.008]",0.008,0.026,0.018,0.018,10010880
aa765b714f0a,bdh_cq,compose,32500,1,strong,"{""depth"": 6}",3,True,False,0,0.013999999999999999,0.006531972647421808,0.006,0.022,"[0.006, 0.022, 0.014]",0.006000000000000001,0.022000000000000002,0.013999999999999999,0.013999999999999999,10010880
aa765b714f0a,bdh_cq,compose,32500,1,strong,"{""depth"": 8}",3,True,False,0,0.020666666666666663,0.010498677165349081,0.006,0.03,"[0.03, 0.026, 0.006]",0.006000000000000001,0.03,0.020666666666666663,0.020666666666666663,10010880
aa765b714f0a,bdh_cq,compose,35000,1,strong,"{""depth"": 6}",3,True,False,0,0.011999999999999999,0.004320493798938574,0.006,0.016,"[0.006, 0.016, 0.014]",0.006000000000000001,0.016,0.011999999999999999,0.011999999999999999,10010880
aa765b714f0a,bdh_cq,compose,35000,1,strong,"{""depth"": 8}",3,True,False,0,0.017333333333333333,0.006798692684790379,0.008,0.024,"[0.024, 0.02, 0.008]",0.008,0.024000000000000004,0.017333333333333333,0.017333333333333333,10010880
aa765b714f0a,bdh_cq,compose,37500,1,strong,"{""depth"": 6}",3,True,False,0,0.012666666666666668,0.005734883511361751,0.006,0.02,"[0.006, 0.02, 0.012]",0.006000000000000001,0.02,0.012666666666666668,0.012666666666666668,10010880
aa765b714f0a,bdh_cq,compose,37500,1,strong,"{""depth"": 8}",3,True,False,0,0.017333333333333333,0.005249338582674541,0.01,0.022,"[0.022, 0.02, 0.01]",0.01,0.022000000000000002,0.017333333333333333,0.017333333333333333,10010880
aa765b714f0a,bdh_cq,compose,40000,1,strong,"{""depth"": 6}",3,True,False,0,0.01333333333333333,0.006599663291074444,0.006,0.022,"[0.006, 0.022, 0.012]",0.006000000000000001,0.022000000000000002,0.01333333333333333,0.01333333333333333,10010880
aa765b714f0a,bdh_cq,compose,40000,1,strong,"{""depth"": 8}",3,True,False,0,0.018,0.005887840577551898,0.01,0.024,"[0.024, 0.02, 0.01]",0.01,0.024000000000000004,0.018,0.018,10010880
aa765b714f0a,bdh_cq,compose,40000,2,strong,"{""depth"": 6}",3,True,False,0,0.018,0.0032659863237109034,0.014,0.022,"[0.018, 0.022, 0.014]",0.014,0.022000000000000002,0.018,0.018,10010880
aa765b714f0a,bdh_cq,compose,40000,2,strong,"{""depth"": 8}",3,True,False,0,0.018,0.00848528137423857,0.006,0.024,"[0.024, 0.024, 0.006]",0.006000000000000001,0.024000000000000004,0.018,0.018,10010880
aa765b714f0a,bdh_cq,compose,2500,4,strong,"{""depth"": 6}",3,True,False,0,0.0,0.0,0.0,0.0,"[0.0, 0.0, 0.0]",0.0,0.0,0.0,0.0,10010880
aa765b714f0a,bdh_cq,compose,2500,4,strong,"{""depth"": 8}",3,True,False,0,0.0,0.0,0.0,0.0,"[0.0, 0.0, 0.0]",0.0,0.0,0.0,0.0,10010880
aa765b714f0a,bdh_cq,compose,5000,4,strong,"{""depth"": 6}",3,True,False,0,0.0006666666666666666,0.0009428090415820634,0.0,0.002,"[0.0, 0.0, 0.002]",0.0,0.002,0.0006666666666666666,0.0006666666666666666,10010880
aa765b714f0a,bdh_cq,compose,5000,4,strong,"{""depth"": 8}",3,True,False,0,0.0,0.0,0.0,0.0,"[0.0, 0.0, 0.0]",0.0,0.0,0.0,0.0,10010880
aa765b714f0a,bdh_cq,compose,7500,4,strong,"{""depth"": 6}",3,True,False,0,0.0006666666666666666,0.0009428090415820634,0.0,0.002,"[0.002, 0.0, 0.0]",0.0,0.002,0.0006666666666666666,0.0006666666666666666,10010880
aa765b714f0a,bdh_cq,compose,7500,4,strong,"{""depth"": 8}",3,True,False,0,0.0006666666666666666,0.0009428090415820634,0.0,0.002,"[0.002, 0.0, 0.0]",0.0,0.002,0.0006666666666666666,0.0006666666666666666,10010880
aa765b714f0a,bdh_cq,compose,10000,4,strong,"{""depth"": 6}",3,True,False,0,0.006000000000000001,0.004898979485566357,0.0,0.012,"[0.006, 0.012, 0.0]",0.0,0.012000000000000002,0.006000000000000001,0.006000000000000001,10010880
aa765b714f0a,bdh_cq,compose,10000,4,strong,"{""depth"": 8}",3,True,False,0,0.0026666666666666666,0.0024944382578492943,0.0,0.006,"[0.006, 0.002, 0.0]",0.0,0.006000000000000001,0.0026666666666666666,0.0026666666666666666,10010880
aa765b714f0a,bdh_cq,compose,12500,4,strong,"{""depth"": 6}",3,True,False,0,0.0033333333333333335,0.0024944382578492943,0.0,0.006,"[0.006, 0.004, 0.0]",0.0,0.006000000000000001,0.0033333333333333335,0.0033333333333333335,10010880
aa765b714f0a,bdh_cq,compose,12500,4,strong,"{""depth"": 8}",3,True,False,0,0.007333333333333333,0.006599663291074444,0.0,0.016,"[0.016, 0.006, 0.0]",0.0,0.016,0.007333333333333333,0.007333333333333333,10010880
aa765b714f0a,bdh_cq,compose,15000,4,strong,"{""depth"": 6}",3,True,False,0,0.008666666666666668,0.0061824123303304696,0.0,0.014,"[0.014, 0.012, 0.0]",0.0,0.014,0.008666666666666668,0.008666666666666668,10010880
aa765b714f0a,bdh_cq,compose,15000,4,strong,"{""depth"": 8}",3,True,False,0,0.007333333333333333,0.004109609335312651,0.002,0.012,"[0.012, 0.008, 0.002]",0.002,0.012000000000000002,0.007333333333333333,0.007333333333333333,10010880
aa765b714f0a,bdh_cq,compose,17500,4,strong,"{""depth"": 6}",3,True,False,0,0.011333333333333334,0.006599663291074444,0.002,0.016,"[0.016, 0.016, 0.002]",0.002,0.016,0.011333333333333334,0.011333333333333334,10010880
aa765b714f0a,bdh_cq,compose,17500,4,strong,"{""depth"": 8}",3,True,False,0,0.010666666666666666,0.00771722460186015,0.0,0.018,"[0.018, 0.014, 0.0]",0.0,0.018,0.010666666666666666,0.010666666666666666,10010880
aa765b714f0a,bdh_cq,compose,20000,4,strong,"{""depth"": 6}",3,True,False,0,0.01933333333333333,0.013695092389449423,0.0,0.03,"[0.028, 0.03, 0.0]",0.0,0.03,0.01933333333333333,0.01933333333333333,10010880
aa765b714f0a,bdh_cq,compose,20000,4,strong,"{""depth"": 8}",3,True,False,0,0.012666666666666666,0.008993825042154695,0.0,0.02,"[0.02, 0.018, 0.0]",0.0,0.02,0.012666666666666666,0.012666666666666666,10010880
aa765b714f0a,bdh_cq,compose,22500,4,strong,"{""depth"": 6}",3,True,False,0,0.012666666666666668,0.006182412330330469,0.004,0.018,"[0.018, 0.016, 0.004]",0.004,0.018,0.012666666666666668,0.012666666666666668,10010880
aa765b714f0a,bdh_cq,compose,22500,4,strong,"{""depth"": 8}",3,True,False,0,0.011333333333333334,0.008379870059984357,0.0,0.02,"[0.02, 0.014, 0.0]",0.0,0.02,0.011333333333333334,0.011333333333333334,10010880
aa765b714f0a,bdh_cq,compose,25000,4,strong,"{""depth"": 6}",3,True,False,0,0.013999999999999999,0.006531972647421808,0.006,0.022,"[0.022, 0.014, 0.006]",0.006000000000000001,0.022000000000000002,0.013999999999999999,0.013999999999999999,10010880
aa765b714f0a,bdh_cq,compose,25000,4,strong,"{""depth"": 8}",3,True,False,0,0.015333333333333332,0.008055363982396382,0.004,0.022,"[0.02, 0.022, 0.004]",0.004,0.022000000000000002,0.015333333333333332,0.015333333333333332,10010880
aa765b714f0a,bdh_cq,compose,27500,4,strong,"{""depth"": 6}",3,True,False,0,0.015999999999999997,0.007118052168020874,0.006,0.022,"[0.022, 0.02, 0.006]",0.006000000000000001,0.022000000000000002,0.015999999999999997,0.015999999999999997,10010880
aa765b714f0a,bdh_cq,compose,27500,4,strong,"{""depth"": 8}",3,True,False,0,0.017333333333333336,0.010624918300339483,0.004,0.03,"[0.03, 0.018, 0.004]",0.004,0.03,0.017333333333333336,0.017333333333333336,10010880
aa765b714f0a,bdh_cq,compose,30000,4,strong,"{""depth"": 6}",3,True,False,0,0.021333333333333333,0.006798692684790379,0.012,0.028,"[0.024, 0.028, 0.012]",0.012000000000000002,0.028,0.021333333333333333,0.021333333333333333,10010880
aa765b714f0a,bdh_cq,compose,30000,4,strong,"{""depth"": 8}",3,True,False,0,0.018,0.008640987597877146,0.006,0.026,"[0.026, 0.022, 0.006]",0.006000000000000001,0.026,0.018,0.018,10010880
aa765b714f0a,bdh_cq,compose,32500,4,strong,"{""depth"": 6}",3,True,False,0,0.018666666666666665,0.004988876515698589,0.012,0.024,"[0.024, 0.02, 0.012]",0.012000000000000002,0.024000000000000004,0.018666666666666665,0.018666666666666665,10010880
aa765b714f0a,bdh_cq,compose,32500,4,strong,"{""depth"": 8}",3,True,False,0,0.02,0.009933109617167559,0.006,0.028,"[0.026, 0.028, 0.006]",0.006000000000000001,0.028,0.02,0.02,10010880
aa765b714f0a,bdh_cq,compose,35000,4,strong,"{""depth"": 6}",3,True,False,0,0.018666666666666665,0.004109609335312651,0.014,0.024,"[0.024, 0.018, 0.014]",0.014,0.024000000000000004,0.018666666666666665,0.018666666666666665,10010880
aa765b714f0a,bdh_cq,compose,35000,4,strong,"{""depth"": 8}",3,True,False,0,0.017333333333333333,0.008055363982396382,0.006,0.024,"[0.024, 0.022, 0.006]",0.006000000000000001,0.024000000000000004,0.017333333333333333,0.017333333333333333,10010880
aa765b714f0a,bdh_cq,compose,37500,4,strong,"{""depth"": 6}",3,True,False,0,0.02,0.005887840577551897,0.012,0.026,"[0.026, 0.022, 0.012]",0.012000000000000002,0.026,0.02,0.02,10010880
aa765b714f0a,bdh_cq,compose,37500,4,strong,"{""depth"": 8}",3,True,False,0,0.016666666666666666,0.008993825042154695,0.004,0.024,"[0.024, 0.022, 0.004]",0.004,0.024000000000000004,0.016666666666666666,0.016666666666666666,10010880
aa765b714f0a,bdh_cq,compose,40000,4,strong,"{""depth"": 6}",3,True,False,0,0.01933333333333333,0.00573488351136175,0.012,0.026,"[0.026, 0.02, 0.012]",0.012000000000000002,0.026,0.01933333333333333,0.01933333333333333,10010880
aa765b714f0a,bdh_cq,compose,40000,4,strong,"{""depth"": 8}",3,True,False,0,0.017333333333333333,0.005249338582674541,0.01,0.022,"[0.022, 0.02, 0.01]",0.01,0.022000000000000002,0.017333333333333333,0.017333333333333333,10010880
aa765b714f0a,bdh_cq,compose,40000,8,strong,"{""depth"": 6}",3,True,False,0,0.017333333333333333,0.009285592184789413,0.008,0.03,"[0.008, 0.03, 0.014]",0.008,0.03,0.017333333333333333,0.017333333333333333,10010880
aa765b714f0a,bdh_cq,compose,40000,8,strong,"{""depth"": 8}",3,True,False,0,0.011999999999999999,0.004898979485566356,0.006,0.018,"[0.018, 0.012, 0.006]",0.006000000000000001,0.018,0.011999999999999999,0.011999999999999999,10010880
aa765b714f0a,bdh_cq,compose,2500,16,strong,"{""depth"": 6}",3,True,False,0,0.0,0.0,0.0,0.0,"[0.0, 0.0, 0.0]",0.0,0.0,0.0,0.0,10010880
aa765b714f0a,bdh_cq,compose,2500,16,strong,"{""depth"": 8}",3,True,False,0,0.0,0.0,0.0,0.0,"[0.0, 0.0, 0.0]",0.0,0.0,0.0,0.0,10010880
aa765b714f0a,bdh_cq,compose,5000,16,strong,"{""depth"": 6}",3,True,False,0,0.0006666666666666666,0.0009428090415820634,0.0,0.002,"[0.0, 0.0, 0.002]",0.0,0.002,0.0006666666666666666,0.0006666666666666666,10010880
aa765b714f0a,bdh_cq,compose,5000,16,strong,"{""depth"": 8}",3,True,False,0,0.0,0.0,0.0,0.0,"[0.0, 0.0, 0.0]",0.0,0.0,0.0,0.0,10010880
aa765b714f0a,bdh_cq,compose,7500,16,strong,"{""depth"": 6}",3,True,False,0,0.0013333333333333333,0.0009428090415820634,0.0,0.002,"[0.002, 0.002, 0.0]",0.0,0.002,0.0013333333333333333,0.0013333333333333333,10010880
aa765b714f0a,bdh_cq,compose,7500,16,strong,"{""depth"": 8}",3,True,False,0,0.0,0.0,0.0,0.0,"[0.0, 0.0, 0.0]",0.0,0.0,0.0,0.0,10010880
aa765b714f0a,bdh_cq,compose,10000,16,strong,"{""depth"": 6}",3,True,False,0,0.002,0.001632993161855452,0.0,0.004,"[0.002, 0.004, 0.0]",0.0,0.004,0.002,0.002,10010880
aa765b714f0a,bdh_cq,compose,10000,16,strong,"{""depth"": 8}",3,True,False,0,0.0,0.0,0.0,0.0,"[0.0, 0.0, 0.0]",0.0,0.0,0.0,0.0,10010880
aa765b714f0a,bdh_cq,compose,12500,16,strong,"{""depth"": 6}",3,True,False,0,0.0,0.0,0.0,0.0,"[0.0, 0.0, 0.0]",0.0,0.0,0.0,0.0,10010880
aa765b714f0a,bdh_cq,compose,12500,16,strong,"{""depth"": 8}",3,True,False,0,0.0013333333333333333,0.0009428090415820634,0.0,0.002,"[0.002, 0.002, 0.0]",0.0,0.002,0.0013333333333333333,0.0013333333333333333,10010880
aa765b714f0a,bdh_cq,compose,15000,16,strong,"{""depth"": 6}",3,True,False,0,0.0013333333333333333,0.0018856180831641268,0.0,0.004,"[0.0, 0.004, 0.0]",0.0,0.004,0.0013333333333333333,0.0013333333333333333,10010880
aa765b714f0a,bdh_cq,compose,15000,16,strong,"{""depth"": 8}",3,True,False,0,0.0033333333333333335,0.0033993463423951896,0.0,0.008,"[0.008, 0.0, 0.002]",0.0,0.008,0.0033333333333333335,0.0033333333333333335,10010880
aa765b714f0a,bdh_cq,compose,17500,16,strong,"{""depth"": 6}",3,True,False,0,0.0006666666666666666,0.0009428090415820634,0.0,0.002,"[0.0, 0.0, 0.002]",0.0,0.002,0.0006666666666666666,0.0006666666666666666,10010880
aa765b714f0a,bdh_cq,compose,17500,16,strong,"{""depth"": 8}",3,True,False,0,0.0006666666666666666,0.0009428090415820634,0.0,0.002,"[0.002, 0.0, 0.0]",0.0,0.002,0.0006666666666666666,0.0006666666666666666,10010880
aa765b714f0a,bdh_cq,compose,20000,16,strong,"{""depth"": 6}",3,True,False,0,0.0006666666666666666,0.0009428090415820634,0.0,0.002,"[0.002, 0.0, 0.0]",0.0,0.002,0.0006666666666666666,0.0006666666666666666,10010880
aa765b714f0a,bdh_cq,compose,20000,16,strong,"{""depth"": 8}",3,True,False,0,0.0006666666666666666,0.0009428090415820634,0.0,0.002,"[0.0, 0.002, 0.0]",0.0,0.002,0.0006666666666666666,0.0006666666666666666,10010880
aa765b714f0a,bdh_cq,compose,22500,16,strong,"{""depth"": 6}",3,True,False,0,0.0013333333333333333,0.0009428090415820634,0.0,0.002,"[0.002, 0.002, 0.0]",0.0,0.002,0.0013333333333333333,0.0013333333333333333,10010880
aa765b714f0a,bdh_cq,compose,22500,16,strong,"{""depth"": 8}",3,True,False,0,0.0033333333333333335,0.0009428090415820634,0.002,0.004,"[0.004, 0.004, 0.002]",0.002,0.004,0.0033333333333333335,0.0033333333333333335,10010880
aa765b714f0a,bdh_cq,compose,25000,16,strong,"{""depth"": 6}",3,True,False,0,0.0,0.0,0.0,0.0,"[0.0, 0.0, 0.0]",0.0,0.0,0.0,0.0,10010880
aa765b714f0a,bdh_cq,compose,25000,16,strong,"{""depth"": 8}",3,True,False,0,0.0026666666666666666,0.0018856180831641268,0.0,0.004,"[0.004, 0.004, 0.0]",0.0,0.004,0.0026666666666666666,0.0026666666666666666,10010880
aa765b714f0a,bdh_cq,compose,27500,16,strong,"{""depth"": 6}",3,True,False,0,0.002,0.001632993161855452,0.0,0.004,"[0.0, 0.004, 0.002]",0.0,0.004,0.002,0.002,10010880
aa765b714f0a,bdh_cq,compose,27500,16,strong,"{""depth"": 8}",3,True,False,0,0.002,0.001632993161855452,0.0,0.004,"[0.002, 0.0, 0.004]",0.0,0.004,0.002,0.002,10010880
aa765b714f0a,bdh_cq,compose,30000,16,strong,"{""depth"": 6}",3,True,False,0,0.002,0.0,0.002,0.002,"[0.002, 0.002, 0.002]",0.002,0.002,0.002,0.002,10010880
aa765b714f0a,bdh_cq,compose,30000,16,strong,"{""depth"": 8}",3,True,False,0,0.002,0.001632993161855452,0.0,0.004,"[0.004, 0.0, 0.002]",0.0,0.004,0.002,0.002,10010880
aa765b714f0a,bdh_cq,compose,32500,16,strong,"{""depth"": 6}",3,True,False,0,0.0033333333333333335,0.004714045207910317,0.0,0.01,"[0.01, 0.0, 0.0]",0.0,0.01,0.0033333333333333335,0.0033333333333333335,10010880
aa765b714f0a,bdh_cq,compose,32500,16,strong,"{""depth"": 8}",3,True,False,0,0.004,0.0,0.004,0.004,"[0.004, 0.004, 0.004]",0.004,0.004,0.004,0.004,10010880
aa765b714f0a,bdh_cq,compose,35000,16,strong,"{""depth"": 6}",3,True,False,0,0.0013333333333333333,0.0018856180831641268,0.0,0.004,"[0.0, 0.004, 0.0]",0.0,0.004,0.0013333333333333333,0.0013333333333333333,10010880
aa765b714f0a,bdh_cq,compose,35000,16,strong,"{""depth"": 8}",3,True,False,0,0.006666666666666668,0.0033993463423951896,0.002,0.01,"[0.008, 0.01, 0.002]",0.002,0.01,0.006666666666666668,0.006666666666666668,10010880
aa765b714f0a,bdh_cq,compose,37500,16,strong,"{""depth"": 6}",3,True,False,0,0.0026666666666666666,0.0018856180831641268,0.0,0.004,"[0.0, 0.004, 0.004]",0.0,0.004,0.0026666666666666666,0.0026666666666666666,10010880
aa765b714f0a,bdh_cq,compose,37500,16,strong,"{""depth"": 8}",3,True,False,0,0.0033333333333333335,0.0018856180831641268,0.002,0.006,"[0.002, 0.006, 0.002]",0.002,0.006000000000000001,0.0033333333333333335,0.0033333333333333335,10010880
aa765b714f0a,bdh_cq,compose,40000,16,strong,"{""depth"": 6}",3,True,False,0,0.0026666666666666666,0.0009428090415820634,0.002,0.004,"[0.002, 0.004, 0.002]",0.002,0.004,0.0026666666666666666,0.0026666666666666666,10010880
aa765b714f0a,bdh_cq,compose,40000,16,strong,"{""depth"": 8}",3,True,False,0,0.006000000000000001,0.00282842712474619,0.004,0.01,"[0.004, 0.01, 0.004]",0.004,0.01,0.006000000000000001,0.006000000000000001,10010880
aa765b714f0a,bdh_cq,compose,40000,32,strong,"{""depth"": 6}",3,True,False,0,0.0,0.0,0.0,0.0,"[0.0, 0.0, 0.0]",0.0,0.0,0.0,0.0,10010880
aa765b714f0a,bdh_cq,compose,40000,32,strong,"{""depth"": 8}",3,True,False,0,0.0013333333333333333,0.0018856180831641268,0.0,0.004,"[0.0, 0.004, 0.0]",0.0,0.004,0.0013333333333333333,0.0013333333333333333,10010880
0c3b3e327762,looped_transformer,compose,2500,1,interp,"{""depth"": 1}",3,True,False,0,0.0006666666666666666,0.0009428090415820634,0.0,0.002,"[0.0, 0.002, 0.0]",0.0,0.002,0.0006666666666666666,0.0006666666666666666,9965316
0c3b3e327762,looped_transformer,compose,2500,1,interp,"{""depth"": 2}",3,True,False,0,0.0,0.0,0.0,0.0,"[0.0, 0.0, 0.0]",0.0,0.0,0.0,0.0,9965316
0c3b3e327762,looped_transformer,compose,5000,1,interp,"{""depth"": 1}",3,True,False,0,0.0,0.0,0.0,0.0,"[0.0, 0.0, 0.0]",0.0,0.0,0.0,0.0,9965316
0c3b3e327762,looped_transformer,compose,5000,1,interp,"{""depth"": 2}",3,True,False,0,0.0,0.0,0.0,0.0,"[0.0, 0.0, 0.0]",0.0,0.0,0.0,0.0,9965316
0c3b3e327762,looped_transformer,compose,7500,1,interp,"{""depth"": 1}",3,True,False,0,0.0,0.0,0.0,0.0,"[0.0, 0.0, 0.0]",0.0,0.0,0.0,0.0,9965316
0c3b3e327762,looped_transformer,compose,7500,1,interp,"{""depth"": 2}",3,True,False,0,0.0006666666666666666,0.0009428090415820634,0.0,0.002,"[0.0, 0.002, 0.0]",0.0,0.002,0.0006666666666666666,0.0006666666666666666,9965316
0c3b3e327762,looped_transformer,compose,10000,1,interp,"{""depth"": 1}",3,True,False,0,0.0,0.0,0.0,0.0,"[0.0, 0.0, 0.0]",0.0,0.0,0.0,0.0,9965316
0c3b3e327762,looped_transformer,compose,10000,1,interp,"{""depth"": 2}",3,True,False,0,0.0,0.0,0.0,0.0,"[0.0, 0.0, 0.0]",0.0,0.0,0.0,0.0,9965316
0c3b3e327762,looped_transformer,compose,12500,1,interp,"{""depth"": 1}",3,True,False,0,0.0006666666666666666,0.0009428090415820634,0.0,0.002,"[0.0, 0.0, 0.002]",0.0,0.002,0.0006666666666666666,0.0006666666666666666,9965316
0c3b3e327762,looped_transformer,compose,12500,1,interp,"{""depth"": 2}",3,True,False,0,0.0,0.0,0.0,0.0,"[0.0, 0.0, 0.0]",0.0,0.0,0.0,0.0,9965316
0c3b3e327762,looped_transformer,compose,15000,1,interp,"{""depth"": 1}",3,True,False,0,0.0006666666666666666,0.0009428090415820634,0.0,0.002,"[0.002, 0.0, 0.0]",0.0,0.002,0.0006666666666666666,0.0006666666666666666,9965316
0c3b3e327762,looped_transformer,compose,15000,1,interp,"{""depth"": 2}",3,True,False,0,0.0,0.0,0.0,0.0,"[0.0, 0.0, 0.0]",0.0,0.0,0.0,0.0,9965316
0c3b3e327762,looped_transformer,compose,17500,1,interp,"{""depth"": 1}",3,True,False,0,0.002,0.0,0.002,0.002,"[0.002, 0.002, 0.002]",0.002,0.002,0.002,0.002,9965316
0c3b3e327762,looped_transformer,compose,17500,1,interp,"{""depth"": 2}",3,True,False,0,0.0,0.0,0.0,0.0,"[0.0, 0.0, 0.0]",0.0,0.0,0.0,0.0,9965316
0c3b3e327762,looped_transformer,compose,20000,1,interp,"{""depth"": 1}",3,True,False,0,0.0,0.0,0.0,0.0,"[0.0, 0.0, 0.0]",0.0,0.0,0.0,0.0,9965316
0c3b3e327762,looped_transformer,compose,20000,1,interp,"{""depth"": 2}",3,True,False,0,0.0,0.0,0.0,0.0,"[0.0, 0.0, 0.0]",0.0,0.0,0.0,0.0,9965316
0c3b3e327762,looped_transformer,compose,22500,1,interp,"{""depth"": 1}",3,True,False,0,0.0006666666666666666,0.0009428090415820634,0.0,0.002,"[0.002, 0.0, 0.0]",0.0,0.002,0.0006666666666666666,0.0006666666666666666,9965316
0c3b3e327762,looped_transformer,compose,22500,1,interp,"{""depth"": 2}",3,True,False,0,0.0006666666666666666,0.0009428090415820634,0.0,0.002,"[0.0, 0.0, 0.002]",0.0,0.002,0.0006666666666666666,0.0006666666666666666,9965316
0c3b3e327762,looped_transformer,compose,25000,1,interp,"{""depth"": 1}",3,True,False,0,0.0,0.0,0.0,0.0,"[0.0, 0.0, 0.0]",0.0,0.0,0.0,0.0,9965316
0c3b3e327762,looped_transformer,compose,25000,1,interp,"{""depth"": 2}",3,True,False,0,0.0,0.0,0.0,0.0,"[0.0, 0.0, 0.0]",0.0,0.0,0.0,0.0,9965316
0c3b3e327762,looped_transformer,compose,27500,1,interp,"{""depth"": 1}",3,True,False,0,0.0006666666666666666,0.0009428090415820634,0.0,0.002,"[0.0, 0.002, 0.0]",0.0,0.002,0.0006666666666666666,0.0006666666666666666,9965316
0c3b3e327762,looped_transformer,compose,27500,1,interp,"{""depth"": 2}",3,True,False,0,0.0006666666666666666,0.0009428090415820634,0.0,0.002,"[0.0, 0.0, 0.002]",0.0,0.002,0.0006666666666666666,0.0006666666666666666,9965316
0c3b3e327762,looped_transformer,compose,30000,1,interp,"{""depth"": 1}",3,True,False,0,0.0013333333333333333,0.0009428090415820634,0.0,0.002,"[0.002, 0.002, 0.0]",0.0,0.002,0.0013333333333333333,0.0013333333333333333,9965316
0c3b3e327762,looped_transformer,compose,30000,1,interp,"{""depth"": 2}",3,True,False,0,0.0006666666666666666,0.0009428090415820634,0.0,0.002,"[0.0, 0.002, 0.0]",0.0,0.002,0.0006666666666666666,0.0006666666666666666,9965316
0c3b3e327762,looped_transformer,compose,32500,1,interp,"{""depth"": 1}",3,True,False,0,0.0006666666666666666,0.0009428090415820634,0.0,0.002,"[0.0, 0.002, 0.0]",0.0,0.002,0.0006666666666666666,0.0006666666666666666,9965316
0c3b3e327762,looped_transformer,compose,32500,1,interp,"{""depth"": 2}",3,True,False,0,0.0006666666666666666,0.0009428090415820634,0.0,0.002,"[0.0, 0.002, 0.0]",0.0,0.002,0.0006666666666666666,0.0006666666666666666,9965316
0c3b3e327762,looped_transformer,compose,35000,1,interp,"{""depth"": 1}",3,True,False,0,0.0,0.0,0.0,0.0,"[0.0, 0.0, 0.0]",0.0,0.0,0.0,0.0,9965316
0c3b3e327762,looped_transformer,compose,35000,1,interp,"{""depth"": 2}",3,True,False,0,0.0,0.0,0.0,0.0,"[0.0, 0.0, 0.0]",0.0,0.0,0.0,0.0,9965316
0c3b3e327762,looped_transformer,compose,37500,1,interp,"{""depth"": 1}",3,True,False,0,0.0006666666666666666,0.0009428090415820634,0.0,0.002,"[0.002, 0.0, 0.0]",0.0,0.002,0.0006666666666666666,0.0006666666666666666,9965316
0c3b3e327762,looped_transformer,compose,37500,1,interp,"{""depth"": 2}",3,True,False,0,0.0006666666666666666,0.0009428090415820634,0.0,0.002,"[0.002, 0.0, 0.0]",0.0,0.002,0.0006666666666666666,0.0006666666666666666,9965316
0c3b3e327762,looped_transformer,compose,40000,1,interp,"{""depth"": 1}",3,True,False,0,0.0006666666666666666,0.0009428090415820634,0.0,0.002,"[0.002, 0.0, 0.0]",0.0,0.002,0.0006666666666666666,0.0006666666666666666,9965316
0c3b3e327762,looped_transformer,compose,40000,1,interp,"{""depth"": 2}",3,True,False,0,0.0006666666666666666,0.0009428090415820634,0.0,0.002,"[0.002, 0.0, 0.0]",0.0,0.002,0.0006666666666666666,0.0006666666666666666,9965316
0c3b3e327762,looped_transformer,compose,40000,2,interp,"{""depth"": 1}",3,True,False,0,0.0006666666666666666,0.0009428090415820634,0.0,0.002,"[0.002, 0.0, 0.0]",0.0,0.002,0.0006666666666666666,0.0006666666666666666,9965316
0c3b3e327762,looped_transformer,compose,40000,2,interp,"{""depth"": 2}",3,True,False,0,0.0,0.0,0.0,0.0,"[0.0, 0.0, 0.0]",0.0,0.0,0.0,0.0,9965316
0c3b3e327762,looped_transformer,compose,2500,4,interp,"{""depth"": 1}",3,True,False,0,0.0006666666666666666,0.0009428090415820634,0.0,0.002,"[0.0, 0.002, 0.0]",0.0,0.002,0.0006666666666666666,0.0006666666666666666,9965316
0c3b3e327762,looped_transformer,compose,2500,4,interp,"{""depth"": 2}",3,True,False,0,0.0,0.0,0.0,0.0,"[0.0, 0.0, 0.0]",0.0,0.0,0.0,0.0,9965316
0c3b3e327762,looped_transformer,compose,5000,4,interp,"{""depth"": 1}",3,True,False,0,0.0,0.0,0.0,0.0,"[0.0, 0.0, 0.0]",0.0,0.0,0.0,0.0,9965316
0c3b3e327762,looped_transformer,compose,5000,4,interp,"{""depth"": 2}",3,True,False,0,0.0,0.0,0.0,0.0,"[0.0, 0.0, 0.0]",0.0,0.0,0.0,0.0,9965316
0c3b3e327762,looped_transformer,compose,7500,4,interp,"{""depth"": 1}",3,True,False,0,0.0,0.0,0.0,0.0,"[0.0, 0.0, 0.0]",0.0,0.0,0.0,0.0,9965316
0c3b3e327762,looped_transformer,compose,7500,4,interp,"{""depth"": 2}",3,True,False,0,0.0006666666666666666,0.0009428090415820634,0.0,0.002,"[0.0, 0.002, 0.0]",0.0,0.002,0.0006666666666666666,0.0006666666666666666,9965316
0c3b3e327762,looped_transformer,compose,10000,4,interp,"{""depth"": 1}",3,True,False,0,0.0,0.0,0.0,0.0,"[0.0, 0.0, 0.0]",0.0,0.0,0.0,0.0,9965316
0c3b3e327762,looped_transformer,compose,10000,4,interp,"{""depth"": 2}",3,True,False,0,0.0,0.0,0.0,0.0,"[0.0, 0.0, 0.0]",0.0,0.0,0.0,0.0,9965316
0c3b3e327762,looped_transformer,compose,12500,4,interp,"{""depth"": 1}",3,True,False,0,0.0006666666666666666,0.0009428090415820634,0.0,0.002,"[0.0, 0.0, 0.002]",0.0,0.002,0.0006666666666666666,0.0006666666666666666,9965316
0c3b3e327762,looped_transformer,compose,12500,4,interp,"{""depth"": 2}",3,True,False,0,0.0,0.0,0.0,0.0,"[0.0, 0.0, 0.0]",0.0,0.0,0.0,0.0,9965316
0c3b3e327762,looped_transformer,compose,15000,4,interp,"{""depth"": 1}",3,True,False,0,0.0006666666666666666,0.0009428090415820634,0.0,0.002,"[0.002, 0.0, 0.0]",0.0,0.002,0.0006666666666666666,0.0006666666666666666,9965316
0c3b3e327762,looped_transformer,compose,15000,4,interp,"{""depth"": 2}",3,True,False,0,0.0,0.0,0.0,0.0,"[0.0, 0.0, 0.0]",0.0,0.0,0.0,0.0,9965316
0c3b3e327762,looped_transformer,compose,17500,4,interp,"{""depth"": 1}",3,True,False,0,0.0006666666666666666,0.0009428090415820634,0.0,0.002,"[0.0, 0.0, 0.002]",0.0,0.002,0.0006666666666666666,0.0006666666666666666,9965316
0c3b3e327762,looped_transformer,compose,17500,4,interp,"{""depth"": 2}",3,True,False,0,0.0006666666666666666,0.0009428090415820634,0.0,0.002,"[0.0, 0.0, 0.002]",0.0,0.002,0.0006666666666666666,0.0006666666666666666,9965316
0c3b3e327762,looped_transformer,compose,20000,4,interp,"{""depth"": 1}",3,True,False,0,0.0006666666666666666,0.0009428090415820634,0.0,0.002,"[0.0, 0.002, 0.0]",0.0,0.002,0.0006666666666666666,0.0006666666666666666,9965316
0c3b3e327762,looped_transformer,compose,20000,4,interp,"{""depth"": 2}",3,True,False,0,0.0,0.0,0.0,0.0,"[0.0, 0.0, 0.0]",0.0,0.0,0.0,0.0,9965316
0c3b3e327762,looped_transformer,compose,22500,4,interp,"{""depth"": 1}",3,True,False,0,0.0006666666666666666,0.0009428090415820634,0.0,0.002,"[0.002, 0.0, 0.0]",0.0,0.002,0.0006666666666666666,0.0006666666666666666,9965316
0c3b3e327762,looped_transformer,compose,22500,4,interp,"{""depth"": 2}",3,True,False,0,0.0013333333333333333,0.0018856180831641268,0.0,0.004,"[0.0, 0.0, 0.004]",0.0,0.004,0.0013333333333333333,0.0013333333333333333,9965316
0c3b3e327762,looped_transformer,compose,25000,4,interp,"{""depth"": 1}",3,True,False,0,0.0006666666666666666,0.0009428090415820634,0.0,0.002,"[0.0, 0.0, 0.002]",0.0,0.002,0.0006666666666666666,0.0006666666666666666,9965316
0c3b3e327762,looped_transformer,compose,25000,4,interp,"{""depth"": 2}",3,True,False,0,0.0,0.0,0.0,0.0,"[0.0, 0.0, 0.0]",0.0,0.0,0.0,0.0,9965316
0c3b3e327762,looped_transformer,compose,27500,4,interp,"{""depth"": 1}",3,True,False,0,0.0,0.0,0.0,0.0,"[0.0, 0.0, 0.0]",0.0,0.0,0.0,0.0,9965316
0c3b3e327762,looped_transformer,compose,27500,4,interp,"{""depth"": 2}",3,True,False,0,0.0006666666666666666,0.0009428090415820634,0.0,0.002,"[0.002, 0.0, 0.0]",0.0,0.002,0.0006666666666666666,0.0006666666666666666,9965316
0c3b3e327762,looped_transformer,compose,30000,4,interp,"{""depth"": 1}",3,True,False,0,0.0006666666666666666,0.0009428090415820634,0.0,0.002,"[0.002, 0.0, 0.0]",0.0,0.002,0.0006666666666666666,0.0006666666666666666,9965316
0c3b3e327762,looped_transformer,compose,30000,4,interp,"{""depth"": 2}",3,True,False,0,0.0,0.0,0.0,0.0,"[0.0, 0.0, 0.0]",0.0,0.0,0.0,0.0,9965316
0c3b3e327762,looped_transformer,compose,32500,4,interp,"{""depth"": 1}",3,True,False,0,0.0006666666666666666,0.0009428090415820634,0.0,0.002,"[0.0, 0.0, 0.002]",0.0,0.002,0.0006666666666666666,0.0006666666666666666,9965316
0c3b3e327762,looped_transformer,compose,32500,4,interp,"{""depth"": 2}",3,True,False,0,0.0,0.0,0.0,0.0,"[0.0, 0.0, 0.0]",0.0,0.0,0.0,0.0,9965316
0c3b3e327762,looped_transformer,compose,35000,4,interp,"{""depth"": 1}",3,True,False,0,0.0,0.0,0.0,0.0,"[0.0, 0.0, 0.0]",0.0,0.0,0.0,0.0,9965316
0c3b3e327762,looped_transformer,compose,35000,4,interp,"{""depth"": 2}",3,True,False,0,0.0006666666666666666,0.0009428090415820634,0.0,0.002,"[0.002, 0.0, 0.0]",0.0,0.002,0.0006666666666666666,0.0006666666666666666,9965316
0c3b3e327762,looped_transformer,compose,37500,4,interp,"{""depth"": 1}",3,True,False,0,0.0,0.0,0.0,0.0,"[0.0, 0.0, 0.0]",0.0,0.0,0.0,0.0,9965316
0c3b3e327762,looped_transformer,compose,37500,4,interp,"{""depth"": 2}",3,True,False,0,0.0006666666666666666,0.0009428090415820634,0.0,0.002,"[0.002, 0.0, 0.0]",0.0,0.002,0.0006666666666666666,0.0006666666666666666,9965316
0c3b3e327762,looped_transformer,compose,40000,4,interp,"{""depth"": 1}",3,True,False,0,0.0,0.0,0.0,0.0,"[0.0, 0.0, 0.0]",0.0,0.0,0.0,0.0,9965316
0c3b3e327762,looped_transformer,compose,40000,4,interp,"{""depth"": 2}",3,True,False,0,0.0006666666666666666,0.0009428090415820634,0.0,0.002,"[0.002, 0.0, 0.0]",0.0,0.002,0.0006666666666666666,0.0006666666666666666,9965316
0c3b3e327762,looped_transformer,compose,40000,8,interp,"{""depth"": 1}",3,True,False,0,0.0006666666666666666,0.0009428090415820634,0.0,0.002,"[0.0, 0.0, 0.002]",0.0,0.002,0.0006666666666666666,0.0006666666666666666,9965316
0c3b3e327762,looped_transformer,compose,40000,8,interp,"{""depth"": 2}",3,True,False,0,0.0,0.0,0.0,0.0,"[0.0, 0.0, 0.0]",0.0,0.0,0.0,0.0,9965316
0c3b3e327762,looped_transformer,compose,2500,16,interp,"{""depth"": 1}",3,True,False,0,0.0006666666666666666,0.0009428090415820634,0.0,0.002,"[0.0, 0.002, 0.0]",0.0,0.002,0.0006666666666666666,0.0006666666666666666,9965316
0c3b3e327762,looped_transformer,compose,2500,16,interp,"{""depth"": 2}",3,True,False,0,0.0,0.0,0.0,0.0,"[0.0, 0.0, 0.0]",0.0,0.0,0.0,0.0,9965316
0c3b3e327762,looped_transformer,compose,5000,16,interp,"{""depth"": 1}",3,True,False,0,0.0,0.0,0.0,0.0,"[0.0, 0.0, 0.0]",0.0,0.0,0.0,0.0,9965316
0c3b3e327762,looped_transformer,compose,5000,16,interp,"{""depth"": 2}",3,True,False,0,0.0,0.0,0.0,0.0,"[0.0, 0.0, 0.0]",0.0,0.0,0.0,0.0,9965316
0c3b3e327762,looped_transformer,compose,7500,16,interp,"{""depth"": 1}",3,True,False,0,0.0,0.0,0.0,0.0,"[0.0, 0.0, 0.0]",0.0,0.0,0.0,0.0,9965316
0c3b3e327762,looped_transformer,compose,7500,16,interp,"{""depth"": 2}",3,True,False,0,0.0,0.0,0.0,0.0,"[0.0, 0.0, 0.0]",0.0,0.0,0.0,0.0,9965316
0c3b3e327762,looped_transformer,compose,10000,16,interp,"{""depth"": 1}",3,True,False,0,0.0006666666666666666,0.0009428090415820634,0.0,0.002,"[0.002, 0.0, 0.0]",0.0,0.002,0.0006666666666666666,0.0006666666666666666,9965316
0c3b3e327762,looped_transformer,compose,10000,16,interp,"{""depth"": 2}",3,True,False,0,0.0,0.0,0.0,0.0,"[0.0, 0.0, 0.0]",0.0,0.0,0.0,0.0,9965316
0c3b3e327762,looped_transformer,compose,12500,16,interp,"{""depth"": 1}",3,True,False,0,0.0,0.0,0.0,0.0,"[0.0, 0.0, 0.0]",0.0,0.0,0.0,0.0,9965316
0c3b3e327762,looped_transformer,compose,12500,16,interp,"{""depth"": 2}",3,True,False,0,0.0,0.0,0.0,0.0,"[0.0, 0.0, 0.0]",0.0,0.0,0.0,0.0,9965316
0c3b3e327762,looped_transformer,compose,15000,16,interp,"{""depth"": 1}",3,True,False,0,0.0006666666666666666,0.0009428090415820634,0.0,0.002,"[0.002, 0.0, 0.0]",0.0,0.002,0.0006666666666666666,0.0006666666666666666,9965316
0c3b3e327762,looped_transformer,compose,15000,16,interp,"{""depth"": 2}",3,True,False,0,0.0,0.0,0.0,0.0,"[0.0, 0.0, 0.0]",0.0,0.0,0.0,0.0,9965316
0c3b3e327762,looped_transformer,compose,17500,16,interp,"{""depth"": 1}",3,True,False,0,0.0,0.0,0.0,0.0,"[0.0, 0.0, 0.0]",0.0,0.0,0.0,0.0,9965316
0c3b3e327762,looped_transformer,compose,17500,16,interp,"{""depth"": 2}",3,True,False,0,0.0,0.0,0.0,0.0,"[0.0, 0.0, 0.0]",0.0,0.0,0.0,0.0,9965316
0c3b3e327762,looped_transformer,compose,20000,16,interp,"{""depth"": 1}",3,True,False,0,0.0006666666666666666,0.0009428090415820634,0.0,0.002,"[0.002, 0.0, 0.0]",0.0,0.002,0.0006666666666666666,0.0006666666666666666,9965316
0c3b3e327762,looped_transformer,compose,20000,16,interp,"{""depth"": 2}",3,True,False,0,0.0,0.0,0.0,0.0,"[0.0, 0.0, 0.0]",0.0,0.0,0.0,0.0,9965316
0c3b3e327762,looped_transformer,compose,22500,16,interp,"{""depth"": 1}",3,True,False,0,0.0,0.0,0.0,0.0,"[0.0, 0.0, 0.0]",0.0,0.0,0.0,0.0,9965316
0c3b3e327762,looped_transformer,compose,22500,16,interp,"{""depth"": 2}",3,True,False,0,0.002,0.001632993161855452,0.0,0.004,"[0.0, 0.002, 0.004]",0.0,0.004,0.002,0.002,9965316
0c3b3e327762,looped_transformer,compose,25000,16,interp,"{""depth"": 1}",3,True,False,0,0.0006666666666666666,0.0009428090415820634,0.0,0.002,"[0.0, 0.002, 0.0]",0.0,0.002,0.0006666666666666666,0.0006666666666666666,9965316
0c3b3e327762,looped_transformer,compose,25000,16,interp,"{""depth"": 2}",3,True,False,0,0.0006666666666666666,0.0009428090415820634,0.0,0.002,"[0.0, 0.0, 0.002]",0.0,0.002,0.0006666666666666666,0.0006666666666666666,9965316
0c3b3e327762,looped_transformer,compose,27500,16,interp,"{""depth"": 1}",3,True,False,0,0.0013333333333333333,0.0018856180831641268,0.0,0.004,"[0.0, 0.004, 0.0]",0.0,0.004,0.0013333333333333333,0.0013333333333333333,9965316
0c3b3e327762,looped_transformer,compose,27500,16,interp,"{""depth"": 2}",3,True,False,0,0.0006666666666666666,0.0009428090415820634,0.0,0.002,"[0.0, 0.0, 0.002]",0.0,0.002,0.0006666666666666666,0.0006666666666666666,9965316
0c3b3e327762,looped_transformer,compose,30000,16,interp,"{""depth"": 1}",3,True,False,0,0.0,0.0,0.0,0.0,"[0.0, 0.0, 0.0]",0.0,0.0,0.0,0.0,9965316
0c3b3e327762,looped_transformer,compose,30000,16,interp,"{""depth"": 2}",3,True,False,0,0.0006666666666666666,0.0009428090415820634,0.0,0.002,"[0.002, 0.0, 0.0]",0.0,0.002,0.0006666666666666666,0.0006666666666666666,9965316
0c3b3e327762,looped_transformer,compose,32500,16,interp,"{""depth"": 1}",3,True,False,0,0.0,0.0,0.0,0.0,"[0.0, 0.0, 0.0]",0.0,0.0,0.0,0.0,9965316
0c3b3e327762,looped_transformer,compose,32500,16,interp,"{""depth"": 2}",3,True,False,0,0.002,0.001632993161855452,0.0,0.004,"[0.004, 0.0, 0.002]",0.0,0.004,0.002,0.002,9965316
0c3b3e327762,looped_transformer,compose,35000,16,interp,"{""depth"": 1}",3,True,False,0,0.0,0.0,0.0,0.0,"[0.0, 0.0, 0.0]",0.0,0.0,0.0,0.0,9965316
0c3b3e327762,looped_transformer,compose,35000,16,interp,"{""depth"": 2}",3,True,False,0,0.0006666666666666666,0.0009428090415820634,0.0,0.002,"[0.002, 0.0, 0.0]",0.0,0.002,0.0006666666666666666,0.0006666666666666666,9965316
0c3b3e327762,looped_transformer,compose,37500,16,interp,"{""depth"": 1}",3,True,False,0,0.0,0.0,0.0,0.0,"[0.0, 0.0, 0.0]",0.0,0.0,0.0,0.0,9965316
0c3b3e327762,looped_transformer,compose,37500,16,interp,"{""depth"": 2}",3,True,False,0,0.0006666666666666666,0.0009428090415820634,0.0,0.002,"[0.002, 0.0, 0.0]",0.0,0.002,0.0006666666666666666,0.0006666666666666666,9965316
0c3b3e327762,looped_transformer,compose,40000,16,interp,"{""depth"": 1}",3,True,False,0,0.0,0.0,0.0,0.0,"[0.0, 0.0, 0.0]",0.0,0.0,0.0,0.0,9965316
0c3b3e327762,looped_transformer,compose,40000,16,interp,"{""depth"": 2}",3,True,False,0,0.0006666666666666666,0.0009428090415820634,0.0,0.002,"[0.002, 0.0, 0.0]",0.0,0.002,0.0006666666666666666,0.0006666666666666666,9965316
0c3b3e327762,looped_transformer,compose,40000,32,interp,"{""depth"": 1}",3,True,False,0,0.0,0.0,0.0,0.0,"[0.0, 0.0, 0.0]",0.0,0.0,0.0,0.0,9965316
0c3b3e327762,looped_transformer,compose,40000,32,interp,"{""depth"": 2}",3,True,False,0,0.0013333333333333333,0.0009428090415820634,0.0,0.002,"[0.002, 0.0, 0.002]",0.0,0.002,0.0013333333333333333,0.0013333333333333333,9965316
0c3b3e327762,looped_transformer,compose,2500,1,mild,"{""depth"": 3}",3,True,False,0,0.0,0.0,0.0,0.0,"[0.0, 0.0, 0.0]",0.0,0.0,0.0,0.0,9965316
0c3b3e327762,looped_transformer,compose,2500,1,mild,"{""depth"": 4}",3,True,False,0,0.0,0.0,0.0,0.0,"[0.0, 0.0, 0.0]",0.0,0.0,0.0,0.0,9965316
0c3b3e327762,looped_transformer,compose,5000,1,mild,"{""depth"": 3}",3,True,False,0,0.0,0.0,0.0,0.0,"[0.0, 0.0, 0.0]",0.0,0.0,0.0,0.0,9965316
0c3b3e327762,looped_transformer,compose,5000,1,mild,"{""depth"": 4}",3,True,False,0,0.0006666666666666666,0.0009428090415820634,0.0,0.002,"[0.0, 0.002, 0.0]",0.0,0.002,0.0006666666666666666,0.0006666666666666666,9965316
0c3b3e327762,looped_transformer,compose,7500,1,mild,"{""depth"": 3}",3,True,False,0,0.0013333333333333333,0.0018856180831641268,0.0,0.004,"[0.0, 0.004, 0.0]",0.0,0.004,0.0013333333333333333,0.0013333333333333333,9965316
0c3b3e327762,looped_transformer,compose,7500,1,mild,"{""depth"": 4}",3,True,False,0,0.0006666666666666666,0.0009428090415820634,0.0,0.002,"[0.0, 0.002, 0.0]",0.0,0.002,0.0006666666666666666,0.0006666666666666666,9965316
0c3b3e327762,looped_transformer,compose,10000,1,mild,"{""depth"": 3}",3,True,False,0,0.0,0.0,0.0,0.0,"[0.0, 0.0, 0.0]",0.0,0.0,0.0,0.0,9965316
0c3b3e327762,looped_transformer,compose,10000,1,mild,"{""depth"": 4}",3,True,False,0,0.0,0.0,0.0,0.0,"[0.0, 0.0, 0.0]",0.0,0.0,0.0,0.0,9965316
0c3b3e327762,looped_transformer,compose,12500,1,mild,"{""depth"": 3}",3,True,False,0,0.0,0.0,0.0,0.0,"[0.0, 0.0, 0.0]",0.0,0.0,0.0,0.0,9965316
0c3b3e327762,looped_transformer,compose,12500,1,mild,"{""depth"": 4}",3,True,False,0,0.0006666666666666666,0.0009428090415820634,0.0,0.002,"[0.0, 0.0, 0.002]",0.0,0.002,0.0006666666666666666,0.0006666666666666666,9965316
0c3b3e327762,looped_transformer,compose,15000,1,mild,"{""depth"": 3}",3,True,False,0,0.0,0.0,0.0,0.0,"[0.0, 0.0, 0.0]",0.0,0.0,0.0,0.0,9965316
0c3b3e327762,looped_transformer,compose,15000,1,mild,"{""depth"": 4}",3,True,False,0,0.0,0.0,0.0,0.0,"[0.0, 0.0, 0.0]",0.0,0.0,0.0,0.0,9965316
0c3b3e327762,looped_transformer,compose,17500,1,mild,"{""depth"": 3}",3,True,False,0,0.0,0.0,0.0,0.0,"[0.0, 0.0, 0.0]",0.0,0.0,0.0,0.0,9965316
0c3b3e327762,looped_transformer,compose,17500,1,mild,"{""depth"": 4}",3,True,False,0,0.0006666666666666666,0.0009428090415820634,0.0,0.002,"[0.0, 0.002, 0.0]",0.0,0.002,0.0006666666666666666,0.0006666666666666666,9965316
0c3b3e327762,looped_transformer,compose,20000,1,mild,"{""depth"": 3}",3,True,False,0,0.0,0.0,0.0,0.0,"[0.0, 0.0, 0.0]",0.0,0.0,0.0,0.0,9965316
0c3b3e327762,looped_transformer,compose,20000,1,mild,"{""depth"": 4}",3,True,False,0,0.0006666666666666666,0.0009428090415820634,0.0,0.002,"[0.0, 0.002, 0.0]",0.0,0.002,0.0006666666666666666,0.0006666666666666666,9965316
0c3b3e327762,looped_transformer,compose,22500,1,mild,"{""depth"": 3}",3,True,False,0,0.0,0.0,0.0,0.0,"[0.0, 0.0, 0.0]",0.0,0.0,0.0,0.0,9965316
0c3b3e327762,looped_transformer,compose,22500,1,mild,"{""depth"": 4}",3,True,False,0,0.0,0.0,0.0,0.0,"[0.0, 0.0, 0.0]",0.0,0.0,0.0,0.0,9965316
0c3b3e327762,looped_transformer,compose,25000,1,mild,"{""depth"": 3}",3,True,False,0,0.0013333333333333333,0.0018856180831641268,0.0,0.004,"[0.0, 0.0, 0.004]",0.0,0.004,0.0013333333333333333,0.0013333333333333333,9965316
0c3b3e327762,looped_transformer,compose,25000,1,mild,"{""depth"": 4}",3,True,False,0,0.0006666666666666666,0.0009428090415820634,0.0,0.002,"[0.0, 0.0, 0.002]",0.0,0.002,0.0006666666666666666,0.0006666666666666666,9965316
0c3b3e327762,looped_transformer,compose,27500,1,mild,"{""depth"": 3}",3,True,False,0,0.0006666666666666666,0.0009428090415820634,0.0,0.002,"[0.0, 0.0, 0.002]",0.0,0.002,0.0006666666666666666,0.0006666666666666666,9965316
0c3b3e327762,looped_transformer,compose,27500,1,mild,"{""depth"": 4}",3,True,False,0,0.0006666666666666666,0.0009428090415820634,0.0,0.002,"[0.0, 0.0, 0.002]",0.0,0.002,0.0006666666666666666,0.0006666666666666666,9965316
0c3b3e327762,looped_transformer,compose,30000,1,mild,"{""depth"": 3}",3,True,False,0,0.0,0.0,0.0,0.0,"[0.0, 0.0, 0.0]",0.0,0.0,0.0,0.0,9965316
0c3b3e327762,looped_transformer,compose,30000,1,mild,"{""depth"": 4}",3,True,False,0,0.0,0.0,0.0,0.0,"[0.0, 0.0, 0.0]",0.0,0.0,0.0,0.0,9965316
0c3b3e327762,looped_transformer,compose,32500,1,mild,"{""depth"": 3}",3,True,False,0,0.0006666666666666666,0.0009428090415820634,0.0,0.002,"[0.0, 0.0, 0.002]",0.0,0.002,0.0006666666666666666,0.0006666666666666666,9965316
0c3b3e327762,looped_transformer,compose,32500,1,mild,"{""depth"": 4}",3,True,False,0,0.0,0.0,0.0,0.0,"[0.0, 0.0, 0.0]",0.0,0.0,0.0,0.0,9965316
0c3b3e327762,looped_transformer,compose,35000,1,mild,"{""depth"": 3}",3,True,False,0,0.0,0.0,0.0,0.0,"[0.0, 0.0, 0.0]",0.0,0.0,0.0,0.0,9965316
0c3b3e327762,looped_transformer,compose,35000,1,mild,"{""depth"": 4}",3,True,False,0,0.0,0.0,0.0,0.0,"[0.0, 0.0, 0.0]",0.0,0.0,0.0,0.0,9965316
0c3b3e327762,looped_transformer,compose,37500,1,mild,"{""depth"": 3}",3,True,False,0,0.0,0.0,0.0,0.0,"[0.0, 0.0, 0.0]",0.0,0.0,0.0,0.0,9965316
0c3b3e327762,looped_transformer,compose,37500,1,mild,"{""depth"": 4}",3,True,False,0,0.0,0.0,0.0,0.0,"[0.0, 0.0, 0.0]",0.0,0.0,0.0,0.0,9965316
0c3b3e327762,looped_transformer,compose,40000,1,mild,"{""depth"": 3}",3,True,False,0,0.0,0.0,0.0,0.0,"[0.0, 0.0, 0.0]",0.0,0.0,0.0,0.0,9965316
0c3b3e327762,looped_transformer,compose,40000,1,mild,"{""depth"": 4}",3,True,False,0,0.0,0.0,0.0,0.0,"[0.0, 0.0, 0.0]",0.0,0.0,0.0,0.0,9965316
0c3b3e327762,looped_transformer,compose,40000,2,mild,"{""depth"": 3}",3,True,False,0,0.0006666666666666666,0.0009428090415820634,0.0,0.002,"[0.0, 0.002, 0.0]",0.0,0.002,0.0006666666666666666,0.0006666666666666666,9965316
0c3b3e327762,looped_transformer,compose,40000,2,mild,"{""depth"": 4}",3,True,False,0,0.0,0.0,0.0,0.0,"[0.0, 0.0, 0.0]",0.0,0.0,0.0,0.0,9965316
0c3b3e327762,looped_transformer,compose,2500,4,mild,"{""depth"": 3}",3,True,False,0,0.0,0.0,0.0,0.0,"[0.0, 0.0, 0.0]",0.0,0.0,0.0,0.0,9965316
0c3b3e327762,looped_transformer,compose,2500,4,mild,"{""depth"": 4}",3,True,False,0,0.0,0.0,0.0,0.0,"[0.0, 0.0, 0.0]",0.0,0.0,0.0,0.0,9965316
0c3b3e327762,looped_transformer,compose,5000,4,mild,"{""depth"": 3}",3,True,False,0,0.0,0.0,0.0,0.0,"[0.0, 0.0, 0.0]",0.0,0.0,0.0,0.0,9965316
0c3b3e327762,looped_transformer,compose,5000,4,mild,"{""depth"": 4}",3,True,False,0,0.0006666666666666666,0.0009428090415820634,0.0,0.002,"[0.0, 0.002, 0.0]",0.0,0.002,0.0006666666666666666,0.0006666666666666666,9965316
0c3b3e327762,looped_transformer,compose,7500,4,mild,"{""depth"": 3}",3,True,False,0,0.0006666666666666666,0.0009428090415820634,0.0,0.002,"[0.0, 0.002, 0.0]",0.0,0.002,0.0006666666666666666,0.0006666666666666666,9965316
0c3b3e327762,looped_transformer,compose,7500,4,mild,"{""depth"": 4}",3,True,False,0,0.0006666666666666666,0.0009428090415820634,0.0,0.002,"[0.0, 0.002, 0.0]",0.0,0.002,0.0006666666666666666,0.0006666666666666666,9965316
0c3b3e327762,looped_transformer,compose,10000,4,mild,"{""depth"": 3}",3,True,False,0,0.0,0.0,0.0,0.0,"[0.0, 0.0, 0.0]",0.0,0.0,0.0,0.0,9965316
0c3b3e327762,looped_transformer,compose,10000,4,mild,"{""depth"": 4}",3,True,False,0,0.0,0.0,0.0,0.0,"[0.0, 0.0, 0.0]",0.0,0.0,0.0,0.0,9965316
0c3b3e327762,looped_transformer,compose,12500,4,mild,"{""depth"": 3}",3,True,False,0,0.0,0.0,0.0,0.0,"[0.0, 0.0, 0.0]",0.0,0.0,0.0,0.0,9965316
0c3b3e327762,looped_transformer,compose,12500,4,mild,"{""depth"": 4}",3,True,False,0,0.0006666666666666666,0.0009428090415820634,0.0,0.002,"[0.0, 0.0, 0.002]",0.0,0.002,0.0006666666666666666,0.0006666666666666666,9965316
0c3b3e327762,looped_transformer,compose,15000,4,mild,"{""depth"": 3}",3,True,False,0,0.0,0.0,0.0,0.0,"[0.0, 0.0, 0.0]",0.0,0.0,0.0,0.0,9965316
0c3b3e327762,looped_transformer,compose,15000,4,mild,"{""depth"": 4}",3,True,False,0,0.0006666666666666666,0.0009428090415820634,0.0,0.002,"[0.0, 0.0, 0.002]",0.0,0.002,0.0006666666666666666,0.0006666666666666666,9965316
0c3b3e327762,looped_transformer,compose,17500,4,mild,"{""depth"": 3}",3,True,False,0,0.0,0.0,0.0,0.0,"[0.0, 0.0, 0.0]",0.0,0.0,0.0,0.0,9965316
0c3b3e327762,looped_transformer,compose,17500,4,mild,"{""depth"": 4}",3,True,False,0,0.0,0.0,0.0,0.0,"[0.0, 0.0, 0.0]",0.0,0.0,0.0,0.0,9965316
0c3b3e327762,looped_transformer,compose,20000,4,mild,"{""depth"": 3}",3,True,False,0,0.0006666666666666666,0.0009428090415820634,0.0,0.002,"[0.0, 0.0, 0.002]",0.0,0.002,0.0006666666666666666,0.0006666666666666666,9965316
0c3b3e327762,looped_transformer,compose,20000,4,mild,"{""depth"": 4}",3,True,False,0,0.0006666666666666666,0.0009428090415820634,0.0,0.002,"[0.0, 0.002, 0.0]",0.0,0.002,0.0006666666666666666,0.0006666666666666666,9965316
0c3b3e327762,looped_transformer,compose,22500,4,mild,"{""depth"": 3}",3,True,False,0,0.0,0.0,0.0,0.0,"[0.0, 0.0, 0.0]",0.0,0.0,0.0,0.0,9965316
0c3b3e327762,looped_transformer,compose,22500,4,mild,"{""depth"": 4}",3,True,False,0,0.0006666666666666666,0.0009428090415820634,0.0,0.002,"[0.002, 0.0, 0.0]",0.0,0.002,0.0006666666666666666,0.0006666666666666666,9965316
0c3b3e327762,looped_transformer,compose,25000,4,mild,"{""depth"": 3}",3,True,False,0,0.0006666666666666666,0.0009428090415820634,0.0,0.002,"[0.0, 0.0, 0.002]",0.0,0.002,0.0006666666666666666,0.0006666666666666666,9965316
0c3b3e327762,looped_transformer,compose,25000,4,mild,"{""depth"": 4}",3,True,False,0,0.0013333333333333333,0.0018856180831641268,0.0,0.004,"[0.0, 0.0, 0.004]",0.0,0.004,0.0013333333333333333,0.0013333333333333333,9965316
0c3b3e327762,looped_transformer,compose,27500,4,mild,"{""depth"": 3}",3,True,False,0,0.0006666666666666666,0.0009428090415820634,0.0,0.002,"[0.0, 0.0, 0.002]",0.0,0.002,0.0006666666666666666,0.0006666666666666666,9965316
0c3b3e327762,looped_transformer,compose,27500,4,mild,"{""depth"": 4}",3,True,False,0,0.0006666666666666666,0.0009428090415820634,0.0,0.002,"[0.0, 0.0, 0.002]",0.0,0.002,0.0006666666666666666,0.0006666666666666666,9965316
0c3b3e327762,looped_transformer,compose,30000,4,mild,"{""depth"": 3}",3,True,False,0,0.0006666666666666666,0.0009428090415820634,0.0,0.002,"[0.002, 0.0, 0.0]",0.0,0.002,0.0006666666666666666,0.0006666666666666666,9965316
0c3b3e327762,looped_transformer,compose,30000,4,mild,"{""depth"": 4}",3,True,False,0,0.0013333333333333333,0.0009428090415820634,0.0,0.002,"[0.002, 0.002, 0.0]",0.0,0.002,0.0013333333333333333,0.0013333333333333333,9965316
0c3b3e327762,looped_transformer,compose,32500,4,mild,"{""depth"": 3}",3,True,False,0,0.0,0.0,0.0,0.0,"[0.0, 0.0, 0.0]",0.0,0.0,0.0,0.0,9965316
0c3b3e327762,looped_transformer,compose,32500,4,mild,"{""depth"": 4}",3,True,False,0,0.0,0.0,0.0,0.0,"[0.0, 0.0, 0.0]",0.0,0.0,0.0,0.0,9965316
0c3b3e327762,looped_transformer,compose,35000,4,mild,"{""depth"": 3}",3,True,False,0,0.0,0.0,0.0,0.0,"[0.0, 0.0, 0.0]",0.0,0.0,0.0,0.0,9965316
0c3b3e327762,looped_transformer,compose,35000,4,mild,"{""depth"": 4}",3,True,False,0,0.0,0.0,0.0,0.0,"[0.0, 0.0, 0.0]",0.0,0.0,0.0,0.0,9965316
0c3b3e327762,looped_transformer,compose,37500,4,mild,"{""depth"": 3}",3,True,False,0,0.0006666666666666666,0.0009428090415820634,0.0,0.002,"[0.0, 0.002, 0.0]",0.0,0.002,0.0006666666666666666,0.0006666666666666666,9965316
0c3b3e327762,looped_transformer,compose,37500,4,mild,"{""depth"": 4}",3,True,False,0,0.0,0.0,0.0,0.0,"[0.0, 0.0, 0.0]",0.0,0.0,0.0,0.0,9965316
0c3b3e327762,looped_transformer,compose,40000,4,mild,"{""depth"": 3}",3,True,False,0,0.0006666666666666666,0.0009428090415820634,0.0,0.002,"[0.0, 0.002, 0.0]",0.0,0.002,0.0006666666666666666,0.0006666666666666666,9965316
0c3b3e327762,looped_transformer,compose,40000,4,mild,"{""depth"": 4}",3,True,False,0,0.0,0.0,0.0,0.0,"[0.0, 0.0, 0.0]",0.0,0.0,0.0,0.0,9965316
0c3b3e327762,looped_transformer,compose,40000,8,mild,"{""depth"": 3}",3,True,False,0,0.0006666666666666666,0.0009428090415820634,0.0,0.002,"[0.0, 0.0, 0.002]",0.0,0.002,0.0006666666666666666,0.0006666666666666666,9965316
0c3b3e327762,looped_transformer,compose,40000,8,mild,"{""depth"": 4}",3,True,False,0,0.0,0.0,0.0,0.0,"[0.0, 0.0, 0.0]",0.0,0.0,0.0,0.0,9965316
0c3b3e327762,looped_transformer,compose,2500,16,mild,"{""depth"": 3}",3,True,False,0,0.0,0.0,0.0,0.0,"[0.0, 0.0, 0.0]",0.0,0.0,0.0,0.0,9965316
0c3b3e327762,looped_transformer,compose,2500,16,mild,"{""depth"": 4}",3,True,False,0,0.0,0.0,0.0,0.0,"[0.0, 0.0, 0.0]",0.0,0.0,0.0,0.0,9965316
0c3b3e327762,looped_transformer,compose,5000,16,mild,"{""depth"": 3}",3,True,False,0,0.0,0.0,0.0,0.0,"[0.0, 0.0, 0.0]",0.0,0.0,0.0,0.0,9965316
0c3b3e327762,looped_transformer,compose,5000,16,mild,"{""depth"": 4}",3,True,False,0,0.0006666666666666666,0.0009428090415820634,0.0,0.002,"[0.0, 0.002, 0.0]",0.0,0.002,0.0006666666666666666,0.0006666666666666666,9965316
0c3b3e327762,looped_transformer,compose,7500,16,mild,"{""depth"": 3}",3,True,False,0,0.0006666666666666666,0.0009428090415820634,0.0,0.002,"[0.0, 0.002, 0.0]",0.0,0.002,0.0006666666666666666,0.0006666666666666666,9965316
0c3b3e327762,looped_transformer,compose,7500,16,mild,"{""depth"": 4}",3,True,False,0,0.0,0.0,0.0,0.0,"[0.0, 0.0, 0.0]",0.0,0.0,0.0,0.0,9965316
0c3b3e327762,looped_transformer,compose,10000,16,mild,"{""depth"": 3}",3,True,False,0,0.0,0.0,0.0,0.0,"[0.0, 0.0, 0.0]",0.0,0.0,0.0,0.0,9965316
0c3b3e327762,looped_transformer,compose,10000,16,mild,"{""depth"": 4}",3,True,False,0,0.0006666666666666666,0.0009428090415820634,0.0,0.002,"[0.002, 0.0, 0.0]",0.0,0.002,0.0006666666666666666,0.0006666666666666666,9965316
0c3b3e327762,looped_transformer,compose,12500,16,mild,"{""depth"": 3}",3,True,False,0,0.0,0.0,0.0,0.0,"[0.0, 0.0, 0.0]",0.0,0.0,0.0,0.0,9965316
0c3b3e327762,looped_transformer,compose,12500,16,mild,"{""depth"": 4}",3,True,False,0,0.0,0.0,0.0,0.0,"[0.0, 0.0, 0.0]",0.0,0.0,0.0,0.0,9965316
0c3b3e327762,looped_transformer,compose,15000,16,mild,"{""depth"": 3}",3,True,False,0,0.0,0.0,0.0,0.0,"[0.0, 0.0, 0.0]",0.0,0.0,0.0,0.0,9965316
0c3b3e327762,looped_transformer,compose,15000,16,mild,"{""depth"": 4}",3,True,False,0,0.0006666666666666666,0.0009428090415820634,0.0,0.002,"[0.002, 0.0, 0.0]",0.0,0.002,0.0006666666666666666,0.0006666666666666666,9965316
0c3b3e327762,looped_transformer,compose,17500,16,mild,"{""depth"": 3}",3,True,False,0,0.0,0.0,0.0,0.0,"[0.0, 0.0, 0.0]",0.0,0.0,0.0,0.0,9965316
0c3b3e327762,looped_transformer,compose,17500,16,mild,"{""depth"": 4}",3,True,False,0,0.0,0.0,0.0,0.0,"[0.0, 0.0, 0.0]",0.0,0.0,0.0,0.0,9965316
0c3b3e327762,looped_transformer,compose,20000,16,mild,"{""depth"": 3}",3,True,False,0,0.0,0.0,0.0,0.0,"[0.0, 0.0, 0.0]",0.0,0.0,0.0,0.0,9965316
0c3b3e327762,looped_transformer,compose,20000,16,mild,"{""depth"": 4}",3,True,False,0,0.0006666666666666666,0.0009428090415820634,0.0,0.002,"[0.0, 0.002, 0.0]",0.0,0.002,0.0006666666666666666,0.0006666666666666666,9965316
0c3b3e327762,looped_transformer,compose,22500,16,mild,"{""depth"": 3}",3,True,False,0,0.0,0.0,0.0,0.0,"[0.0, 0.0, 0.0]",0.0,0.0,0.0,0.0,9965316
0c3b3e327762,looped_transformer,compose,22500,16,mild,"{""depth"": 4}",3,True,False,0,0.0006666666666666666,0.0009428090415820634,0.0,0.002,"[0.002, 0.0, 0.0]",0.0,0.002,0.0006666666666666666,0.0006666666666666666,9965316
0c3b3e327762,looped_transformer,compose,25000,16,mild,"{""depth"": 3}",3,True,False,0,0.0006666666666666666,0.0009428090415820634,0.0,0.002,"[0.002, 0.0, 0.0]",0.0,0.002,0.0006666666666666666,0.0006666666666666666,9965316
0c3b3e327762,looped_transformer,compose,25000,16,mild,"{""depth"": 4}",3,True,False,0,0.0006666666666666666,0.0009428090415820634,0.0,0.002,"[0.002, 0.0, 0.0]",0.0,0.002,0.0006666666666666666,0.0006666666666666666,9965316
0c3b3e327762,looped_transformer,compose,27500,16,mild,"{""depth"": 3}",3,True,False,0,0.0006666666666666666,0.0009428090415820634,0.0,0.002,"[0.0, 0.0, 0.002]",0.0,0.002,0.0006666666666666666,0.0006666666666666666,9965316
0c3b3e327762,looped_transformer,compose,27500,16,mild,"{""depth"": 4}",3,True,False,0,0.0006666666666666666,0.0009428090415820634,0.0,0.002,"[0.002, 0.0, 0.0]",0.0,0.002,0.0006666666666666666,0.0006666666666666666,9965316
0c3b3e327762,looped_transformer,compose,30000,16,mild,"{""depth"": 3}",3,True,False,0,0.0006666666666666666,0.0009428090415820634,0.0,0.002,"[0.002, 0.0, 0.0]",0.0,0.002,0.0006666666666666666,0.0006666666666666666,9965316
0c3b3e327762,looped_transformer,compose,30000,16,mild,"{""depth"": 4}",3,True,False,0,0.0,0.0,0.0,0.0,"[0.0, 0.0, 0.0]",0.0,0.0,0.0,0.0,9965316
0c3b3e327762,looped_transformer,compose,32500,16,mild,"{""depth"": 3}",3,True,False,0,0.0013333333333333333,0.0018856180831641268,0.0,0.004,"[0.0, 0.0, 0.004]",0.0,0.004,0.0013333333333333333,0.0013333333333333333,9965316
0c3b3e327762,looped_transformer,compose,32500,16,mild,"{""depth"": 4}",3,True,False,0,0.0,0.0,0.0,0.0,"[0.0, 0.0, 0.0]",0.0,0.0,0.0,0.0,9965316
0c3b3e327762,looped_transformer,compose,35000,16,mild,"{""depth"": 3}",3,True,False,0,0.0013333333333333333,0.0018856180831641268,0.0,0.004,"[0.0, 0.0, 0.004]",0.0,0.004,0.0013333333333333333,0.0013333333333333333,9965316
0c3b3e327762,looped_transformer,compose,35000,16,mild,"{""depth"": 4}",3,True,False,0,0.0,0.0,0.0,0.0,"[0.0, 0.0, 0.0]",0.0,0.0,0.0,0.0,9965316
0c3b3e327762,looped_transformer,compose,37500,16,mild,"{""depth"": 3}",3,True,False,0,0.0013333333333333333,0.0018856180831641268,0.0,0.004,"[0.0, 0.0, 0.004]",0.0,0.004,0.0013333333333333333,0.0013333333333333333,9965316
0c3b3e327762,looped_transformer,compose,37500,16,mild,"{""depth"": 4}",3,True,False,0,0.0,0.0,0.0,0.0,"[0.0, 0.0, 0.0]",0.0,0.0,0.0,0.0,9965316
0c3b3e327762,looped_transformer,compose,40000,16,mild,"{""depth"": 3}",3,True,False,0,0.0013333333333333333,0.0018856180831641268,0.0,0.004,"[0.0, 0.0, 0.004]",0.0,0.004,0.0013333333333333333,0.0013333333333333333,9965316
0c3b3e327762,looped_transformer,compose,40000,16,mild,"{""depth"": 4}",3,True,False,0,0.0,0.0,0.0,0.0,"[0.0, 0.0, 0.0]",0.0,0.0,0.0,0.0,9965316
0c3b3e327762,looped_transformer,compose,40000,32,mild,"{""depth"": 3}",3,True,False,0,0.002,0.001632993161855452,0.0,0.004,"[0.002, 0.0, 0.004]",0.0,0.004,0.002,0.002,9965316
0c3b3e327762,looped_transformer,compose,40000,32,mild,"{""depth"": 4}",3,True,False,0,0.0,0.0,0.0,0.0,"[0.0, 0.0, 0.0]",0.0,0.0,0.0,0.0,9965316
0c3b3e327762,looped_transformer,compose,2500,1,strong,"{""depth"": 6}",3,True,False,0,0.0006666666666666666,0.0009428090415820634,0.0,0.002,"[0.0, 0.0, 0.002]",0.0,0.002,0.0006666666666666666,0.0006666666666666666,9965316
0c3b3e327762,looped_transformer,compose,2500,1,strong,"{""depth"": 8}",3,True,False,0,0.0,0.0,0.0,0.0,"[0.0, 0.0, 0.0]",0.0,0.0,0.0,0.0,9965316
0c3b3e327762,looped_transformer,compose,5000,1,strong,"{""depth"": 6}",3,True,False,0,0.0,0.0,0.0,0.0,"[0.0, 0.0, 0.0]",0.0,0.0,0.0,0.0,9965316
0c3b3e327762,looped_transformer,compose,5000,1,strong,"{""depth"": 8}",3,True,False,0,0.0013333333333333333,0.0018856180831641268,0.0,0.004,"[0.0, 0.004, 0.0]",0.0,0.004,0.0013333333333333333,0.0013333333333333333,9965316
0c3b3e327762,looped_transformer,compose,7500,1,strong,"{""depth"": 6}",3,True,False,0,0.0006666666666666666,0.0009428090415820634,0.0,0.002,"[0.002, 0.0, 0.0]",0.0,0.002,0.0006666666666666666,0.0006666666666666666,9965316
0c3b3e327762,looped_transformer,compose,7500,1,strong,"{""depth"": 8}",3,True,False,0,0.0006666666666666666,0.0009428090415820634,0.0,0.002,"[0.0, 0.0, 0.002]",0.0,0.002,0.0006666666666666666,0.0006666666666666666,9965316
0c3b3e327762,looped_transformer,compose,10000,1,strong,"{""depth"": 6}",3,True,False,0,0.0006666666666666666,0.0009428090415820634,0.0,0.002,"[0.002, 0.0, 0.0]",0.0,0.002,0.0006666666666666666,0.0006666666666666666,9965316
0c3b3e327762,looped_transformer,compose,10000,1,strong,"{""depth"": 8}",3,True,False,0,0.0,0.0,0.0,0.0,"[0.0, 0.0, 0.0]",0.0,0.0,0.0,0.0,9965316
0c3b3e327762,looped_transformer,compose,12500,1,strong,"{""depth"": 6}",3,True,False,0,0.0,0.0,0.0,0.0,"[0.0, 0.0, 0.0]",0.0,0.0,0.0,0.0,9965316
0c3b3e327762,looped_transformer,compose,12500,1,strong,"{""depth"": 8}",3,True,False,0,0.0,0.0,0.0,0.0,"[0.0, 0.0, 0.0]",0.0,0.0,0.0,0.0,9965316
0c3b3e327762,looped_transformer,compose,15000,1,strong,"{""depth"": 6}",3,True,False,0,0.0006666666666666666,0.0009428090415820634,0.0,0.002,"[0.0, 0.0, 0.002]",0.0,0.002,0.0006666666666666666,0.0006666666666666666,9965316
0c3b3e327762,looped_transformer,compose,15000,1,strong,"{""depth"": 8}",3,True,False,0,0.0,0.0,0.0,0.0,"[0.0, 0.0, 0.0]",0.0,0.0,0.0,0.0,9965316
0c3b3e327762,looped_transformer,compose,17500,1,strong,"{""depth"": 6}",3,True,False,0,0.0013333333333333333,0.0018856180831641268,0.0,0.004,"[0.0, 0.0, 0.004]",0.0,0.004,0.0013333333333333333,0.0013333333333333333,9965316
0c3b3e327762,looped_transformer,compose,17500,1,strong,"{""depth"": 8}",3,True,False,0,0.0,0.0,0.0,0.0,"[0.0, 0.0, 0.0]",0.0,0.0,0.0,0.0,9965316
0c3b3e327762,looped_transformer,compose,20000,1,strong,"{""depth"": 6}",3,True,False,0,0.0,0.0,0.0,0.0,"[0.0, 0.0, 0.0]",0.0,0.0,0.0,0.0,9965316
0c3b3e327762,looped_transformer,compose,20000,1,strong,"{""depth"": 8}",3,True,False,0,0.0,0.0,0.0,0.0,"[0.0, 0.0, 0.0]",0.0,0.0,0.0,0.0,9965316
0c3b3e327762,looped_transformer,compose,22500,1,strong,"{""depth"": 6}",3,True,False,0,0.0,0.0,0.0,0.0,"[0.0, 0.0, 0.0]",0.0,0.0,0.0,0.0,9965316
0c3b3e327762,looped_transformer,compose,22500,1,strong,"{""depth"": 8}",3,True,False,0,0.0,0.0,0.0,0.0,"[0.0, 0.0, 0.0]",0.0,0.0,0.0,0.0,9965316
0c3b3e327762,looped_transformer,compose,25000,1,strong,"{""depth"": 6}",3,True,False,0,0.0006666666666666666,0.0009428090415820634,0.0,0.002,"[0.0, 0.002, 0.0]",0.0,0.002,0.0006666666666666666,0.0006666666666666666,9965316
0c3b3e327762,looped_transformer,compose,25000,1,strong,"{""depth"": 8}",3,True,False,0,0.0,0.0,0.0,0.0,"[0.0, 0.0, 0.0]",0.0,0.0,0.0,0.0,9965316
0c3b3e327762,looped_transformer,compose,27500,1,strong,"{""depth"": 6}",3,True,False,0,0.0006666666666666666,0.0009428090415820634,0.0,0.002,"[0.0, 0.002, 0.0]",0.0,0.002,0.0006666666666666666,0.0006666666666666666,9965316
0c3b3e327762,looped_transformer,compose,27500,1,strong,"{""depth"": 8}",3,True,False,0,0.0,0.0,0.0,0.0,"[0.0, 0.0, 0.0]",0.0,0.0,0.0,0.0,9965316
0c3b3e327762,looped_transformer,compose,30000,1,strong,"{""depth"": 6}",3,True,False,0,0.0,0.0,0.0,0.0,"[0.0, 0.0, 0.0]",0.0,0.0,0.0,0.0,9965316
0c3b3e327762,looped_transformer,compose,30000,1,strong,"{""depth"": 8}",3,True,False,0,0.0006666666666666666,0.0009428090415820634,0.0,0.002,"[0.002, 0.0, 0.0]",0.0,0.002,0.0006666666666666666,0.0006666666666666666,9965316
0c3b3e327762,looped_transformer,compose,32500,1,strong,"{""depth"": 6}",3,True,False,0,0.0,0.0,0.0,0.0,"[0.0, 0.0, 0.0]",0.0,0.0,0.0,0.0,9965316
0c3b3e327762,looped_transformer,compose,32500,1,strong,"{""depth"": 8}",3,True,False,0,0.0,0.0,0.0,0.0,"[0.0, 0.0, 0.0]",0.0,0.0,0.0,0.0,9965316
0c3b3e327762,looped_transformer,compose,35000,1,strong,"{""depth"": 6}",3,True,False,0,0.0,0.0,0.0,0.0,"[0.0, 0.0, 0.0]",0.0,0.0,0.0,0.0,9965316
0c3b3e327762,looped_transformer,compose,35000,1,strong,"{""depth"": 8}",3,True,False,0,0.0,0.0,0.0,0.0,"[0.0, 0.0, 0.0]",0.0,0.0,0.0,0.0,9965316
0c3b3e327762,looped_transformer,compose,37500,1,strong,"{""depth"": 6}",3,True,False,0,0.0,0.0,0.0,0.0,"[0.0, 0.0, 0.0]",0.0,0.0,0.0,0.0,9965316
0c3b3e327762,looped_transformer,compose,37500,1,strong,"{""depth"": 8}",3,True,False,0,0.0,0.0,0.0,0.0,"[0.0, 0.0, 0.0]",0.0,0.0,0.0,0.0,9965316
0c3b3e327762,looped_transformer,compose,40000,1,strong,"{""depth"": 6}",3,True,False,0,0.0,0.0,0.0,0.0,"[0.0, 0.0, 0.0]",0.0,0.0,0.0,0.0,9965316
0c3b3e327762,looped_transformer,compose,40000,1,strong,"{""depth"": 8}",3,True,False,0,0.0,0.0,0.0,0.0,"[0.0, 0.0, 0.0]",0.0,0.0,0.0,0.0,9965316
0c3b3e327762,looped_transformer,compose,40000,2,strong,"{""depth"": 6}",3,True,False,0,0.0,0.0,0.0,0.0,"[0.0, 0.0, 0.0]",0.0,0.0,0.0,0.0,9965316
0c3b3e327762,looped_transformer,compose,40000,2,strong,"{""depth"": 8}",3,True,False,0,0.0,0.0,0.0,0.0,"[0.0, 0.0, 0.0]",0.0,0.0,0.0,0.0,9965316
0c3b3e327762,looped_transformer,compose,2500,4,strong,"{""depth"": 6}",3,True,False,0,0.0006666666666666666,0.0009428090415820634,0.0,0.002,"[0.0, 0.0, 0.002]",0.0,0.002,0.0006666666666666666,0.0006666666666666666,9965316
0c3b3e327762,looped_transformer,compose,2500,4,strong,"{""depth"": 8}",3,True,False,0,0.0,0.0,0.0,0.0,"[0.0, 0.0, 0.0]",0.0,0.0,0.0,0.0,9965316
0c3b3e327762,looped_transformer,compose,5000,4,strong,"{""depth"": 6}",3,True,False,0,0.0,0.0,0.0,0.0,"[0.0, 0.0, 0.0]",0.0,0.0,0.0,0.0,9965316
0c3b3e327762,looped_transformer,compose,5000,4,strong,"{""depth"": 8}",3,True,False,0,0.0013333333333333333,0.0018856180831641268,0.0,0.004,"[0.0, 0.004, 0.0]",0.0,0.004,0.0013333333333333333,0.0013333333333333333,9965316
0c3b3e327762,looped_transformer,compose,7500,4,strong,"{""depth"": 6}",3,True,False,0,0.0013333333333333333,0.0009428090415820634,0.0,0.002,"[0.002, 0.0, 0.002]",0.0,0.002,0.0013333333333333333,0.0013333333333333333,9965316
0c3b3e327762,looped_transformer,compose,7500,4,strong,"{""depth"": 8}",3,True,False,0,0.0,0.0,0.0,0.0,"[0.0, 0.0, 0.0]",0.0,0.0,0.0,0.0,9965316
0c3b3e327762,looped_transformer,compose,10000,4,strong,"{""depth"": 6}",3,True,False,0,0.0006666666666666666,0.0009428090415820634,0.0,0.002,"[0.002, 0.0, 0.0]",0.0,0.002,0.0006666666666666666,0.0006666666666666666,9965316
0c3b3e327762,looped_transformer,compose,10000,4,strong,"{""depth"": 8}",3,True,False,0,0.0,0.0,0.0,0.0,"[0.0, 0.0, 0.0]",0.0,0.0,0.0,0.0,9965316
0c3b3e327762,looped_transformer,compose,12500,4,strong,"{""depth"": 6}",3,True,False,0,0.0006666666666666666,0.0009428090415820634,0.0,0.002,"[0.0, 0.0, 0.002]",0.0,0.002,0.0006666666666666666,0.0006666666666666666,9965316
0c3b3e327762,looped_transformer,compose,12500,4,strong,"{""depth"": 8}",3,True,False,0,0.0,0.0,0.0,0.0,"[0.0, 0.0, 0.0]",0.0,0.0,0.0,0.0,9965316
0c3b3e327762,looped_transformer,compose,15000,4,strong,"{""depth"": 6}",3,True,False,0,0.0006666666666666666,0.0009428090415820634,0.0,0.002,"[0.0, 0.0, 0.002]",0.0,0.002,0.0006666666666666666,0.0006666666666666666,9965316
0c3b3e327762,looped_transformer,compose,15000,4,strong,"{""depth"": 8}",3,True,False,0,0.0,0.0,0.0,0.0,"[0.0, 0.0, 0.0]",0.0,0.0,0.0,0.0,9965316
0c3b3e327762,looped_transformer,compose,17500,4,strong,"{""depth"": 6}",3,True,False,0,0.0013333333333333333,0.0018856180831641268,0.0,0.004,"[0.0, 0.0, 0.004]",0.0,0.004,0.0013333333333333333,0.0013333333333333333,9965316
0c3b3e327762,looped_transformer,compose,17500,4,strong,"{""depth"": 8}",3,True,False,0,0.0,0.0,0.0,0.0,"[0.0, 0.0, 0.0]",0.0,0.0,0.0,0.0,9965316
0c3b3e327762,looped_transformer,compose,20000,4,strong,"{""depth"": 6}",3,True,False,0,0.0,0.0,0.0,0.0,"[0.0, 0.0, 0.0]",0.0,0.0,0.0,0.0,9965316
0c3b3e327762,looped_transformer,compose,20000,4,strong,"{""depth"": 8}",3,True,False,0,0.0006666666666666666,0.0009428090415820634,0.0,0.002,"[0.0, 0.002, 0.0]",0.0,0.002,0.0006666666666666666,0.0006666666666666666,9965316
0c3b3e327762,looped_transformer,compose,22500,4,strong,"{""depth"": 6}",3,True,False,0,0.0,0.0,0.0,0.0,"[0.0, 0.0, 0.0]",0.0,0.0,0.0,0.0,9965316
0c3b3e327762,looped_transformer,compose,22500,4,strong,"{""depth"": 8}",3,True,False,0,0.0,0.0,0.0,0.0,"[0.0, 0.0, 0.0]",0.0,0.0,0.0,0.0,9965316
0c3b3e327762,looped_transformer,compose,25000,4,strong,"{""depth"": 6}",3,True,False,0,0.0,0.0,0.0,0.0,"[0.0, 0.0, 0.0]",0.0,0.0,0.0,0.0,9965316
0c3b3e327762,looped_transformer,compose,25000,4,strong,"{""depth"": 8}",3,True,False,0,0.0,0.0,0.0,0.0,"[0.0, 0.0, 0.0]",0.0,0.0,0.0,0.0,9965316
0c3b3e327762,looped_transformer,compose,27500,4,strong,"{""depth"": 6}",3,True,False,0,0.0013333333333333333,0.0009428090415820634,0.0,0.002,"[0.0, 0.002, 0.002]",0.0,0.002,0.0013333333333333333,0.0013333333333333333,9965316
0c3b3e327762,looped_transformer,compose,27500,4,strong,"{""depth"": 8}",3,True,False,0,0.0,0.0,0.0,0.0,"[0.0, 0.0, 0.0]",0.0,0.0,0.0,0.0,9965316
0c3b3e327762,looped_transformer,compose,30000,4,strong,"{""depth"": 6}",3,True,False,0,0.0,0.0,0.0,0.0,"[0.0, 0.0, 0.0]",0.0,0.0,0.0,0.0,9965316
0c3b3e327762,looped_transformer,compose,30000,4,strong,"{""depth"": 8}",3,True,False,0,0.0,0.0,0.0,0.0,"[0.0, 0.0, 0.0]",0.0,0.0,0.0,0.0,9965316
0c3b3e327762,looped_transformer,compose,32500,4,strong,"{""depth"": 6}",3,True,False,0,0.0,0.0,0.0,0.0,"[0.0, 0.0, 0.0]",0.0,0.0,0.0,0.0,9965316
0c3b3e327762,looped_transformer,compose,32500,4,strong,"{""depth"": 8}",3,True,False,0,0.0006666666666666666,0.0009428090415820634,0.0,0.002,"[0.002, 0.0, 0.0]",0.0,0.002,0.0006666666666666666,0.0006666666666666666,9965316
0c3b3e327762,looped_transformer,compose,35000,4,strong,"{""depth"": 6}",3,True,False,0,0.0,0.0,0.0,0.0,"[0.0, 0.0, 0.0]",0.0,0.0,0.0,0.0,9965316
0c3b3e327762,looped_transformer,compose,35000,4,strong,"{""depth"": 8}",3,True,False,0,0.0,0.0,0.0,0.0,"[0.0, 0.0, 0.0]",0.0,0.0,0.0,0.0,9965316
0c3b3e327762,looped_transformer,compose,37500,4,strong,"{""depth"": 6}",3,True,False,0,0.0,0.0,0.0,0.0,"[0.0, 0.0, 0.0]",0.0,0.0,0.0,0.0,9965316
0c3b3e327762,looped_transformer,compose,37500,4,strong,"{""depth"": 8}",3,True,False,0,0.0,0.0,0.0,0.0,"[0.0, 0.0, 0.0]",0.0,0.0,0.0,0.0,9965316
0c3b3e327762,looped_transformer,compose,40000,4,strong,"{""depth"": 6}",3,True,False,0,0.0,0.0,0.0,0.0,"[0.0, 0.0, 0.0]",0.0,0.0,0.0,0.0,9965316
0c3b3e327762,looped_transformer,compose,40000,4,strong,"{""depth"": 8}",3,True,False,0,0.0,0.0,0.0,0.0,"[0.0, 0.0, 0.0]",0.0,0.0,0.0,0.0,9965316
0c3b3e327762,looped_transformer,compose,40000,8,strong,"{""depth"": 6}",3,True,False,0,0.0,0.0,0.0,0.0,"[0.0, 0.0, 0.0]",0.0,0.0,0.0,0.0,9965316
0c3b3e327762,looped_transformer,compose,40000,8,strong,"{""depth"": 8}",3,True,False,0,0.0,0.0,0.0,0.0,"[0.0, 0.0, 0.0]",0.0,0.0,0.0,0.0,9965316
0c3b3e327762,looped_transformer,compose,2500,16,strong,"{""depth"": 6}",3,True,False,0,0.0006666666666666666,0.0009428090415820634,0.0,0.002,"[0.0, 0.0, 0.002]",0.0,0.002,0.0006666666666666666,0.0006666666666666666,9965316
0c3b3e327762,looped_transformer,compose,2500,16,strong,"{""depth"": 8}",3,True,False,0,0.0,0.0,0.0,0.0,"[0.0, 0.0, 0.0]",0.0,0.0,0.0,0.0,9965316
0c3b3e327762,looped_transformer,compose,5000,16,strong,"{""depth"": 6}",3,True,False,0,0.0,0.0,0.0,0.0,"[0.0, 0.0, 0.0]",0.0,0.0,0.0,0.0,9965316
0c3b3e327762,looped_transformer,compose,5000,16,strong,"{""depth"": 8}",3,True,False,0,0.0006666666666666666,0.0009428090415820634,0.0,0.002,"[0.0, 0.002, 0.0]",0.0,0.002,0.0006666666666666666,0.0006666666666666666,9965316
0c3b3e327762,looped_transformer,compose,7500,16,strong,"{""depth"": 6}",3,True,False,0,0.0006666666666666666,0.0009428090415820634,0.0,0.002,"[0.002, 0.0, 0.0]",0.0,0.002,0.0006666666666666666,0.0006666666666666666,9965316
0c3b3e327762,looped_transformer,compose,7500,16,strong,"{""depth"": 8}",3,True,False,0,0.0,0.0,0.0,0.0,"[0.0, 0.0, 0.0]",0.0,0.0,0.0,0.0,9965316
0c3b3e327762,looped_transformer,compose,10000,16,strong,"{""depth"": 6}",3,True,False,0,0.0,0.0,0.0,0.0,"[0.0, 0.0, 0.0]",0.0,0.0,0.0,0.0,9965316
0c3b3e327762,looped_transformer,compose,10000,16,strong,"{""depth"": 8}",3,True,False,0,0.0,0.0,0.0,0.0,"[0.0, 0.0, 0.0]",0.0,0.0,0.0,0.0,9965316
0c3b3e327762,looped_transformer,compose,12500,16,strong,"{""depth"": 6}",3,True,False,0,0.0006666666666666666,0.0009428090415820634,0.0,0.002,"[0.0, 0.0, 0.002]",0.0,0.002,0.0006666666666666666,0.0006666666666666666,9965316
0c3b3e327762,looped_transformer,compose,12500,16,strong,"{""depth"": 8}",3,True,False,0,0.0,0.0,0.0,0.0,"[0.0, 0.0, 0.0]",0.0,0.0,0.0,0.0,9965316
0c3b3e327762,looped_transformer,compose,15000,16,strong,"{""depth"": 6}",3,True,False,0,0.0006666666666666666,0.0009428090415820634,0.0,0.002,"[0.002, 0.0, 0.0]",0.0,0.002,0.0006666666666666666,0.0006666666666666666,9965316
0c3b3e327762,looped_transformer,compose,15000,16,strong,"{""depth"": 8}",3,True,False,0,0.0006666666666666666,0.0009428090415820634,0.0,0.002,"[0.0, 0.0, 0.002]",0.0,0.002,0.0006666666666666666,0.0006666666666666666,9965316
0c3b3e327762,looped_transformer,compose,17500,16,strong,"{""depth"": 6}",3,True,False,0,0.0006666666666666666,0.0009428090415820634,0.0,0.002,"[0.0, 0.0, 0.002]",0.0,0.002,0.0006666666666666666,0.0006666666666666666,9965316
0c3b3e327762,looped_transformer,compose,17500,16,strong,"{""depth"": 8}",3,True,False,0,0.0013333333333333333,0.0009428090415820634,0.0,0.002,"[0.0, 0.002, 0.002]",0.0,0.002,0.0013333333333333333,0.0013333333333333333,9965316
0c3b3e327762,looped_transformer,compose,20000,16,strong,"{""depth"": 6}",3,True,False,0,0.0006666666666666666,0.0009428090415820634,0.0,0.002,"[0.0, 0.0, 0.002]",0.0,0.002,0.0006666666666666666,0.0006666666666666666,9965316
0c3b3e327762,looped_transformer,compose,20000,16,strong,"{""depth"": 8}",3,True,False,0,0.0,0.0,0.0,0.0,"[0.0, 0.0, 0.0]",0.0,0.0,0.0,0.0,9965316
0c3b3e327762,looped_transformer,compose,22500,16,strong,"{""depth"": 6}",3,True,False,0,0.0006666666666666666,0.0009428090415820634,0.0,0.002,"[0.0, 0.0, 0.002]",0.0,0.002,0.0006666666666666666,0.0006666666666666666,9965316
0c3b3e327762,looped_transformer,compose,22500,16,strong,"{""depth"": 8}",3,True,False,0,0.0006666666666666666,0.0009428090415820634,0.0,0.002,"[0.0, 0.002, 0.0]",0.0,0.002,0.0006666666666666666,0.0006666666666666666,9965316
0c3b3e327762,looped_transformer,compose,25000,16,strong,"{""depth"": 6}",3,True,False,0,0.0,0.0,0.0,0.0,"[0.0, 0.0, 0.0]",0.0,0.0,0.0,0.0,9965316
0c3b3e327762,looped_transformer,compose,25000,16,strong,"{""depth"": 8}",3,True,False,0,0.0,0.0,0.0,0.0,"[0.0, 0.0, 0.0]",0.0,0.0,0.0,0.0,9965316
0c3b3e327762,looped_transformer,compose,27500,16,strong,"{""depth"": 6}",3,True,False,0,0.0006666666666666666,0.0009428090415820634,0.0,0.002,"[0.0, 0.0, 0.002]",0.0,0.002,0.0006666666666666666,0.0006666666666666666,9965316
0c3b3e327762,looped_transformer,compose,27500,16,strong,"{""depth"": 8}",3,True,False,0,0.0,0.0,0.0,0.0,"[0.0, 0.0, 0.0]",0.0,0.0,0.0,0.0,9965316
0c3b3e327762,looped_transformer,compose,30000,16,strong,"{""depth"": 6}",3,True,False,0,0.0006666666666666666,0.0009428090415820634,0.0,0.002,"[0.0, 0.0, 0.002]",0.0,0.002,0.0006666666666666666,0.0006666666666666666,9965316
0c3b3e327762,looped_transformer,compose,30000,16,strong,"{""depth"": 8}",3,True,False,0,0.0,0.0,0.0,0.0,"[0.0, 0.0, 0.0]",0.0,0.0,0.0,0.0,9965316
0c3b3e327762,looped_transformer,compose,32500,16,strong,"{""depth"": 6}",3,True,False,0,0.0006666666666666666,0.0009428090415820634,0.0,0.002,"[0.0, 0.0, 0.002]",0.0,0.002,0.0006666666666666666,0.0006666666666666666,9965316
0c3b3e327762,looped_transformer,compose,32500,16,strong,"{""depth"": 8}",3,True,False,0,0.0,0.0,0.0,0.0,"[0.0, 0.0, 0.0]",0.0,0.0,0.0,0.0,9965316
0c3b3e327762,looped_transformer,compose,35000,16,strong,"{""depth"": 6}",3,True,False,0,0.0006666666666666666,0.0009428090415820634,0.0,0.002,"[0.0, 0.002, 0.0]",0.0,0.002,0.0006666666666666666,0.0006666666666666666,9965316
0c3b3e327762,looped_transformer,compose,35000,16,strong,"{""depth"": 8}",3,True,False,0,0.0,0.0,0.0,0.0,"[0.0, 0.0, 0.0]",0.0,0.0,0.0,0.0,9965316
0c3b3e327762,looped_transformer,compose,37500,16,strong,"{""depth"": 6}",3,True,False,0,0.0013333333333333333,0.0009428090415820634,0.0,0.002,"[0.0, 0.002, 0.002]",0.0,0.002,0.0013333333333333333,0.0013333333333333333,9965316
0c3b3e327762,looped_transformer,compose,37500,16,strong,"{""depth"": 8}",3,True,False,0,0.0,0.0,0.0,0.0,"[0.0, 0.0, 0.0]",0.0,0.0,0.0,0.0,9965316
0c3b3e327762,looped_transformer,compose,40000,16,strong,"{""depth"": 6}",3,True,False,0,0.0013333333333333333,0.0009428090415820634,0.0,0.002,"[0.0, 0.002, 0.002]",0.0,0.002,0.0013333333333333333,0.0013333333333333333,9965316
0c3b3e327762,looped_transformer,compose,40000,16,strong,"{""depth"": 8}",3,True,False,0,0.0,0.0,0.0,0.0,"[0.0, 0.0, 0.0]",0.0,0.0,0.0,0.0,9965316
0c3b3e327762,looped_transformer,compose,40000,32,strong,"{""depth"": 6}",3,True,False,0,0.0006666666666666666,0.0009428090415820634,0.0,0.002,"[0.0, 0.0, 0.002]",0.0,0.002,0.0006666666666666666,0.0006666666666666666,9965316
0c3b3e327762,looped_transformer,compose,40000,32,strong,"{""depth"": 8}",3,True,False,0,0.0,0.0,0.0,0.0,"[0.0, 0.0, 0.0]",0.0,0.0,0.0,0.0,9965316
