model,arm,config_hash,recurrence_kind,task,split,difficulty,reasoning_steps,step,n_seeds,cos_last,cos_last_vs_seed,cos_min_after_first,token_acc,exact_match
bdh,bdh/plain,01960a81500f,plain,compose,interp,"{""depth"": 1}",1,2500,1,0.8089879155158997,0.0,0.8089879155158997,0.0,0.0
bdh,bdh/plain,01960a81500f,plain,compose,interp,"{""depth"": 1}",1,5000,1,0.7754736840724945,0.0,0.7754736840724945,0.0,0.0
bdh,bdh/plain,01960a81500f,plain,compose,interp,"{""depth"": 1}",1,7500,1,0.809600442647934,0.0,0.809600442647934,0.0,0.0
bdh,bdh/plain,01960a81500f,plain,compose,interp,"{""depth"": 1}",1,8000,1,0.8097863495349884,0.0,0.8097863495349884,0.0,0.0
bdh,bdh/plain,01960a81500f,plain,compose,interp,"{""depth"": 1}",4,2500,1,0.8089879155158997,0.0,0.8089879155158997,0.0,0.0
bdh,bdh/plain,01960a81500f,plain,compose,interp,"{""depth"": 1}",4,5000,1,0.7754736840724945,0.0,0.7754736840724945,0.0,0.0
bdh,bdh/plain,01960a81500f,plain,compose,interp,"{""depth"": 1}",4,7500,1,0.809600442647934,0.0,0.809600442647934,0.0,0.0
bdh,bdh/plain,01960a81500f,plain,compose,interp,"{""depth"": 1}",4,8000,1,0.8097863495349884,0.0,0.8097863495349884,0.0,0.0
bdh,bdh/plain,01960a81500f,plain,compose,interp,"{""depth"": 1}",8,8000,1,0.8081920892000198,0.0,0.8081920892000198,0.0,0.0
bdh,bdh/plain,01960a81500f,plain,compose,interp,"{""depth"": 1}",32,8000,1,0.8081920892000198,0.0,0.8081920892000198,0.0,0.0
bdh,bdh/plain,01960a81500f,plain,compose,interp,"{""depth"": 2}",1,2500,1,0.7560758367180824,0.0,0.7560758367180824,0.0,0.0
bdh,bdh/plain,01960a81500f,plain,compose,interp,"{""depth"": 2}",1,5000,1,0.7596982195973396,0.0,0.7596982195973396,0.0,0.0
bdh,bdh/plain,01960a81500f,plain,compose,interp,"{""depth"": 2}",1,7500,1,0.801718108355999,0.0,0.801718108355999,0.0,0.0
bdh,bdh/plain,01960a81500f,plain,compose,interp,"{""depth"": 2}",1,8000,1,0.801989920437336,0.0,0.801989920437336,0.0,0.0
bdh,bdh/plain,01960a81500f,plain,compose,interp,"{""depth"": 2}",4,2500,1,0.7560758367180824,0.0,0.7560758367180824,0.0,0.0
bdh,bdh/plain,01960a81500f,plain,compose,interp,"{""depth"": 2}",4,5000,1,0.7596982195973396,0.0,0.7596982195973396,0.0,0.0
bdh,bdh/plain,01960a81500f,plain,compose,interp,"{""depth"": 2}",4,7500,1,0.801718108355999,0.0,0.801718108355999,0.0,0.0
bdh,bdh/plain,01960a81500f,plain,compose,interp,"{""depth"": 2}",4,8000,1,0.801989920437336,0.0,0.801989920437336,0.0,0.0
bdh,bdh/plain,01960a81500f,plain,compose,interp,"{""depth"": 2}",8,8000,1,0.8031748235225677,0.0,0.8031748235225677,0.0,0.0
bdh,bdh/plain,01960a81500f,plain,compose,interp,"{""depth"": 2}",32,8000,1,0.8031748235225677,0.0,0.8031748235225677,0.0,0.0
bdh,bdh/plain,01960a81500f,plain,compose,mild,"{""depth"": 3}",1,2500,1,0.7833742722868919,0.0,0.7833742722868919,0.0,0.0
bdh,bdh/plain,01960a81500f,plain,compose,mild,"{""depth"": 3}",1,5000,1,0.8323191180825233,0.0,0.8323191180825233,0.0,0.0
bdh,bdh/plain,01960a81500f,plain,compose,mild,"{""depth"": 3}",1,7500,1,0.8525040149688721,0.0,0.8525040149688721,0.0,0.0
bdh,bdh/plain,01960a81500f,plain,compose,mild,"{""depth"": 3}",1,8000,1,0.8525763377547264,0.0,0.8525763377547264,0.0,0.0
bdh,bdh/plain,01960a81500f,plain,compose,mild,"{""depth"": 3}",4,2500,1,0.7833742722868919,0.0,0.7833742722868919,0.0,0.0
bdh,bdh/plain,01960a81500f,plain,compose,mild,"{""depth"": 3}",4,5000,1,0.8323191180825233,0.0,0.8323191180825233,0.0,0.0
bdh,bdh/plain,01960a81500f,plain,compose,mild,"{""depth"": 3}",4,7500,1,0.8525040149688721,0.0,0.8525040149688721,0.0,0.0
bdh,bdh/plain,01960a81500f,plain,compose,mild,"{""depth"": 3}",4,8000,1,0.8525763377547264,0.0,0.8525763377547264,0.0,0.0
bdh,bdh/plain,01960a81500f,plain,compose,mild,"{""depth"": 3}",8,8000,1,0.8505104444921017,0.0,0.8505104444921017,0.0,0.0
bdh,bdh/plain,01960a81500f,plain,compose,mild,"{""depth"": 3}",32,8000,1,0.8505104444921017,0.0,0.8505104444921017,0.0,0.0
bdh,bdh/plain,01960a81500f,plain,compose,mild,"{""depth"": 4}",1,2500,1,0.8112695068120956,0.0,0.8112695068120956,0.0,0.0
bdh,bdh/plain,01960a81500f,plain,compose,mild,"{""depth"": 4}",1,5000,1,0.798730306327343,0.0,0.798730306327343,0.0,0.0
bdh,bdh/plain,01960a81500f,plain,compose,mild,"{""depth"": 4}",1,7500,1,0.8242856040596962,0.0,0.8242856040596962,0.0,0.0
bdh,bdh/plain,01960a81500f,plain,compose,mild,"{""depth"": 4}",1,8000,1,0.8244123831391335,0.0,0.8244123831391335,0.0,0.0
bdh,bdh/plain,01960a81500f,plain,compose,mild,"{""depth"": 4}",4,2500,1,0.8112695068120956,0.0,0.8112695068120956,0.0,0.0
bdh,bdh/plain,01960a81500f,plain,compose,mild,"{""depth"": 4}",4,5000,1,0.798730306327343,0.0,0.798730306327343,0.0,0.0
bdh,bdh/plain,01960a81500f,plain,compose,mild,"{""depth"": 4}",4,7500,1,0.8242856040596962,0.0,0.8242856040596962,0.0,0.0
bdh,bdh/plain,01960a81500f,plain,compose,mild,"{""depth"": 4}",4,8000,1,0.8244123831391335,0.0,0.8244123831391335,0.0,0.0
bdh,bdh/plain,01960a81500f,plain,compose,mild,"{""depth"": 4}",8,8000,1,0.8172830585390329,0.0,0.8172830585390329,0.0,0.0
bdh,bdh/plain,01960a81500f,plain,compose,mild,"{""depth"": 4}",32,8000,1,0.8172830585390329,0.0,0.8172830585390329,0.0,0.0
bdh,bdh/plain,01960a81500f,plain,compose,strong,"{""depth"": 6}",1,2500,1,0.8460664227604866,0.0,0.8460664227604866,0.0,0.0
bdh,bdh/plain,01960a81500f,plain,compose,strong,"{""depth"": 6}",1,5000,1,0.8316044583916664,0.0,0.8316044583916664,0.0,0.0
bdh,bdh/plain,01960a81500f,plain,compose,strong,"{""depth"": 6}",1,7500,1,0.8736042305827141,0.0,0.8736042305827141,0.0,0.0
bdh,bdh/plain,01960a81500f,plain,compose,strong,"{""depth"": 6}",1,8000,1,0.8738907426595688,0.0,0.8738907426595688,0.0,0.0
bdh,bdh/plain,01960a81500f,plain,compose,strong,"{""depth"": 6}",4,2500,1,0.8460664227604866,0.0,0.8460664227604866,0.0,0.0
bdh,bdh/plain,01960a81500f,plain,compose,strong,"{""depth"": 6}",4,5000,1,0.8316044583916664,0.0,0.8316044583916664,0.0,0.0
bdh,bdh/plain,01960a81500f,plain,compose,strong,"{""depth"": 6}",4,7500,1,0.8736042305827141,0.0,0.8736042305827141,0.0,0.0
bdh,bdh/plain,01960a81500f,plain,compose,strong,"{""depth"": 6}",4,8000,1,0.8738907426595688,0.0,0.8738907426595688,0.0,0.0
bdh,bdh/plain,01960a81500f,plain,compose,strong,"{""depth"": 6}",8,8000,1,0.8739564567804337,0.0,0.8739564567804337,0.0,0.0
bdh,bdh/plain,01960a81500f,plain,compose,strong,"{""depth"": 6}",32,8000,1,0.8739564567804337,0.0,0.8739564567804337,0.0,0.0
bdh,bdh/plain,01960a81500f,plain,compose,strong,"{""depth"": 8}",1,2500,1,0.7761728093028069,0.0,0.7761728093028069,0.0,0.0
bdh,bdh/plain,01960a81500f,plain,compose,strong,"{""depth"": 8}",1,5000,1,0.7526242658495903,0.0,0.7526242658495903,0.0,0.0
bdh,bdh/plain,01960a81500f,plain,compose,strong,"{""depth"": 8}",1,7500,1,0.802490659058094,0.0,0.802490659058094,0.0,0.0
bdh,bdh/plain,01960a81500f,plain,compose,strong,"{""depth"": 8}",1,8000,1,0.80305215716362,0.0,0.80305215716362,0.0,0.0
bdh,bdh/plain,01960a81500f,plain,compose,strong,"{""depth"": 8}",4,2500,1,0.7761728093028069,0.0,0.7761728093028069,0.0,0.0
bdh,bdh/plain,01960a81500f,plain,compose,strong,"{""depth"": 8}",4,5000,1,0.7526242658495903,0.0,0.7526242658495903,0.0,0.0
bdh,bdh/plain,01960a81500f,plain,compose,strong,"{""depth"": 8}",4,7500,1,0.802490659058094,0.0,0.802490659058094,0.0,0.0
bdh,bdh/plain,01960a81500f,plain,compose,strong,"{""depth"": 8}",4,8000,1,0.80305215716362,0.0,0.80305215716362,0.0,0.0
bdh,bdh/plain,01960a81500f,plain,compose,strong,"{""depth"": 8}",8,8000,1,0.8076302912086248,0.0,0.8076302912086248,0.0,0.0
bdh,bdh/plain,01960a81500f,plain,compose,strong,"{""depth"": 8}",32,8000,1,0.8076302912086248,0.0,0.8076302912086248,0.0,0.0
bdh,bdh/plain,76dd99c62a3e,plain,compose,interp,"{""depth"": 1}",1,2500,3,0.7890762388706207,0.0,0.7890762388706207,0.0006666666666666666,0.0006666666666666666
bdh,bdh/plain,76dd99c62a3e,plain,compose,interp,"{""depth"": 1}",1,5000,3,0.8103076989452044,0.0,0.8103076989452044,0.014666666666666666,0.014666666666666666
bdh,bdh/plain,76dd99c62a3e,plain,compose,interp,"{""depth"": 1}",1,7500,3,0.8641031136115392,0.0,0.8641031136115392,0.07933333333333333,0.07933333333333333
bdh,bdh/plain,76dd99c62a3e,plain,compose,interp,"{""depth"": 1}",1,10000,3,0.8162397121389707,0.0,0.8162397121389707,0.10666666666666667,0.10666666666666667
bdh,bdh/plain,76dd99c62a3e,plain,compose,interp,"{""depth"": 1}",1,12500,3,0.7477705428997675,0.0,0.7477705428997675,0.10866666666666665,0.10866666666666665
bdh,bdh/plain,76dd99c62a3e,plain,compose,interp,"{""depth"": 1}",1,15000,3,0.671786886950334,0.0,0.671786886950334,0.122,0.122
bdh,bdh/plain,76dd99c62a3e,plain,compose,interp,"{""depth"": 1}",1,17500,3,0.6473064000407854,0.0,0.6473064000407854,0.12133333333333333,0.12133333333333333
bdh,bdh/plain,76dd99c62a3e,plain,compose,interp,"{""depth"": 1}",1,20000,3,0.630707174539566,0.0,0.630707174539566,0.11466666666666665,0.11466666666666665
bdh,bdh/plain,76dd99c62a3e,plain,compose,interp,"{""depth"": 1}",1,22500,3,0.6347052802642187,0.0,0.6347052802642187,0.128,0.128
bdh,bdh/plain,76dd99c62a3e,plain,compose,interp,"{""depth"": 1}",1,25000,3,0.6289477124810219,0.0,0.6289477124810219,0.13,0.13
bdh,bdh/plain,76dd99c62a3e,plain,compose,interp,"{""depth"": 1}",1,27500,3,0.6354251330097517,0.0,0.6354251330097517,0.126,0.126
bdh,bdh/plain,76dd99c62a3e,plain,compose,interp,"{""depth"": 1}",1,30000,3,0.6281415248910586,0.0,0.6281415248910586,0.10999999999999999,0.10999999999999999
bdh,bdh/plain,76dd99c62a3e,plain,compose,interp,"{""depth"": 1}",1,32500,3,0.6257065360744795,0.0,0.6257065360744795,0.122,0.122
bdh,bdh/plain,76dd99c62a3e,plain,compose,interp,"{""depth"": 1}",1,35000,3,0.6266211246450742,0.0,0.6266211246450742,0.12666666666666668,0.12666666666666668
bdh,bdh/plain,76dd99c62a3e,plain,compose,interp,"{""depth"": 1}",1,37500,3,0.6273416057229042,0.0,0.6273416057229042,0.124,0.124
bdh,bdh/plain,76dd99c62a3e,plain,compose,interp,"{""depth"": 1}",1,40000,3,0.6262616614500681,0.0,0.6262616614500681,0.12333333333333334,0.12333333333333334
bdh,bdh/plain,76dd99c62a3e,plain,compose,interp,"{""depth"": 1}",2,40000,3,0.6262616614500681,0.0,0.6262616614500681,0.12333333333333334,0.12333333333333334
bdh,bdh/plain,76dd99c62a3e,plain,compose,interp,"{""depth"": 1}",4,2500,3,0.7890762388706207,0.0,0.7890762388706207,0.0006666666666666666,0.0006666666666666666
bdh,bdh/plain,76dd99c62a3e,plain,compose,interp,"{""depth"": 1}",4,5000,3,0.8103076989452044,0.0,0.8103076989452044,0.014666666666666666,0.014666666666666666
bdh,bdh/plain,76dd99c62a3e,plain,compose,interp,"{""depth"": 1}",4,7500,3,0.8641031136115392,0.0,0.8641031136115392,0.07933333333333333,0.07933333333333333
bdh,bdh/plain,76dd99c62a3e,plain,compose,interp,"{""depth"": 1}",4,10000,3,0.8162397121389707,0.0,0.8162397121389707,0.10666666666666667,0.10666666666666667
bdh,bdh/plain,76dd99c62a3e,plain,compose,interp,"{""depth"": 1}",4,12500,3,0.7477705428997675,0.0,0.7477705428997675,0.10866666666666665,0.10866666666666665
bdh,bdh/plain,76dd99c62a3e,plain,compose,interp,"{""depth"": 1}",4,15000,3,0.671786886950334,0.0,0.671786886950334,0.122,0.122
bdh,bdh/plain,76dd99c62a3e,plain,compose,interp,"{""depth"": 1}",4,17500,3,0.6473064000407854,0.0,0.6473064000407854,0.12133333333333333,0.12133333333333333
bdh,bdh/plain,76dd99c62a3e,plain,compose,interp,"{""depth"": 1}",4,20000,3,0.630707174539566,0.0,0.630707174539566,0.11466666666666665,0.11466666666666665
bdh,bdh/plain,76dd99c62a3e,plain,compose,interp,"{""depth"": 1}",4,22500,3,0.6347052802642187,0.0,0.6347052802642187,0.128,0.128
bdh,bdh/plain,76dd99c62a3e,plain,compose,interp,"{""depth"": 1}",4,25000,3,0.6289477124810219,0.0,0.6289477124810219,0.13,0.13
bdh,bdh/plain,76dd99c62a3e,plain,compose,interp,"{""depth"": 1}",4,27500,3,0.6354251330097517,0.0,0.6354251330097517,0.126,0.126
bdh,bdh/plain,76dd99c62a3e,plain,compose,interp,"{""depth"": 1}",4,30000,3,0.6281415248910586,0.0,0.6281415248910586,0.10999999999999999,0.10999999999999999
bdh,bdh/plain,76dd99c62a3e,plain,compose,interp,"{""depth"": 1}",4,32500,3,0.6257065360744795,0.0,0.6257065360744795,0.122,0.122
bdh,bdh/plain,76dd99c62a3e,plain,compose,interp,"{""depth"": 1}",4,35000,3,0.6266211246450742,0.0,0.6266211246450742,0.12666666666666668,0.12666666666666668
bdh,bdh/plain,76dd99c62a3e,plain,compose,interp,"{""depth"": 1}",4,37500,3,0.6273416057229042,0.0,0.6273416057229042,0.124,0.124
bdh,bdh/plain,76dd99c62a3e,plain,compose,interp,"{""depth"": 1}",4,40000,3,0.6262616614500681,0.0,0.6262616614500681,0.12333333333333334,0.12333333333333334
bdh,bdh/plain,76dd99c62a3e,plain,compose,interp,"{""depth"": 1}",8,40000,3,0.6357520160575708,0.0,0.6357520160575708,0.12333333333333334,0.12333333333333334
bdh,bdh/plain,76dd99c62a3e,plain,compose,interp,"{""depth"": 1}",16,2500,3,0.7890762388706207,0.0,0.7890762388706207,0.0006666666666666666,0.0006666666666666666
bdh,bdh/plain,76dd99c62a3e,plain,compose,interp,"{""depth"": 1}",16,5000,3,0.8103076989452044,0.0,0.8103076989452044,0.014666666666666666,0.014666666666666666
bdh,bdh/plain,76dd99c62a3e,plain,compose,interp,"{""depth"": 1}",16,7500,3,0.8641031136115392,0.0,0.8641031136115392,0.07933333333333333,0.07933333333333333
bdh,bdh/plain,76dd99c62a3e,plain,compose,interp,"{""depth"": 1}",16,10000,3,0.8162397121389707,0.0,0.8162397121389707,0.10666666666666667,0.10666666666666667
bdh,bdh/plain,76dd99c62a3e,plain,compose,interp,"{""depth"": 1}",16,12500,3,0.7477705428997675,0.0,0.7477705428997675,0.10866666666666665,0.10866666666666665
bdh,bdh/plain,76dd99c62a3e,plain,compose,interp,"{""depth"": 1}",16,15000,3,0.671786886950334,0.0,0.671786886950334,0.122,0.122
bdh,bdh/plain,76dd99c62a3e,plain,compose,interp,"{""depth"": 1}",16,17500,3,0.6473064000407854,0.0,0.6473064000407854,0.12133333333333333,0.12133333333333333
bdh,bdh/plain,76dd99c62a3e,plain,compose,interp,"{""depth"": 1}",16,20000,3,0.630707174539566,0.0,0.630707174539566,0.11466666666666665,0.11466666666666665
bdh,bdh/plain,76dd99c62a3e,plain,compose,interp,"{""depth"": 1}",16,22500,3,0.6347052802642187,0.0,0.6347052802642187,0.128,0.128
bdh,bdh/plain,76dd99c62a3e,plain,compose,interp,"{""depth"": 1}",16,25000,3,0.6289477124810219,0.0,0.6289477124810219,0.13,0.13
bdh,bdh/plain,76dd99c62a3e,plain,compose,interp,"{""depth"": 1}",16,27500,3,0.6354251330097517,0.0,0.6354251330097517,0.126,0.126
bdh,bdh/plain,76dd99c62a3e,plain,compose,interp,"{""depth"": 1}",16,30000,3,0.6281415248910586,0.0,0.6281415248910586,0.10999999999999999,0.10999999999999999
bdh,bdh/plain,76dd99c62a3e,plain,compose,interp,"{""depth"": 1}",16,32500,3,0.6257065360744795,0.0,0.6257065360744795,0.122,0.122
bdh,bdh/plain,76dd99c62a3e,plain,compose,interp,"{""depth"": 1}",16,35000,3,0.6266211246450742,0.0,0.6266211246450742,0.12666666666666668,0.12666666666666668
bdh,bdh/plain,76dd99c62a3e,plain,compose,interp,"{""depth"": 1}",16,37500,3,0.6273416057229042,0.0,0.6273416057229042,0.124,0.124
bdh,bdh/plain,76dd99c62a3e,plain,compose,interp,"{""depth"": 1}",16,40000,3,0.6262616614500681,0.0,0.6262616614500681,0.12333333333333334,0.12333333333333334
bdh,bdh/plain,76dd99c62a3e,plain,compose,interp,"{""depth"": 1}",32,40000,3,0.6357520160575708,0.0,0.6357520160575708,0.12333333333333334,0.12333333333333334
bdh,bdh/plain,76dd99c62a3e,plain,compose,interp,"{""depth"": 2}",1,2500,3,0.7871188024679819,0.0,0.7871188024679819,0.0,0.0
bdh,bdh/plain,76dd99c62a3e,plain,compose,interp,"{""depth"": 2}",1,5000,3,0.7834077576796213,0.0,0.7834077576796213,0.012666666666666666,0.012666666666666666
bdh,bdh/plain,76dd99c62a3e,plain,compose,interp,"{""depth"": 2}",1,7500,3,0.8323644250631332,0.0,0.8323644250631332,0.037333333333333336,0.037333333333333336
bdh,bdh/plain,76dd99c62a3e,plain,compose,interp,"{""depth"": 2}",1,10000,3,0.7857410113016764,0.0,0.7857410113016764,0.04933333333333334,0.04933333333333334
bdh,bdh/plain,76dd99c62a3e,plain,compose,interp,"{""depth"": 2}",1,12500,3,0.7193679884076118,0.0,0.7193679884076118,0.05933333333333333,0.05933333333333333
bdh,bdh/plain,76dd99c62a3e,plain,compose,interp,"{""depth"": 2}",1,15000,3,0.6201201826334,0.0,0.6201201826334,0.06466666666666666,0.06466666666666666
bdh,bdh/plain,76dd99c62a3e,plain,compose,interp,"{""depth"": 2}",1,17500,3,0.5991395190358162,0.0,0.5991395190358162,0.07266666666666667,0.07266666666666667
bdh,bdh/plain,76dd99c62a3e,plain,compose,interp,"{""depth"": 2}",1,20000,3,0.5983910659948984,0.0,0.5983910659948984,0.074,0.074
bdh,bdh/plain,76dd99c62a3e,plain,compose,interp,"{""depth"": 2}",1,22500,3,0.6039806753396988,0.0,0.6039806753396988,0.07733333333333332,0.07733333333333332
bdh,bdh/plain,76dd99c62a3e,plain,compose,interp,"{""depth"": 2}",1,25000,3,0.6096842090288798,0.0,0.6096842090288798,0.07733333333333332,0.07733333333333332
bdh,bdh/plain,76dd99c62a3e,plain,compose,interp,"{""depth"": 2}",1,27500,3,0.6069991514086723,0.0,0.6069991514086723,0.07133333333333333,0.07133333333333333
bdh,bdh/plain,76dd99c62a3e,plain,compose,interp,"{""depth"": 2}",1,30000,3,0.6032663658261299,0.0,0.6032663658261299,0.07933333333333333,0.07933333333333333
bdh,bdh/plain,76dd99c62a3e,plain,compose,interp,"{""depth"": 2}",1,32500,3,0.6008579035600027,0.0,0.6008579035600027,0.07733333333333334,0.07733333333333334
bdh,bdh/plain,76dd99c62a3e,plain,compose,interp,"{""depth"": 2}",1,35000,3,0.5971711203455925,0.0,0.5971711203455925,0.074,0.074
bdh,bdh/plain,76dd99c62a3e,plain,compose,interp,"{""depth"": 2}",1,37500,3,0.5962710926930109,0.0,0.5962710926930109,0.07866666666666666,0.07866666666666666
bdh,bdh/plain,76dd99c62a3e,plain,compose,interp,"{""depth"": 2}",1,40000,3,0.5953535040219625,0.0,0.5953535040219625,0.07733333333333332,0.07733333333333332
bdh,bdh/plain,76dd99c62a3e,plain,compose,interp,"{""depth"": 2}",2,40000,3,0.5953535040219625,0.0,0.5953535040219625,0.07733333333333332,0.07733333333333332
bdh,bdh/plain,76dd99c62a3e,plain,compose,interp,"{""depth"": 2}",4,2500,3,0.7871188024679819,0.0,0.7871188024679819,0.0,0.0
bdh,bdh/plain,76dd99c62a3e,plain,compose,interp,"{""depth"": 2}",4,5000,3,0.7834077576796213,0.0,0.7834077576796213,0.012666666666666666,0.012666666666666666
bdh,bdh/plain,76dd99c62a3e,plain,compose,interp,"{""depth"": 2}",4,7500,3,0.8323644250631332,0.0,0.8323644250631332,0.037333333333333336,0.037333333333333336
bdh,bdh/plain,76dd99c62a3e,plain,compose,interp,"{""depth"": 2}",4,10000,3,0.7857410113016764,0.0,0.7857410113016764,0.04933333333333334,0.04933333333333334
bdh,bdh/plain,76dd99c62a3e,plain,compose,interp,"{""depth"": 2}",4,12500,3,0.7193679884076118,0.0,0.7193679884076118,0.05933333333333333,0.05933333333333333
bdh,bdh/plain,76dd99c62a3e,plain,compose,interp,"{""depth"": 2}",4,15000,3,0.6201201826334,0.0,0.6201201826334,0.06466666666666666,0.06466666666666666
bdh,bdh/plain,76dd99c62a3e,plain,compose,interp,"{""depth"": 2}",4,17500,3,0.5991395190358162,0.0,0.5991395190358162,0.07266666666666667,0.07266666666666667
bdh,bdh/plain,76dd99c62a3e,plain,compose,interp,"{""depth"": 2}",4,20000,3,0.5983910659948984,0.0,0.5983910659948984,0.074,0.074
bdh,bdh/plain,76dd99c62a3e,plain,compose,interp,"{""depth"": 2}",4,22500,3,0.6039806753396988,0.0,0.6039806753396988,0.07733333333333332,0.07733333333333332
bdh,bdh/plain,76dd99c62a3e,plain,compose,interp,"{""depth"": 2}",4,25000,3,0.6096842090288798,0.0,0.6096842090288798,0.07733333333333332,0.07733333333333332
bdh,bdh/plain,76dd99c62a3e,plain,compose,interp,"{""depth"": 2}",4,27500,3,0.6069991514086723,0.0,0.6069991514086723,0.07133333333333333,0.07133333333333333
bdh,bdh/plain,76dd99c62a3e,plain,compose,interp,"{""depth"": 2}",4,30000,3,0.6032663658261299,0.0,0.6032663658261299,0.07933333333333333,0.07933333333333333
bdh,bdh/plain,76dd99c62a3e,plain,compose,interp,"{""depth"": 2}",4,32500,3,0.6008579035600027,0.0,0.6008579035600027,0.07733333333333334,0.07733333333333334
bdh,bdh/plain,76dd99c62a3e,plain,compose,interp,"{""depth"": 2}",4,35000,3,0.5971711203455925,0.0,0.5971711203455925,0.074,0.074
bdh,bdh/plain,76dd99c62a3e,plain,compose,interp,"{""depth"": 2}",4,37500,3,0.5962710926930109,0.0,0.5962710926930109,0.07866666666666666,0.07866666666666666
bdh,bdh/plain,76dd99c62a3e,plain,compose,interp,"{""depth"": 2}",4,40000,3,0.5953535040219625,0.0,0.5953535040219625,0.07733333333333332,0.07733333333333332
bdh,bdh/plain,76dd99c62a3e,plain,compose,interp,"{""depth"": 2}",8,40000,3,0.5963089236368736,0.0,0.5963089236368736,0.07733333333333332,0.07733333333333332
bdh,bdh/plain,76dd99c62a3e,plain,compose,interp,"{""depth"": 2}",16,2500,3,0.7871188024679819,0.0,0.7871188024679819,0.0,0.0
bdh,bdh/plain,76dd99c62a3e,plain,compose,interp,"{""depth"": 2}",16,5000,3,0.7834077576796213,0.0,0.7834077576796213,0.012666666666666666,0.012666666666666666
bdh,bdh/plain,76dd99c62a3e,plain,compose,interp,"{""depth"": 2}",16,7500,3,0.8323644250631332,0.0,0.8323644250631332,0.037333333333333336,0.037333333333333336
bdh,bdh/plain,76dd99c62a3e,plain,compose,interp,"{""depth"": 2}",16,10000,3,0.7857410113016764,0.0,0.7857410113016764,0.04933333333333334,0.04933333333333334
bdh,bdh/plain,76dd99c62a3e,plain,compose,interp,"{""depth"": 2}",16,12500,3,0.7193679884076118,0.0,0.7193679884076118,0.05933333333333333,0.05933333333333333
bdh,bdh/plain,76dd99c62a3e,plain,compose,interp,"{""depth"": 2}",16,15000,3,0.6201201826334,0.0,0.6201201826334,0.06466666666666666,0.06466666666666666
bdh,bdh/plain,76dd99c62a3e,plain,compose,interp,"{""depth"": 2}",16,17500,3,0.5991395190358162,0.0,0.5991395190358162,0.07266666666666667,0.07266666666666667
bdh,bdh/plain,76dd99c62a3e,plain,compose,interp,"{""depth"": 2}",16,20000,3,0.5983910659948984,0.0,0.5983910659948984,0.074,0.074
bdh,bdh/plain,76dd99c62a3e,plain,compose,interp,"{""depth"": 2}",16,22500,3,0.6039806753396988,0.0,0.6039806753396988,0.07733333333333332,0.07733333333333332
bdh,bdh/plain,76dd99c62a3e,plain,compose,interp,"{""depth"": 2}",16,25000,3,0.6096842090288798,0.0,0.6096842090288798,0.07733333333333332,0.07733333333333332
bdh,bdh/plain,76dd99c62a3e,plain,compose,interp,"{""depth"": 2}",16,27500,3,0.6069991514086723,0.0,0.6069991514086723,0.07133333333333333,0.07133333333333333
bdh,bdh/plain,76dd99c62a3e,plain,compose,interp,"{""depth"": 2}",16,30000,3,0.6032663658261299,0.0,0.6032663658261299,0.07933333333333333,0.07933333333333333
bdh,bdh/plain,76dd99c62a3e,plain,compose,interp,"{""depth"": 2}",16,32500,3,0.6008579035600027,0.0,0.6008579035600027,0.07733333333333334,0.07733333333333334
bdh,bdh/plain,76dd99c62a3e,plain,compose,interp,"{""depth"": 2}",16,35000,3,0.5971711203455925,0.0,0.5971711203455925,0.074,0.074
bdh,bdh/plain,76dd99c62a3e,plain,compose,interp,"{""depth"": 2}",16,37500,3,0.5962710926930109,0.0,0.5962710926930109,0.07866666666666666,0.07866666666666666
bdh,bdh/plain,76dd99c62a3e,plain,compose,interp,"{""depth"": 2}",16,40000,3,0.5953535040219625,0.0,0.5953535040219625,0.07733333333333332,0.07733333333333332
bdh,bdh/plain,76dd99c62a3e,plain,compose,interp,"{""depth"": 2}",32,40000,3,0.5963089236368736,0.0,0.5963089236368736,0.07733333333333332,0.07733333333333332
bdh,bdh/plain,76dd99c62a3e,plain,compose,mild,"{""depth"": 3}",1,2500,3,0.7944884424408277,0.0,0.7944884424408277,0.0,0.0
bdh,bdh/plain,76dd99c62a3e,plain,compose,mild,"{""depth"": 3}",1,5000,3,0.8182409356037775,0.0,0.8182409356037775,0.004,0.004
bdh,bdh/plain,76dd99c62a3e,plain,compose,mild,"{""depth"": 3}",1,7500,3,0.8430800711115202,0.0,0.8430800711115202,0.024000000000000004,0.024000000000000004
bdh,bdh/plain,76dd99c62a3e,plain,compose,mild,"{""depth"": 3}",1,10000,3,0.8320746496319771,0.0,0.8320746496319771,0.029333333333333336,0.029333333333333336
bdh,bdh/plain,76dd99c62a3e,plain,compose,mild,"{""depth"": 3}",1,12500,3,0.800204815963904,0.0,0.800204815963904,0.035333333333333335,0.035333333333333335
bdh,bdh/plain,76dd99c62a3e,plain,compose,mild,"{""depth"": 3}",1,15000,3,0.7177519078056017,0.0,0.7177519078056017,0.046000000000000006,0.046000000000000006
bdh,bdh/plain,76dd99c62a3e,plain,compose,mild,"{""depth"": 3}",1,17500,3,0.700883075594902,0.0,0.700883075594902,0.056,0.056
bdh,bdh/plain,76dd99c62a3e,plain,compose,mild,"{""depth"": 3}",1,20000,3,0.6871975486477216,0.0,0.6871975486477216,0.049999999999999996,0.049999999999999996
bdh,bdh/plain,76dd99c62a3e,plain,compose,mild,"{""depth"": 3}",1,22500,3,0.6798660506804785,0.0,0.6798660506804785,0.057999999999999996,0.057999999999999996
bdh,bdh/plain,76dd99c62a3e,plain,compose,mild,"{""depth"": 3}",1,25000,3,0.6804986943801244,0.0,0.6804986943801244,0.05666666666666667,0.05666666666666667
bdh,bdh/plain,76dd99c62a3e,plain,compose,mild,"{""depth"": 3}",1,27500,3,0.6703012958168983,0.0,0.6703012958168983,0.064,0.064
bdh,bdh/plain,76dd99c62a3e,plain,compose,mild,"{""depth"": 3}",1,30000,3,0.6645119935274124,0.0,0.6645119935274124,0.06466666666666666,0.06466666666666666
bdh,bdh/plain,76dd99c62a3e,plain,compose,mild,"{""depth"": 3}",1,32500,3,0.6588742708166441,0.0,0.6588742708166441,0.056,0.056
bdh,bdh/plain,76dd99c62a3e,plain,compose,mild,"{""depth"": 3}",1,35000,3,0.6534175674120585,0.0,0.6534175674120585,0.06333333333333334,0.06333333333333334
bdh,bdh/plain,76dd99c62a3e,plain,compose,mild,"{""depth"": 3}",1,37500,3,0.6520235190788904,0.0,0.6520235190788904,0.06,0.06
bdh,bdh/plain,76dd99c62a3e,plain,compose,mild,"{""depth"": 3}",1,40000,3,0.650716649989287,0.0,0.650716649989287,0.06,0.06
bdh,bdh/plain,76dd99c62a3e,plain,compose,mild,"{""depth"": 3}",2,40000,3,0.650716649989287,0.0,0.650716649989287,0.06,0.06
bdh,bdh/plain,76dd99c62a3e,plain,compose,mild,"{""depth"": 3}",4,2500,3,0.7944884424408277,0.0,0.7944884424408277,0.0,0.0
bdh,bdh/plain,76dd99c62a3e,plain,compose,mild,"{""depth"": 3}",4,5000,3,0.8182409356037775,0.0,0.8182409356037775,0.004,0.004
bdh,bdh/plain,76dd99c62a3e,plain,compose,mild,"{""depth"": 3}",4,7500,3,0.8430800711115202,0.0,0.8430800711115202,0.024000000000000004,0.024000000000000004
bdh,bdh/plain,76dd99c62a3e,plain,compose,mild,"{""depth"": 3}",4,10000,3,0.8320746496319771,0.0,0.8320746496319771,0.029333333333333336,0.029333333333333336
bdh,bdh/plain,76dd99c62a3e,plain,compose,mild,"{""depth"": 3}",4,12500,3,0.800204815963904,0.0,0.800204815963904,0.035333333333333335,0.035333333333333335
bdh,bdh/plain,76dd99c62a3e,plain,compose,mild,"{""depth"": 3}",4,15000,3,0.7177519078056017,0.0,0.7177519078056017,0.046000000000000006,0.046000000000000006
bdh,bdh/plain,76dd99c62a3e,plain,compose,mild,"{""depth"": 3}",4,17500,3,0.700883075594902,0.0,0.700883075594902,0.056,0.056
bdh,bdh/plain,76dd99c62a3e,plain,compose,mild,"{""depth"": 3}",4,20000,3,0.6871975486477216,0.0,0.6871975486477216,0.049999999999999996,0.049999999999999996
bdh,bdh/plain,76dd99c62a3e,plain,compose,mild,"{""depth"": 3}",4,22500,3,0.6798660506804785,0.0,0.6798660506804785,0.057999999999999996,0.057999999999999996
bdh,bdh/plain,76dd99c62a3e,plain,compose,mild,"{""depth"": 3}",4,25000,3,0.6804986943801244,0.0,0.6804986943801244,0.05666666666666667,0.05666666666666667
bdh,bdh/plain,76dd99c62a3e,plain,compose,mild,"{""depth"": 3}",4,27500,3,0.6703012958168983,0.0,0.6703012958168983,0.064,0.064
bdh,bdh/plain,76dd99c62a3e,plain,compose,mild,"{""depth"": 3}",4,30000,3,0.6645119935274124,0.0,0.6645119935274124,0.06466666666666666,0.06466666666666666
bdh,bdh/plain,76dd99c62a3e,plain,compose,mild,"{""depth"": 3}",4,32500,3,0.6588742708166441,0.0,0.6588742708166441,0.056,0.056
bdh,bdh/plain,76dd99c62a3e,plain,compose,mild,"{""depth"": 3}",4,35000,3,0.6534175674120585,0.0,0.6534175674120585,0.06333333333333334,0.06333333333333334
bdh,bdh/plain,76dd99c62a3e,plain,compose,mild,"{""depth"": 3}",4,37500,3,0.6520235190788904,0.0,0.6520235190788904,0.06,0.06
bdh,bdh/plain,76dd99c62a3e,plain,compose,mild,"{""depth"": 3}",4,40000,3,0.650716649989287,0.0,0.650716649989287,0.06,0.06
bdh,bdh/plain,76dd99c62a3e,plain,compose,mild,"{""depth"": 3}",8,40000,3,0.6470375439773003,0.0,0.6470375439773003,0.06,0.06
bdh,bdh/plain,76dd99c62a3e,plain,compose,mild,"{""depth"": 3}",16,2500,3,0.7944884424408277,0.0,0.7944884424408277,0.0,0.0
bdh,bdh/plain,76dd99c62a3e,plain,compose,mild,"{""depth"": 3}",16,5000,3,0.8182409356037775,0.0,0.8182409356037775,0.004,0.004
bdh,bdh/plain,76dd99c62a3e,plain,compose,mild,"{""depth"": 3}",16,7500,3,0.8430800711115202,0.0,0.8430800711115202,0.024000000000000004,0.024000000000000004
bdh,bdh/plain,76dd99c62a3e,plain,compose,mild,"{""depth"": 3}",16,10000,3,0.8320746496319771,0.0,0.8320746496319771,0.029333333333333336,0.029333333333333336
bdh,bdh/plain,76dd99c62a3e,plain,compose,mild,"{""depth"": 3}",16,12500,3,0.800204815963904,0.0,0.800204815963904,0.035333333333333335,0.035333333333333335
bdh,bdh/plain,76dd99c62a3e,plain,compose,mild,"{""depth"": 3}",16,15000,3,0.7177519078056017,0.0,0.7177519078056017,0.046000000000000006,0.046000000000000006
bdh,bdh/plain,76dd99c62a3e,plain,compose,mild,"{""depth"": 3}",16,17500,3,0.700883075594902,0.0,0.700883075594902,0.056,0.056
bdh,bdh/plain,76dd99c62a3e,plain,compose,mild,"{""depth"": 3}",16,20000,3,0.6871975486477216,0.0,0.6871975486477216,0.049999999999999996,0.049999999999999996
bdh,bdh/plain,76dd99c62a3e,plain,compose,mild,"{""depth"": 3}",16,22500,3,0.6798660506804785,0.0,0.6798660506804785,0.057999999999999996,0.057999999999999996
bdh,bdh/plain,76dd99c62a3e,plain,compose,mild,"{""depth"": 3}",16,25000,3,0.6804986943801244,0.0,0.6804986943801244,0.05666666666666667,0.05666666666666667
bdh,bdh/plain,76dd99c62a3e,plain,compose,mild,"{""depth"": 3}",16,27500,3,0.6703012958168983,0.0,0.6703012958168983,0.064,0.064
bdh,bdh/plain,76dd99c62a3e,plain,compose,mild,"{""depth"": 3}",16,30000,3,0.6645119935274124,0.0,0.6645119935274124,0.06466666666666666,0.06466666666666666
bdh,bdh/plain,76dd99c62a3e,plain,compose,mild,"{""depth"": 3}",16,32500,3,0.6588742708166441,0.0,0.6588742708166441,0.056,0.056
bdh,bdh/plain,76dd99c62a3e,plain,compose,mild,"{""depth"": 3}",16,35000,3,0.6534175674120585,0.0,0.6534175674120585,0.06333333333333334,0.06333333333333334
bdh,bdh/plain,76dd99c62a3e,plain,compose,mild,"{""depth"": 3}",16,37500,3,0.6520235190788904,0.0,0.6520235190788904,0.06,0.06
bdh,bdh/plain,76dd99c62a3e,plain,compose,mild,"{""depth"": 3}",16,40000,3,0.650716649989287,0.0,0.650716649989287,0.06,0.06
bdh,bdh/plain,76dd99c62a3e,plain,compose,mild,"{""depth"": 3}",32,40000,3,0.6470375439773003,0.0,0.6470375439773003,0.06,0.06
bdh,bdh/plain,76dd99c62a3e,plain,compose,mild,"{""depth"": 4}",1,2500,3,0.7928193137049675,0.0,0.7928193137049675,0.0,0.0
bdh,bdh/plain,76dd99c62a3e,plain,compose,mild,"{""depth"": 4}",1,5000,3,0.810742179552714,0.0,0.810742179552714,0.0026666666666666666,0.0026666666666666666
bdh,bdh/plain,76dd99c62a3e,plain,compose,mild,"{""depth"": 4}",1,7500,3,0.861669493218263,0.0,0.861669493218263,0.014666666666666668,0.014666666666666668
bdh,bdh/plain,76dd99c62a3e,plain,compose,mild,"{""depth"": 4}",1,10000,3,0.8566314280033112,0.0,0.8566314280033112,0.023999999999999997,0.023999999999999997
bdh,bdh/plain,76dd99c62a3e,plain,compose,mild,"{""depth"": 4}",1,12500,3,0.8286214123169581,0.0,0.8286214123169581,0.02466666666666667,0.02466666666666667
bdh,bdh/plain,76dd99c62a3e,plain,compose,mild,"{""depth"": 4}",1,15000,3,0.7560106764237086,0.0,0.7560106764237086,0.028,0.028
bdh,bdh/plain,76dd99c62a3e,plain,compose,mild,"{""depth"": 4}",1,17500,3,0.7508061503370603,0.0,0.7508061503370603,0.03,0.03
bdh,bdh/plain,76dd99c62a3e,plain,compose,mild,"{""depth"": 4}",1,20000,3,0.7386375814676285,0.0,0.7386375814676285,0.03933333333333333,0.03933333333333333
bdh,bdh/plain,76dd99c62a3e,plain,compose,mild,"{""depth"": 4}",1,22500,3,0.7329782346884409,0.0,0.7329782346884409,0.03,0.03
bdh,bdh/plain,76dd99c62a3e,plain,compose,mild,"{""depth"": 4}",1,25000,3,0.7414748817682266,0.0,0.7414748817682266,0.04133333333333333,0.04133333333333333
bdh,bdh/plain,76dd99c62a3e,plain,compose,mild,"{""depth"": 4}",1,27500,3,0.7345210562149683,0.0,0.7345210562149683,0.04666666666666667,0.04666666666666667
bdh,bdh/plain,76dd99c62a3e,plain,compose,mild,"{""depth"": 4}",1,30000,3,0.7234708418448766,0.0,0.7234708418448766,0.04466666666666667,0.04466666666666667
bdh,bdh/plain,76dd99c62a3e,plain,compose,mild,"{""depth"": 4}",1,32500,3,0.716902477045854,0.0,0.716902477045854,0.042666666666666665,0.042666666666666665
bdh,bdh/plain,76dd99c62a3e,plain,compose,mild,"{""depth"": 4}",1,35000,3,0.7151661937435468,0.0,0.7151661937435468,0.04466666666666667,0.04466666666666667
bdh,bdh/plain,76dd99c62a3e,plain,compose,mild,"{""depth"": 4}",1,37500,3,0.7137835472822189,0.0,0.7137835472822189,0.042,0.042
bdh,bdh/plain,76dd99c62a3e,plain,compose,mild,"{""depth"": 4}",1,40000,3,0.7126407896478971,0.0,0.7126407896478971,0.04533333333333334,0.04533333333333334
bdh,bdh/plain,76dd99c62a3e,plain,compose,mild,"{""depth"": 4}",2,40000,3,0.7126407896478971,0.0,0.7126407896478971,0.04533333333333334,0.04533333333333334
bdh,bdh/plain,76dd99c62a3e,plain,compose,mild,"{""depth"": 4}",4,2500,3,0.7928193137049675,0.0,0.7928193137049675,0.0,0.0
bdh,bdh/plain,76dd99c62a3e,plain,compose,mild,"{""depth"": 4}",4,5000,3,0.810742179552714,0.0,0.810742179552714,0.0026666666666666666,0.0026666666666666666
bdh,bdh/plain,76dd99c62a3e,plain,compose,mild,"{""depth"": 4}",4,7500,3,0.861669493218263,0.0,0.861669493218263,0.014666666666666668,0.014666666666666668
bdh,bdh/plain,76dd99c62a3e,plain,compose,mild,"{""depth"": 4}",4,10000,3,0.8566314280033112,0.0,0.8566314280033112,0.023999999999999997,0.023999999999999997
bdh,bdh/plain,76dd99c62a3e,plain,compose,mild,"{""depth"": 4}",4,12500,3,0.8286214123169581,0.0,0.8286214123169581,0.02466666666666667,0.02466666666666667
bdh,bdh/plain,76dd99c62a3e,plain,compose,mild,"{""depth"": 4}",4,15000,3,0.7560106764237086,0.0,0.7560106764237086,0.028,0.028
bdh,bdh/plain,76dd99c62a3e,plain,compose,mild,"{""depth"": 4}",4,17500,3,0.7508061503370603,0.0,0.7508061503370603,0.03,0.03
bdh,bdh/plain,76dd99c62a3e,plain,compose,mild,"{""depth"": 4}",4,20000,3,0.7386375814676285,0.0,0.7386375814676285,0.03933333333333333,0.03933333333333333
bdh,bdh/plain,76dd99c62a3e,plain,compose,mild,"{""depth"": 4}",4,22500,3,0.7329782346884409,0.0,0.7329782346884409,0.03,0.03
bdh,bdh/plain,76dd99c62a3e,plain,compose,mild,"{""depth"": 4}",4,25000,3,0.7414748817682266,0.0,0.7414748817682266,0.04133333333333333,0.04133333333333333
bdh,bdh/plain,76dd99c62a3e,plain,compose,mild,"{""depth"": 4}",4,27500,3,0.7345210562149683,0.0,0.7345210562149683,0.04666666666666667,0.04666666666666667
bdh,bdh/plain,76dd99c62a3e,plain,compose,mild,"{""depth"": 4}",4,30000,3,0.7234708418448766,0.0,0.7234708418448766,0.04466666666666667,0.04466666666666667
bdh,bdh/plain,76dd99c62a3e,plain,compose,mild,"{""depth"": 4}",4,32500,3,0.716902477045854,0.0,0.716902477045854,0.042666666666666665,0.042666666666666665
bdh,bdh/plain,76dd99c62a3e,plain,compose,mild,"{""depth"": 4}",4,35000,3,0.7151661937435468,0.0,0.7151661937435468,0.04466666666666667,0.04466666666666667
bdh,bdh/plain,76dd99c62a3e,plain,compose,mild,"{""depth"": 4}",4,37500,3,0.7137835472822189,0.0,0.7137835472822189,0.042,0.042
bdh,bdh/plain,76dd99c62a3e,plain,compose,mild,"{""depth"": 4}",4,40000,3,0.7126407896478971,0.0,0.7126407896478971,0.04533333333333334,0.04533333333333334
bdh,bdh/plain,76dd99c62a3e,plain,compose,mild,"{""depth"": 4}",8,40000,3,0.7113739599784216,0.0,0.7113739599784216,0.04533333333333334,0.04533333333333334
bdh,bdh/plain,76dd99c62a3e,plain,compose,mild,"{""depth"": 4}",16,2500,3,0.7928193137049675,0.0,0.7928193137049675,0.0,0.0
bdh,bdh/plain,76dd99c62a3e,plain,compose,mild,"{""depth"": 4}",16,5000,3,0.810742179552714,0.0,0.810742179552714,0.0026666666666666666,0.0026666666666666666
bdh,bdh/plain,76dd99c62a3e,plain,compose,mild,"{""depth"": 4}",16,7500,3,0.861669493218263,0.0,0.861669493218263,0.014666666666666668,0.014666666666666668
bdh,bdh/plain,76dd99c62a3e,plain,compose,mild,"{""depth"": 4}",16,10000,3,0.8566314280033112,0.0,0.8566314280033112,0.023999999999999997,0.023999999999999997
bdh,bdh/plain,76dd99c62a3e,plain,compose,mild,"{""depth"": 4}",16,12500,3,0.8286214123169581,0.0,0.8286214123169581,0.02466666666666667,0.02466666666666667
bdh,bdh/plain,76dd99c62a3e,plain,compose,mild,"{""depth"": 4}",16,15000,3,0.7560106764237086,0.0,0.7560106764237086,0.028,0.028
bdh,bdh/plain,76dd99c62a3e,plain,compose,mild,"{""depth"": 4}",16,17500,3,0.7508061503370603,0.0,0.7508061503370603,0.03,0.03
bdh,bdh/plain,76dd99c62a3e,plain,compose,mild,"{""depth"": 4}",16,20000,3,0.7386375814676285,0.0,0.7386375814676285,0.03933333333333333,0.03933333333333333
bdh,bdh/plain,76dd99c62a3e,plain,compose,mild,"{""depth"": 4}",16,22500,3,0.7329782346884409,0.0,0.7329782346884409,0.03,0.03
bdh,bdh/plain,76dd99c62a3e,plain,compose,mild,"{""depth"": 4}",16,25000,3,0.7414748817682266,0.0,0.7414748817682266,0.04133333333333333,0.04133333333333333
bdh,bdh/plain,76dd99c62a3e,plain,compose,mild,"{""depth"": 4}",16,27500,3,0.7345210562149683,0.0,0.7345210562149683,0.04666666666666667,0.04666666666666667
bdh,bdh/plain,76dd99c62a3e,plain,compose,mild,"{""depth"": 4}",16,30000,3,0.7234708418448766,0.0,0.7234708418448766,0.04466666666666667,0.04466666666666667
bdh,bdh/plain,76dd99c62a3e,plain,compose,mild,"{""depth"": 4}",16,32500,3,0.716902477045854,0.0,0.716902477045854,0.042666666666666665,0.042666666666666665
bdh,bdh/plain,76dd99c62a3e,plain,compose,mild,"{""depth"": 4}",16,35000,3,0.7151661937435468,0.0,0.7151661937435468,0.04466666666666667,0.04466666666666667
bdh,bdh/plain,76dd99c62a3e,plain,compose,mild,"{""depth"": 4}",16,37500,3,0.7137835472822189,0.0,0.7137835472822189,0.042,0.042
bdh,bdh/plain,76dd99c62a3e,plain,compose,mild,"{""depth"": 4}",16,40000,3,0.7126407896478971,0.0,0.7126407896478971,0.04533333333333334,0.04533333333333334
bdh,bdh/plain,76dd99c62a3e,plain,compose,mild,"{""depth"": 4}",32,40000,3,0.7113739599784216,0.0,0.7113739599784216,0.04533333333333334,0.04533333333333334
bdh,bdh/plain,76dd99c62a3e,plain,compose,strong,"{""depth"": 6}",1,2500,3,0.835172047217687,0.0,0.835172047217687,0.0006666666666666666,0.0006666666666666666
bdh,bdh/plain,76dd99c62a3e,plain,compose,strong,"{""depth"": 6}",1,5000,3,0.8692192037900289,0.0,0.8692192037900289,0.0006666666666666666,0.0006666666666666666
bdh,bdh/plain,76dd99c62a3e,plain,compose,strong,"{""depth"": 6}",1,7500,3,0.894824226697286,0.0,0.894824226697286,0.0026666666666666666,0.0026666666666666666
bdh,bdh/plain,76dd99c62a3e,plain,compose,strong,"{""depth"": 6}",1,10000,3,0.880189023911953,0.0,0.880189023911953,0.008666666666666668,0.008666666666666668
bdh,bdh/plain,76dd99c62a3e,plain,compose,strong,"{""depth"": 6}",1,12500,3,0.834204929570357,0.0,0.834204929570357,0.011333333333333334,0.011333333333333334
bdh,bdh/plain,76dd99c62a3e,plain,compose,strong,"{""depth"": 6}",1,15000,3,0.7456079870462418,0.0,0.7456079870462418,0.016666666666666666,0.016666666666666666
bdh,bdh/plain,76dd99c62a3e,plain,compose,strong,"{""depth"": 6}",1,17500,3,0.7293819611271223,0.0,0.7293819611271223,0.020666666666666667,0.020666666666666667
bdh,bdh/plain,76dd99c62a3e,plain,compose,strong,"{""depth"": 6}",1,20000,3,0.7211102545261383,0.0,0.7211102545261383,0.024666666666666667,0.024666666666666667
bdh,bdh/plain,76dd99c62a3e,plain,compose,strong,"{""depth"": 6}",1,22500,3,0.7076577842235565,0.0,0.7076577842235565,0.024666666666666667,0.024666666666666667
bdh,bdh/plain,76dd99c62a3e,plain,compose,strong,"{""depth"": 6}",1,25000,3,0.7226535702745119,0.0,0.7226535702745119,0.023333333333333334,0.023333333333333334
bdh,bdh/plain,76dd99c62a3e,plain,compose,strong,"{""depth"": 6}",1,27500,3,0.7112306455771128,0.0,0.7112306455771128,0.02266666666666667,0.02266666666666667
bdh,bdh/plain,76dd99c62a3e,plain,compose,strong,"{""depth"": 6}",1,30000,3,0.7055399790406227,0.0,0.7055399790406227,0.025333333333333333,0.025333333333333333
bdh,bdh/plain,76dd99c62a3e,plain,compose,strong,"{""depth"": 6}",1,32500,3,0.6972061892350515,0.0,0.6972061892350515,0.027333333333333334,0.027333333333333334
bdh,bdh/plain,76dd99c62a3e,plain,compose,strong,"{""depth"": 6}",1,35000,3,0.6943210363388062,0.0,0.6943210363388062,0.03,0.03
bdh,bdh/plain,76dd99c62a3e,plain,compose,strong,"{""depth"": 6}",1,37500,3,0.6958690856893858,0.0,0.6958690856893858,0.030666666666666665,0.030666666666666665
bdh,bdh/plain,76dd99c62a3e,plain,compose,strong,"{""depth"": 6}",1,40000,3,0.6939736604690552,0.0,0.6939736604690552,0.029333333333333333,0.029333333333333333
bdh,bdh/plain,76dd99c62a3e,plain,compose,strong,"{""depth"": 6}",2,40000,3,0.6939736604690552,0.0,0.6939736604690552,0.029333333333333333,0.029333333333333333
bdh,bdh/plain,76dd99c62a3e,plain,compose,strong,"{""depth"": 6}",4,2500,3,0.835172047217687,0.0,0.835172047217687,0.0006666666666666666,0.0006666666666666666
bdh,bdh/plain,76dd99c62a3e,plain,compose,strong,"{""depth"": 6}",4,5000,3,0.8692192037900289,0.0,0.8692192037900289,0.0006666666666666666,0.0006666666666666666
bdh,bdh/plain,76dd99c62a3e,plain,compose,strong,"{""depth"": 6}",4,7500,3,0.894824226697286,0.0,0.894824226697286,0.0026666666666666666,0.0026666666666666666
bdh,bdh/plain,76dd99c62a3e,plain,compose,strong,"{""depth"": 6}",4,10000,3,0.880189023911953,0.0,0.880189023911953,0.008666666666666668,0.008666666666666668
bdh,bdh/plain,76dd99c62a3e,plain,compose,strong,"{""depth"": 6}",4,12500,3,0.834204929570357,0.0,0.834204929570357,0.011333333333333334,0.011333333333333334
bdh,bdh/plain,76dd99c62a3e,plain,compose,strong,"{""depth"": 6}",4,15000,3,0.7456079870462418,0.0,0.7456079870462418,0.016666666666666666,0.016666666666666666
bdh,bdh/plain,76dd99c62a3e,plain,compose,strong,"{""depth"": 6}",4,17500,3,0.7293819611271223,0.0,0.7293819611271223,0.020666666666666667,0.020666666666666667
bdh,bdh/plain,76dd99c62a3e,plain,compose,strong,"{""depth"": 6}",4,20000,3,0.7211102545261383,0.0,0.7211102545261383,0.024666666666666667,0.024666666666666667
bdh,bdh/plain,76dd99c62a3e,plain,compose,strong,"{""depth"": 6}",4,22500,3,0.7076577842235565,0.0,0.7076577842235565,0.024666666666666667,0.024666666666666667
bdh,bdh/plain,76dd99c62a3e,plain,compose,strong,"{""depth"": 6}",4,25000,3,0.7226535702745119,0.0,0.7226535702745119,0.023333333333333334,0.023333333333333334
bdh,bdh/plain,76dd99c62a3e,plain,compose,strong,"{""depth"": 6}",4,27500,3,0.7112306455771128,0.0,0.7112306455771128,0.02266666666666667,0.02266666666666667
bdh,bdh/plain,76dd99c62a3e,plain,compose,strong,"{""depth"": 6}",4,30000,3,0.7055399790406227,0.0,0.7055399790406227,0.025333333333333333,0.025333333333333333
bdh,bdh/plain,76dd99c62a3e,plain,compose,strong,"{""depth"": 6}",4,32500,3,0.6972061892350515,0.0,0.6972061892350515,0.027333333333333334,0.027333333333333334
bdh,bdh/plain,76dd99c62a3e,plain,compose,strong,"{""depth"": 6}",4,35000,3,0.6943210363388062,0.0,0.6943210363388062,0.03,0.03
bdh,bdh/plain,76dd99c62a3e,plain,compose,strong,"{""depth"": 6}",4,37500,3,0.6958690856893858,0.0,0.6958690856893858,0.030666666666666665,0.030666666666666665
bdh,bdh/plain,76dd99c62a3e,plain,compose,strong,"{""depth"": 6}",4,40000,3,0.6939736604690552,0.0,0.6939736604690552,0.029333333333333333,0.029333333333333333
bdh,bdh/plain,76dd99c62a3e,plain,compose,strong,"{""depth"": 6}",8,40000,3,0.6939406873037418,0.0,0.6939406873037418,0.029333333333333333,0.029333333333333333
bdh,bdh/plain,76dd99c62a3e,plain,compose,strong,"{""depth"": 6}",16,2500,3,0.835172047217687,0.0,0.835172047217687,0.0006666666666666666,0.0006666666666666666
bdh,bdh/plain,76dd99c62a3e,plain,compose,strong,"{""depth"": 6}",16,5000,3,0.8692192037900289,0.0,0.8692192037900289,0.0006666666666666666,0.0006666666666666666
bdh,bdh/plain,76dd99c62a3e,plain,compose,strong,"{""depth"": 6}",16,7500,3,0.894824226697286,0.0,0.894824226697286,0.0026666666666666666,0.0026666666666666666
bdh,bdh/plain,76dd99c62a3e,plain,compose,strong,"{""depth"": 6}",16,10000,3,0.880189023911953,0.0,0.880189023911953,0.008666666666666668,0.008666666666666668
bdh,bdh/plain,76dd99c62a3e,plain,compose,strong,"{""depth"": 6}",16,12500,3,0.834204929570357,0.0,0.834204929570357,0.011333333333333334,0.011333333333333334
bdh,bdh/plain,76dd99c62a3e,plain,compose,strong,"{""depth"": 6}",16,15000,3,0.7456079870462418,0.0,0.7456079870462418,0.016666666666666666,0.016666666666666666
bdh,bdh/plain,76dd99c62a3e,plain,compose,strong,"{""depth"": 6}",16,17500,3,0.7293819611271223,0.0,0.7293819611271223,0.020666666666666667,0.020666666666666667
bdh,bdh/plain,76dd99c62a3e,plain,compose,strong,"{""depth"": 6}",16,20000,3,0.7211102545261383,0.0,0.7211102545261383,0.024666666666666667,0.024666666666666667
bdh,bdh/plain,76dd99c62a3e,plain,compose,strong,"{""depth"": 6}",16,22500,3,0.7076577842235565,0.0,0.7076577842235565,0.024666666666666667,0.024666666666666667
bdh,bdh/plain,76dd99c62a3e,plain,compose,strong,"{""depth"": 6}",16,25000,3,0.7226535702745119,0.0,0.7226535702745119,0.023333333333333334,0.023333333333333334
bdh,bdh/plain,76dd99c62a3e,plain,compose,strong,"{""depth"": 6}",16,27500,3,0.7112306455771128,0.0,0.7112306455771128,0.02266666666666667,0.02266666666666667
bdh,bdh/plain,76dd99c62a3e,plain,compose,strong,"{""depth"": 6}",16,30000,3,0.7055399790406227,0.0,0.7055399790406227,0.025333333333333333,0.025333333333333333
bdh,bdh/plain,76dd99c62a3e,plain,compose,strong,"{""depth"": 6}",16,32500,3,0.6972061892350515,0.0,0.6972061892350515,0.027333333333333334,0.027333333333333334
bdh,bdh/plain,76dd99c62a3e,plain,compose,strong,"{""depth"": 6}",16,35000,3,0.6943210363388062,0.0,0.6943210363388062,0.03,0.03
bdh,bdh/plain,76dd99c62a3e,plain,compose,strong,"{""depth"": 6}",16,37500,3,0.6958690856893858,0.0,0.6958690856893858,0.030666666666666665,0.030666666666666665
bdh,bdh/plain,76dd99c62a3e,plain,compose,strong,"{""depth"": 6}",16,40000,3,0.6939736604690552,0.0,0.6939736604690552,0.029333333333333333,0.029333333333333333
bdh,bdh/plain,76dd99c62a3e,plain,compose,strong,"{""depth"": 6}",32,40000,3,0.6939406873037418,0.0,0.6939406873037418,0.029333333333333333,0.029333333333333333
bdh,bdh/plain,76dd99c62a3e,plain,compose,strong,"{""depth"": 8}",1,2500,3,0.7830445965131124,0.0,0.7830445965131124,0.0,0.0
bdh,bdh/plain,76dd99c62a3e,plain,compose,strong,"{""depth"": 8}",1,5000,3,0.7684850270549456,0.0,0.7684850270549456,0.0,0.0
bdh,bdh/plain,76dd99c62a3e,plain,compose,strong,"{""depth"": 8}",1,7500,3,0.8556328440705935,0.0,0.8556328440705935,0.002,0.002
bdh,bdh/plain,76dd99c62a3e,plain,compose,strong,"{""depth"": 8}",1,10000,3,0.8374955430626869,0.0,0.8374955430626869,0.006666666666666668,0.006666666666666668
bdh,bdh/plain,76dd99c62a3e,plain,compose,strong,"{""depth"": 8}",1,12500,3,0.8162207355101904,0.0,0.8162207355101904,0.006666666666666667,0.006666666666666667
bdh,bdh/plain,76dd99c62a3e,plain,compose,strong,"{""depth"": 8}",1,15000,3,0.7387522359689077,0.0,0.7387522359689077,0.0033333333333333335,0.0033333333333333335
bdh,bdh/plain,76dd99c62a3e,plain,compose,strong,"{""depth"": 8}",1,17500,3,0.7180843651294708,0.0,0.7180843651294708,0.016666666666666666,0.016666666666666666
bdh,bdh/plain,76dd99c62a3e,plain,compose,strong,"{""depth"": 8}",1,20000,3,0.703213281929493,0.0,0.703213281929493,0.013999999999999999,0.013999999999999999
bdh,bdh/plain,76dd99c62a3e,plain,compose,strong,"{""depth"": 8}",1,22500,3,0.6864814187089602,0.0,0.6864814187089602,0.016,0.016
bdh,bdh/plain,76dd99c62a3e,plain,compose,strong,"{""depth"": 8}",1,25000,3,0.7022231817245483,0.0,0.7022231817245483,0.012666666666666666,0.012666666666666666
bdh,bdh/plain,76dd99c62a3e,plain,compose,strong,"{""depth"": 8}",1,27500,3,0.6918903191884359,0.0,0.6918903191884359,0.016666666666666666,0.016666666666666666
bdh,bdh/plain,76dd99c62a3e,plain,compose,strong,"{""depth"": 8}",1,30000,3,0.6785007764895757,0.0,0.6785007764895757,0.017333333333333333,0.017333333333333333
bdh,bdh/plain,76dd99c62a3e,plain,compose,strong,"{""depth"": 8}",1,32500,3,0.6690882394711176,0.0,0.6690882394711176,0.017333333333333336,0.017333333333333336
bdh,bdh/plain,76dd99c62a3e,plain,compose,strong,"{""depth"": 8}",1,35000,3,0.66877298305432,0.0,0.66877298305432,0.012666666666666666,0.012666666666666666
bdh,bdh/plain,76dd99c62a3e,plain,compose,strong,"{""depth"": 8}",1,37500,3,0.6690318485101064,0.0,0.6690318485101064,0.018,0.018
bdh,bdh/plain,76dd99c62a3e,plain,compose,strong,"{""depth"": 8}",1,40000,3,0.6675052816669146,0.0,0.6675052816669146,0.014666666666666666,0.014666666666666666
bdh,bdh/plain,76dd99c62a3e,plain,compose,strong,"{""depth"": 8}",2,40000,3,0.6675052816669146,0.0,0.6675052816669146,0.014666666666666666,0.014666666666666666
bdh,bdh/plain,76dd99c62a3e,plain,compose,strong,"{""depth"": 8}",4,2500,3,0.7830445965131124,0.0,0.7830445965131124,0.0,0.0
bdh,bdh/plain,76dd99c62a3e,plain,compose,strong,"{""depth"": 8}",4,5000,3,0.7684850270549456,0.0,0.7684850270549456,0.0,0.0
bdh,bdh/plain,76dd99c62a3e,plain,compose,strong,"{""depth"": 8}",4,7500,3,0.8556328440705935,0.0,0.8556328440705935,0.002,0.002
bdh,bdh/plain,76dd99c62a3e,plain,compose,strong,"{""depth"": 8}",4,10000,3,0.8374955430626869,0.0,0.8374955430626869,0.006666666666666668,0.006666666666666668
bdh,bdh/plain,76dd99c62a3e,plain,compose,strong,"{""depth"": 8}",4,12500,3,0.8162207355101904,0.0,0.8162207355101904,0.006666666666666667,0.006666666666666667
bdh,bdh/plain,76dd99c62a3e,plain,compose,strong,"{""depth"": 8}",4,15000,3,0.7387522359689077,0.0,0.7387522359689077,0.0033333333333333335,0.0033333333333333335
bdh,bdh/plain,76dd99c62a3e,plain,compose,strong,"{""depth"": 8}",4,17500,3,0.7180843651294708,0.0,0.7180843651294708,0.016666666666666666,0.016666666666666666
bdh,bdh/plain,76dd99c62a3e,plain,compose,strong,"{""depth"": 8}",4,20000,3,0.703213281929493,0.0,0.703213281929493,0.013999999999999999,0.013999999999999999
bdh,bdh/plain,76dd99c62a3e,plain,compose,strong,"{""depth"": 8}",4,22500,3,0.6864814187089602,0.0,0.6864814187089602,0.016,0.016
bdh,bdh/plain,76dd99c62a3e,plain,compose,strong,"{""depth"": 8}",4,25000,3,0.7022231817245483,0.0,0.7022231817245483,0.012666666666666666,0.012666666666666666
bdh,bdh/plain,76dd99c62a3e,plain,compose,strong,"{""depth"": 8}",4,27500,3,0.6918903191884359,0.0,0.6918903191884359,0.016666666666666666,0.016666666666666666
bdh,bdh/plain,76dd99c62a3e,plain,compose,strong,"{""depth"": 8}",4,30000,3,0.6785007764895757,0.0,0.6785007764895757,0.017333333333333333,0.017333333333333333
bdh,bdh/plain,76dd99c62a3e,plain,compose,strong,"{""depth"": 8}",4,32500,3,0.6690882394711176,0.0,0.6690882394711176,0.017333333333333336,0.017333333333333336
bdh,bdh/plain,76dd99c62a3e,plain,compose,strong,"{""depth"": 8}",4,35000,3,0.66877298305432,0.0,0.66877298305432,0.012666666666666666,0.012666666666666666
bdh,bdh/plain,76dd99c62a3e,plain,compose,strong,"{""depth"": 8}",4,37500,3,0.6690318485101064,0.0,0.6690318485101064,0.018,0.018
bdh,bdh/plain,76dd99c62a3e,plain,compose,strong,"{""depth"": 8}",4,40000,3,0.6675052816669146,0.0,0.6675052816669146,0.014666666666666666,0.014666666666666666
bdh,bdh/plain,76dd99c62a3e,plain,compose,strong,"{""depth"": 8}",8,40000,3,0.6680117081850767,0.0,0.6680117081850767,0.014666666666666666,0.014666666666666666
bdh,bdh/plain,76dd99c62a3e,plain,compose,strong,"{""depth"": 8}",16,2500,3,0.7830445965131124,0.0,0.7830445965131124,0.0,0.0
bdh,bdh/plain,76dd99c62a3e,plain,compose,strong,"{""depth"": 8}",16,5000,3,0.7684850270549456,0.0,0.7684850270549456,0.0,0.0
bdh,bdh/plain,76dd99c62a3e,plain,compose,strong,"{""depth"": 8}",16,7500,3,0.8556328440705935,0.0,0.8556328440705935,0.002,0.002
bdh,bdh/plain,76dd99c62a3e,plain,compose,strong,"{""depth"": 8}",16,10000,3,0.8374955430626869,0.0,0.8374955430626869,0.006666666666666668,0.006666666666666668
bdh,bdh/plain,76dd99c62a3e,plain,compose,strong,"{""depth"": 8}",16,12500,3,0.8162207355101904,0.0,0.8162207355101904,0.006666666666666667,0.006666666666666667
bdh,bdh/plain,76dd99c62a3e,plain,compose,strong,"{""depth"": 8}",16,15000,3,0.7387522359689077,0.0,0.7387522359689077,0.0033333333333333335,0.0033333333333333335
bdh,bdh/plain,76dd99c62a3e,plain,compose,strong,"{""depth"": 8}",16,17500,3,0.7180843651294708,0.0,0.7180843651294708,0.016666666666666666,0.016666666666666666
bdh,bdh/plain,76dd99c62a3e,plain,compose,strong,"{""depth"": 8}",16,20000,3,0.703213281929493,0.0,0.703213281929493,0.013999999999999999,0.013999999999999999
bdh,bdh/plain,76dd99c62a3e,plain,compose,strong,"{""depth"": 8}",16,22500,3,0.6864814187089602,0.0,0.6864814187089602,0.016,0.016
bdh,bdh/plain,76dd99c62a3e,plain,compose,strong,"{""depth"": 8}",16,25000,3,0.7022231817245483,0.0,0.7022231817245483,0.012666666666666666,0.012666666666666666
bdh,bdh/plain,76dd99c62a3e,plain,compose,strong,"{""depth"": 8}",16,27500,3,0.6918903191884359,0.0,0.6918903191884359,0.016666666666666666,0.016666666666666666
bdh,bdh/plain,76dd99c62a3e,plain,compose,strong,"{""depth"": 8}",16,30000,3,0.6785007764895757,0.0,0.6785007764895757,0.017333333333333333,0.017333333333333333
bdh,bdh/plain,76dd99c62a3e,plain,compose,strong,"{""depth"": 8}",16,32500,3,0.6690882394711176,0.0,0.6690882394711176,0.017333333333333336,0.017333333333333336
bdh,bdh/plain,76dd99c62a3e,plain,compose,strong,"{""depth"": 8}",16,35000,3,0.66877298305432,0.0,0.66877298305432,0.012666666666666666,0.012666666666666666
bdh,bdh/plain,76dd99c62a3e,plain,compose,strong,"{""depth"": 8}",16,37500,3,0.6690318485101064,0.0,0.6690318485101064,0.018,0.018
bdh,bdh/plain,76dd99c62a3e,plain,compose,strong,"{""depth"": 8}",16,40000,3,0.6675052816669146,0.0,0.6675052816669146,0.014666666666666666,0.014666666666666666
bdh,bdh/plain,76dd99c62a3e,plain,compose,strong,"{""depth"": 8}",32,40000,3,0.6680117081850767,0.0,0.6680117081850767,0.014666666666666666,0.014666666666666666
bdh_cq,bdh_cq/plain,aa765b714f0a,plain,compose,interp,"{""depth"": 1}",1,2500,3,0.9564578359325727,1.0,0.9564578359325727,0.0,0.0
bdh_cq,bdh_cq/plain,aa765b714f0a,plain,compose,interp,"{""depth"": 1}",1,5000,3,0.9669792850812277,1.0,0.9669792850812277,0.0,0.0
bdh_cq,bdh_cq/plain,aa765b714f0a,plain,compose,interp,"{""depth"": 1}",1,7500,3,0.9709345897038778,1.0,0.9709345897038778,0.005333333333333333,0.005333333333333333
bdh_cq,bdh_cq/plain,aa765b714f0a,plain,compose,interp,"{""depth"": 1}",1,10000,3,0.9355865170558294,1.0,0.9355865170558294,0.057999999999999996,0.057999999999999996
bdh_cq,bdh_cq/plain,aa765b714f0a,plain,compose,interp,"{""depth"": 1}",1,12500,3,0.9110109632213911,1.0,0.9110109632213911,0.076,0.076
bdh_cq,bdh_cq/plain,aa765b714f0a,plain,compose,interp,"{""depth"": 1}",1,15000,3,0.8427732239166895,1.0,0.8427732239166895,0.07466666666666667,0.07466666666666667
bdh_cq,bdh_cq/plain,aa765b714f0a,plain,compose,interp,"{""depth"": 1}",1,17500,3,0.7678624913096428,1.0,0.7678624913096428,0.064,0.064
bdh_cq,bdh_cq/plain,aa765b714f0a,plain,compose,interp,"{""depth"": 1}",1,20000,3,0.7135070512692133,1.0,0.7135070512692133,0.066,0.066
bdh_cq,bdh_cq/plain,aa765b714f0a,plain,compose,interp,"{""depth"": 1}",1,22500,3,0.6701315107444922,1.0,0.6701315107444922,0.08333333333333333,0.08333333333333333
bdh_cq,bdh_cq/plain,aa765b714f0a,plain,compose,interp,"{""depth"": 1}",1,25000,3,0.6700241230428219,1.0,0.6700241230428219,0.08199999999999999,0.08199999999999999
bdh_cq,bdh_cq/plain,aa765b714f0a,plain,compose,interp,"{""depth"": 1}",1,27500,3,0.6148730702698231,1.0,0.6148730702698231,0.09199999999999998,0.09199999999999998
bdh_cq,bdh_cq/plain,aa765b714f0a,plain,compose,interp,"{""depth"": 1}",1,30000,3,0.5708466097712517,1.0,0.5708466097712517,0.09999999999999999,0.09999999999999999
bdh_cq,bdh_cq/plain,aa765b714f0a,plain,compose,interp,"{""depth"": 1}",1,32500,3,0.5146784701695045,1.0,0.5146784701695045,0.106,0.106
bdh_cq,bdh_cq/plain,aa765b714f0a,plain,compose,interp,"{""depth"": 1}",1,35000,3,0.5033342968672514,1.0,0.5033342968672514,0.10133333333333333,0.10133333333333333
bdh_cq,bdh_cq/plain,aa765b714f0a,plain,compose,interp,"{""depth"": 1}",1,37500,3,0.5003397806237141,1.0,0.5003397806237141,0.10533333333333333,0.10533333333333333
bdh_cq,bdh_cq/plain,aa765b714f0a,plain,compose,interp,"{""depth"": 1}",1,40000,3,0.4972130407889684,1.0,0.4972130407889684,0.106,0.106
bdh_cq,bdh_cq/plain,aa765b714f0a,plain,compose,interp,"{""depth"": 1}",2,40000,3,0.981611949702104,0.0,0.981611949702104,0.10866666666666665,0.10866666666666665
bdh_cq,bdh_cq/plain,aa765b714f0a,plain,compose,interp,"{""depth"": 1}",4,2500,3,0.9999095847209295,0.0,0.9958654642105103,0.0006666666666666666,0.0006666666666666666
bdh_cq,bdh_cq/plain,aa765b714f0a,plain,compose,interp,"{""depth"": 1}",4,5000,3,0.9999218607942263,0.0,0.9976402694980303,0.0,0.0
bdh_cq,bdh_cq/plain,aa765b714f0a,plain,compose,interp,"{""depth"": 1}",4,7500,3,0.9994245916604996,0.0,0.9969824055830637,0.002,0.002
bdh_cq,bdh_cq/plain,aa765b714f0a,plain,compose,interp,"{""depth"": 1}",4,10000,3,0.9960533678531647,0.0,0.9896634891629219,0.051333333333333335,0.051333333333333335
bdh_cq,bdh_cq/plain,aa765b714f0a,plain,compose,interp,"{""depth"": 1}",4,12500,3,0.9911457424362501,0.0,0.9844445188840231,0.07333333333333333,0.07333333333333333
bdh_cq,bdh_cq/plain,aa765b714f0a,plain,compose,interp,"{""depth"": 1}",4,15000,3,0.9888575946291288,0.0,0.9838317061463991,0.07666666666666666,0.07666666666666666
bdh_cq,bdh_cq/plain,aa765b714f0a,plain,compose,interp,"{""depth"": 1}",4,17500,3,0.9893446564674377,0.0,0.9875266129771868,0.06533333333333334,0.06533333333333334
bdh_cq,bdh_cq/plain,aa765b714f0a,plain,compose,interp,"{""depth"": 1}",4,20000,3,0.9868328844507536,0.0,0.986314557492733,0.07133333333333333,0.07133333333333333
bdh_cq,bdh_cq/plain,aa765b714f0a,plain,compose,interp,"{""depth"": 1}",4,22500,3,0.9912529289722443,0.0,0.9899809062480927,0.08933333333333333,0.08933333333333333
bdh_cq,bdh_cq/plain,aa765b714f0a,plain,compose,interp,"{""depth"": 1}",4,25000,3,0.9917106032371521,0.0,0.9906430914998055,0.08333333333333333,0.08333333333333333
bdh_cq,bdh_cq/plain,aa765b714f0a,plain,compose,interp,"{""depth"": 1}",4,27500,3,0.992308164636294,0.0,0.9897236203153928,0.08999999999999998,0.08999999999999998
bdh_cq,bdh_cq/plain,aa765b714f0a,plain,compose,interp,"{""depth"": 1}",4,30000,3,0.991941491762797,0.0,0.9883256877462069,0.10133333333333333,0.10133333333333333
bdh_cq,bdh_cq/plain,aa765b714f0a,plain,compose,interp,"{""depth"": 1}",4,32500,3,0.9913014496366183,0.0,0.9854826604326566,0.102,0.102
bdh_cq,bdh_cq/plain,aa765b714f0a,plain,compose,interp,"{""depth"": 1}",4,35000,3,0.9900858749945959,0.0,0.9830484886964163,0.09866666666666667,0.09866666666666667
bdh_cq,bdh_cq/plain,aa765b714f0a,plain,compose,interp,"{""depth"": 1}",4,37500,3,0.9900844494501749,0.0,0.9823592578371366,0.108,0.108
bdh_cq,bdh_cq/plain,aa765b714f0a,plain,compose,interp,"{""depth"": 1}",4,40000,3,0.9897350544730822,0.0,0.981611949702104,0.104,0.104
bdh_cq,bdh_cq/plain,aa765b714f0a,plain,compose,interp,"{""depth"": 1}",8,40000,3,0.9447382731984059,0.0,0.9294346937288841,0.08733333333333332,0.08733333333333332
bdh_cq,bdh_cq/plain,aa765b714f0a,plain,compose,interp,"{""depth"": 1}",16,2500,3,0.9999991630514463,0.0,0.9958654642105103,0.0006666666666666666,0.0006666666666666666
bdh_cq,bdh_cq/plain,aa765b714f0a,plain,compose,interp,"{""depth"": 1}",16,5000,3,0.9999997317790985,0.0,0.9976402694980303,0.0,0.0
bdh_cq,bdh_cq/plain,aa765b714f0a,plain,compose,interp,"{""depth"": 1}",16,7500,3,0.9999941090742747,0.0,0.9969824055830637,0.0,0.0
bdh_cq,bdh_cq/plain,aa765b714f0a,plain,compose,interp,"{""depth"": 1}",16,10000,3,0.999624120692412,0.0,0.9896634891629219,0.0033333333333333335,0.0033333333333333335
bdh_cq,bdh_cq/plain,aa765b714f0a,plain,compose,interp,"{""depth"": 1}",16,12500,3,0.9978413780530294,0.0,0.9844445188840231,0.0026666666666666666,0.0026666666666666666
bdh_cq,bdh_cq/plain,aa765b714f0a,plain,compose,interp,"{""depth"": 1}",16,15000,3,0.9985228801767031,0.0,0.9838317061463991,0.0013333333333333333,0.0013333333333333333
bdh_cq,bdh_cq/plain,aa765b714f0a,plain,compose,interp,"{""depth"": 1}",16,17500,3,0.9758821626504263,0.0,0.9724763408303261,0.0006666666666666666,0.0006666666666666666
bdh_cq,bdh_cq/plain,aa765b714f0a,plain,compose,interp,"{""depth"": 1}",16,20000,3,0.9073450863361359,0.0,0.8899497414628664,0.0026666666666666666,0.0026666666666666666
bdh_cq,bdh_cq/plain,aa765b714f0a,plain,compose,interp,"{""depth"": 1}",16,22500,3,0.9238946785529455,0.0,0.9090459446112314,0.002,0.002
bdh_cq,bdh_cq/plain,aa765b714f0a,plain,compose,interp,"{""depth"": 1}",16,25000,3,0.9495029797156652,0.0,0.9327053725719452,0.004666666666666667,0.004666666666666667
bdh_cq,bdh_cq/plain,aa765b714f0a,plain,compose,interp,"{""depth"": 1}",16,27500,3,0.9645160014430681,0.0,0.9586649040381113,0.005333333333333333,0.005333333333333333
bdh_cq,bdh_cq/plain,aa765b714f0a,plain,compose,interp,"{""depth"": 1}",16,30000,3,0.928685836493969,0.0,0.9252155671517054,0.0033333333333333335,0.0033333333333333335
bdh_cq,bdh_cq/plain,aa765b714f0a,plain,compose,interp,"{""depth"": 1}",16,32500,3,0.9271346131960551,0.0,0.9098261594772339,0.005333333333333333,0.005333333333333333
bdh_cq,bdh_cq/plain,aa765b714f0a,plain,compose,interp,"{""depth"": 1}",16,35000,3,0.9478447064757347,0.0,0.891546388467153,0.004,0.004
bdh_cq,bdh_cq/plain,aa765b714f0a,plain,compose,interp,"{""depth"": 1}",16,37500,3,0.9495610867937406,0.0,0.9071638286113739,0.004,0.004
bdh_cq,bdh_cq/plain,aa765b714f0a,plain,compose,interp,"{""depth"": 1}",16,40000,3,0.9612365712722143,0.0,0.9096157898505529,0.004,0.004
bdh_cq,bdh_cq/plain,aa765b714f0a,plain,compose,interp,"{""depth"": 1}",32,40000,3,0.9716651557634274,0.0,0.9256174676120281,0.0,0.0
bdh_cq,bdh_cq/plain,aa765b714f0a,plain,compose,interp,"{""depth"": 2}",1,2500,3,0.9561697319149971,1.0,0.9561697319149971,0.0,0.0
bdh_cq,bdh_cq/plain,aa765b714f0a,plain,compose,interp,"{""depth"": 2}",1,5000,3,0.9674201061328253,1.0,0.9674201061328253,0.0,0.0
bdh_cq,bdh_cq/plain,aa765b714f0a,plain,compose,interp,"{""depth"": 2}",1,7500,3,0.9677093774080276,1.0,0.9677093774080276,0.005333333333333333,0.005333333333333333
bdh_cq,bdh_cq/plain,aa765b714f0a,plain,compose,interp,"{""depth"": 2}",1,10000,3,0.932352694372336,1.0,0.932352694372336,0.024000000000000004,0.024000000000000004
bdh_cq,bdh_cq/plain,aa765b714f0a,plain,compose,interp,"{""depth"": 2}",1,12500,3,0.9121922055880228,1.0,0.9121922055880228,0.03133333333333333,0.03133333333333333
bdh_cq,bdh_cq/plain,aa765b714f0a,plain,compose,interp,"{""depth"": 2}",1,15000,3,0.8499987572431564,1.0,0.8499987572431564,0.044000000000000004,0.044000000000000004
bdh_cq,bdh_cq/plain,aa765b714f0a,plain,compose,interp,"{""depth"": 2}",1,17500,3,0.7653591247896353,1.0,0.7653591247896353,0.04466666666666667,0.04466666666666667
bdh_cq,bdh_cq/plain,aa765b714f0a,plain,compose,interp,"{""depth"": 2}",1,20000,3,0.7266662927965323,1.0,0.7266662927965323,0.04666666666666667,0.04666666666666667
bdh_cq,bdh_cq/plain,aa765b714f0a,plain,compose,interp,"{""depth"": 2}",1,22500,3,0.6689645958443483,1.0,0.6689645958443483,0.04866666666666667,0.04866666666666667
bdh_cq,bdh_cq/plain,aa765b714f0a,plain,compose,interp,"{""depth"": 2}",1,25000,3,0.65104062606891,1.0,0.65104062606891,0.05466666666666667,0.05466666666666667
bdh_cq,bdh_cq/plain,aa765b714f0a,plain,compose,interp,"{""depth"": 2}",1,27500,3,0.5972905649493138,1.0,0.5972905649493138,0.054,0.054
bdh_cq,bdh_cq/plain,aa765b714f0a,plain,compose,interp,"{""depth"": 2}",1,30000,3,0.5522183266778787,1.0,0.5522183266778787,0.05733333333333334,0.05733333333333334
bdh_cq,bdh_cq/plain,aa765b714f0a,plain,compose,interp,"{""depth"": 2}",1,32500,3,0.5014443521698316,1.0,0.5014443521698316,0.06333333333333334,0.06333333333333334
bdh_cq,bdh_cq/plain,aa765b714f0a,plain,compose,interp,"{""depth"": 2}",1,35000,3,0.5117724034935236,1.0,0.5117724034935236,0.06266666666666666,0.06266666666666666
bdh_cq,bdh_cq/plain,aa765b714f0a,plain,compose,interp,"{""depth"": 2}",1,37500,3,0.5116094673673311,1.0,0.5116094673673311,0.064,0.064
bdh_cq,bdh_cq/plain,aa765b714f0a,plain,compose,interp,"{""depth"": 2}",1,40000,3,0.5080860828359922,1.0,0.5080860828359922,0.066,0.066
bdh_cq,bdh_cq/plain,aa765b714f0a,plain,compose,interp,"{""depth"": 2}",2,40000,3,0.9860599214831988,0.0,0.9860599214831988,0.06466666666666666,0.06466666666666666
bdh_cq,bdh_cq/plain,aa765b714f0a,plain,compose,interp,"{""depth"": 2}",4,2500,3,0.999922106663386,0.0,0.9958282634615898,0.0,0.0
bdh_cq,bdh_cq/plain,aa765b714f0a,plain,compose,interp,"{""depth"": 2}",4,5000,3,0.999929221967856,0.0,0.99784933278958,0.0,0.0
bdh_cq,bdh_cq/plain,aa765b714f0a,plain,compose,interp,"{""depth"": 2}",4,7500,3,0.999460036555926,0.0,0.996800884604454,0.004,0.004
bdh_cq,bdh_cq/plain,aa765b714f0a,plain,compose,interp,"{""depth"": 2}",4,10000,3,0.9960122505823771,0.0,0.9911973476409912,0.02,0.02
bdh_cq,bdh_cq/plain,aa765b714f0a,plain,compose,interp,"{""depth"": 2}",4,12500,3,0.9940044159690539,0.0,0.983469823996226,0.03266666666666667,0.03266666666666667
bdh_cq,bdh_cq/plain,aa765b714f0a,plain,compose,interp,"{""depth"": 2}",4,15000,3,0.992473433415095,0.0,0.9828270425399145,0.03666666666666667,0.03666666666666667
bdh_cq,bdh_cq/plain,aa765b714f0a,plain,compose,interp,"{""depth"": 2}",4,17500,3,0.992010327676932,0.0,0.9882743631800016,0.038,0.038
bdh_cq,bdh_cq/plain,aa765b714f0a,plain,compose,interp,"{""depth"": 2}",4,20000,3,0.9918826123078665,0.0,0.9651827029883862,0.04933333333333334,0.04933333333333334
bdh_cq,bdh_cq/plain,aa765b714f0a,plain,compose,interp,"{""depth"": 2}",4,22500,3,0.9934171636899313,0.0,0.9911539206902186,0.038,0.038
bdh_cq,bdh_cq/plain,aa765b714f0a,plain,compose,interp,"{""depth"": 2}",4,25000,3,0.9939226135611534,0.0,0.9896003579099973,0.051333333333333335,0.051333333333333335
bdh_cq,bdh_cq/plain,aa765b714f0a,plain,compose,interp,"{""depth"": 2}",4,27500,3,0.99417611459891,0.0,0.9905298550923666,0.050666666666666665,0.050666666666666665
bdh_cq,bdh_cq/plain,aa765b714f0a,plain,compose,interp,"{""depth"": 2}",4,30000,3,0.9942193428675333,0.0,0.9897314483920733,0.05733333333333334,0.05733333333333334
bdh_cq,bdh_cq/plain,aa765b714f0a,plain,compose,interp,"{""depth"": 2}",4,32500,3,0.9939261004328728,0.0,0.9887877230842909,0.062000000000000006,0.062000000000000006
bdh_cq,bdh_cq/plain,aa765b714f0a,plain,compose,interp,"{""depth"": 2}",4,35000,3,0.9936634873350462,0.0,0.9874169131120046,0.060000000000000005,0.060000000000000005
bdh_cq,bdh_cq/plain,aa765b714f0a,plain,compose,interp,"{""depth"": 2}",4,37500,3,0.9934032236536344,0.0,0.9865353504816691,0.064,0.064
bdh_cq,bdh_cq/plain,aa765b714f0a,plain,compose,interp,"{""depth"": 2}",4,40000,3,0.9933241605758667,0.0,0.9860599214831988,0.064,0.064
bdh_cq,bdh_cq/plain,aa765b714f0a,plain,compose,interp,"{""depth"": 2}",8,40000,3,0.9838044351587693,0.0,0.8969322467843691,0.06799999999999999,0.06799999999999999
bdh_cq,bdh_cq/plain,aa765b714f0a,plain,compose,interp,"{""depth"": 2}",16,2500,3,0.9999988799293836,0.0,0.9958282634615898,0.0,0.0
bdh_cq,bdh_cq/plain,aa765b714f0a,plain,compose,interp,"{""depth"": 2}",16,5000,3,0.9999996200203896,0.0,0.99784933278958,0.0,0.0
bdh_cq,bdh_cq/plain,aa765b714f0a,plain,compose,interp,"{""depth"": 2}",16,7500,3,0.9999871874849001,0.0,0.996800884604454,0.0013333333333333333,0.0013333333333333333
bdh_cq,bdh_cq/plain,aa765b714f0a,plain,compose,interp,"{""depth"": 2}",16,10000,3,0.999690001209577,0.0,0.9911973476409912,0.0013333333333333333,0.0013333333333333333
bdh_cq,bdh_cq/plain,aa765b714f0a,plain,compose,interp,"{""depth"": 2}",16,12500,3,0.9984865163763365,0.0,0.983469823996226,0.0026666666666666666,0.0026666666666666666
bdh_cq,bdh_cq/plain,aa765b714f0a,plain,compose,interp,"{""depth"": 2}",16,15000,3,0.9988256345192591,0.0,0.9828270425399145,0.0026666666666666666,0.0026666666666666666
bdh_cq,bdh_cq/plain,aa765b714f0a,plain,compose,interp,"{""depth"": 2}",16,17500,3,0.9769782572984695,0.0,0.9720999946196874,0.002,0.002
bdh_cq,bdh_cq/plain,aa765b714f0a,plain,compose,interp,"{""depth"": 2}",16,20000,3,0.9609367921948433,0.0,0.9123642568786939,0.002,0.002
bdh_cq,bdh_cq/plain,aa765b714f0a,plain,compose,interp,"{""depth"": 2}",16,22500,3,0.923341249426206,0.0,0.9098145365715027,0.005333333333333333,0.005333333333333333
bdh_cq,bdh_cq/plain,aa765b714f0a,plain,compose,interp,"{""depth"": 2}",16,25000,3,0.9452059442798296,0.0,0.9384317422906557,0.0,0.0
bdh_cq,bdh_cq/plain,aa765b714f0a,plain,compose,interp,"{""depth"": 2}",16,27500,3,0.9592075869441032,0.0,0.9254332209626833,0.005333333333333333,0.005333333333333333
bdh_cq,bdh_cq/plain,aa765b714f0a,plain,compose,interp,"{""depth"": 2}",16,30000,3,0.9458968689044317,0.0,0.9302924647927284,0.004666666666666667,0.004666666666666667
bdh_cq,bdh_cq/plain,aa765b714f0a,plain,compose,interp,"{""depth"": 2}",16,32500,3,0.9667913417021433,0.0,0.9048306780556837,0.006666666666666667,0.006666666666666667
bdh_cq,bdh_cq/plain,aa765b714f0a,plain,compose,interp,"{""depth"": 2}",16,35000,3,0.9608906507492065,0.0,0.8826635231574377,0.008,0.008
bdh_cq,bdh_cq/plain,aa765b714f0a,plain,compose,interp,"{""depth"": 2}",16,37500,3,0.969401091337204,0.0,0.8672309368848801,0.004666666666666667,0.004666666666666667
bdh_cq,bdh_cq/plain,aa765b714f0a,plain,compose,interp,"{""depth"": 2}",16,40000,3,0.9404953370491663,0.0,0.8758257900675138,0.007333333333333334,0.007333333333333334
bdh_cq,bdh_cq/plain,aa765b714f0a,plain,compose,interp,"{""depth"": 2}",32,40000,3,0.9638769794255495,0.0,0.8969322467843691,0.0,0.0
bdh_cq,bdh_cq/plain,aa765b714f0a,plain,compose,mild,"{""depth"": 3}",1,2500,3,0.9560769026478132,1.0,0.9560769026478132,0.0006666666666666666,0.0006666666666666666
bdh_cq,bdh_cq/plain,aa765b714f0a,plain,compose,mild,"{""depth"": 3}",1,5000,3,0.9677935565511385,1.0,0.9677935565511385,0.0,0.0
bdh_cq,bdh_cq/plain,aa765b714f0a,plain,compose,mild,"{""depth"": 3}",1,7500,3,0.973223070303599,1.0,0.973223070303599,0.0026666666666666666,0.0026666666666666666
bdh_cq,bdh_cq/plain,aa765b714f0a,plain,compose,mild,"{""depth"": 3}",1,10000,3,0.9414007092515627,1.0,0.9414007092515627,0.018666666666666665,0.018666666666666665
bdh_cq,bdh_cq/plain,aa765b714f0a,plain,compose,mild,"{""depth"": 3}",1,12500,3,0.9147327666481336,1.0,0.9147327666481336,0.025333333333333333,0.025333333333333333
bdh_cq,bdh_cq/plain,aa765b714f0a,plain,compose,mild,"{""depth"": 3}",1,15000,3,0.8627305775880814,1.0,0.8627305775880814,0.02666666666666667,0.02666666666666667
bdh_cq,bdh_cq/plain,aa765b714f0a,plain,compose,mild,"{""depth"": 3}",1,17500,3,0.7821218917767206,1.0,0.7821218917767206,0.038,0.038
bdh_cq,bdh_cq/plain,aa765b714f0a,plain,compose,mild,"{""depth"": 3}",1,20000,3,0.7267931811511517,1.0,0.7267931811511517,0.037333333333333336,0.037333333333333336
bdh_cq,bdh_cq/plain,aa765b714f0a,plain,compose,mild,"{""depth"": 3}",1,22500,3,0.670762134095033,1.0,0.670762134095033,0.04133333333333334,0.04133333333333334
bdh_cq,bdh_cq/plain,aa765b714f0a,plain,compose,mild,"{""depth"": 3}",1,25000,3,0.6579540930688381,1.0,0.6579540930688381,0.038,0.038
bdh_cq,bdh_cq/plain,aa765b714f0a,plain,compose,mild,"{""depth"": 3}",1,27500,3,0.5899758146454891,1.0,0.5899758146454891,0.04599999999999999,0.04599999999999999
bdh_cq,bdh_cq/plain,aa765b714f0a,plain,compose,mild,"{""depth"": 3}",1,30000,3,0.5466219515850147,1.0,0.5466219515850147,0.047999999999999994,0.047999999999999994
bdh_cq,bdh_cq/plain,aa765b714f0a,plain,compose,mild,"{""depth"": 3}",1,32500,3,0.5000841567913691,1.0,0.5000841567913691,0.050666666666666665,0.050666666666666665
bdh_cq,bdh_cq/plain,aa765b714f0a,plain,compose,mild,"{""depth"": 3}",1,35000,3,0.5228789101044337,1.0,0.5228789101044337,0.050666666666666665,0.050666666666666665
bdh_cq,bdh_cq/plain,aa765b714f0a,plain,compose,mild,"{""depth"": 3}",1,37500,3,0.5221890658140182,1.0,0.5221890658140182,0.051333333333333335,0.051333333333333335
bdh_cq,bdh_cq/plain,aa765b714f0a,plain,compose,mild,"{""depth"": 3}",1,40000,3,0.5183921406666437,1.0,0.5183921406666437,0.05333333333333334,0.05333333333333334
bdh_cq,bdh_cq/plain,aa765b714f0a,plain,compose,mild,"{""depth"": 3}",2,40000,3,0.984161247809728,0.0,0.984161247809728,0.054,0.054
bdh_cq,bdh_cq/plain,aa765b714f0a,plain,compose,mild,"{""depth"": 3}",4,2500,3,0.9999287948012352,0.0,0.9958052138487498,0.0,0.0
bdh_cq,bdh_cq/plain,aa765b714f0a,plain,compose,mild,"{""depth"": 3}",4,5000,3,0.9999386270840963,0.0,0.9979439650972685,0.0,0.0
bdh_cq,bdh_cq/plain,aa765b714f0a,plain,compose,mild,"{""depth"": 3}",4,7500,3,0.9996488243341446,0.0,0.9974229236443838,0.0013333333333333333,0.0013333333333333333
bdh_cq,bdh_cq/plain,aa765b714f0a,plain,compose,mild,"{""depth"": 3}",4,10000,3,0.9978538925449053,0.0,0.9927052855491638,0.017333333333333333,0.017333333333333333
bdh_cq,bdh_cq/plain,aa765b714f0a,plain,compose,mild,"{""depth"": 3}",4,12500,3,0.9946138560771942,0.0,0.9839105531573296,0.027333333333333334,0.027333333333333334
bdh_cq,bdh_cq/plain,aa765b714f0a,plain,compose,mild,"{""depth"": 3}",4,15000,3,0.9917181357741356,0.0,0.9834754889210066,0.023999999999999997,0.023999999999999997
bdh_cq,bdh_cq/plain,aa765b714f0a,plain,compose,mild,"{""depth"": 3}",4,17500,3,0.9924816365043322,0.0,0.9864383215705553,0.04,0.04
bdh_cq,bdh_cq/plain,aa765b714f0a,plain,compose,mild,"{""depth"": 3}",4,20000,3,0.9893731102347374,0.0,0.9559151704112688,0.037333333333333336,0.037333333333333336
bdh_cq,bdh_cq/plain,aa765b714f0a,plain,compose,mild,"{""depth"": 3}",4,22500,3,0.9778234163920084,0.0,0.9757585475842158,0.03866666666666667,0.03866666666666667
bdh_cq,bdh_cq/plain,aa765b714f0a,plain,compose,mild,"{""depth"": 3}",4,25000,3,0.9784302065769831,0.0,0.9762849112351736,0.043333333333333335,0.043333333333333335
bdh_cq,bdh_cq/plain,aa765b714f0a,plain,compose,mild,"{""depth"": 3}",4,27500,3,0.9750797972083092,0.0,0.9727189789215723,0.05266666666666667,0.05266666666666667
bdh_cq,bdh_cq/plain,aa765b714f0a,plain,compose,mild,"{""depth"": 3}",4,30000,3,0.9915115634600321,0.0,0.9895138964056969,0.04466666666666667,0.04466666666666667
bdh_cq,bdh_cq/plain,aa765b714f0a,plain,compose,mild,"{""depth"": 3}",4,32500,3,0.9924213041861852,0.0,0.9882395565509796,0.05266666666666667,0.05266666666666667
bdh_cq,bdh_cq/plain,aa765b714f0a,plain,compose,mild,"{""depth"": 3}",4,35000,3,0.9917181059718132,0.0,0.9857852533459663,0.05266666666666667,0.05266666666666667
bdh_cq,bdh_cq/plain,aa765b714f0a,plain,compose,mild,"{""depth"": 3}",4,37500,3,0.9916503032048544,0.0,0.9836859032511711,0.056,0.056
bdh_cq,bdh_cq/plain,aa765b714f0a,plain,compose,mild,"{""depth"": 3}",4,40000,3,0.991473950445652,0.0,0.9835024327039719,0.05666666666666667,0.05666666666666667
bdh_cq,bdh_cq/plain,aa765b714f0a,plain,compose,mild,"{""depth"": 3}",8,40000,3,0.9809957109391689,0.0,0.8383285055557886,0.036,0.036
bdh_cq,bdh_cq/plain,aa765b714f0a,plain,compose,mild,"{""depth"": 3}",16,2500,3,0.9999989072481791,0.0,0.9958052138487498,0.0,0.0
bdh_cq,bdh_cq/plain,aa765b714f0a,plain,compose,mild,"{""depth"": 3}",16,5000,3,0.9999996051192284,0.0,0.9979439650972685,0.0,0.0
bdh_cq,bdh_cq/plain,aa765b714f0a,plain,compose,mild,"{""depth"": 3}",16,7500,3,0.9999924004077911,0.0,0.9974229236443838,0.0,0.0
bdh_cq,bdh_cq/plain,aa765b714f0a,plain,compose,mild,"{""depth"": 3}",16,10000,3,0.9997562244534492,0.0,0.9927052855491638,0.0026666666666666666,0.0026666666666666666
bdh_cq,bdh_cq/plain,aa765b714f0a,plain,compose,mild,"{""depth"": 3}",16,12500,3,0.9993525246779124,0.0,0.9839105531573296,0.0013333333333333333,0.0013333333333333333
bdh_cq,bdh_cq/plain,aa765b714f0a,plain,compose,mild,"{""depth"": 3}",16,15000,3,0.9972836871941885,0.0,0.9834754889210066,0.002,0.002
bdh_cq,bdh_cq/plain,aa765b714f0a,plain,compose,mild,"{""depth"": 3}",16,17500,3,0.972847784558932,0.0,0.9363122036059698,0.004,0.004
bdh_cq,bdh_cq/plain,aa765b714f0a,plain,compose,mild,"{""depth"": 3}",16,20000,3,0.939591703315576,0.0,0.8818218012650808,0.0033333333333333335,0.0033333333333333335
bdh_cq,bdh_cq/plain,aa765b714f0a,plain,compose,mild,"{""depth"": 3}",16,22500,3,0.9823256805539131,0.0,0.8570211976766586,0.005333333333333333,0.005333333333333333
bdh_cq,bdh_cq/plain,aa765b714f0a,plain,compose,mild,"{""depth"": 3}",16,25000,3,0.9709224949280421,0.0,0.8785077060262362,0.006000000000000001,0.006000000000000001
bdh_cq,bdh_cq/plain,aa765b714f0a,plain,compose,mild,"{""depth"": 3}",16,27500,3,0.9745799402395884,0.0,0.856215866903464,0.008666666666666668,0.008666666666666668
bdh_cq,bdh_cq/plain,aa765b714f0a,plain,compose,mild,"{""depth"": 3}",16,30000,3,0.9747858121991158,0.0,0.8811885888377825,0.008666666666666666,0.008666666666666666
bdh_cq,bdh_cq/plain,aa765b714f0a,plain,compose,mild,"{""depth"": 3}",16,32500,3,0.9673716376225153,0.0,0.8040615729987621,0.01,0.01
bdh_cq,bdh_cq/plain,aa765b714f0a,plain,compose,mild,"{""depth"": 3}",16,35000,3,0.957575390736262,0.0,0.8546976695458094,0.006000000000000001,0.006000000000000001
bdh_cq,bdh_cq/plain,aa765b714f0a,plain,compose,mild,"{""depth"": 3}",16,37500,3,0.9435269509752592,0.0,0.8172811443607012,0.006666666666666668,0.006666666666666668
bdh_cq,bdh_cq/plain,aa765b714f0a,plain,compose,mild,"{""depth"": 3}",16,40000,3,0.9578814630707105,0.0,0.8164163045585155,0.007333333333333333,0.007333333333333333
bdh_cq,bdh_cq/plain,aa765b714f0a,plain,compose,mild,"{""depth"": 3}",32,40000,3,0.9856677707284689,0.0,0.8383285055557886,0.0013333333333333333,0.0013333333333333333
bdh_cq,bdh_cq/plain,aa765b714f0a,plain,compose,mild,"{""depth"": 4}",1,2500,3,0.9560393964250883,1.0,0.9560393964250883,0.0,0.0
bdh_cq,bdh_cq/plain,aa765b714f0a,plain,compose,mild,"{""depth"": 4}",1,5000,3,0.9674733728170395,1.0,0.9674733728170395,0.0,0.0
bdh_cq,bdh_cq/plain,aa765b714f0a,plain,compose,mild,"{""depth"": 4}",1,7500,3,0.9742865214745203,1.0,0.9742865214745203,0.0013333333333333333,0.0013333333333333333
bdh_cq,bdh_cq/plain,aa765b714f0a,plain,compose,mild,"{""depth"": 4}",1,10000,3,0.9411599511901537,1.0,0.9411599511901537,0.011999999999999999,0.011999999999999999
bdh_cq,bdh_cq/plain,aa765b714f0a,plain,compose,mild,"{""depth"": 4}",1,12500,3,0.9115574955940247,1.0,0.9115574955940247,0.014666666666666666,0.014666666666666666
bdh_cq,bdh_cq/plain,aa765b714f0a,plain,compose,mild,"{""depth"": 4}",1,15000,3,0.8642873639861742,1.0,0.8642873639861742,0.021333333333333333,0.021333333333333333
bdh_cq,bdh_cq/plain,aa765b714f0a,plain,compose,mild,"{""depth"": 4}",1,17500,3,0.7929136132200559,1.0,0.7929136132200559,0.020666666666666667,0.020666666666666667
bdh_cq,bdh_cq/plain,aa765b714f0a,plain,compose,mild,"{""depth"": 4}",1,20000,3,0.7609219600756963,1.0,0.7609219600756963,0.023333333333333334,0.023333333333333334
bdh_cq,bdh_cq/plain,aa765b714f0a,plain,compose,mild,"{""depth"": 4}",1,22500,3,0.6819760836660862,1.0,0.6819760836660862,0.01933333333333333,0.01933333333333333
bdh_cq,bdh_cq/plain,aa765b714f0a,plain,compose,mild,"{""depth"": 4}",1,25000,3,0.6839958367248377,1.0,0.6839958367248377,0.029333333333333333,0.029333333333333333
bdh_cq,bdh_cq/plain,aa765b714f0a,plain,compose,mild,"{""depth"": 4}",1,27500,3,0.6062379057208697,1.0,0.6062379057208697,0.025333333333333333,0.025333333333333333
bdh_cq,bdh_cq/plain,aa765b714f0a,plain,compose,mild,"{""depth"": 4}",1,30000,3,0.5642785467207432,1.0,0.5642785467207432,0.02866666666666667,0.02866666666666667
bdh_cq,bdh_cq/plain,aa765b714f0a,plain,compose,mild,"{""depth"": 4}",1,32500,3,0.5474251161019007,1.0,0.5474251161019007,0.025333333333333333,0.025333333333333333
bdh_cq,bdh_cq/plain,aa765b714f0a,plain,compose,mild,"{""depth"": 4}",1,35000,3,0.583766565968593,1.0,0.583766565968593,0.02866666666666667,0.02866666666666667
bdh_cq,bdh_cq/plain,aa765b714f0a,plain,compose,mild,"{""depth"": 4}",1,37500,3,0.5873706750571728,1.0,0.5873706750571728,0.029333333333333333,0.029333333333333333
bdh_cq,bdh_cq/plain,aa765b714f0a,plain,compose,mild,"{""depth"": 4}",1,40000,3,0.5848470193644365,1.0,0.5848470193644365,0.02733333333333333,0.02733333333333333
bdh_cq,bdh_cq/plain,aa765b714f0a,plain,compose,mild,"{""depth"": 4}",2,40000,3,0.9785181979338328,0.0,0.9785181979338328,0.030666666666666665,0.030666666666666665
bdh_cq,bdh_cq/plain,aa765b714f0a,plain,compose,mild,"{""depth"": 4}",4,2500,3,0.9999315664172173,0.0,0.9957942391435305,0.0,0.0
bdh_cq,bdh_cq/plain,aa765b714f0a,plain,compose,mild,"{""depth"": 4}",4,5000,3,0.999938373764356,0.0,0.9978927249709765,0.0,0.0
bdh_cq,bdh_cq/plain,aa765b714f0a,plain,compose,mild,"{""depth"": 4}",4,7500,3,0.9997402230898539,0.0,0.9975853289167086,0.0013333333333333333,0.0013333333333333333
bdh_cq,bdh_cq/plain,aa765b714f0a,plain,compose,mild,"{""depth"": 4}",4,10000,3,0.9983254546920458,0.0,0.9944471294681231,0.012000000000000002,0.012000000000000002
bdh_cq,bdh_cq/plain,aa765b714f0a,plain,compose,mild,"{""depth"": 4}",4,12500,3,0.9945579047004381,0.0,0.9823912605643272,0.012666666666666666,0.012666666666666666
bdh_cq,bdh_cq/plain,aa765b714f0a,plain,compose,mild,"{""depth"": 4}",4,15000,3,0.9940290997425715,0.0,0.9834290072321892,0.018,0.018
bdh_cq,bdh_cq/plain,aa765b714f0a,plain,compose,mild,"{""depth"": 4}",4,17500,3,0.9941141903400421,0.0,0.9867066740989685,0.014666666666666666,0.014666666666666666
bdh_cq,bdh_cq/plain,aa765b714f0a,plain,compose,mild,"{""depth"": 4}",4,20000,3,0.9943334485093752,0.0,0.986723410586516,0.022000000000000002,0.022000000000000002
bdh_cq,bdh_cq/plain,aa765b714f0a,plain,compose,mild,"{""depth"": 4}",4,22500,3,0.99600833406051,0.0,0.9903271297613779,0.01933333333333333,0.01933333333333333
bdh_cq,bdh_cq/plain,aa765b714f0a,plain,compose,mild,"{""depth"": 4}",4,25000,3,0.9960284332434336,0.0,0.9870430827140808,0.02466666666666667,0.02466666666666667
bdh_cq,bdh_cq/plain,aa765b714f0a,plain,compose,mild,"{""depth"": 4}",4,27500,3,0.9962127407391866,0.0,0.9889672001202902,0.02266666666666667,0.02266666666666667
bdh_cq,bdh_cq/plain,aa765b714f0a,plain,compose,mild,"{""depth"": 4}",4,30000,3,0.9955920949578285,0.0,0.9855155845483144,0.02666666666666667,0.02666666666666667
bdh_cq,bdh_cq/plain,aa765b714f0a,plain,compose,mild,"{""depth"": 4}",4,32500,3,0.9959516525268555,0.0,0.9863247697552046,0.026,0.026
bdh_cq,bdh_cq/plain,aa765b714f0a,plain,compose,mild,"{""depth"": 4}",4,35000,3,0.9952492614587148,0.0,0.9808410331606865,0.030666666666666665,0.030666666666666665
bdh_cq,bdh_cq/plain,aa765b714f0a,plain,compose,mild,"{""depth"": 4}",4,37500,3,0.9950840423504511,0.0,0.9788700342178345,0.030666666666666665,0.030666666666666665
bdh_cq,bdh_cq/plain,aa765b714f0a,plain,compose,mild,"{""depth"": 4}",4,40000,3,0.9948991040388743,0.0,0.9785181979338328,0.03,0.03
bdh_cq,bdh_cq/plain,aa765b714f0a,plain,compose,mild,"{""depth"": 4}",8,40000,3,0.9868288530657688,0.0,0.9626640571902195,0.02733333333333333,0.02733333333333333
bdh_cq,bdh_cq/plain,aa765b714f0a,plain,compose,mild,"{""depth"": 4}",16,2500,3,0.9999990363915762,0.0,0.9957942391435305,0.0,0.0
bdh_cq,bdh_cq/plain,aa765b714f0a,plain,compose,mild,"{""depth"": 4}",16,5000,3,0.9999995877345403,0.0,0.9978927249709765,0.0,0.0
bdh_cq,bdh_cq/plain,aa765b714f0a,plain,compose,mild,"{""depth"": 4}",16,7500,3,0.999992273747921,0.0,0.9975853289167086,0.0013333333333333333,0.0013333333333333333
bdh_cq,bdh_cq/plain,aa765b714f0a,plain,compose,mild,"{""depth"": 4}",16,10000,3,0.9998150691390038,0.0,0.9944471294681231,0.0006666666666666666,0.0006666666666666666
bdh_cq,bdh_cq/plain,aa765b714f0a,plain,compose,mild,"{""depth"": 4}",16,12500,3,0.9993131682276726,0.0,0.9823912605643272,0.0026666666666666666,0.0026666666666666666
bdh_cq,bdh_cq/plain,aa765b714f0a,plain,compose,mild,"{""depth"": 4}",16,15000,3,0.9992080877224604,0.0,0.9834290072321892,0.0013333333333333333,0.0013333333333333333
bdh_cq,bdh_cq/plain,aa765b714f0a,plain,compose,mild,"{""depth"": 4}",16,17500,3,0.9988110264142355,0.0,0.9867066740989685,0.0,0.0
bdh_cq,bdh_cq/plain,aa765b714f0a,plain,compose,mild,"{""depth"": 4}",16,20000,3,0.99778534223636,0.0,0.9729878157377243,0.0013333333333333333,0.0013333333333333333
bdh_cq,bdh_cq/plain,aa765b714f0a,plain,compose,mild,"{""depth"": 4}",16,22500,3,0.9858551596601804,0.0,0.9490235671401024,0.0013333333333333333,0.0013333333333333333
bdh_cq,bdh_cq/plain,aa765b714f0a,plain,compose,mild,"{""depth"": 4}",16,25000,3,0.9903312002619108,0.0,0.9804658368229866,0.002,0.002
bdh_cq,bdh_cq/plain,aa765b714f0a,plain,compose,mild,"{""depth"": 4}",16,27500,3,0.9956015571951866,0.0,0.967342255016168,0.0013333333333333333,0.0013333333333333333
bdh_cq,bdh_cq/plain,aa765b714f0a,plain,compose,mild,"{""depth"": 4}",16,30000,3,0.9942047223448753,0.0,0.9716406067212423,0.002,0.002
bdh_cq,bdh_cq/plain,aa765b714f0a,plain,compose,mild,"{""depth"": 4}",16,32500,3,0.9932973633209864,0.0,0.9340418999393781,0.008,0.008
bdh_cq,bdh_cq/plain,aa765b714f0a,plain,compose,mild,"{""depth"": 4}",16,35000,3,0.9946591233213743,0.0,0.9365012149016062,0.004,0.004
bdh_cq,bdh_cq/plain,aa765b714f0a,plain,compose,mild,"{""depth"": 4}",16,37500,3,0.9748614976803461,0.0,0.9361948495109876,0.005333333333333333,0.005333333333333333
bdh_cq,bdh_cq/plain,aa765b714f0a,plain,compose,mild,"{""depth"": 4}",16,40000,3,0.9749681974450747,0.0,0.9286394293109576,0.005333333333333333,0.005333333333333333
bdh_cq,bdh_cq/plain,aa765b714f0a,plain,compose,mild,"{""depth"": 4}",32,40000,3,0.9674316023786863,0.0,0.9386319164186716,0.0006666666666666666,0.0006666666666666666
bdh_cq,bdh_cq/plain,aa765b714f0a,plain,compose,strong,"{""depth"": 6}",1,2500,3,0.9558911447723707,1.0,0.9558911447723707,0.0,0.0
bdh_cq,bdh_cq/plain,aa765b714f0a,plain,compose,strong,"{""depth"": 6}",1,5000,3,0.9679203902681669,1.0,0.9679203902681669,0.0006666666666666666,0.0006666666666666666
bdh_cq,bdh_cq/plain,aa765b714f0a,plain,compose,strong,"{""depth"": 6}",1,7500,3,0.971261682609717,1.0,0.971261682609717,0.0,0.0
bdh_cq,bdh_cq/plain,aa765b714f0a,plain,compose,strong,"{""depth"": 6}",1,10000,3,0.9372734328111013,1.0,0.9372734328111013,0.006666666666666668,0.006666666666666668
bdh_cq,bdh_cq/plain,aa765b714f0a,plain,compose,strong,"{""depth"": 6}",1,12500,3,0.911924014488856,1.0,0.911924014488856,0.004666666666666667,0.004666666666666667
bdh_cq,bdh_cq/plain,aa765b714f0a,plain,compose,strong,"{""depth"": 6}",1,15000,3,0.850237804154555,1.0,0.850237804154555,0.010666666666666666,0.010666666666666666
bdh_cq,bdh_cq/plain,aa765b714f0a,plain,compose,strong,"{""depth"": 6}",1,17500,3,0.756693422794342,1.0,0.756693422794342,0.009333333333333332,0.009333333333333332
bdh_cq,bdh_cq/plain,aa765b714f0a,plain,compose,strong,"{""depth"": 6}",1,20000,3,0.7205889684458574,1.0,0.7205889684458574,0.016666666666666666,0.016666666666666666
bdh_cq,bdh_cq/plain,aa765b714f0a,plain,compose,strong,"{""depth"": 6}",1,22500,3,0.6135849840939045,1.0,0.6135849840939045,0.01,0.01
bdh_cq,bdh_cq/plain,aa765b714f0a,plain,compose,strong,"{""depth"": 6}",1,25000,3,0.5894698693106571,1.0,0.5894698693106571,0.009333333333333334,0.009333333333333334
bdh_cq,bdh_cq/plain,aa765b714f0a,plain,compose,strong,"{""depth"": 6}",1,27500,3,0.5274638297657172,1.0,0.5274638297657172,0.013333333333333334,0.013333333333333334
bdh_cq,bdh_cq/plain,aa765b714f0a,plain,compose,strong,"{""depth"": 6}",1,30000,3,0.45213542816539604,1.0,0.45213542816539604,0.016,0.016
bdh_cq,bdh_cq/plain,aa765b714f0a,plain,compose,strong,"{""depth"": 6}",1,32500,3,0.4626919813454151,1.0,0.4626919813454151,0.013999999999999999,0.013999999999999999
bdh_cq,bdh_cq/plain,aa765b714f0a,plain,compose,strong,"{""depth"": 6}",1,35000,3,0.4812707907209794,1.0,0.4812707907209794,0.011999999999999999,0.011999999999999999
bdh_cq,bdh_cq/plain,aa765b714f0a,plain,compose,strong,"{""depth"": 6}",1,37500,3,0.4879092449943225,1.0,0.4879092449943225,0.012666666666666668,0.012666666666666668
bdh_cq,bdh_cq/plain,aa765b714f0a,plain,compose,strong,"{""depth"": 6}",1,40000,3,0.4869839437305927,1.0,0.4869839437305927,0.01333333333333333,0.01333333333333333
bdh_cq,bdh_cq/plain,aa765b714f0a,plain,compose,strong,"{""depth"": 6}",2,40000,3,0.9805159742633501,0.0,0.9805159742633501,0.018,0.018
bdh_cq,bdh_cq/plain,aa765b714f0a,plain,compose,strong,"{""depth"": 6}",4,2500,3,0.9999361957112948,0.0,0.9957746242483457,0.0,0.0
bdh_cq,bdh_cq/plain,aa765b714f0a,plain,compose,strong,"{""depth"": 6}",4,5000,3,0.9999434178074201,0.0,0.9979917133847872,0.0006666666666666666,0.0006666666666666666
bdh_cq,bdh_cq/plain,aa765b714f0a,plain,compose,strong,"{""depth"": 6}",4,7500,3,0.9997633347908655,0.0,0.9972686742742857,0.0006666666666666666,0.0006666666666666666
bdh_cq,bdh_cq/plain,aa765b714f0a,plain,compose,strong,"{""depth"": 6}",4,10000,3,0.9988694513837496,0.0,0.9949363122383753,0.006000000000000001,0.006000000000000001
bdh_cq,bdh_cq/plain,aa765b714f0a,plain,compose,strong,"{""depth"": 6}",4,12500,3,0.9960226714611053,0.0,0.981583001712958,0.0033333333333333335,0.0033333333333333335
bdh_cq,bdh_cq/plain,aa765b714f0a,plain,compose,strong,"{""depth"": 6}",4,15000,3,0.9946564510464668,0.0,0.9835518002510071,0.008666666666666668,0.008666666666666668
bdh_cq,bdh_cq/plain,aa765b714f0a,plain,compose,strong,"{""depth"": 6}",4,17500,3,0.9943876639008522,0.0,0.984879602988561,0.011333333333333334,0.011333333333333334
bdh_cq,bdh_cq/plain,aa765b714f0a,plain,compose,strong,"{""depth"": 6}",4,20000,3,0.9910242110490799,0.0,0.9822103182474772,0.01933333333333333,0.01933333333333333
bdh_cq,bdh_cq/plain,aa765b714f0a,plain,compose,strong,"{""depth"": 6}",4,22500,3,0.9939814681808153,0.0,0.9855057597160339,0.012666666666666668,0.012666666666666668
bdh_cq,bdh_cq/plain,aa765b714f0a,plain,compose,strong,"{""depth"": 6}",4,25000,3,0.9949145714441935,0.0,0.9861886923511823,0.013999999999999999,0.013999999999999999
bdh_cq,bdh_cq/plain,aa765b714f0a,plain,compose,strong,"{""depth"": 6}",4,27500,3,0.9956450884540876,0.0,0.9857757116357485,0.015999999999999997,0.015999999999999997
bdh_cq,bdh_cq/plain,aa765b714f0a,plain,compose,strong,"{""depth"": 6}",4,30000,3,0.9958133399486542,0.0,0.9837302838762602,0.021333333333333333,0.021333333333333333
bdh_cq,bdh_cq/plain,aa765b714f0a,plain,compose,strong,"{""depth"": 6}",4,32500,3,0.9958227574825287,0.0,0.9833636283874512,0.018666666666666665,0.018666666666666665
bdh_cq,bdh_cq/plain,aa765b714f0a,plain,compose,strong,"{""depth"": 6}",4,35000,3,0.995834564169248,0.0,0.9821445420384407,0.018666666666666665,0.018666666666666665
bdh_cq,bdh_cq/plain,aa765b714f0a,plain,compose,strong,"{""depth"": 6}",4,37500,3,0.9956223492821058,0.0,0.980995332201322,0.02,0.02
bdh_cq,bdh_cq/plain,aa765b714f0a,plain,compose,strong,"{""depth"": 6}",4,40000,3,0.9954250355561575,0.0,0.9805159742633501,0.01933333333333333,0.01933333333333333
bdh_cq,bdh_cq/plain,aa765b714f0a,plain,compose,strong,"{""depth"": 6}",8,40000,3,0.949683882916967,0.0,0.9350930495808522,0.017333333333333333,0.017333333333333333
bdh_cq,bdh_cq/plain,aa765b714f0a,plain,compose,strong,"{""depth"": 6}",16,2500,3,0.9999992027878761,0.0,0.9957746242483457,0.0,0.0
bdh_cq,bdh_cq/plain,aa765b714f0a,plain,compose,strong,"{""depth"": 6}",16,5000,3,0.9999996150533358,0.0,0.9979917133847872,0.0006666666666666666,0.0006666666666666666
bdh_cq,bdh_cq/plain,aa765b714f0a,plain,compose,strong,"{""depth"": 6}",16,7500,3,0.9999917993942896,0.0,0.9972686742742857,0.0013333333333333333,0.0013333333333333333
bdh_cq,bdh_cq/plain,aa765b714f0a,plain,compose,strong,"{""depth"": 6}",16,10000,3,0.9998321756720543,0.0,0.9949363122383753,0.002,0.002
bdh_cq,bdh_cq/plain,aa765b714f0a,plain,compose,strong,"{""depth"": 6}",16,12500,3,0.9993225932121277,0.0,0.981583001712958,0.0,0.0
bdh_cq,bdh_cq/plain,aa765b714f0a,plain,compose,strong,"{""depth"": 6}",16,15000,3,0.9990813160936037,0.0,0.9835518002510071,0.0013333333333333333,0.0013333333333333333
bdh_cq,bdh_cq/plain,aa765b714f0a,plain,compose,strong,"{""depth"": 6}",16,17500,3,0.9961914221445719,0.0,0.984879602988561,0.0006666666666666666,0.0006666666666666666
bdh_cq,bdh_cq/plain,aa765b714f0a,plain,compose,strong,"{""depth"": 6}",16,20000,3,0.9569055810570717,0.0,0.9353671421607336,0.0006666666666666666,0.0006666666666666666
bdh_cq,bdh_cq/plain,aa765b714f0a,plain,compose,strong,"{""depth"": 6}",16,22500,3,0.9234693273901939,0.0,0.8882901892066002,0.0013333333333333333,0.0013333333333333333
bdh_cq,bdh_cq/plain,aa765b714f0a,plain,compose,strong,"{""depth"": 6}",16,25000,3,0.9631321802735329,0.0,0.9604964405298233,0.0,0.0
bdh_cq,bdh_cq/plain,aa765b714f0a,plain,compose,strong,"{""depth"": 6}",16,27500,3,0.9956125219662985,0.0,0.9857757116357485,0.002,0.002
bdh_cq,bdh_cq/plain,aa765b714f0a,plain,compose,strong,"{""depth"": 6}",16,30000,3,0.9743624925613403,0.0,0.9637466048200926,0.002,0.002
bdh_cq,bdh_cq/plain,aa765b714f0a,plain,compose,strong,"{""depth"": 6}",16,32500,3,0.9931758716702461,0.0,0.9819381460547447,0.0033333333333333335,0.0033333333333333335
bdh_cq,bdh_cq/plain,aa765b714f0a,plain,compose,strong,"{""depth"": 6}",16,35000,3,0.9063649003704389,0.0,0.8940859337647756,0.0013333333333333333,0.0013333333333333333
bdh_cq,bdh_cq/plain,aa765b714f0a,plain,compose,strong,"{""depth"": 6}",16,37500,3,0.9259912495811781,0.0,0.9068219438195229,0.0026666666666666666,0.0026666666666666666
bdh_cq,bdh_cq/plain,aa765b714f0a,plain,compose,strong,"{""depth"": 6}",16,40000,3,0.947440855205059,0.0,0.9249943569302559,0.0026666666666666666,0.0026666666666666666
bdh_cq,bdh_cq/plain,aa765b714f0a,plain,compose,strong,"{""depth"": 6}",32,40000,3,0.954402431845665,0.0,0.8915248985091845,0.0,0.0
bdh_cq,bdh_cq/plain,aa765b714f0a,plain,compose,strong,"{""depth"": 8}",1,2500,3,0.9560086304942766,1.0,0.9560086304942766,0.0,0.0
bdh_cq,bdh_cq/plain,aa765b714f0a,plain,compose,strong,"{""depth"": 8}",1,5000,3,0.967485191921393,1.0,0.967485191921393,0.0,0.0
bdh_cq,bdh_cq/plain,aa765b714f0a,plain,compose,strong,"{""depth"": 8}",1,7500,3,0.9727918033798536,1.0,0.9727918033798536,0.0,0.0
bdh_cq,bdh_cq/plain,aa765b714f0a,plain,compose,strong,"{""depth"": 8}",1,10000,3,0.9456924547751745,1.0,0.9456924547751745,0.005333333333333333,0.005333333333333333
bdh_cq,bdh_cq/plain,aa765b714f0a,plain,compose,strong,"{""depth"": 8}",1,12500,3,0.9116454919179281,1.0,0.9116454919179281,0.006666666666666668,0.006666666666666668
bdh_cq,bdh_cq/plain,aa765b714f0a,plain,compose,strong,"{""depth"": 8}",1,15000,3,0.8781198983391126,1.0,0.8781198983391126,0.006666666666666668,0.006666666666666668
bdh_cq,bdh_cq/plain,aa765b714f0a,plain,compose,strong,"{""depth"": 8}",1,17500,3,0.8149803628524145,1.0,0.8149803628524145,0.012000000000000002,0.012000000000000002
bdh_cq,bdh_cq/plain,aa765b714f0a,plain,compose,strong,"{""depth"": 8}",1,20000,3,0.8398572579026222,1.0,0.8398572579026222,0.013333333333333334,0.013333333333333334
bdh_cq,bdh_cq/plain,aa765b714f0a,plain,compose,strong,"{""depth"": 8}",1,22500,3,0.7434450325866541,1.0,0.7434450325866541,0.01,0.01
bdh_cq,bdh_cq/plain,aa765b714f0a,plain,compose,strong,"{""depth"": 8}",1,25000,3,0.7668103848894438,1.0,0.7668103848894438,0.011333333333333334,0.011333333333333334
bdh_cq,bdh_cq/plain,aa765b714f0a,plain,compose,strong,"{""depth"": 8}",1,27500,3,0.6760109265645345,1.0,0.6760109265645345,0.015333333333333332,0.015333333333333332
bdh_cq,bdh_cq/plain,aa765b714f0a,plain,compose,strong,"{""depth"": 8}",1,30000,3,0.6259165108203888,1.0,0.6259165108203888,0.018,0.018
bdh_cq,bdh_cq/plain,aa765b714f0a,plain,compose,strong,"{""depth"": 8}",1,32500,3,0.6094388465086619,1.0,0.6094388465086619,0.020666666666666663,0.020666666666666663
bdh_cq,bdh_cq/plain,aa765b714f0a,plain,compose,strong,"{""depth"": 8}",1,35000,3,0.669642319281896,1.0,0.669642319281896,0.017333333333333333,0.017333333333333333
bdh_cq,bdh_cq/plain,aa765b714f0a,plain,compose,strong,"{""depth"": 8}",1,37500,3,0.6880690517524878,1.0,0.6880690517524878,0.017333333333333333,0.017333333333333333
bdh_cq,bdh_cq/plain,aa765b714f0a,plain,compose,strong,"{""depth"": 8}",1,40000,3,0.6826611670355002,1.0,0.6826611670355002,0.018,0.018
bdh_cq,bdh_cq/plain,aa765b714f0a,plain,compose,strong,"{""depth"": 8}",2,40000,3,0.967202678322792,0.0,0.967202678322792,0.018,0.018
bdh_cq,bdh_cq/plain,aa765b714f0a,plain,compose,strong,"{""depth"": 8}",4,2500,3,0.9999374101559321,0.0,0.9957785581549009,0.0,0.0
bdh_cq,bdh_cq/plain,aa765b714f0a,plain,compose,strong,"{""depth"": 8}",4,5000,3,0.99994375060002,0.0,0.9979188044865926,0.0,0.0
bdh_cq,bdh_cq/plain,aa765b714f0a,plain,compose,strong,"{""depth"": 8}",4,7500,3,0.9997625773151716,0.0,0.9972254807750384,0.0006666666666666666,0.0006666666666666666
bdh_cq,bdh_cq/plain,aa765b714f0a,plain,compose,strong,"{""depth"": 8}",4,10000,3,0.9989556670188904,0.0,0.9950013533234596,0.0026666666666666666,0.0026666666666666666
bdh_cq,bdh_cq/plain,aa765b714f0a,plain,compose,strong,"{""depth"": 8}",4,12500,3,0.9965535427133242,0.0,0.9823261474569639,0.007333333333333333,0.007333333333333333
bdh_cq,bdh_cq/plain,aa765b714f0a,plain,compose,strong,"{""depth"": 8}",4,15000,3,0.9949726983904839,0.0,0.9820704112450281,0.007333333333333333,0.007333333333333333
bdh_cq,bdh_cq/plain,aa765b714f0a,plain,compose,strong,"{""depth"": 8}",4,17500,3,0.9952956438064575,0.0,0.9847804680466652,0.010666666666666666,0.010666666666666666
bdh_cq,bdh_cq/plain,aa765b714f0a,plain,compose,strong,"{""depth"": 8}",4,20000,3,0.9788870414098104,0.0,0.9734680677453676,0.012666666666666666,0.012666666666666666
bdh_cq,bdh_cq/plain,aa765b714f0a,plain,compose,strong,"{""depth"": 8}",4,22500,3,0.9962760259707769,0.0,0.9844208707412084,0.011333333333333334,0.011333333333333334
bdh_cq,bdh_cq/plain,aa765b714f0a,plain,compose,strong,"{""depth"": 8}",4,25000,3,0.9964482635259628,0.0,0.979743463297685,0.015333333333333332,0.015333333333333332
bdh_cq,bdh_cq/plain,aa765b714f0a,plain,compose,strong,"{""depth"": 8}",4,27500,3,0.996709018945694,0.0,0.9833501651883125,0.017333333333333336,0.017333333333333336
bdh_cq,bdh_cq/plain,aa765b714f0a,plain,compose,strong,"{""depth"": 8}",4,30000,3,0.9964385479688644,0.0,0.9677265187104543,0.018,0.018
bdh_cq,bdh_cq/plain,aa765b714f0a,plain,compose,strong,"{""depth"": 8}",4,32500,3,0.9735087032119433,0.0,0.9558158293366432,0.02,0.02
bdh_cq,bdh_cq/plain,aa765b714f0a,plain,compose,strong,"{""depth"": 8}",4,35000,3,0.9820882106820742,0.0,0.9614161029458046,0.017333333333333333,0.017333333333333333
bdh_cq,bdh_cq/plain,aa765b714f0a,plain,compose,strong,"{""depth"": 8}",4,37500,3,0.9814785321553549,0.0,0.9587587291995684,0.016666666666666666,0.016666666666666666
bdh_cq,bdh_cq/plain,aa765b714f0a,plain,compose,strong,"{""depth"": 8}",4,40000,3,0.9652784888943037,0.0,0.942231722176075,0.017333333333333333,0.017333333333333333
bdh_cq,bdh_cq/plain,aa765b714f0a,plain,compose,strong,"{""depth"": 8}",8,40000,3,0.9715624172240496,0.0,0.9327539509783188,0.011999999999999999,0.011999999999999999
bdh_cq,bdh_cq/plain,aa765b714f0a,plain,compose,strong,"{""depth"": 8}",16,2500,3,0.9999993269642194,0.0,0.9957785581549009,0.0,0.0
bdh_cq,bdh_cq/plain,aa765b714f0a,plain,compose,strong,"{""depth"": 8}",16,5000,3,0.9999996672074,0.0,0.9979188044865926,0.0,0.0
bdh_cq,bdh_cq/plain,aa765b714f0a,plain,compose,strong,"{""depth"": 8}",16,7500,3,0.9999894251426061,0.0,0.9972254807750384,0.0,0.0
bdh_cq,bdh_cq/plain,aa765b714f0a,plain,compose,strong,"{""depth"": 8}",16,10000,3,0.999857967098554,0.0,0.9950013533234596,0.0,0.0
bdh_cq,bdh_cq/plain,aa765b714f0a,plain,compose,strong,"{""depth"": 8}",16,12500,3,0.9995368048548698,0.0,0.9823261474569639,0.0013333333333333333,0.0013333333333333333
bdh_cq,bdh_cq/plain,aa765b714f0a,plain,compose,strong,"{""depth"": 8}",16,15000,3,0.9990985641876856,0.0,0.9820704112450281,0.0033333333333333335,0.0033333333333333335
bdh_cq,bdh_cq/plain,aa765b714f0a,plain,compose,strong,"{""depth"": 8}",16,17500,3,0.9976649656891823,0.0,0.9847804680466652,0.0006666666666666666,0.0006666666666666666
bdh_cq,bdh_cq/plain,aa765b714f0a,plain,compose,strong,"{""depth"": 8}",16,20000,3,0.9616758575042089,0.0,0.9291857406497002,0.0006666666666666666,0.0006666666666666666
bdh_cq,bdh_cq/plain,aa765b714f0a,plain,compose,strong,"{""depth"": 8}",16,22500,3,0.9666743477185568,0.0,0.9256353278954824,0.0033333333333333335,0.0033333333333333335
bdh_cq,bdh_cq/plain,aa765b714f0a,plain,compose,strong,"{""depth"": 8}",16,25000,3,0.9757878755529722,0.0,0.9055950045585632,0.0026666666666666666,0.0026666666666666666
bdh_cq,bdh_cq/plain,aa765b714f0a,plain,compose,strong,"{""depth"": 8}",16,27500,3,0.9831308921178182,0.0,0.959307943781217,0.002,0.002
bdh_cq,bdh_cq/plain,aa765b714f0a,plain,compose,strong,"{""depth"": 8}",16,30000,3,0.9324037333329519,0.0,0.9275076215465864,0.002,0.002
bdh_cq,bdh_cq/plain,aa765b714f0a,plain,compose,strong,"{""depth"": 8}",16,32500,3,0.9323834305008253,0.0,0.9084741671880087,0.004,0.004
bdh_cq,bdh_cq/plain,aa765b714f0a,plain,compose,strong,"{""depth"": 8}",16,35000,3,0.9156524986028671,0.0,0.8514067580302557,0.006666666666666668,0.006666666666666668
bdh_cq,bdh_cq/plain,aa765b714f0a,plain,compose,strong,"{""depth"": 8}",16,37500,3,0.9433683454990387,0.0,0.8872966890533766,0.0033333333333333335,0.0033333333333333335
bdh_cq,bdh_cq/plain,aa765b714f0a,plain,compose,strong,"{""depth"": 8}",16,40000,3,0.9414126848181089,0.0,0.9046217948198318,0.006000000000000001,0.006000000000000001
bdh_cq,bdh_cq/plain,aa765b714f0a,plain,compose,strong,"{""depth"": 8}",32,40000,3,0.9655013636996349,0.0,0.9136188129583994,0.0013333333333333333,0.0013333333333333333
bdh_cq,bdh_cq/plain,eb4c0c5652db,plain,compose,interp,"{""depth"": 1}",1,2500,1,0.9574737697839737,1.0,0.9574737697839737,0.0,0.0
bdh_cq,bdh_cq/plain,eb4c0c5652db,plain,compose,interp,"{""depth"": 1}",1,5000,1,0.9592854604125023,1.0,0.9592854604125023,0.0,0.0
bdh_cq,bdh_cq/plain,eb4c0c5652db,plain,compose,interp,"{""depth"": 1}",1,7500,1,0.2919724774546921,1.0,0.2919724774546921,0.02,0.02
bdh_cq,bdh_cq/plain,eb4c0c5652db,plain,compose,interp,"{""depth"": 1}",1,8000,1,0.2950142538174987,1.0,0.2950142538174987,0.02,0.02
bdh_cq,bdh_cq/plain,eb4c0c5652db,plain,compose,interp,"{""depth"": 1}",4,2500,1,0.9998818784952164,0.0,0.9959586560726166,0.0,0.0
bdh_cq,bdh_cq/plain,eb4c0c5652db,plain,compose,interp,"{""depth"": 1}",4,5000,1,0.9969561621546745,0.0,0.9939475804567337,0.0,0.0
bdh_cq,bdh_cq/plain,eb4c0c5652db,plain,compose,interp,"{""depth"": 1}",4,7500,1,0.9491493552923203,0.0,0.9420897588133812,0.04,0.04
bdh_cq,bdh_cq/plain,eb4c0c5652db,plain,compose,interp,"{""depth"": 1}",4,8000,1,0.9487671628594398,0.0,0.9422275722026825,0.04,0.04
bdh_cq,bdh_cq/plain,eb4c0c5652db,plain,compose,interp,"{""depth"": 1}",8,8000,1,0.9882746133953333,0.0,0.9457263555377722,0.0,0.0
bdh_cq,bdh_cq/plain,eb4c0c5652db,plain,compose,interp,"{""depth"": 1}",32,8000,1,0.9998983033001423,0.0,0.9457263555377722,0.0,0.0
bdh_cq,bdh_cq/plain,eb4c0c5652db,plain,compose,interp,"{""depth"": 2}",1,2500,1,0.957276813685894,1.0,0.957276813685894,0.0,0.0
bdh_cq,bdh_cq/plain,eb4c0c5652db,plain,compose,interp,"{""depth"": 2}",1,5000,1,0.9630416259169579,1.0,0.9630416259169579,0.0,0.0
bdh_cq,bdh_cq/plain,eb4c0c5652db,plain,compose,interp,"{""depth"": 2}",1,7500,1,0.2584720803424716,1.0,0.2584720803424716,0.01,0.01
bdh_cq,bdh_cq/plain,eb4c0c5652db,plain,compose,interp,"{""depth"": 2}",1,8000,1,0.2565160822123289,1.0,0.2565160822123289,0.01,0.01
bdh_cq,bdh_cq/plain,eb4c0c5652db,plain,compose,interp,"{""depth"": 2}",4,2500,1,0.9998974725604057,0.0,0.9959508031606674,0.0,0.0
bdh_cq,bdh_cq/plain,eb4c0c5652db,plain,compose,interp,"{""depth"": 2}",4,5000,1,0.998100645840168,0.0,0.9952312856912613,0.0,0.0
bdh_cq,bdh_cq/plain,eb4c0c5652db,plain,compose,interp,"{""depth"": 2}",4,7500,1,0.9856446459889412,0.0,0.950604610145092,0.01,0.01
bdh_cq,bdh_cq/plain,eb4c0c5652db,plain,compose,interp,"{""depth"": 2}",4,8000,1,0.9854557812213898,0.0,0.9511851072311401,0.01,0.01
bdh_cq,bdh_cq/plain,eb4c0c5652db,plain,compose,interp,"{""depth"": 2}",8,8000,1,0.9928055200725794,0.0,0.9489631820470095,0.0,0.0
bdh_cq,bdh_cq/plain,eb4c0c5652db,plain,compose,interp,"{""depth"": 2}",32,8000,1,0.9998780321329832,0.0,0.9489631820470095,0.0,0.0
bdh_cq,bdh_cq/plain,eb4c0c5652db,plain,compose,mild,"{""depth"": 3}",1,2500,1,0.9571634531021118,1.0,0.9571634531021118,0.0,0.0
bdh_cq,bdh_cq/plain,eb4c0c5652db,plain,compose,mild,"{""depth"": 3}",1,5000,1,0.9589191228151321,1.0,0.9589191228151321,0.0,0.0
bdh_cq,bdh_cq/plain,eb4c0c5652db,plain,compose,mild,"{""depth"": 3}",1,7500,1,0.2225880166515708,1.0,0.2225880166515708,0.0,0.0
bdh_cq,bdh_cq/plain,eb4c0c5652db,plain,compose,mild,"{""depth"": 3}",1,8000,1,0.22284253383986652,1.0,0.22284253383986652,0.0,0.0
bdh_cq,bdh_cq/plain,eb4c0c5652db,plain,compose,mild,"{""depth"": 3}",4,2500,1,0.9999026656150818,0.0,0.9959482625126839,0.0,0.0
bdh_cq,bdh_cq/plain,eb4c0c5652db,plain,compose,mild,"{""depth"": 3}",4,5000,1,0.997999757528305,0.0,0.9947529882192612,0.01,0.01
bdh_cq,bdh_cq/plain,eb4c0c5652db,plain,compose,mild,"{""depth"": 3}",4,7500,1,0.9875403344631195,0.0,0.9396542832255363,0.0,0.0
bdh_cq,bdh_cq/plain,eb4c0c5652db,plain,compose,mild,"{""depth"": 3}",4,8000,1,0.9873834475874901,0.0,0.9406957477331161,0.0,0.0
bdh_cq,bdh_cq/plain,eb4c0c5652db,plain,compose,mild,"{""depth"": 3}",8,8000,1,0.9937005210667849,0.0,0.9441556967794895,0.01,0.01
bdh_cq,bdh_cq/plain,eb4c0c5652db,plain,compose,mild,"{""depth"": 3}",32,8000,1,0.9998285435140133,0.0,0.9441556967794895,0.0,0.0
bdh_cq,bdh_cq/plain,eb4c0c5652db,plain,compose,mild,"{""depth"": 4}",1,2500,1,0.9571531191468239,1.0,0.9571531191468239,0.0,0.0
bdh_cq,bdh_cq/plain,eb4c0c5652db,plain,compose,mild,"{""depth"": 4}",1,5000,1,0.958593875169754,1.0,0.958593875169754,0.0,0.0
bdh_cq,bdh_cq/plain,eb4c0c5652db,plain,compose,mild,"{""depth"": 4}",1,7500,1,0.23731857538223267,1.0,0.23731857538223267,0.0,0.0
bdh_cq,bdh_cq/plain,eb4c0c5652db,plain,compose,mild,"{""depth"": 4}",1,8000,1,0.23723964765667915,1.0,0.23723964765667915,0.0,0.0
bdh_cq,bdh_cq/plain,eb4c0c5652db,plain,compose,mild,"{""depth"": 4}",4,2500,1,0.999904528260231,0.0,0.9959478750824928,0.0,0.0
bdh_cq,bdh_cq/plain,eb4c0c5652db,plain,compose,mild,"{""depth"": 4}",4,5000,1,0.9981580153107643,0.0,0.9952700585126877,0.0,0.0
bdh_cq,bdh_cq/plain,eb4c0c5652db,plain,compose,mild,"{""depth"": 4}",4,7500,1,0.9896820485591888,0.0,0.9457597434520721,0.0,0.0
bdh_cq,bdh_cq/plain,eb4c0c5652db,plain,compose,mild,"{""depth"": 4}",4,8000,1,0.989547111093998,0.0,0.9462293088436127,0.0,0.0
bdh_cq,bdh_cq/plain,eb4c0c5652db,plain,compose,mild,"{""depth"": 4}",8,8000,1,0.9946157969534397,0.0,0.9458057731389999,0.0,0.0
bdh_cq,bdh_cq/plain,eb4c0c5652db,plain,compose,mild,"{""depth"": 4}",32,8000,1,0.9998367112129927,0.0,0.9458057731389999,0.0,0.0
bdh_cq,bdh_cq/plain,eb4c0c5652db,plain,compose,strong,"{""depth"": 6}",1,2500,1,0.9571460112929344,1.0,0.9571460112929344,0.0,0.0
bdh_cq,bdh_cq/plain,eb4c0c5652db,plain,compose,strong,"{""depth"": 6}",1,5000,1,0.9601698368787766,1.0,0.9601698368787766,0.0,0.0
bdh_cq,bdh_cq/plain,eb4c0c5652db,plain,compose,strong,"{""depth"": 6}",1,7500,1,0.2463871482759714,1.0,0.2463871482759714,0.0,0.0
bdh_cq,bdh_cq/plain,eb4c0c5652db,plain,compose,strong,"{""depth"": 6}",1,8000,1,0.24628529977053404,1.0,0.24628529977053404,0.0,0.0
bdh_cq,bdh_cq/plain,eb4c0c5652db,plain,compose,strong,"{""depth"": 6}",4,2500,1,0.999908983707428,0.0,0.9959459528326988,0.0,0.0
bdh_cq,bdh_cq/plain,eb4c0c5652db,plain,compose,strong,"{""depth"": 6}",4,5000,1,0.9987141415476799,0.0,0.9955954849720001,0.0,0.0
bdh_cq,bdh_cq/plain,eb4c0c5652db,plain,compose,strong,"{""depth"": 6}",4,7500,1,0.9910193309187889,0.0,0.9400928914546967,0.01,0.01
bdh_cq,bdh_cq/plain,eb4c0c5652db,plain,compose,strong,"{""depth"": 6}",4,8000,1,0.9907578006386757,0.0,0.9407261908054352,0.01,0.01
bdh_cq,bdh_cq/plain,eb4c0c5652db,plain,compose,strong,"{""depth"": 6}",8,8000,1,0.9965315591543913,0.0,0.9364524725824594,0.0,0.0
bdh_cq,bdh_cq/plain,eb4c0c5652db,plain,compose,strong,"{""depth"": 6}",32,8000,1,0.9998029358685017,0.0,0.9364524725824594,0.0,0.0
bdh_cq,bdh_cq/plain,eb4c0c5652db,plain,compose,strong,"{""depth"": 8}",1,2500,1,0.9570774435997009,1.0,0.9570774435997009,0.0,0.0
bdh_cq,bdh_cq/plain,eb4c0c5652db,plain,compose,strong,"{""depth"": 8}",1,5000,1,0.9597218185663223,1.0,0.9597218185663223,0.0,0.0
bdh_cq,bdh_cq/plain,eb4c0c5652db,plain,compose,strong,"{""depth"": 8}",1,7500,1,0.2643057042732835,1.0,0.2643057042732835,0.0,0.0
bdh_cq,bdh_cq/plain,eb4c0c5652db,plain,compose,strong,"{""depth"": 8}",1,8000,1,0.2685640752315521,1.0,0.2685640752315521,0.0,0.0
bdh_cq,bdh_cq/plain,eb4c0c5652db,plain,compose,strong,"{""depth"": 8}",4,2500,1,0.9999096393585205,0.0,0.995937779545784,0.0,0.0
bdh_cq,bdh_cq/plain,eb4c0c5652db,plain,compose,strong,"{""depth"": 8}",4,5000,1,0.9989184960722923,0.0,0.9949580878019333,0.0,0.0
bdh_cq,bdh_cq/plain,eb4c0c5652db,plain,compose,strong,"{""depth"": 8}",4,7500,1,0.992528922855854,0.0,0.9309008792042732,0.0,0.0
bdh_cq,bdh_cq/plain,eb4c0c5652db,plain,compose,strong,"{""depth"": 8}",4,8000,1,0.9926034584641457,0.0,0.9323582425713539,0.0,0.0
bdh_cq,bdh_cq/plain,eb4c0c5652db,plain,compose,strong,"{""depth"": 8}",8,8000,1,0.9974662251770496,0.0,0.931458380073309,0.0,0.0
bdh_cq,bdh_cq/plain,eb4c0c5652db,plain,compose,strong,"{""depth"": 8}",32,8000,1,0.9998463708907366,0.0,0.931458380073309,0.0,0.0
looped_transformer,looped_transformer/plain,0c3b3e327762,plain,compose,interp,"{""depth"": 1}",1,2500,3,-0.17588650062680244,1.0,-0.17588650062680244,0.0006666666666666666,0.0006666666666666666
looped_transformer,looped_transformer/plain,0c3b3e327762,plain,compose,interp,"{""depth"": 1}",1,5000,3,-0.2945365297297637,1.0,-0.2945365297297637,0.0,0.0
looped_transformer,looped_transformer/plain,0c3b3e327762,plain,compose,interp,"{""depth"": 1}",1,7500,3,-0.29205895711978275,1.0,-0.29205895711978275,0.0,0.0
looped_transformer,looped_transformer/plain,0c3b3e327762,plain,compose,interp,"{""depth"": 1}",1,10000,3,-0.27778352486590546,1.0,-0.27778352486590546,0.0,0.0
looped_transformer,looped_transformer/plain,0c3b3e327762,plain,compose,interp,"{""depth"": 1}",1,12500,3,-0.2785819048682849,1.0,-0.2785819048682849,0.0006666666666666666,0.0006666666666666666
looped_transformer,looped_transformer/plain,0c3b3e327762,plain,compose,interp,"{""depth"": 1}",1,15000,3,-0.2762814834713936,1.0,-0.2762814834713936,0.0006666666666666666,0.0006666666666666666
looped_transformer,looped_transformer/plain,0c3b3e327762,plain,compose,interp,"{""depth"": 1}",1,17500,3,-0.2756114999453227,1.0,-0.2756114999453227,0.002,0.002
looped_transformer,looped_transformer/plain,0c3b3e327762,plain,compose,interp,"{""depth"": 1}",1,20000,3,-0.2847818185885747,1.0,-0.2847818185885747,0.0,0.0
looped_transformer,looped_transformer/plain,0c3b3e327762,plain,compose,interp,"{""depth"": 1}",1,22500,3,-0.2875569090247154,1.0,-0.2875569090247154,0.0006666666666666666,0.0006666666666666666
looped_transformer,looped_transformer/plain,0c3b3e327762,plain,compose,interp,"{""depth"": 1}",1,25000,3,-0.2915411703288555,1.0,-0.2915411703288555,0.0,0.0
looped_transformer,looped_transformer/plain,0c3b3e327762,plain,compose,interp,"{""depth"": 1}",1,27500,3,-0.29258108511567116,1.0,-0.29258108511567116,0.0006666666666666666,0.0006666666666666666
looped_transformer,looped_transformer/plain,0c3b3e327762,plain,compose,interp,"{""depth"": 1}",1,30000,3,-0.2879266341527303,1.0,-0.2879266341527303,0.0013333333333333333,0.0013333333333333333
looped_transformer,looped_transformer/plain,0c3b3e327762,plain,compose,interp,"{""depth"": 1}",1,32500,3,-0.2905779021481673,1.0,-0.2905779021481673,0.0006666666666666666,0.0006666666666666666
looped_transformer,looped_transformer/plain,0c3b3e327762,plain,compose,interp,"{""depth"": 1}",1,35000,3,-0.2886874346683423,1.0,-0.2886874346683423,0.0,0.0
looped_transformer,looped_transformer/plain,0c3b3e327762,plain,compose,interp,"{""depth"": 1}",1,37500,3,-0.2886481626580159,1.0,-0.2886481626580159,0.0006666666666666666,0.0006666666666666666
looped_transformer,looped_transformer/plain,0c3b3e327762,plain,compose,interp,"{""depth"": 1}",1,40000,3,-0.28883627988398075,1.0,-0.28883627988398075,0.0006666666666666666,0.0006666666666666666
looped_transformer,looped_transformer/plain,0c3b3e327762,plain,compose,interp,"{""depth"": 1}",2,40000,3,0.9982389907042185,0.0,0.9982389907042185,0.0006666666666666666,0.0006666666666666666
looped_transformer,looped_transformer/plain,0c3b3e327762,plain,compose,interp,"{""depth"": 1}",4,2500,3,0.9998615632454554,0.0,0.9989967718720436,0.0006666666666666666,0.0006666666666666666
looped_transformer,looped_transformer/plain,0c3b3e327762,plain,compose,interp,"{""depth"": 1}",4,5000,3,0.9998881543676058,0.0,0.9996936619281769,0.0,0.0
looped_transformer,looped_transformer/plain,0c3b3e327762,plain,compose,interp,"{""depth"": 1}",4,7500,3,0.999864399433136,0.0,0.9996743773420652,0.0,0.0
looped_transformer,looped_transformer/plain,0c3b3e327762,plain,compose,interp,"{""depth"": 1}",4,10000,3,0.9999464849630991,0.0,0.9999045630296072,0.0,0.0
looped_transformer,looped_transformer/plain,0c3b3e327762,plain,compose,interp,"{""depth"": 1}",4,12500,3,0.9999549835920334,0.0,0.9999190668265024,0.0006666666666666666,0.0006666666666666666
looped_transformer,looped_transformer/plain,0c3b3e327762,plain,compose,interp,"{""depth"": 1}",4,15000,3,0.9999397744735082,0.0,0.9998984634876251,0.0006666666666666666,0.0006666666666666666
looped_transformer,looped_transformer/plain,0c3b3e327762,plain,compose,interp,"{""depth"": 1}",4,17500,3,0.9999113902449608,0.0,0.9998467067877451,0.0006666666666666666,0.0006666666666666666
looped_transformer,looped_transformer/plain,0c3b3e327762,plain,compose,interp,"{""depth"": 1}",4,20000,3,0.9998784735798836,0.0,0.9997775430480639,0.0006666666666666666,0.0006666666666666666
looped_transformer,looped_transformer/plain,0c3b3e327762,plain,compose,interp,"{""depth"": 1}",4,22500,3,0.9997081855932871,0.0,0.9994586904843649,0.0006666666666666666,0.0006666666666666666
looped_transformer,looped_transformer/plain,0c3b3e327762,plain,compose,interp,"{""depth"": 1}",4,25000,3,0.999685118595759,0.0,0.9994025900959969,0.0006666666666666666,0.0006666666666666666
looped_transformer,looped_transformer/plain,0c3b3e327762,plain,compose,interp,"{""depth"": 1}",4,27500,3,0.9995667338371277,0.0,0.9991574933131536,0.0,0.0
looped_transformer,looped_transformer/plain,0c3b3e327762,plain,compose,interp,"{""depth"": 1}",4,30000,3,0.999487633506457,0.0,0.9989727561672529,0.0006666666666666666,0.0006666666666666666
looped_transformer,looped_transformer/plain,0c3b3e327762,plain,compose,interp,"{""depth"": 1}",4,32500,3,0.9994447852174441,0.0,0.9987935523192087,0.0006666666666666666,0.0006666666666666666
looped_transformer,looped_transformer/plain,0c3b3e327762,plain,compose,interp,"{""depth"": 1}",4,35000,3,0.9993386814991633,0.0,0.9982851843039194,0.0,0.0
looped_transformer,looped_transformer/plain,0c3b3e327762,plain,compose,interp,"{""depth"": 1}",4,37500,3,0.9993405962983767,0.0,0.9982587968309721,0.0,0.0
looped_transformer,looped_transformer/plain,0c3b3e327762,plain,compose,interp,"{""depth"": 1}",4,40000,3,0.999337779978911,0.0,0.9982389907042185,0.0,0.0
looped_transformer,looped_transformer/plain,0c3b3e327762,plain,compose,interp,"{""depth"": 1}",8,40000,3,0.9997411432365576,0.0,0.9983560051769018,0.0006666666666666666,0.0006666666666666666
looped_transformer,looped_transformer/plain,0c3b3e327762,plain,compose,interp,"{""depth"": 1}",16,2500,3,0.9999980504314104,0.0,0.9989967718720436,0.0006666666666666666,0.0006666666666666666
looped_transformer,looped_transformer/plain,0c3b3e327762,plain,compose,interp,"{""depth"": 1}",16,5000,3,0.9999940494696299,0.0,0.9996936619281769,0.0,0.0
looped_transformer,looped_transformer/plain,0c3b3e327762,plain,compose,interp,"{""depth"": 1}",16,7500,3,0.9999881933132807,0.0,0.9996743773420652,0.0,0.0
looped_transformer,looped_transformer/plain,0c3b3e327762,plain,compose,interp,"{""depth"": 1}",16,10000,3,0.999988466501236,0.0,0.9999045630296072,0.0006666666666666666,0.0006666666666666666
looped_transformer,looped_transformer/plain,0c3b3e327762,plain,compose,interp,"{""depth"": 1}",16,12500,3,0.9999908531705538,0.0,0.9999190668265024,0.0,0.0
looped_transformer,looped_transformer/plain,0c3b3e327762,plain,compose,interp,"{""depth"": 1}",16,15000,3,0.9999722465872765,0.0,0.9998984634876251,0.0006666666666666666,0.0006666666666666666
looped_transformer,looped_transformer/plain,0c3b3e327762,plain,compose,interp,"{""depth"": 1}",16,17500,3,0.9999575093388557,0.0,0.9998467067877451,0.0,0.0
looped_transformer,looped_transformer/plain,0c3b3e327762,plain,compose,interp,"{""depth"": 1}",16,20000,3,0.9999532302220663,0.0,0.9997775430480639,0.0006666666666666666,0.0006666666666666666
looped_transformer,looped_transformer/plain,0c3b3e327762,plain,compose,interp,"{""depth"": 1}",16,22500,3,0.9998920038342476,0.0,0.9994586904843649,0.0,0.0
looped_transformer,looped_transformer/plain,0c3b3e327762,plain,compose,interp,"{""depth"": 1}",16,25000,3,0.9998774255315462,0.0,0.9994025900959969,0.0006666666666666666,0.0006666666666666666
looped_transformer,looped_transformer/plain,0c3b3e327762,plain,compose,interp,"{""depth"": 1}",16,27500,3,0.9999168664216995,0.0,0.9991574933131536,0.0013333333333333333,0.0013333333333333333
looped_transformer,looped_transformer/plain,0c3b3e327762,plain,compose,interp,"{""depth"": 1}",16,30000,3,0.9999260306358337,0.0,0.9989727561672529,0.0,0.0
looped_transformer,looped_transformer/plain,0c3b3e327762,plain,compose,interp,"{""depth"": 1}",16,32500,3,0.9999240934848785,0.0,0.9987935523192087,0.0,0.0
looped_transformer,looped_transformer/plain,0c3b3e327762,plain,compose,interp,"{""depth"": 1}",16,35000,3,0.9999300415317217,0.0,0.9982851843039194,0.0,0.0
looped_transformer,looped_transformer/plain,0c3b3e327762,plain,compose,interp,"{""depth"": 1}",16,37500,3,0.9999290332198143,0.0,0.9982587968309721,0.0,0.0
looped_transformer,looped_transformer/plain,0c3b3e327762,plain,compose,interp,"{""depth"": 1}",16,40000,3,0.9999301756421725,0.0,0.9982389907042185,0.0,0.0
looped_transformer,looped_transformer/plain,0c3b3e327762,plain,compose,interp,"{""depth"": 1}",32,40000,3,0.999986949066321,0.0,0.9983560051769018,0.0,0.0
looped_transformer,looped_transformer/plain,0c3b3e327762,plain,compose,interp,"{""depth"": 2}",1,2500,3,-0.1505712978541851,1.0,-0.1505712978541851,0.0,0.0
looped_transformer,looped_transformer/plain,0c3b3e327762,plain,compose,interp,"{""depth"": 2}",1,5000,3,-0.27122771367430687,1.0,-0.27122771367430687,0.0,0.0
looped_transformer,looped_transformer/plain,0c3b3e327762,plain,compose,interp,"{""depth"": 2}",1,7500,3,-0.27300882277389366,1.0,-0.27300882277389366,0.0006666666666666666,0.0006666666666666666
looped_transformer,looped_transformer/plain,0c3b3e327762,plain,compose,interp,"{""depth"": 2}",1,10000,3,-0.2584920270989339,1.0,-0.2584920270989339,0.0,0.0
looped_transformer,looped_transformer/plain,0c3b3e327762,plain,compose,interp,"{""depth"": 2}",1,12500,3,-0.25945406903823215,1.0,-0.25945406903823215,0.0,0.0
looped_transformer,looped_transformer/plain,0c3b3e327762,plain,compose,interp,"{""depth"": 2}",1,15000,3,-0.2659737424304088,1.0,-0.2659737424304088,0.0,0.0
looped_transformer,looped_transformer/plain,0c3b3e327762,plain,compose,interp,"{""depth"": 2}",1,17500,3,-0.2667270687719186,1.0,-0.2667270687719186,0.0,0.0
looped_transformer,looped_transformer/plain,0c3b3e327762,plain,compose,interp,"{""depth"": 2}",1,20000,3,-0.2746965599556764,1.0,-0.2746965599556764,0.0,0.0
looped_transformer,looped_transformer/plain,0c3b3e327762,plain,compose,interp,"{""depth"": 2}",1,22500,3,-0.2793751284480095,1.0,-0.2793751284480095,0.0006666666666666666,0.0006666666666666666
looped_transformer,looped_transformer/plain,0c3b3e327762,plain,compose,interp,"{""depth"": 2}",1,25000,3,-0.28283873448769253,1.0,-0.28283873448769253,0.0,0.0
looped_transformer,looped_transformer/plain,0c3b3e327762,plain,compose,interp,"{""depth"": 2}",1,27500,3,-0.27895788724223775,1.0,-0.27895788724223775,0.0006666666666666666,0.0006666666666666666
looped_transformer,looped_transformer/plain,0c3b3e327762,plain,compose,interp,"{""depth"": 2}",1,30000,3,-0.2709134817123413,1.0,-0.2709134817123413,0.0006666666666666666,0.0006666666666666666
looped_transformer,looped_transformer/plain,0c3b3e327762,plain,compose,interp,"{""depth"": 2}",1,32500,3,-0.2765518470356862,1.0,-0.2765518470356862,0.0006666666666666666,0.0006666666666666666
looped_transformer,looped_transformer/plain,0c3b3e327762,plain,compose,interp,"{""depth"": 2}",1,35000,3,-0.27289174559215706,1.0,-0.27289174559215706,0.0,0.0
looped_transformer,looped_transformer/plain,0c3b3e327762,plain,compose,interp,"{""depth"": 2}",1,37500,3,-0.27456207014620304,1.0,-0.27456207014620304,0.0006666666666666666,0.0006666666666666666
looped_transformer,looped_transformer/plain,0c3b3e327762,plain,compose,interp,"{""depth"": 2}",1,40000,3,-0.2745400319496791,1.0,-0.2745400319496791,0.0006666666666666666,0.0006666666666666666
looped_transformer,looped_transformer/plain,0c3b3e327762,plain,compose,interp,"{""depth"": 2}",2,40000,3,0.9985455200076103,0.0,0.9985455200076103,0.0,0.0
looped_transformer,looped_transformer/plain,0c3b3e327762,plain,compose,interp,"{""depth"": 2}",4,2500,3,0.9998506580789884,0.0,0.9989415233333906,0.0,0.0
looped_transformer,looped_transformer/plain,0c3b3e327762,plain,compose,interp,"{""depth"": 2}",4,5000,3,0.9998763749996821,0.0,0.999662014345328,0.0,0.0
looped_transformer,looped_transformer/plain,0c3b3e327762,plain,compose,interp,"{""depth"": 2}",4,7500,3,0.9999180659651756,0.0,0.9998351832230886,0.0006666666666666666,0.0006666666666666666
looped_transformer,looped_transformer/plain,0c3b3e327762,plain,compose,interp,"{""depth"": 2}",4,10000,3,0.9999484866857529,0.0,0.9999094406763712,0.0,0.0
looped_transformer,looped_transformer/plain,0c3b3e327762,plain,compose,interp,"{""depth"": 2}",4,12500,3,0.9999653895696005,0.0,0.9999431495865186,0.0,0.0
looped_transformer,looped_transformer/plain,0c3b3e327762,plain,compose,interp,"{""depth"": 2}",4,15000,3,0.9999465147654215,0.0,0.9999118049939474,0.0,0.0
looped_transformer,looped_transformer/plain,0c3b3e327762,plain,compose,interp,"{""depth"": 2}",4,17500,3,0.9999124705791473,0.0,0.9998436694343885,0.0006666666666666666,0.0006666666666666666
looped_transformer,looped_transformer/plain,0c3b3e327762,plain,compose,interp,"{""depth"": 2}",4,20000,3,0.9998905062675476,0.0,0.9998066400488218,0.0,0.0
looped_transformer,looped_transformer/plain,0c3b3e327762,plain,compose,interp,"{""depth"": 2}",4,22500,3,0.9997468069195747,0.0,0.9995733052492142,0.0013333333333333333,0.0013333333333333333
looped_transformer,looped_transformer/plain,0c3b3e327762,plain,compose,interp,"{""depth"": 2}",4,25000,3,0.9997132743398348,0.0,0.99947972347339,0.0,0.0
looped_transformer,looped_transformer/plain,0c3b3e327762,plain,compose,interp,"{""depth"": 2}",4,27500,3,0.9995604033271471,0.0,0.9991721312204996,0.0006666666666666666,0.0006666666666666666
looped_transformer,looped_transformer/plain,0c3b3e327762,plain,compose,interp,"{""depth"": 2}",4,30000,3,0.999467154343923,0.0,0.9988204116622607,0.0,0.0
looped_transformer,looped_transformer/plain,0c3b3e327762,plain,compose,interp,"{""depth"": 2}",4,32500,3,0.9994556854168574,0.0,0.9988770708441734,0.0,0.0
looped_transformer,looped_transformer/plain,0c3b3e327762,plain,compose,interp,"{""depth"": 2}",4,35000,3,0.9993237008651098,0.0,0.9985290269056956,0.0006666666666666666,0.0006666666666666666
looped_transformer,looped_transformer/plain,0c3b3e327762,plain,compose,interp,"{""depth"": 2}",4,37500,3,0.9993058542410532,0.0,0.9985456317663193,0.0006666666666666666,0.0006666666666666666
looped_transformer,looped_transformer/plain,0c3b3e327762,plain,compose,interp,"{""depth"": 2}",4,40000,3,0.9993109131852785,0.0,0.9985455200076103,0.0006666666666666666,0.0006666666666666666
looped_transformer,looped_transformer/plain,0c3b3e327762,plain,compose,interp,"{""depth"": 2}",8,40000,3,0.9997288013497988,0.0,0.9985414780676365,0.0,0.0
looped_transformer,looped_transformer/plain,0c3b3e327762,plain,compose,interp,"{""depth"": 2}",16,2500,3,0.9999980007608732,0.0,0.9989415233333906,0.0,0.0
looped_transformer,looped_transformer/plain,0c3b3e327762,plain,compose,interp,"{""depth"": 2}",16,5000,3,0.9999929840366045,0.0,0.999662014345328,0.0,0.0
looped_transformer,looped_transformer/plain,0c3b3e327762,plain,compose,interp,"{""depth"": 2}",16,7500,3,0.9999895816047987,0.0,0.9998351832230886,0.0,0.0
looped_transformer,looped_transformer/plain,0c3b3e327762,plain,compose,interp,"{""depth"": 2}",16,10000,3,0.9999885559082031,0.0,0.9999094406763712,0.0,0.0
looped_transformer,looped_transformer/plain,0c3b3e327762,plain,compose,interp,"{""depth"": 2}",16,12500,3,0.9999915063381195,0.0,0.9999431495865186,0.0,0.0
looped_transformer,looped_transformer/plain,0c3b3e327762,plain,compose,interp,"{""depth"": 2}",16,15000,3,0.9999756837884585,0.0,0.9999118049939474,0.0,0.0
looped_transformer,looped_transformer/plain,0c3b3e327762,plain,compose,interp,"{""depth"": 2}",16,17500,3,0.999957392613093,0.0,0.9998436694343885,0.0,0.0
looped_transformer,looped_transformer/plain,0c3b3e327762,plain,compose,interp,"{""depth"": 2}",16,20000,3,0.9999439666668574,0.0,0.9998066400488218,0.0,0.0
looped_transformer,looped_transformer/plain,0c3b3e327762,plain,compose,interp,"{""depth"": 2}",16,22500,3,0.9998812079429626,0.0,0.9995733052492142,0.002,0.002
looped_transformer,looped_transformer/plain,0c3b3e327762,plain,compose,interp,"{""depth"": 2}",16,25000,3,0.9998744080464045,0.0,0.99947972347339,0.0006666666666666666,0.0006666666666666666
looped_transformer,looped_transformer/plain,0c3b3e327762,plain,compose,interp,"{""depth"": 2}",16,27500,3,0.9998836368322372,0.0,0.9991721312204996,0.0006666666666666666,0.0006666666666666666
looped_transformer,looped_transformer/plain,0c3b3e327762,plain,compose,interp,"{""depth"": 2}",16,30000,3,0.9998960569500923,0.0,0.9988204116622607,0.0006666666666666666,0.0006666666666666666
looped_transformer,looped_transformer/plain,0c3b3e327762,plain,compose,interp,"{""depth"": 2}",16,32500,3,0.9999083206057549,0.0,0.9988770708441734,0.002,0.002
looped_transformer,looped_transformer/plain,0c3b3e327762,plain,compose,interp,"{""depth"": 2}",16,35000,3,0.9999153837561607,0.0,0.9985290269056956,0.0006666666666666666,0.0006666666666666666
looped_transformer,looped_transformer/plain,0c3b3e327762,plain,compose,interp,"{""depth"": 2}",16,37500,3,0.9999136726061503,0.0,0.9985456317663193,0.0006666666666666666,0.0006666666666666666
looped_transformer,looped_transformer/plain,0c3b3e327762,plain,compose,interp,"{""depth"": 2}",16,40000,3,0.9999146237969398,0.0,0.9985455200076103,0.0006666666666666666,0.0006666666666666666
looped_transformer,looped_transformer/plain,0c3b3e327762,plain,compose,interp,"{""depth"": 2}",32,40000,3,0.9999817951271931,0.0,0.9985414780676365,0.0013333333333333333,0.0013333333333333333
looped_transformer,looped_transformer/plain,0c3b3e327762,plain,compose,mild,"{""depth"": 3}",1,2500,3,-0.13307317097981772,1.0,-0.13307317097981772,0.0,0.0
looped_transformer,looped_transformer/plain,0c3b3e327762,plain,compose,mild,"{""depth"": 3}",1,5000,3,-0.25761353969573975,1.0,-0.25761353969573975,0.0,0.0
looped_transformer,looped_transformer/plain,0c3b3e327762,plain,compose,mild,"{""depth"": 3}",1,7500,3,-0.26853294918934506,1.0,-0.26853294918934506,0.0013333333333333333,0.0013333333333333333
looped_transformer,looped_transformer/plain,0c3b3e327762,plain,compose,mild,"{""depth"": 3}",1,10000,3,-0.2476815873136123,1.0,-0.2476815873136123,0.0,0.0
looped_transformer,looped_transformer/plain,0c3b3e327762,plain,compose,mild,"{""depth"": 3}",1,12500,3,-0.24174958591659865,1.0,-0.24174958591659865,0.0,0.0
looped_transformer,looped_transformer/plain,0c3b3e327762,plain,compose,mild,"{""depth"": 3}",1,15000,3,-0.2538627926260233,1.0,-0.2538627926260233,0.0,0.0
looped_transformer,looped_transformer/plain,0c3b3e327762,plain,compose,mild,"{""depth"": 3}",1,17500,3,-0.24793462144831815,1.0,-0.24793462144831815,0.0,0.0
looped_transformer,looped_transformer/plain,0c3b3e327762,plain,compose,mild,"{""depth"": 3}",1,20000,3,-0.25740108576913673,1.0,-0.25740108576913673,0.0,0.0
looped_transformer,looped_transformer/plain,0c3b3e327762,plain,compose,mild,"{""depth"": 3}",1,22500,3,-0.2641205843538046,1.0,-0.2641205843538046,0.0,0.0
looped_transformer,looped_transformer/plain,0c3b3e327762,plain,compose,mild,"{""depth"": 3}",1,25000,3,-0.26419529008368653,1.0,-0.26419529008368653,0.0013333333333333333,0.0013333333333333333
looped_transformer,looped_transformer/plain,0c3b3e327762,plain,compose,mild,"{""depth"": 3}",1,27500,3,-0.2633021691193183,1.0,-0.2633021691193183,0.0006666666666666666,0.0006666666666666666
looped_transformer,looped_transformer/plain,0c3b3e327762,plain,compose,mild,"{""depth"": 3}",1,30000,3,-0.2541112465163072,1.0,-0.2541112465163072,0.0,0.0
looped_transformer,looped_transformer/plain,0c3b3e327762,plain,compose,mild,"{""depth"": 3}",1,32500,3,-0.2585136126726866,1.0,-0.2585136126726866,0.0006666666666666666,0.0006666666666666666
looped_transformer,looped_transformer/plain,0c3b3e327762,plain,compose,mild,"{""depth"": 3}",1,35000,3,-0.25445740794142085,1.0,-0.25445740794142085,0.0,0.0
looped_transformer,looped_transformer/plain,0c3b3e327762,plain,compose,mild,"{""depth"": 3}",1,37500,3,-0.25558750083049137,1.0,-0.25558750083049137,0.0,0.0
looped_transformer,looped_transformer/plain,0c3b3e327762,plain,compose,mild,"{""depth"": 3}",1,40000,3,-0.2557288973281781,1.0,-0.2557288973281781,0.0,0.0
looped_transformer,looped_transformer/plain,0c3b3e327762,plain,compose,mild,"{""depth"": 3}",2,40000,3,0.9987137739857038,0.0,0.9987137739857038,0.0006666666666666666,0.0006666666666666666
looped_transformer,looped_transformer/plain,0c3b3e327762,plain,compose,mild,"{""depth"": 3}",4,2500,3,0.9998185560107231,0.0,0.9984374245007833,0.0,0.0
looped_transformer,looped_transformer/plain,0c3b3e327762,plain,compose,mild,"{""depth"": 3}",4,5000,3,0.9998723516861597,0.0,0.9996649026870728,0.0,0.0
looped_transformer,looped_transformer/plain,0c3b3e327762,plain,compose,mild,"{""depth"": 3}",4,7500,3,0.999914288520813,0.0,0.9998163183530172,0.0006666666666666666,0.0006666666666666666
looped_transformer,looped_transformer/plain,0c3b3e327762,plain,compose,mild,"{""depth"": 3}",4,10000,3,0.9999611725409826,0.0,0.9999308784802755,0.0,0.0
looped_transformer,looped_transformer/plain,0c3b3e327762,plain,compose,mild,"{""depth"": 3}",4,12500,3,0.9999658763408661,0.0,0.9999430676301321,0.0,0.0
looped_transformer,looped_transformer/plain,0c3b3e327762,plain,compose,mild,"{""depth"": 3}",4,15000,3,0.9999485090374947,0.0,0.9999147579073906,0.0,0.0
looped_transformer,looped_transformer/plain,0c3b3e327762,plain,compose,mild,"{""depth"": 3}",4,17500,3,0.9999242747823397,0.0,0.9998678664366404,0.0,0.0
looped_transformer,looped_transformer/plain,0c3b3e327762,plain,compose,mild,"{""depth"": 3}",4,20000,3,0.9998721753557523,0.0,0.9997453739245733,0.0006666666666666666,0.0006666666666666666
looped_transformer,looped_transformer/plain,0c3b3e327762,plain,compose,mild,"{""depth"": 3}",4,22500,3,0.9997755760947863,0.0,0.9995830282568932,0.0,0.0
looped_transformer,looped_transformer/plain,0c3b3e327762,plain,compose,mild,"{""depth"": 3}",4,25000,3,0.9997533559799194,0.0,0.9995042607188225,0.0006666666666666666,0.0006666666666666666
looped_transformer,looped_transformer/plain,0c3b3e327762,plain,compose,mild,"{""depth"": 3}",4,27500,3,0.9996394192179044,0.0,0.9992120812336603,0.0006666666666666666,0.0006666666666666666
looped_transformer,looped_transformer/plain,0c3b3e327762,plain,compose,mild,"{""depth"": 3}",4,30000,3,0.9995479633410772,0.0,0.998908298710982,0.0006666666666666666,0.0006666666666666666
looped_transformer,looped_transformer/plain,0c3b3e327762,plain,compose,mild,"{""depth"": 3}",4,32500,3,0.9995406741897265,0.0,0.9989609370628992,0.0,0.0
looped_transformer,looped_transformer/plain,0c3b3e327762,plain,compose,mild,"{""depth"": 3}",4,35000,3,0.9994622444113096,0.0,0.998675155142943,0.0,0.0
looped_transformer,looped_transformer/plain,0c3b3e327762,plain,compose,mild,"{""depth"": 3}",4,37500,3,0.9994587774078051,0.0,0.9987320055564245,0.0006666666666666666,0.0006666666666666666
looped_transformer,looped_transformer/plain,0c3b3e327762,plain,compose,mild,"{""depth"": 3}",4,40000,3,0.9994552036126455,0.0,0.9987137739857038,0.0006666666666666666,0.0006666666666666666
looped_transformer,looped_transformer/plain,0c3b3e327762,plain,compose,mild,"{""depth"": 3}",8,40000,3,0.9997213259339333,0.0,0.9986068562914928,0.0006666666666666666,0.0006666666666666666
looped_transformer,looped_transformer/plain,0c3b3e327762,plain,compose,mild,"{""depth"": 3}",16,2500,3,0.9999978691339493,0.0,0.9984374245007833,0.0,0.0
looped_transformer,looped_transformer/plain,0c3b3e327762,plain,compose,mild,"{""depth"": 3}",16,5000,3,0.9999922836820284,0.0,0.9996649026870728,0.0,0.0
looped_transformer,looped_transformer/plain,0c3b3e327762,plain,compose,mild,"{""depth"": 3}",16,7500,3,0.9999911412596703,0.0,0.9998163183530172,0.0006666666666666666,0.0006666666666666666
looped_transformer,looped_transformer/plain,0c3b3e327762,plain,compose,mild,"{""depth"": 3}",16,10000,3,0.9999903614322344,0.0,0.9999308784802755,0.0,0.0
looped_transformer,looped_transformer/plain,0c3b3e327762,plain,compose,mild,"{""depth"": 3}",16,12500,3,0.9999918316801389,0.0,0.9999430676301321,0.0,0.0
looped_transformer,looped_transformer/plain,0c3b3e327762,plain,compose,mild,"{""depth"": 3}",16,15000,3,0.9999766300121943,0.0,0.9999147579073906,0.0,0.0
looped_transformer,looped_transformer/plain,0c3b3e327762,plain,compose,mild,"{""depth"": 3}",16,17500,3,0.9999660154183706,0.0,0.9998678664366404,0.0,0.0
looped_transformer,looped_transformer/plain,0c3b3e327762,plain,compose,mild,"{""depth"": 3}",16,20000,3,0.9999554951985677,0.0,0.9997453739245733,0.0,0.0
looped_transformer,looped_transformer/plain,0c3b3e327762,plain,compose,mild,"{""depth"": 3}",16,22500,3,0.9999017119407654,0.0,0.9995830282568932,0.0,0.0
looped_transformer,looped_transformer/plain,0c3b3e327762,plain,compose,mild,"{""depth"": 3}",16,25000,3,0.9998798469702402,0.0,0.9995042607188225,0.0006666666666666666,0.0006666666666666666
looped_transformer,looped_transformer/plain,0c3b3e327762,plain,compose,mild,"{""depth"": 3}",16,27500,3,0.9998922273516655,0.0,0.9992120812336603,0.0006666666666666666,0.0006666666666666666
looped_transformer,looped_transformer/plain,0c3b3e327762,plain,compose,mild,"{""depth"": 3}",16,30000,3,0.9998997127016386,0.0,0.998908298710982,0.0006666666666666666,0.0006666666666666666
looped_transformer,looped_transformer/plain,0c3b3e327762,plain,compose,mild,"{""depth"": 3}",16,32500,3,0.9999070266882578,0.0,0.9989609370628992,0.0013333333333333333,0.0013333333333333333
looped_transformer,looped_transformer/plain,0c3b3e327762,plain,compose,mild,"{""depth"": 3}",16,35000,3,0.9999109903971354,0.0,0.998675155142943,0.0013333333333333333,0.0013333333333333333
looped_transformer,looped_transformer/plain,0c3b3e327762,plain,compose,mild,"{""depth"": 3}",16,37500,3,0.999912495414416,0.0,0.9987320055564245,0.0013333333333333333,0.0013333333333333333
looped_transformer,looped_transformer/plain,0c3b3e327762,plain,compose,mild,"{""depth"": 3}",16,40000,3,0.9999129474163055,0.0,0.9987137739857038,0.0013333333333333333,0.0013333333333333333
looped_transformer,looped_transformer/plain,0c3b3e327762,plain,compose,mild,"{""depth"": 3}",32,40000,3,0.9999795506397883,0.0,0.9986068562914928,0.002,0.002
looped_transformer,looped_transformer/plain,0c3b3e327762,plain,compose,mild,"{""depth"": 4}",1,2500,3,-0.1319170305505395,1.0,-0.1319170305505395,0.0,0.0
looped_transformer,looped_transformer/plain,0c3b3e327762,plain,compose,mild,"{""depth"": 4}",1,5000,3,-0.24766560768087706,1.0,-0.24766560768087706,0.0006666666666666666,0.0006666666666666666
looped_transformer,looped_transformer/plain,0c3b3e327762,plain,compose,mild,"{""depth"": 4}",1,7500,3,-0.258535264680783,1.0,-0.258535264680783,0.0006666666666666666,0.0006666666666666666
looped_transformer,looped_transformer/plain,0c3b3e327762,plain,compose,mild,"{""depth"": 4}",1,10000,3,-0.2420312458028396,1.0,-0.2420312458028396,0.0,0.0
looped_transformer,looped_transformer/plain,0c3b3e327762,plain,compose,mild,"{""depth"": 4}",1,12500,3,-0.23585162249704203,1.0,-0.23585162249704203,0.0006666666666666666,0.0006666666666666666
looped_transformer,looped_transformer/plain,0c3b3e327762,plain,compose,mild,"{""depth"": 4}",1,15000,3,-0.2506895437836647,1.0,-0.2506895437836647,0.0,0.0
looped_transformer,looped_transformer/plain,0c3b3e327762,plain,compose,mild,"{""depth"": 4}",1,17500,3,-0.24165347466866174,1.0,-0.24165347466866174,0.0006666666666666666,0.0006666666666666666
looped_transformer,looped_transformer/plain,0c3b3e327762,plain,compose,mild,"{""depth"": 4}",1,20000,3,-0.25131177715957165,1.0,-0.25131177715957165,0.0006666666666666666,0.0006666666666666666
looped_transformer,looped_transformer/plain,0c3b3e327762,plain,compose,mild,"{""depth"": 4}",1,22500,3,-0.25725798184672993,1.0,-0.25725798184672993,0.0,0.0
looped_transformer,looped_transformer/plain,0c3b3e327762,plain,compose,mild,"{""depth"": 4}",1,25000,3,-0.2587077207863331,1.0,-0.2587077207863331,0.0006666666666666666,0.0006666666666666666
looped_transformer,looped_transformer/plain,0c3b3e327762,plain,compose,mild,"{""depth"": 4}",1,27500,3,-0.25489025190472603,1.0,-0.25489025190472603,0.0006666666666666666,0.0006666666666666666
looped_transformer,looped_transformer/plain,0c3b3e327762,plain,compose,mild,"{""depth"": 4}",1,30000,3,-0.24993809560934702,1.0,-0.24993809560934702,0.0,0.0
looped_transformer,looped_transformer/plain,0c3b3e327762,plain,compose,mild,"{""depth"": 4}",1,32500,3,-0.2567609039445718,1.0,-0.2567609039445718,0.0,0.0
looped_transformer,looped_transformer/plain,0c3b3e327762,plain,compose,mild,"{""depth"": 4}",1,35000,3,-0.25151410202185315,1.0,-0.25151410202185315,0.0,0.0
looped_transformer,looped_transformer/plain,0c3b3e327762,plain,compose,mild,"{""depth"": 4}",1,37500,3,-0.25337253138422966,1.0,-0.25337253138422966,0.0,0.0
looped_transformer,looped_transformer/plain,0c3b3e327762,plain,compose,mild,"{""depth"": 4}",1,40000,3,-0.25328531488776207,1.0,-0.25328531488776207,0.0,0.0
looped_transformer,looped_transformer/plain,0c3b3e327762,plain,compose,mild,"{""depth"": 4}",2,40000,3,0.9987730657060941,0.0,0.9987730657060941,0.0,0.0
looped_transformer,looped_transformer/plain,0c3b3e327762,plain,compose,mild,"{""depth"": 4}",4,2500,3,0.9998542244235674,0.0,0.9989098633329073,0.0,0.0
looped_transformer,looped_transformer/plain,0c3b3e327762,plain,compose,mild,"{""depth"": 4}",4,5000,3,0.9998410195112228,0.0,0.9994781042138735,0.0006666666666666666,0.0006666666666666666
looped_transformer,looped_transformer/plain,0c3b3e327762,plain,compose,mild,"{""depth"": 4}",4,7500,3,0.9999362801512083,0.0,0.9998770157496134,0.0006666666666666666,0.0006666666666666666
looped_transformer,looped_transformer/plain,0c3b3e327762,plain,compose,mild,"{""depth"": 4}",4,10000,3,0.9999545489748319,0.0,0.9999207928776741,0.0,0.0
looped_transformer,looped_transformer/plain,0c3b3e327762,plain,compose,mild,"{""depth"": 4}",4,12500,3,0.9999631320436796,0.0,0.9999416247010231,0.0006666666666666666,0.0006666666666666666
looped_transformer,looped_transformer/plain,0c3b3e327762,plain,compose,mild,"{""depth"": 4}",4,15000,3,0.9999533196290334,0.0,0.9999217862884203,0.0006666666666666666,0.0006666666666666666
looped_transformer,looped_transformer/plain,0c3b3e327762,plain,compose,mild,"{""depth"": 4}",4,17500,3,0.9999263361096382,0.0,0.9998719990253448,0.0,0.0
looped_transformer,looped_transformer/plain,0c3b3e327762,plain,compose,mild,"{""depth"": 4}",4,20000,3,0.9998952324191729,0.0,0.9998135219017664,0.0006666666666666666,0.0006666666666666666
looped_transformer,looped_transformer/plain,0c3b3e327762,plain,compose,mild,"{""depth"": 4}",4,22500,3,0.999802440404892,0.0,0.9996499468882879,0.0006666666666666666,0.0006666666666666666
looped_transformer,looped_transformer/plain,0c3b3e327762,plain,compose,mild,"{""depth"": 4}",4,25000,3,0.9997670451800028,0.0,0.9995558510224024,0.0013333333333333333,0.0013333333333333333
looped_transformer,looped_transformer/plain,0c3b3e327762,plain,compose,mild,"{""depth"": 4}",4,27500,3,0.9996290430426598,0.0,0.9992570678393046,0.0006666666666666666,0.0006666666666666666
looped_transformer,looped_transformer/plain,0c3b3e327762,plain,compose,mild,"{""depth"": 4}",4,30000,3,0.9995784536004066,0.0,0.9990797862410545,0.0013333333333333333,0.0013333333333333333
looped_transformer,looped_transformer/plain,0c3b3e327762,plain,compose,mild,"{""depth"": 4}",4,32500,3,0.9995709806680679,0.0,0.9991183032592138,0.0,0.0
looped_transformer,looped_transformer/plain,0c3b3e327762,plain,compose,mild,"{""depth"": 4}",4,35000,3,0.999448207517465,0.0,0.9987885678807894,0.0,0.0
looped_transformer,looped_transformer/plain,0c3b3e327762,plain,compose,mild,"{""depth"": 4}",4,37500,3,0.9994359090924263,0.0,0.9987945283452669,0.0,0.0
looped_transformer,looped_transformer/plain,0c3b3e327762,plain,compose,mild,"{""depth"": 4}",4,40000,3,0.999433808028698,0.0,0.9987730657060941,0.0,0.0
looped_transformer,looped_transformer/plain,0c3b3e327762,plain,compose,mild,"{""depth"": 4}",8,40000,3,0.9997359085828066,0.0,0.9987879370649656,0.0,0.0
looped_transformer,looped_transformer/plain,0c3b3e327762,plain,compose,mild,"{""depth"": 4}",16,2500,3,0.9999981820583344,0.0,0.9989098633329073,0.0,0.0
looped_transformer,looped_transformer/plain,0c3b3e327762,plain,compose,mild,"{""depth"": 4}",16,5000,3,0.9999921942750613,0.0,0.9994781042138735,0.0006666666666666666,0.0006666666666666666
looped_transformer,looped_transformer/plain,0c3b3e327762,plain,compose,mild,"{""depth"": 4}",16,7500,3,0.9999913771947225,0.0,0.9998770157496134,0.0,0.0
looped_transformer,looped_transformer/plain,0c3b3e327762,plain,compose,mild,"{""depth"": 4}",16,10000,3,0.9999890898664793,0.0,0.9999207928776741,0.0006666666666666666,0.0006666666666666666
looped_transformer,looped_transformer/plain,0c3b3e327762,plain,compose,mild,"{""depth"": 4}",16,12500,3,0.9999910642703375,0.0,0.9999416247010231,0.0,0.0
looped_transformer,looped_transformer/plain,0c3b3e327762,plain,compose,mild,"{""depth"": 4}",16,15000,3,0.9999776457746824,0.0,0.9999217862884203,0.0006666666666666666,0.0006666666666666666
looped_transformer,looped_transformer/plain,0c3b3e327762,plain,compose,mild,"{""depth"": 4}",16,17500,3,0.9999628588557243,0.0,0.9998719990253448,0.0,0.0
looped_transformer,looped_transformer/plain,0c3b3e327762,plain,compose,mild,"{""depth"": 4}",16,20000,3,0.9999517028530439,0.0,0.9998135219017664,0.0006666666666666666,0.0006666666666666666
looped_transformer,looped_transformer/plain,0c3b3e327762,plain,compose,mild,"{""depth"": 4}",16,22500,3,0.9998946487903595,0.0,0.9996499468882879,0.0006666666666666666,0.0006666666666666666
looped_transformer,looped_transformer/plain,0c3b3e327762,plain,compose,mild,"{""depth"": 4}",16,25000,3,0.9998819256822268,0.0,0.9995558510224024,0.0006666666666666666,0.0006666666666666666
looped_transformer,looped_transformer/plain,0c3b3e327762,plain,compose,mild,"{""depth"": 4}",16,27500,3,0.99986199537913,0.0,0.9992570678393046,0.0006666666666666666,0.0006666666666666666
looped_transformer,looped_transformer/plain,0c3b3e327762,plain,compose,mild,"{""depth"": 4}",16,30000,3,0.9998728359738985,0.0,0.9990797862410545,0.0,0.0
looped_transformer,looped_transformer/plain,0c3b3e327762,plain,compose,mild,"{""depth"": 4}",16,32500,3,0.999888226389885,0.0,0.9991183032592138,0.0,0.0
looped_transformer,looped_transformer/plain,0c3b3e327762,plain,compose,mild,"{""depth"": 4}",16,35000,3,0.9998943656682968,0.0,0.9987885678807894,0.0,0.0
looped_transformer,looped_transformer/plain,0c3b3e327762,plain,compose,mild,"{""depth"": 4}",16,37500,3,0.9998898630340894,0.0,0.9987945283452669,0.0,0.0
looped_transformer,looped_transformer/plain,0c3b3e327762,plain,compose,mild,"{""depth"": 4}",16,40000,3,0.9998911072810491,0.0,0.9987730657060941,0.0,0.0
looped_transformer,looped_transformer/plain,0c3b3e327762,plain,compose,mild,"{""depth"": 4}",32,40000,3,0.9999786602954069,0.0,0.9987879370649656,0.0,0.0
looped_transformer,looped_transformer/plain,0c3b3e327762,plain,compose,strong,"{""depth"": 6}",1,2500,3,-0.12695141431565085,1.0,-0.12695141431565085,0.0006666666666666666,0.0006666666666666666
looped_transformer,looped_transformer/plain,0c3b3e327762,plain,compose,strong,"{""depth"": 6}",1,5000,3,-0.25214417775472003,1.0,-0.25214417775472003,0.0,0.0
looped_transformer,looped_transformer/plain,0c3b3e327762,plain,compose,strong,"{""depth"": 6}",1,7500,3,-0.25895889041324455,1.0,-0.25895889041324455,0.0006666666666666666,0.0006666666666666666
looped_transformer,looped_transformer/plain,0c3b3e327762,plain,compose,strong,"{""depth"": 6}",1,10000,3,-0.24052431682745615,1.0,-0.24052431682745615,0.0006666666666666666,0.0006666666666666666
looped_transformer,looped_transformer/plain,0c3b3e327762,plain,compose,strong,"{""depth"": 6}",1,12500,3,-0.23691359472771487,1.0,-0.23691359472771487,0.0,0.0
looped_transformer,looped_transformer/plain,0c3b3e327762,plain,compose,strong,"{""depth"": 6}",1,15000,3,-0.2454558853060007,1.0,-0.2454558853060007,0.0006666666666666666,0.0006666666666666666
looped_transformer,looped_transformer/plain,0c3b3e327762,plain,compose,strong,"{""depth"": 6}",1,17500,3,-0.2405973163743814,1.0,-0.2405973163743814,0.0013333333333333333,0.0013333333333333333
looped_transformer,looped_transformer/plain,0c3b3e327762,plain,compose,strong,"{""depth"": 6}",1,20000,3,-0.2481670572112004,1.0,-0.2481670572112004,0.0,0.0
looped_transformer,looped_transformer/plain,0c3b3e327762,plain,compose,strong,"{""depth"": 6}",1,22500,3,-0.2562827082971732,1.0,-0.2562827082971732,0.0,0.0
looped_transformer,looped_transformer/plain,0c3b3e327762,plain,compose,strong,"{""depth"": 6}",1,25000,3,-0.2585857957601547,1.0,-0.2585857957601547,0.0006666666666666666,0.0006666666666666666
looped_transformer,looped_transformer/plain,0c3b3e327762,plain,compose,strong,"{""depth"": 6}",1,27500,3,-0.2558481351782878,1.0,-0.2558481351782878,0.0006666666666666666,0.0006666666666666666
looped_transformer,looped_transformer/plain,0c3b3e327762,plain,compose,strong,"{""depth"": 6}",1,30000,3,-0.24796486583848795,1.0,-0.24796486583848795,0.0,0.0
looped_transformer,looped_transformer/plain,0c3b3e327762,plain,compose,strong,"{""depth"": 6}",1,32500,3,-0.25221688362459344,1.0,-0.25221688362459344,0.0,0.0
looped_transformer,looped_transformer/plain,0c3b3e327762,plain,compose,strong,"{""depth"": 6}",1,35000,3,-0.24760263785719872,1.0,-0.24760263785719872,0.0,0.0
looped_transformer,looped_transformer/plain,0c3b3e327762,plain,compose,strong,"{""depth"": 6}",1,37500,3,-0.24940514750778675,1.0,-0.24940514750778675,0.0,0.0
looped_transformer,looped_transformer/plain,0c3b3e327762,plain,compose,strong,"{""depth"": 6}",1,40000,3,-0.24931210031112036,1.0,-0.24931210031112036,0.0,0.0
looped_transformer,looped_transformer/plain,0c3b3e327762,plain,compose,strong,"{""depth"": 6}",2,40000,3,0.9986854369441668,0.0,0.9986854369441668,0.0,0.0
looped_transformer,looped_transformer/plain,0c3b3e327762,plain,compose,strong,"{""depth"": 6}",4,2500,3,0.9998233417669932,0.0,0.9980456084012985,0.0006666666666666666,0.0006666666666666666
looped_transformer,looped_transformer/plain,0c3b3e327762,plain,compose,strong,"{""depth"": 6}",4,5000,3,0.9998893737792969,0.0,0.9997167413433393,0.0,0.0
looped_transformer,looped_transformer/plain,0c3b3e327762,plain,compose,strong,"{""depth"": 6}",4,7500,3,0.9999343802531561,0.0,0.9998740802208582,0.0013333333333333333,0.0013333333333333333
looped_transformer,looped_transformer/plain,0c3b3e327762,plain,compose,strong,"{""depth"": 6}",4,10000,3,0.9999662190675735,0.0,0.9999445180098215,0.0006666666666666666,0.0006666666666666666
looped_transformer,looped_transformer/plain,0c3b3e327762,plain,compose,strong,"{""depth"": 6}",4,12500,3,0.9999679525693258,0.0,0.9999504859248797,0.0006666666666666666,0.0006666666666666666
looped_transformer,looped_transformer/plain,0c3b3e327762,plain,compose,strong,"{""depth"": 6}",4,15000,3,0.9999568288524946,0.0,0.9999309629201889,0.0006666666666666666,0.0006666666666666666
looped_transformer,looped_transformer/plain,0c3b3e327762,plain,compose,strong,"{""depth"": 6}",4,17500,3,0.9999361435572306,0.0,0.999891072511673,0.0013333333333333333,0.0013333333333333333
looped_transformer,looped_transformer/plain,0c3b3e327762,plain,compose,strong,"{""depth"": 6}",4,20000,3,0.9999096343914667,0.0,0.9998285099864006,0.0,0.0
looped_transformer,looped_transformer/plain,0c3b3e327762,plain,compose,strong,"{""depth"": 6}",4,22500,3,0.9998492548863093,0.0,0.9997372006376585,0.0,0.0
looped_transformer,looped_transformer/plain,0c3b3e327762,plain,compose,strong,"{""depth"": 6}",4,25000,3,0.9997967705130577,0.0,0.9996254468957583,0.0,0.0
looped_transformer,looped_transformer/plain,0c3b3e327762,plain,compose,strong,"{""depth"": 6}",4,27500,3,0.9997045968969663,0.0,0.9994216536482176,0.0013333333333333333,0.0013333333333333333
looped_transformer,looped_transformer/plain,0c3b3e327762,plain,compose,strong,"{""depth"": 6}",4,30000,3,0.9995775197943052,0.0,0.9989010095596313,0.0,0.0
looped_transformer,looped_transformer/plain,0c3b3e327762,plain,compose,strong,"{""depth"": 6}",4,32500,3,0.9995983963211378,0.0,0.9990759665767351,0.0,0.0
looped_transformer,looped_transformer/plain,0c3b3e327762,plain,compose,strong,"{""depth"": 6}",4,35000,3,0.9994668687383333,0.0,0.9986428742607435,0.0,0.0
looped_transformer,looped_transformer/plain,0c3b3e327762,plain,compose,strong,"{""depth"": 6}",4,37500,3,0.9994718184073766,0.0,0.9986941069364548,0.0,0.0
looped_transformer,looped_transformer/plain,0c3b3e327762,plain,compose,strong,"{""depth"": 6}",4,40000,3,0.9994741727908453,0.0,0.9986854369441668,0.0,0.0
looped_transformer,looped_transformer/plain,0c3b3e327762,plain,compose,strong,"{""depth"": 6}",8,40000,3,0.999752310415109,0.0,0.9988484277079502,0.0,0.0
looped_transformer,looped_transformer/plain,0c3b3e327762,plain,compose,strong,"{""depth"": 6}",16,2500,3,0.9999981174866358,0.0,0.9980456084012985,0.0006666666666666666,0.0006666666666666666
looped_transformer,looped_transformer/plain,0c3b3e327762,plain,compose,strong,"{""depth"": 6}",16,5000,3,0.9999925568699837,0.0,0.9997167413433393,0.0,0.0
looped_transformer,looped_transformer/plain,0c3b3e327762,plain,compose,strong,"{""depth"": 6}",16,7500,3,0.9999913796782494,0.0,0.9998740802208582,0.0006666666666666666,0.0006666666666666666
looped_transformer,looped_transformer/plain,0c3b3e327762,plain,compose,strong,"{""depth"": 6}",16,10000,3,0.9999906023343405,0.0,0.9999445180098215,0.0,0.0
looped_transformer,looped_transformer/plain,0c3b3e327762,plain,compose,strong,"{""depth"": 6}",16,12500,3,0.9999919161200523,0.0,0.9999504859248797,0.0006666666666666666,0.0006666666666666666
looped_transformer,looped_transformer/plain,0c3b3e327762,plain,compose,strong,"{""depth"": 6}",16,15000,3,0.9999780977765719,0.0,0.9999309629201889,0.0006666666666666666,0.0006666666666666666
looped_transformer,looped_transformer/plain,0c3b3e327762,plain,compose,strong,"{""depth"": 6}",16,17500,3,0.9999652877449989,0.0,0.999891072511673,0.0006666666666666666,0.0006666666666666666
looped_transformer,looped_transformer/plain,0c3b3e327762,plain,compose,strong,"{""depth"": 6}",16,20000,3,0.9999552393953005,0.0,0.9998285099864006,0.0006666666666666666,0.0006666666666666666
looped_transformer,looped_transformer/plain,0c3b3e327762,plain,compose,strong,"{""depth"": 6}",16,22500,3,0.999910943210125,0.0,0.9997372006376585,0.0006666666666666666,0.0006666666666666666
looped_transformer,looped_transformer/plain,0c3b3e327762,plain,compose,strong,"{""depth"": 6}",16,25000,3,0.999892883002758,0.0,0.9996254468957583,0.0,0.0
looped_transformer,looped_transformer/plain,0c3b3e327762,plain,compose,strong,"{""depth"": 6}",16,27500,3,0.9998586550354958,0.0,0.9994216536482176,0.0006666666666666666,0.0006666666666666666
looped_transformer,looped_transformer/plain,0c3b3e327762,plain,compose,strong,"{""depth"": 6}",16,30000,3,0.9998846252759298,0.0,0.9989010095596313,0.0006666666666666666,0.0006666666666666666
looped_transformer,looped_transformer/plain,0c3b3e327762,plain,compose,strong,"{""depth"": 6}",16,32500,3,0.9998985677957535,0.0,0.9990759665767351,0.0006666666666666666,0.0006666666666666666
looped_transformer,looped_transformer/plain,0c3b3e327762,plain,compose,strong,"{""depth"": 6}",16,35000,3,0.9998993128538132,0.0,0.9986428742607435,0.0006666666666666666,0.0006666666666666666
looped_transformer,looped_transformer/plain,0c3b3e327762,plain,compose,strong,"{""depth"": 6}",16,37500,3,0.9999008228381475,0.0,0.9986941069364548,0.0013333333333333333,0.0013333333333333333
looped_transformer,looped_transformer/plain,0c3b3e327762,plain,compose,strong,"{""depth"": 6}",16,40000,3,0.9999015604456266,0.0,0.9986854369441668,0.0013333333333333333,0.0013333333333333333
looped_transformer,looped_transformer/plain,0c3b3e327762,plain,compose,strong,"{""depth"": 6}",32,40000,3,0.9999740043034157,0.0,0.9988484277079502,0.0006666666666666666,0.0006666666666666666
looped_transformer,looped_transformer/plain,0c3b3e327762,plain,compose,strong,"{""depth"": 8}",1,2500,3,-0.12362954299896955,1.0,-0.12362954299896955,0.0,0.0
looped_transformer,looped_transformer/plain,0c3b3e327762,plain,compose,strong,"{""depth"": 8}",1,5000,3,-0.24394909913341203,1.0,-0.24394909913341203,0.0013333333333333333,0.0013333333333333333
looped_transformer,looped_transformer/plain,0c3b3e327762,plain,compose,strong,"{""depth"": 8}",1,7500,3,-0.25881130807101727,1.0,-0.25881130807101727,0.0006666666666666666,0.0006666666666666666
looped_transformer,looped_transformer/plain,0c3b3e327762,plain,compose,strong,"{""depth"": 8}",1,10000,3,-0.23860510749121508,1.0,-0.23860510749121508,0.0,0.0
looped_transformer,looped_transformer/plain,0c3b3e327762,plain,compose,strong,"{""depth"": 8}",1,12500,3,-0.23357536581655344,1.0,-0.23357536581655344,0.0,0.0
looped_transformer,looped_transformer/plain,0c3b3e327762,plain,compose,strong,"{""depth"": 8}",1,15000,3,-0.2436287353436152,1.0,-0.2436287353436152,0.0,0.0
looped_transformer,looped_transformer/plain,0c3b3e327762,plain,compose,strong,"{""depth"": 8}",1,17500,3,-0.23813966289162636,1.0,-0.23813966289162636,0.0,0.0
looped_transformer,looped_transformer/plain,0c3b3e327762,plain,compose,strong,"{""depth"": 8}",1,20000,3,-0.24602153711020947,1.0,-0.24602153711020947,0.0,0.0
looped_transformer,looped_transformer/plain,0c3b3e327762,plain,compose,strong,"{""depth"": 8}",1,22500,3,-0.25549865886569023,1.0,-0.25549865886569023,0.0,0.0
looped_transformer,looped_transformer/plain,0c3b3e327762,plain,compose,strong,"{""depth"": 8}",1,25000,3,-0.2550253104418516,1.0,-0.2550253104418516,0.0,0.0
looped_transformer,looped_transformer/plain,0c3b3e327762,plain,compose,strong,"{""depth"": 8}",1,27500,3,-0.2526854233195384,1.0,-0.2526854233195384,0.0,0.0
looped_transformer,looped_transformer/plain,0c3b3e327762,plain,compose,strong,"{""depth"": 8}",1,30000,3,-0.24502255643407503,1.0,-0.24502255643407503,0.0006666666666666666,0.0006666666666666666
looped_transformer,looped_transformer/plain,0c3b3e327762,plain,compose,strong,"{""depth"": 8}",1,32500,3,-0.2512094285339117,1.0,-0.2512094285339117,0.0,0.0
looped_transformer,looped_transformer/plain,0c3b3e327762,plain,compose,strong,"{""depth"": 8}",1,35000,3,-0.2451110202819109,1.0,-0.2451110202819109,0.0,0.0
looped_transformer,looped_transformer/plain,0c3b3e327762,plain,compose,strong,"{""depth"": 8}",1,37500,3,-0.24683786494036516,1.0,-0.24683786494036516,0.0,0.0
looped_transformer,looped_transformer/plain,0c3b3e327762,plain,compose,strong,"{""depth"": 8}",1,40000,3,-0.24684281088411808,1.0,-0.24684281088411808,0.0,0.0
looped_transformer,looped_transformer/plain,0c3b3e327762,plain,compose,strong,"{""depth"": 8}",2,40000,3,0.9987566371758779,0.0,0.9987566371758779,0.0,0.0
looped_transformer,looped_transformer/plain,0c3b3e327762,plain,compose,strong,"{""depth"": 8}",4,2500,3,0.9998450949788094,0.0,0.9987295940518379,0.0,0.0
looped_transformer,looped_transformer/plain,0c3b3e327762,plain,compose,strong,"{""depth"": 8}",4,5000,3,0.9998765687147776,0.0,0.9996734857559204,0.0013333333333333333,0.0013333333333333333
looped_transformer,looped_transformer/plain,0c3b3e327762,plain,compose,strong,"{""depth"": 8}",4,7500,3,0.9999477217594782,0.0,0.9999013692140579,0.0,0.0
looped_transformer,looped_transformer/plain,0c3b3e327762,plain,compose,strong,"{""depth"": 8}",4,10000,3,0.9999624192714691,0.0,0.9999374002218246,0.0,0.0
looped_transformer,looped_transformer/plain,0c3b3e327762,plain,compose,strong,"{""depth"": 8}",4,12500,3,0.999960424999396,0.0,0.9999370301763216,0.0,0.0
looped_transformer,looped_transformer/plain,0c3b3e327762,plain,compose,strong,"{""depth"": 8}",4,15000,3,0.9999508311351141,0.0,0.9999192779262861,0.0,0.0
looped_transformer,looped_transformer/plain,0c3b3e327762,plain,compose,strong,"{""depth"": 8}",4,17500,3,0.9999247392018636,0.0,0.9998649557431539,0.0,0.0
looped_transformer,looped_transformer/plain,0c3b3e327762,plain,compose,strong,"{""depth"": 8}",4,20000,3,0.9998997723062834,0.0,0.9998204583923022,0.0006666666666666666,0.0006666666666666666
looped_transformer,looped_transformer/plain,0c3b3e327762,plain,compose,strong,"{""depth"": 8}",4,22500,3,0.9998429963986079,0.0,0.9997231289744377,0.0,0.0
looped_transformer,looped_transformer/plain,0c3b3e327762,plain,compose,strong,"{""depth"": 8}",4,25000,3,0.9997779304782549,0.0,0.9995468805233637,0.0,0.0
looped_transformer,looped_transformer/plain,0c3b3e327762,plain,compose,strong,"{""depth"": 8}",4,27500,3,0.9996684243281683,0.0,0.9992770254611969,0.0,0.0
looped_transformer,looped_transformer/plain,0c3b3e327762,plain,compose,strong,"{""depth"": 8}",4,30000,3,0.9995879083871841,0.0,0.9989635248978933,0.0,0.0
looped_transformer,looped_transformer/plain,0c3b3e327762,plain,compose,strong,"{""depth"": 8}",4,32500,3,0.999592291812102,0.0,0.9990924174586931,0.0006666666666666666,0.0006666666666666666
looped_transformer,looped_transformer/plain,0c3b3e327762,plain,compose,strong,"{""depth"": 8}",4,35000,3,0.9994621500372887,0.0,0.998723270992438,0.0,0.0
looped_transformer,looped_transformer/plain,0c3b3e327762,plain,compose,strong,"{""depth"": 8}",4,37500,3,0.9994613975286484,0.0,0.9987611547112465,0.0,0.0
looped_transformer,looped_transformer/plain,0c3b3e327762,plain,compose,strong,"{""depth"": 8}",4,40000,3,0.9994648694992065,0.0,0.9987566371758779,0.0,0.0
looped_transformer,looped_transformer/plain,0c3b3e327762,plain,compose,strong,"{""depth"": 8}",8,40000,3,0.9997362655897936,0.0,0.9987866369386514,0.0,0.0
looped_transformer,looped_transformer/plain,0c3b3e327762,plain,compose,strong,"{""depth"": 8}",16,2500,3,0.9999981398383776,0.0,0.9987295940518379,0.0,0.0
looped_transformer,looped_transformer/plain,0c3b3e327762,plain,compose,strong,"{""depth"": 8}",16,5000,3,0.9999925221006075,0.0,0.9996734857559204,0.0006666666666666666,0.0006666666666666666
looped_transformer,looped_transformer/plain,0c3b3e327762,plain,compose,strong,"{""depth"": 8}",16,7500,3,0.9999926661451658,0.0,0.9999013692140579,0.0,0.0
looped_transformer,looped_transformer/plain,0c3b3e327762,plain,compose,strong,"{""depth"": 8}",16,10000,3,0.9999907289942106,0.0,0.9999374002218246,0.0,0.0
looped_transformer,looped_transformer/plain,0c3b3e327762,plain,compose,strong,"{""depth"": 8}",16,12500,3,0.9999908258517584,0.0,0.9999370301763216,0.0,0.0
looped_transformer,looped_transformer/plain,0c3b3e327762,plain,compose,strong,"{""depth"": 8}",16,15000,3,0.9999780977765719,0.0,0.9999192779262861,0.0006666666666666666,0.0006666666666666666
looped_transformer,looped_transformer/plain,0c3b3e327762,plain,compose,strong,"{""depth"": 8}",16,17500,3,0.9999666661024094,0.0,0.9998649557431539,0.0013333333333333333,0.0013333333333333333
looped_transformer,looped_transformer/plain,0c3b3e327762,plain,compose,strong,"{""depth"": 8}",16,20000,3,0.9999542584021887,0.0,0.9998204583923022,0.0,0.0
looped_transformer,looped_transformer/plain,0c3b3e327762,plain,compose,strong,"{""depth"": 8}",16,22500,3,0.9999132106701533,0.0,0.9997231289744377,0.0006666666666666666,0.0006666666666666666
looped_transformer,looped_transformer/plain,0c3b3e327762,plain,compose,strong,"{""depth"": 8}",16,25000,3,0.9998881618181864,0.0,0.9995468805233637,0.0,0.0
looped_transformer,looped_transformer/plain,0c3b3e327762,plain,compose,strong,"{""depth"": 8}",16,27500,3,0.9998703127106031,0.0,0.9992770254611969,0.0,0.0
looped_transformer,looped_transformer/plain,0c3b3e327762,plain,compose,strong,"{""depth"": 8}",16,30000,3,0.9998925849795341,0.0,0.9989635248978933,0.0,0.0
looped_transformer,looped_transformer/plain,0c3b3e327762,plain,compose,strong,"{""depth"": 8}",16,32500,3,0.9998950262864431,0.0,0.9990924174586931,0.0,0.0
looped_transformer,looped_transformer/plain,0c3b3e327762,plain,compose,strong,"{""depth"": 8}",16,35000,3,0.9998909855882326,0.0,0.998723270992438,0.0,0.0
looped_transformer,looped_transformer/plain,0c3b3e327762,plain,compose,strong,"{""depth"": 8}",16,37500,3,0.9998883977532387,0.0,0.9987611547112465,0.0,0.0
looped_transformer,looped_transformer/plain,0c3b3e327762,plain,compose,strong,"{""depth"": 8}",16,40000,3,0.9998896593848864,0.0,0.9987566371758779,0.0,0.0
looped_transformer,looped_transformer/plain,0c3b3e327762,plain,compose,strong,"{""depth"": 8}",32,40000,3,0.9999717796842257,0.0,0.9987866369386514,0.0,0.0
looped_transformer,looped_transformer/plain,7b5270d29d49,plain,compose,interp,"{""depth"": 1}",1,2500,1,-0.13146311044692993,1.0,-0.13146311044692993,0.0,0.0
looped_transformer,looped_transformer/plain,7b5270d29d49,plain,compose,interp,"{""depth"": 1}",1,5000,1,-0.24430840648710728,1.0,-0.24430840648710728,0.0,0.0
looped_transformer,looped_transformer/plain,7b5270d29d49,plain,compose,interp,"{""depth"": 1}",1,7500,1,-0.25017847307026386,1.0,-0.25017847307026386,0.0,0.0
looped_transformer,looped_transformer/plain,7b5270d29d49,plain,compose,interp,"{""depth"": 1}",1,8000,1,-0.2497402261942625,1.0,-0.2497402261942625,0.0,0.0
looped_transformer,looped_transformer/plain,7b5270d29d49,plain,compose,interp,"{""depth"": 1}",4,2500,1,0.9998069331049919,0.0,0.9987171366810799,0.0,0.0
looped_transformer,looped_transformer/plain,7b5270d29d49,plain,compose,interp,"{""depth"": 1}",4,5000,1,0.9998846799135208,0.0,0.9993027150630951,0.0,0.0
looped_transformer,looped_transformer/plain,7b5270d29d49,plain,compose,interp,"{""depth"": 1}",4,7500,1,0.9998841732740402,0.0,0.9993032738566399,0.0,0.0
looped_transformer,looped_transformer/plain,7b5270d29d49,plain,compose,interp,"{""depth"": 1}",4,8000,1,0.9998818561434746,0.0,0.9992927014827728,0.0,0.0
looped_transformer,looped_transformer/plain,7b5270d29d49,plain,compose,interp,"{""depth"": 1}",8,8000,1,0.9999821111559868,0.0,0.9992945361882448,0.0,0.0
looped_transformer,looped_transformer/plain,7b5270d29d49,plain,compose,interp,"{""depth"": 1}",32,8000,1,0.9999998174607754,0.0,0.9992945361882448,0.0,0.0
looped_transformer,looped_transformer/plain,7b5270d29d49,plain,compose,interp,"{""depth"": 2}",1,2500,1,-0.11495136935263872,1.0,-0.11495136935263872,0.0,0.0
looped_transformer,looped_transformer/plain,7b5270d29d49,plain,compose,interp,"{""depth"": 2}",1,5000,1,-0.22284398414194584,1.0,-0.22284398414194584,0.0,0.0
looped_transformer,looped_transformer/plain,7b5270d29d49,plain,compose,interp,"{""depth"": 2}",1,7500,1,-0.23270978033542633,1.0,-0.23270978033542633,0.0,0.0
looped_transformer,looped_transformer/plain,7b5270d29d49,plain,compose,interp,"{""depth"": 2}",1,8000,1,-0.2325970008969307,1.0,-0.2325970008969307,0.0,0.0
looped_transformer,looped_transformer/plain,7b5270d29d49,plain,compose,interp,"{""depth"": 2}",4,2500,1,0.99982550740242,0.0,0.9987974688410759,0.0,0.0
looped_transformer,looped_transformer/plain,7b5270d29d49,plain,compose,interp,"{""depth"": 2}",4,5000,1,0.9998842254281044,0.0,0.999317392706871,0.0,0.0
looped_transformer,looped_transformer/plain,7b5270d29d49,plain,compose,interp,"{""depth"": 2}",4,7500,1,0.999898262321949,0.0,0.9993698075413704,0.0,0.0
looped_transformer,looped_transformer/plain,7b5270d29d49,plain,compose,interp,"{""depth"": 2}",4,8000,1,0.9998971223831177,0.0,0.9993641749024391,0.0,0.0
looped_transformer,looped_transformer/plain,7b5270d29d49,plain,compose,interp,"{""depth"": 2}",8,8000,1,0.9999847002327442,0.0,0.9993668347597122,0.0,0.0
looped_transformer,looped_transformer/plain,7b5270d29d49,plain,compose,interp,"{""depth"": 2}",32,8000,1,0.9999998584389687,0.0,0.9993668347597122,0.0,0.0
looped_transformer,looped_transformer/plain,7b5270d29d49,plain,compose,mild,"{""depth"": 3}",1,2500,1,-0.10690576769411564,1.0,-0.10690576769411564,0.0,0.0
looped_transformer,looped_transformer/plain,7b5270d29d49,plain,compose,mild,"{""depth"": 3}",1,5000,1,-0.20954107493162155,1.0,-0.20954107493162155,0.0,0.0
looped_transformer,looped_transformer/plain,7b5270d29d49,plain,compose,mild,"{""depth"": 3}",1,7500,1,-0.22262344881892204,1.0,-0.22262344881892204,0.0,0.0
looped_transformer,looped_transformer/plain,7b5270d29d49,plain,compose,mild,"{""depth"": 3}",1,8000,1,-0.22262653149664402,1.0,-0.22262653149664402,0.0,0.0
looped_transformer,looped_transformer/plain,7b5270d29d49,plain,compose,mild,"{""depth"": 3}",4,2500,1,0.9998267069458961,0.0,0.9988013282418251,0.0,0.0
looped_transformer,looped_transformer/plain,7b5270d29d49,plain,compose,mild,"{""depth"": 3}",4,5000,1,0.9999096766114235,0.0,0.999408446252346,0.0,0.0
looped_transformer,looped_transformer/plain,7b5270d29d49,plain,compose,mild,"{""depth"": 3}",4,7500,1,0.9999038428068161,0.0,0.9993946179747581,0.0,0.0
looped_transformer,looped_transformer/plain,7b5270d29d49,plain,compose,mild,"{""depth"": 3}",4,8000,1,0.9999027028679848,0.0,0.9993887394666672,0.0,0.0
looped_transformer,looped_transformer/plain,7b5270d29d49,plain,compose,mild,"{""depth"": 3}",8,8000,1,0.9999856743961573,0.0,0.9993894938379526,0.0,0.0
looped_transformer,looped_transformer/plain,7b5270d29d49,plain,compose,mild,"{""depth"": 3}",32,8000,1,0.9999998360872269,0.0,0.9993894938379526,0.0,0.0
looped_transformer,looped_transformer/plain,7b5270d29d49,plain,compose,mild,"{""depth"": 4}",1,2500,1,-0.1038754042237997,1.0,-0.1038754042237997,0.0,0.0
looped_transformer,looped_transformer/plain,7b5270d29d49,plain,compose,mild,"{""depth"": 4}",1,5000,1,-0.2048010639846325,1.0,-0.2048010639846325,0.0,0.0
looped_transformer,looped_transformer/plain,7b5270d29d49,plain,compose,mild,"{""depth"": 4}",1,7500,1,-0.21768618002533913,1.0,-0.21768618002533913,0.0,0.0
looped_transformer,looped_transformer/plain,7b5270d29d49,plain,compose,mild,"{""depth"": 4}",1,8000,1,-0.21769347414374352,1.0,-0.21769347414374352,0.0,0.0
looped_transformer,looped_transformer/plain,7b5270d29d49,plain,compose,mild,"{""depth"": 4}",4,2500,1,0.9998224079608917,0.0,0.998781144618988,0.0,0.0
looped_transformer,looped_transformer/plain,7b5270d29d49,plain,compose,mild,"{""depth"": 4}",4,5000,1,0.9999129921197891,0.0,0.9994209334254265,0.0,0.0
looped_transformer,looped_transformer/plain,7b5270d29d49,plain,compose,mild,"{""depth"": 4}",4,7500,1,0.9999119788408279,0.0,0.9994357600808144,0.0,0.0
looped_transformer,looped_transformer/plain,7b5270d29d49,plain,compose,mild,"{""depth"": 4}",4,8000,1,0.9999110996723175,0.0,0.9994311779737473,0.0,0.0
looped_transformer,looped_transformer/plain,7b5270d29d49,plain,compose,mild,"{""depth"": 4}",8,8000,1,0.9999871328473091,0.0,0.9994311910122633,0.0,0.0
looped_transformer,looped_transformer/plain,7b5270d29d49,plain,compose,mild,"{""depth"": 4}",32,8000,1,0.9999998677521944,0.0,0.9994311910122633,0.0,0.0
looped_transformer,looped_transformer/plain,7b5270d29d49,plain,compose,strong,"{""depth"": 6}",1,2500,1,-0.1013175155967474,1.0,-0.1013175155967474,0.0,0.0
looped_transformer,looped_transformer/plain,7b5270d29d49,plain,compose,strong,"{""depth"": 6}",1,5000,1,-0.20215249061584473,1.0,-0.20215249061584473,0.0,0.0
looped_transformer,looped_transformer/plain,7b5270d29d49,plain,compose,strong,"{""depth"": 6}",1,7500,1,-0.2143019586801529,1.0,-0.2143019586801529,0.0,0.0
looped_transformer,looped_transformer/plain,7b5270d29d49,plain,compose,strong,"{""depth"": 6}",1,8000,1,-0.21431764960289001,1.0,-0.21431764960289001,0.0,0.0
looped_transformer,looped_transformer/plain,7b5270d29d49,plain,compose,strong,"{""depth"": 6}",4,2500,1,0.9998277649283409,0.0,0.9988079741597176,0.0,0.0
looped_transformer,looped_transformer/plain,7b5270d29d49,plain,compose,strong,"{""depth"": 6}",4,5000,1,0.9999115690588951,0.0,0.9994156360626221,0.0,0.0
looped_transformer,looped_transformer/plain,7b5270d29d49,plain,compose,strong,"{""depth"": 6}",4,7500,1,0.999916210770607,0.0,0.999455600976944,0.0,0.0
looped_transformer,looped_transformer/plain,7b5270d29d49,plain,compose,strong,"{""depth"": 6}",4,8000,1,0.9999154582619667,0.0,0.9994516521692276,0.0,0.0
looped_transformer,looped_transformer/plain,7b5270d29d49,plain,compose,strong,"{""depth"": 6}",8,8000,1,0.9999873787164688,0.0,0.999427892267704,0.0,0.0
looped_transformer,looped_transformer/plain,7b5270d29d49,plain,compose,strong,"{""depth"": 6}",32,8000,1,0.9999998677521944,0.0,0.999427892267704,0.0,0.0
looped_transformer,looped_transformer/plain,7b5270d29d49,plain,compose,strong,"{""depth"": 8}",1,2500,1,-0.09926061425358057,1.0,-0.09926061425358057,0.0,0.0
looped_transformer,looped_transformer/plain,7b5270d29d49,plain,compose,strong,"{""depth"": 8}",1,5000,1,-0.20072853192687035,1.0,-0.20072853192687035,0.0,0.0
looped_transformer,looped_transformer/plain,7b5270d29d49,plain,compose,strong,"{""depth"": 8}",1,7500,1,-0.21240346506237984,1.0,-0.21240346506237984,0.0,0.0
looped_transformer,looped_transformer/plain,7b5270d29d49,plain,compose,strong,"{""depth"": 8}",1,8000,1,-0.21239459700882435,1.0,-0.21239459700882435,0.0,0.0
looped_transformer,looped_transformer/plain,7b5270d29d49,plain,compose,strong,"{""depth"": 8}",4,2500,1,0.9998280555009842,0.0,0.9988046884536743,0.0,0.0
looped_transformer,looped_transformer/plain,7b5270d29d49,plain,compose,strong,"{""depth"": 8}",4,5000,1,0.9999013543128967,0.0,0.9993634223937988,0.0,0.0
looped_transformer,looped_transformer/plain,7b5270d29d49,plain,compose,strong,"{""depth"": 8}",4,7500,1,0.9999115988612175,0.0,0.9994217306375504,0.0,0.0
looped_transformer,looped_transformer/plain,7b5270d29d49,plain,compose,strong,"{""depth"": 8}",4,8000,1,0.9999108090996742,0.0,0.9994174391031265,0.0,0.0
looped_transformer,looped_transformer/plain,7b5270d29d49,plain,compose,strong,"{""depth"": 8}",8,8000,1,0.9999881964176893,0.0,0.9994484018534422,0.0,0.0
looped_transformer,looped_transformer/plain,7b5270d29d49,plain,compose,strong,"{""depth"": 8}",32,8000,1,0.9999998919665813,0.0,0.9994484018534422,0.0,0.0
