model,arm,config_hash,recurrence_kind,task,split,difficulty,reasoning_steps,step,n_seeds,cos_last,cos_last_vs_seed,cos_min_after_first,token_acc,exact_match
bdh,bdh/plain,5474de1f354e,plain,propagate,interp,"{""dim"": 1, ""distance"": 1, ""length"": 12, ""n_sources"": 1}",1,2500,3,0.4246209152042866,0.0,0.4246209152042866,0.8072188819002011,0.0
bdh,bdh/plain,5474de1f354e,plain,propagate,interp,"{""dim"": 1, ""distance"": 1, ""length"": 12, ""n_sources"": 1}",1,5000,3,0.26207607487837475,0.0,0.26207607487837475,0.798735852682305,0.0019960079840319364
bdh,bdh/plain,5474de1f354e,plain,propagate,interp,"{""dim"": 1, ""distance"": 1, ""length"": 12, ""n_sources"": 1}",1,7500,3,0.18669195783634981,0.0,0.18669195783634981,0.9088489713069207,0.32834331337325345
bdh,bdh/plain,5474de1f354e,plain,propagate,interp,"{""dim"": 1, ""distance"": 1, ""length"": 12, ""n_sources"": 1}",1,10000,3,0.189882455393672,0.0,0.189882455393672,0.9980871594713596,0.9770459081836327
bdh,bdh/plain,5474de1f354e,plain,propagate,interp,"{""dim"": 1, ""distance"": 1, ""length"": 12, ""n_sources"": 1}",1,12500,3,0.19008839254577956,0.0,0.19008839254577956,0.9993346641639511,0.9920159680638722
bdh,bdh/plain,5474de1f354e,plain,propagate,interp,"{""dim"": 1, ""distance"": 1, ""length"": 12, ""n_sources"": 1}",1,15000,3,0.19897134539981684,0.0,0.19897134539981684,0.9993346641044655,0.9930139720558883
bdh,bdh/plain,5474de1f354e,plain,propagate,interp,"{""dim"": 1, ""distance"": 1, ""length"": 12, ""n_sources"": 1}",1,17500,3,0.20165031713744005,0.0,0.20165031713744005,0.9997504990614816,0.9970059880239521
bdh,bdh/plain,5474de1f354e,plain,propagate,interp,"{""dim"": 1, ""distance"": 1, ""length"": 12, ""n_sources"": 1}",1,20000,3,0.21000539138913155,0.0,0.21000539138913155,0.9996673320819757,0.9960079840319361
bdh,bdh/plain,5474de1f354e,plain,propagate,interp,"{""dim"": 1, ""distance"": 1, ""length"": 12, ""n_sources"": 1}",1,22500,3,0.20789912280937037,0.0,0.20789912280937037,0.9996673320819757,0.9960079840319361
bdh,bdh/plain,5474de1f354e,plain,propagate,interp,"{""dim"": 1, ""distance"": 1, ""length"": 12, ""n_sources"": 1}",1,25000,3,0.21141189398864904,0.0,0.21141189398864904,0.9999168330204938,0.999001996007984
bdh,bdh/plain,5474de1f354e,plain,propagate,interp,"{""dim"": 1, ""distance"": 1, ""length"": 12, ""n_sources"": 1}",1,27500,3,0.2114426096280416,0.0,0.2114426096280416,1.0,1.0
bdh,bdh/plain,5474de1f354e,plain,propagate,interp,"{""dim"": 1, ""distance"": 1, ""length"": 12, ""n_sources"": 1}",1,30000,3,0.21316750595966974,0.0,0.21316750595966974,1.0,1.0
bdh,bdh/plain,5474de1f354e,plain,propagate,interp,"{""dim"": 1, ""distance"": 1, ""length"": 12, ""n_sources"": 1}",1,32500,3,0.21332013296584287,0.0,0.21332013296584287,1.0,1.0
bdh,bdh/plain,5474de1f354e,plain,propagate,interp,"{""dim"": 1, ""distance"": 1, ""length"": 12, ""n_sources"": 1}",1,35000,3,0.21439738074938455,0.0,0.21439738074938455,1.0,1.0
bdh,bdh/plain,5474de1f354e,plain,propagate,interp,"{""dim"": 1, ""distance"": 1, ""length"": 12, ""n_sources"": 1}",1,37500,3,0.21411863466103873,0.0,0.21411863466103873,1.0,1.0
bdh,bdh/plain,5474de1f354e,plain,propagate,interp,"{""dim"": 1, ""distance"": 1, ""length"": 12, ""n_sources"": 1}",1,40000,3,0.21434473184247813,0.0,0.21434473184247813,1.0,1.0
bdh,bdh/plain,5474de1f354e,plain,propagate,interp,"{""dim"": 1, ""distance"": 1, ""length"": 12, ""n_sources"": 1}",2,40000,3,0.21434473184247813,0.0,0.21434473184247813,1.0,1.0
bdh,bdh/plain,5474de1f354e,plain,propagate,interp,"{""dim"": 1, ""distance"": 1, ""length"": 12, ""n_sources"": 1}",4,2500,3,0.4246209152042866,0.0,0.4246209152042866,0.8072188819002011,0.0
bdh,bdh/plain,5474de1f354e,plain,propagate,interp,"{""dim"": 1, ""distance"": 1, ""length"": 12, ""n_sources"": 1}",4,5000,3,0.26207607487837475,0.0,0.26207607487837475,0.798735852682305,0.0019960079840319364
bdh,bdh/plain,5474de1f354e,plain,propagate,interp,"{""dim"": 1, ""distance"": 1, ""length"": 12, ""n_sources"": 1}",4,7500,3,0.18669195783634981,0.0,0.18669195783634981,0.9088489713069207,0.32834331337325345
bdh,bdh/plain,5474de1f354e,plain,propagate,interp,"{""dim"": 1, ""distance"": 1, ""length"": 12, ""n_sources"": 1}",4,10000,3,0.189882455393672,0.0,0.189882455393672,0.9980871594713596,0.9770459081836327
bdh,bdh/plain,5474de1f354e,plain,propagate,interp,"{""dim"": 1, ""distance"": 1, ""length"": 12, ""n_sources"": 1}",4,12500,3,0.19008839254577956,0.0,0.19008839254577956,0.9993346641639511,0.9920159680638722
bdh,bdh/plain,5474de1f354e,plain,propagate,interp,"{""dim"": 1, ""distance"": 1, ""length"": 12, ""n_sources"": 1}",4,15000,3,0.19897134539981684,0.0,0.19897134539981684,0.9993346641044655,0.9930139720558883
bdh,bdh/plain,5474de1f354e,plain,propagate,interp,"{""dim"": 1, ""distance"": 1, ""length"": 12, ""n_sources"": 1}",4,17500,3,0.20165031713744005,0.0,0.20165031713744005,0.9997504990614816,0.9970059880239521
bdh,bdh/plain,5474de1f354e,plain,propagate,interp,"{""dim"": 1, ""distance"": 1, ""length"": 12, ""n_sources"": 1}",4,20000,3,0.21000539138913155,0.0,0.21000539138913155,0.9996673320819757,0.9960079840319361
bdh,bdh/plain,5474de1f354e,plain,propagate,interp,"{""dim"": 1, ""distance"": 1, ""length"": 12, ""n_sources"": 1}",4,22500,3,0.20789912280937037,0.0,0.20789912280937037,0.9996673320819757,0.9960079840319361
bdh,bdh/plain,5474de1f354e,plain,propagate,interp,"{""dim"": 1, ""distance"": 1, ""length"": 12, ""n_sources"": 1}",4,25000,3,0.21141189398864904,0.0,0.21141189398864904,0.9999168330204938,0.999001996007984
bdh,bdh/plain,5474de1f354e,plain,propagate,interp,"{""dim"": 1, ""distance"": 1, ""length"": 12, ""n_sources"": 1}",4,27500,3,0.2114426096280416,0.0,0.2114426096280416,1.0,1.0
bdh,bdh/plain,5474de1f354e,plain,propagate,interp,"{""dim"": 1, ""distance"": 1, ""length"": 12, ""n_sources"": 1}",4,30000,3,0.21316750595966974,0.0,0.21316750595966974,1.0,1.0
bdh,bdh/plain,5474de1f354e,plain,propagate,interp,"{""dim"": 1, ""distance"": 1, ""length"": 12, ""n_sources"": 1}",4,32500,3,0.21332013296584287,0.0,0.21332013296584287,1.0,1.0
bdh,bdh/plain,5474de1f354e,plain,propagate,interp,"{""dim"": 1, ""distance"": 1, ""length"": 12, ""n_sources"": 1}",4,35000,3,0.21439738074938455,0.0,0.21439738074938455,1.0,1.0
bdh,bdh/plain,5474de1f354e,plain,propagate,interp,"{""dim"": 1, ""distance"": 1, ""length"": 12, ""n_sources"": 1}",4,37500,3,0.21411863466103873,0.0,0.21411863466103873,1.0,1.0
bdh,bdh/plain,5474de1f354e,plain,propagate,interp,"{""dim"": 1, ""distance"": 1, ""length"": 12, ""n_sources"": 1}",4,40000,3,0.21434473184247813,0.0,0.21434473184247813,1.0,1.0
bdh,bdh/plain,5474de1f354e,plain,propagate,interp,"{""dim"": 1, ""distance"": 1, ""length"": 12, ""n_sources"": 1}",8,40000,3,0.20596118178218603,0.0,0.20596118178218603,1.0,1.0
bdh,bdh/plain,5474de1f354e,plain,propagate,interp,"{""dim"": 1, ""distance"": 1, ""length"": 12, ""n_sources"": 1}",16,2500,3,0.4246209152042866,0.0,0.4246209152042866,0.8072188819002011,0.0
bdh,bdh/plain,5474de1f354e,plain,propagate,interp,"{""dim"": 1, ""distance"": 1, ""length"": 12, ""n_sources"": 1}",16,5000,3,0.26207607487837475,0.0,0.26207607487837475,0.798735852682305,0.0019960079840319364
bdh,bdh/plain,5474de1f354e,plain,propagate,interp,"{""dim"": 1, ""distance"": 1, ""length"": 12, ""n_sources"": 1}",16,7500,3,0.18669195783634981,0.0,0.18669195783634981,0.9088489713069207,0.32834331337325345
bdh,bdh/plain,5474de1f354e,plain,propagate,interp,"{""dim"": 1, ""distance"": 1, ""length"": 12, ""n_sources"": 1}",16,10000,3,0.189882455393672,0.0,0.189882455393672,0.9980871594713596,0.9770459081836327
bdh,bdh/plain,5474de1f354e,plain,propagate,interp,"{""dim"": 1, ""distance"": 1, ""length"": 12, ""n_sources"": 1}",16,12500,3,0.19008839254577956,0.0,0.19008839254577956,0.9993346641639511,0.9920159680638722
bdh,bdh/plain,5474de1f354e,plain,propagate,interp,"{""dim"": 1, ""distance"": 1, ""length"": 12, ""n_sources"": 1}",16,15000,3,0.19897134539981684,0.0,0.19897134539981684,0.9993346641044655,0.9930139720558883
bdh,bdh/plain,5474de1f354e,plain,propagate,interp,"{""dim"": 1, ""distance"": 1, ""length"": 12, ""n_sources"": 1}",16,17500,3,0.20165031713744005,0.0,0.20165031713744005,0.9997504990614816,0.9970059880239521
bdh,bdh/plain,5474de1f354e,plain,propagate,interp,"{""dim"": 1, ""distance"": 1, ""length"": 12, ""n_sources"": 1}",16,20000,3,0.21000539138913155,0.0,0.21000539138913155,0.9996673320819757,0.9960079840319361
bdh,bdh/plain,5474de1f354e,plain,propagate,interp,"{""dim"": 1, ""distance"": 1, ""length"": 12, ""n_sources"": 1}",16,22500,3,0.20789912280937037,0.0,0.20789912280937037,0.9996673320819757,0.9960079840319361
bdh,bdh/plain,5474de1f354e,plain,propagate,interp,"{""dim"": 1, ""distance"": 1, ""length"": 12, ""n_sources"": 1}",16,25000,3,0.21141189398864904,0.0,0.21141189398864904,0.9999168330204938,0.999001996007984
bdh,bdh/plain,5474de1f354e,plain,propagate,interp,"{""dim"": 1, ""distance"": 1, ""length"": 12, ""n_sources"": 1}",16,27500,3,0.2114426096280416,0.0,0.2114426096280416,1.0,1.0
bdh,bdh/plain,5474de1f354e,plain,propagate,interp,"{""dim"": 1, ""distance"": 1, ""length"": 12, ""n_sources"": 1}",16,30000,3,0.21316750595966974,0.0,0.21316750595966974,1.0,1.0
bdh,bdh/plain,5474de1f354e,plain,propagate,interp,"{""dim"": 1, ""distance"": 1, ""length"": 12, ""n_sources"": 1}",16,32500,3,0.21332013296584287,0.0,0.21332013296584287,1.0,1.0
bdh,bdh/plain,5474de1f354e,plain,propagate,interp,"{""dim"": 1, ""distance"": 1, ""length"": 12, ""n_sources"": 1}",16,35000,3,0.21439738074938455,0.0,0.21439738074938455,1.0,1.0
bdh,bdh/plain,5474de1f354e,plain,propagate,interp,"{""dim"": 1, ""distance"": 1, ""length"": 12, ""n_sources"": 1}",16,37500,3,0.21411863466103873,0.0,0.21411863466103873,1.0,1.0
bdh,bdh/plain,5474de1f354e,plain,propagate,interp,"{""dim"": 1, ""distance"": 1, ""length"": 12, ""n_sources"": 1}",16,40000,3,0.21434473184247813,0.0,0.21434473184247813,1.0,1.0
bdh,bdh/plain,5474de1f354e,plain,propagate,interp,"{""dim"": 1, ""distance"": 1, ""length"": 12, ""n_sources"": 1}",32,40000,3,0.20596118178218603,0.0,0.20596118178218603,1.0,1.0
bdh,bdh/plain,5474de1f354e,plain,propagate,interp,"{""dim"": 1, ""distance"": 2, ""length"": 12, ""n_sources"": 1}",1,2500,3,0.43281644210219383,0.0,0.43281644210219383,0.8008007886292817,0.0
bdh,bdh/plain,5474de1f354e,plain,propagate,interp,"{""dim"": 1, ""distance"": 2, ""length"": 12, ""n_sources"": 1}",1,5000,3,0.2565431594848633,0.0,0.2565431594848633,0.8038872123152405,0.011011011011011013
bdh,bdh/plain,5474de1f354e,plain,propagate,interp,"{""dim"": 1, ""distance"": 2, ""length"": 12, ""n_sources"": 1}",1,7500,3,0.19109815141807,0.0,0.19109815141807,0.9083249964513579,0.2942942942942943
bdh,bdh/plain,5474de1f354e,plain,propagate,interp,"{""dim"": 1, ""distance"": 2, ""length"": 12, ""n_sources"": 1}",1,10000,3,0.1881802398711443,0.0,0.1881802398711443,0.9968301641332494,0.963963963963964
bdh,bdh/plain,5474de1f354e,plain,propagate,interp,"{""dim"": 1, ""distance"": 2, ""length"": 12, ""n_sources"": 1}",1,12500,3,0.18753050453960896,0.0,0.18753050453960896,0.9974140812446167,0.970970970970971
bdh,bdh/plain,5474de1f354e,plain,propagate,interp,"{""dim"": 1, ""distance"": 2, ""length"": 12, ""n_sources"": 1}",1,15000,3,0.19847221424182257,0.0,0.19847221424182257,0.9982482486062341,0.97997997997998
bdh,bdh/plain,5474de1f354e,plain,propagate,interp,"{""dim"": 1, ""distance"": 2, ""length"": 12, ""n_sources"": 1}",1,17500,3,0.20251290934781233,0.0,0.20251290934781233,0.9992492493089137,0.993993993993994
bdh,bdh/plain,5474de1f354e,plain,propagate,interp,"{""dim"": 1, ""distance"": 2, ""length"": 12, ""n_sources"": 1}",1,20000,3,0.2083854035784801,0.0,0.2083854035784801,0.9993326661584375,0.9919919919919918
bdh,bdh/plain,5474de1f354e,plain,propagate,interp,"{""dim"": 1, ""distance"": 2, ""length"": 12, ""n_sources"": 1}",1,22500,3,0.20788929301003614,0.0,0.20788929301003614,0.9997497498094141,0.9969969969969971
bdh,bdh/plain,5474de1f354e,plain,propagate,interp,"{""dim"": 1, ""distance"": 2, ""length"": 12, ""n_sources"": 1}",1,25000,3,0.20908887249728045,0.0,0.20908887249728045,0.9998331665396094,0.9979979979979979
bdh,bdh/plain,5474de1f354e,plain,propagate,interp,"{""dim"": 1, ""distance"": 2, ""length"": 12, ""n_sources"": 1}",1,27500,3,0.20932962434987226,0.0,0.20932962434987226,0.9999165832698047,0.998998998998999
bdh,bdh/plain,5474de1f354e,plain,propagate,interp,"{""dim"": 1, ""distance"": 2, ""length"": 12, ""n_sources"": 1}",1,30000,3,0.2111051951845487,0.0,0.2111051951845487,1.0,1.0
bdh,bdh/plain,5474de1f354e,plain,propagate,interp,"{""dim"": 1, ""distance"": 2, ""length"": 12, ""n_sources"": 1}",1,32500,3,0.21206894889473915,0.0,0.21206894889473915,1.0,1.0
bdh,bdh/plain,5474de1f354e,plain,propagate,interp,"{""dim"": 1, ""distance"": 2, ""length"": 12, ""n_sources"": 1}",1,35000,3,0.21340005906919637,0.0,0.21340005906919637,1.0,1.0
bdh,bdh/plain,5474de1f354e,plain,propagate,interp,"{""dim"": 1, ""distance"": 2, ""length"": 12, ""n_sources"": 1}",1,37500,3,0.21313944645226002,0.0,0.21313944645226002,1.0,1.0
bdh,bdh/plain,5474de1f354e,plain,propagate,interp,"{""dim"": 1, ""distance"": 2, ""length"": 12, ""n_sources"": 1}",1,40000,3,0.21333063145478567,0.0,0.21333063145478567,1.0,1.0
bdh,bdh/plain,5474de1f354e,plain,propagate,interp,"{""dim"": 1, ""distance"": 2, ""length"": 12, ""n_sources"": 1}",2,40000,3,0.21333063145478567,0.0,0.21333063145478567,1.0,1.0
bdh,bdh/plain,5474de1f354e,plain,propagate,interp,"{""dim"": 1, ""distance"": 2, ""length"": 12, ""n_sources"": 1}",4,2500,3,0.43281644210219383,0.0,0.43281644210219383,0.8008007886292817,0.0
bdh,bdh/plain,5474de1f354e,plain,propagate,interp,"{""dim"": 1, ""distance"": 2, ""length"": 12, ""n_sources"": 1}",4,5000,3,0.2565431594848633,0.0,0.2565431594848633,0.8038872123152405,0.011011011011011013
bdh,bdh/plain,5474de1f354e,plain,propagate,interp,"{""dim"": 1, ""distance"": 2, ""length"": 12, ""n_sources"": 1}",4,7500,3,0.19109815141807,0.0,0.19109815141807,0.9083249964513579,0.2942942942942943
bdh,bdh/plain,5474de1f354e,plain,propagate,interp,"{""dim"": 1, ""distance"": 2, ""length"": 12, ""n_sources"": 1}",4,10000,3,0.1881802398711443,0.0,0.1881802398711443,0.9968301641332494,0.963963963963964
bdh,bdh/plain,5474de1f354e,plain,propagate,interp,"{""dim"": 1, ""distance"": 2, ""length"": 12, ""n_sources"": 1}",4,12500,3,0.18753050453960896,0.0,0.18753050453960896,0.9974140812446167,0.970970970970971
bdh,bdh/plain,5474de1f354e,plain,propagate,interp,"{""dim"": 1, ""distance"": 2, ""length"": 12, ""n_sources"": 1}",4,15000,3,0.19847221424182257,0.0,0.19847221424182257,0.9982482486062341,0.97997997997998
bdh,bdh/plain,5474de1f354e,plain,propagate,interp,"{""dim"": 1, ""distance"": 2, ""length"": 12, ""n_sources"": 1}",4,17500,3,0.20251290934781233,0.0,0.20251290934781233,0.9992492493089137,0.993993993993994
bdh,bdh/plain,5474de1f354e,plain,propagate,interp,"{""dim"": 1, ""distance"": 2, ""length"": 12, ""n_sources"": 1}",4,20000,3,0.2083854035784801,0.0,0.2083854035784801,0.9993326661584375,0.9919919919919918
bdh,bdh/plain,5474de1f354e,plain,propagate,interp,"{""dim"": 1, ""distance"": 2, ""length"": 12, ""n_sources"": 1}",4,22500,3,0.20788929301003614,0.0,0.20788929301003614,0.9997497498094141,0.9969969969969971
bdh,bdh/plain,5474de1f354e,plain,propagate,interp,"{""dim"": 1, ""distance"": 2, ""length"": 12, ""n_sources"": 1}",4,25000,3,0.20908887249728045,0.0,0.20908887249728045,0.9998331665396094,0.9979979979979979
bdh,bdh/plain,5474de1f354e,plain,propagate,interp,"{""dim"": 1, ""distance"": 2, ""length"": 12, ""n_sources"": 1}",4,27500,3,0.20932962434987226,0.0,0.20932962434987226,0.9999165832698047,0.998998998998999
bdh,bdh/plain,5474de1f354e,plain,propagate,interp,"{""dim"": 1, ""distance"": 2, ""length"": 12, ""n_sources"": 1}",4,30000,3,0.2111051951845487,0.0,0.2111051951845487,1.0,1.0
bdh,bdh/plain,5474de1f354e,plain,propagate,interp,"{""dim"": 1, ""distance"": 2, ""length"": 12, ""n_sources"": 1}",4,32500,3,0.21206894889473915,0.0,0.21206894889473915,1.0,1.0
bdh,bdh/plain,5474de1f354e,plain,propagate,interp,"{""dim"": 1, ""distance"": 2, ""length"": 12, ""n_sources"": 1}",4,35000,3,0.21340005906919637,0.0,0.21340005906919637,1.0,1.0
bdh,bdh/plain,5474de1f354e,plain,propagate,interp,"{""dim"": 1, ""distance"": 2, ""length"": 12, ""n_sources"": 1}",4,37500,3,0.21313944645226002,0.0,0.21313944645226002,1.0,1.0
bdh,bdh/plain,5474de1f354e,plain,propagate,interp,"{""dim"": 1, ""distance"": 2, ""length"": 12, ""n_sources"": 1}",4,40000,3,0.21333063145478567,0.0,0.21333063145478567,1.0,1.0
bdh,bdh/plain,5474de1f354e,plain,propagate,interp,"{""dim"": 1, ""distance"": 2, ""length"": 12, ""n_sources"": 1}",8,40000,3,0.21033594912538925,0.0,0.21033594912538925,1.0,1.0
bdh,bdh/plain,5474de1f354e,plain,propagate,interp,"{""dim"": 1, ""distance"": 2, ""length"": 12, ""n_sources"": 1}",16,2500,3,0.43281644210219383,0.0,0.43281644210219383,0.8008007886292817,0.0
bdh,bdh/plain,5474de1f354e,plain,propagate,interp,"{""dim"": 1, ""distance"": 2, ""length"": 12, ""n_sources"": 1}",16,5000,3,0.2565431594848633,0.0,0.2565431594848633,0.8038872123152405,0.011011011011011013
bdh,bdh/plain,5474de1f354e,plain,propagate,interp,"{""dim"": 1, ""distance"": 2, ""length"": 12, ""n_sources"": 1}",16,7500,3,0.19109815141807,0.0,0.19109815141807,0.9083249964513579,0.2942942942942943
bdh,bdh/plain,5474de1f354e,plain,propagate,interp,"{""dim"": 1, ""distance"": 2, ""length"": 12, ""n_sources"": 1}",16,10000,3,0.1881802398711443,0.0,0.1881802398711443,0.9968301641332494,0.963963963963964
bdh,bdh/plain,5474de1f354e,plain,propagate,interp,"{""dim"": 1, ""distance"": 2, ""length"": 12, ""n_sources"": 1}",16,12500,3,0.18753050453960896,0.0,0.18753050453960896,0.9974140812446167,0.970970970970971
bdh,bdh/plain,5474de1f354e,plain,propagate,interp,"{""dim"": 1, ""distance"": 2, ""length"": 12, ""n_sources"": 1}",16,15000,3,0.19847221424182257,0.0,0.19847221424182257,0.9982482486062341,0.97997997997998
bdh,bdh/plain,5474de1f354e,plain,propagate,interp,"{""dim"": 1, ""distance"": 2, ""length"": 12, ""n_sources"": 1}",16,17500,3,0.20251290934781233,0.0,0.20251290934781233,0.9992492493089137,0.993993993993994
bdh,bdh/plain,5474de1f354e,plain,propagate,interp,"{""dim"": 1, ""distance"": 2, ""length"": 12, ""n_sources"": 1}",16,20000,3,0.2083854035784801,0.0,0.2083854035784801,0.9993326661584375,0.9919919919919918
bdh,bdh/plain,5474de1f354e,plain,propagate,interp,"{""dim"": 1, ""distance"": 2, ""length"": 12, ""n_sources"": 1}",16,22500,3,0.20788929301003614,0.0,0.20788929301003614,0.9997497498094141,0.9969969969969971
bdh,bdh/plain,5474de1f354e,plain,propagate,interp,"{""dim"": 1, ""distance"": 2, ""length"": 12, ""n_sources"": 1}",16,25000,3,0.20908887249728045,0.0,0.20908887249728045,0.9998331665396094,0.9979979979979979
bdh,bdh/plain,5474de1f354e,plain,propagate,interp,"{""dim"": 1, ""distance"": 2, ""length"": 12, ""n_sources"": 1}",16,27500,3,0.20932962434987226,0.0,0.20932962434987226,0.9999165832698047,0.998998998998999
bdh,bdh/plain,5474de1f354e,plain,propagate,interp,"{""dim"": 1, ""distance"": 2, ""length"": 12, ""n_sources"": 1}",16,30000,3,0.2111051951845487,0.0,0.2111051951845487,1.0,1.0
bdh,bdh/plain,5474de1f354e,plain,propagate,interp,"{""dim"": 1, ""distance"": 2, ""length"": 12, ""n_sources"": 1}",16,32500,3,0.21206894889473915,0.0,0.21206894889473915,1.0,1.0
bdh,bdh/plain,5474de1f354e,plain,propagate,interp,"{""dim"": 1, ""distance"": 2, ""length"": 12, ""n_sources"": 1}",16,35000,3,0.21340005906919637,0.0,0.21340005906919637,1.0,1.0
bdh,bdh/plain,5474de1f354e,plain,propagate,interp,"{""dim"": 1, ""distance"": 2, ""length"": 12, ""n_sources"": 1}",16,37500,3,0.21313944645226002,0.0,0.21313944645226002,1.0,1.0
bdh,bdh/plain,5474de1f354e,plain,propagate,interp,"{""dim"": 1, ""distance"": 2, ""length"": 12, ""n_sources"": 1}",16,40000,3,0.21333063145478567,0.0,0.21333063145478567,1.0,1.0
bdh,bdh/plain,5474de1f354e,plain,propagate,interp,"{""dim"": 1, ""distance"": 2, ""length"": 12, ""n_sources"": 1}",32,40000,3,0.21033594912538925,0.0,0.21033594912538925,1.0,1.0
bdh,bdh/plain,5474de1f354e,plain,propagate,interp,"{""dim"": 1, ""distance"": 4, ""length"": 12, ""n_sources"": 1}",1,2500,3,0.4300306911269824,0.0,0.4300306911269824,0.8012178711168042,0.0
bdh,bdh/plain,5474de1f354e,plain,propagate,interp,"{""dim"": 1, ""distance"": 4, ""length"": 12, ""n_sources"": 1}",1,5000,3,0.2716607730835676,0.0,0.2716607730835676,0.7958792040238271,0.003003003003003003
bdh,bdh/plain,5474de1f354e,plain,propagate,interp,"{""dim"": 1, ""distance"": 4, ""length"": 12, ""n_sources"": 1}",1,7500,3,0.19346776604652405,0.0,0.19346776604652405,0.9154154180406451,0.3813813813813814
bdh,bdh/plain,5474de1f354e,plain,propagate,interp,"{""dim"": 1, ""distance"": 4, ""length"": 12, ""n_sources"": 1}",1,10000,3,0.18759947270154953,0.0,0.18759947270154953,0.9974974978554833,0.973973973973974
bdh,bdh/plain,5474de1f354e,plain,propagate,interp,"{""dim"": 1, ""distance"": 4, ""length"": 12, ""n_sources"": 1}",1,12500,3,0.1887169082959493,0.0,0.1887169082959493,0.9986653323168749,0.983983983983984
bdh,bdh/plain,5474de1f354e,plain,propagate,interp,"{""dim"": 1, ""distance"": 4, ""length"": 12, ""n_sources"": 1}",1,15000,3,0.196579085662961,0.0,0.196579085662961,0.9994160828886329,0.9929929929929929
bdh,bdh/plain,5474de1f354e,plain,propagate,interp,"{""dim"": 1, ""distance"": 4, ""length"": 12, ""n_sources"": 1}",1,17500,3,0.20109843835234642,0.0,0.20109843835234642,0.9997497498094141,0.9969969969969971
bdh,bdh/plain,5474de1f354e,plain,propagate,interp,"{""dim"": 1, ""distance"": 4, ""length"": 12, ""n_sources"": 1}",1,20000,3,0.20939881665011248,0.0,0.20939881665011248,0.999332666039109,0.994994994994995
bdh,bdh/plain,5474de1f354e,plain,propagate,interp,"{""dim"": 1, ""distance"": 4, ""length"": 12, ""n_sources"": 1}",1,22500,3,0.2078071062763532,0.0,0.2078071062763532,0.9998331665396094,0.9979979979979979
bdh,bdh/plain,5474de1f354e,plain,propagate,interp,"{""dim"": 1, ""distance"": 4, ""length"": 12, ""n_sources"": 1}",1,25000,3,0.21053142783542475,0.0,0.21053142783542475,0.9998331665396094,0.9979979979979979
bdh,bdh/plain,5474de1f354e,plain,propagate,interp,"{""dim"": 1, ""distance"": 4, ""length"": 12, ""n_sources"": 1}",1,27500,3,0.20991356919209161,0.0,0.20991356919209161,0.9997497497497498,0.998998998998999
bdh,bdh/plain,5474de1f354e,plain,propagate,interp,"{""dim"": 1, ""distance"": 4, ""length"": 12, ""n_sources"": 1}",1,30000,3,0.21055286936461926,0.0,0.21055286936461926,1.0,1.0
bdh,bdh/plain,5474de1f354e,plain,propagate,interp,"{""dim"": 1, ""distance"": 4, ""length"": 12, ""n_sources"": 1}",1,32500,3,0.2108358715971311,0.0,0.2108358715971311,1.0,1.0
bdh,bdh/plain,5474de1f354e,plain,propagate,interp,"{""dim"": 1, ""distance"": 4, ""length"": 12, ""n_sources"": 1}",1,35000,3,0.2117429133504629,0.0,0.2117429133504629,1.0,1.0
bdh,bdh/plain,5474de1f354e,plain,propagate,interp,"{""dim"": 1, ""distance"": 4, ""length"": 12, ""n_sources"": 1}",1,37500,3,0.21141687966883183,0.0,0.21141687966883183,1.0,1.0
bdh,bdh/plain,5474de1f354e,plain,propagate,interp,"{""dim"": 1, ""distance"": 4, ""length"": 12, ""n_sources"": 1}",1,40000,3,0.21159881663819155,0.0,0.21159881663819155,1.0,1.0
bdh,bdh/plain,5474de1f354e,plain,propagate,interp,"{""dim"": 1, ""distance"": 4, ""length"": 12, ""n_sources"": 1}",2,40000,3,0.21159881663819155,0.0,0.21159881663819155,1.0,1.0
bdh,bdh/plain,5474de1f354e,plain,propagate,interp,"{""dim"": 1, ""distance"": 4, ""length"": 12, ""n_sources"": 1}",4,2500,3,0.4300306911269824,0.0,0.4300306911269824,0.8012178711168042,0.0
bdh,bdh/plain,5474de1f354e,plain,propagate,interp,"{""dim"": 1, ""distance"": 4, ""length"": 12, ""n_sources"": 1}",4,5000,3,0.2716607730835676,0.0,0.2716607730835676,0.7958792040238271,0.003003003003003003
bdh,bdh/plain,5474de1f354e,plain,propagate,interp,"{""dim"": 1, ""distance"": 4, ""length"": 12, ""n_sources"": 1}",4,7500,3,0.19346776604652405,0.0,0.19346776604652405,0.9154154180406451,0.3813813813813814
bdh,bdh/plain,5474de1f354e,plain,propagate,interp,"{""dim"": 1, ""distance"": 4, ""length"": 12, ""n_sources"": 1}",4,10000,3,0.18759947270154953,0.0,0.18759947270154953,0.9974974978554833,0.973973973973974
bdh,bdh/plain,5474de1f354e,plain,propagate,interp,"{""dim"": 1, ""distance"": 4, ""length"": 12, ""n_sources"": 1}",4,12500,3,0.1887169082959493,0.0,0.1887169082959493,0.9986653323168749,0.983983983983984
bdh,bdh/plain,5474de1f354e,plain,propagate,interp,"{""dim"": 1, ""distance"": 4, ""length"": 12, ""n_sources"": 1}",4,15000,3,0.196579085662961,0.0,0.196579085662961,0.9994160828886329,0.9929929929929929
bdh,bdh/plain,5474de1f354e,plain,propagate,interp,"{""dim"": 1, ""distance"": 4, ""length"": 12, ""n_sources"": 1}",4,17500,3,0.20109843835234642,0.0,0.20109843835234642,0.9997497498094141,0.9969969969969971
bdh,bdh/plain,5474de1f354e,plain,propagate,interp,"{""dim"": 1, ""distance"": 4, ""length"": 12, ""n_sources"": 1}",4,20000,3,0.20939881665011248,0.0,0.20939881665011248,0.999332666039109,0.994994994994995
bdh,bdh/plain,5474de1f354e,plain,propagate,interp,"{""dim"": 1, ""distance"": 4, ""length"": 12, ""n_sources"": 1}",4,22500,3,0.2078071062763532,0.0,0.2078071062763532,0.9998331665396094,0.9979979979979979
bdh,bdh/plain,5474de1f354e,plain,propagate,interp,"{""dim"": 1, ""distance"": 4, ""length"": 12, ""n_sources"": 1}",4,25000,3,0.21053142783542475,0.0,0.21053142783542475,0.9998331665396094,0.9979979979979979
bdh,bdh/plain,5474de1f354e,plain,propagate,interp,"{""dim"": 1, ""distance"": 4, ""length"": 12, ""n_sources"": 1}",4,27500,3,0.20991356919209161,0.0,0.20991356919209161,0.9997497497497498,0.998998998998999
bdh,bdh/plain,5474de1f354e,plain,propagate,interp,"{""dim"": 1, ""distance"": 4, ""length"": 12, ""n_sources"": 1}",4,30000,3,0.21055286936461926,0.0,0.21055286936461926,1.0,1.0
bdh,bdh/plain,5474de1f354e,plain,propagate,interp,"{""dim"": 1, ""distance"": 4, ""length"": 12, ""n_sources"": 1}",4,32500,3,0.2108358715971311,0.0,0.2108358715971311,1.0,1.0
bdh,bdh/plain,5474de1f354e,plain,propagate,interp,"{""dim"": 1, ""distance"": 4, ""length"": 12, ""n_sources"": 1}",4,35000,3,0.2117429133504629,0.0,0.2117429133504629,1.0,1.0
bdh,bdh/plain,5474de1f354e,plain,propagate,interp,"{""dim"": 1, ""distance"": 4, ""length"": 12, ""n_sources"": 1}",4,37500,3,0.21141687966883183,0.0,0.21141687966883183,1.0,1.0
bdh,bdh/plain,5474de1f354e,plain,propagate,interp,"{""dim"": 1, ""distance"": 4, ""length"": 12, ""n_sources"": 1}",4,40000,3,0.21159881663819155,0.0,0.21159881663819155,1.0,1.0
bdh,bdh/plain,5474de1f354e,plain,propagate,interp,"{""dim"": 1, ""distance"": 4, ""length"": 12, ""n_sources"": 1}",8,40000,3,0.2084648103142778,0.0,0.2084648103142778,1.0,1.0
bdh,bdh/plain,5474de1f354e,plain,propagate,interp,"{""dim"": 1, ""distance"": 4, ""length"": 12, ""n_sources"": 1}",16,2500,3,0.4300306911269824,0.0,0.4300306911269824,0.8012178711168042,0.0
bdh,bdh/plain,5474de1f354e,plain,propagate,interp,"{""dim"": 1, ""distance"": 4, ""length"": 12, ""n_sources"": 1}",16,5000,3,0.2716607730835676,0.0,0.2716607730835676,0.7958792040238271,0.003003003003003003
bdh,bdh/plain,5474de1f354e,plain,propagate,interp,"{""dim"": 1, ""distance"": 4, ""length"": 12, ""n_sources"": 1}",16,7500,3,0.19346776604652405,0.0,0.19346776604652405,0.9154154180406451,0.3813813813813814
bdh,bdh/plain,5474de1f354e,plain,propagate,interp,"{""dim"": 1, ""distance"": 4, ""length"": 12, ""n_sources"": 1}",16,10000,3,0.18759947270154953,0.0,0.18759947270154953,0.9974974978554833,0.973973973973974
bdh,bdh/plain,5474de1f354e,plain,propagate,interp,"{""dim"": 1, ""distance"": 4, ""length"": 12, ""n_sources"": 1}",16,12500,3,0.1887169082959493,0.0,0.1887169082959493,0.9986653323168749,0.983983983983984
bdh,bdh/plain,5474de1f354e,plain,propagate,interp,"{""dim"": 1, ""distance"": 4, ""length"": 12, ""n_sources"": 1}",16,15000,3,0.196579085662961,0.0,0.196579085662961,0.9994160828886329,0.9929929929929929
bdh,bdh/plain,5474de1f354e,plain,propagate,interp,"{""dim"": 1, ""distance"": 4, ""length"": 12, ""n_sources"": 1}",16,17500,3,0.20109843835234642,0.0,0.20109843835234642,0.9997497498094141,0.9969969969969971
bdh,bdh/plain,5474de1f354e,plain,propagate,interp,"{""dim"": 1, ""distance"": 4, ""length"": 12, ""n_sources"": 1}",16,20000,3,0.20939881665011248,0.0,0.20939881665011248,0.999332666039109,0.994994994994995
bdh,bdh/plain,5474de1f354e,plain,propagate,interp,"{""dim"": 1, ""distance"": 4, ""length"": 12, ""n_sources"": 1}",16,22500,3,0.2078071062763532,0.0,0.2078071062763532,0.9998331665396094,0.9979979979979979
bdh,bdh/plain,5474de1f354e,plain,propagate,interp,"{""dim"": 1, ""distance"": 4, ""length"": 12, ""n_sources"": 1}",16,25000,3,0.21053142783542475,0.0,0.21053142783542475,0.9998331665396094,0.9979979979979979
bdh,bdh/plain,5474de1f354e,plain,propagate,interp,"{""dim"": 1, ""distance"": 4, ""length"": 12, ""n_sources"": 1}",16,27500,3,0.20991356919209161,0.0,0.20991356919209161,0.9997497497497498,0.998998998998999
bdh,bdh/plain,5474de1f354e,plain,propagate,interp,"{""dim"": 1, ""distance"": 4, ""length"": 12, ""n_sources"": 1}",16,30000,3,0.21055286936461926,0.0,0.21055286936461926,1.0,1.0
bdh,bdh/plain,5474de1f354e,plain,propagate,interp,"{""dim"": 1, ""distance"": 4, ""length"": 12, ""n_sources"": 1}",16,32500,3,0.2108358715971311,0.0,0.2108358715971311,1.0,1.0
bdh,bdh/plain,5474de1f354e,plain,propagate,interp,"{""dim"": 1, ""distance"": 4, ""length"": 12, ""n_sources"": 1}",16,35000,3,0.2117429133504629,0.0,0.2117429133504629,1.0,1.0
bdh,bdh/plain,5474de1f354e,plain,propagate,interp,"{""dim"": 1, ""distance"": 4, ""length"": 12, ""n_sources"": 1}",16,37500,3,0.21141687966883183,0.0,0.21141687966883183,1.0,1.0
bdh,bdh/plain,5474de1f354e,plain,propagate,interp,"{""dim"": 1, ""distance"": 4, ""length"": 12, ""n_sources"": 1}",16,40000,3,0.21159881663819155,0.0,0.21159881663819155,1.0,1.0
bdh,bdh/plain,5474de1f354e,plain,propagate,interp,"{""dim"": 1, ""distance"": 4, ""length"": 12, ""n_sources"": 1}",32,40000,3,0.2084648103142778,0.0,0.2084648103142778,1.0,1.0
bdh,bdh/plain,5474de1f354e,plain,propagate,mild,"{""dim"": 1, ""distance"": 6, ""length"": 12, ""n_sources"": 1}",1,2500,3,0.42735421657562256,0.0,0.42735421657562256,0.7973333202004432,0.0
bdh,bdh/plain,5474de1f354e,plain,propagate,mild,"{""dim"": 1, ""distance"": 6, ""length"": 12, ""n_sources"": 1}",1,5000,3,0.2532206289470196,0.0,0.2532206289470196,0.7860555473764738,0.0006666666666666666
bdh,bdh/plain,5474de1f354e,plain,propagate,mild,"{""dim"": 1, ""distance"": 6, ""length"": 12, ""n_sources"": 1}",1,7500,3,0.18049346997092167,0.0,0.18049346997092167,0.8861666694482168,0.22066666666666668
bdh,bdh/plain,5474de1f354e,plain,propagate,mild,"{""dim"": 1, ""distance"": 6, ""length"": 12, ""n_sources"": 1}",1,10000,3,0.1837635828802983,0.0,0.1837635828802983,0.904611115415891,0.24666666666666667
bdh,bdh/plain,5474de1f354e,plain,propagate,mild,"{""dim"": 1, ""distance"": 6, ""length"": 12, ""n_sources"": 1}",1,12500,3,0.18455571619172892,0.0,0.18455571619172892,0.8636111142237981,0.10999999999999999
bdh,bdh/plain,5474de1f354e,plain,propagate,mild,"{""dim"": 1, ""distance"": 6, ""length"": 12, ""n_sources"": 1}",1,15000,3,0.1896280888468027,0.0,0.1896280888468027,0.8505555564959844,0.10666666666666667
bdh,bdh/plain,5474de1f354e,plain,propagate,mild,"{""dim"": 1, ""distance"": 6, ""length"": 12, ""n_sources"": 1}",1,17500,3,0.1955676240225633,0.0,0.1955676240225633,0.8379999988476435,0.07333333333333332
bdh,bdh/plain,5474de1f354e,plain,propagate,mild,"{""dim"": 1, ""distance"": 6, ""length"": 12, ""n_sources"": 1}",1,20000,3,0.20212033142646155,0.0,0.20212033142646155,0.823611108024915,0.04533333333333334
bdh,bdh/plain,5474de1f354e,plain,propagate,mild,"{""dim"": 1, ""distance"": 6, ""length"": 12, ""n_sources"": 1}",1,22500,3,0.20222472958266735,0.0,0.20222472958266735,0.8198333327770233,0.06066666666666667
bdh,bdh/plain,5474de1f354e,plain,propagate,mild,"{""dim"": 1, ""distance"": 6, ""length"": 12, ""n_sources"": 1}",1,25000,3,0.20539461572964987,0.0,0.20539461572964987,0.8098333300352097,0.058
bdh,bdh/plain,5474de1f354e,plain,propagate,mild,"{""dim"": 1, ""distance"": 6, ""length"": 12, ""n_sources"": 1}",1,27500,3,0.20524674033125243,0.0,0.20524674033125243,0.8006111082633337,0.032
bdh,bdh/plain,5474de1f354e,plain,propagate,mild,"{""dim"": 1, ""distance"": 6, ""length"": 12, ""n_sources"": 1}",1,30000,3,0.20634962432086468,0.0,0.20634962432086468,0.7992222188711167,0.03666666666666667
bdh,bdh/plain,5474de1f354e,plain,propagate,mild,"{""dim"": 1, ""distance"": 6, ""length"": 12, ""n_sources"": 1}",1,32500,3,0.20641777167717615,0.0,0.20641777167717615,0.7967777730623883,0.02666666666666667
bdh,bdh/plain,5474de1f354e,plain,propagate,mild,"{""dim"": 1, ""distance"": 6, ""length"": 12, ""n_sources"": 1}",1,35000,3,0.20709291597207388,0.0,0.20709291597207388,0.7956666619380316,0.02666666666666667
bdh,bdh/plain,5474de1f354e,plain,propagate,mild,"{""dim"": 1, ""distance"": 6, ""length"": 12, ""n_sources"": 1}",1,37500,3,0.20679751907785734,0.0,0.20679751907785734,0.797222218354543,0.03666666666666666
bdh,bdh/plain,5474de1f354e,plain,propagate,mild,"{""dim"": 1, ""distance"": 6, ""length"": 12, ""n_sources"": 1}",1,40000,3,0.20696878992021084,0.0,0.20696878992021084,0.79666666273276,0.03333333333333333
bdh,bdh/plain,5474de1f354e,plain,propagate,mild,"{""dim"": 1, ""distance"": 6, ""length"": 12, ""n_sources"": 1}",2,40000,3,0.20696878992021084,0.0,0.20696878992021084,0.79666666273276,0.03333333333333333
bdh,bdh/plain,5474de1f354e,plain,propagate,mild,"{""dim"": 1, ""distance"": 6, ""length"": 12, ""n_sources"": 1}",4,2500,3,0.42735421657562256,0.0,0.42735421657562256,0.7973333202004432,0.0
bdh,bdh/plain,5474de1f354e,plain,propagate,mild,"{""dim"": 1, ""distance"": 6, ""length"": 12, ""n_sources"": 1}",4,5000,3,0.2532206289470196,0.0,0.2532206289470196,0.7860555473764738,0.0006666666666666666
bdh,bdh/plain,5474de1f354e,plain,propagate,mild,"{""dim"": 1, ""distance"": 6, ""length"": 12, ""n_sources"": 1}",4,7500,3,0.18049346997092167,0.0,0.18049346997092167,0.8861666694482168,0.22066666666666668
bdh,bdh/plain,5474de1f354e,plain,propagate,mild,"{""dim"": 1, ""distance"": 6, ""length"": 12, ""n_sources"": 1}",4,10000,3,0.1837635828802983,0.0,0.1837635828802983,0.904611115415891,0.24666666666666667
bdh,bdh/plain,5474de1f354e,plain,propagate,mild,"{""dim"": 1, ""distance"": 6, ""length"": 12, ""n_sources"": 1}",4,12500,3,0.18455571619172892,0.0,0.18455571619172892,0.8636111142237981,0.10999999999999999
bdh,bdh/plain,5474de1f354e,plain,propagate,mild,"{""dim"": 1, ""distance"": 6, ""length"": 12, ""n_sources"": 1}",4,15000,3,0.1896280888468027,0.0,0.1896280888468027,0.8505555564959844,0.10666666666666667
bdh,bdh/plain,5474de1f354e,plain,propagate,mild,"{""dim"": 1, ""distance"": 6, ""length"": 12, ""n_sources"": 1}",4,17500,3,0.1955676240225633,0.0,0.1955676240225633,0.8379999988476435,0.07333333333333332
bdh,bdh/plain,5474de1f354e,plain,propagate,mild,"{""dim"": 1, ""distance"": 6, ""length"": 12, ""n_sources"": 1}",4,20000,3,0.20212033142646155,0.0,0.20212033142646155,0.823611108024915,0.04533333333333334
bdh,bdh/plain,5474de1f354e,plain,propagate,mild,"{""dim"": 1, ""distance"": 6, ""length"": 12, ""n_sources"": 1}",4,22500,3,0.20222472958266735,0.0,0.20222472958266735,0.8198333327770233,0.06066666666666667
bdh,bdh/plain,5474de1f354e,plain,propagate,mild,"{""dim"": 1, ""distance"": 6, ""length"": 12, ""n_sources"": 1}",4,25000,3,0.20539461572964987,0.0,0.20539461572964987,0.8098333300352097,0.058
bdh,bdh/plain,5474de1f354e,plain,propagate,mild,"{""dim"": 1, ""distance"": 6, ""length"": 12, ""n_sources"": 1}",4,27500,3,0.20524674033125243,0.0,0.20524674033125243,0.8006111082633337,0.032
bdh,bdh/plain,5474de1f354e,plain,propagate,mild,"{""dim"": 1, ""distance"": 6, ""length"": 12, ""n_sources"": 1}",4,30000,3,0.20634962432086468,0.0,0.20634962432086468,0.7992222188711167,0.03666666666666667
bdh,bdh/plain,5474de1f354e,plain,propagate,mild,"{""dim"": 1, ""distance"": 6, ""length"": 12, ""n_sources"": 1}",4,32500,3,0.20641777167717615,0.0,0.20641777167717615,0.7967777730623883,0.02666666666666667
bdh,bdh/plain,5474de1f354e,plain,propagate,mild,"{""dim"": 1, ""distance"": 6, ""length"": 12, ""n_sources"": 1}",4,35000,3,0.20709291597207388,0.0,0.20709291597207388,0.7956666619380316,0.02666666666666667
bdh,bdh/plain,5474de1f354e,plain,propagate,mild,"{""dim"": 1, ""distance"": 6, ""length"": 12, ""n_sources"": 1}",4,37500,3,0.20679751907785734,0.0,0.20679751907785734,0.797222218354543,0.03666666666666666
bdh,bdh/plain,5474de1f354e,plain,propagate,mild,"{""dim"": 1, ""distance"": 6, ""length"": 12, ""n_sources"": 1}",4,40000,3,0.20696878992021084,0.0,0.20696878992021084,0.79666666273276,0.03333333333333333
bdh,bdh/plain,5474de1f354e,plain,propagate,mild,"{""dim"": 1, ""distance"": 6, ""length"": 12, ""n_sources"": 1}",8,40000,3,0.2081176332818965,0.0,0.2081176332818965,0.79666666273276,0.03333333333333333
bdh,bdh/plain,5474de1f354e,plain,propagate,mild,"{""dim"": 1, ""distance"": 6, ""length"": 12, ""n_sources"": 1}",16,2500,3,0.42735421657562256,0.0,0.42735421657562256,0.7973333202004432,0.0
bdh,bdh/plain,5474de1f354e,plain,propagate,mild,"{""dim"": 1, ""distance"": 6, ""length"": 12, ""n_sources"": 1}",16,5000,3,0.2532206289470196,0.0,0.2532206289470196,0.7860555473764738,0.0006666666666666666
bdh,bdh/plain,5474de1f354e,plain,propagate,mild,"{""dim"": 1, ""distance"": 6, ""length"": 12, ""n_sources"": 1}",16,7500,3,0.18049346997092167,0.0,0.18049346997092167,0.8861666694482168,0.22066666666666668
bdh,bdh/plain,5474de1f354e,plain,propagate,mild,"{""dim"": 1, ""distance"": 6, ""length"": 12, ""n_sources"": 1}",16,10000,3,0.1837635828802983,0.0,0.1837635828802983,0.904611115415891,0.24666666666666667
bdh,bdh/plain,5474de1f354e,plain,propagate,mild,"{""dim"": 1, ""distance"": 6, ""length"": 12, ""n_sources"": 1}",16,12500,3,0.18455571619172892,0.0,0.18455571619172892,0.8636111142237981,0.10999999999999999
bdh,bdh/plain,5474de1f354e,plain,propagate,mild,"{""dim"": 1, ""distance"": 6, ""length"": 12, ""n_sources"": 1}",16,15000,3,0.1896280888468027,0.0,0.1896280888468027,0.8505555564959844,0.10666666666666667
bdh,bdh/plain,5474de1f354e,plain,propagate,mild,"{""dim"": 1, ""distance"": 6, ""length"": 12, ""n_sources"": 1}",16,17500,3,0.1955676240225633,0.0,0.1955676240225633,0.8379999988476435,0.07333333333333332
bdh,bdh/plain,5474de1f354e,plain,propagate,mild,"{""dim"": 1, ""distance"": 6, ""length"": 12, ""n_sources"": 1}",16,20000,3,0.20212033142646155,0.0,0.20212033142646155,0.823611108024915,0.04533333333333334
bdh,bdh/plain,5474de1f354e,plain,propagate,mild,"{""dim"": 1, ""distance"": 6, ""length"": 12, ""n_sources"": 1}",16,22500,3,0.20222472958266735,0.0,0.20222472958266735,0.8198333327770233,0.06066666666666667
bdh,bdh/plain,5474de1f354e,plain,propagate,mild,"{""dim"": 1, ""distance"": 6, ""length"": 12, ""n_sources"": 1}",16,25000,3,0.20539461572964987,0.0,0.20539461572964987,0.8098333300352097,0.058
bdh,bdh/plain,5474de1f354e,plain,propagate,mild,"{""dim"": 1, ""distance"": 6, ""length"": 12, ""n_sources"": 1}",16,27500,3,0.20524674033125243,0.0,0.20524674033125243,0.8006111082633337,0.032
bdh,bdh/plain,5474de1f354e,plain,propagate,mild,"{""dim"": 1, ""distance"": 6, ""length"": 12, ""n_sources"": 1}",16,30000,3,0.20634962432086468,0.0,0.20634962432086468,0.7992222188711167,0.03666666666666667
bdh,bdh/plain,5474de1f354e,plain,propagate,mild,"{""dim"": 1, ""distance"": 6, ""length"": 12, ""n_sources"": 1}",16,32500,3,0.20641777167717615,0.0,0.20641777167717615,0.7967777730623883,0.02666666666666667
bdh,bdh/plain,5474de1f354e,plain,propagate,mild,"{""dim"": 1, ""distance"": 6, ""length"": 12, ""n_sources"": 1}",16,35000,3,0.20709291597207388,0.0,0.20709291597207388,0.7956666619380316,0.02666666666666667
bdh,bdh/plain,5474de1f354e,plain,propagate,mild,"{""dim"": 1, ""distance"": 6, ""length"": 12, ""n_sources"": 1}",16,37500,3,0.20679751907785734,0.0,0.20679751907785734,0.797222218354543,0.03666666666666666
bdh,bdh/plain,5474de1f354e,plain,propagate,mild,"{""dim"": 1, ""distance"": 6, ""length"": 12, ""n_sources"": 1}",16,40000,3,0.20696878992021084,0.0,0.20696878992021084,0.79666666273276,0.03333333333333333
bdh,bdh/plain,5474de1f354e,plain,propagate,mild,"{""dim"": 1, ""distance"": 6, ""length"": 12, ""n_sources"": 1}",32,40000,3,0.2081176332818965,0.0,0.2081176332818965,0.79666666273276,0.03333333333333333
bdh,bdh/plain,5474de1f354e,plain,propagate,mild,"{""dim"": 1, ""distance"": 8, ""length"": 12, ""n_sources"": 1}",1,2500,3,0.44380900760491687,0.0,0.44380900760491687,0.8006666530867417,0.0
bdh,bdh/plain,5474de1f354e,plain,propagate,mild,"{""dim"": 1, ""distance"": 8, ""length"": 12, ""n_sources"": 1}",1,5000,3,0.27836777083575726,0.0,0.27836777083575726,0.7728333243926366,0.0006666666666666666
bdh,bdh/plain,5474de1f354e,plain,propagate,mild,"{""dim"": 1, ""distance"": 8, ""length"": 12, ""n_sources"": 1}",1,7500,3,0.21384968950102726,0.0,0.21384968950102726,0.87172222473224,0.19600000000000004
bdh,bdh/plain,5474de1f354e,plain,propagate,mild,"{""dim"": 1, ""distance"": 8, ""length"": 12, ""n_sources"": 1}",1,10000,3,0.19570673877994219,0.0,0.19570673877994219,0.8547777801752091,0.11533333333333334
bdh,bdh/plain,5474de1f354e,plain,propagate,mild,"{""dim"": 1, ""distance"": 8, ""length"": 12, ""n_sources"": 1}",1,12500,3,0.19768061550954977,0.0,0.19768061550954977,0.8300555563767751,0.07133333333333333
bdh,bdh/plain,5474de1f354e,plain,propagate,mild,"{""dim"": 1, ""distance"": 8, ""length"": 12, ""n_sources"": 1}",1,15000,3,0.1998843171944221,0.0,0.1998843171944221,0.786611110150814,0.018
bdh,bdh/plain,5474de1f354e,plain,propagate,mild,"{""dim"": 1, ""distance"": 8, ""length"": 12, ""n_sources"": 1}",1,17500,3,0.2035648381958405,0.0,0.2035648381958405,0.7729999998410543,0.014666666666666668
bdh,bdh/plain,5474de1f354e,plain,propagate,mild,"{""dim"": 1, ""distance"": 8, ""length"": 12, ""n_sources"": 1}",1,20000,3,0.20985338278114796,0.0,0.20985338278114796,0.776444443186124,0.010666666666666666
bdh,bdh/plain,5474de1f354e,plain,propagate,mild,"{""dim"": 1, ""distance"": 8, ""length"": 12, ""n_sources"": 1}",1,22500,3,0.2107927824060122,0.0,0.2107927824060122,0.7857222199440003,0.007333333333333333
bdh,bdh/plain,5474de1f354e,plain,propagate,mild,"{""dim"": 1, ""distance"": 8, ""length"": 12, ""n_sources"": 1}",1,25000,3,0.21125579439103603,0.0,0.21125579439103603,0.7631111085812251,0.002
bdh,bdh/plain,5474de1f354e,plain,propagate,mild,"{""dim"": 1, ""distance"": 8, ""length"": 12, ""n_sources"": 1}",1,27500,3,0.21078433158497015,0.0,0.21078433158497015,0.7466666664481162,0.002
bdh,bdh/plain,5474de1f354e,plain,propagate,mild,"{""dim"": 1, ""distance"": 8, ""length"": 12, ""n_sources"": 1}",1,30000,3,0.21277915748457113,0.0,0.21277915748457113,0.7569444426496824,0.0006666666666666666
bdh,bdh/plain,5474de1f354e,plain,propagate,mild,"{""dim"": 1, ""distance"": 8, ""length"": 12, ""n_sources"": 1}",1,32500,3,0.21317971932391325,0.0,0.21317971932391325,0.7624444427490235,0.0013333333333333333
bdh,bdh/plain,5474de1f354e,plain,propagate,mild,"{""dim"": 1, ""distance"": 8, ""length"": 12, ""n_sources"": 1}",1,35000,3,0.21470314326385656,0.0,0.21470314326385656,0.7637777759631476,0.002
bdh,bdh/plain,5474de1f354e,plain,propagate,mild,"{""dim"": 1, ""distance"": 8, ""length"": 12, ""n_sources"": 1}",1,37500,3,0.21438753604888916,0.0,0.21438753604888916,0.7708333310683568,0.0013333333333333333
bdh,bdh/plain,5474de1f354e,plain,propagate,mild,"{""dim"": 1, ""distance"": 8, ""length"": 12, ""n_sources"": 1}",1,40000,3,0.21460391456882158,0.0,0.21460391456882158,0.7696666644016901,0.0013333333333333333
bdh,bdh/plain,5474de1f354e,plain,propagate,mild,"{""dim"": 1, ""distance"": 8, ""length"": 12, ""n_sources"": 1}",2,40000,3,0.21460391456882158,0.0,0.21460391456882158,0.7696666644016901,0.0013333333333333333
bdh,bdh/plain,5474de1f354e,plain,propagate,mild,"{""dim"": 1, ""distance"": 8, ""length"": 12, ""n_sources"": 1}",4,2500,3,0.44380900760491687,0.0,0.44380900760491687,0.8006666530867417,0.0
bdh,bdh/plain,5474de1f354e,plain,propagate,mild,"{""dim"": 1, ""distance"": 8, ""length"": 12, ""n_sources"": 1}",4,5000,3,0.27836777083575726,0.0,0.27836777083575726,0.7728333243926366,0.0006666666666666666
bdh,bdh/plain,5474de1f354e,plain,propagate,mild,"{""dim"": 1, ""distance"": 8, ""length"": 12, ""n_sources"": 1}",4,7500,3,0.21384968950102726,0.0,0.21384968950102726,0.87172222473224,0.19600000000000004
bdh,bdh/plain,5474de1f354e,plain,propagate,mild,"{""dim"": 1, ""distance"": 8, ""length"": 12, ""n_sources"": 1}",4,10000,3,0.19570673877994219,0.0,0.19570673877994219,0.8547777801752091,0.11533333333333334
bdh,bdh/plain,5474de1f354e,plain,propagate,mild,"{""dim"": 1, ""distance"": 8, ""length"": 12, ""n_sources"": 1}",4,12500,3,0.19768061550954977,0.0,0.19768061550954977,0.8300555563767751,0.07133333333333333
bdh,bdh/plain,5474de1f354e,plain,propagate,mild,"{""dim"": 1, ""distance"": 8, ""length"": 12, ""n_sources"": 1}",4,15000,3,0.1998843171944221,0.0,0.1998843171944221,0.786611110150814,0.018
bdh,bdh/plain,5474de1f354e,plain,propagate,mild,"{""dim"": 1, ""distance"": 8, ""length"": 12, ""n_sources"": 1}",4,17500,3,0.2035648381958405,0.0,0.2035648381958405,0.7729999998410543,0.014666666666666668
bdh,bdh/plain,5474de1f354e,plain,propagate,mild,"{""dim"": 1, ""distance"": 8, ""length"": 12, ""n_sources"": 1}",4,20000,3,0.20985338278114796,0.0,0.20985338278114796,0.776444443186124,0.010666666666666666
bdh,bdh/plain,5474de1f354e,plain,propagate,mild,"{""dim"": 1, ""distance"": 8, ""length"": 12, ""n_sources"": 1}",4,22500,3,0.2107927824060122,0.0,0.2107927824060122,0.7857222199440003,0.007333333333333333
bdh,bdh/plain,5474de1f354e,plain,propagate,mild,"{""dim"": 1, ""distance"": 8, ""length"": 12, ""n_sources"": 1}",4,25000,3,0.21125579439103603,0.0,0.21125579439103603,0.7631111085812251,0.002
bdh,bdh/plain,5474de1f354e,plain,propagate,mild,"{""dim"": 1, ""distance"": 8, ""length"": 12, ""n_sources"": 1}",4,27500,3,0.21078433158497015,0.0,0.21078433158497015,0.7466666664481162,0.002
bdh,bdh/plain,5474de1f354e,plain,propagate,mild,"{""dim"": 1, ""distance"": 8, ""length"": 12, ""n_sources"": 1}",4,30000,3,0.21277915748457113,0.0,0.21277915748457113,0.7569444426496824,0.0006666666666666666
bdh,bdh/plain,5474de1f354e,plain,propagate,mild,"{""dim"": 1, ""distance"": 8, ""length"": 12, ""n_sources"": 1}",4,32500,3,0.21317971932391325,0.0,0.21317971932391325,0.7624444427490235,0.0013333333333333333
bdh,bdh/plain,5474de1f354e,plain,propagate,mild,"{""dim"": 1, ""distance"": 8, ""length"": 12, ""n_sources"": 1}",4,35000,3,0.21470314326385656,0.0,0.21470314326385656,0.7637777759631476,0.002
bdh,bdh/plain,5474de1f354e,plain,propagate,mild,"{""dim"": 1, ""distance"": 8, ""length"": 12, ""n_sources"": 1}",4,37500,3,0.21438753604888916,0.0,0.21438753604888916,0.7708333310683568,0.0013333333333333333
bdh,bdh/plain,5474de1f354e,plain,propagate,mild,"{""dim"": 1, ""distance"": 8, ""length"": 12, ""n_sources"": 1}",4,40000,3,0.21460391456882158,0.0,0.21460391456882158,0.7696666644016901,0.0013333333333333333
bdh,bdh/plain,5474de1f354e,plain,propagate,mild,"{""dim"": 1, ""distance"": 8, ""length"": 12, ""n_sources"": 1}",8,40000,3,0.21099376678466797,0.0,0.21099376678466797,0.7696666644016901,0.0013333333333333333
bdh,bdh/plain,5474de1f354e,plain,propagate,mild,"{""dim"": 1, ""distance"": 8, ""length"": 12, ""n_sources"": 1}",16,2500,3,0.44380900760491687,0.0,0.44380900760491687,0.8006666530867417,0.0
bdh,bdh/plain,5474de1f354e,plain,propagate,mild,"{""dim"": 1, ""distance"": 8, ""length"": 12, ""n_sources"": 1}",16,5000,3,0.27836777083575726,0.0,0.27836777083575726,0.7728333243926366,0.0006666666666666666
bdh,bdh/plain,5474de1f354e,plain,propagate,mild,"{""dim"": 1, ""distance"": 8, ""length"": 12, ""n_sources"": 1}",16,7500,3,0.21384968950102726,0.0,0.21384968950102726,0.87172222473224,0.19600000000000004
bdh,bdh/plain,5474de1f354e,plain,propagate,mild,"{""dim"": 1, ""distance"": 8, ""length"": 12, ""n_sources"": 1}",16,10000,3,0.19570673877994219,0.0,0.19570673877994219,0.8547777801752091,0.11533333333333334
bdh,bdh/plain,5474de1f354e,plain,propagate,mild,"{""dim"": 1, ""distance"": 8, ""length"": 12, ""n_sources"": 1}",16,12500,3,0.19768061550954977,0.0,0.19768061550954977,0.8300555563767751,0.07133333333333333
bdh,bdh/plain,5474de1f354e,plain,propagate,mild,"{""dim"": 1, ""distance"": 8, ""length"": 12, ""n_sources"": 1}",16,15000,3,0.1998843171944221,0.0,0.1998843171944221,0.786611110150814,0.018
bdh,bdh/plain,5474de1f354e,plain,propagate,mild,"{""dim"": 1, ""distance"": 8, ""length"": 12, ""n_sources"": 1}",16,17500,3,0.2035648381958405,0.0,0.2035648381958405,0.7729999998410543,0.014666666666666668
bdh,bdh/plain,5474de1f354e,plain,propagate,mild,"{""dim"": 1, ""distance"": 8, ""length"": 12, ""n_sources"": 1}",16,20000,3,0.20985338278114796,0.0,0.20985338278114796,0.776444443186124,0.010666666666666666
bdh,bdh/plain,5474de1f354e,plain,propagate,mild,"{""dim"": 1, ""distance"": 8, ""length"": 12, ""n_sources"": 1}",16,22500,3,0.2107927824060122,0.0,0.2107927824060122,0.7857222199440003,0.007333333333333333
bdh,bdh/plain,5474de1f354e,plain,propagate,mild,"{""dim"": 1, ""distance"": 8, ""length"": 12, ""n_sources"": 1}",16,25000,3,0.21125579439103603,0.0,0.21125579439103603,0.7631111085812251,0.002
bdh,bdh/plain,5474de1f354e,plain,propagate,mild,"{""dim"": 1, ""distance"": 8, ""length"": 12, ""n_sources"": 1}",16,27500,3,0.21078433158497015,0.0,0.21078433158497015,0.7466666664481162,0.002
bdh,bdh/plain,5474de1f354e,plain,propagate,mild,"{""dim"": 1, ""distance"": 8, ""length"": 12, ""n_sources"": 1}",16,30000,3,0.21277915748457113,0.0,0.21277915748457113,0.7569444426496824,0.0006666666666666666
bdh,bdh/plain,5474de1f354e,plain,propagate,mild,"{""dim"": 1, ""distance"": 8, ""length"": 12, ""n_sources"": 1}",16,32500,3,0.21317971932391325,0.0,0.21317971932391325,0.7624444427490235,0.0013333333333333333
bdh,bdh/plain,5474de1f354e,plain,propagate,mild,"{""dim"": 1, ""distance"": 8, ""length"": 12, ""n_sources"": 1}",16,35000,3,0.21470314326385656,0.0,0.21470314326385656,0.7637777759631476,0.002
bdh,bdh/plain,5474de1f354e,plain,propagate,mild,"{""dim"": 1, ""distance"": 8, ""length"": 12, ""n_sources"": 1}",16,37500,3,0.21438753604888916,0.0,0.21438753604888916,0.7708333310683568,0.0013333333333333333
bdh,bdh/plain,5474de1f354e,plain,propagate,mild,"{""dim"": 1, ""distance"": 8, ""length"": 12, ""n_sources"": 1}",16,40000,3,0.21460391456882158,0.0,0.21460391456882158,0.7696666644016901,0.0013333333333333333
bdh,bdh/plain,5474de1f354e,plain,propagate,mild,"{""dim"": 1, ""distance"": 8, ""length"": 12, ""n_sources"": 1}",32,40000,3,0.21099376678466797,0.0,0.21099376678466797,0.7696666644016901,0.0013333333333333333
bdh,bdh/plain,5474de1f354e,plain,propagate,strong,"{""dim"": 1, ""distance"": 12, ""length"": 48, ""n_sources"": 1}",1,2500,3,0.38050076986352604,0.0,0.38050076986352604,0.746930542508761,0.0
bdh,bdh/plain,5474de1f354e,plain,propagate,strong,"{""dim"": 1, ""distance"": 12, ""length"": 48, ""n_sources"": 1}",1,5000,3,0.3302274979650974,0.0,0.3302274979650974,0.7211805386543273,0.0
bdh,bdh/plain,5474de1f354e,plain,propagate,strong,"{""dim"": 1, ""distance"": 12, ""length"": 48, ""n_sources"": 1}",1,7500,3,0.32705063931643963,0.0,0.32705063931643963,0.7487360976139703,0.0
bdh,bdh/plain,5474de1f354e,plain,propagate,strong,"{""dim"": 1, ""distance"": 12, ""length"": 48, ""n_sources"": 1}",1,10000,3,0.40885654588540393,0.0,0.40885654588540393,0.7332638736168543,0.0
bdh,bdh/plain,5474de1f354e,plain,propagate,strong,"{""dim"": 1, ""distance"": 12, ""length"": 48, ""n_sources"": 1}",1,12500,3,0.4253364677230517,0.0,0.4253364677230517,0.7525555447737377,0.0
bdh,bdh/plain,5474de1f354e,plain,propagate,strong,"{""dim"": 1, ""distance"": 12, ""length"": 48, ""n_sources"": 1}",1,15000,3,0.41959776108463603,0.0,0.41959776108463603,0.7536944350476066,0.0
bdh,bdh/plain,5474de1f354e,plain,propagate,strong,"{""dim"": 1, ""distance"": 12, ""length"": 48, ""n_sources"": 1}",1,17500,3,0.40619777888059616,0.0,0.40619777888059616,0.7492777698834737,0.0
bdh,bdh/plain,5474de1f354e,plain,propagate,strong,"{""dim"": 1, ""distance"": 12, ""length"": 48, ""n_sources"": 1}",1,20000,3,0.4036707741518815,0.0,0.4036707741518815,0.7774722176392874,0.0
bdh,bdh/plain,5474de1f354e,plain,propagate,strong,"{""dim"": 1, ""distance"": 12, ""length"": 48, ""n_sources"": 1}",1,22500,3,0.402648934473594,0.0,0.402648934473594,0.774013886054357,0.0
bdh,bdh/plain,5474de1f354e,plain,propagate,strong,"{""dim"": 1, ""distance"": 12, ""length"": 48, ""n_sources"": 1}",1,25000,3,0.4075674042105675,0.0,0.4075674042105675,0.7783888857364655,0.0
bdh,bdh/plain,5474de1f354e,plain,propagate,strong,"{""dim"": 1, ""distance"": 12, ""length"": 48, ""n_sources"": 1}",1,27500,3,0.40968364973862964,0.0,0.40968364973862964,0.7665138842662177,0.0
bdh,bdh/plain,5474de1f354e,plain,propagate,strong,"{""dim"": 1, ""distance"": 12, ""length"": 48, ""n_sources"": 1}",1,30000,3,0.412729994704326,0.0,0.412729994704326,0.7744305516878764,0.0
bdh,bdh/plain,5474de1f354e,plain,propagate,strong,"{""dim"": 1, ""distance"": 12, ""length"": 48, ""n_sources"": 1}",1,32500,3,0.4157591238617897,0.0,0.4157591238617897,0.7664999961853027,0.0
bdh,bdh/plain,5474de1f354e,plain,propagate,strong,"{""dim"": 1, ""distance"": 12, ""length"": 48, ""n_sources"": 1}",1,35000,3,0.4172362710038821,0.0,0.4172362710038821,0.7662916625738144,0.0
bdh,bdh/plain,5474de1f354e,plain,propagate,strong,"{""dim"": 1, ""distance"": 12, ""length"": 48, ""n_sources"": 1}",1,37500,3,0.41863751659790677,0.0,0.41863751659790677,0.7667222179969152,0.0
bdh,bdh/plain,5474de1f354e,plain,propagate,strong,"{""dim"": 1, ""distance"": 12, ""length"": 48, ""n_sources"": 1}",1,40000,3,0.4189560165007909,0.0,0.4189560165007909,0.7658333288033803,0.0
bdh,bdh/plain,5474de1f354e,plain,propagate,strong,"{""dim"": 1, ""distance"": 12, ""length"": 48, ""n_sources"": 1}",2,40000,3,0.4189560165007909,0.0,0.4189560165007909,0.7658333288033803,0.0
bdh,bdh/plain,5474de1f354e,plain,propagate,strong,"{""dim"": 1, ""distance"": 12, ""length"": 48, ""n_sources"": 1}",4,2500,3,0.38050076986352604,0.0,0.38050076986352604,0.746930542508761,0.0
bdh,bdh/plain,5474de1f354e,plain,propagate,strong,"{""dim"": 1, ""distance"": 12, ""length"": 48, ""n_sources"": 1}",4,5000,3,0.3302274979650974,0.0,0.3302274979650974,0.7211805386543273,0.0
bdh,bdh/plain,5474de1f354e,plain,propagate,strong,"{""dim"": 1, ""distance"": 12, ""length"": 48, ""n_sources"": 1}",4,7500,3,0.32705063931643963,0.0,0.32705063931643963,0.7487360976139703,0.0
bdh,bdh/plain,5474de1f354e,plain,propagate,strong,"{""dim"": 1, ""distance"": 12, ""length"": 48, ""n_sources"": 1}",4,10000,3,0.40885654588540393,0.0,0.40885654588540393,0.7332638736168543,0.0
bdh,bdh/plain,5474de1f354e,plain,propagate,strong,"{""dim"": 1, ""distance"": 12, ""length"": 48, ""n_sources"": 1}",4,12500,3,0.4253364677230517,0.0,0.4253364677230517,0.7525555447737377,0.0
bdh,bdh/plain,5474de1f354e,plain,propagate,strong,"{""dim"": 1, ""distance"": 12, ""length"": 48, ""n_sources"": 1}",4,15000,3,0.41959776108463603,0.0,0.41959776108463603,0.7536944350476066,0.0
bdh,bdh/plain,5474de1f354e,plain,propagate,strong,"{""dim"": 1, ""distance"": 12, ""length"": 48, ""n_sources"": 1}",4,17500,3,0.40619777888059616,0.0,0.40619777888059616,0.7492777698834737,0.0
bdh,bdh/plain,5474de1f354e,plain,propagate,strong,"{""dim"": 1, ""distance"": 12, ""length"": 48, ""n_sources"": 1}",4,20000,3,0.4036707741518815,0.0,0.4036707741518815,0.7774722176392874,0.0
bdh,bdh/plain,5474de1f354e,plain,propagate,strong,"{""dim"": 1, ""distance"": 12, ""length"": 48, ""n_sources"": 1}",4,22500,3,0.402648934473594,0.0,0.402648934473594,0.774013886054357,0.0
bdh,bdh/plain,5474de1f354e,plain,propagate,strong,"{""dim"": 1, ""distance"": 12, ""length"": 48, ""n_sources"": 1}",4,25000,3,0.4075674042105675,0.0,0.4075674042105675,0.7783888857364655,0.0
bdh,bdh/plain,5474de1f354e,plain,propagate,strong,"{""dim"": 1, ""distance"": 12, ""length"": 48, ""n_sources"": 1}",4,27500,3,0.40968364973862964,0.0,0.40968364973862964,0.7665138842662177,0.0
bdh,bdh/plain,5474de1f354e,plain,propagate,strong,"{""dim"": 1, ""distance"": 12, ""length"": 48, ""n_sources"": 1}",4,30000,3,0.412729994704326,0.0,0.412729994704326,0.7744305516878764,0.0
bdh,bdh/plain,5474de1f354e,plain,propagate,strong,"{""dim"": 1, ""distance"": 12, ""length"": 48, ""n_sources"": 1}",4,32500,3,0.4157591238617897,0.0,0.4157591238617897,0.7664999961853027,0.0
bdh,bdh/plain,5474de1f354e,plain,propagate,strong,"{""dim"": 1, ""distance"": 12, ""length"": 48, ""n_sources"": 1}",4,35000,3,0.4172362710038821,0.0,0.4172362710038821,0.7662916625738144,0.0
bdh,bdh/plain,5474de1f354e,plain,propagate,strong,"{""dim"": 1, ""distance"": 12, ""length"": 48, ""n_sources"": 1}",4,37500,3,0.41863751659790677,0.0,0.41863751659790677,0.7667222179969152,0.0
bdh,bdh/plain,5474de1f354e,plain,propagate,strong,"{""dim"": 1, ""distance"": 12, ""length"": 48, ""n_sources"": 1}",4,40000,3,0.4189560165007909,0.0,0.4189560165007909,0.7658333288033803,0.0
bdh,bdh/plain,5474de1f354e,plain,propagate,strong,"{""dim"": 1, ""distance"": 12, ""length"": 48, ""n_sources"": 1}",8,40000,3,0.4251038699100415,0.0,0.4251038699100415,0.7658333288033803,0.0
bdh,bdh/plain,5474de1f354e,plain,propagate,strong,"{""dim"": 1, ""distance"": 12, ""length"": 48, ""n_sources"": 1}",16,2500,3,0.38050076986352604,0.0,0.38050076986352604,0.746930542508761,0.0
bdh,bdh/plain,5474de1f354e,plain,propagate,strong,"{""dim"": 1, ""distance"": 12, ""length"": 48, ""n_sources"": 1}",16,5000,3,0.3302274979650974,0.0,0.3302274979650974,0.7211805386543273,0.0
bdh,bdh/plain,5474de1f354e,plain,propagate,strong,"{""dim"": 1, ""distance"": 12, ""length"": 48, ""n_sources"": 1}",16,7500,3,0.32705063931643963,0.0,0.32705063931643963,0.7487360976139703,0.0
bdh,bdh/plain,5474de1f354e,plain,propagate,strong,"{""dim"": 1, ""distance"": 12, ""length"": 48, ""n_sources"": 1}",16,10000,3,0.40885654588540393,0.0,0.40885654588540393,0.7332638736168543,0.0
bdh,bdh/plain,5474de1f354e,plain,propagate,strong,"{""dim"": 1, ""distance"": 12, ""length"": 48, ""n_sources"": 1}",16,12500,3,0.4253364677230517,0.0,0.4253364677230517,0.7525555447737377,0.0
bdh,bdh/plain,5474de1f354e,plain,propagate,strong,"{""dim"": 1, ""distance"": 12, ""length"": 48, ""n_sources"": 1}",16,15000,3,0.41959776108463603,0.0,0.41959776108463603,0.7536944350476066,0.0
bdh,bdh/plain,5474de1f354e,plain,propagate,strong,"{""dim"": 1, ""distance"": 12, ""length"": 48, ""n_sources"": 1}",16,17500,3,0.40619777888059616,0.0,0.40619777888059616,0.7492777698834737,0.0
bdh,bdh/plain,5474de1f354e,plain,propagate,strong,"{""dim"": 1, ""distance"": 12, ""length"": 48, ""n_sources"": 1}",16,20000,3,0.4036707741518815,0.0,0.4036707741518815,0.7774722176392874,0.0
bdh,bdh/plain,5474de1f354e,plain,propagate,strong,"{""dim"": 1, ""distance"": 12, ""length"": 48, ""n_sources"": 1}",16,22500,3,0.402648934473594,0.0,0.402648934473594,0.774013886054357,0.0
bdh,bdh/plain,5474de1f354e,plain,propagate,strong,"{""dim"": 1, ""distance"": 12, ""length"": 48, ""n_sources"": 1}",16,25000,3,0.4075674042105675,0.0,0.4075674042105675,0.7783888857364655,0.0
bdh,bdh/plain,5474de1f354e,plain,propagate,strong,"{""dim"": 1, ""distance"": 12, ""length"": 48, ""n_sources"": 1}",16,27500,3,0.40968364973862964,0.0,0.40968364973862964,0.7665138842662177,0.0
bdh,bdh/plain,5474de1f354e,plain,propagate,strong,"{""dim"": 1, ""distance"": 12, ""length"": 48, ""n_sources"": 1}",16,30000,3,0.412729994704326,0.0,0.412729994704326,0.7744305516878764,0.0
bdh,bdh/plain,5474de1f354e,plain,propagate,strong,"{""dim"": 1, ""distance"": 12, ""length"": 48, ""n_sources"": 1}",16,32500,3,0.4157591238617897,0.0,0.4157591238617897,0.7664999961853027,0.0
bdh,bdh/plain,5474de1f354e,plain,propagate,strong,"{""dim"": 1, ""distance"": 12, ""length"": 48, ""n_sources"": 1}",16,35000,3,0.4172362710038821,0.0,0.4172362710038821,0.7662916625738144,0.0
bdh,bdh/plain,5474de1f354e,plain,propagate,strong,"{""dim"": 1, ""distance"": 12, ""length"": 48, ""n_sources"": 1}",16,37500,3,0.41863751659790677,0.0,0.41863751659790677,0.7667222179969152,0.0
bdh,bdh/plain,5474de1f354e,plain,propagate,strong,"{""dim"": 1, ""distance"": 12, ""length"": 48, ""n_sources"": 1}",16,40000,3,0.4189560165007909,0.0,0.4189560165007909,0.7658333288033803,0.0
bdh,bdh/plain,5474de1f354e,plain,propagate,strong,"{""dim"": 1, ""distance"": 12, ""length"": 48, ""n_sources"": 1}",32,40000,3,0.4251038699100415,0.0,0.4251038699100415,0.7658333288033803,0.0
bdh,bdh/plain,5474de1f354e,plain,propagate,strong,"{""dim"": 1, ""distance"": 24, ""length"": 48, ""n_sources"": 1}",1,2500,3,0.37385111550490063,0.0,0.37385111550490063,0.6397777784665425,0.0
bdh,bdh/plain,5474de1f354e,plain,propagate,strong,"{""dim"": 1, ""distance"": 24, ""length"": 48, ""n_sources"": 1}",1,5000,3,0.32466084758440655,0.0,0.32466084758440655,0.5673888921141624,0.0
bdh,bdh/plain,5474de1f354e,plain,propagate,strong,"{""dim"": 1, ""distance"": 24, ""length"": 48, ""n_sources"": 1}",1,7500,3,0.32311384938657284,0.0,0.32311384938657284,0.639111112833023,0.0
bdh,bdh/plain,5474de1f354e,plain,propagate,strong,"{""dim"": 1, ""distance"": 24, ""length"": 48, ""n_sources"": 1}",1,10000,3,0.4082229708631833,0.0,0.4082229708631833,0.5764444461067518,0.0
bdh,bdh/plain,5474de1f354e,plain,propagate,strong,"{""dim"": 1, ""distance"": 24, ""length"": 48, ""n_sources"": 1}",1,12500,3,0.41843386615316075,0.0,0.41843386615316075,0.6256805553833643,0.0
bdh,bdh/plain,5474de1f354e,plain,propagate,strong,"{""dim"": 1, ""distance"": 24, ""length"": 48, ""n_sources"": 1}",1,15000,3,0.42093410591284436,0.0,0.42093410591284436,0.6160833332873881,0.0
bdh,bdh/plain,5474de1f354e,plain,propagate,strong,"{""dim"": 1, ""distance"": 24, ""length"": 48, ""n_sources"": 1}",1,17500,3,0.4128280058503151,0.0,0.4128280058503151,0.5921388889948527,0.0
bdh,bdh/plain,5474de1f354e,plain,propagate,strong,"{""dim"": 1, ""distance"": 24, ""length"": 48, ""n_sources"": 1}",1,20000,3,0.40358833720286685,0.0,0.40358833720286685,0.6683472228050231,0.0
bdh,bdh/plain,5474de1f354e,plain,propagate,strong,"{""dim"": 1, ""distance"": 24, ""length"": 48, ""n_sources"": 1}",1,22500,3,0.4100542813539505,0.0,0.4100542813539505,0.6553888882199924,0.0
bdh,bdh/plain,5474de1f354e,plain,propagate,strong,"{""dim"": 1, ""distance"": 24, ""length"": 48, ""n_sources"": 1}",1,25000,3,0.4068000540137291,0.0,0.4068000540137291,0.66631944445769,0.0
bdh,bdh/plain,5474de1f354e,plain,propagate,strong,"{""dim"": 1, ""distance"": 24, ""length"": 48, ""n_sources"": 1}",1,27500,3,0.4120711137851079,0.0,0.4120711137851079,0.6325416664083799,0.0
bdh,bdh/plain,5474de1f354e,plain,propagate,strong,"{""dim"": 1, ""distance"": 24, ""length"": 48, ""n_sources"": 1}",1,30000,3,0.41605455552538234,0.0,0.41605455552538234,0.6474999997615815,0.0
bdh,bdh/plain,5474de1f354e,plain,propagate,strong,"{""dim"": 1, ""distance"": 24, ""length"": 48, ""n_sources"": 1}",1,32500,3,0.4202212728559971,0.0,0.4202212728559971,0.6384166665474574,0.0
bdh,bdh/plain,5474de1f354e,plain,propagate,strong,"{""dim"": 1, ""distance"": 24, ""length"": 48, ""n_sources"": 1}",1,35000,3,0.42193059374888736,0.0,0.42193059374888736,0.637888889114062,0.0
bdh,bdh/plain,5474de1f354e,plain,propagate,strong,"{""dim"": 1, ""distance"": 24, ""length"": 48, ""n_sources"": 1}",1,37500,3,0.4228254333138466,0.0,0.4228254333138466,0.6384166670441628,0.0
bdh,bdh/plain,5474de1f354e,plain,propagate,strong,"{""dim"": 1, ""distance"": 24, ""length"": 48, ""n_sources"": 1}",1,40000,3,0.4231753908097744,0.0,0.4231753908097744,0.6361388892134031,0.0
bdh,bdh/plain,5474de1f354e,plain,propagate,strong,"{""dim"": 1, ""distance"": 24, ""length"": 48, ""n_sources"": 1}",2,40000,3,0.4231753908097744,0.0,0.4231753908097744,0.6361388892134031,0.0
bdh,bdh/plain,5474de1f354e,plain,propagate,strong,"{""dim"": 1, ""distance"": 24, ""length"": 48, ""n_sources"": 1}",4,2500,3,0.37385111550490063,0.0,0.37385111550490063,0.6397777784665425,0.0
bdh,bdh/plain,5474de1f354e,plain,propagate,strong,"{""dim"": 1, ""distance"": 24, ""length"": 48, ""n_sources"": 1}",4,5000,3,0.32466084758440655,0.0,0.32466084758440655,0.5673888921141624,0.0
bdh,bdh/plain,5474de1f354e,plain,propagate,strong,"{""dim"": 1, ""distance"": 24, ""length"": 48, ""n_sources"": 1}",4,7500,3,0.32311384938657284,0.0,0.32311384938657284,0.639111112833023,0.0
bdh,bdh/plain,5474de1f354e,plain,propagate,strong,"{""dim"": 1, ""distance"": 24, ""length"": 48, ""n_sources"": 1}",4,10000,3,0.4082229708631833,0.0,0.4082229708631833,0.5764444461067518,0.0
bdh,bdh/plain,5474de1f354e,plain,propagate,strong,"{""dim"": 1, ""distance"": 24, ""length"": 48, ""n_sources"": 1}",4,12500,3,0.41843386615316075,0.0,0.41843386615316075,0.6256805553833643,0.0
bdh,bdh/plain,5474de1f354e,plain,propagate,strong,"{""dim"": 1, ""distance"": 24, ""length"": 48, ""n_sources"": 1}",4,15000,3,0.42093410591284436,0.0,0.42093410591284436,0.6160833332873881,0.0
bdh,bdh/plain,5474de1f354e,plain,propagate,strong,"{""dim"": 1, ""distance"": 24, ""length"": 48, ""n_sources"": 1}",4,17500,3,0.4128280058503151,0.0,0.4128280058503151,0.5921388889948527,0.0
bdh,bdh/plain,5474de1f354e,plain,propagate,strong,"{""dim"": 1, ""distance"": 24, ""length"": 48, ""n_sources"": 1}",4,20000,3,0.40358833720286685,0.0,0.40358833720286685,0.6683472228050231,0.0
bdh,bdh/plain,5474de1f354e,plain,propagate,strong,"{""dim"": 1, ""distance"": 24, ""length"": 48, ""n_sources"": 1}",4,22500,3,0.4100542813539505,0.0,0.4100542813539505,0.6553888882199924,0.0
bdh,bdh/plain,5474de1f354e,plain,propagate,strong,"{""dim"": 1, ""distance"": 24, ""length"": 48, ""n_sources"": 1}",4,25000,3,0.4068000540137291,0.0,0.4068000540137291,0.66631944445769,0.0
bdh,bdh/plain,5474de1f354e,plain,propagate,strong,"{""dim"": 1, ""distance"": 24, ""length"": 48, ""n_sources"": 1}",4,27500,3,0.4120711137851079,0.0,0.4120711137851079,0.6325416664083799,0.0
bdh,bdh/plain,5474de1f354e,plain,propagate,strong,"{""dim"": 1, ""distance"": 24, ""length"": 48, ""n_sources"": 1}",4,30000,3,0.41605455552538234,0.0,0.41605455552538234,0.6474999997615815,0.0
bdh,bdh/plain,5474de1f354e,plain,propagate,strong,"{""dim"": 1, ""distance"": 24, ""length"": 48, ""n_sources"": 1}",4,32500,3,0.4202212728559971,0.0,0.4202212728559971,0.6384166665474574,0.0
bdh,bdh/plain,5474de1f354e,plain,propagate,strong,"{""dim"": 1, ""distance"": 24, ""length"": 48, ""n_sources"": 1}",4,35000,3,0.42193059374888736,0.0,0.42193059374888736,0.637888889114062,0.0
bdh,bdh/plain,5474de1f354e,plain,propagate,strong,"{""dim"": 1, ""distance"": 24, ""length"": 48, ""n_sources"": 1}",4,37500,3,0.4228254333138466,0.0,0.4228254333138466,0.6384166670441628,0.0
bdh,bdh/plain,5474de1f354e,plain,propagate,strong,"{""dim"": 1, ""distance"": 24, ""length"": 48, ""n_sources"": 1}",4,40000,3,0.4231753908097744,0.0,0.4231753908097744,0.6361388892134031,0.0
bdh,bdh/plain,5474de1f354e,plain,propagate,strong,"{""dim"": 1, ""distance"": 24, ""length"": 48, ""n_sources"": 1}",8,40000,3,0.41963472714026767,0.0,0.41963472714026767,0.6361388892134031,0.0
bdh,bdh/plain,5474de1f354e,plain,propagate,strong,"{""dim"": 1, ""distance"": 24, ""length"": 48, ""n_sources"": 1}",16,2500,3,0.37385111550490063,0.0,0.37385111550490063,0.6397777784665425,0.0
bdh,bdh/plain,5474de1f354e,plain,propagate,strong,"{""dim"": 1, ""distance"": 24, ""length"": 48, ""n_sources"": 1}",16,5000,3,0.32466084758440655,0.0,0.32466084758440655,0.5673888921141624,0.0
bdh,bdh/plain,5474de1f354e,plain,propagate,strong,"{""dim"": 1, ""distance"": 24, ""length"": 48, ""n_sources"": 1}",16,7500,3,0.32311384938657284,0.0,0.32311384938657284,0.639111112833023,0.0
bdh,bdh/plain,5474de1f354e,plain,propagate,strong,"{""dim"": 1, ""distance"": 24, ""length"": 48, ""n_sources"": 1}",16,10000,3,0.4082229708631833,0.0,0.4082229708631833,0.5764444461067518,0.0
bdh,bdh/plain,5474de1f354e,plain,propagate,strong,"{""dim"": 1, ""distance"": 24, ""length"": 48, ""n_sources"": 1}",16,12500,3,0.41843386615316075,0.0,0.41843386615316075,0.6256805553833643,0.0
bdh,bdh/plain,5474de1f354e,plain,propagate,strong,"{""dim"": 1, ""distance"": 24, ""length"": 48, ""n_sources"": 1}",16,15000,3,0.42093410591284436,0.0,0.42093410591284436,0.6160833332873881,0.0
bdh,bdh/plain,5474de1f354e,plain,propagate,strong,"{""dim"": 1, ""distance"": 24, ""length"": 48, ""n_sources"": 1}",16,17500,3,0.4128280058503151,0.0,0.4128280058503151,0.5921388889948527,0.0
bdh,bdh/plain,5474de1f354e,plain,propagate,strong,"{""dim"": 1, ""distance"": 24, ""length"": 48, ""n_sources"": 1}",16,20000,3,0.40358833720286685,0.0,0.40358833720286685,0.6683472228050231,0.0
bdh,bdh/plain,5474de1f354e,plain,propagate,strong,"{""dim"": 1, ""distance"": 24, ""length"": 48, ""n_sources"": 1}",16,22500,3,0.4100542813539505,0.0,0.4100542813539505,0.6553888882199924,0.0
bdh,bdh/plain,5474de1f354e,plain,propagate,strong,"{""dim"": 1, ""distance"": 24, ""length"": 48, ""n_sources"": 1}",16,25000,3,0.4068000540137291,0.0,0.4068000540137291,0.66631944445769,0.0
bdh,bdh/plain,5474de1f354e,plain,propagate,strong,"{""dim"": 1, ""distance"": 24, ""length"": 48, ""n_sources"": 1}",16,27500,3,0.4120711137851079,0.0,0.4120711137851079,0.6325416664083799,0.0
bdh,bdh/plain,5474de1f354e,plain,propagate,strong,"{""dim"": 1, ""distance"": 24, ""length"": 48, ""n_sources"": 1}",16,30000,3,0.41605455552538234,0.0,0.41605455552538234,0.6474999997615815,0.0
bdh,bdh/plain,5474de1f354e,plain,propagate,strong,"{""dim"": 1, ""distance"": 24, ""length"": 48, ""n_sources"": 1}",16,32500,3,0.4202212728559971,0.0,0.4202212728559971,0.6384166665474574,0.0
bdh,bdh/plain,5474de1f354e,plain,propagate,strong,"{""dim"": 1, ""distance"": 24, ""length"": 48, ""n_sources"": 1}",16,35000,3,0.42193059374888736,0.0,0.42193059374888736,0.637888889114062,0.0
bdh,bdh/plain,5474de1f354e,plain,propagate,strong,"{""dim"": 1, ""distance"": 24, ""length"": 48, ""n_sources"": 1}",16,37500,3,0.4228254333138466,0.0,0.4228254333138466,0.6384166670441628,0.0
bdh,bdh/plain,5474de1f354e,plain,propagate,strong,"{""dim"": 1, ""distance"": 24, ""length"": 48, ""n_sources"": 1}",16,40000,3,0.4231753908097744,0.0,0.4231753908097744,0.6361388892134031,0.0
bdh,bdh/plain,5474de1f354e,plain,propagate,strong,"{""dim"": 1, ""distance"": 24, ""length"": 48, ""n_sources"": 1}",32,40000,3,0.41963472714026767,0.0,0.41963472714026767,0.6361388892134031,0.0
bdh_cq,bdh_cq/attn_residual,a976f5e26896,attn_residual,propagate,interp,"{""dim"": 1, ""distance"": 1, ""length"": 12, ""n_sources"": 1}",1,2500,1,0.9770428463816643,1.0,0.9770428463816643,0.8009950127174605,0.0
bdh_cq,bdh_cq/attn_residual,a976f5e26896,attn_residual,propagate,interp,"{""dim"": 1, ""distance"": 1, ""length"": 12, ""n_sources"": 1}",1,5000,1,0.8262853547930717,1.0,0.8262853547930717,0.8084576966157601,0.0
bdh_cq,bdh_cq/attn_residual,a976f5e26896,attn_residual,propagate,interp,"{""dim"": 1, ""distance"": 1, ""length"": 12, ""n_sources"": 1}",1,7500,1,0.7393349334597588,1.0,0.7393349334597588,0.8221392916209662,0.0
bdh_cq,bdh_cq/attn_residual,a976f5e26896,attn_residual,propagate,interp,"{""dim"": 1, ""distance"": 1, ""length"": 12, ""n_sources"": 1}",1,8000,1,0.7426310256123543,1.0,0.7426310256123543,0.8208955090437362,0.0
bdh_cq,bdh_cq/attn_residual,a976f5e26896,attn_residual,propagate,interp,"{""dim"": 1, ""distance"": 1, ""length"": 12, ""n_sources"": 1}",4,2500,1,0.9975340887904167,0.0,0.9916008114814758,0.8009950127174605,0.0
bdh_cq,bdh_cq/attn_residual,a976f5e26896,attn_residual,propagate,interp,"{""dim"": 1, ""distance"": 1, ""length"": 12, ""n_sources"": 1}",4,5000,1,0.9992996528744698,0.0,0.994065947830677,0.8009950087141635,0.0
bdh_cq,bdh_cq/attn_residual,a976f5e26896,attn_residual,propagate,interp,"{""dim"": 1, ""distance"": 1, ""length"": 12, ""n_sources"": 1}",4,7500,1,0.9996721744537354,0.0,0.9940681979060173,0.8059701350197863,0.0
bdh_cq,bdh_cq/attn_residual,a976f5e26896,attn_residual,propagate,interp,"{""dim"": 1, ""distance"": 1, ""length"": 12, ""n_sources"": 1}",4,8000,1,0.9996579065918922,0.0,0.9939878508448601,0.8059701350197863,0.0
bdh_cq,bdh_cq/attn_residual,a976f5e26896,attn_residual,propagate,interp,"{""dim"": 1, ""distance"": 1, ""length"": 12, ""n_sources"": 1}",8,8000,1,0.99985196813941,0.0,0.9929473418742418,0.7860696364694567,0.0
bdh_cq,bdh_cq/attn_residual,a976f5e26896,attn_residual,propagate,interp,"{""dim"": 1, ""distance"": 1, ""length"": 12, ""n_sources"": 1}",32,8000,1,0.9999208636581898,0.0,0.9929473418742418,0.7624378044213822,0.0
bdh_cq,bdh_cq/attn_residual,a976f5e26896,attn_residual,propagate,interp,"{""dim"": 1, ""distance"": 2, ""length"": 12, ""n_sources"": 1}",1,2500,1,0.9616158828139305,1.0,0.9616158828139305,0.7985074511214868,0.0
bdh_cq,bdh_cq/attn_residual,a976f5e26896,attn_residual,propagate,interp,"{""dim"": 1, ""distance"": 2, ""length"": 12, ""n_sources"": 1}",1,5000,1,0.7841401994228363,1.0,0.7841401994228363,0.8009950127174605,0.0
bdh_cq,bdh_cq/attn_residual,a976f5e26896,attn_residual,propagate,interp,"{""dim"": 1, ""distance"": 2, ""length"": 12, ""n_sources"": 1}",1,7500,1,0.718482606112957,1.0,0.718482606112957,0.8184079447788979,0.0
bdh_cq,bdh_cq/attn_residual,a976f5e26896,attn_residual,propagate,interp,"{""dim"": 1, ""distance"": 2, ""length"": 12, ""n_sources"": 1}",1,8000,1,0.7210488691926003,1.0,0.7210488691926003,0.8184079438892763,0.0
bdh_cq,bdh_cq/attn_residual,a976f5e26896,attn_residual,propagate,interp,"{""dim"": 1, ""distance"": 2, ""length"": 12, ""n_sources"": 1}",4,2500,1,0.9978131651878357,0.0,0.9907862767577171,0.8022387935154474,0.0
bdh_cq,bdh_cq/attn_residual,a976f5e26896,attn_residual,propagate,interp,"{""dim"": 1, ""distance"": 2, ""length"": 12, ""n_sources"": 1}",4,5000,1,0.9993089437484741,0.0,0.9944014996290207,0.8059701367990294,0.0
bdh_cq,bdh_cq/attn_residual,a976f5e26896,attn_residual,propagate,interp,"{""dim"": 1, ""distance"": 2, ""length"": 12, ""n_sources"": 1}",4,7500,1,0.9996604844927788,0.0,0.9931862056255341,0.8109452608805984,0.0
bdh_cq,bdh_cq/attn_residual,a976f5e26896,attn_residual,propagate,interp,"{""dim"": 1, ""distance"": 2, ""length"": 12, ""n_sources"": 1}",4,8000,1,0.9996457695960999,0.0,0.9930462390184402,0.8121890407889637,0.0
bdh_cq,bdh_cq/attn_residual,a976f5e26896,attn_residual,propagate,interp,"{""dim"": 1, ""distance"": 2, ""length"": 12, ""n_sources"": 1}",8,8000,1,0.9998192191123962,0.0,0.9933507777750492,0.794776107393094,0.0
bdh_cq,bdh_cq/attn_residual,a976f5e26896,attn_residual,propagate,interp,"{""dim"": 1, ""distance"": 2, ""length"": 12, ""n_sources"": 1}",32,8000,1,0.9999201577156782,0.0,0.9933507777750492,0.7587064586913408,0.0
bdh_cq,bdh_cq/attn_residual,a976f5e26896,attn_residual,propagate,interp,"{""dim"": 1, ""distance"": 4, ""length"": 12, ""n_sources"": 1}",1,2500,1,0.9677026271820068,1.0,0.9677026271820068,0.8017676617159988,0.0
bdh_cq,bdh_cq/attn_residual,a976f5e26896,attn_residual,propagate,interp,"{""dim"": 1, ""distance"": 4, ""length"": 12, ""n_sources"": 1}",1,5000,1,0.7999521791934967,1.0,0.7999521791934967,0.8068181682716716,0.0
bdh_cq,bdh_cq/attn_residual,a976f5e26896,attn_residual,propagate,interp,"{""dim"": 1, ""distance"": 4, ""length"": 12, ""n_sources"": 1}",1,7500,1,0.7143769264221191,1.0,0.7143769264221191,0.8106060488657518,0.0
bdh_cq,bdh_cq/attn_residual,a976f5e26896,attn_residual,propagate,interp,"{""dim"": 1, ""distance"": 4, ""length"": 12, ""n_sources"": 1}",1,8000,1,0.7173697799444199,1.0,0.7173697799444199,0.8093434229041591,0.0
bdh_cq,bdh_cq/attn_residual,a976f5e26896,attn_residual,propagate,interp,"{""dim"": 1, ""distance"": 4, ""length"": 12, ""n_sources"": 1}",4,2500,1,0.998224526643753,0.0,0.9922416657209396,0.7891414011969711,0.0
bdh_cq,bdh_cq/attn_residual,a976f5e26896,attn_residual,propagate,interp,"{""dim"": 1, ""distance"": 4, ""length"": 12, ""n_sources"": 1}",4,5000,1,0.999378077685833,0.0,0.9947263970971107,0.7992424097928134,0.0
bdh_cq,bdh_cq/attn_residual,a976f5e26896,attn_residual,propagate,interp,"{""dim"": 1, ""distance"": 4, ""length"": 12, ""n_sources"": 1}",4,7500,1,0.9996983259916306,0.0,0.9945022836327553,0.8068181682716716,0.0
bdh_cq,bdh_cq/attn_residual,a976f5e26896,attn_residual,propagate,interp,"{""dim"": 1, ""distance"": 4, ""length"": 12, ""n_sources"": 1}",4,8000,1,0.9996889978647232,0.0,0.9942095950245857,0.8118686730211432,0.0
bdh_cq,bdh_cq/attn_residual,a976f5e26896,attn_residual,propagate,interp,"{""dim"": 1, ""distance"": 4, ""length"": 12, ""n_sources"": 1}",8,8000,1,0.9998269379138947,0.0,0.9940561018884182,0.7752525124585989,0.0
bdh_cq,bdh_cq/attn_residual,a976f5e26896,attn_residual,propagate,interp,"{""dim"": 1, ""distance"": 4, ""length"": 12, ""n_sources"": 1}",32,8000,1,0.9999221973121166,0.0,0.9940561018884182,0.7891414002938704,0.0
bdh_cq,bdh_cq/attn_residual,a976f5e26896,attn_residual,propagate,mild,"{""dim"": 1, ""distance"": 6, ""length"": 12, ""n_sources"": 1}",1,2500,1,0.9744134843349457,1.0,0.9744134843349457,0.7949999886751175,0.0
bdh_cq,bdh_cq/attn_residual,a976f5e26896,attn_residual,propagate,mild,"{""dim"": 1, ""distance"": 6, ""length"": 12, ""n_sources"": 1}",1,5000,1,0.7970045581459999,1.0,0.7970045581459999,0.8033333212137223,0.0
bdh_cq,bdh_cq/attn_residual,a976f5e26896,attn_residual,propagate,mild,"{""dim"": 1, ""distance"": 6, ""length"": 12, ""n_sources"": 1}",1,7500,1,0.7199897766113281,1.0,0.7199897766113281,0.8041666543483734,0.0
bdh_cq,bdh_cq/attn_residual,a976f5e26896,attn_residual,propagate,mild,"{""dim"": 1, ""distance"": 6, ""length"": 12, ""n_sources"": 1}",1,8000,1,0.7236957177519798,1.0,0.7236957177519798,0.8074999874830247,0.0
bdh_cq,bdh_cq/attn_residual,a976f5e26896,attn_residual,propagate,mild,"{""dim"": 1, ""distance"": 6, ""length"": 12, ""n_sources"": 1}",4,2500,1,0.9980331659317017,0.0,0.9915859550237656,0.7983333206176758,0.0
bdh_cq,bdh_cq/attn_residual,a976f5e26896,attn_residual,propagate,mild,"{""dim"": 1, ""distance"": 6, ""length"": 12, ""n_sources"": 1}",4,5000,1,0.9992263540625572,0.0,0.9939622581005096,0.8116666531562805,0.0
bdh_cq,bdh_cq/attn_residual,a976f5e26896,attn_residual,propagate,mild,"{""dim"": 1, ""distance"": 6, ""length"": 12, ""n_sources"": 1}",4,7500,1,0.9995501935482025,0.0,0.9899259209632874,0.8116666531562805,0.0
bdh_cq,bdh_cq/attn_residual,a976f5e26896,attn_residual,propagate,mild,"{""dim"": 1, ""distance"": 6, ""length"": 12, ""n_sources"": 1}",4,8000,1,0.9995338693261147,0.0,0.9895959794521332,0.814166652560234,0.0
bdh_cq,bdh_cq/attn_residual,a976f5e26896,attn_residual,propagate,mild,"{""dim"": 1, ""distance"": 6, ""length"": 12, ""n_sources"": 1}",8,8000,1,0.9998243041336536,0.0,0.992431016638875,0.7908333203196526,0.0
bdh_cq,bdh_cq/attn_residual,a976f5e26896,attn_residual,propagate,mild,"{""dim"": 1, ""distance"": 6, ""length"": 12, ""n_sources"": 1}",32,8000,1,0.9999272506684065,0.0,0.992431016638875,0.7866666555404663,0.0
bdh_cq,bdh_cq/attn_residual,a976f5e26896,attn_residual,propagate,mild,"{""dim"": 1, ""distance"": 8, ""length"": 12, ""n_sources"": 1}",1,2500,1,0.9765544310212135,1.0,0.9765544310212135,0.7874999898672104,0.0
bdh_cq,bdh_cq/attn_residual,a976f5e26896,attn_residual,propagate,mild,"{""dim"": 1, ""distance"": 8, ""length"": 12, ""n_sources"": 1}",1,5000,1,0.783955030143261,1.0,0.783955030143261,0.7983333224058151,0.0
bdh_cq,bdh_cq/attn_residual,a976f5e26896,attn_residual,propagate,mild,"{""dim"": 1, ""distance"": 8, ""length"": 12, ""n_sources"": 1}",1,7500,1,0.6929531320929527,1.0,0.6929531320929527,0.7941666555404663,0.0
bdh_cq,bdh_cq/attn_residual,a976f5e26896,attn_residual,propagate,mild,"{""dim"": 1, ""distance"": 8, ""length"": 12, ""n_sources"": 1}",1,8000,1,0.695480965077877,1.0,0.695480965077877,0.7949999886751175,0.0
bdh_cq,bdh_cq/attn_residual,a976f5e26896,attn_residual,propagate,mild,"{""dim"": 1, ""distance"": 8, ""length"": 12, ""n_sources"": 1}",4,2500,1,0.9978757798671722,0.0,0.991395615041256,0.7874999898672104,0.0
bdh_cq,bdh_cq/attn_residual,a976f5e26896,attn_residual,propagate,mild,"{""dim"": 1, ""distance"": 8, ""length"": 12, ""n_sources"": 1}",4,5000,1,0.9993442595005035,0.0,0.9945571571588516,0.8024999874830246,0.0
bdh_cq,bdh_cq/attn_residual,a976f5e26896,attn_residual,propagate,mild,"{""dim"": 1, ""distance"": 8, ""length"": 12, ""n_sources"": 1}",4,7500,1,0.9996933117508888,0.0,0.9941671788692474,0.8016666537523269,0.0
bdh_cq,bdh_cq/attn_residual,a976f5e26896,attn_residual,propagate,mild,"{""dim"": 1, ""distance"": 8, ""length"": 12, ""n_sources"": 1}",4,8000,1,0.9996845349669456,0.0,0.9941109642386436,0.804166653752327,0.0
bdh_cq,bdh_cq/attn_residual,a976f5e26896,attn_residual,propagate,mild,"{""dim"": 1, ""distance"": 8, ""length"": 12, ""n_sources"": 1}",8,8000,1,0.9998403619974852,0.0,0.9932201150804758,0.7974999862909317,0.0
bdh_cq,bdh_cq/attn_residual,a976f5e26896,attn_residual,propagate,mild,"{""dim"": 1, ""distance"": 8, ""length"": 12, ""n_sources"": 1}",32,8000,1,0.9999119378626347,0.0,0.9932201150804758,0.8049999874830246,0.0
bdh_cq,bdh_cq/attn_residual,a976f5e26896,attn_residual,propagate,strong,"{""dim"": 1, ""distance"": 12, ""length"": 48, ""n_sources"": 1}",1,2500,1,0.9734131693840027,1.0,0.9734131693840027,0.756458320915699,0.0
bdh_cq,bdh_cq/attn_residual,a976f5e26896,attn_residual,propagate,strong,"{""dim"": 1, ""distance"": 12, ""length"": 48, ""n_sources"": 1}",1,5000,1,0.9029600992798805,1.0,0.9029600992798805,0.5960416519269347,0.0
bdh_cq,bdh_cq/attn_residual,a976f5e26896,attn_residual,propagate,strong,"{""dim"": 1, ""distance"": 12, ""length"": 48, ""n_sources"": 1}",1,7500,1,0.8087281435728073,1.0,0.8087281435728073,0.5885416536591948,0.0
bdh_cq,bdh_cq/attn_residual,a976f5e26896,attn_residual,propagate,strong,"{""dim"": 1, ""distance"": 12, ""length"": 48, ""n_sources"": 1}",1,8000,1,0.8114480599761009,1.0,0.8114480599761009,0.5908333200775087,0.0
bdh_cq,bdh_cq/attn_residual,a976f5e26896,attn_residual,propagate,strong,"{""dim"": 1, ""distance"": 12, ""length"": 48, ""n_sources"": 1}",4,2500,1,0.9995280802249908,0.0,0.9971256256103516,0.751458320915699,0.0
bdh_cq,bdh_cq/attn_residual,a976f5e26896,attn_residual,propagate,strong,"{""dim"": 1, ""distance"": 12, ""length"": 48, ""n_sources"": 1}",4,5000,1,0.9995448365807533,0.0,0.9969150945544243,0.6049999849684536,0.0
bdh_cq,bdh_cq/attn_residual,a976f5e26896,attn_residual,propagate,strong,"{""dim"": 1, ""distance"": 12, ""length"": 48, ""n_sources"": 1}",4,7500,1,0.9996839463710785,0.0,0.9966345801949501,0.6016666522808373,0.0
bdh_cq,bdh_cq/attn_residual,a976f5e26896,attn_residual,propagate,strong,"{""dim"": 1, ""distance"": 12, ""length"": 48, ""n_sources"": 1}",4,8000,1,0.9996864795684814,0.0,0.9966769590973854,0.6024999862350523,0.0
bdh_cq,bdh_cq/attn_residual,a976f5e26896,attn_residual,propagate,strong,"{""dim"": 1, ""distance"": 12, ""length"": 48, ""n_sources"": 1}",8,8000,1,0.9999329969286919,0.0,0.9966473020613194,0.6220833190530538,0.0
bdh_cq,bdh_cq/attn_residual,a976f5e26896,attn_residual,propagate,strong,"{""dim"": 1, ""distance"": 12, ""length"": 48, ""n_sources"": 1}",32,8000,1,0.9999777358025312,0.0,0.9966473020613194,0.632916650660336,0.0
bdh_cq,bdh_cq/attn_residual,a976f5e26896,attn_residual,propagate,strong,"{""dim"": 1, ""distance"": 24, ""length"": 48, ""n_sources"": 1}",1,2500,1,0.9700447022914886,1.0,0.9700447022914886,0.6974999995529652,0.0
bdh_cq,bdh_cq/attn_residual,a976f5e26896,attn_residual,propagate,strong,"{""dim"": 1, ""distance"": 24, ""length"": 48, ""n_sources"": 1}",1,5000,1,0.9199546799063683,1.0,0.9199546799063683,0.4593750044517219,0.0
bdh_cq,bdh_cq/attn_residual,a976f5e26896,attn_residual,propagate,strong,"{""dim"": 1, ""distance"": 24, ""length"": 48, ""n_sources"": 1}",1,7500,1,0.8249899372458458,1.0,0.8249899372458458,0.4495833371207118,0.0
bdh_cq,bdh_cq/attn_residual,a976f5e26896,attn_residual,propagate,strong,"{""dim"": 1, ""distance"": 24, ""length"": 48, ""n_sources"": 1}",1,8000,1,0.8271468132734299,1.0,0.8271468132734299,0.4481250050291419,0.0
bdh_cq,bdh_cq/attn_residual,a976f5e26896,attn_residual,propagate,strong,"{""dim"": 1, ""distance"": 24, ""length"": 48, ""n_sources"": 1}",4,2500,1,0.9994537085294724,0.0,0.995874673128128,0.7029166668653488,0.0
bdh_cq,bdh_cq/attn_residual,a976f5e26896,attn_residual,propagate,strong,"{""dim"": 1, ""distance"": 24, ""length"": 48, ""n_sources"": 1}",4,5000,1,0.9995416551828384,0.0,0.9968222752213478,0.4577083371579647,0.0
bdh_cq,bdh_cq/attn_residual,a976f5e26896,attn_residual,propagate,strong,"{""dim"": 1, ""distance"": 24, ""length"": 48, ""n_sources"": 1}",4,7500,1,0.999671071767807,0.0,0.9967287555336952,0.4416666704788804,0.0
bdh_cq,bdh_cq/attn_residual,a976f5e26896,attn_residual,propagate,strong,"{""dim"": 1, ""distance"": 24, ""length"": 48, ""n_sources"": 1}",4,8000,1,0.9996728822588921,0.0,0.9967577233910561,0.4414583388343453,0.0
bdh_cq,bdh_cq/attn_residual,a976f5e26896,attn_residual,propagate,strong,"{""dim"": 1, ""distance"": 24, ""length"": 48, ""n_sources"": 1}",8,8000,1,0.9999345876276493,0.0,0.9962582569569349,0.44020834006369114,0.0
bdh_cq,bdh_cq/attn_residual,a976f5e26896,attn_residual,propagate,strong,"{""dim"": 1, ""distance"": 24, ""length"": 48, ""n_sources"": 1}",32,8000,1,0.999978194013238,0.0,0.9962582569569349,0.4304166741669178,0.0
bdh_cq,bdh_cq/init_skip,eca47f97dfa3,init_skip,propagate,interp,"{""dim"": 1, ""distance"": 1, ""length"": 12, ""n_sources"": 1}",1,2500,1,0.94361462444067,1.0,0.94361462444067,0.8047263551114211,0.0
bdh_cq,bdh_cq/init_skip,eca47f97dfa3,init_skip,propagate,interp,"{""dim"": 1, ""distance"": 1, ""length"": 12, ""n_sources"": 1}",1,5000,1,0.8826286792755127,1.0,0.8826286792755127,0.8109452599909768,0.0
bdh_cq,bdh_cq/init_skip,eca47f97dfa3,init_skip,propagate,interp,"{""dim"": 1, ""distance"": 1, ""length"": 12, ""n_sources"": 1}",1,7500,1,0.8618206083774567,1.0,0.8618206083774567,0.8034825740910289,0.0
bdh_cq,bdh_cq/init_skip,eca47f97dfa3,init_skip,propagate,interp,"{""dim"": 1, ""distance"": 1, ""length"": 12, ""n_sources"": 1}",1,8000,1,0.8621896728873253,1.0,0.8621896728873253,0.8047263548890157,0.0
bdh_cq,bdh_cq/init_skip,eca47f97dfa3,init_skip,propagate,interp,"{""dim"": 1, ""distance"": 1, ""length"": 12, ""n_sources"": 1}",4,2500,1,0.9962003231048584,0.0,0.9832399114966393,0.8059701359094079,0.0
bdh_cq,bdh_cq/init_skip,eca47f97dfa3,init_skip,propagate,interp,"{""dim"": 1, ""distance"": 1, ""length"": 12, ""n_sources"": 1}",4,5000,1,0.9935906156897545,0.0,0.9621043279767036,0.8059701367990294,0.0
bdh_cq,bdh_cq/init_skip,eca47f97dfa3,init_skip,propagate,interp,"{""dim"": 1, ""distance"": 1, ""length"": 12, ""n_sources"": 1}",4,7500,1,0.9938358962535858,0.0,0.9511322006583214,0.7997512328090952,0.0
bdh_cq,bdh_cq/init_skip,eca47f97dfa3,init_skip,propagate,interp,"{""dim"": 1, ""distance"": 1, ""length"": 12, ""n_sources"": 1}",4,8000,1,0.9938718676567078,0.0,0.9512333571910858,0.7972636703235,0.0
bdh_cq,bdh_cq/init_skip,eca47f97dfa3,init_skip,propagate,interp,"{""dim"": 1, ""distance"": 1, ""length"": 12, ""n_sources"": 1}",8,8000,1,0.9447432179003954,0.0,0.9033392015844584,0.759950249942381,0.0
bdh_cq,bdh_cq/init_skip,eca47f97dfa3,init_skip,propagate,interp,"{""dim"": 1, ""distance"": 1, ""length"": 12, ""n_sources"": 1}",32,8000,1,0.9964462425559759,0.0,0.8915603924542665,0.7375621982474825,0.0
bdh_cq,bdh_cq/init_skip,eca47f97dfa3,init_skip,propagate,interp,"{""dim"": 1, ""distance"": 2, ""length"": 12, ""n_sources"": 1}",1,2500,1,0.944829948246479,1.0,0.944829948246479,0.7947761087275264,0.0
bdh_cq,bdh_cq/init_skip,eca47f97dfa3,init_skip,propagate,interp,"{""dim"": 1, ""distance"": 2, ""length"": 12, ""n_sources"": 1}",1,5000,1,0.8902251496911049,1.0,0.8902251496911049,0.8072139175970163,0.0
bdh_cq,bdh_cq/init_skip,eca47f97dfa3,init_skip,propagate,interp,"{""dim"": 1, ""distance"": 2, ""length"": 12, ""n_sources"": 1}",1,7500,1,0.8669826984405518,1.0,0.8669826984405518,0.8159203831829241,0.0
bdh_cq,bdh_cq/init_skip,eca47f97dfa3,init_skip,propagate,interp,"{""dim"": 1, ""distance"": 2, ""length"": 12, ""n_sources"": 1}",1,8000,1,0.8674578964710236,1.0,0.8674578964710236,0.8196517264665063,0.0
bdh_cq,bdh_cq/init_skip,eca47f97dfa3,init_skip,propagate,interp,"{""dim"": 1, ""distance"": 2, ""length"": 12, ""n_sources"": 1}",4,2500,1,0.9969236254692078,0.0,0.9839006066322327,0.7910447663335658,0.0
bdh_cq,bdh_cq/init_skip,eca47f97dfa3,init_skip,propagate,interp,"{""dim"": 1, ""distance"": 2, ""length"": 12, ""n_sources"": 1}",4,5000,1,0.9940195977687836,0.0,0.9606082737445831,0.7985074520111084,0.0
bdh_cq,bdh_cq/init_skip,eca47f97dfa3,init_skip,propagate,interp,"{""dim"": 1, ""distance"": 2, ""length"": 12, ""n_sources"": 1}",4,7500,1,0.9945723861455917,0.0,0.9506627172231674,0.8121890425682068,0.0
bdh_cq,bdh_cq/init_skip,eca47f97dfa3,init_skip,propagate,interp,"{""dim"": 1, ""distance"": 2, ""length"": 12, ""n_sources"": 1}",4,8000,1,0.9946736991405487,0.0,0.950947068631649,0.8146766059434236,0.0
bdh_cq,bdh_cq/init_skip,eca47f97dfa3,init_skip,propagate,interp,"{""dim"": 1, ""distance"": 2, ""length"": 12, ""n_sources"": 1}",8,8000,1,0.9429100565612316,0.0,0.8970208875834942,0.7686567181971535,0.0
bdh_cq,bdh_cq/init_skip,eca47f97dfa3,init_skip,propagate,interp,"{""dim"": 1, ""distance"": 2, ""length"": 12, ""n_sources"": 1}",32,8000,1,0.9906399548053741,0.0,0.8731130324304104,0.7176616921353696,0.0
bdh_cq,bdh_cq/init_skip,eca47f97dfa3,init_skip,propagate,interp,"{""dim"": 1, ""distance"": 4, ""length"": 12, ""n_sources"": 1}",1,2500,1,0.9466283768415451,1.0,0.9466283768415451,0.7916666531201565,0.0
bdh_cq,bdh_cq/init_skip,eca47f97dfa3,init_skip,propagate,interp,"{""dim"": 1, ""distance"": 4, ""length"": 12, ""n_sources"": 1}",1,5000,1,0.8856254890561104,1.0,0.8856254890561104,0.8042929136391842,0.0
bdh_cq,bdh_cq/init_skip,eca47f97dfa3,init_skip,propagate,interp,"{""dim"": 1, ""distance"": 4, ""length"": 12, ""n_sources"": 1}",1,7500,1,0.8628885000944138,1.0,0.8628885000944138,0.7904040289647651,0.0
bdh_cq,bdh_cq/init_skip,eca47f97dfa3,init_skip,propagate,interp,"{""dim"": 1, ""distance"": 4, ""length"": 12, ""n_sources"": 1}",1,8000,1,0.8634607195854187,1.0,0.8634607195854187,0.7916666558294585,0.0
bdh_cq,bdh_cq/init_skip,eca47f97dfa3,init_skip,propagate,interp,"{""dim"": 1, ""distance"": 4, ""length"": 12, ""n_sources"": 1}",4,2500,1,0.9961852952837944,0.0,0.9841196611523628,0.7790403916980281,0.0
bdh_cq,bdh_cq/init_skip,eca47f97dfa3,init_skip,propagate,interp,"{""dim"": 1, ""distance"": 4, ""length"": 12, ""n_sources"": 1}",4,5000,1,0.9940981790423393,0.0,0.9619141668081284,0.7840908932866473,0.0
bdh_cq,bdh_cq/init_skip,eca47f97dfa3,init_skip,propagate,interp,"{""dim"": 1, ""distance"": 4, ""length"": 12, ""n_sources"": 1}",4,7500,1,0.9941849336028099,0.0,0.9512470662593842,0.7689393831021858,0.0
bdh_cq,bdh_cq/init_skip,eca47f97dfa3,init_skip,propagate,interp,"{""dim"": 1, ""distance"": 4, ""length"": 12, ""n_sources"": 1}",4,8000,1,0.9942536726593971,0.0,0.9515726789832115,0.763888877901164,0.0
bdh_cq,bdh_cq/init_skip,eca47f97dfa3,init_skip,propagate,interp,"{""dim"": 1, ""distance"": 4, ""length"": 12, ""n_sources"": 1}",8,8000,1,0.9589006826281548,0.0,0.902812646701932,0.7020202021707188,0.0
bdh_cq,bdh_cq/init_skip,eca47f97dfa3,init_skip,propagate,interp,"{""dim"": 1, ""distance"": 4, ""length"": 12, ""n_sources"": 1}",32,8000,1,0.998935267329216,0.0,0.902812646701932,0.623737373586857,0.0
bdh_cq,bdh_cq/init_skip,eca47f97dfa3,init_skip,propagate,mild,"{""dim"": 1, ""distance"": 6, ""length"": 12, ""n_sources"": 1}",1,2500,1,0.9460618570446968,1.0,0.9460618570446968,0.7941666546463967,0.0
bdh_cq,bdh_cq/init_skip,eca47f97dfa3,init_skip,propagate,mild,"{""dim"": 1, ""distance"": 6, ""length"": 12, ""n_sources"": 1}",1,5000,1,0.8807151094079018,1.0,0.8807151094079018,0.8033333194255828,0.0
bdh_cq,bdh_cq/init_skip,eca47f97dfa3,init_skip,propagate,mild,"{""dim"": 1, ""distance"": 6, ""length"": 12, ""n_sources"": 1}",1,7500,1,0.8571925088763237,1.0,0.8571925088763237,0.7824999871850014,0.0
bdh_cq,bdh_cq/init_skip,eca47f97dfa3,init_skip,propagate,mild,"{""dim"": 1, ""distance"": 6, ""length"": 12, ""n_sources"": 1}",1,8000,1,0.857574924826622,1.0,0.857574924826622,0.7841666543483734,0.0
bdh_cq,bdh_cq/init_skip,eca47f97dfa3,init_skip,propagate,mild,"{""dim"": 1, ""distance"": 6, ""length"": 12, ""n_sources"": 1}",4,2500,1,0.995616115629673,0.0,0.982968308031559,0.7916666528582573,0.0
bdh_cq,bdh_cq/init_skip,eca47f97dfa3,init_skip,propagate,mild,"{""dim"": 1, ""distance"": 6, ""length"": 12, ""n_sources"": 1}",4,5000,1,0.9939501136541367,0.0,0.9600374847650528,0.8008333200216293,0.0
bdh_cq,bdh_cq/init_skip,eca47f97dfa3,init_skip,propagate,mild,"{""dim"": 1, ""distance"": 6, ""length"": 12, ""n_sources"": 1}",4,7500,1,0.9940697997808456,0.0,0.9496288672089577,0.7808333197236061,0.0
bdh_cq,bdh_cq/init_skip,eca47f97dfa3,init_skip,propagate,mild,"{""dim"": 1, ""distance"": 6, ""length"": 12, ""n_sources"": 1}",4,8000,1,0.9941002354025841,0.0,0.9497271999716759,0.7808333188295364,0.0
bdh_cq,bdh_cq/init_skip,eca47f97dfa3,init_skip,propagate,mild,"{""dim"": 1, ""distance"": 6, ""length"": 12, ""n_sources"": 1}",8,8000,1,0.929627288132906,0.0,0.8950091693550348,0.6958333340287208,0.0
bdh_cq,bdh_cq/init_skip,eca47f97dfa3,init_skip,propagate,mild,"{""dim"": 1, ""distance"": 6, ""length"": 12, ""n_sources"": 1}",32,8000,1,0.9960719868540764,0.0,0.8652922958135605,0.6533333361148834,0.0
bdh_cq,bdh_cq/init_skip,eca47f97dfa3,init_skip,propagate,mild,"{""dim"": 1, ""distance"": 8, ""length"": 12, ""n_sources"": 1}",1,2500,1,0.9459114298224449,1.0,0.9459114298224449,0.7833333221077919,0.0
bdh_cq,bdh_cq/init_skip,eca47f97dfa3,init_skip,propagate,mild,"{""dim"": 1, ""distance"": 8, ""length"": 12, ""n_sources"": 1}",1,5000,1,0.8854107484221458,1.0,0.8854107484221458,0.7983333191275597,0.0
bdh_cq,bdh_cq/init_skip,eca47f97dfa3,init_skip,propagate,mild,"{""dim"": 1, ""distance"": 8, ""length"": 12, ""n_sources"": 1}",1,7500,1,0.8651163056492805,1.0,0.8651163056492805,0.7816666515171528,0.0
bdh_cq,bdh_cq/init_skip,eca47f97dfa3,init_skip,propagate,mild,"{""dim"": 1, ""distance"": 8, ""length"": 12, ""n_sources"": 1}",1,8000,1,0.8654947653412819,1.0,0.8654947653412819,0.7841666515171528,0.0
bdh_cq,bdh_cq/init_skip,eca47f97dfa3,init_skip,propagate,mild,"{""dim"": 1, ""distance"": 8, ""length"": 12, ""n_sources"": 1}",4,2500,1,0.9960205256938934,0.0,0.983644925057888,0.7799999862909317,0.0
bdh_cq,bdh_cq/init_skip,eca47f97dfa3,init_skip,propagate,mild,"{""dim"": 1, ""distance"": 8, ""length"": 12, ""n_sources"": 1}",4,5000,1,0.9932859167456627,0.0,0.9607912823557854,0.7833333207666874,0.0
bdh_cq,bdh_cq/init_skip,eca47f97dfa3,init_skip,propagate,mild,"{""dim"": 1, ""distance"": 8, ""length"": 12, ""n_sources"": 1}",4,7500,1,0.9940600097179413,0.0,0.9501536339521408,0.7683333194255829,0.0
bdh_cq,bdh_cq/init_skip,eca47f97dfa3,init_skip,propagate,mild,"{""dim"": 1, ""distance"": 8, ""length"": 12, ""n_sources"": 1}",4,8000,1,0.9940721914172173,0.0,0.950315997004509,0.7683333194255829,0.0
bdh_cq,bdh_cq/init_skip,eca47f97dfa3,init_skip,propagate,mild,"{""dim"": 1, ""distance"": 8, ""length"": 12, ""n_sources"": 1}",8,8000,1,0.9618533998727798,0.0,0.9101166296750307,0.7150000052899123,0.0
bdh_cq,bdh_cq/init_skip,eca47f97dfa3,init_skip,propagate,mild,"{""dim"": 1, ""distance"": 8, ""length"": 12, ""n_sources"": 1}",32,8000,1,0.9963264241814613,0.0,0.9101166296750307,0.6708333360403776,0.0
bdh_cq,bdh_cq/init_skip,eca47f97dfa3,init_skip,propagate,strong,"{""dim"": 1, ""distance"": 12, ""length"": 48, ""n_sources"": 1}",1,2500,1,0.9560103639960289,1.0,0.9560103639960289,0.7616666549444199,0.0
bdh_cq,bdh_cq/init_skip,eca47f97dfa3,init_skip,propagate,strong,"{""dim"": 1, ""distance"": 12, ""length"": 48, ""n_sources"": 1}",1,5000,1,0.9522648528218269,1.0,0.9522648528218269,0.7116666495800018,0.0
bdh_cq,bdh_cq/init_skip,eca47f97dfa3,init_skip,propagate,strong,"{""dim"": 1, ""distance"": 12, ""length"": 48, ""n_sources"": 1}",1,7500,1,0.9499548599123955,1.0,0.9499548599123955,0.7095833152532578,0.0
bdh_cq,bdh_cq/init_skip,eca47f97dfa3,init_skip,propagate,strong,"{""dim"": 1, ""distance"": 12, ""length"": 48, ""n_sources"": 1}",1,8000,1,0.95002631098032,1.0,0.95002631098032,0.7095833152532578,0.0
bdh_cq,bdh_cq/init_skip,eca47f97dfa3,init_skip,propagate,strong,"{""dim"": 1, ""distance"": 12, ""length"": 48, ""n_sources"": 1}",4,2500,1,0.998997762799263,0.0,0.9873083755373955,0.7577083200216294,0.0
bdh_cq,bdh_cq/init_skip,eca47f97dfa3,init_skip,propagate,strong,"{""dim"": 1, ""distance"": 12, ""length"": 48, ""n_sources"": 1}",4,5000,1,0.9991562739014626,0.0,0.9902985170483589,0.7089583140611648,0.0
bdh_cq,bdh_cq/init_skip,eca47f97dfa3,init_skip,propagate,strong,"{""dim"": 1, ""distance"": 12, ""length"": 48, ""n_sources"": 1}",4,7500,1,0.9992990866303444,0.0,0.99050472676754,0.708541647195816,0.0
bdh_cq,bdh_cq/init_skip,eca47f97dfa3,init_skip,propagate,strong,"{""dim"": 1, ""distance"": 12, ""length"": 48, ""n_sources"": 1}",4,8000,1,0.999304436147213,0.0,0.9905447736382484,0.708541647195816,0.0
bdh_cq,bdh_cq/init_skip,eca47f97dfa3,init_skip,propagate,strong,"{""dim"": 1, ""distance"": 12, ""length"": 48, ""n_sources"": 1}",8,8000,1,0.9994795117527246,0.0,0.9890521708875895,0.708541647195816,0.0
bdh_cq,bdh_cq/init_skip,eca47f97dfa3,init_skip,propagate,strong,"{""dim"": 1, ""distance"": 12, ""length"": 48, ""n_sources"": 1}",32,8000,1,0.9999224152415991,0.0,0.9890521708875895,0.7083333134651184,0.0
bdh_cq,bdh_cq/init_skip,eca47f97dfa3,init_skip,propagate,strong,"{""dim"": 1, ""distance"": 24, ""length"": 48, ""n_sources"": 1}",1,2500,1,0.9582084864377975,1.0,0.9582084864377975,0.7077083337306976,0.0
bdh_cq,bdh_cq/init_skip,eca47f97dfa3,init_skip,propagate,strong,"{""dim"": 1, ""distance"": 24, ""length"": 48, ""n_sources"": 1}",1,5000,1,0.9566666185855865,1.0,0.9566666185855865,0.5562499988079072,0.0
bdh_cq,bdh_cq/init_skip,eca47f97dfa3,init_skip,propagate,strong,"{""dim"": 1, ""distance"": 24, ""length"": 48, ""n_sources"": 1}",1,7500,1,0.9540044441819191,1.0,0.9540044441819191,0.5414583334326744,0.0
bdh_cq,bdh_cq/init_skip,eca47f97dfa3,init_skip,propagate,strong,"{""dim"": 1, ""distance"": 24, ""length"": 48, ""n_sources"": 1}",1,8000,1,0.9540454298257828,1.0,0.9540454298257828,0.5406250005960465,0.0
bdh_cq,bdh_cq/init_skip,eca47f97dfa3,init_skip,propagate,strong,"{""dim"": 1, ""distance"": 24, ""length"": 48, ""n_sources"": 1}",4,2500,1,0.9991288632154465,0.0,0.9879811108112335,0.697291667163372,0.0
bdh_cq,bdh_cq/init_skip,eca47f97dfa3,init_skip,propagate,strong,"{""dim"": 1, ""distance"": 24, ""length"": 48, ""n_sources"": 1}",4,5000,1,0.999488428235054,0.0,0.9918160513043404,0.5260416671633721,0.0
bdh_cq,bdh_cq/init_skip,eca47f97dfa3,init_skip,propagate,strong,"{""dim"": 1, ""distance"": 24, ""length"": 48, ""n_sources"": 1}",4,7500,1,0.9995197877287865,0.0,0.9918021038174629,0.5041666713356971,0.0
bdh_cq,bdh_cq/init_skip,eca47f97dfa3,init_skip,propagate,strong,"{""dim"": 1, ""distance"": 24, ""length"": 48, ""n_sources"": 1}",4,8000,1,0.9995203167200089,0.0,0.991824559867382,0.5039583387970924,0.0
bdh_cq,bdh_cq/init_skip,eca47f97dfa3,init_skip,propagate,strong,"{""dim"": 1, ""distance"": 24, ""length"": 48, ""n_sources"": 1}",8,8000,1,0.9995232541114092,0.0,0.98927360214293,0.4947916713356972,0.0
bdh_cq,bdh_cq/init_skip,eca47f97dfa3,init_skip,propagate,strong,"{""dim"": 1, ""distance"": 24, ""length"": 48, ""n_sources"": 1}",32,8000,1,0.9999310970306396,0.0,0.98927360214293,0.4691666755080223,0.0
bdh_cq,bdh_cq/plain,3d6407474980,plain,propagate,interp,"{""dim"": 1, ""distance"": 1, ""length"": 12, ""n_sources"": 1}",1,2500,1,0.8443924486637115,1.0,0.8443924486637115,0.8034825743134342,0.0
bdh_cq,bdh_cq/plain,3d6407474980,plain,propagate,interp,"{""dim"": 1, ""distance"": 1, ""length"": 12, ""n_sources"": 1}",1,5000,1,0.7216305211186409,1.0,0.7216305211186409,0.8121890390097205,0.0
bdh_cq,bdh_cq/plain,3d6407474980,plain,propagate,interp,"{""dim"": 1, ""distance"": 1, ""length"": 12, ""n_sources"": 1}",1,7500,1,0.7069549858570099,1.0,0.7069549858570099,0.7935323261502963,0.0
bdh_cq,bdh_cq/plain,3d6407474980,plain,propagate,interp,"{""dim"": 1, ""distance"": 1, ""length"": 12, ""n_sources"": 1}",1,8000,1,0.7071628868579865,1.0,0.7071628868579865,0.7935323243710533,0.0
bdh_cq,bdh_cq/plain,3d6407474980,plain,propagate,interp,"{""dim"": 1, ""distance"": 1, ""length"": 12, ""n_sources"": 1}",4,2500,1,0.9976223781704903,0.0,0.9766355752944946,0.8022387935154474,0.0
bdh_cq,bdh_cq/plain,3d6407474980,plain,propagate,interp,"{""dim"": 1, ""distance"": 1, ""length"": 12, ""n_sources"": 1}",4,5000,1,0.9928364306688309,0.0,0.9426871761679649,0.8097014774137469,0.0
bdh_cq,bdh_cq/plain,3d6407474980,plain,propagate,interp,"{""dim"": 1, ""distance"": 1, ""length"": 12, ""n_sources"": 1}",4,7500,1,0.9938555583357811,0.0,0.9378563314676285,0.8022387935154474,0.0
bdh_cq,bdh_cq/plain,3d6407474980,plain,propagate,interp,"{""dim"": 1, ""distance"": 1, ""length"": 12, ""n_sources"": 1}",4,8000,1,0.9938772544264793,0.0,0.937897078692913,0.8047263560010426,0.0
bdh_cq,bdh_cq/plain,3d6407474980,plain,propagate,interp,"{""dim"": 1, ""distance"": 1, ""length"": 12, ""n_sources"": 1}",8,8000,1,0.9970514308661222,0.0,0.9348737057298422,0.7674129338406804,0.0
bdh_cq,bdh_cq/plain,3d6407474980,plain,propagate,interp,"{""dim"": 1, ""distance"": 1, ""length"": 12, ""n_sources"": 1}",32,8000,1,0.9994868151843548,0.0,0.9348737057298422,0.7437810995685521,0.0
bdh_cq,bdh_cq/plain,3d6407474980,plain,propagate,interp,"{""dim"": 1, ""distance"": 2, ""length"": 12, ""n_sources"": 1}",1,2500,1,0.8470547944307327,1.0,0.8470547944307327,0.7972636703235,0.0
bdh_cq,bdh_cq/plain,3d6407474980,plain,propagate,interp,"{""dim"": 1, ""distance"": 2, ""length"": 12, ""n_sources"": 1}",1,5000,1,0.73569206148386,1.0,0.73569206148386,0.8171641639809111,0.0
bdh_cq,bdh_cq/plain,3d6407474980,plain,propagate,interp,"{""dim"": 1, ""distance"": 2, ""length"": 12, ""n_sources"": 1}",1,7500,1,0.712510347366333,1.0,0.712510347366333,0.8233830679708453,0.0
bdh_cq,bdh_cq/plain,3d6407474980,plain,propagate,interp,"{""dim"": 1, ""distance"": 2, ""length"": 12, ""n_sources"": 1}",1,8000,1,0.7128331139683723,1.0,0.7128331139683723,0.8221392871728584,0.0
bdh_cq,bdh_cq/plain,3d6407474980,plain,propagate,interp,"{""dim"": 1, ""distance"": 2, ""length"": 12, ""n_sources"": 1}",4,2500,1,0.9977886751294136,0.0,0.9768157824873924,0.7960198895255132,0.0
bdh_cq,bdh_cq/plain,3d6407474980,plain,propagate,interp,"{""dim"": 1, ""distance"": 2, ""length"": 12, ""n_sources"": 1}",4,5000,1,0.9927268847823143,0.0,0.9442944228649139,0.8109452591013553,0.0
bdh_cq,bdh_cq/plain,3d6407474980,plain,propagate,interp,"{""dim"": 1, ""distance"": 2, ""length"": 12, ""n_sources"": 1}",4,7500,1,0.9932527393102646,0.0,0.9341743439435959,0.8059701350197863,0.0
bdh_cq,bdh_cq/plain,3d6407474980,plain,propagate,interp,"{""dim"": 1, ""distance"": 2, ""length"": 12, ""n_sources"": 1}",4,8000,1,0.9933252707123756,0.0,0.934240072965622,0.8059701341301647,0.0
bdh_cq,bdh_cq/plain,3d6407474980,plain,propagate,interp,"{""dim"": 1, ""distance"": 2, ""length"": 12, ""n_sources"": 1}",8,8000,1,0.9971761368215084,0.0,0.9342652298510075,0.7773631820038184,0.0
bdh_cq,bdh_cq/plain,3d6407474980,plain,propagate,interp,"{""dim"": 1, ""distance"": 2, ""length"": 12, ""n_sources"": 1}",32,8000,1,0.9995460156351328,0.0,0.9342652298510075,0.7549751285296767,0.0
bdh_cq,bdh_cq/plain,3d6407474980,plain,propagate,interp,"{""dim"": 1, ""distance"": 4, ""length"": 12, ""n_sources"": 1}",1,2500,1,0.860046498477459,1.0,0.860046498477459,0.7992424106959141,0.0
bdh_cq,bdh_cq/plain,3d6407474980,plain,propagate,interp,"{""dim"": 1, ""distance"": 4, ""length"": 12, ""n_sources"": 1}",1,5000,1,0.7111794427037239,1.0,0.7111794427037239,0.8017676608128981,0.0
bdh_cq,bdh_cq/plain,3d6407474980,plain,propagate,interp,"{""dim"": 1, ""distance"": 4, ""length"": 12, ""n_sources"": 1}",1,7500,1,0.689813457429409,1.0,0.689813457429409,0.8042929154453855,0.0
bdh_cq,bdh_cq/plain,3d6407474980,plain,propagate,interp,"{""dim"": 1, ""distance"": 4, ""length"": 12, ""n_sources"": 1}",1,8000,1,0.6909443065524101,1.0,0.6909443065524101,0.8068181682716716,0.0
bdh_cq,bdh_cq/plain,3d6407474980,plain,propagate,interp,"{""dim"": 1, ""distance"": 4, ""length"": 12, ""n_sources"": 1}",4,2500,1,0.9972786530852318,0.0,0.9765017479658127,0.7891414011969711,0.0
bdh_cq,bdh_cq/plain,3d6407474980,plain,propagate,interp,"{""dim"": 1, ""distance"": 4, ""length"": 12, ""n_sources"": 1}",4,5000,1,0.9927227348089218,0.0,0.9374973103404045,0.7967171560634266,0.0
bdh_cq,bdh_cq/plain,3d6407474980,plain,propagate,interp,"{""dim"": 1, ""distance"": 4, ""length"": 12, ""n_sources"": 1}",4,7500,1,0.9940813407301903,0.0,0.9304313808679581,0.7916666522170558,0.0
bdh_cq,bdh_cq/plain,3d6407474980,plain,propagate,interp,"{""dim"": 1, ""distance"": 4, ""length"": 12, ""n_sources"": 1}",4,8000,1,0.9941321536898613,0.0,0.9307830333709717,0.7891413993907698,0.0
bdh_cq,bdh_cq/plain,3d6407474980,plain,propagate,interp,"{""dim"": 1, ""distance"": 4, ""length"": 12, ""n_sources"": 1}",8,8000,1,0.9971689097583294,0.0,0.931230777874589,0.7512626259615927,0.0
bdh_cq,bdh_cq/plain,3d6407474980,plain,propagate,interp,"{""dim"": 1, ""distance"": 4, ""length"": 12, ""n_sources"": 1}",32,8000,1,0.9995652567595243,0.0,0.931230777874589,0.7247474771557432,0.0
bdh_cq,bdh_cq/plain,3d6407474980,plain,propagate,mild,"{""dim"": 1, ""distance"": 6, ""length"": 12, ""n_sources"": 1}",1,2500,1,0.8505882546305656,1.0,0.8505882546305656,0.7974999874830246,0.0
bdh_cq,bdh_cq/plain,3d6407474980,plain,propagate,mild,"{""dim"": 1, ""distance"": 6, ""length"": 12, ""n_sources"": 1}",1,5000,1,0.704199843108654,1.0,0.704199843108654,0.8149999845027923,0.0
bdh_cq,bdh_cq/plain,3d6407474980,plain,propagate,mild,"{""dim"": 1, ""distance"": 6, ""length"": 12, ""n_sources"": 1}",1,7500,1,0.6802784129977226,1.0,0.6802784129977226,0.8049999862909317,0.0
bdh_cq,bdh_cq/plain,3d6407474980,plain,propagate,mild,"{""dim"": 1, ""distance"": 6, ""length"": 12, ""n_sources"": 1}",1,8000,1,0.6806055679917336,1.0,0.6806055679917336,0.8016666531562805,0.0
bdh_cq,bdh_cq/plain,3d6407474980,plain,propagate,mild,"{""dim"": 1, ""distance"": 6, ""length"": 12, ""n_sources"": 1}",4,2500,1,0.9973205029964447,0.0,0.9759054034948349,0.7983333191275597,0.0
bdh_cq,bdh_cq/plain,3d6407474980,plain,propagate,mild,"{""dim"": 1, ""distance"": 6, ""length"": 12, ""n_sources"": 1}",4,5000,1,0.9927360042929649,0.0,0.942876011133194,0.8158333164453506,0.0
bdh_cq,bdh_cq/plain,3d6407474980,plain,propagate,mild,"{""dim"": 1, ""distance"": 6, ""length"": 12, ""n_sources"": 1}",4,7500,1,0.9936083927750587,0.0,0.9343824237585068,0.7958333200216293,0.0
bdh_cq,bdh_cq/plain,3d6407474980,plain,propagate,mild,"{""dim"": 1, ""distance"": 6, ""length"": 12, ""n_sources"": 1}",4,8000,1,0.9936370104551315,0.0,0.9342543482780457,0.7941666534543037,0.0
bdh_cq,bdh_cq/plain,3d6407474980,plain,propagate,mild,"{""dim"": 1, ""distance"": 6, ""length"": 12, ""n_sources"": 1}",8,8000,1,0.9971192758530378,0.0,0.9318282920867205,0.7566666629910469,0.0
bdh_cq,bdh_cq/plain,3d6407474980,plain,propagate,mild,"{""dim"": 1, ""distance"": 6, ""length"": 12, ""n_sources"": 1}",32,8000,1,0.9995420556515455,0.0,0.9318282920867205,0.7491666692495346,0.0
bdh_cq,bdh_cq/plain,3d6407474980,plain,propagate,mild,"{""dim"": 1, ""distance"": 8, ""length"": 12, ""n_sources"": 1}",1,2500,1,0.8486256897449493,1.0,0.8486256897449493,0.7983333206176758,0.0
bdh_cq,bdh_cq/plain,3d6407474980,plain,propagate,mild,"{""dim"": 1, ""distance"": 8, ""length"": 12, ""n_sources"": 1}",1,5000,1,0.7185592502355576,1.0,0.7185592502355576,0.81083331823349,0.0
bdh_cq,bdh_cq/plain,3d6407474980,plain,propagate,mild,"{""dim"": 1, ""distance"": 8, ""length"": 12, ""n_sources"": 1}",1,7500,1,0.7068258821964264,1.0,0.7068258821964264,0.7924999868869782,0.0
bdh_cq,bdh_cq/plain,3d6407474980,plain,propagate,mild,"{""dim"": 1, ""distance"": 8, ""length"": 12, ""n_sources"": 1}",1,8000,1,0.7072426080703735,1.0,0.7072426080703735,0.7916666534543038,0.0
bdh_cq,bdh_cq/plain,3d6407474980,plain,propagate,mild,"{""dim"": 1, ""distance"": 8, ""length"": 12, ""n_sources"": 1}",4,2500,1,0.9972799643874168,0.0,0.9745962470769882,0.7958333203196526,0.0
bdh_cq,bdh_cq/plain,3d6407474980,plain,propagate,mild,"{""dim"": 1, ""distance"": 8, ""length"": 12, ""n_sources"": 1}",4,5000,1,0.9921193197369576,0.0,0.9390360489487648,0.8091666525602341,0.0
bdh_cq,bdh_cq/plain,3d6407474980,plain,propagate,mild,"{""dim"": 1, ""distance"": 8, ""length"": 12, ""n_sources"": 1}",4,7500,1,0.9937175437808037,0.0,0.933168537914753,0.7791666543483734,0.0
bdh_cq,bdh_cq/plain,3d6407474980,plain,propagate,mild,"{""dim"": 1, ""distance"": 8, ""length"": 12, ""n_sources"": 1}",4,8000,1,0.9936962798237801,0.0,0.9332507327198982,0.7783333212137222,0.0
bdh_cq,bdh_cq/plain,3d6407474980,plain,propagate,mild,"{""dim"": 1, ""distance"": 8, ""length"": 12, ""n_sources"": 1}",8,8000,1,0.9969935845583677,0.0,0.930998221039772,0.7474999964237213,0.0
bdh_cq,bdh_cq/plain,3d6407474980,plain,propagate,mild,"{""dim"": 1, ""distance"": 8, ""length"": 12, ""n_sources"": 1}",32,8000,1,0.9994866456836462,0.0,0.930998221039772,0.75750000461936,0.0
bdh_cq,bdh_cq/plain,3d6407474980,plain,propagate,strong,"{""dim"": 1, ""distance"": 12, ""length"": 48, ""n_sources"": 1}",1,2500,1,0.8974675312638283,1.0,0.8974675312638283,0.7724999916553498,0.0
bdh_cq,bdh_cq/plain,3d6407474980,plain,propagate,strong,"{""dim"": 1, ""distance"": 12, ""length"": 48, ""n_sources"": 1}",1,5000,1,0.8907658085227013,1.0,0.8907658085227013,0.7258333200216294,0.0
bdh_cq,bdh_cq/plain,3d6407474980,plain,propagate,strong,"{""dim"": 1, ""distance"": 12, ""length"": 48, ""n_sources"": 1}",1,7500,1,0.8894059285521507,1.0,0.8894059285521507,0.7185416531562805,0.0
bdh_cq,bdh_cq/plain,3d6407474980,plain,propagate,strong,"{""dim"": 1, ""distance"": 12, ""length"": 48, ""n_sources"": 1}",1,8000,1,0.8895598128437996,1.0,0.8895598128437996,0.7183333206176757,0.0
bdh_cq,bdh_cq/plain,3d6407474980,plain,propagate,strong,"{""dim"": 1, ""distance"": 12, ""length"": 48, ""n_sources"": 1}",4,2500,1,0.9987461864948273,0.0,0.9737136885523796,0.7729166573286057,0.0
bdh_cq,bdh_cq/plain,3d6407474980,plain,propagate,strong,"{""dim"": 1, ""distance"": 12, ""length"": 48, ""n_sources"": 1}",4,5000,1,0.9969289898872375,0.0,0.9665113314986229,0.7195833164453507,0.0
bdh_cq,bdh_cq/plain,3d6407474980,plain,propagate,strong,"{""dim"": 1, ""distance"": 12, ""length"": 48, ""n_sources"": 1}",4,7500,1,0.9966049492359161,0.0,0.961944580078125,0.7095833176374435,0.0
bdh_cq,bdh_cq/plain,3d6407474980,plain,propagate,strong,"{""dim"": 1, ""distance"": 12, ""length"": 48, ""n_sources"": 1}",4,8000,1,0.996619924902916,0.0,0.9619912430644035,0.7093749845027923,0.0
bdh_cq,bdh_cq/plain,3d6407474980,plain,propagate,strong,"{""dim"": 1, ""distance"": 12, ""length"": 48, ""n_sources"": 1}",8,8000,1,0.9995712768286467,0.0,0.961687820032239,0.7070833176374436,0.0
bdh_cq,bdh_cq/plain,3d6407474980,plain,propagate,strong,"{""dim"": 1, ""distance"": 12, ""length"": 48, ""n_sources"": 1}",32,8000,1,0.9999486766755581,0.0,0.961687820032239,0.7087499821186065,0.0
bdh_cq,bdh_cq/plain,3d6407474980,plain,propagate,strong,"{""dim"": 1, ""distance"": 24, ""length"": 48, ""n_sources"": 1}",1,2500,1,0.9166312217712402,1.0,0.9166312217712402,0.7218750002980232,0.0
bdh_cq,bdh_cq/plain,3d6407474980,plain,propagate,strong,"{""dim"": 1, ""distance"": 24, ""length"": 48, ""n_sources"": 1}",1,5000,1,0.8913380652666092,1.0,0.8913380652666092,0.6116666689515113,0.0
bdh_cq,bdh_cq/plain,3d6407474980,plain,propagate,strong,"{""dim"": 1, ""distance"": 24, ""length"": 48, ""n_sources"": 1}",1,7500,1,0.8901592493057251,1.0,0.8901592493057251,0.5891666668653488,0.0
bdh_cq,bdh_cq/plain,3d6407474980,plain,propagate,strong,"{""dim"": 1, ""distance"": 24, ""length"": 48, ""n_sources"": 1}",1,8000,1,0.8903010711073875,1.0,0.8903010711073875,0.5885416668653488,0.0
bdh_cq,bdh_cq/plain,3d6407474980,plain,propagate,strong,"{""dim"": 1, ""distance"": 24, ""length"": 48, ""n_sources"": 1}",4,2500,1,0.9992216005921364,0.0,0.9787717387080193,0.7206250008940697,0.0
bdh_cq,bdh_cq/plain,3d6407474980,plain,propagate,strong,"{""dim"": 1, ""distance"": 24, ""length"": 48, ""n_sources"": 1}",4,5000,1,0.9968136548995972,0.0,0.9672740250825882,0.5906250002980232,0.0
bdh_cq,bdh_cq/plain,3d6407474980,plain,propagate,strong,"{""dim"": 1, ""distance"": 24, ""length"": 48, ""n_sources"": 1}",4,7500,1,0.9958883374929428,0.0,0.9626969546079636,0.5566666659712791,0.0
bdh_cq,bdh_cq/plain,3d6407474980,plain,propagate,strong,"{""dim"": 1, ""distance"": 24, ""length"": 48, ""n_sources"": 1}",4,8000,1,0.9959195330739021,0.0,0.9626960456371307,0.5570833322405815,0.0
bdh_cq,bdh_cq/plain,3d6407474980,plain,propagate,strong,"{""dim"": 1, ""distance"": 24, ""length"": 48, ""n_sources"": 1}",8,8000,1,0.9996250104159117,0.0,0.9620958995074034,0.5466666676104068,0.0
bdh_cq,bdh_cq/plain,3d6407474980,plain,propagate,strong,"{""dim"": 1, ""distance"": 24, ""length"": 48, ""n_sources"": 1}",32,8000,1,0.9999525416642427,0.0,0.9620958995074034,0.5300000038743019,0.0
bdh_cq,bdh_cq/plain,f0b8b7c55f92,plain,propagate,interp,"{""dim"": 1, ""distance"": 1, ""length"": 12, ""n_sources"": 1}",1,2500,3,0.9064644227425257,1.0,0.9064644227425257,0.7953260038308279,0.0
bdh_cq,bdh_cq/plain,f0b8b7c55f92,plain,propagate,interp,"{""dim"": 1, ""distance"": 1, ""length"": 12, ""n_sources"": 1}",1,5000,3,0.6782386576135954,1.0,0.6782386576135954,0.7960745048915555,0.0
bdh_cq,bdh_cq/plain,f0b8b7c55f92,plain,propagate,interp,"{""dim"": 1, ""distance"": 1, ""length"": 12, ""n_sources"": 1}",1,7500,3,0.6020963738361994,1.0,0.6020963738361994,0.8171989274417569,0.016966067864271458
bdh_cq,bdh_cq/plain,f0b8b7c55f92,plain,propagate,interp,"{""dim"": 1, ""distance"": 1, ""length"": 12, ""n_sources"": 1}",1,10000,3,0.5449006445705891,1.0,0.5449006445705891,0.855372586441849,0.05788423153692615
bdh_cq,bdh_cq/plain,f0b8b7c55f92,plain,propagate,interp,"{""dim"": 1, ""distance"": 1, ""length"": 12, ""n_sources"": 1}",1,12500,3,0.45099851364890736,1.0,0.45099851364890736,0.8764138420720301,0.12574850299401197
bdh_cq,bdh_cq/plain,f0b8b7c55f92,plain,propagate,interp,"{""dim"": 1, ""distance"": 1, ""length"": 12, ""n_sources"": 1}",1,15000,3,0.3434980108092229,1.0,0.3434980108092229,0.9486027995864313,0.5269461077844312
bdh_cq,bdh_cq/plain,f0b8b7c55f92,plain,propagate,interp,"{""dim"": 1, ""distance"": 1, ""length"": 12, ""n_sources"": 1}",1,17500,3,0.31447154749184847,1.0,0.31447154749184847,0.9908516316594715,0.9001996007984032
bdh_cq,bdh_cq/plain,f0b8b7c55f92,plain,propagate,interp,"{""dim"": 1, ""distance"": 1, ""length"": 12, ""n_sources"": 1}",1,20000,3,0.28576789353974164,1.0,0.28576789353974164,0.9956753168872255,0.9510978043912176
bdh_cq,bdh_cq/plain,f0b8b7c55f92,plain,propagate,interp,"{""dim"": 1, ""distance"": 1, ""length"": 12, ""n_sources"": 1}",1,22500,3,0.28043136838823557,1.0,0.28043136838823557,0.9980871594713595,0.9770459081836327
bdh_cq,bdh_cq/plain,f0b8b7c55f92,plain,propagate,interp,"{""dim"": 1, ""distance"": 1, ""length"": 12, ""n_sources"": 1}",1,25000,3,0.26562057094027597,1.0,0.26562057094027597,0.9984198273298984,0.9820359281437124
bdh_cq,bdh_cq/plain,f0b8b7c55f92,plain,propagate,interp,"{""dim"": 1, ""distance"": 1, ""length"": 12, ""n_sources"": 1}",1,27500,3,0.2688212917031099,1.0,0.2688212917031099,0.9990019962459268,0.9880239520958084
bdh_cq,bdh_cq/plain,f0b8b7c55f92,plain,propagate,interp,"{""dim"": 1, ""distance"": 1, ""length"": 12, ""n_sources"": 1}",1,30000,3,0.2603231876467665,1.0,0.2603231876467665,0.9990851631659471,0.9900199600798403
bdh_cq,bdh_cq/plain,f0b8b7c55f92,plain,propagate,interp,"{""dim"": 1, ""distance"": 1, ""length"": 12, ""n_sources"": 1}",1,32500,3,0.2567081991583109,1.0,0.2567081991583109,0.9994178310839715,0.9940119760479043
bdh_cq,bdh_cq/plain,f0b8b7c55f92,plain,propagate,interp,"{""dim"": 1, ""distance"": 1, ""length"": 12, ""n_sources"": 1}",1,35000,3,0.2492185540807744,1.0,0.2492185540807744,0.9998336660409878,0.9980039920159681
bdh_cq,bdh_cq/plain,f0b8b7c55f92,plain,propagate,interp,"{""dim"": 1, ""distance"": 1, ""length"": 12, ""n_sources"": 1}",1,37500,3,0.25026794119427603,1.0,0.25026794119427603,0.9998336660409878,0.9980039920159681
bdh_cq,bdh_cq/plain,f0b8b7c55f92,plain,propagate,interp,"{""dim"": 1, ""distance"": 1, ""length"": 12, ""n_sources"": 1}",1,40000,3,0.24996655682722727,1.0,0.24996655682722727,0.9998336660409878,0.9980039920159681
bdh_cq,bdh_cq/plain,f0b8b7c55f92,plain,propagate,interp,"{""dim"": 1, ""distance"": 1, ""length"": 12, ""n_sources"": 1}",2,40000,3,0.8471043035387993,0.0,0.8471043035387993,0.9999168330204938,0.999001996007984
bdh_cq,bdh_cq/plain,f0b8b7c55f92,plain,propagate,interp,"{""dim"": 1, ""distance"": 1, ""length"": 12, ""n_sources"": 1}",4,2500,3,0.9961081743240356,0.0,0.9786212767163912,0.7982368481135417,0.0
bdh_cq,bdh_cq/plain,f0b8b7c55f92,plain,propagate,interp,"{""dim"": 1, ""distance"": 1, ""length"": 12, ""n_sources"": 1}",4,5000,3,0.9842330167690913,0.0,0.906108650068442,0.7971556757143633,0.0
bdh_cq,bdh_cq/plain,f0b8b7c55f92,plain,propagate,interp,"{""dim"": 1, ""distance"": 1, ""length"": 12, ""n_sources"": 1}",4,7500,3,0.9904196113348007,0.0,0.9046187798182169,0.8056387136766535,0.006986027944111777
bdh_cq,bdh_cq/plain,f0b8b7c55f92,plain,propagate,interp,"{""dim"": 1, ""distance"": 1, ""length"": 12, ""n_sources"": 1}",4,10000,3,0.9830369303623835,0.0,0.8953860153754553,0.8319194909341321,0.016966067864271458
bdh_cq,bdh_cq/plain,f0b8b7c55f92,plain,propagate,interp,"{""dim"": 1, ""distance"": 1, ""length"": 12, ""n_sources"": 1}",4,12500,3,0.9690506011247635,0.0,0.8709410851200422,0.8716733212956411,0.10978043912175649
bdh_cq,bdh_cq/plain,f0b8b7c55f92,plain,propagate,interp,"{""dim"": 1, ""distance"": 1, ""length"": 12, ""n_sources"": 1}",4,15000,3,0.9535694892207781,0.0,0.8806958794593811,0.9189953479819194,0.2904191616766467
bdh_cq,bdh_cq/plain,f0b8b7c55f92,plain,propagate,interp,"{""dim"": 1, ""distance"": 1, ""length"": 12, ""n_sources"": 1}",4,17500,3,0.9359254663189253,0.0,0.8657023633519808,0.9812042620367633,0.7844311377245509
bdh_cq,bdh_cq/plain,f0b8b7c55f92,plain,propagate,interp,"{""dim"": 1, ""distance"": 1, ""length"": 12, ""n_sources"": 1}",4,20000,3,0.9210246255000433,0.0,0.8463639169931412,0.9912674667949447,0.9011976047904192
bdh_cq,bdh_cq/plain,f0b8b7c55f92,plain,propagate,interp,"{""dim"": 1, ""distance"": 1, ""length"": 12, ""n_sources"": 1}",4,22500,3,0.9133664692441622,0.0,0.8450482288996378,0.9979208254528616,0.9760479041916167
bdh_cq,bdh_cq/plain,f0b8b7c55f92,plain,propagate,interp,"{""dim"": 1, ""distance"": 1, ""length"": 12, ""n_sources"": 1}",4,25000,3,0.9030483812093735,0.0,0.8410806010166804,0.9985861613483961,0.9830339321357285
bdh_cq,bdh_cq/plain,f0b8b7c55f92,plain,propagate,interp,"{""dim"": 1, ""distance"": 1, ""length"": 12, ""n_sources"": 1}",4,27500,3,0.8971277897556623,0.0,0.8358114759127299,0.9990019962459268,0.9880239520958084
bdh_cq,bdh_cq/plain,f0b8b7c55f92,plain,propagate,interp,"{""dim"": 1, ""distance"": 1, ""length"": 12, ""n_sources"": 1}",4,30000,3,0.8814087534944216,0.0,0.8443725854158401,0.9995841651024695,0.9950099800399202
bdh_cq,bdh_cq/plain,f0b8b7c55f92,plain,propagate,interp,"{""dim"": 1, ""distance"": 1, ""length"": 12, ""n_sources"": 1}",4,32500,3,0.8766493027408918,0.0,0.8408365547657013,0.9996673320224899,0.9970059880239521
bdh_cq,bdh_cq/plain,f0b8b7c55f92,plain,propagate,interp,"{""dim"": 1, ""distance"": 1, ""length"": 12, ""n_sources"": 1}",4,35000,3,0.8855128362774849,0.0,0.8447030360500017,0.9996673320224899,0.9970059880239521
bdh_cq,bdh_cq/plain,f0b8b7c55f92,plain,propagate,interp,"{""dim"": 1, ""distance"": 1, ""length"": 12, ""n_sources"": 1}",4,37500,3,0.8822942326466242,0.0,0.8439811194936434,0.999750499001996,0.9980039920159681
bdh_cq,bdh_cq/plain,f0b8b7c55f92,plain,propagate,interp,"{""dim"": 1, ""distance"": 1, ""length"": 12, ""n_sources"": 1}",4,40000,3,0.880449540913105,0.0,0.8429638917247454,0.9996673320224899,0.9970059880239521
bdh_cq,bdh_cq/plain,f0b8b7c55f92,plain,propagate,interp,"{""dim"": 1, ""distance"": 1, ""length"": 12, ""n_sources"": 1}",8,40000,3,0.8583667452136675,0.0,0.8192564925799767,0.7420991299276105,0.0
bdh_cq,bdh_cq/plain,f0b8b7c55f92,plain,propagate,interp,"{""dim"": 1, ""distance"": 1, ""length"": 12, ""n_sources"": 1}",16,2500,3,0.9996824959913889,0.0,0.9786212767163912,0.7958250057078645,0.0
bdh_cq,bdh_cq/plain,f0b8b7c55f92,plain,propagate,interp,"{""dim"": 1, ""distance"": 1, ""length"": 12, ""n_sources"": 1}",16,5000,3,0.9813104271888733,0.0,0.906108650068442,0.7663838968365017,0.0
bdh_cq,bdh_cq/plain,f0b8b7c55f92,plain,propagate,interp,"{""dim"": 1, ""distance"": 1, ""length"": 12, ""n_sources"": 1}",16,7500,3,0.9952747225761414,0.0,0.9046187798182169,0.7831004591521151,0.0
bdh_cq,bdh_cq/plain,f0b8b7c55f92,plain,propagate,interp,"{""dim"": 1, ""distance"": 1, ""length"": 12, ""n_sources"": 1}",16,10000,3,0.9862253367900848,0.0,0.8953860153754553,0.7791916114424993,0.0009980039920159682
bdh_cq,bdh_cq/plain,f0b8b7c55f92,plain,propagate,interp,"{""dim"": 1, ""distance"": 1, ""length"": 12, ""n_sources"": 1}",16,12500,3,0.9883797839283943,0.0,0.8709410851200422,0.773037255018533,0.0
bdh_cq,bdh_cq/plain,f0b8b7c55f92,plain,propagate,interp,"{""dim"": 1, ""distance"": 1, ""length"": 12, ""n_sources"": 1}",16,15000,3,0.909283717473348,0.0,0.8613925303022066,0.7464238166318324,0.0
bdh_cq,bdh_cq/plain,f0b8b7c55f92,plain,propagate,interp,"{""dim"": 1, ""distance"": 1, ""length"": 12, ""n_sources"": 1}",16,17500,3,0.8381177261471748,0.0,0.8011425112684568,0.7712907476458483,0.0
bdh_cq,bdh_cq/plain,f0b8b7c55f92,plain,propagate,interp,"{""dim"": 1, ""distance"": 1, ""length"": 12, ""n_sources"": 1}",16,20000,3,0.8141422420740128,0.0,0.7569755141933759,0.7345309303311293,0.0
bdh_cq,bdh_cq/plain,f0b8b7c55f92,plain,propagate,interp,"{""dim"": 1, ""distance"": 1, ""length"": 12, ""n_sources"": 1}",16,22500,3,0.7881832147638003,0.0,0.7547717193762461,0.728376575186105,0.0
bdh_cq,bdh_cq/plain,f0b8b7c55f92,plain,propagate,interp,"{""dim"": 1, ""distance"": 1, ""length"": 12, ""n_sources"": 1}",16,25000,3,0.7990738240381082,0.0,0.7736302092671394,0.7380239463554409,0.0
bdh_cq,bdh_cq/plain,f0b8b7c55f92,plain,propagate,interp,"{""dim"": 1, ""distance"": 1, ""length"": 12, ""n_sources"": 1}",16,27500,3,0.8160925308863322,0.0,0.7697402313351631,0.7457584755684801,0.0
bdh_cq,bdh_cq/plain,f0b8b7c55f92,plain,propagate,interp,"{""dim"": 1, ""distance"": 1, ""length"": 12, ""n_sources"": 1}",16,30000,3,0.8119326084852219,0.0,0.8005943261086941,0.7399367864974243,0.0
bdh_cq,bdh_cq/plain,f0b8b7c55f92,plain,propagate,interp,"{""dim"": 1, ""distance"": 1, ""length"": 12, ""n_sources"": 1}",16,32500,3,0.8060898880163828,0.0,0.7791619102160136,0.741932794927599,0.0
bdh_cq,bdh_cq/plain,f0b8b7c55f92,plain,propagate,interp,"{""dim"": 1, ""distance"": 1, ""length"": 12, ""n_sources"": 1}",16,35000,3,0.7717364430427551,0.0,0.766126082589229,0.7470891491143764,0.0
bdh_cq,bdh_cq/plain,f0b8b7c55f92,plain,propagate,interp,"{""dim"": 1, ""distance"": 1, ""length"": 12, ""n_sources"": 1}",16,37500,3,0.8105494653185209,0.0,0.7812049227456251,0.7436793015864556,0.0
bdh_cq,bdh_cq/plain,f0b8b7c55f92,plain,propagate,interp,"{""dim"": 1, ""distance"": 1, ""length"": 12, ""n_sources"": 1}",16,40000,3,0.7975383947292963,0.0,0.7778040071328481,0.7458416432023286,0.0
bdh_cq,bdh_cq/plain,f0b8b7c55f92,plain,propagate,interp,"{""dim"": 1, ""distance"": 1, ""length"": 12, ""n_sources"": 1}",32,40000,3,0.7847653988283128,0.0,0.7643220455696186,0.7470891561931717,0.0
bdh_cq,bdh_cq/plain,f0b8b7c55f92,plain,propagate,interp,"{""dim"": 1, ""distance"": 2, ""length"": 12, ""n_sources"": 1}",1,2500,3,0.9023220365246137,1.0,0.9023220365246137,0.7904571138464056,0.0
bdh_cq,bdh_cq/plain,f0b8b7c55f92,plain,propagate,interp,"{""dim"": 1, ""distance"": 2, ""length"": 12, ""n_sources"": 1}",1,5000,3,0.6731876085201899,1.0,0.6731876085201899,0.7977143688662514,0.0
bdh_cq,bdh_cq/plain,f0b8b7c55f92,plain,propagate,interp,"{""dim"": 1, ""distance"": 2, ""length"": 12, ""n_sources"": 1}",1,7500,3,0.584892313927412,1.0,0.584892313927412,0.8190690608652265,0.008008008008008008
bdh_cq,bdh_cq/plain,f0b8b7c55f92,plain,propagate,interp,"{""dim"": 1, ""distance"": 2, ""length"": 12, ""n_sources"": 1}",1,10000,3,0.535467617213726,1.0,0.535467617213726,0.855271934567987,0.049049049049049054
bdh_cq,bdh_cq/plain,f0b8b7c55f92,plain,propagate,interp,"{""dim"": 1, ""distance"": 2, ""length"": 12, ""n_sources"": 1}",1,12500,3,0.4366106813152631,1.0,0.4366106813152631,0.883383386187606,0.12612612612612614
bdh_cq,bdh_cq/plain,f0b8b7c55f92,plain,propagate,interp,"{""dim"": 1, ""distance"": 2, ""length"": 12, ""n_sources"": 1}",1,15000,3,0.3244062339266141,1.0,0.3244062339266141,0.9490323707506105,0.5185185185185185
bdh_cq,bdh_cq/plain,f0b8b7c55f92,plain,propagate,interp,"{""dim"": 1, ""distance"": 2, ""length"": 12, ""n_sources"": 1}",1,17500,3,0.2899897365520398,1.0,0.2899897365520398,0.9908241590818725,0.8998998998998999
bdh_cq,bdh_cq/plain,f0b8b7c55f92,plain,propagate,interp,"{""dim"": 1, ""distance"": 2, ""length"": 12, ""n_sources"": 1}",1,20000,3,0.2611591111247738,1.0,0.2611591111247738,0.9974974980941406,0.96996996996997
bdh_cq,bdh_cq/plain,f0b8b7c55f92,plain,propagate,interp,"{""dim"": 1, ""distance"": 2, ""length"": 12, ""n_sources"": 1}",1,22500,3,0.24686229657769823,1.0,0.24686229657769823,0.9991658326980469,0.98998998998999
bdh_cq,bdh_cq/plain,f0b8b7c55f92,plain,propagate,interp,"{""dim"": 1, ""distance"": 2, ""length"": 12, ""n_sources"": 1}",1,25000,3,0.24877469971155128,1.0,0.24877469971155128,0.9986653322572107,0.984984984984985
bdh_cq,bdh_cq/plain,f0b8b7c55f92,plain,propagate,interp,"{""dim"": 1, ""distance"": 2, ""length"": 12, ""n_sources"": 1}",1,27500,3,0.24305064405780286,1.0,0.24305064405780286,0.9994994995591638,0.994994994994995
bdh_cq,bdh_cq/plain,f0b8b7c55f92,plain,propagate,interp,"{""dim"": 1, ""distance"": 2, ""length"": 12, ""n_sources"": 1}",1,30000,3,0.2415562586975284,1.0,0.2415562586975284,0.9995829162893591,0.995995995995996
bdh_cq,bdh_cq/plain,f0b8b7c55f92,plain,propagate,interp,"{""dim"": 1, ""distance"": 2, ""length"": 12, ""n_sources"": 1}",1,32500,3,0.24466157667726898,1.0,0.24466157667726898,0.9997497498094141,0.9969969969969971
bdh_cq,bdh_cq/plain,f0b8b7c55f92,plain,propagate,interp,"{""dim"": 1, ""distance"": 2, ""length"": 12, ""n_sources"": 1}",1,35000,3,0.2361779494288688,1.0,0.2361779494288688,0.9997497498094141,0.9969969969969971
bdh_cq,bdh_cq/plain,f0b8b7c55f92,plain,propagate,interp,"{""dim"": 1, ""distance"": 2, ""length"": 12, ""n_sources"": 1}",1,37500,3,0.23729970403170833,1.0,0.23729970403170833,0.9997497498094141,0.9969969969969971
bdh_cq,bdh_cq/plain,f0b8b7c55f92,plain,propagate,interp,"{""dim"": 1, ""distance"": 2, ""length"": 12, ""n_sources"": 1}",1,40000,3,0.23645442631095648,1.0,0.23645442631095648,0.9997497498094141,0.9969969969969971
bdh_cq,bdh_cq/plain,f0b8b7c55f92,plain,propagate,interp,"{""dim"": 1, ""distance"": 2, ""length"": 12, ""n_sources"": 1}",2,40000,3,0.8491579443216324,0.0,0.8491579443216324,0.998915582507461,0.9869869869869871
bdh_cq,bdh_cq/plain,f0b8b7c55f92,plain,propagate,interp,"{""dim"": 1, ""distance"": 2, ""length"": 12, ""n_sources"": 1}",4,2500,3,0.9959091916680336,0.0,0.9755720173319181,0.7895395296949285,0.0
bdh_cq,bdh_cq/plain,f0b8b7c55f92,plain,propagate,interp,"{""dim"": 1, ""distance"": 2, ""length"": 12, ""n_sources"": 1}",4,5000,3,0.9855623543262482,0.0,0.900721492866675,0.7946279503860034,0.0
bdh_cq,bdh_cq/plain,f0b8b7c55f92,plain,propagate,interp,"{""dim"": 1, ""distance"": 2, ""length"": 12, ""n_sources"": 1}",4,7500,3,0.9905440111955007,0.0,0.8985486775636673,0.8112278862579448,0.007007007007007006
bdh_cq,bdh_cq/plain,f0b8b7c55f92,plain,propagate,interp,"{""dim"": 1, ""distance"": 2, ""length"": 12, ""n_sources"": 1}",4,10000,3,0.9849201242129008,0.0,0.8914303605755171,0.8312479075905798,0.011011011011011013
bdh_cq,bdh_cq/plain,f0b8b7c55f92,plain,propagate,interp,"{""dim"": 1, ""distance"": 2, ""length"": 12, ""n_sources"": 1}",4,12500,3,0.9672152002652487,0.0,0.8808627302447954,0.8536870154413255,0.037037037037037035
bdh_cq,bdh_cq/plain,f0b8b7c55f92,plain,propagate,interp,"{""dim"": 1, ""distance"": 2, ""length"": 12, ""n_sources"": 1}",4,15000,3,0.9546957934896151,0.0,0.8792351086934408,0.9167500884683283,0.27127127127127126
bdh_cq,bdh_cq/plain,f0b8b7c55f92,plain,propagate,interp,"{""dim"": 1, ""distance"": 2, ""length"": 12, ""n_sources"": 1}",4,17500,3,0.9265366593996683,0.0,0.8616951654354731,0.9686353069406611,0.6696696696696697
bdh_cq,bdh_cq/plain,f0b8b7c55f92,plain,propagate,interp,"{""dim"": 1, ""distance"": 2, ""length"": 12, ""n_sources"": 1}",4,20000,3,0.9026077364881834,0.0,0.8402227361996969,0.9946613292674998,0.9359359359359359
bdh_cq,bdh_cq/plain,f0b8b7c55f92,plain,propagate,interp,"{""dim"": 1, ""distance"": 2, ""length"": 12, ""n_sources"": 1}",4,22500,3,0.8920531471570333,0.0,0.8495820338527361,0.9981648319357032,0.9779779779779779
bdh_cq,bdh_cq/plain,f0b8b7c55f92,plain,propagate,interp,"{""dim"": 1, ""distance"": 2, ""length"": 12, ""n_sources"": 1}",4,25000,3,0.8875335976481438,0.0,0.8368374978502592,0.9976643314948669,0.9729729729729729
bdh_cq,bdh_cq/plain,f0b8b7c55f92,plain,propagate,interp,"{""dim"": 1, ""distance"": 2, ""length"": 12, ""n_sources"": 1}",4,27500,3,0.8744523922602335,0.0,0.8264497046669325,0.998748748987406,0.985985985985986
bdh_cq,bdh_cq/plain,f0b8b7c55f92,plain,propagate,interp,"{""dim"": 1, ""distance"": 2, ""length"": 12, ""n_sources"": 1}",4,30000,3,0.8581415563821793,0.0,0.8221542462706566,0.9994994996188281,0.993993993993994
bdh_cq,bdh_cq/plain,f0b8b7c55f92,plain,propagate,interp,"{""dim"": 1, ""distance"": 2, ""length"": 12, ""n_sources"": 1}",4,32500,3,0.853261724114418,0.0,0.82280961672465,0.9993326661584375,0.9919919919919918
bdh_cq,bdh_cq/plain,f0b8b7c55f92,plain,propagate,interp,"{""dim"": 1, ""distance"": 2, ""length"": 12, ""n_sources"": 1}",4,35000,3,0.8653345257043839,0.0,0.8305440296729406,0.9998331665396094,0.9979979979979979
bdh_cq,bdh_cq/plain,f0b8b7c55f92,plain,propagate,interp,"{""dim"": 1, ""distance"": 2, ""length"": 12, ""n_sources"": 1}",4,37500,3,0.8627288018663725,0.0,0.8304709792137146,0.9997497498094141,0.9969969969969968
bdh_cq,bdh_cq/plain,f0b8b7c55f92,plain,propagate,interp,"{""dim"": 1, ""distance"": 2, ""length"": 12, ""n_sources"": 1}",4,40000,3,0.8610398645202318,0.0,0.8299084131916364,0.9999165832698047,0.998998998998999
bdh_cq,bdh_cq/plain,f0b8b7c55f92,plain,propagate,interp,"{""dim"": 1, ""distance"": 2, ""length"": 12, ""n_sources"": 1}",8,40000,3,0.9081906533489624,0.0,0.8262733264515797,0.6940273572136094,0.0
bdh_cq,bdh_cq/plain,f0b8b7c55f92,plain,propagate,interp,"{""dim"": 1, ""distance"": 2, ""length"": 12, ""n_sources"": 1}",16,2500,3,0.999717558423678,0.0,0.9755720173319181,0.7814481065079972,0.0
bdh_cq,bdh_cq/plain,f0b8b7c55f92,plain,propagate,interp,"{""dim"": 1, ""distance"": 2, ""length"": 12, ""n_sources"": 1}",16,5000,3,0.9885494609673818,0.0,0.900721492866675,0.7548381710672999,0.0
bdh_cq,bdh_cq/plain,f0b8b7c55f92,plain,propagate,interp,"{""dim"": 1, ""distance"": 2, ""length"": 12, ""n_sources"": 1}",16,7500,3,0.9851348573962847,0.0,0.8985486775636673,0.7742742699784441,0.001001001001001001
bdh_cq,bdh_cq/plain,f0b8b7c55f92,plain,propagate,interp,"{""dim"": 1, ""distance"": 2, ""length"": 12, ""n_sources"": 1}",16,10000,3,0.9903298740585645,0.0,0.8914303605755171,0.7771938561617553,0.0
bdh_cq,bdh_cq/plain,f0b8b7c55f92,plain,propagate,interp,"{""dim"": 1, ""distance"": 2, ""length"": 12, ""n_sources"": 1}",16,12500,3,0.9885957191387812,0.0,0.8808627302447954,0.7635135108882839,0.0
bdh_cq,bdh_cq/plain,f0b8b7c55f92,plain,propagate,interp,"{""dim"": 1, ""distance"": 2, ""length"": 12, ""n_sources"": 1}",16,15000,3,0.9385293076435725,0.0,0.8792351086934408,0.7284784785530588,0.0
bdh_cq,bdh_cq/plain,f0b8b7c55f92,plain,propagate,interp,"{""dim"": 1, ""distance"": 2, ""length"": 12, ""n_sources"": 1}",16,17500,3,0.8340300520261129,0.0,0.8095466693242391,0.7506673333045836,0.0
bdh_cq,bdh_cq/plain,f0b8b7c55f92,plain,propagate,interp,"{""dim"": 1, ""distance"": 2, ""length"": 12, ""n_sources"": 1}",16,20000,3,0.8143265470862389,0.0,0.797111044327418,0.7243910538362669,0.0
bdh_cq,bdh_cq/plain,f0b8b7c55f92,plain,propagate,interp,"{""dim"": 1, ""distance"": 2, ""length"": 12, ""n_sources"": 1}",16,22500,3,0.7937264516949654,0.0,0.792006611203154,0.7303136431419098,0.0
bdh_cq,bdh_cq/plain,f0b8b7c55f92,plain,propagate,interp,"{""dim"": 1, ""distance"": 2, ""length"": 12, ""n_sources"": 1}",16,25000,3,0.8133148377140363,0.0,0.7723100334405899,0.7463296565625285,0.0
bdh_cq,bdh_cq/plain,f0b8b7c55f92,plain,propagate,interp,"{""dim"": 1, ""distance"": 2, ""length"": 12, ""n_sources"": 1}",16,27500,3,0.8195769960681597,0.0,0.7643916519979636,0.7545044971956266,0.0
bdh_cq,bdh_cq/plain,f0b8b7c55f92,plain,propagate,interp,"{""dim"": 1, ""distance"": 2, ""length"": 12, ""n_sources"": 1}",16,30000,3,0.7901503965258598,0.0,0.7829792574048042,0.7496663264266482,0.0
bdh_cq,bdh_cq/plain,f0b8b7c55f92,plain,propagate,interp,"{""dim"": 1, ""distance"": 2, ""length"": 12, ""n_sources"": 1}",16,32500,3,0.7712257951498032,0.0,0.769363459199667,0.7554220811979429,0.0
bdh_cq,bdh_cq/plain,f0b8b7c55f92,plain,propagate,interp,"{""dim"": 1, ""distance"": 2, ""length"": 12, ""n_sources"": 1}",16,35000,3,0.7862949694196383,0.0,0.7862949694196383,0.7567567495970396,0.0
bdh_cq,bdh_cq/plain,f0b8b7c55f92,plain,propagate,interp,"{""dim"": 1, ""distance"": 2, ""length"": 12, ""n_sources"": 1}",16,37500,3,0.7900655666987101,0.0,0.7718685877819856,0.7526693286241831,0.0
bdh_cq,bdh_cq/plain,f0b8b7c55f92,plain,propagate,interp,"{""dim"": 1, ""distance"": 2, ""length"": 12, ""n_sources"": 1}",16,40000,3,0.8068083450198174,0.0,0.80497578283151,0.7552552482446989,0.0
bdh_cq,bdh_cq/plain,f0b8b7c55f92,plain,propagate,interp,"{""dim"": 1, ""distance"": 2, ""length"": 12, ""n_sources"": 1}",32,40000,3,0.7953558363951743,0.0,0.7698393625517687,0.6839339447331739,0.0
bdh_cq,bdh_cq/plain,f0b8b7c55f92,plain,propagate,interp,"{""dim"": 1, ""distance"": 4, ""length"": 12, ""n_sources"": 1}",1,2500,3,0.9031722073753675,1.0,0.9031722073753675,0.7859526083872721,0.0
bdh_cq,bdh_cq/plain,f0b8b7c55f92,plain,propagate,interp,"{""dim"": 1, ""distance"": 4, ""length"": 12, ""n_sources"": 1}",1,5000,3,0.6731837056577206,1.0,0.6731837056577206,0.799883203403847,0.0
bdh_cq,bdh_cq/plain,f0b8b7c55f92,plain,propagate,interp,"{""dim"": 1, ""distance"": 4, ""length"": 12, ""n_sources"": 1}",1,7500,3,0.5873963174720606,1.0,0.5873963174720606,0.8046379632599003,0.004004004004004004
bdh_cq,bdh_cq/plain,f0b8b7c55f92,plain,propagate,interp,"{""dim"": 1, ""distance"": 4, ""length"": 12, ""n_sources"": 1}",1,10000,3,0.5394109537204107,1.0,0.5394109537204107,0.8279946569923883,0.016016016016016012
bdh_cq,bdh_cq/plain,f0b8b7c55f92,plain,propagate,interp,"{""dim"": 1, ""distance"": 4, ""length"": 12, ""n_sources"": 1}",1,12500,3,0.43794241175055504,1.0,0.43794241175055504,0.8635301988821728,0.05205205205205205
bdh_cq,bdh_cq/plain,f0b8b7c55f92,plain,propagate,interp,"{""dim"": 1, ""distance"": 4, ""length"": 12, ""n_sources"": 1}",1,15000,3,0.3337305144717296,1.0,0.3337305144717296,0.9493660389243423,0.5045045045045045
bdh_cq,bdh_cq/plain,f0b8b7c55f92,plain,propagate,interp,"{""dim"": 1, ""distance"": 4, ""length"": 12, ""n_sources"": 1}",1,17500,3,0.28570411664744216,1.0,0.28570411664744216,0.9934100782549059,0.9219219219219218
bdh_cq,bdh_cq/plain,f0b8b7c55f92,plain,propagate,interp,"{""dim"": 1, ""distance"": 4, ""length"": 12, ""n_sources"": 1}",1,20000,3,0.22997032765609524,1.0,0.22997032765609524,0.998748748987406,0.985985985985986
bdh_cq,bdh_cq/plain,f0b8b7c55f92,plain,propagate,interp,"{""dim"": 1, ""distance"": 4, ""length"": 12, ""n_sources"": 1}",1,22500,3,0.22345183013627926,1.0,0.22345183013627926,0.9994160828886328,0.9929929929929929
bdh_cq,bdh_cq/plain,f0b8b7c55f92,plain,propagate,interp,"{""dim"": 1, ""distance"": 4, ""length"": 12, ""n_sources"": 1}",1,25000,3,0.2214171146430696,1.0,0.2214171146430696,0.9994994996188282,0.993993993993994
bdh_cq,bdh_cq/plain,f0b8b7c55f92,plain,propagate,interp,"{""dim"": 1, ""distance"": 4, ""length"": 12, ""n_sources"": 1}",1,27500,3,0.2187958991077418,1.0,0.2187958991077418,0.9999165832698047,0.998998998998999
bdh_cq,bdh_cq/plain,f0b8b7c55f92,plain,propagate,interp,"{""dim"": 1, ""distance"": 4, ""length"": 12, ""n_sources"": 1}",1,30000,3,0.21325275992664197,1.0,0.21325275992664197,1.0,1.0
bdh_cq,bdh_cq/plain,f0b8b7c55f92,plain,propagate,interp,"{""dim"": 1, ""distance"": 4, ""length"": 12, ""n_sources"": 1}",1,32500,3,0.21309601018826166,1.0,0.21309601018826166,1.0,1.0
bdh_cq,bdh_cq/plain,f0b8b7c55f92,plain,propagate,interp,"{""dim"": 1, ""distance"": 4, ""length"": 12, ""n_sources"": 1}",1,35000,3,0.2048732666686798,1.0,0.2048732666686798,1.0,1.0
bdh_cq,bdh_cq/plain,f0b8b7c55f92,plain,propagate,interp,"{""dim"": 1, ""distance"": 4, ""length"": 12, ""n_sources"": 1}",1,37500,3,0.20788921943555275,1.0,0.20788921943555275,1.0,1.0
bdh_cq,bdh_cq/plain,f0b8b7c55f92,plain,propagate,interp,"{""dim"": 1, ""distance"": 4, ""length"": 12, ""n_sources"": 1}",1,40000,3,0.2072219073306769,1.0,0.2072219073306769,1.0,1.0
bdh_cq,bdh_cq/plain,f0b8b7c55f92,plain,propagate,interp,"{""dim"": 1, ""distance"": 4, ""length"": 12, ""n_sources"": 1}",2,40000,3,0.8672616928815842,0.0,0.8672616928815842,1.0,1.0
bdh_cq,bdh_cq/plain,f0b8b7c55f92,plain,propagate,interp,"{""dim"": 1, ""distance"": 4, ""length"": 12, ""n_sources"": 1}",4,2500,3,0.9961641679207484,0.0,0.9763150264819463,0.7826159378071805,0.0
bdh_cq,bdh_cq/plain,f0b8b7c55f92,plain,propagate,interp,"{""dim"": 1, ""distance"": 4, ""length"": 12, ""n_sources"": 1}",4,5000,3,0.9888940999905268,0.0,0.9033509815732638,0.7913746951339959,0.0
bdh_cq,bdh_cq/plain,f0b8b7c55f92,plain,propagate,interp,"{""dim"": 1, ""distance"": 4, ""length"": 12, ""n_sources"": 1}",4,7500,3,0.9899728621045748,0.0,0.8989296977718672,0.7865365298243017,0.003003003003003003
bdh_cq,bdh_cq/plain,f0b8b7c55f92,plain,propagate,interp,"{""dim"": 1, ""distance"": 4, ""length"": 12, ""n_sources"": 1}",4,10000,3,0.9843190362056097,0.0,0.8939050535360972,0.8038872149852184,0.004004004004004004
bdh_cq,bdh_cq/plain,f0b8b7c55f92,plain,propagate,interp,"{""dim"": 1, ""distance"": 4, ""length"": 12, ""n_sources"": 1}",4,12500,3,0.9692268073558807,0.0,0.8924856906135877,0.8325825760195086,0.016016016016016016
bdh_cq,bdh_cq/plain,f0b8b7c55f92,plain,propagate,interp,"{""dim"": 1, ""distance"": 4, ""length"": 12, ""n_sources"": 1}",4,15000,3,0.9612870837251345,0.0,0.9085076948006948,0.8917250602214305,0.13313313313313313
bdh_cq,bdh_cq/plain,f0b8b7c55f92,plain,propagate,interp,"{""dim"": 1, ""distance"": 4, ""length"": 12, ""n_sources"": 1}",4,17500,3,0.9366409952441851,0.0,0.8861062352856001,0.9657991376963703,0.6416416416416416
bdh_cq,bdh_cq/plain,f0b8b7c55f92,plain,propagate,interp,"{""dim"": 1, ""distance"": 4, ""length"": 12, ""n_sources"": 1}",4,20000,3,0.9077983995278677,0.0,0.8463059465090433,0.9865699061998973,0.8428428428428427
bdh_cq,bdh_cq/plain,f0b8b7c55f92,plain,propagate,interp,"{""dim"": 1, ""distance"": 4, ""length"": 12, ""n_sources"": 1}",4,22500,3,0.8964106316367785,0.0,0.8423512950539589,0.9975809147646716,0.971971971971972
bdh_cq,bdh_cq/plain,f0b8b7c55f92,plain,propagate,interp,"{""dim"": 1, ""distance"": 4, ""length"": 12, ""n_sources"": 1}",4,25000,3,0.8916421333948771,0.0,0.8494901433587074,0.9982482486658985,0.978978978978979
bdh_cq,bdh_cq/plain,f0b8b7c55f92,plain,propagate,interp,"{""dim"": 1, ""distance"": 4, ""length"": 12, ""n_sources"": 1}",4,27500,3,0.8812204301357269,0.0,0.8365231404701868,0.9987487490470702,0.984984984984985
bdh_cq,bdh_cq/plain,f0b8b7c55f92,plain,propagate,interp,"{""dim"": 1, ""distance"": 4, ""length"": 12, ""n_sources"": 1}",4,30000,3,0.8686642895142237,0.0,0.8379194711645445,0.9989155825074608,0.9869869869869871
bdh_cq,bdh_cq/plain,f0b8b7c55f92,plain,propagate,interp,"{""dim"": 1, ""distance"": 4, ""length"": 12, ""n_sources"": 1}",4,32500,3,0.8626745268702507,0.0,0.8345466156800588,0.9989989992376561,0.9879879879879881
bdh_cq,bdh_cq/plain,f0b8b7c55f92,plain,propagate,interp,"{""dim"": 1, ""distance"": 4, ""length"": 12, ""n_sources"": 1}",4,35000,3,0.8711702426274618,0.0,0.8344061796863874,0.9995829163490235,0.994994994994995
bdh_cq,bdh_cq/plain,f0b8b7c55f92,plain,propagate,interp,"{""dim"": 1, ""distance"": 4, ""length"": 12, ""n_sources"": 1}",4,37500,3,0.8687456374367079,0.0,0.8374398971597353,0.9996663330792188,0.995995995995996
bdh_cq,bdh_cq/plain,f0b8b7c55f92,plain,propagate,interp,"{""dim"": 1, ""distance"": 4, ""length"": 12, ""n_sources"": 1}",4,40000,3,0.8684616660078367,0.0,0.8376119683186213,0.9996663330792188,0.995995995995996
bdh_cq,bdh_cq/plain,f0b8b7c55f92,plain,propagate,interp,"{""dim"": 1, ""distance"": 4, ""length"": 12, ""n_sources"": 1}",8,40000,3,0.9636469160517057,0.0,0.8261112440377474,0.5838338352657773,0.0
bdh_cq,bdh_cq/plain,f0b8b7c55f92,plain,propagate,interp,"{""dim"": 1, ""distance"": 4, ""length"": 12, ""n_sources"": 1}",16,2500,3,0.9997026373942693,0.0,0.9763150264819463,0.7640974196466478,0.0
bdh_cq,bdh_cq/plain,f0b8b7c55f92,plain,propagate,interp,"{""dim"": 1, ""distance"": 4, ""length"": 12, ""n_sources"": 1}",16,5000,3,0.9951472083727518,0.0,0.9033509815732638,0.7347347316321907,0.0
bdh_cq,bdh_cq/plain,f0b8b7c55f92,plain,propagate,interp,"{""dim"": 1, ""distance"": 4, ""length"": 12, ""n_sources"": 1}",16,7500,3,0.9924951046705246,0.0,0.8989296977718672,0.7545879145522972,0.0
bdh_cq,bdh_cq/plain,f0b8b7c55f92,plain,propagate,interp,"{""dim"": 1, ""distance"": 4, ""length"": 12, ""n_sources"": 1}",16,10000,3,0.9889225239555041,0.0,0.8939050535360972,0.7631798408351265,0.0
bdh_cq,bdh_cq/plain,f0b8b7c55f92,plain,propagate,interp,"{""dim"": 1, ""distance"": 4, ""length"": 12, ""n_sources"": 1}",16,12500,3,0.978939508398374,0.0,0.8924856906135877,0.7349015643766096,0.0
bdh_cq,bdh_cq/plain,f0b8b7c55f92,plain,propagate,interp,"{""dim"": 1, ""distance"": 4, ""length"": 12, ""n_sources"": 1}",16,15000,3,0.8793973873058955,0.0,0.8646823937694231,0.668168165453442,0.0
bdh_cq,bdh_cq/plain,f0b8b7c55f92,plain,propagate,interp,"{""dim"": 1, ""distance"": 4, ""length"": 12, ""n_sources"": 1}",16,17500,3,0.8062799349427223,0.0,0.792222456385692,0.6826826786255097,0.0
bdh_cq,bdh_cq/plain,f0b8b7c55f92,plain,propagate,interp,"{""dim"": 1, ""distance"": 4, ""length"": 12, ""n_sources"": 1}",16,20000,3,0.8009013260404269,0.0,0.7924945826331774,0.679929924321485,0.0
bdh_cq,bdh_cq/plain,f0b8b7c55f92,plain,propagate,interp,"{""dim"": 1, ""distance"": 4, ""length"": 12, ""n_sources"": 1}",16,22500,3,0.7842253148555756,0.0,0.7807498325904211,0.7039539464064188,0.0
bdh_cq,bdh_cq/plain,f0b8b7c55f92,plain,propagate,interp,"{""dim"": 1, ""distance"": 4, ""length"": 12, ""n_sources"": 1}",16,25000,3,0.742250069975853,0.0,0.714324202388525,0.71871871278212,0.0
bdh_cq,bdh_cq/plain,f0b8b7c55f92,plain,propagate,interp,"{""dim"": 1, ""distance"": 4, ""length"": 12, ""n_sources"": 1}",16,27500,3,0.7185153538982073,0.0,0.7122211878498396,0.7239739684550255,0.0
bdh_cq,bdh_cq/plain,f0b8b7c55f92,plain,propagate,interp,"{""dim"": 1, ""distance"": 4, ""length"": 12, ""n_sources"": 1}",16,30000,3,0.7219739605983099,0.0,0.716744231681029,0.7333166435495153,0.0
bdh_cq,bdh_cq/plain,f0b8b7c55f92,plain,propagate,interp,"{""dim"": 1, ""distance"": 4, ""length"": 12, ""n_sources"": 1}",16,32500,3,0.7313269103566805,0.0,0.7313269103566805,0.753002994709664,0.0
bdh_cq,bdh_cq/plain,f0b8b7c55f92,plain,propagate,interp,"{""dim"": 1, ""distance"": 4, ""length"": 12, ""n_sources"": 1}",16,35000,3,0.7511404206355413,0.0,0.7296978918214639,0.7350683953310991,0.0
bdh_cq,bdh_cq/plain,f0b8b7c55f92,plain,propagate,interp,"{""dim"": 1, ""distance"": 4, ""length"": 12, ""n_sources"": 1}",16,37500,3,0.7551724712053934,0.0,0.7385736132661501,0.7374874806857562,0.0
bdh_cq,bdh_cq/plain,f0b8b7c55f92,plain,propagate,interp,"{""dim"": 1, ""distance"": 4, ""length"": 12, ""n_sources"": 1}",16,40000,3,0.7441548270483812,0.0,0.7311332126458486,0.7386553153858051,0.0
bdh_cq,bdh_cq/plain,f0b8b7c55f92,plain,propagate,interp,"{""dim"": 1, ""distance"": 4, ""length"": 12, ""n_sources"": 1}",32,40000,3,0.8257410510753592,0.0,0.7245574958312014,0.5600600575839912,0.0
bdh_cq,bdh_cq/plain,f0b8b7c55f92,plain,propagate,mild,"{""dim"": 1, ""distance"": 6, ""length"": 12, ""n_sources"": 1}",1,2500,3,0.908182218670845,1.0,0.908182218670845,0.7853333224256834,0.0
bdh_cq,bdh_cq/plain,f0b8b7c55f92,plain,propagate,mild,"{""dim"": 1, ""distance"": 6, ""length"": 12, ""n_sources"": 1}",1,5000,3,0.6762150079011917,1.0,0.6762150079011917,0.8004444313247999,0.0
bdh_cq,bdh_cq/plain,f0b8b7c55f92,plain,propagate,mild,"{""dim"": 1, ""distance"": 6, ""length"": 12, ""n_sources"": 1}",1,7500,3,0.6078252121806145,1.0,0.6078252121806145,0.7789999890128773,0.0006666666666666666
bdh_cq,bdh_cq/plain,f0b8b7c55f92,plain,propagate,mild,"{""dim"": 1, ""distance"": 6, ""length"": 12, ""n_sources"": 1}",1,10000,3,0.5482942114273707,1.0,0.5482942114273707,0.7754444376428923,0.004
bdh_cq,bdh_cq/plain,f0b8b7c55f92,plain,propagate,mild,"{""dim"": 1, ""distance"": 6, ""length"": 12, ""n_sources"": 1}",1,12500,3,0.4502144368986289,1.0,0.4502144368986289,0.8119999978741009,0.016666666666666666
bdh_cq,bdh_cq/plain,f0b8b7c55f92,plain,propagate,mild,"{""dim"": 1, ""distance"": 6, ""length"": 12, ""n_sources"": 1}",1,15000,3,0.3375676528861125,1.0,0.3375676528861125,0.9011111160914104,0.17200000000000001
bdh_cq,bdh_cq/plain,f0b8b7c55f92,plain,propagate,mild,"{""dim"": 1, ""distance"": 6, ""length"": 12, ""n_sources"": 1}",1,17500,3,0.2868669298477471,1.0,0.2868669298477471,0.9481111147801081,0.5553333333333333
bdh_cq,bdh_cq/plain,f0b8b7c55f92,plain,propagate,mild,"{""dim"": 1, ""distance"": 6, ""length"": 12, ""n_sources"": 1}",1,20000,3,0.2478261423918108,1.0,0.2478261423918108,0.969888893008232,0.6946666666666667
bdh_cq,bdh_cq/plain,f0b8b7c55f92,plain,propagate,mild,"{""dim"": 1, ""distance"": 6, ""length"": 12, ""n_sources"": 1}",1,22500,3,0.23612228066970906,1.0,0.23612228066970906,0.9700555595556896,0.7000000000000001
bdh_cq,bdh_cq/plain,f0b8b7c55f92,plain,propagate,mild,"{""dim"": 1, ""distance"": 6, ""length"": 12, ""n_sources"": 1}",1,25000,3,0.241372498528411,1.0,0.241372498528411,0.9701111150185268,0.7000000000000001
bdh_cq,bdh_cq/plain,f0b8b7c55f92,plain,propagate,mild,"{""dim"": 1, ""distance"": 6, ""length"": 12, ""n_sources"": 1}",1,27500,3,0.23324854602105916,1.0,0.23324854602105916,0.9717777822812398,0.7013333333333334
bdh_cq,bdh_cq/plain,f0b8b7c55f92,plain,propagate,mild,"{""dim"": 1, ""distance"": 6, ""length"": 12, ""n_sources"": 1}",1,30000,3,0.21684160890678564,1.0,0.21684160890678564,0.9743888935248056,0.7173333333333334
bdh_cq,bdh_cq/plain,f0b8b7c55f92,plain,propagate,mild,"{""dim"": 1, ""distance"": 6, ""length"": 12, ""n_sources"": 1}",1,32500,3,0.22182087192777544,1.0,0.22182087192777544,0.9701111158927281,0.684
bdh_cq,bdh_cq/plain,f0b8b7c55f92,plain,propagate,mild,"{""dim"": 1, ""distance"": 6, ""length"": 12, ""n_sources"": 1}",1,35000,3,0.21722635025313744,1.0,0.21722635025313744,0.9731111155748368,0.7120000000000001
bdh_cq,bdh_cq/plain,f0b8b7c55f92,plain,propagate,mild,"{""dim"": 1, ""distance"": 6, ""length"": 12, ""n_sources"": 1}",1,37500,3,0.21548610642397156,1.0,0.21548610642397156,0.9712777827183405,0.6900000000000001
bdh_cq,bdh_cq/plain,f0b8b7c55f92,plain,propagate,mild,"{""dim"": 1, ""distance"": 6, ""length"": 12, ""n_sources"": 1}",1,40000,3,0.21581468599227568,1.0,0.21581468599227568,0.9712777825196585,0.6926666666666668
bdh_cq,bdh_cq/plain,f0b8b7c55f92,plain,propagate,mild,"{""dim"": 1, ""distance"": 6, ""length"": 12, ""n_sources"": 1}",2,40000,3,0.8337731336553892,0.0,0.8337731336553892,0.9426666734218596,0.42799999999999994
bdh_cq,bdh_cq/plain,f0b8b7c55f92,plain,propagate,mild,"{""dim"": 1, ""distance"": 6, ""length"": 12, ""n_sources"": 1}",4,2500,3,0.9962320725123087,0.0,0.9794829785823822,0.7829999883373578,0.0
bdh_cq,bdh_cq/plain,f0b8b7c55f92,plain,propagate,mild,"{""dim"": 1, ""distance"": 6, ""length"": 12, ""n_sources"": 1}",4,5000,3,0.988461397588253,0.0,0.9077052796880404,0.7928333195845285,0.0
bdh_cq,bdh_cq/plain,f0b8b7c55f92,plain,propagate,mild,"{""dim"": 1, ""distance"": 6, ""length"": 12, ""n_sources"": 1}",4,7500,3,0.9908321673671404,0.0,0.8986863295237223,0.7663888801137606,0.0
bdh_cq,bdh_cq/plain,f0b8b7c55f92,plain,propagate,mild,"{""dim"": 1, ""distance"": 6, ""length"": 12, ""n_sources"": 1}",4,10000,3,0.9844676728049914,0.0,0.8907067800561587,0.7909999918540319,0.002
bdh_cq,bdh_cq/plain,f0b8b7c55f92,plain,propagate,mild,"{""dim"": 1, ""distance"": 6, ""length"": 12, ""n_sources"": 1}",4,12500,3,0.96924506376187,0.0,0.8840335607528687,0.8183888801336288,0.005333333333333333
bdh_cq,bdh_cq/plain,f0b8b7c55f92,plain,propagate,mild,"{""dim"": 1, ""distance"": 6, ""length"": 12, ""n_sources"": 1}",4,15000,3,0.94419593612353,0.0,0.8959406589468321,0.8825555555820465,0.11333333333333334
bdh_cq,bdh_cq/plain,f0b8b7c55f92,plain,propagate,mild,"{""dim"": 1, ""distance"": 6, ""length"": 12, ""n_sources"": 1}",4,17500,3,0.9201531782746315,0.0,0.8466981699069341,0.945222229083379,0.45199999999999996
bdh_cq,bdh_cq/plain,f0b8b7c55f92,plain,propagate,mild,"{""dim"": 1, ""distance"": 6, ""length"": 12, ""n_sources"": 1}",4,20000,3,0.8774165362119675,0.0,0.8121333519617716,0.9718333387374877,0.684
bdh_cq,bdh_cq/plain,f0b8b7c55f92,plain,propagate,mild,"{""dim"": 1, ""distance"": 6, ""length"": 12, ""n_sources"": 1}",4,22500,3,0.8483410825332006,0.0,0.8191836550831795,0.9903888909022013,0.8893333333333334
bdh_cq,bdh_cq/plain,f0b8b7c55f92,plain,propagate,mild,"{""dim"": 1, ""distance"": 6, ""length"": 12, ""n_sources"": 1}",4,25000,3,0.8455921759208044,0.0,0.8168960139155388,0.9918333351612091,0.904
bdh_cq,bdh_cq/plain,f0b8b7c55f92,plain,propagate,mild,"{""dim"": 1, ""distance"": 6, ""length"": 12, ""n_sources"": 1}",4,27500,3,0.8284653996427854,0.0,0.8082760125398636,0.9971111117601396,0.9659999999999999
bdh_cq,bdh_cq/plain,f0b8b7c55f92,plain,propagate,mild,"{""dim"": 1, ""distance"": 6, ""length"": 12, ""n_sources"": 1}",4,30000,3,0.8029308393597603,0.0,0.7865774606664976,0.9934444457689922,0.9253333333333332
bdh_cq,bdh_cq/plain,f0b8b7c55f92,plain,propagate,mild,"{""dim"": 1, ""distance"": 6, ""length"": 12, ""n_sources"": 1}",4,32500,3,0.8045727411905924,0.0,0.7990159144004186,0.9967222230037054,0.9606666666666666
bdh_cq,bdh_cq/plain,f0b8b7c55f92,plain,propagate,mild,"{""dim"": 1, ""distance"": 6, ""length"": 12, ""n_sources"": 1}",4,35000,3,0.8168044512470564,0.0,0.8057997475067774,0.9978333338499069,0.9739999999999999
bdh_cq,bdh_cq/plain,f0b8b7c55f92,plain,propagate,mild,"{""dim"": 1, ""distance"": 6, ""length"": 12, ""n_sources"": 1}",4,37500,3,0.8106493651866913,0.0,0.8022394006450971,0.9976111116806666,0.9713333333333333
bdh_cq,bdh_cq/plain,f0b8b7c55f92,plain,propagate,mild,"{""dim"": 1, ""distance"": 6, ""length"": 12, ""n_sources"": 1}",4,40000,3,0.8093481808900833,0.0,0.8013160079717636,0.9976666672229767,0.972
bdh_cq,bdh_cq/plain,f0b8b7c55f92,plain,propagate,mild,"{""dim"": 1, ""distance"": 6, ""length"": 12, ""n_sources"": 1}",8,40000,3,0.9617357812821865,0.0,0.7976178123305241,0.6132777781883876,0.0
bdh_cq,bdh_cq/plain,f0b8b7c55f92,plain,propagate,mild,"{""dim"": 1, ""distance"": 6, ""length"": 12, ""n_sources"": 1}",16,2500,3,0.999695693453153,0.0,0.9794829785823822,0.7666666551033656,0.0
bdh_cq,bdh_cq/plain,f0b8b7c55f92,plain,propagate,mild,"{""dim"": 1, ""distance"": 6, ""length"": 12, ""n_sources"": 1}",16,5000,3,0.9936608721812566,0.0,0.9077052796880404,0.7337222203314303,0.0
bdh_cq,bdh_cq/plain,f0b8b7c55f92,plain,propagate,mild,"{""dim"": 1, ""distance"": 6, ""length"": 12, ""n_sources"": 1}",16,7500,3,0.9776517351468405,0.0,0.8986863295237223,0.749777772396803,0.0
bdh_cq,bdh_cq/plain,f0b8b7c55f92,plain,propagate,mild,"{""dim"": 1, ""distance"": 6, ""length"": 12, ""n_sources"": 1}",16,10000,3,0.9936604623993238,0.0,0.8907067800561587,0.7731666611631711,0.0
bdh_cq,bdh_cq/plain,f0b8b7c55f92,plain,propagate,mild,"{""dim"": 1, ""distance"": 6, ""length"": 12, ""n_sources"": 1}",16,12500,3,0.989374058942,0.0,0.8840335607528687,0.7407222191492716,0.0
bdh_cq,bdh_cq/plain,f0b8b7c55f92,plain,propagate,mild,"{""dim"": 1, ""distance"": 6, ""length"": 12, ""n_sources"": 1}",16,15000,3,0.9385636324683825,0.0,0.8830947031577429,0.6601111084123453,0.0
bdh_cq,bdh_cq/plain,f0b8b7c55f92,plain,propagate,mild,"{""dim"": 1, ""distance"": 6, ""length"": 12, ""n_sources"": 1}",16,17500,3,0.8805104494094849,0.0,0.8347616071502367,0.6515555516282717,0.0
bdh_cq,bdh_cq/plain,f0b8b7c55f92,plain,propagate,mild,"{""dim"": 1, ""distance"": 6, ""length"": 12, ""n_sources"": 1}",16,20000,3,0.7978674645225207,0.0,0.7690671732028326,0.6346666624645392,0.0
bdh_cq,bdh_cq/plain,f0b8b7c55f92,plain,propagate,mild,"{""dim"": 1, ""distance"": 6, ""length"": 12, ""n_sources"": 1}",16,22500,3,0.796016792456309,0.0,0.741048182050387,0.6501111064950625,0.0
bdh_cq,bdh_cq/plain,f0b8b7c55f92,plain,propagate,mild,"{""dim"": 1, ""distance"": 6, ""length"": 12, ""n_sources"": 1}",16,25000,3,0.8034490942955017,0.0,0.7850839992364248,0.6676111062169076,0.0
bdh_cq,bdh_cq/plain,f0b8b7c55f92,plain,propagate,mild,"{""dim"": 1, ""distance"": 6, ""length"": 12, ""n_sources"": 1}",16,27500,3,0.7799233620365461,0.0,0.7354227751493454,0.6772222160696982,0.0
bdh_cq,bdh_cq/plain,f0b8b7c55f92,plain,propagate,mild,"{""dim"": 1, ""distance"": 6, ""length"": 12, ""n_sources"": 1}",16,30000,3,0.7754038472970327,0.0,0.71195849776268,0.6836111046870549,0.0
bdh_cq,bdh_cq/plain,f0b8b7c55f92,plain,propagate,mild,"{""dim"": 1, ""distance"": 6, ""length"": 12, ""n_sources"": 1}",16,32500,3,0.7849573368827502,0.0,0.7281761268774668,0.6976666595339776,0.0
bdh_cq,bdh_cq/plain,f0b8b7c55f92,plain,propagate,mild,"{""dim"": 1, ""distance"": 6, ""length"": 12, ""n_sources"": 1}",16,35000,3,0.7759176443020502,0.0,0.7319196710983912,0.6819444377223651,0.0
bdh_cq,bdh_cq/plain,f0b8b7c55f92,plain,propagate,mild,"{""dim"": 1, ""distance"": 6, ""length"": 12, ""n_sources"": 1}",16,37500,3,0.7745098993182182,0.0,0.7359209010998408,0.6839999934037526,0.0
bdh_cq,bdh_cq/plain,f0b8b7c55f92,plain,propagate,mild,"{""dim"": 1, ""distance"": 6, ""length"": 12, ""n_sources"": 1}",16,40000,3,0.7861449072758356,0.0,0.7312312188247839,0.6833333264986674,0.0
bdh_cq,bdh_cq/plain,f0b8b7c55f92,plain,propagate,mild,"{""dim"": 1, ""distance"": 6, ""length"": 12, ""n_sources"": 1}",32,40000,3,0.7629662854596972,0.0,0.7368960234646996,0.4850555570622285,0.0
bdh_cq,bdh_cq/plain,f0b8b7c55f92,plain,propagate,mild,"{""dim"": 1, ""distance"": 8, ""length"": 12, ""n_sources"": 1}",1,2500,3,0.908485954006513,1.0,0.908485954006513,0.7908333209405343,0.0
bdh_cq,bdh_cq/plain,f0b8b7c55f92,plain,propagate,mild,"{""dim"": 1, ""distance"": 8, ""length"": 12, ""n_sources"": 1}",1,5000,3,0.6789068654179573,1.0,0.6789068654179573,0.8067222079833348,0.0
bdh_cq,bdh_cq/plain,f0b8b7c55f92,plain,propagate,mild,"{""dim"": 1, ""distance"": 8, ""length"": 12, ""n_sources"": 1}",1,7500,3,0.5935335929195086,1.0,0.5935335929195086,0.7427777667343617,0.0013333333333333333
bdh_cq,bdh_cq/plain,f0b8b7c55f92,plain,propagate,mild,"{""dim"": 1, ""distance"": 8, ""length"": 12, ""n_sources"": 1}",1,10000,3,0.5279984374841055,1.0,0.5279984374841055,0.6791666590770085,0.0006666666666666666
bdh_cq,bdh_cq/plain,f0b8b7c55f92,plain,propagate,mild,"{""dim"": 1, ""distance"": 8, ""length"": 12, ""n_sources"": 1}",1,12500,3,0.44309889276822406,1.0,0.44309889276822406,0.7023333280881245,0.0026666666666666666
bdh_cq,bdh_cq/plain,f0b8b7c55f92,plain,propagate,mild,"{""dim"": 1, ""distance"": 8, ""length"": 12, ""n_sources"": 1}",1,15000,3,0.3430214027563731,1.0,0.3430214027563731,0.7993333335320155,0.027999999999999997
bdh_cq,bdh_cq/plain,f0b8b7c55f92,plain,propagate,mild,"{""dim"": 1, ""distance"": 8, ""length"": 12, ""n_sources"": 1}",1,17500,3,0.2689851863930623,1.0,0.2689851863930623,0.8378888931473097,0.22799999999999998
bdh_cq,bdh_cq/plain,f0b8b7c55f92,plain,propagate,mild,"{""dim"": 1, ""distance"": 8, ""length"": 12, ""n_sources"": 1}",1,20000,3,0.2226590965874493,1.0,0.2226590965874493,0.8742222230037053,0.242
bdh_cq,bdh_cq/plain,f0b8b7c55f92,plain,propagate,mild,"{""dim"": 1, ""distance"": 8, ""length"": 12, ""n_sources"": 1}",1,22500,3,0.19160384739128253,1.0,0.19160384739128253,0.8905000007549922,0.2813333333333334
bdh_cq,bdh_cq/plain,f0b8b7c55f92,plain,propagate,mild,"{""dim"": 1, ""distance"": 8, ""length"": 12, ""n_sources"": 1}",1,25000,3,0.20189100259449333,1.0,0.20189100259449333,0.8947777789831162,0.296
bdh_cq,bdh_cq/plain,f0b8b7c55f92,plain,propagate,mild,"{""dim"": 1, ""distance"": 8, ""length"": 12, ""n_sources"": 1}",1,27500,3,0.18861612367133299,1.0,0.18861612367133299,0.9014444464047751,0.29
bdh_cq,bdh_cq/plain,f0b8b7c55f92,plain,propagate,mild,"{""dim"": 1, ""distance"": 8, ""length"": 12, ""n_sources"": 1}",1,30000,3,0.17481184944820902,1.0,0.17481184944820902,0.9012777788241705,0.2966666666666667
bdh_cq,bdh_cq/plain,f0b8b7c55f92,plain,propagate,mild,"{""dim"": 1, ""distance"": 8, ""length"": 12, ""n_sources"": 1}",1,32500,3,0.1802188256600251,1.0,0.1802188256600251,0.8971666674216588,0.286
bdh_cq,bdh_cq/plain,f0b8b7c55f92,plain,propagate,mild,"{""dim"": 1, ""distance"": 8, ""length"": 12, ""n_sources"": 1}",1,35000,3,0.17675049018968517,1.0,0.17675049018968517,0.8931666678190231,0.25333333333333335
bdh_cq,bdh_cq/plain,f0b8b7c55f92,plain,propagate,mild,"{""dim"": 1, ""distance"": 8, ""length"": 12, ""n_sources"": 1}",1,37500,3,0.1719036215605835,1.0,0.1719036215605835,0.8913333340883255,0.238
bdh_cq,bdh_cq/plain,f0b8b7c55f92,plain,propagate,mild,"{""dim"": 1, ""distance"": 8, ""length"": 12, ""n_sources"": 1}",1,40000,3,0.17132682209679237,1.0,0.17132682209679237,0.8907222229639689,0.24933333333333332
bdh_cq,bdh_cq/plain,f0b8b7c55f92,plain,propagate,mild,"{""dim"": 1, ""distance"": 8, ""length"": 12, ""n_sources"": 1}",2,40000,3,0.8072347690661749,0.0,0.8072347690661749,0.8895000009139379,0.12466666666666666
bdh_cq,bdh_cq/plain,f0b8b7c55f92,plain,propagate,mild,"{""dim"": 1, ""distance"": 8, ""length"": 12, ""n_sources"": 1}",4,2500,3,0.9964251592755318,0.0,0.9788319418827692,0.7877222094337145,0.0
bdh_cq,bdh_cq/plain,f0b8b7c55f92,plain,propagate,mild,"{""dim"": 1, ""distance"": 8, ""length"": 12, ""n_sources"": 1}",4,5000,3,0.9871368904908498,0.0,0.9062509089708328,0.7988333183825015,0.0
bdh_cq,bdh_cq/plain,f0b8b7c55f92,plain,propagate,mild,"{""dim"": 1, ""distance"": 8, ""length"": 12, ""n_sources"": 1}",4,7500,3,0.9904839669664701,0.0,0.8991406708955765,0.7507777669827144,0.0
bdh_cq,bdh_cq/plain,f0b8b7c55f92,plain,propagate,mild,"{""dim"": 1, ""distance"": 8, ""length"": 12, ""n_sources"": 1}",4,10000,3,0.9853560055295626,0.0,0.8896240840355555,0.7699444355567296,0.0
bdh_cq,bdh_cq/plain,f0b8b7c55f92,plain,propagate,mild,"{""dim"": 1, ""distance"": 8, ""length"": 12, ""n_sources"": 1}",4,12500,3,0.9722029889623324,0.0,0.8871815974513689,0.7892777710358302,0.0013333333333333333
bdh_cq,bdh_cq/plain,f0b8b7c55f92,plain,propagate,mild,"{""dim"": 1, ""distance"": 8, ""length"": 12, ""n_sources"": 1}",4,15000,3,0.9580799589554468,0.0,0.9006291603048643,0.8158333236376444,0.006000000000000001
bdh_cq,bdh_cq/plain,f0b8b7c55f92,plain,propagate,mild,"{""dim"": 1, ""distance"": 8, ""length"": 12, ""n_sources"": 1}",4,17500,3,0.9244571079810461,0.0,0.851186657945315,0.8575555564959844,0.011999999999999999
bdh_cq,bdh_cq/plain,f0b8b7c55f92,plain,propagate,mild,"{""dim"": 1, ""distance"": 8, ""length"": 12, ""n_sources"": 1}",4,20000,3,0.8704466621081034,0.0,0.7865055849154791,0.8790000048875809,0.050666666666666665
bdh_cq,bdh_cq/plain,f0b8b7c55f92,plain,propagate,mild,"{""dim"": 1, ""distance"": 8, ""length"": 12, ""n_sources"": 1}",4,22500,3,0.8179815237720808,0.0,0.773661345243454,0.8818333376646041,0.056
bdh_cq,bdh_cq/plain,f0b8b7c55f92,plain,propagate,mild,"{""dim"": 1, ""distance"": 8, ""length"": 12, ""n_sources"": 1}",4,25000,3,0.8218012650807699,0.0,0.7715923314293226,0.8902777830759684,0.12533333333333332
bdh_cq,bdh_cq/plain,f0b8b7c55f92,plain,propagate,mild,"{""dim"": 1, ""distance"": 8, ""length"": 12, ""n_sources"": 1}",4,27500,3,0.7953481102983156,0.0,0.757442943751812,0.895055560429891,0.124
bdh_cq,bdh_cq/plain,f0b8b7c55f92,plain,propagate,mild,"{""dim"": 1, ""distance"": 8, ""length"": 12, ""n_sources"": 1}",4,30000,3,0.7822523191571236,0.0,0.7398274292548498,0.8937222261826197,0.142
bdh_cq,bdh_cq/plain,f0b8b7c55f92,plain,propagate,mild,"{""dim"": 1, ""distance"": 8, ""length"": 12, ""n_sources"": 1}",4,32500,3,0.7678312684098879,0.0,0.7484485084811846,0.9004444485108057,0.17066666666666666
bdh_cq,bdh_cq/plain,f0b8b7c55f92,plain,propagate,mild,"{""dim"": 1, ""distance"": 8, ""length"": 12, ""n_sources"": 1}",4,35000,3,0.784518413245678,0.0,0.7528342381119728,0.9023888952732085,0.146
bdh_cq,bdh_cq/plain,f0b8b7c55f92,plain,propagate,mild,"{""dim"": 1, ""distance"": 8, ""length"": 12, ""n_sources"": 1}",4,37500,3,0.7774810642004013,0.0,0.7456384847561518,0.9058888949950535,0.17400000000000002
bdh_cq,bdh_cq/plain,f0b8b7c55f92,plain,propagate,mild,"{""dim"": 1, ""distance"": 8, ""length"": 12, ""n_sources"": 1}",4,40000,3,0.7760325546065966,0.0,0.7445377483963966,0.9066111166874569,0.18533333333333335
bdh_cq,bdh_cq/plain,f0b8b7c55f92,plain,propagate,mild,"{""dim"": 1, ""distance"": 8, ""length"": 12, ""n_sources"": 1}",8,40000,3,0.9370920173823833,0.0,0.7592879738658667,0.5793333282272021,0.0
bdh_cq,bdh_cq/plain,f0b8b7c55f92,plain,propagate,mild,"{""dim"": 1, ""distance"": 8, ""length"": 12, ""n_sources"": 1}",16,2500,3,0.9996907288829485,0.0,0.9788319418827692,0.76711109859248,0.0
bdh_cq,bdh_cq/plain,f0b8b7c55f92,plain,propagate,mild,"{""dim"": 1, ""distance"": 8, ""length"": 12, ""n_sources"": 1}",16,5000,3,0.9838084404667219,0.0,0.9062509089708328,0.743944441696008,0.0
bdh_cq,bdh_cq/plain,f0b8b7c55f92,plain,propagate,mild,"{""dim"": 1, ""distance"": 8, ""length"": 12, ""n_sources"": 1}",16,7500,3,0.9879186749458313,0.0,0.8991406708955765,0.7487222167601187,0.0
bdh_cq,bdh_cq/plain,f0b8b7c55f92,plain,propagate,mild,"{""dim"": 1, ""distance"": 8, ""length"": 12, ""n_sources"": 1}",16,10000,3,0.9845927606026331,0.0,0.8896240840355555,0.7708888831535975,0.0
bdh_cq,bdh_cq/plain,f0b8b7c55f92,plain,propagate,mild,"{""dim"": 1, ""distance"": 8, ""length"": 12, ""n_sources"": 1}",16,12500,3,0.9850313887000084,0.0,0.8871815974513689,0.746111106445392,0.0
bdh_cq,bdh_cq/plain,f0b8b7c55f92,plain,propagate,mild,"{""dim"": 1, ""distance"": 8, ""length"": 12, ""n_sources"": 1}",16,15000,3,0.9304009154438972,0.0,0.8820568149288496,0.6687777752081553,0.0
bdh_cq,bdh_cq/plain,f0b8b7c55f92,plain,propagate,mild,"{""dim"": 1, ""distance"": 8, ""length"": 12, ""n_sources"": 1}",16,17500,3,0.8529508411884308,0.0,0.7993345732490221,0.6297222194721303,0.0
bdh_cq,bdh_cq/plain,f0b8b7c55f92,plain,propagate,mild,"{""dim"": 1, ""distance"": 8, ""length"": 12, ""n_sources"": 1}",16,20000,3,0.7545272385080656,0.0,0.7031763891379038,0.6108888853142659,0.0
bdh_cq,bdh_cq/plain,f0b8b7c55f92,plain,propagate,mild,"{""dim"": 1, ""distance"": 8, ""length"": 12, ""n_sources"": 1}",16,22500,3,0.7950040350357691,0.0,0.7523779993255933,0.6151666616996129,0.0
bdh_cq,bdh_cq/plain,f0b8b7c55f92,plain,propagate,mild,"{""dim"": 1, ""distance"": 8, ""length"": 12, ""n_sources"": 1}",16,25000,3,0.818490187327067,0.0,0.7463193200528622,0.6371666611681381,0.0
bdh_cq,bdh_cq/plain,f0b8b7c55f92,plain,propagate,mild,"{""dim"": 1, ""distance"": 8, ""length"": 12, ""n_sources"": 1}",16,27500,3,0.761303685605526,0.0,0.7254467830061913,0.6596666597326597,0.0
bdh_cq,bdh_cq/plain,f0b8b7c55f92,plain,propagate,mild,"{""dim"": 1, ""distance"": 8, ""length"": 12, ""n_sources"": 1}",16,30000,3,0.7745618596673012,0.0,0.7126354550321897,0.6652777700821558,0.0
bdh_cq,bdh_cq/plain,f0b8b7c55f92,plain,propagate,mild,"{""dim"": 1, ""distance"": 8, ""length"": 12, ""n_sources"": 1}",16,32500,3,0.7811819016933441,0.0,0.7041102349758148,0.6857222135762374,0.0
bdh_cq,bdh_cq/plain,f0b8b7c55f92,plain,propagate,mild,"{""dim"": 1, ""distance"": 8, ""length"": 12, ""n_sources"": 1}",16,35000,3,0.7533033763368925,0.0,0.7134103626012802,0.666277769729495,0.0
bdh_cq,bdh_cq/plain,f0b8b7c55f92,plain,propagate,mild,"{""dim"": 1, ""distance"": 8, ""length"": 12, ""n_sources"": 1}",16,37500,3,0.7531741385658582,0.0,0.7053403332829475,0.6682777695705493,0.0
bdh_cq,bdh_cq/plain,f0b8b7c55f92,plain,propagate,mild,"{""dim"": 1, ""distance"": 8, ""length"": 12, ""n_sources"": 1}",16,40000,3,0.7472117568055788,0.0,0.7013571287194887,0.6656666586647431,0.0
bdh_cq,bdh_cq/plain,f0b8b7c55f92,plain,propagate,mild,"{""dim"": 1, ""distance"": 8, ""length"": 12, ""n_sources"": 1}",32,40000,3,0.7219400553343197,0.0,0.6769341899392506,0.4369444431960583,0.0
bdh_cq,bdh_cq/plain,f0b8b7c55f92,plain,propagate,strong,"{""dim"": 1, ""distance"": 12, ""length"": 48, ""n_sources"": 1}",1,2500,3,0.9180387556552887,1.0,0.9180387556552887,0.7422083179155985,0.0
bdh_cq,bdh_cq/plain,f0b8b7c55f92,plain,propagate,strong,"{""dim"": 1, ""distance"": 12, ""length"": 48, ""n_sources"": 1}",1,5000,3,0.8788567955295244,1.0,0.8788567955295244,0.7284722067515054,0.0
bdh_cq,bdh_cq/plain,f0b8b7c55f92,plain,propagate,strong,"{""dim"": 1, ""distance"": 12, ""length"": 48, ""n_sources"": 1}",1,7500,3,0.8756605461239815,1.0,0.8756605461239815,0.7345694299936295,0.0
bdh_cq,bdh_cq/plain,f0b8b7c55f92,plain,propagate,strong,"{""dim"": 1, ""distance"": 12, ""length"": 48, ""n_sources"": 1}",1,10000,3,0.8712038819988569,1.0,0.8712038819988569,0.750874987880389,0.0
bdh_cq,bdh_cq/plain,f0b8b7c55f92,plain,propagate,strong,"{""dim"": 1, ""distance"": 12, ""length"": 48, ""n_sources"": 1}",1,12500,3,0.8625564128160477,1.0,0.8625564128160477,0.7350833189090094,0.0
bdh_cq,bdh_cq/plain,f0b8b7c55f92,plain,propagate,strong,"{""dim"": 1, ""distance"": 12, ""length"": 48, ""n_sources"": 1}",1,15000,3,0.8391502499580383,1.0,0.8391502499580383,0.7247222066720327,0.0
bdh_cq,bdh_cq/plain,f0b8b7c55f92,plain,propagate,strong,"{""dim"": 1, ""distance"": 12, ""length"": 48, ""n_sources"": 1}",1,17500,3,0.8326207300027212,1.0,0.8326207300027212,0.7262777626514435,0.0
bdh_cq,bdh_cq/plain,f0b8b7c55f92,plain,propagate,strong,"{""dim"": 1, ""distance"": 12, ""length"": 48, ""n_sources"": 1}",1,20000,3,0.834320604801178,1.0,0.834320604801178,0.7186110944946607,0.0
bdh_cq,bdh_cq/plain,f0b8b7c55f92,plain,propagate,strong,"{""dim"": 1, ""distance"": 12, ""length"": 48, ""n_sources"": 1}",1,22500,3,0.8227451344331106,1.0,0.8227451344331106,0.7227222069501877,0.0
bdh_cq,bdh_cq/plain,f0b8b7c55f92,plain,propagate,strong,"{""dim"": 1, ""distance"": 12, ""length"": 48, ""n_sources"": 1}",1,25000,3,0.8259941761692365,1.0,0.8259941761692365,0.7238888736565908,0.0
bdh_cq,bdh_cq/plain,f0b8b7c55f92,plain,propagate,strong,"{""dim"": 1, ""distance"": 12, ""length"": 48, ""n_sources"": 1}",1,27500,3,0.821400873363018,1.0,0.821400873363018,0.7305694299141566,0.0
bdh_cq,bdh_cq/plain,f0b8b7c55f92,plain,propagate,strong,"{""dim"": 1, ""distance"": 12, ""length"": 48, ""n_sources"": 1}",1,30000,3,0.8198914577563604,1.0,0.8198914577563604,0.7345694304307302,0.0
bdh_cq,bdh_cq/plain,f0b8b7c55f92,plain,propagate,strong,"{""dim"": 1, ""distance"": 12, ""length"": 48, ""n_sources"": 1}",1,32500,3,0.8160635630289713,1.0,0.8160635630289713,0.7307083192666372,0.0
bdh_cq,bdh_cq/plain,f0b8b7c55f92,plain,propagate,strong,"{""dim"": 1, ""distance"": 12, ""length"": 48, ""n_sources"": 1}",1,35000,3,0.8198869153857231,1.0,0.8198869153857231,0.7298472075859705,0.0
bdh_cq,bdh_cq/plain,f0b8b7c55f92,plain,propagate,strong,"{""dim"": 1, ""distance"": 12, ""length"": 48, ""n_sources"": 1}",1,37500,3,0.8200860867897669,1.0,0.8200860867897669,0.7287083186308543,0.0
bdh_cq,bdh_cq/plain,f0b8b7c55f92,plain,propagate,strong,"{""dim"": 1, ""distance"": 12, ""length"": 48, ""n_sources"": 1}",1,40000,3,0.8191003128886223,1.0,0.8191003128886223,0.7282083184719085,0.0
bdh_cq,bdh_cq/plain,f0b8b7c55f92,plain,propagate,strong,"{""dim"": 1, ""distance"": 12, ""length"": 48, ""n_sources"": 1}",2,40000,3,0.8185823584596316,0.0,0.8185823584596316,0.7266805406014125,0.0
bdh_cq,bdh_cq/plain,f0b8b7c55f92,plain,propagate,strong,"{""dim"": 1, ""distance"": 12, ""length"": 48, ""n_sources"": 1}",4,2500,3,0.9980471779902776,0.0,0.9737946366270384,0.7395694291591645,0.0
bdh_cq,bdh_cq/plain,f0b8b7c55f92,plain,propagate,strong,"{""dim"": 1, ""distance"": 12, ""length"": 48, ""n_sources"": 1}",4,5000,3,0.9968506768345833,0.0,0.9544084891676903,0.7238749837080638,0.0
bdh_cq,bdh_cq/plain,f0b8b7c55f92,plain,propagate,strong,"{""dim"": 1, ""distance"": 12, ""length"": 48, ""n_sources"": 1}",4,7500,3,0.990150049328804,0.0,0.9418187042077383,0.7296527622938157,0.0
bdh_cq,bdh_cq/plain,f0b8b7c55f92,plain,propagate,strong,"{""dim"": 1, ""distance"": 12, ""length"": 48, ""n_sources"": 1}",4,10000,3,0.9899713123838106,0.0,0.9401011988520622,0.7404305416345597,0.0
bdh_cq,bdh_cq/plain,f0b8b7c55f92,plain,propagate,strong,"{""dim"": 1, ""distance"": 12, ""length"": 48, ""n_sources"": 1}",4,12500,3,0.9888452266653379,0.0,0.9270259489615759,0.7257222063541412,0.0
bdh_cq,bdh_cq/plain,f0b8b7c55f92,plain,propagate,strong,"{""dim"": 1, ""distance"": 12, ""length"": 48, ""n_sources"": 1}",4,15000,3,0.9786331032713255,0.0,0.9186024715503057,0.7186249845425287,0.0
bdh_cq,bdh_cq/plain,f0b8b7c55f92,plain,propagate,strong,"{""dim"": 1, ""distance"": 12, ""length"": 48, ""n_sources"": 1}",4,17500,3,0.9580652589599291,0.0,0.8611777698000272,0.7213749855955441,0.0
bdh_cq,bdh_cq/plain,f0b8b7c55f92,plain,propagate,strong,"{""dim"": 1, ""distance"": 12, ""length"": 48, ""n_sources"": 1}",4,20000,3,0.9475303813815117,0.0,0.835366502404213,0.7159166507124901,0.0
bdh_cq,bdh_cq/plain,f0b8b7c55f92,plain,propagate,strong,"{""dim"": 1, ""distance"": 12, ""length"": 48, ""n_sources"": 1}",4,22500,3,0.9540473222732544,0.0,0.8405634959538778,0.7207222073276838,0.0
bdh_cq,bdh_cq/plain,f0b8b7c55f92,plain,propagate,strong,"{""dim"": 1, ""distance"": 12, ""length"": 48, ""n_sources"": 1}",4,25000,3,0.949145016570886,0.0,0.8436742275953293,0.7219027626514435,0.0
bdh_cq,bdh_cq/plain,f0b8b7c55f92,plain,propagate,strong,"{""dim"": 1, ""distance"": 12, ""length"": 48, ""n_sources"": 1}",4,27500,3,0.9349459235866865,0.0,0.8128508254885674,0.7292360972563426,0.0
bdh_cq,bdh_cq/plain,f0b8b7c55f92,plain,propagate,strong,"{""dim"": 1, ""distance"": 12, ""length"": 48, ""n_sources"": 1}",4,30000,3,0.9245485737919807,0.0,0.8101708913842837,0.7331110978722574,0.0
bdh_cq,bdh_cq/plain,f0b8b7c55f92,plain,propagate,strong,"{""dim"": 1, ""distance"": 12, ""length"": 48, ""n_sources"": 1}",4,32500,3,0.9443060557047526,0.0,0.8281288842360178,0.7294999858140945,0.0
bdh_cq,bdh_cq/plain,f0b8b7c55f92,plain,propagate,strong,"{""dim"": 1, ""distance"": 12, ""length"": 48, ""n_sources"": 1}",4,35000,3,0.934094121058782,0.0,0.8211797252297401,0.7280555410385131,0.0
bdh_cq,bdh_cq/plain,f0b8b7c55f92,plain,propagate,strong,"{""dim"": 1, ""distance"": 12, ""length"": 48, ""n_sources"": 1}",4,37500,3,0.9329445684949557,0.0,0.8186125308275223,0.7267499856551488,0.0
bdh_cq,bdh_cq/plain,f0b8b7c55f92,plain,propagate,strong,"{""dim"": 1, ""distance"": 12, ""length"": 48, ""n_sources"": 1}",4,40000,3,0.935282734533151,0.0,0.8185823584596316,0.7266110965013505,0.0
bdh_cq,bdh_cq/plain,f0b8b7c55f92,plain,propagate,strong,"{""dim"": 1, ""distance"": 12, ""length"": 48, ""n_sources"": 1}",8,40000,3,0.9459050986915827,0.0,0.8176593910902739,0.7273472084005673,0.0
bdh_cq,bdh_cq/plain,f0b8b7c55f92,plain,propagate,strong,"{""dim"": 1, ""distance"": 12, ""length"": 48, ""n_sources"": 1}",16,2500,3,0.9997703656554222,0.0,0.9737946366270384,0.7347222064336142,0.0
bdh_cq,bdh_cq/plain,f0b8b7c55f92,plain,propagate,strong,"{""dim"": 1, ""distance"": 12, ""length"": 48, ""n_sources"": 1}",16,5000,3,0.999855582912763,0.0,0.9544084891676903,0.7227916506528854,0.0
bdh_cq,bdh_cq/plain,f0b8b7c55f92,plain,propagate,strong,"{""dim"": 1, ""distance"": 12, ""length"": 48, ""n_sources"": 1}",16,7500,3,0.9995669474204382,0.0,0.9418187042077383,0.7239166541894276,0.0
bdh_cq,bdh_cq/plain,f0b8b7c55f92,plain,propagate,strong,"{""dim"": 1, ""distance"": 12, ""length"": 48, ""n_sources"": 1}",16,10000,3,0.9994119455416998,0.0,0.9401011988520622,0.7313888781865439,0.0
bdh_cq,bdh_cq/plain,f0b8b7c55f92,plain,propagate,strong,"{""dim"": 1, ""distance"": 12, ""length"": 48, ""n_sources"": 1}",16,12500,3,0.998302218814691,0.0,0.9270259489615759,0.716680544257164,0.0
bdh_cq,bdh_cq/plain,f0b8b7c55f92,plain,propagate,strong,"{""dim"": 1, ""distance"": 12, ""length"": 48, ""n_sources"": 1}",16,15000,3,0.9960502038399378,0.0,0.9186024715503057,0.7154722090363502,0.0
bdh_cq,bdh_cq/plain,f0b8b7c55f92,plain,propagate,strong,"{""dim"": 1, ""distance"": 12, ""length"": 48, ""n_sources"": 1}",16,17500,3,0.9647620990872383,0.0,0.8611777698000272,0.717291653474172,0.0
bdh_cq,bdh_cq/plain,f0b8b7c55f92,plain,propagate,strong,"{""dim"": 1, ""distance"": 12, ""length"": 48, ""n_sources"": 1}",16,20000,3,0.9657751694321632,0.0,0.835366502404213,0.715902762512366,0.0
bdh_cq,bdh_cq/plain,f0b8b7c55f92,plain,propagate,strong,"{""dim"": 1, ""distance"": 12, ""length"": 48, ""n_sources"": 1}",16,22500,3,0.9672905628879865,0.0,0.8405634959538778,0.7191805412968,0.0
bdh_cq,bdh_cq/plain,f0b8b7c55f92,plain,propagate,strong,"{""dim"": 1, ""distance"": 12, ""length"": 48, ""n_sources"": 1}",16,25000,3,0.9557902663946152,0.0,0.8436742275953293,0.7201944302717843,0.0
bdh_cq,bdh_cq/plain,f0b8b7c55f92,plain,propagate,strong,"{""dim"": 1, ""distance"": 12, ""length"": 48, ""n_sources"": 1}",16,27500,3,0.9498657137155533,0.0,0.8128508254885674,0.7306249864101412,0.0
bdh_cq,bdh_cq/plain,f0b8b7c55f92,plain,propagate,strong,"{""dim"": 1, ""distance"": 12, ""length"": 48, ""n_sources"": 1}",16,30000,3,0.9483333478371302,0.0,0.8101708913842837,0.7352222092549004,0.0
bdh_cq,bdh_cq/plain,f0b8b7c55f92,plain,propagate,strong,"{""dim"": 1, ""distance"": 12, ""length"": 48, ""n_sources"": 1}",16,32500,3,0.9510450412829717,0.0,0.8281288842360178,0.730874986588955,0.0
bdh_cq,bdh_cq/plain,f0b8b7c55f92,plain,propagate,strong,"{""dim"": 1, ""distance"": 12, ""length"": 48, ""n_sources"": 1}",16,35000,3,0.9500031272570292,0.0,0.8211797252297401,0.7301805422703426,0.0
bdh_cq,bdh_cq/plain,f0b8b7c55f92,plain,propagate,strong,"{""dim"": 1, ""distance"": 12, ""length"": 48, ""n_sources"": 1}",16,37500,3,0.9467688898245493,0.0,0.8186125308275223,0.7283472089370092,0.0
bdh_cq,bdh_cq/plain,f0b8b7c55f92,plain,propagate,strong,"{""dim"": 1, ""distance"": 12, ""length"": 48, ""n_sources"": 1}",16,40000,3,0.9458014741539955,0.0,0.8185823584596316,0.7277222087780634,0.0
bdh_cq,bdh_cq/plain,f0b8b7c55f92,plain,propagate,strong,"{""dim"": 1, ""distance"": 12, ""length"": 48, ""n_sources"": 1}",32,40000,3,0.964721692726016,0.0,0.8176593910902739,0.7353333192467689,0.0
bdh_cq,bdh_cq/plain,f0b8b7c55f92,plain,propagate,strong,"{""dim"": 1, ""distance"": 24, ""length"": 48, ""n_sources"": 1}",1,2500,3,0.9152852495511373,1.0,0.9152852495511373,0.6021250027815501,0.0
bdh_cq,bdh_cq/plain,f0b8b7c55f92,plain,propagate,strong,"{""dim"": 1, ""distance"": 24, ""length"": 48, ""n_sources"": 1}",1,5000,3,0.8779576470454534,1.0,0.8779576470454534,0.5704861126939456,0.0
bdh_cq,bdh_cq/plain,f0b8b7c55f92,plain,propagate,strong,"{""dim"": 1, ""distance"": 24, ""length"": 48, ""n_sources"": 1}",1,7500,3,0.8763368825117747,1.0,0.8763368825117747,0.5896111118197441,0.0
bdh_cq,bdh_cq/plain,f0b8b7c55f92,plain,propagate,strong,"{""dim"": 1, ""distance"": 24, ""length"": 48, ""n_sources"": 1}",1,10000,3,0.8702890574932098,1.0,0.8702890574932098,0.6342777782877286,0.0
bdh_cq,bdh_cq/plain,f0b8b7c55f92,plain,propagate,strong,"{""dim"": 1, ""distance"": 24, ""length"": 48, ""n_sources"": 1}",1,12500,3,0.8668859203656515,1.0,0.8668859203656515,0.5868194454809029,0.0
bdh_cq,bdh_cq/plain,f0b8b7c55f92,plain,propagate,strong,"{""dim"": 1, ""distance"": 24, ""length"": 48, ""n_sources"": 1}",1,15000,3,0.8463143656651179,1.0,0.8463143656651179,0.5471111119886239,0.0
bdh_cq,bdh_cq/plain,f0b8b7c55f92,plain,propagate,strong,"{""dim"": 1, ""distance"": 24, ""length"": 48, ""n_sources"": 1}",1,17500,3,0.8357564161221186,1.0,0.8357564161221186,0.5385416689217091,0.0
bdh_cq,bdh_cq/plain,f0b8b7c55f92,plain,propagate,strong,"{""dim"": 1, ""distance"": 24, ""length"": 48, ""n_sources"": 1}",1,20000,3,0.8383384644985199,1.0,0.8383384644985199,0.5018472256213427,0.0
bdh_cq,bdh_cq/plain,f0b8b7c55f92,plain,propagate,strong,"{""dim"": 1, ""distance"": 24, ""length"": 48, ""n_sources"": 1}",1,22500,3,0.826132004459699,1.0,0.826132004459699,0.5169722253580887,0.0
bdh_cq,bdh_cq/plain,f0b8b7c55f92,plain,propagate,strong,"{""dim"": 1, ""distance"": 24, ""length"": 48, ""n_sources"": 1}",1,25000,3,0.8325771490732828,1.0,0.8325771490732828,0.5245416693091393,0.0
bdh_cq,bdh_cq/plain,f0b8b7c55f92,plain,propagate,strong,"{""dim"": 1, ""distance"": 24, ""length"": 48, ""n_sources"": 1}",1,27500,3,0.8248044028878212,1.0,0.8248044028878212,0.546541668454806,0.0
bdh_cq,bdh_cq/plain,f0b8b7c55f92,plain,propagate,strong,"{""dim"": 1, ""distance"": 24, ""length"": 48, ""n_sources"": 1}",1,30000,3,0.8204771354794502,1.0,0.8204771354794502,0.5601527793506781,0.0
bdh_cq,bdh_cq/plain,f0b8b7c55f92,plain,propagate,strong,"{""dim"": 1, ""distance"": 24, ""length"": 48, ""n_sources"": 1}",1,32500,3,0.8171110823750496,1.0,0.8171110823750496,0.5446527801156044,0.0
bdh_cq,bdh_cq/plain,f0b8b7c55f92,plain,propagate,strong,"{""dim"": 1, ""distance"": 24, ""length"": 48, ""n_sources"": 1}",1,35000,3,0.819550909101963,1.0,0.819550909101963,0.5424722248117129,0.0
bdh_cq,bdh_cq/plain,f0b8b7c55f92,plain,propagate,strong,"{""dim"": 1, ""distance"": 24, ""length"": 48, ""n_sources"": 1}",1,37500,3,0.8190928399562836,1.0,0.8190928399562836,0.5396527798970542,0.0
bdh_cq,bdh_cq/plain,f0b8b7c55f92,plain,propagate,strong,"{""dim"": 1, ""distance"": 24, ""length"": 48, ""n_sources"": 1}",1,40000,3,0.8186199540893236,1.0,0.8186199540893236,0.5387500024835269,0.0
bdh_cq,bdh_cq/plain,f0b8b7c55f92,plain,propagate,strong,"{""dim"": 1, ""distance"": 24, ""length"": 48, ""n_sources"": 1}",2,40000,3,0.8507627720634142,0.0,0.8507627720634142,0.5356388909518719,0.0
bdh_cq,bdh_cq/plain,f0b8b7c55f92,plain,propagate,strong,"{""dim"": 1, ""distance"": 24, ""length"": 48, ""n_sources"": 1}",4,2500,3,0.9982060417532921,0.0,0.9749287019173304,0.5949166698853174,0.0
bdh_cq,bdh_cq/plain,f0b8b7c55f92,plain,propagate,strong,"{""dim"": 1, ""distance"": 24, ""length"": 48, ""n_sources"": 1}",4,5000,3,0.9963707079490026,0.0,0.9585093880693117,0.5586250020662944,0.0
bdh_cq,bdh_cq/plain,f0b8b7c55f92,plain,propagate,strong,"{""dim"": 1, ""distance"": 24, ""length"": 48, ""n_sources"": 1}",4,7500,3,0.9884535670280457,0.0,0.9405666217207909,0.5735000014702479,0.0
bdh_cq,bdh_cq/plain,f0b8b7c55f92,plain,propagate,strong,"{""dim"": 1, ""distance"": 24, ""length"": 48, ""n_sources"": 1}",4,10000,3,0.990042008459568,0.0,0.9335330302516619,0.6086250000596046,0.0
bdh_cq,bdh_cq/plain,f0b8b7c55f92,plain,propagate,strong,"{""dim"": 1, ""distance"": 24, ""length"": 48, ""n_sources"": 1}",4,12500,3,0.9872901688019434,0.0,0.9257681369781494,0.5641805565655232,0.0
bdh_cq,bdh_cq/plain,f0b8b7c55f92,plain,propagate,strong,"{""dim"": 1, ""distance"": 24, ""length"": 48, ""n_sources"": 1}",4,15000,3,0.9820434525609016,0.0,0.9137322927514712,0.5373750005463759,0.0
bdh_cq,bdh_cq/plain,f0b8b7c55f92,plain,propagate,strong,"{""dim"": 1, ""distance"": 24, ""length"": 48, ""n_sources"": 1}",4,17500,3,0.9491988445321718,0.0,0.8384965260823568,0.5376944467276336,0.0
bdh_cq,bdh_cq/plain,f0b8b7c55f92,plain,propagate,strong,"{""dim"": 1, ""distance"": 24, ""length"": 48, ""n_sources"": 1}",4,20000,3,0.9652403220534325,0.0,0.8390215461452802,0.5050833363433679,0.0
bdh_cq,bdh_cq/plain,f0b8b7c55f92,plain,propagate,strong,"{""dim"": 1, ""distance"": 24, ""length"": 48, ""n_sources"": 1}",4,22500,3,0.9624298612276713,0.0,0.851078450679779,0.5198888911853233,0.0
bdh_cq,bdh_cq/plain,f0b8b7c55f92,plain,propagate,strong,"{""dim"": 1, ""distance"": 24, ""length"": 48, ""n_sources"": 1}",4,25000,3,0.9628262569506963,0.0,0.8571003799637159,0.5258055579637487,0.0
bdh_cq,bdh_cq/plain,f0b8b7c55f92,plain,propagate,strong,"{""dim"": 1, ""distance"": 24, ""length"": 48, ""n_sources"": 1}",4,27500,3,0.9501249144474665,0.0,0.8445033406217893,0.5484166686634223,0.0
bdh_cq,bdh_cq/plain,f0b8b7c55f92,plain,propagate,strong,"{""dim"": 1, ""distance"": 24, ""length"": 48, ""n_sources"": 1}",4,30000,3,0.9454168379306793,0.0,0.8514150852958361,0.5621111130764086,0.0
bdh_cq,bdh_cq/plain,f0b8b7c55f92,plain,propagate,strong,"{""dim"": 1, ""distance"": 24, ""length"": 48, ""n_sources"": 1}",4,32500,3,0.9517353549599648,0.0,0.8595891868074735,0.547375001847744,0.0
bdh_cq,bdh_cq/plain,f0b8b7c55f92,plain,propagate,strong,"{""dim"": 1, ""distance"": 24, ""length"": 48, ""n_sources"": 1}",4,35000,3,0.9387189944585165,0.0,0.8499738772710165,0.5433611131558815,0.0
bdh_cq,bdh_cq/plain,f0b8b7c55f92,plain,propagate,strong,"{""dim"": 1, ""distance"": 24, ""length"": 48, ""n_sources"": 1}",4,37500,3,0.9366727396845818,0.0,0.8503011738260587,0.5402916685591141,0.0
bdh_cq,bdh_cq/plain,f0b8b7c55f92,plain,propagate,strong,"{""dim"": 1, ""distance"": 24, ""length"": 48, ""n_sources"": 1}",4,40000,3,0.9387386788924535,0.0,0.8507627720634142,0.5399305576235056,0.0
bdh_cq,bdh_cq/plain,f0b8b7c55f92,plain,propagate,strong,"{""dim"": 1, ""distance"": 24, ""length"": 48, ""n_sources"": 1}",8,40000,3,0.9525759089738131,0.0,0.8183227572590113,0.5478333351612091,0.0
bdh_cq,bdh_cq/plain,f0b8b7c55f92,plain,propagate,strong,"{""dim"": 1, ""distance"": 24, ""length"": 48, ""n_sources"": 1}",16,2500,3,0.9999573503931364,0.0,0.9749287019173304,0.5774305596152942,0.0
bdh_cq,bdh_cq/plain,f0b8b7c55f92,plain,propagate,strong,"{""dim"": 1, ""distance"": 24, ""length"": 48, ""n_sources"": 1}",16,5000,3,0.9997479120890299,0.0,0.9585093880693117,0.5617916696667672,0.0
bdh_cq,bdh_cq/plain,f0b8b7c55f92,plain,propagate,strong,"{""dim"": 1, ""distance"": 24, ""length"": 48, ""n_sources"": 1}",16,7500,3,0.999308854341507,0.0,0.9405666217207909,0.5806527798970541,0.0
bdh_cq,bdh_cq/plain,f0b8b7c55f92,plain,propagate,strong,"{""dim"": 1, ""distance"": 24, ""length"": 48, ""n_sources"": 1}",16,10000,3,0.999000591536363,0.0,0.9335330302516619,0.5879861129522324,0.0
bdh_cq,bdh_cq/plain,f0b8b7c55f92,plain,propagate,strong,"{""dim"": 1, ""distance"": 24, ""length"": 48, ""n_sources"": 1}",16,12500,3,0.9977759073177973,0.0,0.9257681369781494,0.5389861128032208,0.0
bdh_cq,bdh_cq/plain,f0b8b7c55f92,plain,propagate,strong,"{""dim"": 1, ""distance"": 24, ""length"": 48, ""n_sources"": 1}",16,15000,3,0.9976935883363088,0.0,0.9137322927514712,0.5378611131310463,0.0
bdh_cq,bdh_cq/plain,f0b8b7c55f92,plain,propagate,strong,"{""dim"": 1, ""distance"": 24, ""length"": 48, ""n_sources"": 1}",16,17500,3,0.9690206696589788,0.0,0.8384965260823568,0.5409722253382205,0.0
bdh_cq,bdh_cq/plain,f0b8b7c55f92,plain,propagate,strong,"{""dim"": 1, ""distance"": 24, ""length"": 48, ""n_sources"": 1}",16,20000,3,0.9679165383179983,0.0,0.8390215461452802,0.516472225566705,0.0
bdh_cq,bdh_cq/plain,f0b8b7c55f92,plain,propagate,strong,"{""dim"": 1, ""distance"": 24, ""length"": 48, ""n_sources"": 1}",16,22500,3,0.9690219561258951,0.0,0.851078450679779,0.5247222247670095,0.0
bdh_cq,bdh_cq/plain,f0b8b7c55f92,plain,propagate,strong,"{""dim"": 1, ""distance"": 24, ""length"": 48, ""n_sources"": 1}",16,25000,3,0.9666379764676094,0.0,0.8571003799637159,0.5289444474925596,0.0
bdh_cq,bdh_cq/plain,f0b8b7c55f92,plain,propagate,strong,"{""dim"": 1, ""distance"": 24, ""length"": 48, ""n_sources"": 1}",16,27500,3,0.9632292116681734,0.0,0.8445033406217893,0.5598611136128505,0.0
bdh_cq,bdh_cq/plain,f0b8b7c55f92,plain,propagate,strong,"{""dim"": 1, ""distance"": 24, ""length"": 48, ""n_sources"": 1}",16,30000,3,0.9498243431250254,0.0,0.8514150852958361,0.579944446320335,0.0
bdh_cq,bdh_cq/plain,f0b8b7c55f92,plain,propagate,strong,"{""dim"": 1, ""distance"": 24, ""length"": 48, ""n_sources"": 1}",16,32500,3,0.9562420894702276,0.0,0.8595891868074735,0.5654583357671896,0.0
bdh_cq,bdh_cq/plain,f0b8b7c55f92,plain,propagate,strong,"{""dim"": 1, ""distance"": 24, ""length"": 48, ""n_sources"": 1}",16,35000,3,0.9566717445850372,0.0,0.8499738772710165,0.5596388908475638,0.0
bdh_cq,bdh_cq/plain,f0b8b7c55f92,plain,propagate,strong,"{""dim"": 1, ""distance"": 24, ""length"": 48, ""n_sources"": 1}",16,37500,3,0.9551779503623644,0.0,0.8503011738260587,0.5535694465984902,0.0
bdh_cq,bdh_cq/plain,f0b8b7c55f92,plain,propagate,strong,"{""dim"": 1, ""distance"": 24, ""length"": 48, ""n_sources"": 1}",16,40000,3,0.9574092874924341,0.0,0.8507627720634142,0.5537777800609668,0.0
bdh_cq,bdh_cq/plain,f0b8b7c55f92,plain,propagate,strong,"{""dim"": 1, ""distance"": 24, ""length"": 48, ""n_sources"": 1}",32,40000,3,0.9684836138039827,0.0,0.8183227572590113,0.5587222242752711,0.0
looped_transformer,looped_transformer/plain,2d1c70257fcb,plain,propagate,interp,"{""dim"": 1, ""distance"": 1, ""length"": 12, ""n_sources"": 1}",1,2500,3,0.44198500365018845,1.0,0.44198500365018845,0.9948436470921643,0.9411177644710579
looped_transformer,looped_transformer/plain,2d1c70257fcb,plain,propagate,interp,"{""dim"": 1, ""distance"": 1, ""length"": 12, ""n_sources"": 1}",1,5000,3,0.43617577850818634,1.0,0.43617577850818634,0.9978376584138698,0.9760479041916167
looped_transformer,looped_transformer/plain,2d1c70257fcb,plain,propagate,interp,"{""dim"": 1, ""distance"": 1, ""length"": 12, ""n_sources"": 1}",1,7500,3,0.40687760586539906,1.0,0.40687760586539906,0.9985861613483963,0.9830339321357284
looped_transformer,looped_transformer/plain,2d1c70257fcb,plain,propagate,interp,"{""dim"": 1, ""distance"": 1, ""length"": 12, ""n_sources"": 1}",1,10000,3,0.42349210008978844,1.0,0.42349210008978844,0.998918829206935,0.9880239520958084
looped_transformer,looped_transformer/plain,2d1c70257fcb,plain,propagate,interp,"{""dim"": 1, ""distance"": 1, ""length"": 12, ""n_sources"": 1}",1,12500,3,0.434885960072279,1.0,0.434885960072279,0.999168330204939,0.9900199600798403
looped_transformer,looped_transformer/plain,2d1c70257fcb,plain,propagate,interp,"{""dim"": 1, ""distance"": 1, ""length"": 12, ""n_sources"": 1}",1,15000,3,0.428865984082222,1.0,0.428865984082222,0.9989188292664206,0.9870259481037924
looped_transformer,looped_transformer/plain,2d1c70257fcb,plain,propagate,interp,"{""dim"": 1, ""distance"": 1, ""length"": 12, ""n_sources"": 1}",1,17500,3,0.42016765971978504,1.0,0.42016765971978504,0.9995841651024695,0.9950099800399202
looped_transformer,looped_transformer/plain,2d1c70257fcb,plain,propagate,interp,"{""dim"": 1, ""distance"": 1, ""length"": 12, ""n_sources"": 1}",1,20000,3,0.438340675085783,1.0,0.438340675085783,0.9999168330204938,0.999001996007984
looped_transformer,looped_transformer/plain,2d1c70257fcb,plain,propagate,interp,"{""dim"": 1, ""distance"": 1, ""length"": 12, ""n_sources"": 1}",1,22500,3,0.4490221266945203,1.0,0.4490221266945203,1.0,1.0
looped_transformer,looped_transformer/plain,2d1c70257fcb,plain,propagate,interp,"{""dim"": 1, ""distance"": 1, ""length"": 12, ""n_sources"": 1}",1,25000,3,0.45182893176873523,1.0,0.45182893176873523,0.9998336660409878,0.9980039920159681
looped_transformer,looped_transformer/plain,2d1c70257fcb,plain,propagate,interp,"{""dim"": 1, ""distance"": 1, ""length"": 12, ""n_sources"": 1}",1,27500,3,0.4611654045681159,1.0,0.4611654045681159,0.9998336660409878,0.9980039920159681
looped_transformer,looped_transformer/plain,2d1c70257fcb,plain,propagate,interp,"{""dim"": 1, ""distance"": 1, ""length"": 12, ""n_sources"": 1}",1,30000,3,0.4603636947770913,1.0,0.4603636947770913,0.9999168330204938,0.999001996007984
looped_transformer,looped_transformer/plain,2d1c70257fcb,plain,propagate,interp,"{""dim"": 1, ""distance"": 1, ""length"": 12, ""n_sources"": 1}",1,32500,3,0.47080059225360554,1.0,0.47080059225360554,1.0,1.0
looped_transformer,looped_transformer/plain,2d1c70257fcb,plain,propagate,interp,"{""dim"": 1, ""distance"": 1, ""length"": 12, ""n_sources"": 1}",1,35000,3,0.47273944566647214,1.0,0.47273944566647214,1.0,1.0
looped_transformer,looped_transformer/plain,2d1c70257fcb,plain,propagate,interp,"{""dim"": 1, ""distance"": 1, ""length"": 12, ""n_sources"": 1}",1,37500,3,0.4745711050927639,1.0,0.4745711050927639,1.0,1.0
looped_transformer,looped_transformer/plain,2d1c70257fcb,plain,propagate,interp,"{""dim"": 1, ""distance"": 1, ""length"": 12, ""n_sources"": 1}",1,40000,3,0.474178700397412,1.0,0.474178700397412,1.0,1.0
looped_transformer,looped_transformer/plain,2d1c70257fcb,plain,propagate,interp,"{""dim"": 1, ""distance"": 1, ""length"": 12, ""n_sources"": 1}",2,40000,3,0.9317120388150215,0.0,0.9317120388150215,1.0,1.0
looped_transformer,looped_transformer/plain,2d1c70257fcb,plain,propagate,interp,"{""dim"": 1, ""distance"": 1, ""length"": 12, ""n_sources"": 1}",4,2500,3,0.9930885434150696,0.0,0.945253906150659,0.9880239539993498,0.873253493013972
looped_transformer,looped_transformer/plain,2d1c70257fcb,plain,propagate,interp,"{""dim"": 1, ""distance"": 1, ""length"": 12, ""n_sources"": 1}",4,5000,3,0.9924036090572675,0.0,0.9302968134482702,0.998003992372882,0.9780439121756488
looped_transformer,looped_transformer/plain,2d1c70257fcb,plain,propagate,interp,"{""dim"": 1, ""distance"": 1, ""length"": 12, ""n_sources"": 1}",4,7500,3,0.9906818568706512,0.0,0.9244286045432091,0.9975049904958455,0.9720558882235529
looped_transformer,looped_transformer/plain,2d1c70257fcb,plain,propagate,interp,"{""dim"": 1, ""distance"": 1, ""length"": 12, ""n_sources"": 1}",4,10000,3,0.9885893911123276,0.0,0.9089819168051084,0.9990851631659471,0.9900199600798404
looped_transformer,looped_transformer/plain,2d1c70257fcb,plain,propagate,interp,"{""dim"": 1, ""distance"": 1, ""length"": 12, ""n_sources"": 1}",4,12500,3,0.9893865485986074,0.0,0.915403462946415,0.9995009981229633,0.9940119760479043
looped_transformer,looped_transformer/plain,2d1c70257fcb,plain,propagate,interp,"{""dim"": 1, ""distance"": 1, ""length"": 12, ""n_sources"": 1}",4,15000,3,0.9908184905846914,0.0,0.9197482094168663,0.9992514971249594,0.9920159680638724
looped_transformer,looped_transformer/plain,2d1c70257fcb,plain,propagate,interp,"{""dim"": 1, ""distance"": 1, ""length"": 12, ""n_sources"": 1}",4,17500,3,0.9916623830795288,0.0,0.928978922466437,1.0,1.0
looped_transformer,looped_transformer/plain,2d1c70257fcb,plain,propagate,interp,"{""dim"": 1, ""distance"": 1, ""length"": 12, ""n_sources"": 1}",4,20000,3,0.9912506441275278,0.0,0.9221606974800428,0.9999168330204938,0.999001996007984
looped_transformer,looped_transformer/plain,2d1c70257fcb,plain,propagate,interp,"{""dim"": 1, ""distance"": 1, ""length"": 12, ""n_sources"": 1}",4,22500,3,0.9917145247260729,0.0,0.9301858345667521,1.0,1.0
looped_transformer,looped_transformer/plain,2d1c70257fcb,plain,propagate,interp,"{""dim"": 1, ""distance"": 1, ""length"": 12, ""n_sources"": 1}",4,25000,3,0.9911824762821198,0.0,0.9323090563217798,0.9998336660409878,0.9980039920159681
looped_transformer,looped_transformer/plain,2d1c70257fcb,plain,propagate,interp,"{""dim"": 1, ""distance"": 1, ""length"": 12, ""n_sources"": 1}",4,27500,3,0.9914958576361338,0.0,0.9302808617552122,1.0,1.0
looped_transformer,looped_transformer/plain,2d1c70257fcb,plain,propagate,interp,"{""dim"": 1, ""distance"": 1, ""length"": 12, ""n_sources"": 1}",4,30000,3,0.9905763591329256,0.0,0.927122083803018,1.0,1.0
looped_transformer,looped_transformer/plain,2d1c70257fcb,plain,propagate,interp,"{""dim"": 1, ""distance"": 1, ""length"": 12, ""n_sources"": 1}",4,32500,3,0.9910770605007807,0.0,0.9325049643715223,1.0,1.0
looped_transformer,looped_transformer/plain,2d1c70257fcb,plain,propagate,interp,"{""dim"": 1, ""distance"": 1, ""length"": 12, ""n_sources"": 1}",4,35000,3,0.9905694996317228,0.0,0.9317050079504648,1.0,1.0
looped_transformer,looped_transformer/plain,2d1c70257fcb,plain,propagate,interp,"{""dim"": 1, ""distance"": 1, ""length"": 12, ""n_sources"": 1}",4,37500,3,0.9906941031416258,0.0,0.9324000105261803,1.0,1.0
looped_transformer,looped_transformer/plain,2d1c70257fcb,plain,propagate,interp,"{""dim"": 1, ""distance"": 1, ""length"": 12, ""n_sources"": 1}",4,40000,3,0.9906186982989311,0.0,0.9317120388150215,1.0,1.0
looped_transformer,looped_transformer/plain,2d1c70257fcb,plain,propagate,interp,"{""dim"": 1, ""distance"": 1, ""length"": 12, ""n_sources"": 1}",8,40000,3,0.9987887926399708,0.0,0.9309456354628006,0.99817032639138,0.9790419161676646
looped_transformer,looped_transformer/plain,2d1c70257fcb,plain,propagate,interp,"{""dim"": 1, ""distance"": 1, ""length"": 12, ""n_sources"": 1}",16,2500,3,0.999800018966198,0.0,0.945253906150659,0.9228210285633148,0.35429141716566875
looped_transformer,looped_transformer/plain,2d1c70257fcb,plain,propagate,interp,"{""dim"": 1, ""distance"": 1, ""length"": 12, ""n_sources"": 1}",16,5000,3,0.9997819984952608,0.0,0.9302968134482702,0.9486027978018611,0.5508982035928144
looped_transformer,looped_transformer/plain,2d1c70257fcb,plain,propagate,interp,"{""dim"": 1, ""distance"": 1, ""length"": 12, ""n_sources"": 1}",16,7500,3,0.9997061764200529,0.0,0.9244286045432091,0.9584165045363222,0.6077844311377245
looped_transformer,looped_transformer/plain,2d1c70257fcb,plain,propagate,interp,"{""dim"": 1, ""distance"": 1, ""length"": 12, ""n_sources"": 1}",16,10000,3,0.9997225776314735,0.0,0.9089819168051084,0.9502661393550103,0.5429141716566867
looped_transformer,looped_transformer/plain,2d1c70257fcb,plain,propagate,interp,"{""dim"": 1, ""distance"": 1, ""length"": 12, ""n_sources"": 1}",16,12500,3,0.9997597560286522,0.0,0.915403462946415,0.959081840015457,0.6317365269461077
looped_transformer,looped_transformer/plain,2d1c70257fcb,plain,propagate,interp,"{""dim"": 1, ""distance"": 1, ""length"": 12, ""n_sources"": 1}",16,15000,3,0.9997693275411924,0.0,0.9197482094168663,0.9478542979605898,0.4810379241516966
looped_transformer,looped_transformer/plain,2d1c70257fcb,plain,propagate,interp,"{""dim"": 1, ""distance"": 1, ""length"": 12, ""n_sources"": 1}",16,17500,3,0.9997441569964091,0.0,0.928978922466437,0.9821190975026456,0.8193612774451098
looped_transformer,looped_transformer/plain,2d1c70257fcb,plain,propagate,interp,"{""dim"": 1, ""distance"": 1, ""length"": 12, ""n_sources"": 1}",16,20000,3,0.9997965842485428,0.0,0.9221606974800428,0.9792082531604462,0.7864271457085829
looped_transformer,looped_transformer/plain,2d1c70257fcb,plain,propagate,interp,"{""dim"": 1, ""distance"": 1, ""length"": 12, ""n_sources"": 1}",16,22500,3,0.9998108471433321,0.0,0.9301858345667521,0.9802894240724825,0.7944111776447106
looped_transformer,looped_transformer/plain,2d1c70257fcb,plain,propagate,interp,"{""dim"": 1, ""distance"": 1, ""length"": 12, ""n_sources"": 1}",16,25000,3,0.9997976943850517,0.0,0.9323090563217798,0.9709747198099148,0.7295409181636726
looped_transformer,looped_transformer/plain,2d1c70257fcb,plain,propagate,interp,"{""dim"": 1, ""distance"": 1, ""length"": 12, ""n_sources"": 1}",16,27500,3,0.9998000139991442,0.0,0.9302808617552122,0.9814537610122543,0.8233532934131736
looped_transformer,looped_transformer/plain,2d1c70257fcb,plain,propagate,interp,"{""dim"": 1, ""distance"": 1, ""length"": 12, ""n_sources"": 1}",16,30000,3,0.9998024428884188,0.0,0.927122083803018,0.9728875604575266,0.7574850299401197
looped_transformer,looped_transformer/plain,2d1c70257fcb,plain,propagate,interp,"{""dim"": 1, ""distance"": 1, ""length"": 12, ""n_sources"": 1}",16,32500,3,0.9998128314812978,0.0,0.9325049643715223,0.9792914187717819,0.8173652694610779
looped_transformer,looped_transformer/plain,2d1c70257fcb,plain,propagate,interp,"{""dim"": 1, ""distance"": 1, ""length"": 12, ""n_sources"": 1}",16,35000,3,0.99981439858675,0.0,0.9317050079504648,0.9797904205298472,0.8273453093812376
looped_transformer,looped_transformer/plain,2d1c70257fcb,plain,propagate,interp,"{""dim"": 1, ""distance"": 1, ""length"": 12, ""n_sources"": 1}",16,37500,3,0.9998100275794665,0.0,0.9324000105261803,0.9787924165378312,0.8203592814371258
looped_transformer,looped_transformer/plain,2d1c70257fcb,plain,propagate,interp,"{""dim"": 1, ""distance"": 1, ""length"": 12, ""n_sources"": 1}",16,40000,3,0.9998088851571083,0.0,0.9317120388150215,0.9790419173573781,0.8233532934131736
looped_transformer,looped_transformer/plain,2d1c70257fcb,plain,propagate,interp,"{""dim"": 1, ""distance"": 1, ""length"": 12, ""n_sources"": 1}",32,40000,3,0.9999658248076836,0.0,0.9309456354628006,0.9366267495407555,0.5249500998003992
looped_transformer,looped_transformer/plain,2d1c70257fcb,plain,propagate,interp,"{""dim"": 1, ""distance"": 2, ""length"": 12, ""n_sources"": 1}",1,2500,3,0.4535871247450511,1.0,0.4535871247450511,0.9940774114998252,0.944944944944945
looped_transformer,looped_transformer/plain,2d1c70257fcb,plain,propagate,interp,"{""dim"": 1, ""distance"": 2, ""length"": 12, ""n_sources"": 1}",1,5000,3,0.44035644208391506,1.0,0.44035644208391506,0.9974974977361547,0.976976976976977
looped_transformer,looped_transformer/plain,2d1c70257fcb,plain,propagate,interp,"{""dim"": 1, ""distance"": 2, ""length"": 12, ""n_sources"": 1}",1,7500,3,0.4233565963804722,1.0,0.4233565963804722,0.9985819153480224,0.98998998998999
looped_transformer,looped_transformer/plain,2d1c70257fcb,plain,propagate,interp,"{""dim"": 1, ""distance"": 2, ""length"": 12, ""n_sources"": 1}",1,10000,3,0.4345577110846837,1.0,0.4345577110846837,0.9988321657772655,0.985985985985986
looped_transformer,looped_transformer/plain,2d1c70257fcb,plain,propagate,interp,"{""dim"": 1, ""distance"": 2, ""length"": 12, ""n_sources"": 1}",1,12500,3,0.4468524244924386,1.0,0.4468524244924386,0.9991658325787182,0.9929929929929929
looped_transformer,looped_transformer/plain,2d1c70257fcb,plain,propagate,interp,"{""dim"": 1, ""distance"": 2, ""length"": 12, ""n_sources"": 1}",1,15000,3,0.4388184919953346,1.0,0.4388184919953346,0.9993326661584375,0.9919919919919921
looped_transformer,looped_transformer/plain,2d1c70257fcb,plain,propagate,interp,"{""dim"": 1, ""distance"": 2, ""length"": 12, ""n_sources"": 1}",1,17500,3,0.4285297704239686,1.0,0.4285297704239686,0.9994994996188282,0.993993993993994
looped_transformer,looped_transformer/plain,2d1c70257fcb,plain,propagate,interp,"{""dim"": 1, ""distance"": 2, ""length"": 12, ""n_sources"": 1}",1,20000,3,0.44516220564643544,1.0,0.44516220564643544,0.9997497497497498,0.9979979979979979
looped_transformer,looped_transformer/plain,2d1c70257fcb,plain,propagate,interp,"{""dim"": 1, ""distance"": 2, ""length"": 12, ""n_sources"": 1}",1,22500,3,0.44891953592499095,1.0,0.44891953592499095,0.9998331664799451,0.998998998998999
looped_transformer,looped_transformer/plain,2d1c70257fcb,plain,propagate,interp,"{""dim"": 1, ""distance"": 2, ""length"": 12, ""n_sources"": 1}",1,25000,3,0.4561682902276516,1.0,0.4561682902276516,0.9999165832698047,0.998998998998999
looped_transformer,looped_transformer/plain,2d1c70257fcb,plain,propagate,interp,"{""dim"": 1, ""distance"": 2, ""length"": 12, ""n_sources"": 1}",1,27500,3,0.4686219034095605,1.0,0.4686219034095605,1.0,1.0
looped_transformer,looped_transformer/plain,2d1c70257fcb,plain,propagate,interp,"{""dim"": 1, ""distance"": 2, ""length"": 12, ""n_sources"": 1}",1,30000,3,0.46847932289044064,1.0,0.46847932289044064,1.0,1.0
looped_transformer,looped_transformer/plain,2d1c70257fcb,plain,propagate,interp,"{""dim"": 1, ""distance"": 2, ""length"": 12, ""n_sources"": 1}",1,32500,3,0.47945142909884453,1.0,0.47945142909884453,1.0,1.0
looped_transformer,looped_transformer/plain,2d1c70257fcb,plain,propagate,interp,"{""dim"": 1, ""distance"": 2, ""length"": 12, ""n_sources"": 1}",1,35000,3,0.47857412695884705,1.0,0.47857412695884705,1.0,1.0
looped_transformer,looped_transformer/plain,2d1c70257fcb,plain,propagate,interp,"{""dim"": 1, ""distance"": 2, ""length"": 12, ""n_sources"": 1}",1,37500,3,0.4805982286731402,1.0,0.4805982286731402,1.0,1.0
looped_transformer,looped_transformer/plain,2d1c70257fcb,plain,propagate,interp,"{""dim"": 1, ""distance"": 2, ""length"": 12, ""n_sources"": 1}",1,40000,3,0.4801964412132899,1.0,0.4801964412132899,1.0,1.0
looped_transformer,looped_transformer/plain,2d1c70257fcb,plain,propagate,interp,"{""dim"": 1, ""distance"": 2, ""length"": 12, ""n_sources"": 1}",2,40000,3,0.9315174197157224,0.0,0.9315174197157224,1.0,1.0
looped_transformer,looped_transformer/plain,2d1c70257fcb,plain,propagate,interp,"{""dim"": 1, ""distance"": 2, ""length"": 12, ""n_sources"": 1}",4,2500,3,0.9926401823759079,0.0,0.9481258591016134,0.9856523201391623,0.8828828828828829
looped_transformer,looped_transformer/plain,2d1c70257fcb,plain,propagate,interp,"{""dim"": 1, ""distance"": 2, ""length"": 12, ""n_sources"": 1}",4,5000,3,0.9927712405721346,0.0,0.9321844254930814,0.9964130800646228,0.968968968968969
looped_transformer,looped_transformer/plain,2d1c70257fcb,plain,propagate,interp,"{""dim"": 1, ""distance"": 2, ""length"": 12, ""n_sources"": 1}",4,7500,3,0.9910756746927897,0.0,0.9276349196831385,0.9966633304938659,0.96996996996997
looped_transformer,looped_transformer/plain,2d1c70257fcb,plain,propagate,interp,"{""dim"": 1, ""distance"": 2, ""length"": 12, ""n_sources"": 1}",4,10000,3,0.9900728861490885,0.0,0.9104528576135635,0.9993326660987732,0.9929929929929929
looped_transformer,looped_transformer/plain,2d1c70257fcb,plain,propagate,interp,"{""dim"": 1, ""distance"": 2, ""length"": 12, ""n_sources"": 1}",4,12500,3,0.991151308019956,0.0,0.9204539234439532,0.9992492493685777,0.9929929929929932
looped_transformer,looped_transformer/plain,2d1c70257fcb,plain,propagate,interp,"{""dim"": 1, ""distance"": 2, ""length"": 12, ""n_sources"": 1}",4,15000,3,0.9915353904167811,0.0,0.9226976757248243,0.9994994996188282,0.993993993993994
looped_transformer,looped_transformer/plain,2d1c70257fcb,plain,propagate,interp,"{""dim"": 1, ""distance"": 2, ""length"": 12, ""n_sources"": 1}",4,17500,3,0.9919869030515353,0.0,0.9305945113301277,0.9996663330792188,0.995995995995996
looped_transformer,looped_transformer/plain,2d1c70257fcb,plain,propagate,interp,"{""dim"": 1, ""distance"": 2, ""length"": 12, ""n_sources"": 1}",4,20000,3,0.9916248594721159,0.0,0.9259029552340508,0.9996663330195545,0.9969969969969971
looped_transformer,looped_transformer/plain,2d1c70257fcb,plain,propagate,interp,"{""dim"": 1, ""distance"": 2, ""length"": 12, ""n_sources"": 1}",4,22500,3,0.9918630495667458,0.0,0.930271657804648,1.0,1.0
looped_transformer,looped_transformer/plain,2d1c70257fcb,plain,propagate,interp,"{""dim"": 1, ""distance"": 2, ""length"": 12, ""n_sources"": 1}",4,25000,3,0.9911944841345152,0.0,0.9303450460235277,0.9999165832698047,0.998998998998999
looped_transformer,looped_transformer/plain,2d1c70257fcb,plain,propagate,interp,"{""dim"": 1, ""distance"": 2, ""length"": 12, ""n_sources"": 1}",4,27500,3,0.9918901746471723,0.0,0.9302960137526194,1.0,1.0
looped_transformer,looped_transformer/plain,2d1c70257fcb,plain,propagate,interp,"{""dim"": 1, ""distance"": 2, ""length"": 12, ""n_sources"": 1}",4,30000,3,0.9912461563944817,0.0,0.9255585670471191,1.0,1.0
looped_transformer,looped_transformer/plain,2d1c70257fcb,plain,propagate,interp,"{""dim"": 1, ""distance"": 2, ""length"": 12, ""n_sources"": 1}",4,32500,3,0.9916323572397232,0.0,0.9321779608726501,1.0,1.0
looped_transformer,looped_transformer/plain,2d1c70257fcb,plain,propagate,interp,"{""dim"": 1, ""distance"": 2, ""length"": 12, ""n_sources"": 1}",4,35000,3,0.9910452763239542,0.0,0.9313331469893456,1.0,1.0
looped_transformer,looped_transformer/plain,2d1c70257fcb,plain,propagate,interp,"{""dim"": 1, ""distance"": 2, ""length"": 12, ""n_sources"": 1}",4,37500,3,0.9912848398089409,0.0,0.9321999723712603,1.0,1.0
looped_transformer,looped_transformer/plain,2d1c70257fcb,plain,propagate,interp,"{""dim"": 1, ""distance"": 2, ""length"": 12, ""n_sources"": 1}",4,40000,3,0.9912253717581431,0.0,0.9315174197157224,1.0,1.0
looped_transformer,looped_transformer/plain,2d1c70257fcb,plain,propagate,interp,"{""dim"": 1, ""distance"": 2, ""length"": 12, ""n_sources"": 1}",8,40000,3,0.9987636860460043,0.0,0.9283987277497848,0.9979979984156482,0.9769769769769768
looped_transformer,looped_transformer/plain,2d1c70257fcb,plain,propagate,interp,"{""dim"": 1, ""distance"": 2, ""length"": 12, ""n_sources"": 1}",16,2500,3,0.9998039479056994,0.0,0.9481258591016134,0.90957624633033,0.35135135135135137
looped_transformer,looped_transformer/plain,2d1c70257fcb,plain,propagate,interp,"{""dim"": 1, ""distance"": 2, ""length"": 12, ""n_sources"": 1}",16,5000,3,0.9997872735063235,0.0,0.9321844254930814,0.9375208585231273,0.5235235235235235
looped_transformer,looped_transformer/plain,2d1c70257fcb,plain,propagate,interp,"{""dim"": 1, ""distance"": 2, ""length"": 12, ""n_sources"": 1}",16,7500,3,0.9997190982103348,0.0,0.9276349196831385,0.9580413799386124,0.5885885885885886
looped_transformer,looped_transformer/plain,2d1c70257fcb,plain,propagate,interp,"{""dim"": 1, ""distance"": 2, ""length"": 12, ""n_sources"": 1}",16,10000,3,0.9997211297353109,0.0,0.9104528576135635,0.9540373763522586,0.5495495495495496
looped_transformer,looped_transformer/plain,2d1c70257fcb,plain,propagate,interp,"{""dim"": 1, ""distance"": 2, ""length"": 12, ""n_sources"": 1}",16,12500,3,0.9997715428471565,0.0,0.9204539234439532,0.9597097134685612,0.6396396396396397
looped_transformer,looped_transformer/plain,2d1c70257fcb,plain,propagate,interp,"{""dim"": 1, ""distance"": 2, ""length"": 12, ""n_sources"": 1}",16,15000,3,0.9997590333223343,0.0,0.9226976757248243,0.9545378776283951,0.5355355355355355
looped_transformer,looped_transformer/plain,2d1c70257fcb,plain,propagate,interp,"{""dim"": 1, ""distance"": 2, ""length"": 12, ""n_sources"": 1}",16,17500,3,0.9997425625721613,0.0,0.9305945113301277,0.9828161522074863,0.8268268268268267
looped_transformer,looped_transformer/plain,2d1c70257fcb,plain,propagate,interp,"{""dim"": 1, ""distance"": 2, ""length"": 12, ""n_sources"": 1}",16,20000,3,0.9998008708159128,0.0,0.9259029552340508,0.9795628990735618,0.8038038038038038
looped_transformer,looped_transformer/plain,2d1c70257fcb,plain,propagate,interp,"{""dim"": 1, ""distance"": 2, ""length"": 12, ""n_sources"": 1}",16,22500,3,0.9998064041137695,0.0,0.930271657804648,0.9826493182101168,0.8328328328328327
looped_transformer,looped_transformer/plain,2d1c70257fcb,plain,propagate,interp,"{""dim"": 1, ""distance"": 2, ""length"": 12, ""n_sources"": 1}",16,25000,3,0.9997974932193756,0.0,0.9303450460235277,0.9697197225836066,0.7297297297297298
looped_transformer,looped_transformer/plain,2d1c70257fcb,plain,propagate,interp,"{""dim"": 1, ""distance"": 2, ""length"": 12, ""n_sources"": 1}",16,27500,3,0.9997944434483846,0.0,0.9302960137526194,0.9798131483095186,0.8288288288288288
looped_transformer,looped_transformer/plain,2d1c70257fcb,plain,propagate,interp,"{""dim"": 1, ""distance"": 2, ""length"": 12, ""n_sources"": 1}",16,30000,3,0.9997981364528338,0.0,0.9255585670471191,0.9712212236077935,0.7737737737737738
looped_transformer,looped_transformer/plain,2d1c70257fcb,plain,propagate,interp,"{""dim"": 1, ""distance"": 2, ""length"": 12, ""n_sources"": 1}",16,32500,3,0.999802902340889,0.0,0.9321779608726501,0.9763096449253438,0.8298298298298299
looped_transformer,looped_transformer/plain,2d1c70257fcb,plain,propagate,interp,"{""dim"": 1, ""distance"": 2, ""length"": 12, ""n_sources"": 1}",16,35000,3,0.9998025496800741,0.0,0.9313331469893456,0.9786453131321554,0.8558558558558559
looped_transformer,looped_transformer/plain,2d1c70257fcb,plain,propagate,interp,"{""dim"": 1, ""distance"": 2, ""length"": 12, ""n_sources"": 1}",16,37500,3,0.999800572792689,0.0,0.9321999723712603,0.977227228718835,0.8438438438438438
looped_transformer,looped_transformer/plain,2d1c70257fcb,plain,propagate,interp,"{""dim"": 1, ""distance"": 2, ""length"": 12, ""n_sources"": 1}",16,40000,3,0.9997989485661188,0.0,0.9315174197157224,0.9778945626797261,0.8498498498498499
looped_transformer,looped_transformer/plain,2d1c70257fcb,plain,propagate,interp,"{""dim"": 1, ""distance"": 2, ""length"": 12, ""n_sources"": 1}",32,40000,3,0.9999663792550564,0.0,0.9283987277497848,0.9280113493119394,0.5025025025025025
looped_transformer,looped_transformer/plain,2d1c70257fcb,plain,propagate,interp,"{""dim"": 1, ""distance"": 4, ""length"": 12, ""n_sources"": 1}",1,2500,3,0.456136063983043,1.0,0.456136063983043,0.9897397403363829,0.934934934934935
looped_transformer,looped_transformer/plain,2d1c70257fcb,plain,propagate,interp,"{""dim"": 1, ""distance"": 4, ""length"": 12, ""n_sources"": 1}",1,5000,3,0.43753772725661594,1.0,0.43753772725661594,0.996329663274763,0.9729729729729729
looped_transformer,looped_transformer/plain,2d1c70257fcb,plain,propagate,interp,"{""dim"": 1, ""distance"": 4, ""length"": 12, ""n_sources"": 1}",1,7500,3,0.41016726444164914,1.0,0.41016726444164914,0.998164831518053,0.985985985985986
looped_transformer,looped_transformer/plain,2d1c70257fcb,plain,propagate,interp,"{""dim"": 1, ""distance"": 4, ""length"": 12, ""n_sources"": 1}",1,10000,3,0.4253123203913371,1.0,0.4253123203913371,0.9991658326383827,0.990990990990991
looped_transformer,looped_transformer/plain,2d1c70257fcb,plain,propagate,interp,"{""dim"": 1, ""distance"": 4, ""length"": 12, ""n_sources"": 1}",1,12500,3,0.4404852216442426,1.0,0.4404852216442426,0.9996663330195545,0.9969969969969968
looped_transformer,looped_transformer/plain,2d1c70257fcb,plain,propagate,interp,"{""dim"": 1, ""distance"": 4, ""length"": 12, ""n_sources"": 1}",1,15000,3,0.4424015283584595,1.0,0.4424015283584595,0.9994994994398351,0.9969969969969968
looped_transformer,looped_transformer/plain,2d1c70257fcb,plain,propagate,interp,"{""dim"": 1, ""distance"": 4, ""length"": 12, ""n_sources"": 1}",1,17500,3,0.42445192361871403,1.0,0.42445192361871403,0.9990824158485231,0.9919919919919918
looped_transformer,looped_transformer/plain,2d1c70257fcb,plain,propagate,interp,"{""dim"": 1, ""distance"": 4, ""length"": 12, ""n_sources"": 1}",1,20000,3,0.4540628617008527,1.0,0.4540628617008527,0.999332666039109,0.994994994994995
looped_transformer,looped_transformer/plain,2d1c70257fcb,plain,propagate,interp,"{""dim"": 1, ""distance"": 4, ""length"": 12, ""n_sources"": 1}",1,22500,3,0.46180445576707524,1.0,0.46180445576707524,0.9998331664799451,0.998998998998999
looped_transformer,looped_transformer/plain,2d1c70257fcb,plain,propagate,interp,"{""dim"": 1, ""distance"": 4, ""length"": 12, ""n_sources"": 1}",1,25000,3,0.4607703623672326,1.0,0.4607703623672326,0.9999165832698047,0.998998998998999
looped_transformer,looped_transformer/plain,2d1c70257fcb,plain,propagate,interp,"{""dim"": 1, ""distance"": 4, ""length"": 12, ""n_sources"": 1}",1,27500,3,0.47553104534745216,1.0,0.47553104534745216,1.0,1.0
looped_transformer,looped_transformer/plain,2d1c70257fcb,plain,propagate,interp,"{""dim"": 1, ""distance"": 4, ""length"": 12, ""n_sources"": 1}",1,30000,3,0.474677665779988,1.0,0.474677665779988,1.0,1.0
looped_transformer,looped_transformer/plain,2d1c70257fcb,plain,propagate,interp,"{""dim"": 1, ""distance"": 4, ""length"": 12, ""n_sources"": 1}",1,32500,3,0.48400112117330235,1.0,0.48400112117330235,1.0,1.0
looped_transformer,looped_transformer/plain,2d1c70257fcb,plain,propagate,interp,"{""dim"": 1, ""distance"": 4, ""length"": 12, ""n_sources"": 1}",1,35000,3,0.4838984062274297,1.0,0.4838984062274297,1.0,1.0
looped_transformer,looped_transformer/plain,2d1c70257fcb,plain,propagate,interp,"{""dim"": 1, ""distance"": 4, ""length"": 12, ""n_sources"": 1}",1,37500,3,0.4840777553617954,1.0,0.4840777553617954,1.0,1.0
looped_transformer,looped_transformer/plain,2d1c70257fcb,plain,propagate,interp,"{""dim"": 1, ""distance"": 4, ""length"": 12, ""n_sources"": 1}",1,40000,3,0.4836830149094264,1.0,0.4836830149094264,1.0,1.0
looped_transformer,looped_transformer/plain,2d1c70257fcb,plain,propagate,interp,"{""dim"": 1, ""distance"": 4, ""length"": 12, ""n_sources"": 1}",2,40000,3,0.9305936644474665,0.0,0.9305936644474665,1.0,1.0
looped_transformer,looped_transformer/plain,2d1c70257fcb,plain,propagate,interp,"{""dim"": 1, ""distance"": 4, ""length"": 12, ""n_sources"": 1}",4,2500,3,0.9927133445938429,0.0,0.9475642070174217,0.9808975656230648,0.8668668668668668
looped_transformer,looped_transformer/plain,2d1c70257fcb,plain,propagate,interp,"{""dim"": 1, ""distance"": 4, ""length"": 12, ""n_sources"": 1}",4,5000,3,0.9923030336697897,0.0,0.9273128435015678,0.9949115785631212,0.964964964964965
looped_transformer,looped_transformer/plain,2d1c70257fcb,plain,propagate,interp,"{""dim"": 1, ""distance"": 4, ""length"": 12, ""n_sources"": 1}",4,7500,3,0.9904719814658165,0.0,0.9248263537883759,0.9971638308750378,0.970970970970971
looped_transformer,looped_transformer/plain,2d1c70257fcb,plain,propagate,interp,"{""dim"": 1, ""distance"": 4, ""length"": 12, ""n_sources"": 1}",4,10000,3,0.9876759822169939,0.0,0.9082074637214342,0.9990824159081874,0.98998998998999
looped_transformer,looped_transformer/plain,2d1c70257fcb,plain,propagate,interp,"{""dim"": 1, ""distance"": 4, ""length"": 12, ""n_sources"": 1}",4,12500,3,0.9891033694148064,0.0,0.9163747678200403,0.999332666098773,0.993993993993994
looped_transformer,looped_transformer/plain,2d1c70257fcb,plain,propagate,interp,"{""dim"": 1, ""distance"": 4, ""length"": 12, ""n_sources"": 1}",4,15000,3,0.9906629671653112,0.0,0.9188479880491892,0.9998331664799451,0.998998998998999
looped_transformer,looped_transformer/plain,2d1c70257fcb,plain,propagate,interp,"{""dim"": 1, ""distance"": 4, ""length"": 12, ""n_sources"": 1}",4,17500,3,0.9910887281099955,0.0,0.9266264960169792,0.999332666039109,0.995995995995996
looped_transformer,looped_transformer/plain,2d1c70257fcb,plain,propagate,interp,"{""dim"": 1, ""distance"": 4, ""length"": 12, ""n_sources"": 1}",4,20000,3,0.9917222360769907,0.0,0.9266992757717768,0.9996663330792188,0.995995995995996
looped_transformer,looped_transformer/plain,2d1c70257fcb,plain,propagate,interp,"{""dim"": 1, ""distance"": 4, ""length"": 12, ""n_sources"": 1}",4,22500,3,0.9919228355089823,0.0,0.9301759327451388,0.9999165832698047,0.998998998998999
looped_transformer,looped_transformer/plain,2d1c70257fcb,plain,propagate,interp,"{""dim"": 1, ""distance"": 4, ""length"": 12, ""n_sources"": 1}",4,25000,3,0.9910141974687576,0.0,0.9310400187969208,1.0,1.0
looped_transformer,looped_transformer/plain,2d1c70257fcb,plain,propagate,interp,"{""dim"": 1, ""distance"": 4, ""length"": 12, ""n_sources"": 1}",4,27500,3,0.9918804590900739,0.0,0.93076241761446,1.0,1.0
looped_transformer,looped_transformer/plain,2d1c70257fcb,plain,propagate,interp,"{""dim"": 1, ""distance"": 4, ""length"": 12, ""n_sources"": 1}",4,30000,3,0.9910292054216067,0.0,0.9262609382470449,1.0,1.0
looped_transformer,looped_transformer/plain,2d1c70257fcb,plain,propagate,interp,"{""dim"": 1, ""distance"": 4, ""length"": 12, ""n_sources"": 1}",4,32500,3,0.9914454718430837,0.0,0.9307562609513601,1.0,1.0
looped_transformer,looped_transformer/plain,2d1c70257fcb,plain,propagate,interp,"{""dim"": 1, ""distance"": 4, ""length"": 12, ""n_sources"": 1}",4,35000,3,0.9908797517418861,0.0,0.9305450071891149,1.0,1.0
looped_transformer,looped_transformer/plain,2d1c70257fcb,plain,propagate,interp,"{""dim"": 1, ""distance"": 4, ""length"": 12, ""n_sources"": 1}",4,37500,3,0.9909566417336464,0.0,0.931195559600989,1.0,1.0
looped_transformer,looped_transformer/plain,2d1c70257fcb,plain,propagate,interp,"{""dim"": 1, ""distance"": 4, ""length"": 12, ""n_sources"": 1}",4,40000,3,0.9908811276157697,0.0,0.9305936644474665,1.0,1.0
looped_transformer,looped_transformer/plain,2d1c70257fcb,plain,propagate,interp,"{""dim"": 1, ""distance"": 4, ""length"": 12, ""n_sources"": 1}",8,40000,3,0.9987697328130404,0.0,0.9291563127189875,0.9965799139426634,0.9629629629629631
looped_transformer,looped_transformer/plain,2d1c70257fcb,plain,propagate,interp,"{""dim"": 1, ""distance"": 4, ""length"": 12, ""n_sources"": 1}",16,2500,3,0.9998279958963394,0.0,0.9475642070174217,0.8407574257215819,0.24124124124124124
looped_transformer,looped_transformer/plain,2d1c70257fcb,plain,propagate,interp,"{""dim"": 1, ""distance"": 4, ""length"": 12, ""n_sources"": 1}",16,5000,3,0.9997946148117384,0.0,0.9273128435015678,0.896312982351095,0.43943943943943947
looped_transformer,looped_transformer/plain,2d1c70257fcb,plain,propagate,interp,"{""dim"": 1, ""distance"": 4, ""length"": 12, ""n_sources"": 1}",16,7500,3,0.99971025933822,0.0,0.9248263537883759,0.9531197912461526,0.5675675675675675
looped_transformer,looped_transformer/plain,2d1c70257fcb,plain,propagate,interp,"{""dim"": 1, ""distance"": 4, ""length"": 12, ""n_sources"": 1}",16,10000,3,0.9997191354632378,0.0,0.9082074637214342,0.9471972019703419,0.5225225225225225
looped_transformer,looped_transformer/plain,2d1c70257fcb,plain,propagate,interp,"{""dim"": 1, ""distance"": 4, ""length"": 12, ""n_sources"": 1}",16,12500,3,0.9997604414820671,0.0,0.9163747678200403,0.9483650355069367,0.5835835835835835
looped_transformer,looped_transformer/plain,2d1c70257fcb,plain,propagate,interp,"{""dim"": 1, ""distance"": 4, ""length"": 12, ""n_sources"": 1}",16,15000,3,0.9997825945417086,0.0,0.9188479880491892,0.9531197932747392,0.5215215215215215
looped_transformer,looped_transformer/plain,2d1c70257fcb,plain,propagate,interp,"{""dim"": 1, ""distance"": 4, ""length"": 12, ""n_sources"": 1}",16,17500,3,0.9997564603885015,0.0,0.9266264960169792,0.9709709743718365,0.7537537537537538
looped_transformer,looped_transformer/plain,2d1c70257fcb,plain,propagate,interp,"{""dim"": 1, ""distance"": 4, ""length"": 12, ""n_sources"": 1}",16,20000,3,0.9998069703578949,0.0,0.9266992757717768,0.971554891721861,0.7577577577577578
looped_transformer,looped_transformer/plain,2d1c70257fcb,plain,propagate,interp,"{""dim"": 1, ""distance"": 4, ""length"": 12, ""n_sources"": 1}",16,22500,3,0.9998217796285948,0.0,0.9301759327451388,0.9738071440337777,0.7567567567567567
looped_transformer,looped_transformer/plain,2d1c70257fcb,plain,propagate,interp,"{""dim"": 1, ""distance"": 4, ""length"": 12, ""n_sources"": 1}",16,25000,3,0.9998036772012711,0.0,0.9310400187969208,0.957624294557371,0.6596596596596597
looped_transformer,looped_transformer/plain,2d1c70257fcb,plain,propagate,interp,"{""dim"": 1, ""distance"": 4, ""length"": 12, ""n_sources"": 1}",16,27500,3,0.9998045489192009,0.0,0.93076241761446,0.959542878934213,0.7427427427427428
looped_transformer,looped_transformer/plain,2d1c70257fcb,plain,propagate,interp,"{""dim"": 1, ""distance"": 4, ""length"": 12, ""n_sources"": 1}",16,30000,3,0.9998127470413843,0.0,0.9262609382470449,0.9513680375254786,0.6876876876876876
looped_transformer,looped_transformer/plain,2d1c70257fcb,plain,propagate,interp,"{""dim"": 1, ""distance"": 4, ""length"": 12, ""n_sources"": 1}",16,32500,3,0.9998176718751589,0.0,0.9307562609513601,0.9513680371078285,0.7277277277277278
looped_transformer,looped_transformer/plain,2d1c70257fcb,plain,propagate,interp,"{""dim"": 1, ""distance"": 4, ""length"": 12, ""n_sources"": 1}",16,35000,3,0.9998148779074351,0.0,0.9305450071891149,0.9539539552069045,0.7637637637637638
looped_transformer,looped_transformer/plain,2d1c70257fcb,plain,propagate,interp,"{""dim"": 1, ""distance"": 4, ""length"": 12, ""n_sources"": 1}",16,37500,3,0.9998109017809232,0.0,0.931195559600989,0.953703705672626,0.7567567567567567
looped_transformer,looped_transformer/plain,2d1c70257fcb,plain,propagate,interp,"{""dim"": 1, ""distance"": 4, ""length"": 12, ""n_sources"": 1}",16,40000,3,0.999809019267559,0.0,0.9305936644474665,0.9542042061731264,0.7607607607607608
looped_transformer,looped_transformer/plain,2d1c70257fcb,plain,propagate,interp,"{""dim"": 1, ""distance"": 4, ""length"": 12, ""n_sources"": 1}",32,40000,3,0.9999657720327377,0.0,0.9291563127189875,0.8828828861345878,0.36936936936936937
looped_transformer,looped_transformer/plain,2d1c70257fcb,plain,propagate,mild,"{""dim"": 1, ""distance"": 6, ""length"": 12, ""n_sources"": 1}",1,2500,3,0.45129316051801044,1.0,0.45129316051801044,0.868833332836628,0.05000000000000001
looped_transformer,looped_transformer/plain,2d1c70257fcb,plain,propagate,mild,"{""dim"": 1, ""distance"": 6, ""length"": 12, ""n_sources"": 1}",1,5000,3,0.4252339427669843,1.0,0.4252339427669843,0.8572222150961558,0.013333333333333334
looped_transformer,looped_transformer/plain,2d1c70257fcb,plain,propagate,mild,"{""dim"": 1, ""distance"": 6, ""length"": 12, ""n_sources"": 1}",1,7500,3,0.41915462911129,1.0,0.41915462911129,0.8626666616598765,0.002
looped_transformer,looped_transformer/plain,2d1c70257fcb,plain,propagate,mild,"{""dim"": 1, ""distance"": 6, ""length"": 12, ""n_sources"": 1}",1,10000,3,0.4372391241292159,1.0,0.4372391241292159,0.8606666612227758,0.005333333333333333
looped_transformer,looped_transformer/plain,2d1c70257fcb,plain,propagate,mild,"{""dim"": 1, ""distance"": 6, ""length"": 12, ""n_sources"": 1}",1,12500,3,0.4424847575525443,1.0,0.4424847575525443,0.8626111058394114,0.0013333333333333333
looped_transformer,looped_transformer/plain,2d1c70257fcb,plain,propagate,mild,"{""dim"": 1, ""distance"": 6, ""length"": 12, ""n_sources"": 1}",1,15000,3,0.4299819233516852,1.0,0.4299819233516852,0.8583888817429542,0.0
looped_transformer,looped_transformer/plain,2d1c70257fcb,plain,propagate,mild,"{""dim"": 1, ""distance"": 6, ""length"": 12, ""n_sources"": 1}",1,17500,3,0.4281892515718937,1.0,0.4281892515718937,0.8697777753671011,0.0033333333333333335
looped_transformer,looped_transformer/plain,2d1c70257fcb,plain,propagate,mild,"{""dim"": 1, ""distance"": 6, ""length"": 12, ""n_sources"": 1}",1,20000,3,0.44036636129021645,1.0,0.44036636129021645,0.8865555610259374,0.0026666666666666666
looped_transformer,looped_transformer/plain,2d1c70257fcb,plain,propagate,mild,"{""dim"": 1, ""distance"": 6, ""length"": 12, ""n_sources"": 1}",1,22500,3,0.4493479294081529,1.0,0.4493479294081529,0.8738333329757055,0.0006666666666666666
looped_transformer,looped_transformer/plain,2d1c70257fcb,plain,propagate,mild,"{""dim"": 1, ""distance"": 6, ""length"": 12, ""n_sources"": 1}",1,25000,3,0.4570221118628979,1.0,0.4570221118628979,0.8922777860959371,0.0033333333333333335
looped_transformer,looped_transformer/plain,2d1c70257fcb,plain,propagate,mild,"{""dim"": 1, ""distance"": 6, ""length"": 12, ""n_sources"": 1}",1,27500,3,0.467100627720356,1.0,0.467100627720356,0.887666672706604,0.0006666666666666666
looped_transformer,looped_transformer/plain,2d1c70257fcb,plain,propagate,mild,"{""dim"": 1, ""distance"": 6, ""length"": 12, ""n_sources"": 1}",1,30000,3,0.46764947722355527,1.0,0.46764947722355527,0.8986111223300298,0.0006666666666666666
looped_transformer,looped_transformer/plain,2d1c70257fcb,plain,propagate,mild,"{""dim"": 1, ""distance"": 6, ""length"": 12, ""n_sources"": 1}",1,32500,3,0.4757688132425149,1.0,0.4757688132425149,0.8986666777133941,0.004666666666666667
looped_transformer,looped_transformer/plain,2d1c70257fcb,plain,propagate,mild,"{""dim"": 1, ""distance"": 6, ""length"": 12, ""n_sources"": 1}",1,35000,3,0.47617658227682114,1.0,0.47617658227682114,0.8998333448966344,0.004666666666666667
looped_transformer,looped_transformer/plain,2d1c70257fcb,plain,propagate,mild,"{""dim"": 1, ""distance"": 6, ""length"": 12, ""n_sources"": 1}",1,37500,3,0.4770723196367423,1.0,0.4770723196367423,0.8990000110864639,0.006000000000000001
looped_transformer,looped_transformer/plain,2d1c70257fcb,plain,propagate,mild,"{""dim"": 1, ""distance"": 6, ""length"": 12, ""n_sources"": 1}",1,40000,3,0.47688064848383266,1.0,0.47688064848383266,0.8994444557030996,0.006666666666666667
looped_transformer,looped_transformer/plain,2d1c70257fcb,plain,propagate,mild,"{""dim"": 1, ""distance"": 6, ""length"": 12, ""n_sources"": 1}",2,40000,3,0.9308570052186648,0.0,0.9308570052186648,0.9047222342491149,0.036
looped_transformer,looped_transformer/plain,2d1c70257fcb,plain,propagate,mild,"{""dim"": 1, ""distance"": 6, ""length"": 12, ""n_sources"": 1}",4,2500,3,0.992759478588899,0.0,0.9466227491696676,0.8833888925711314,0.164
looped_transformer,looped_transformer/plain,2d1c70257fcb,plain,propagate,mild,"{""dim"": 1, ""distance"": 6, ""length"": 12, ""n_sources"": 1}",4,5000,3,0.992079421877861,0.0,0.9303678969542185,0.8883333348035812,0.12933333333333333
looped_transformer,looped_transformer/plain,2d1c70257fcb,plain,propagate,mild,"{""dim"": 1, ""distance"": 6, ""length"": 12, ""n_sources"": 1}",4,7500,3,0.9905944069226583,0.0,0.9266964644193649,0.8850555572509765,0.078
looped_transformer,looped_transformer/plain,2d1c70257fcb,plain,propagate,mild,"{""dim"": 1, ""distance"": 6, ""length"": 12, ""n_sources"": 1}",4,10000,3,0.9892377431193987,0.0,0.9095317075649897,0.8786111116409302,0.05266666666666667
looped_transformer,looped_transformer/plain,2d1c70257fcb,plain,propagate,mild,"{""dim"": 1, ""distance"": 6, ""length"": 12, ""n_sources"": 1}",4,12500,3,0.9899103144804636,0.0,0.9167912925283114,0.8770555555820465,0.04666666666666667
looped_transformer,looped_transformer/plain,2d1c70257fcb,plain,propagate,mild,"{""dim"": 1, ""distance"": 6, ""length"": 12, ""n_sources"": 1}",4,15000,3,0.9902722661693891,0.0,0.917717307806015,0.868499997039636,0.03
looped_transformer,looped_transformer/plain,2d1c70257fcb,plain,propagate,mild,"{""dim"": 1, ""distance"": 6, ""length"": 12, ""n_sources"": 1}",4,17500,3,0.9917244414488474,0.0,0.9286212846636772,0.8827222238580387,0.046000000000000006
looped_transformer,looped_transformer/plain,2d1c70257fcb,plain,propagate,mild,"{""dim"": 1, ""distance"": 6, ""length"": 12, ""n_sources"": 1}",4,20000,3,0.9912980298201243,0.0,0.9234044998884201,0.9005555646419525,0.062
looped_transformer,looped_transformer/plain,2d1c70257fcb,plain,propagate,mild,"{""dim"": 1, ""distance"": 6, ""length"": 12, ""n_sources"": 1}",4,22500,3,0.9919492403666178,0.0,0.9293468495210012,0.885888891975085,0.03866666666666666
looped_transformer,looped_transformer/plain,2d1c70257fcb,plain,propagate,mild,"{""dim"": 1, ""distance"": 6, ""length"": 12, ""n_sources"": 1}",4,25000,3,0.9914111296335856,0.0,0.9312064548333486,0.9030555655956268,0.06
looped_transformer,looped_transformer/plain,2d1c70257fcb,plain,propagate,mild,"{""dim"": 1, ""distance"": 6, ""length"": 12, ""n_sources"": 1}",4,27500,3,0.9916509116689364,0.0,0.9303712397813797,0.8965000076293945,0.04466666666666667
looped_transformer,looped_transformer/plain,2d1c70257fcb,plain,propagate,mild,"{""dim"": 1, ""distance"": 6, ""length"": 12, ""n_sources"": 1}",4,30000,3,0.9908306002616882,0.0,0.9281671568751335,0.9068889007170995,0.056666666666666664
looped_transformer,looped_transformer/plain,2d1c70257fcb,plain,propagate,mild,"{""dim"": 1, ""distance"": 6, ""length"": 12, ""n_sources"": 1}",4,32500,3,0.9913305342197418,0.0,0.9320160895586014,0.9081666786670685,0.064
looped_transformer,looped_transformer/plain,2d1c70257fcb,plain,propagate,mild,"{""dim"": 1, ""distance"": 6, ""length"": 12, ""n_sources"": 1}",4,35000,3,0.9907023111979166,0.0,0.9309482723474503,0.9098333457310995,0.07066666666666667
looped_transformer,looped_transformer/plain,2d1c70257fcb,plain,propagate,mild,"{""dim"": 1, ""distance"": 6, ""length"": 12, ""n_sources"": 1}",4,37500,3,0.9907825589179993,0.0,0.931498092909654,0.9084444569349289,0.057999999999999996
looped_transformer,looped_transformer/plain,2d1c70257fcb,plain,propagate,mild,"{""dim"": 1, ""distance"": 6, ""length"": 12, ""n_sources"": 1}",4,40000,3,0.9907237663865089,0.0,0.9308570052186648,0.9089444572130839,0.05733333333333334
looped_transformer,looped_transformer/plain,2d1c70257fcb,plain,propagate,mild,"{""dim"": 1, ""distance"": 6, ""length"": 12, ""n_sources"": 1}",8,40000,3,0.9987732321023941,0.0,0.9293292133758465,0.9030000100533168,0.076
looped_transformer,looped_transformer/plain,2d1c70257fcb,plain,propagate,mild,"{""dim"": 1, ""distance"": 6, ""length"": 12, ""n_sources"": 1}",16,2500,3,0.9998175203800201,0.0,0.9466227491696676,0.7432222217718759,0.076
looped_transformer,looped_transformer/plain,2d1c70257fcb,plain,propagate,mild,"{""dim"": 1, ""distance"": 6, ""length"": 12, ""n_sources"": 1}",16,5000,3,0.9997700601816177,0.0,0.9303678969542185,0.7907777764598528,0.07866666666666666
looped_transformer,looped_transformer/plain,2d1c70257fcb,plain,propagate,mild,"{""dim"": 1, ""distance"": 6, ""length"": 12, ""n_sources"": 1}",16,7500,3,0.9997230892380079,0.0,0.9266964644193649,0.8511111107667286,0.07533333333333334
looped_transformer,looped_transformer/plain,2d1c70257fcb,plain,propagate,mild,"{""dim"": 1, ""distance"": 6, ""length"": 12, ""n_sources"": 1}",16,10000,3,0.9997411866982778,0.0,0.9095317075649897,0.8336666652957598,0.012666666666666666
looped_transformer,looped_transformer/plain,2d1c70257fcb,plain,propagate,mild,"{""dim"": 1, ""distance"": 6, ""length"": 12, ""n_sources"": 1}",16,12500,3,0.9997661138574282,0.0,0.9167912925283114,0.8330555539528529,0.02733333333333333
looped_transformer,looped_transformer/plain,2d1c70257fcb,plain,propagate,mild,"{""dim"": 1, ""distance"": 6, ""length"": 12, ""n_sources"": 1}",16,15000,3,0.9997716148694357,0.0,0.917717307806015,0.8416111102898917,0.012666666666666666
looped_transformer,looped_transformer/plain,2d1c70257fcb,plain,propagate,mild,"{""dim"": 1, ""distance"": 6, ""length"": 12, ""n_sources"": 1}",16,17500,3,0.9997560679912567,0.0,0.9286212846636772,0.8455555568536123,0.07200000000000001
looped_transformer,looped_transformer/plain,2d1c70257fcb,plain,propagate,mild,"{""dim"": 1, ""distance"": 6, ""length"": 12, ""n_sources"": 1}",16,20000,3,0.9997980073094368,0.0,0.9234044998884201,0.8603888942003252,0.054
looped_transformer,looped_transformer/plain,2d1c70257fcb,plain,propagate,mild,"{""dim"": 1, ""distance"": 6, ""length"": 12, ""n_sources"": 1}",16,22500,3,0.9998151908318201,0.0,0.9293468495210012,0.8464444459279378,0.04733333333333334
looped_transformer,looped_transformer/plain,2d1c70257fcb,plain,propagate,mild,"{""dim"": 1, ""distance"": 6, ""length"": 12, ""n_sources"": 1}",16,25000,3,0.9997967382272085,0.0,0.9312064548333486,0.8491111132701238,0.08
looped_transformer,looped_transformer/plain,2d1c70257fcb,plain,propagate,mild,"{""dim"": 1, ""distance"": 6, ""length"": 12, ""n_sources"": 1}",16,27500,3,0.999800980091095,0.0,0.9303712397813797,0.8448333361148835,0.08933333333333332
looped_transformer,looped_transformer/plain,2d1c70257fcb,plain,propagate,mild,"{""dim"": 1, ""distance"": 6, ""length"": 12, ""n_sources"": 1}",16,30000,3,0.9998055746157964,0.0,0.9281671568751335,0.8285000036557516,0.11599999999999999
looped_transformer,looped_transformer/plain,2d1c70257fcb,plain,propagate,mild,"{""dim"": 1, ""distance"": 6, ""length"": 12, ""n_sources"": 1}",16,32500,3,0.9998087510466576,0.0,0.9320160895586014,0.8335000043114027,0.12066666666666666
looped_transformer,looped_transformer/plain,2d1c70257fcb,plain,propagate,mild,"{""dim"": 1, ""distance"": 6, ""length"": 12, ""n_sources"": 1}",16,35000,3,0.9998113438487053,0.0,0.9309482723474503,0.833000004331271,0.13666666666666666
looped_transformer,looped_transformer/plain,2d1c70257fcb,plain,propagate,mild,"{""dim"": 1, ""distance"": 6, ""length"": 12, ""n_sources"": 1}",16,37500,3,0.9998102138439814,0.0,0.931498092909654,0.8493333395719529,0.10466666666666667
looped_transformer,looped_transformer/plain,2d1c70257fcb,plain,propagate,mild,"{""dim"": 1, ""distance"": 6, ""length"": 12, ""n_sources"": 1}",16,40000,3,0.9998090664545695,0.0,0.9308570052186648,0.850111117263635,0.10999999999999999
looped_transformer,looped_transformer/plain,2d1c70257fcb,plain,propagate,mild,"{""dim"": 1, ""distance"": 6, ""length"": 12, ""n_sources"": 1}",32,40000,3,0.9999658639232317,0.0,0.9293292133758465,0.7680555574695269,0.038
looped_transformer,looped_transformer/plain,2d1c70257fcb,plain,propagate,mild,"{""dim"": 1, ""distance"": 8, ""length"": 12, ""n_sources"": 1}",1,2500,3,0.4561688167353471,1.0,0.4561688167353471,0.6982222308119138,0.0033333333333333335
looped_transformer,looped_transformer/plain,2d1c70257fcb,plain,propagate,mild,"{""dim"": 1, ""distance"": 8, ""length"": 12, ""n_sources"": 1}",1,5000,3,0.4318038932979107,1.0,0.4318038932979107,0.6882222335735957,0.0
looped_transformer,looped_transformer/plain,2d1c70257fcb,plain,propagate,mild,"{""dim"": 1, ""distance"": 8, ""length"": 12, ""n_sources"": 1}",1,7500,3,0.4155669075747331,1.0,0.4155669075747331,0.6799444548487664,0.0
looped_transformer,looped_transformer/plain,2d1c70257fcb,plain,propagate,mild,"{""dim"": 1, ""distance"": 8, ""length"": 12, ""n_sources"": 1}",1,10000,3,0.42441537976264954,1.0,0.42441537976264954,0.6811111215949058,0.0
looped_transformer,looped_transformer/plain,2d1c70257fcb,plain,propagate,mild,"{""dim"": 1, ""distance"": 8, ""length"": 12, ""n_sources"": 1}",1,12500,3,0.43950329596797627,1.0,0.43950329596797627,0.6522777824997902,0.0
looped_transformer,looped_transformer/plain,2d1c70257fcb,plain,propagate,mild,"{""dim"": 1, ""distance"": 8, ""length"": 12, ""n_sources"": 1}",1,15000,3,0.4366409083207448,1.0,0.4366409083207448,0.6547222272753715,0.0
looped_transformer,looped_transformer/plain,2d1c70257fcb,plain,propagate,mild,"{""dim"": 1, ""distance"": 8, ""length"": 12, ""n_sources"": 1}",1,17500,3,0.43001023555795354,1.0,0.43001023555795354,0.674722229719162,0.0
looped_transformer,looped_transformer/plain,2d1c70257fcb,plain,propagate,mild,"{""dim"": 1, ""distance"": 8, ""length"": 12, ""n_sources"": 1}",1,20000,3,0.444784718255202,1.0,0.444784718255202,0.6813888958295186,0.0
looped_transformer,looped_transformer/plain,2d1c70257fcb,plain,propagate,mild,"{""dim"": 1, ""distance"": 8, ""length"": 12, ""n_sources"": 1}",1,22500,3,0.4489332512021065,1.0,0.4489332512021065,0.6739444495439528,0.0
looped_transformer,looped_transformer/plain,2d1c70257fcb,plain,propagate,mild,"{""dim"": 1, ""distance"": 8, ""length"": 12, ""n_sources"": 1}",1,25000,3,0.45060096060236293,1.0,0.45060096060236293,0.694888896604379,0.0
looped_transformer,looped_transformer/plain,2d1c70257fcb,plain,propagate,mild,"{""dim"": 1, ""distance"": 8, ""length"": 12, ""n_sources"": 1}",1,27500,3,0.45991622904936474,1.0,0.45991622904936474,0.6882777842481932,0.0
looped_transformer,looped_transformer/plain,2d1c70257fcb,plain,propagate,mild,"{""dim"": 1, ""distance"": 8, ""length"": 12, ""n_sources"": 1}",1,30000,3,0.45927095289031666,1.0,0.45927095289031666,0.6947777844667434,0.0
looped_transformer,looped_transformer/plain,2d1c70257fcb,plain,propagate,mild,"{""dim"": 1, ""distance"": 8, ""length"": 12, ""n_sources"": 1}",1,32500,3,0.4717351210614045,1.0,0.4717351210614045,0.7087222276131312,0.0
looped_transformer,looped_transformer/plain,2d1c70257fcb,plain,propagate,mild,"{""dim"": 1, ""distance"": 8, ""length"": 12, ""n_sources"": 1}",1,35000,3,0.4726430078347524,1.0,0.4726430078347524,0.7012777843872705,0.0
looped_transformer,looped_transformer/plain,2d1c70257fcb,plain,propagate,mild,"{""dim"": 1, ""distance"": 8, ""length"": 12, ""n_sources"": 1}",1,37500,3,0.4735844098031521,1.0,0.4735844098031521,0.7041666723887126,0.0
looped_transformer,looped_transformer/plain,2d1c70257fcb,plain,propagate,mild,"{""dim"": 1, ""distance"": 8, ""length"": 12, ""n_sources"": 1}",1,40000,3,0.4731030911207199,1.0,0.4731030911207199,0.7049444502592087,0.0
looped_transformer,looped_transformer/plain,2d1c70257fcb,plain,propagate,mild,"{""dim"": 1, ""distance"": 8, ""length"": 12, ""n_sources"": 1}",2,40000,3,0.9304936950405439,0.0,0.9304936950405439,0.7198333376248677,0.0
looped_transformer,looped_transformer/plain,2d1c70257fcb,plain,propagate,mild,"{""dim"": 1, ""distance"": 8, ""length"": 12, ""n_sources"": 1}",4,2500,3,0.9924443786342939,0.0,0.9464748725295067,0.7502222239772479,0.05333333333333334
looped_transformer,looped_transformer/plain,2d1c70257fcb,plain,propagate,mild,"{""dim"": 1, ""distance"": 8, ""length"": 12, ""n_sources"": 1}",4,5000,3,0.9921757156650225,0.0,0.9299098576108614,0.7453888900677365,0.020666666666666667
looped_transformer,looped_transformer/plain,2d1c70257fcb,plain,propagate,mild,"{""dim"": 1, ""distance"": 8, ""length"": 12, ""n_sources"": 1}",4,7500,3,0.9906896303097407,0.0,0.9264322270949682,0.721722225368023,0.0026666666666666666
looped_transformer,looped_transformer/plain,2d1c70257fcb,plain,propagate,mild,"{""dim"": 1, ""distance"": 8, ""length"": 12, ""n_sources"": 1}",4,10000,3,0.9891334896286329,0.0,0.9053674042224884,0.7134444500009219,0.002
looped_transformer,looped_transformer/plain,2d1c70257fcb,plain,propagate,mild,"{""dim"": 1, ""distance"": 8, ""length"": 12, ""n_sources"": 1}",4,12500,3,0.9896089906493822,0.0,0.9147184491157532,0.6867777834733326,0.0
looped_transformer,looped_transformer/plain,2d1c70257fcb,plain,propagate,mild,"{""dim"": 1, ""distance"": 8, ""length"": 12, ""n_sources"": 1}",4,15000,3,0.9908861468235651,0.0,0.9194255123535792,0.678944449186325,0.0006666666666666666
looped_transformer,looped_transformer/plain,2d1c70257fcb,plain,propagate,mild,"{""dim"": 1, ""distance"": 8, ""length"": 12, ""n_sources"": 1}",4,17500,3,0.9917559151848158,0.0,0.9273126895229021,0.7007777837316196,0.0006666666666666666
looped_transformer,looped_transformer/plain,2d1c70257fcb,plain,propagate,mild,"{""dim"": 1, ""distance"": 8, ""length"": 12, ""n_sources"": 1}",4,20000,3,0.9911342213551203,0.0,0.9229119072357813,0.714722225924333,0.0
looped_transformer,looped_transformer/plain,2d1c70257fcb,plain,propagate,mild,"{""dim"": 1, ""distance"": 8, ""length"": 12, ""n_sources"": 1}",4,22500,3,0.9918916349609693,0.0,0.9299386292695999,0.696388894836108,0.0
looped_transformer,looped_transformer/plain,2d1c70257fcb,plain,propagate,mild,"{""dim"": 1, ""distance"": 8, ""length"": 12, ""n_sources"": 1}",4,25000,3,0.9910362909237543,0.0,0.9294301892320315,0.7178888937036195,0.0
looped_transformer,looped_transformer/plain,2d1c70257fcb,plain,propagate,mild,"{""dim"": 1, ""distance"": 8, ""length"": 12, ""n_sources"": 1}",4,27500,3,0.9917046378056208,0.0,0.9259240254759789,0.7112777828375498,0.0
looped_transformer,looped_transformer/plain,2d1c70257fcb,plain,propagate,mild,"{""dim"": 1, ""distance"": 8, ""length"": 12, ""n_sources"": 1}",4,30000,3,0.9906656021873156,0.0,0.9240915700793266,0.7173333373864491,0.0
looped_transformer,looped_transformer/plain,2d1c70257fcb,plain,propagate,mild,"{""dim"": 1, ""distance"": 8, ""length"": 12, ""n_sources"": 1}",4,32500,3,0.991310735543569,0.0,0.9310227284828821,0.7270555592775345,0.0
looped_transformer,looped_transformer/plain,2d1c70257fcb,plain,propagate,mild,"{""dim"": 1, ""distance"": 8, ""length"": 12, ""n_sources"": 1}",4,35000,3,0.9906922926505407,0.0,0.9310022642215093,0.7287222252289455,0.0
looped_transformer,looped_transformer/plain,2d1c70257fcb,plain,propagate,mild,"{""dim"": 1, ""distance"": 8, ""length"": 12, ""n_sources"": 1}",4,37500,3,0.9907912338773409,0.0,0.9311217491825422,0.7271666697661082,0.0
looped_transformer,looped_transformer/plain,2d1c70257fcb,plain,propagate,mild,"{""dim"": 1, ""distance"": 8, ""length"": 12, ""n_sources"": 1}",4,40000,3,0.9907394746939341,0.0,0.9304936950405439,0.7282777806520461,0.0
looped_transformer,looped_transformer/plain,2d1c70257fcb,plain,propagate,mild,"{""dim"": 1, ""distance"": 8, ""length"": 12, ""n_sources"": 1}",8,40000,3,0.99881428728501,0.0,0.9308789341400067,0.7167222256064415,0.0
looped_transformer,looped_transformer/plain,2d1c70257fcb,plain,propagate,mild,"{""dim"": 1, ""distance"": 8, ""length"": 12, ""n_sources"": 1}",16,2500,3,0.9998226215442022,0.0,0.9464748725295067,0.5822222230682771,0.02666666666666666
looped_transformer,looped_transformer/plain,2d1c70257fcb,plain,propagate,mild,"{""dim"": 1, ""distance"": 8, ""length"": 12, ""n_sources"": 1}",16,5000,3,0.9997847105065981,0.0,0.9299098576108614,0.6022222243994475,0.018666666666666665
looped_transformer,looped_transformer/plain,2d1c70257fcb,plain,propagate,mild,"{""dim"": 1, ""distance"": 8, ""length"": 12, ""n_sources"": 1}",16,7500,3,0.9997007821997007,0.0,0.9264322270949682,0.7103888891438643,0.012666666666666666
looped_transformer,looped_transformer/plain,2d1c70257fcb,plain,propagate,mild,"{""dim"": 1, ""distance"": 8, ""length"": 12, ""n_sources"": 1}",16,10000,3,0.9997141286730766,0.0,0.9053674042224884,0.6826666673521201,0.004666666666666667
looped_transformer,looped_transformer/plain,2d1c70257fcb,plain,propagate,mild,"{""dim"": 1, ""distance"": 8, ""length"": 12, ""n_sources"": 1}",16,12500,3,0.9997600391507149,0.0,0.9147184491157532,0.668277778794368,0.0006666666666666666
looped_transformer,looped_transformer/plain,2d1c70257fcb,plain,propagate,mild,"{""dim"": 1, ""distance"": 8, ""length"": 12, ""n_sources"": 1}",16,15000,3,0.9997609332203865,0.0,0.9194255123535792,0.6934999995827674,0.005333333333333333
looped_transformer,looped_transformer/plain,2d1c70257fcb,plain,propagate,mild,"{""dim"": 1, ""distance"": 8, ""length"": 12, ""n_sources"": 1}",16,17500,3,0.9997558916608492,0.0,0.9273126895229021,0.6555000016887983,0.004
looped_transformer,looped_transformer/plain,2d1c70257fcb,plain,propagate,mild,"{""dim"": 1, ""distance"": 8, ""length"": 12, ""n_sources"": 1}",16,20000,3,0.9997982953985532,0.0,0.9229119072357813,0.6980555580357711,0.0013333333333333333
looped_transformer,looped_transformer/plain,2d1c70257fcb,plain,propagate,mild,"{""dim"": 1, ""distance"": 8, ""length"": 12, ""n_sources"": 1}",16,22500,3,0.9998134225606918,0.0,0.9299386292695999,0.652388892998298,0.0
looped_transformer,looped_transformer/plain,2d1c70257fcb,plain,propagate,mild,"{""dim"": 1, ""distance"": 8, ""length"": 12, ""n_sources"": 1}",16,25000,3,0.9997944980859756,0.0,0.9294301892320315,0.652055558398366,0.0006666666666666666
looped_transformer,looped_transformer/plain,2d1c70257fcb,plain,propagate,mild,"{""dim"": 1, ""distance"": 8, ""length"": 12, ""n_sources"": 1}",16,27500,3,0.999791589876016,0.0,0.9259240254759789,0.6306666691154242,0.0
looped_transformer,looped_transformer/plain,2d1c70257fcb,plain,propagate,mild,"{""dim"": 1, ""distance"": 8, ""length"": 12, ""n_sources"": 1}",16,30000,3,0.9997930203874906,0.0,0.9240915700793266,0.6171111138612032,0.0
looped_transformer,looped_transformer/plain,2d1c70257fcb,plain,propagate,mild,"{""dim"": 1, ""distance"": 8, ""length"": 12, ""n_sources"": 1}",16,32500,3,0.9997989162802696,0.0,0.9310227284828821,0.6223888919452826,0.0
looped_transformer,looped_transformer/plain,2d1c70257fcb,plain,propagate,mild,"{""dim"": 1, ""distance"": 8, ""length"": 12, ""n_sources"": 1}",16,35000,3,0.9998005802432696,0.0,0.9310022642215093,0.6207222251097361,0.0
looped_transformer,looped_transformer/plain,2d1c70257fcb,plain,propagate,mild,"{""dim"": 1, ""distance"": 8, ""length"": 12, ""n_sources"": 1}",16,37500,3,0.9998005603750547,0.0,0.9311217491825422,0.64250000239412,0.0
looped_transformer,looped_transformer/plain,2d1c70257fcb,plain,propagate,mild,"{""dim"": 1, ""distance"": 8, ""length"": 12, ""n_sources"": 1}",16,40000,3,0.9997976074616114,0.0,0.9304936950405439,0.6426111134092013,0.0
looped_transformer,looped_transformer/plain,2d1c70257fcb,plain,propagate,mild,"{""dim"": 1, ""distance"": 8, ""length"": 12, ""n_sources"": 1}",32,40000,3,0.9999669392903646,0.0,0.9308789341400067,0.5637777797778447,0.0
looped_transformer,looped_transformer/plain,2d1c70257fcb,plain,propagate,strong,"{""dim"": 1, ""distance"": 12, ""length"": 48, ""n_sources"": 1}",1,2500,3,0.745576466123263,1.0,0.745576466123263,0.7129305560390155,0.0
looped_transformer,looped_transformer/plain,2d1c70257fcb,plain,propagate,strong,"{""dim"": 1, ""distance"": 12, ""length"": 48, ""n_sources"": 1}",1,5000,3,0.702431857585907,1.0,0.702431857585907,0.6340416664481162,0.0
looped_transformer,looped_transformer/plain,2d1c70257fcb,plain,propagate,strong,"{""dim"": 1, ""distance"": 12, ""length"": 48, ""n_sources"": 1}",1,7500,3,0.6483277268707752,1.0,0.6483277268707752,0.6487083337903022,0.0
looped_transformer,looped_transformer/plain,2d1c70257fcb,plain,propagate,strong,"{""dim"": 1, ""distance"": 12, ""length"": 48, ""n_sources"": 1}",1,10000,3,0.6506762653589249,1.0,0.6506762653589249,0.6542361100713412,0.0
looped_transformer,looped_transformer/plain,2d1c70257fcb,plain,propagate,strong,"{""dim"": 1, ""distance"": 12, ""length"": 48, ""n_sources"": 1}",1,12500,3,0.660923366745313,1.0,0.660923366745313,0.6552083331942558,0.0
looped_transformer,looped_transformer/plain,2d1c70257fcb,plain,propagate,strong,"{""dim"": 1, ""distance"": 12, ""length"": 48, ""n_sources"": 1}",1,15000,3,0.6599331249793371,1.0,0.6599331249793371,0.6331249996821086,0.0
looped_transformer,looped_transformer/plain,2d1c70257fcb,plain,propagate,strong,"{""dim"": 1, ""distance"": 12, ""length"": 48, ""n_sources"": 1}",1,17500,3,0.6362724329034487,1.0,0.6362724329034487,0.6495555544694266,0.0
looped_transformer,looped_transformer/plain,2d1c70257fcb,plain,propagate,strong,"{""dim"": 1, ""distance"": 12, ""length"": 48, ""n_sources"": 1}",1,20000,3,0.6159885823726654,1.0,0.6159885823726654,0.6210138872663179,0.0
looped_transformer,looped_transformer/plain,2d1c70257fcb,plain,propagate,strong,"{""dim"": 1, ""distance"": 12, ""length"": 48, ""n_sources"": 1}",1,22500,3,0.6064961614708105,1.0,0.6064961614708105,0.6266944426496824,0.0
looped_transformer,looped_transformer/plain,2d1c70257fcb,plain,propagate,strong,"{""dim"": 1, ""distance"": 12, ""length"": 48, ""n_sources"": 1}",1,25000,3,0.6267539213101069,1.0,0.6267539213101069,0.6282361099720001,0.0
looped_transformer,looped_transformer/plain,2d1c70257fcb,plain,propagate,strong,"{""dim"": 1, ""distance"": 12, ""length"": 48, ""n_sources"": 1}",1,27500,3,0.6218698297937711,1.0,0.6218698297937711,0.6380555551250776,0.0
looped_transformer,looped_transformer/plain,2d1c70257fcb,plain,propagate,strong,"{""dim"": 1, ""distance"": 12, ""length"": 48, ""n_sources"": 1}",1,30000,3,0.6216453164815903,1.0,0.6216453164815903,0.6517499999602635,0.0
looped_transformer,looped_transformer/plain,2d1c70257fcb,plain,propagate,strong,"{""dim"": 1, ""distance"": 12, ""length"": 48, ""n_sources"": 1}",1,32500,3,0.6240798210104307,1.0,0.6240798210104307,0.6412638882597288,0.0
looped_transformer,looped_transformer/plain,2d1c70257fcb,plain,propagate,strong,"{""dim"": 1, ""distance"": 12, ""length"": 48, ""n_sources"": 1}",1,35000,3,0.6297841469446818,1.0,0.6297841469446818,0.6423055553038916,0.0
looped_transformer,looped_transformer/plain,2d1c70257fcb,plain,propagate,strong,"{""dim"": 1, ""distance"": 12, ""length"": 48, ""n_sources"": 1}",1,37500,3,0.6294163639346758,1.0,0.6294163639346758,0.6361249992450079,0.0
looped_transformer,looped_transformer/plain,2d1c70257fcb,plain,propagate,strong,"{""dim"": 1, ""distance"": 12, ""length"": 48, ""n_sources"": 1}",1,40000,3,0.6296799778938293,1.0,0.6296799778938293,0.6344999991854031,0.0
looped_transformer,looped_transformer/plain,2d1c70257fcb,plain,propagate,strong,"{""dim"": 1, ""distance"": 12, ""length"": 48, ""n_sources"": 1}",2,40000,3,0.9619665121038755,0.0,0.9619665121038755,0.6549722223480542,0.0
looped_transformer,looped_transformer/plain,2d1c70257fcb,plain,propagate,strong,"{""dim"": 1, ""distance"": 12, ""length"": 48, ""n_sources"": 1}",4,2500,3,0.9951624994476637,0.0,0.9621528933445612,0.7372499995231628,0.0
looped_transformer,looped_transformer/plain,2d1c70257fcb,plain,propagate,strong,"{""dim"": 1, ""distance"": 12, ""length"": 48, ""n_sources"": 1}",4,5000,3,0.9959171464045843,0.0,0.9521418884396553,0.7148888870875041,0.0
looped_transformer,looped_transformer/plain,2d1c70257fcb,plain,propagate,strong,"{""dim"": 1, ""distance"": 12, ""length"": 48, ""n_sources"": 1}",4,7500,3,0.9956933682163557,0.0,0.9573278774817785,0.7212777778307596,0.0
looped_transformer,looped_transformer/plain,2d1c70257fcb,plain,propagate,strong,"{""dim"": 1, ""distance"": 12, ""length"": 48, ""n_sources"": 1}",4,10000,3,0.9951877345641454,0.0,0.9610579063495001,0.7305833332538606,0.0
looped_transformer,looped_transformer/plain,2d1c70257fcb,plain,propagate,strong,"{""dim"": 1, ""distance"": 12, ""length"": 48, ""n_sources"": 1}",4,12500,3,0.9951107203960419,0.0,0.9604431018233299,0.7235694444874922,0.0
looped_transformer,looped_transformer/plain,2d1c70257fcb,plain,propagate,strong,"{""dim"": 1, ""distance"": 12, ""length"": 48, ""n_sources"": 1}",4,15000,3,0.9945896516243616,0.0,0.9569044162829717,0.7257499989469847,0.0
looped_transformer,looped_transformer/plain,2d1c70257fcb,plain,propagate,strong,"{""dim"": 1, ""distance"": 12, ""length"": 48, ""n_sources"": 1}",4,17500,3,0.9949431618054708,0.0,0.9591828932364782,0.7252916655540466,0.0
looped_transformer,looped_transformer/plain,2d1c70257fcb,plain,propagate,strong,"{""dim"": 1, ""distance"": 12, ""length"": 48, ""n_sources"": 1}",4,20000,3,0.9949135606487592,0.0,0.955825557311376,0.7180138872464498,0.0
looped_transformer,looped_transformer/plain,2d1c70257fcb,plain,propagate,strong,"{""dim"": 1, ""distance"": 12, ""length"": 48, ""n_sources"": 1}",4,22500,3,0.9949856176972389,0.0,0.9528960287570953,0.7133472220102947,0.0
looped_transformer,looped_transformer/plain,2d1c70257fcb,plain,propagate,strong,"{""dim"": 1, ""distance"": 12, ""length"": 48, ""n_sources"": 1}",4,25000,3,0.9956406727433205,0.0,0.9600681737065315,0.7218749994834264,0.0
looped_transformer,looped_transformer/plain,2d1c70257fcb,plain,propagate,strong,"{""dim"": 1, ""distance"": 12, ""length"": 48, ""n_sources"": 1}",4,27500,3,0.995029571155707,0.0,0.9584440464774767,0.7224027776320776,0.0
looped_transformer,looped_transformer/plain,2d1c70257fcb,plain,propagate,strong,"{""dim"": 1, ""distance"": 12, ""length"": 48, ""n_sources"": 1}",4,30000,3,0.9950385615229607,0.0,0.9577066972851753,0.7257222216924032,0.0
looped_transformer,looped_transformer/plain,2d1c70257fcb,plain,propagate,strong,"{""dim"": 1, ""distance"": 12, ""length"": 48, ""n_sources"": 1}",4,32500,3,0.9955443019668261,0.0,0.9610123187303543,0.7180694443782171,0.0
looped_transformer,looped_transformer/plain,2d1c70257fcb,plain,propagate,strong,"{""dim"": 1, ""distance"": 12, ""length"": 48, ""n_sources"": 1}",4,35000,3,0.9955044736464819,0.0,0.9619557186961174,0.7183750003178915,0.0
looped_transformer,looped_transformer/plain,2d1c70257fcb,plain,propagate,strong,"{""dim"": 1, ""distance"": 12, ""length"": 48, ""n_sources"": 1}",4,37500,3,0.9954272111256918,0.0,0.9620256796479225,0.7181805558999379,0.0
looped_transformer,looped_transformer/plain,2d1c70257fcb,plain,propagate,strong,"{""dim"": 1, ""distance"": 12, ""length"": 48, ""n_sources"": 1}",4,40000,3,0.9954260687033335,0.0,0.9619665121038755,0.7178472224871317,0.0
looped_transformer,looped_transformer/plain,2d1c70257fcb,plain,propagate,strong,"{""dim"": 1, ""distance"": 12, ""length"": 48, ""n_sources"": 1}",8,40000,3,0.9992844841132561,0.0,0.9638725475718578,0.7372638876835506,0.0
looped_transformer,looped_transformer/plain,2d1c70257fcb,plain,propagate,strong,"{""dim"": 1, ""distance"": 12, ""length"": 48, ""n_sources"": 1}",16,2500,3,0.9999122147758802,0.0,0.9621528933445612,0.7261111050049465,0.0
looped_transformer,looped_transformer/plain,2d1c70257fcb,plain,propagate,strong,"{""dim"": 1, ""distance"": 12, ""length"": 48, ""n_sources"": 1}",16,5000,3,0.9998665079474449,0.0,0.9521418884396553,0.72211110552152,0.0
looped_transformer,looped_transformer/plain,2d1c70257fcb,plain,propagate,strong,"{""dim"": 1, ""distance"": 12, ""length"": 48, ""n_sources"": 1}",16,7500,3,0.9998437712589899,0.0,0.9573278774817785,0.7283888854185742,0.0
looped_transformer,looped_transformer/plain,2d1c70257fcb,plain,propagate,strong,"{""dim"": 1, ""distance"": 12, ""length"": 48, ""n_sources"": 1}",16,10000,3,0.999833325544993,0.0,0.9610579063495001,0.745291663368543,0.0
looped_transformer,looped_transformer/plain,2d1c70257fcb,plain,propagate,strong,"{""dim"": 1, ""distance"": 12, ""length"": 48, ""n_sources"": 1}",16,12500,3,0.9998612875739733,0.0,0.9604431018233299,0.7409166643867889,0.0
looped_transformer,looped_transformer/plain,2d1c70257fcb,plain,propagate,strong,"{""dim"": 1, ""distance"": 12, ""length"": 48, ""n_sources"": 1}",16,15000,3,0.999839298427105,0.0,0.9569044162829717,0.7517638860146204,0.0
looped_transformer,looped_transformer/plain,2d1c70257fcb,plain,propagate,strong,"{""dim"": 1, ""distance"": 12, ""length"": 48, ""n_sources"": 1}",16,17500,3,0.9998333801825842,0.0,0.9591828932364782,0.7459999985694886,0.0
looped_transformer,looped_transformer/plain,2d1c70257fcb,plain,propagate,strong,"{""dim"": 1, ""distance"": 12, ""length"": 48, ""n_sources"": 1}",16,20000,3,0.9998529131213824,0.0,0.955825557311376,0.7413472203016281,0.0
looped_transformer,looped_transformer/plain,2d1c70257fcb,plain,propagate,strong,"{""dim"": 1, ""distance"": 12, ""length"": 48, ""n_sources"": 1}",16,22500,3,0.9998778030276299,0.0,0.9528960287570953,0.7470694425503414,0.0
looped_transformer,looped_transformer/plain,2d1c70257fcb,plain,propagate,strong,"{""dim"": 1, ""distance"": 12, ""length"": 48, ""n_sources"": 1}",16,25000,3,0.9998748650153478,0.0,0.9600681737065315,0.7472777758439383,0.0
looped_transformer,looped_transformer/plain,2d1c70257fcb,plain,propagate,strong,"{""dim"": 1, ""distance"": 12, ""length"": 48, ""n_sources"": 1}",16,27500,3,0.9998797004421552,0.0,0.9584440464774767,0.7470555539131164,0.0
looped_transformer,looped_transformer/plain,2d1c70257fcb,plain,propagate,strong,"{""dim"": 1, ""distance"": 12, ""length"": 48, ""n_sources"": 1}",16,30000,3,0.9998815904060999,0.0,0.9577066972851753,0.7462083315054575,0.0
looped_transformer,looped_transformer/plain,2d1c70257fcb,plain,propagate,strong,"{""dim"": 1, ""distance"": 12, ""length"": 48, ""n_sources"": 1}",16,32500,3,0.9998890285690626,0.0,0.9610123187303543,0.7466527766386668,0.0
looped_transformer,looped_transformer/plain,2d1c70257fcb,plain,propagate,strong,"{""dim"": 1, ""distance"": 12, ""length"": 48, ""n_sources"": 1}",16,35000,3,0.9998873348037401,0.0,0.9619557186961174,0.7454861088991165,0.0
looped_transformer,looped_transformer/plain,2d1c70257fcb,plain,propagate,strong,"{""dim"": 1, ""distance"": 12, ""length"": 48, ""n_sources"": 1}",16,37500,3,0.9998852536082268,0.0,0.9620256796479225,0.7434166647990544,0.0
looped_transformer,looped_transformer/plain,2d1c70257fcb,plain,propagate,strong,"{""dim"": 1, ""distance"": 12, ""length"": 48, ""n_sources"": 1}",16,40000,3,0.9998853529493014,0.0,0.9619665121038755,0.7430138868093491,0.0
looped_transformer,looped_transformer/plain,2d1c70257fcb,plain,propagate,strong,"{""dim"": 1, ""distance"": 12, ""length"": 48, ""n_sources"": 1}",32,40000,3,0.9999818969517946,0.0,0.9638725475718578,0.7458888861735661,0.0
looped_transformer,looped_transformer/plain,2d1c70257fcb,plain,propagate,strong,"{""dim"": 1, ""distance"": 24, ""length"": 48, ""n_sources"": 1}",1,2500,3,0.7409137462576231,1.0,0.7409137462576231,0.7212361118793487,0.0
looped_transformer,looped_transformer/plain,2d1c70257fcb,plain,propagate,strong,"{""dim"": 1, ""distance"": 24, ""length"": 48, ""n_sources"": 1}",1,5000,3,0.7076368232568105,1.0,0.7076368232568105,0.6522083331346512,0.0
looped_transformer,looped_transformer/plain,2d1c70257fcb,plain,propagate,strong,"{""dim"": 1, ""distance"": 24, ""length"": 48, ""n_sources"": 1}",1,7500,3,0.6612025474508604,1.0,0.6612025474508604,0.6681805553436279,0.0
looped_transformer,looped_transformer/plain,2d1c70257fcb,plain,propagate,strong,"{""dim"": 1, ""distance"": 24, ""length"": 48, ""n_sources"": 1}",1,10000,3,0.6475122744838396,1.0,0.6475122744838396,0.6722361106475194,0.0
looped_transformer,looped_transformer/plain,2d1c70257fcb,plain,propagate,strong,"{""dim"": 1, ""distance"": 24, ""length"": 48, ""n_sources"": 1}",1,12500,3,0.6608160585165024,1.0,0.6608160585165024,0.6720138881603877,0.0
looped_transformer,looped_transformer/plain,2d1c70257fcb,plain,propagate,strong,"{""dim"": 1, ""distance"": 24, ""length"": 48, ""n_sources"": 1}",1,15000,3,0.6557704359292984,1.0,0.6557704359292984,0.6533888894319534,0.0
looped_transformer,looped_transformer/plain,2d1c70257fcb,plain,propagate,strong,"{""dim"": 1, ""distance"": 24, ""length"": 48, ""n_sources"": 1}",1,17500,3,0.6275861536463102,1.0,0.6275861536463102,0.6762916662096977,0.0
looped_transformer,looped_transformer/plain,2d1c70257fcb,plain,propagate,strong,"{""dim"": 1, ""distance"": 24, ""length"": 48, ""n_sources"": 1}",1,20000,3,0.6213846082488695,1.0,0.6213846082488695,0.642208332657814,0.0
looped_transformer,looped_transformer/plain,2d1c70257fcb,plain,propagate,strong,"{""dim"": 1, ""distance"": 24, ""length"": 48, ""n_sources"": 1}",1,22500,3,0.6156598677237829,1.0,0.6156598677237829,0.651611110230287,0.0
looped_transformer,looped_transformer/plain,2d1c70257fcb,plain,propagate,strong,"{""dim"": 1, ""distance"": 24, ""length"": 48, ""n_sources"": 1}",1,25000,3,0.6268995329737663,1.0,0.6268995329737663,0.645972222050031,0.0
looped_transformer,looped_transformer/plain,2d1c70257fcb,plain,propagate,strong,"{""dim"": 1, ""distance"": 24, ""length"": 48, ""n_sources"": 1}",1,27500,3,0.6273643846313158,1.0,0.6273643846313158,0.650152777671814,0.0
looped_transformer,looped_transformer/plain,2d1c70257fcb,plain,propagate,strong,"{""dim"": 1, ""distance"": 24, ""length"": 48, ""n_sources"": 1}",1,30000,3,0.628390351931254,1.0,0.628390351931254,0.6629027777512868,0.0
looped_transformer,looped_transformer/plain,2d1c70257fcb,plain,propagate,strong,"{""dim"": 1, ""distance"": 24, ""length"": 48, ""n_sources"": 1}",1,32500,3,0.6347595701615015,1.0,0.6347595701615015,0.6526249991257985,0.0
looped_transformer,looped_transformer/plain,2d1c70257fcb,plain,propagate,strong,"{""dim"": 1, ""distance"": 24, ""length"": 48, ""n_sources"": 1}",1,35000,3,0.6380065555373827,1.0,0.6380065555373827,0.6528611097534498,0.0
looped_transformer,looped_transformer/plain,2d1c70257fcb,plain,propagate,strong,"{""dim"": 1, ""distance"": 24, ""length"": 48, ""n_sources"": 1}",1,37500,3,0.6378822575012842,1.0,0.6378822575012842,0.6478194429079691,0.0
looped_transformer,looped_transformer/plain,2d1c70257fcb,plain,propagate,strong,"{""dim"": 1, ""distance"": 24, ""length"": 48, ""n_sources"": 1}",1,40000,3,0.6381154755751292,1.0,0.6381154755751292,0.6463888873457909,0.0
looped_transformer,looped_transformer/plain,2d1c70257fcb,plain,propagate,strong,"{""dim"": 1, ""distance"": 24, ""length"": 48, ""n_sources"": 1}",2,40000,3,0.9653093467156092,0.0,0.9653093467156092,0.6606944443980852,0.0
looped_transformer,looped_transformer/plain,2d1c70257fcb,plain,propagate,strong,"{""dim"": 1, ""distance"": 24, ""length"": 48, ""n_sources"": 1}",4,2500,3,0.9949624215563139,0.0,0.9635993540287018,0.6963194448649883,0.0
looped_transformer,looped_transformer/plain,2d1c70257fcb,plain,propagate,strong,"{""dim"": 1, ""distance"": 24, ""length"": 48, ""n_sources"": 1}",4,5000,3,0.996289831896623,0.0,0.9511441687742869,0.6782361103494963,0.0
looped_transformer,looped_transformer/plain,2d1c70257fcb,plain,propagate,strong,"{""dim"": 1, ""distance"": 24, ""length"": 48, ""n_sources"": 1}",4,7500,3,0.9956349258621534,0.0,0.9555941720803579,0.6843611106276514,0.0
looped_transformer,looped_transformer/plain,2d1c70257fcb,plain,propagate,strong,"{""dim"": 1, ""distance"": 24, ""length"": 48, ""n_sources"": 1}",4,10000,3,0.9948222239812216,0.0,0.9571491479873657,0.7071944453318914,0.0
looped_transformer,looped_transformer/plain,2d1c70257fcb,plain,propagate,strong,"{""dim"": 1, ""distance"": 24, ""length"": 48, ""n_sources"": 1}",4,12500,3,0.9948200335105261,0.0,0.9587813044587771,0.7004444442192712,0.0
looped_transformer,looped_transformer/plain,2d1c70257fcb,plain,propagate,strong,"{""dim"": 1, ""distance"": 24, ""length"": 48, ""n_sources"": 1}",4,15000,3,0.9945373013615608,0.0,0.957304410636425,0.6893055553833644,0.0
looped_transformer,looped_transformer/plain,2d1c70257fcb,plain,propagate,strong,"{""dim"": 1, ""distance"": 24, ""length"": 48, ""n_sources"": 1}",4,17500,3,0.9946326886614164,0.0,0.9562892590959867,0.7107916666269302,0.0
looped_transformer,looped_transformer/plain,2d1c70257fcb,plain,propagate,strong,"{""dim"": 1, ""distance"": 24, ""length"": 48, ""n_sources"": 1}",4,20000,3,0.9945757413903872,0.0,0.9553950503468513,0.6964722207387289,0.0
looped_transformer,looped_transformer/plain,2d1c70257fcb,plain,propagate,strong,"{""dim"": 1, ""distance"": 24, ""length"": 48, ""n_sources"": 1}",4,22500,3,0.994927021364371,0.0,0.9545557647943497,0.683486110428969,0.0
looped_transformer,looped_transformer/plain,2d1c70257fcb,plain,propagate,strong,"{""dim"": 1, ""distance"": 24, ""length"": 48, ""n_sources"": 1}",4,25000,3,0.995571551223596,0.0,0.9605487535397211,0.7000555554032326,0.0
looped_transformer,looped_transformer/plain,2d1c70257fcb,plain,propagate,strong,"{""dim"": 1, ""distance"": 24, ""length"": 48, ""n_sources"": 1}",4,27500,3,0.9952366277575493,0.0,0.9604718560973803,0.7014444442192712,0.0
looped_transformer,looped_transformer/plain,2d1c70257fcb,plain,propagate,strong,"{""dim"": 1, ""distance"": 24, ""length"": 48, ""n_sources"": 1}",4,30000,3,0.9952870532870293,0.0,0.9608909115195274,0.7024722218712172,0.0
looped_transformer,looped_transformer/plain,2d1c70257fcb,plain,propagate,strong,"{""dim"": 1, ""distance"": 24, ""length"": 48, ""n_sources"": 1}",4,32500,3,0.9957261482874552,0.0,0.9651917740702629,0.6940138887763023,0.0
looped_transformer,looped_transformer/plain,2d1c70257fcb,plain,propagate,strong,"{""dim"": 1, ""distance"": 24, ""length"": 48, ""n_sources"": 1}",4,35000,3,0.9956415171424547,0.0,0.9653410290678343,0.6941944443980853,0.0
looped_transformer,looped_transformer/plain,2d1c70257fcb,plain,propagate,strong,"{""dim"": 1, ""distance"": 24, ""length"": 48, ""n_sources"": 1}",4,37500,3,0.9955821161468824,0.0,0.9653356100122134,0.693819444557031,0.0
looped_transformer,looped_transformer/plain,2d1c70257fcb,plain,propagate,strong,"{""dim"": 1, ""distance"": 24, ""length"": 48, ""n_sources"": 1}",4,40000,3,0.9955838322639465,0.0,0.9653093467156092,0.6934166669249535,0.0
looped_transformer,looped_transformer/plain,2d1c70257fcb,plain,propagate,strong,"{""dim"": 1, ""distance"": 24, ""length"": 48, ""n_sources"": 1}",8,40000,3,0.9992903818686804,0.0,0.9647488134602705,0.687777777214845,0.0
looped_transformer,looped_transformer/plain,2d1c70257fcb,plain,propagate,strong,"{""dim"": 1, ""distance"": 24, ""length"": 48, ""n_sources"": 1}",16,2500,3,0.9999105085929235,0.0,0.9635993540287018,0.6117083329459031,0.0
looped_transformer,looped_transformer/plain,2d1c70257fcb,plain,propagate,strong,"{""dim"": 1, ""distance"": 24, ""length"": 48, ""n_sources"": 1}",16,5000,3,0.9998659541209539,0.0,0.9511441687742869,0.61024999944369,0.0
looped_transformer,looped_transformer/plain,2d1c70257fcb,plain,propagate,strong,"{""dim"": 1, ""distance"": 24, ""length"": 48, ""n_sources"": 1}",16,7500,3,0.9998457605640093,0.0,0.9555941720803579,0.6511944443186124,0.0
looped_transformer,looped_transformer/plain,2d1c70257fcb,plain,propagate,strong,"{""dim"": 1, ""distance"": 24, ""length"": 48, ""n_sources"": 1}",16,10000,3,0.999822124838829,0.0,0.9571491479873657,0.6879861110051473,0.0
looped_transformer,looped_transformer/plain,2d1c70257fcb,plain,propagate,strong,"{""dim"": 1, ""distance"": 24, ""length"": 48, ""n_sources"": 1}",16,12500,3,0.999858150879542,0.0,0.9587813044587771,0.6771111112833023,0.0
looped_transformer,looped_transformer/plain,2d1c70257fcb,plain,propagate,strong,"{""dim"": 1, ""distance"": 24, ""length"": 48, ""n_sources"": 1}",16,15000,3,0.9998408854007721,0.0,0.957304410636425,0.6989305550257364,0.0
looped_transformer,looped_transformer/plain,2d1c70257fcb,plain,propagate,strong,"{""dim"": 1, ""distance"": 24, ""length"": 48, ""n_sources"": 1}",16,17500,3,0.9998351683219274,0.0,0.9562892590959867,0.7086527772148449,0.0
looped_transformer,looped_transformer/plain,2d1c70257fcb,plain,propagate,strong,"{""dim"": 1, ""distance"": 24, ""length"": 48, ""n_sources"": 1}",16,20000,3,0.999853270749251,0.0,0.9553950503468513,0.6749722223679225,0.0
looped_transformer,looped_transformer/plain,2d1c70257fcb,plain,propagate,strong,"{""dim"": 1, ""distance"": 24, ""length"": 48, ""n_sources"": 1}",16,22500,3,0.9998720933993658,0.0,0.9545557647943497,0.6912500003874302,0.0
looped_transformer,looped_transformer/plain,2d1c70257fcb,plain,propagate,strong,"{""dim"": 1, ""distance"": 24, ""length"": 48, ""n_sources"": 1}",16,25000,3,0.999874010682106,0.0,0.9605487535397211,0.6927222219705582,0.0
looped_transformer,looped_transformer/plain,2d1c70257fcb,plain,propagate,strong,"{""dim"": 1, ""distance"": 24, ""length"": 48, ""n_sources"": 1}",16,27500,3,0.999874897301197,0.0,0.9604718560973803,0.688916666428248,0.0
looped_transformer,looped_transformer/plain,2d1c70257fcb,plain,propagate,strong,"{""dim"": 1, ""distance"": 24, ""length"": 48, ""n_sources"": 1}",16,30000,3,0.9998706181844076,0.0,0.9608909115195274,0.6763055551052094,0.0
looped_transformer,looped_transformer/plain,2d1c70257fcb,plain,propagate,strong,"{""dim"": 1, ""distance"": 24, ""length"": 48, ""n_sources"": 1}",16,32500,3,0.999880867699782,0.0,0.9651917740702629,0.6775277779102326,0.0
looped_transformer,looped_transformer/plain,2d1c70257fcb,plain,propagate,strong,"{""dim"": 1, ""distance"": 24, ""length"": 48, ""n_sources"": 1}",16,35000,3,0.9998816847801208,0.0,0.9653410290678343,0.6724861106475194,0.0
looped_transformer,looped_transformer/plain,2d1c70257fcb,plain,propagate,strong,"{""dim"": 1, ""distance"": 24, ""length"": 48, ""n_sources"": 1}",16,37500,3,0.9998797128597895,0.0,0.9653356100122134,0.6648611104091008,0.0
looped_transformer,looped_transformer/plain,2d1c70257fcb,plain,propagate,strong,"{""dim"": 1, ""distance"": 24, ""length"": 48, ""n_sources"": 1}",16,40000,3,0.9998796060681343,0.0,0.9653093467156092,0.6635694435238838,0.0
looped_transformer,looped_transformer/plain,2d1c70257fcb,plain,propagate,strong,"{""dim"": 1, ""distance"": 24, ""length"": 48, ""n_sources"": 1}",32,40000,3,0.9999817945063114,0.0,0.9647488134602705,0.6513750006357829,0.0
