config_hash,model,task,step,reasoning_steps,split,difficulty,n_seeds,provisional,dev,diverged_k,exact_match_mean,exact_match_std,exact_match_min,exact_match_max,exact_match_values,exact_match_ci95_lo,exact_match_ci95_hi,exact_match_mean_incl_failed,token_acc_mean,params
76dd99c62a3e,bdh,compose,2500,1,interp,"{""depth"": 1}",3,True,False,0,0.0006666666666666666,0.0009428090415820634,0.0,0.002,"[0.0, 0.002, 0.0]",0.0,0.002,0.0006666666666666666,0.0006666666666666666,10010880
76dd99c62a3e,bdh,compose,2500,1,interp,"{""depth"": 2}",3,True,False,0,0.0,0.0,0.0,0.0,"[0.0, 0.0, 0.0]",0.0,0.0,0.0,0.0,10010880
76dd99c62a3e,bdh,compose,5000,1,interp,"{""depth"": 1}",3,True,False,0,0.014666666666666666,0.012256517540566824,0.0,0.03,"[0.0, 0.03, 0.014]",0.0,0.03,0.014666666666666666,0.014666666666666666,10010880
76dd99c62a3e,bdh,compose,5000,1,interp,"{""depth"": 2}",3,True,False,0,0.012666666666666666,0.009843215373488933,0.0,0.024,"[0.0, 0.024, 0.014]",0.0,0.024000000000000004,0.012666666666666666,0.012666666666666666,10010880
76dd99c62a3e,bdh,compose,7500,1,interp,"{""depth"": 1}",3,True,False,0,0.07933333333333333,0.02994810326028827,0.038,0.108,"[0.038, 0.108, 0.092]",0.038,0.108,0.07933333333333333,0.07933333333333333,10010880
76dd99c62a3e,bdh,compose,7500,1,interp,"{""depth"": 2}",3,True,False,0,0.037333333333333336,0.013695092389449427,0.018,0.048,"[0.018, 0.046, 0.048]",0.018,0.04800000000000001,0.037333333333333336,0.037333333333333336,10010880
76dd99c62a3e,bdh,compose,10000,1,interp,"{""depth"": 1}",3,True,False,0,0.10666666666666667,0.0024944382578492965,0.104,0.11,"[0.104, 0.11, 0.106]",0.104,0.11,0.10666666666666667,0.10666666666666667,10010880
76dd99c62a3e,bdh,compose,10000,1,interp,"{""depth"": 2}",3,True,False,0,0.04933333333333334,0.0009428090415820641,0.048,0.05,"[0.048, 0.05, 0.05]",0.04800000000000001,0.05000000000000001,0.04933333333333334,0.04933333333333334,10010880
76dd99c62a3e,bdh,compose,12500,1,interp,"{""depth"": 1}",3,True,False,0,0.10866666666666665,0.013299958228840005,0.09,0.12,"[0.12, 0.116, 0.09]",0.09000000000000001,0.12,0.10866666666666665,0.10866666666666665,10010880
76dd99c62a3e,bdh,compose,12500,1,interp,"{""depth"": 2}",3,True,False,0,0.05933333333333333,0.0077172246018601546,0.052,0.07,"[0.052, 0.07, 0.056]",0.052,0.07,0.05933333333333333,0.05933333333333333,10010880
76dd99c62a3e,bdh,compose,15000,1,interp,"{""depth"": 1}",3,True,False,0,0.122,0.006531972647421809,0.114,0.13,"[0.114, 0.13, 0.122]",0.114,0.13,0.122,0.122,10010880
76dd99c62a3e,bdh,compose,15000,1,interp,"{""depth"": 2}",3,True,False,0,0.06466666666666666,0.0033993463423951926,0.06,0.068,"[0.06, 0.068, 0.066]",0.06,0.068,0.06466666666666666,0.06466666666666666,10010880
76dd99c62a3e,bdh,compose,17500,1,interp,"{""depth"": 1}",3,True,False,0,0.12133333333333333,0.005249338582674539,0.114,0.126,"[0.114, 0.124, 0.126]",0.114,0.126,0.12133333333333333,0.12133333333333333,10010880
76dd99c62a3e,bdh,compose,17500,1,interp,"{""depth"": 2}",3,True,False,0,0.07266666666666667,0.008379870059984357,0.064,0.084,"[0.07, 0.084, 0.064]",0.064,0.084,0.07266666666666667,0.07266666666666667,10010880
76dd99c62a3e,bdh,compose,20000,1,interp,"{""depth"": 1}",3,True,False,0,0.11466666666666665,0.006798692684790379,0.108,0.124,"[0.112, 0.124, 0.108]",0.108,0.124,0.11466666666666665,0.11466666666666665,10010880
76dd99c62a3e,bdh,compose,20000,1,interp,"{""depth"": 2}",3,True,False,0,0.074,0.002828427124746186,0.07,0.076,"[0.076, 0.076, 0.07]",0.07,0.076,0.074,0.074,10010880
76dd99c62a3e,bdh,compose,22500,1,interp,"{""depth"": 1}",3,True,False,0,0.128,0.01574801574802362,0.114,0.15,"[0.15, 0.12, 0.114]",0.114,0.15,0.128,0.128,10010880
76dd99c62a3e,bdh,compose,22500,1,interp,"{""depth"": 2}",3,True,False,0,0.07733333333333332,0.013097921802925667,0.062,0.094,"[0.076, 0.094, 0.062]",0.062,0.09400000000000001,0.07733333333333332,0.07733333333333332,10010880
76dd99c62a3e,bdh,compose,25000,1,interp,"{""depth"": 1}",3,True,False,0,0.13,0.008640987597877155,0.118,0.138,"[0.134, 0.138, 0.118]",0.118,0.138,0.13,0.13,10010880
76dd99c62a3e,bdh,compose,25000,1,interp,"{""depth"": 2}",3,True,False,0,0.07733333333333332,0.004988876515698593,0.072,0.084,"[0.076, 0.084, 0.072]",0.072,0.084,0.07733333333333332,0.07733333333333332,10010880
76dd99c62a3e,bdh,compose,27500,1,interp,"{""depth"": 1}",3,True,False,0,0.126,0.0043204937989385775,0.122,0.132,"[0.122, 0.132, 0.124]",0.122,0.132,0.126,0.126,10010880
76dd99c62a3e,bdh,compose,27500,1,interp,"{""depth"": 2}",3,True,False,0,0.07133333333333333,0.0041096093353126485,0.066,0.076,"[0.072, 0.076, 0.066]",0.066,0.076,0.07133333333333333,0.07133333333333333,10010880
76dd99c62a3e,bdh,compose,30000,1,interp,"{""depth"": 1}",3,True,False,0,0.10999999999999999,0.009092121131323901,0.098,0.12,"[0.112, 0.12, 0.098]",0.09800000000000002,0.12,0.10999999999999999,0.10999999999999999,10010880
76dd99c62a3e,bdh,compose,30000,1,interp,"{""depth"": 2}",3,True,False,0,0.07933333333333333,0.004714045207910314,0.076,0.086,"[0.076, 0.086, 0.076]",0.076,0.08600000000000001,0.07933333333333333,0.07933333333333333,10010880
76dd99c62a3e,bdh,compose,32500,1,interp,"{""depth"": 1}",3,True,False,0,0.122,0.0043204937989385775,0.118,0.128,"[0.128, 0.12, 0.118]",0.118,0.128,0.122,0.122,10010880
76dd99c62a3e,bdh,compose,32500,1,interp,"{""depth"": 2}",3,True,False,0,0.07733333333333334,0.005249338582674539,0.07,0.082,"[0.082, 0.08, 0.07]",0.07,0.082,0.07733333333333334,0.07733333333333334,10010880
76dd99c62a3e,bdh,compose,35000,1,interp,"{""depth"": 1}",3,True,False,0,0.12666666666666668,0.003399346342395193,0.122,0.13,"[0.122, 0.128, 0.13]",0.122,0.13,0.12666666666666668,0.12666666666666668,10010880
76dd99c62a3e,bdh,compose,35000,1,interp,"{""depth"": 2}",3,True,False,0,0.074,0.008164965809277263,0.064,0.084,"[0.074, 0.084, 0.064]",0.064,0.084,0.074,0.074,10010880
76dd99c62a3e,bdh,compose,37500,1,interp,"{""depth"": 1}",3,True,False,0,0.124,0.005656854249492379,0.116,0.128,"[0.116, 0.128, 0.128]",0.116,0.128,0.124,0.124,10010880
76dd99c62a3e,bdh,compose,37500,1,interp,"{""depth"": 2}",3,True,False,0,0.07866666666666666,0.011115554667022043,0.068,0.094,"[0.068, 0.094, 0.074]",0.068,0.09400000000000001,0.07866666666666666,0.07866666666666666,10010880
76dd99c62a3e,bdh,compose,40000,1,interp,"{""depth"": 1}",3,True,False,0,0.12333333333333334,0.008055363982396382,0.112,0.13,"[0.112, 0.128, 0.13]",0.112,0.13,0.12333333333333334,0.12333333333333334,10010880
76dd99c62a3e,bdh,compose,40000,1,interp,"{""depth"": 2}",3,True,False,0,0.07733333333333332,0.008993825042154692,0.066,0.088,"[0.078, 0.088, 0.066]",0.066,0.08800000000000001,0.07733333333333332,0.07733333333333332,10010880
76dd99c62a3e,bdh,compose,40000,2,interp,"{""depth"": 1}",3,True,False,0,0.12333333333333334,0.008055363982396382,0.112,0.13,"[0.112, 0.128, 0.13]",0.112,0.13,0.12333333333333334,0.12333333333333334,10010880
76dd99c62a3e,bdh,compose,40000,2,interp,"{""depth"": 2}",3,True,False,0,0.07733333333333332,0.008993825042154692,0.066,0.088,"[0.078, 0.088, 0.066]",0.066,0.08800000000000001,0.07733333333333332,0.07733333333333332,10010880
76dd99c62a3e,bdh,compose,2500,4,interp,"{""depth"": 1}",3,True,False,0,0.0006666666666666666,0.0009428090415820634,0.0,0.002,"[0.0, 0.002, 0.0]",0.0,0.002,0.0006666666666666666,0.0006666666666666666,10010880
76dd99c62a3e,bdh,compose,2500,4,interp,"{""depth"": 2}",3,True,False,0,0.0,0.0,0.0,0.0,"[0.0, 0.0, 0.0]",0.0,0.0,0.0,0.0,10010880
76dd99c62a3e,bdh,compose,5000,4,interp,"{""depth"": 1}",3,True,False,0,0.014666666666666666,0.012256517540566824,0.0,0.03,"[0.0, 0.03, 0.014]",0.0,0.03,0.014666666666666666,0.014666666666666666,10010880
76dd99c62a3e,bdh,compose,5000,4,interp,"{""depth"": 2}",3,True,False,0,0.012666666666666666,0.009843215373488933,0.0,0.024,"[0.0, 0.024, 0.014]",0.0,0.024000000000000004,0.012666666666666666,0.012666666666666666,10010880
76dd99c62a3e,bdh,compose,7500,4,interp,"{""depth"": 1}",3,True,False,0,0.07933333333333333,0.02994810326028827,0.038,0.108,"[0.038, 0.108, 0.092]",0.038,0.108,0.07933333333333333,0.07933333333333333,10010880
76dd99c62a3e,bdh,compose,7500,4,interp,"{""depth"": 2}",3,True,False,0,0.037333333333333336,0.013695092389449427,0.018,0.048,"[0.018, 0.046, 0.048]",0.018,0.04800000000000001,0.037333333333333336,0.037333333333333336,10010880
76dd99c62a3e,bdh,compose,10000,4,interp,"{""depth"": 1}",3,True,False,0,0.10666666666666667,0.0024944382578492965,0.104,0.11,"[0.104, 0.11, 0.106]",0.104,0.11,0.10666666666666667,0.10666666666666667,10010880
76dd99c62a3e,bdh,compose,10000,4,interp,"{""depth"": 2}",3,True,False,0,0.04933333333333334,0.0009428090415820641,0.048,0.05,"[0.048, 0.05, 0.05]",0.04800000000000001,0.05000000000000001,0.04933333333333334,0.04933333333333334,10010880
76dd99c62a3e,bdh,compose,12500,4,interp,"{""depth"": 1}",3,True,False,0,0.10866666666666665,0.013299958228840005,0.09,0.12,"[0.12, 0.116, 0.09]",0.09000000000000001,0.12,0.10866666666666665,0.10866666666666665,10010880
76dd99c62a3e,bdh,compose,12500,4,interp,"{""depth"": 2}",3,True,False,0,0.05933333333333333,0.0077172246018601546,0.052,0.07,"[0.052, 0.07, 0.056]",0.052,0.07,0.05933333333333333,0.05933333333333333,10010880
76dd99c62a3e,bdh,compose,15000,4,interp,"{""depth"": 1}",3,True,False,0,0.122,0.006531972647421809,0.114,0.13,"[0.114, 0.13, 0.122]",0.114,0.13,0.122,0.122,10010880
76dd99c62a3e,bdh,compose,15000,4,interp,"{""depth"": 2}",3,True,False,0,0.06466666666666666,0.0033993463423951926,0.06,0.068,"[0.06, 0.068, 0.066]",0.06,0.068,0.06466666666666666,0.06466666666666666,10010880
76dd99c62a3e,bdh,compose,17500,4,interp,"{""depth"": 1}",3,True,False,0,0.12133333333333333,0.005249338582674539,0.114,0.126,"[0.114, 0.124, 0.126]",0.114,0.126,0.12133333333333333,0.12133333333333333,10010880
76dd99c62a3e,bdh,compose,17500,4,interp,"{""depth"": 2}",3,True,False,0,0.07266666666666667,0.008379870059984357,0.064,0.084,"[0.07, 0.084, 0.064]",0.064,0.084,0.07266666666666667,0.07266666666666667,10010880
76dd99c62a3e,bdh,compose,20000,4,interp,"{""depth"": 1}",3,True,False,0,0.11466666666666665,0.006798692684790379,0.108,0.124,"[0.112, 0.124, 0.108]",0.108,0.124,0.11466666666666665,0.11466666666666665,10010880
76dd99c62a3e,bdh,compose,20000,4,interp,"{""depth"": 2}",3,True,False,0,0.074,0.002828427124746186,0.07,0.076,"[0.076, 0.076, 0.07]",0.07,0.076,0.074,0.074,10010880
76dd99c62a3e,bdh,compose,22500,4,interp,"{""depth"": 1}",3,True,False,0,0.128,0.01574801574802362,0.114,0.15,"[0.15, 0.12, 0.114]",0.114,0.15,0.128,0.128,10010880
76dd99c62a3e,bdh,compose,22500,4,interp,"{""depth"": 2}",3,True,False,0,0.07733333333333332,0.013097921802925667,0.062,0.094,"[0.076, 0.094, 0.062]",0.062,0.09400000000000001,0.07733333333333332,0.07733333333333332,10010880
76dd99c62a3e,bdh,compose,25000,4,interp,"{""depth"": 1}",3,True,False,0,0.13,0.008640987597877155,0.118,0.138,"[0.134, 0.138, 0.118]",0.118,0.138,0.13,0.13,10010880
76dd99c62a3e,bdh,compose,25000,4,interp,"{""depth"": 2}",3,True,False,0,0.07733333333333332,0.004988876515698593,0.072,0.084,"[0.076, 0.084, 0.072]",0.072,0.084,0.07733333333333332,0.07733333333333332,10010880
76dd99c62a3e,bdh,compose,27500,4,interp,"{""depth"": 1}",3,True,False,0,0.126,0.0043204937989385775,0.122,0.132,"[0.122, 0.132, 0.124]",0.122,0.132,0.126,0.126,10010880
76dd99c62a3e,bdh,compose,27500,4,interp,"{""depth"": 2}",3,True,False,0,0.07133333333333333,0.0041096093353126485,0.066,0.076,"[0.072, 0.076, 0.066]",0.066,0.076,0.07133333333333333,0.07133333333333333,10010880
76dd99c62a3e,bdh,compose,30000,4,interp,"{""depth"": 1}",3,True,False,0,0.10999999999999999,0.009092121131323901,0.098,0.12,"[0.112, 0.12, 0.098]",0.09800000000000002,0.12,0.10999999999999999,0.10999999999999999,10010880
76dd99c62a3e,bdh,compose,30000,4,interp,"{""depth"": 2}",3,True,False,0,0.07933333333333333,0.004714045207910314,0.076,0.086,"[0.076, 0.086, 0.076]",0.076,0.08600000000000001,0.07933333333333333,0.07933333333333333,10010880
76dd99c62a3e,bdh,compose,32500,4,interp,"{""depth"": 1}",3,True,False,0,0.122,0.0043204937989385775,0.118,0.128,"[0.128, 0.12, 0.118]",0.118,0.128,0.122,0.122,10010880
76dd99c62a3e,bdh,compose,32500,4,interp,"{""depth"": 2}",3,True,False,0,0.07733333333333334,0.005249338582674539,0.07,0.082,"[0.082, 0.08, 0.07]",0.07,0.082,0.07733333333333334,0.07733333333333334,10010880
76dd99c62a3e,bdh,compose,35000,4,interp,"{""depth"": 1}",3,True,False,0,0.12666666666666668,0.003399346342395193,0.122,0.13,"[0.122, 0.128, 0.13]",0.122,0.13,0.12666666666666668,0.12666666666666668,10010880
76dd99c62a3e,bdh,compose,35000,4,interp,"{""depth"": 2}",3,True,False,0,0.074,0.008164965809277263,0.064,0.084,"[0.074, 0.084, 0.064]",0.064,0.084,0.074,0.074,10010880
76dd99c62a3e,bdh,compose,37500,4,interp,"{""depth"": 1}",3,True,False,0,0.124,0.005656854249492379,0.116,0.128,"[0.116, 0.128, 0.128]",0.116,0.128,0.124,0.124,10010880
76dd99c62a3e,bdh,compose,37500,4,interp,"{""depth"": 2}",3,True,False,0,0.07866666666666666,0.011115554667022043,0.068,0.094,"[0.068, 0.094, 0.074]",0.068,0.09400000000000001,0.07866666666666666,0.07866666666666666,10010880
76dd99c62a3e,bdh,compose,40000,4,interp,"{""depth"": 1}",3,True,False,0,0.12333333333333334,0.008055363982396382,0.112,0.13,"[0.112, 0.128, 0.13]",0.112,0.13,0.12333333333333334,0.12333333333333334,10010880
76dd99c62a3e,bdh,compose,40000,4,interp,"{""depth"": 2}",3,True,False,0,0.07733333333333332,0.008993825042154692,0.066,0.088,"[0.078, 0.088, 0.066]",0.066,0.08800000000000001,0.07733333333333332,0.07733333333333332,10010880
76dd99c62a3e,bdh,compose,40000,8,interp,"{""depth"": 1}",3,True,False,0,0.12333333333333334,0.008055363982396382,0.112,0.13,"[0.112, 0.128, 0.13]",0.112,0.13,0.12333333333333334,0.12333333333333334,10010880
76dd99c62a3e,bdh,compose,40000,8,interp,"{""depth"": 2}",3,True,False,0,0.07733333333333332,0.008993825042154692,0.066,0.088,"[0.078, 0.088, 0.066]",0.066,0.08800000000000001,0.07733333333333332,0.07733333333333332,10010880
76dd99c62a3e,bdh,compose,2500,16,interp,"{""depth"": 1}",3,True,False,0,0.0006666666666666666,0.0009428090415820634,0.0,0.002,"[0.0, 0.002, 0.0]",0.0,0.002,0.0006666666666666666,0.0006666666666666666,10010880
76dd99c62a3e,bdh,compose,2500,16,interp,"{""depth"": 2}",3,True,False,0,0.0,0.0,0.0,0.0,"[0.0, 0.0, 0.0]",0.0,0.0,0.0,0.0,10010880
76dd99c62a3e,bdh,compose,5000,16,interp,"{""depth"": 1}",3,True,False,0,0.014666666666666666,0.012256517540566824,0.0,0.03,"[0.0, 0.03, 0.014]",0.0,0.03,0.014666666666666666,0.014666666666666666,10010880
76dd99c62a3e,bdh,compose,5000,16,interp,"{""depth"": 2}",3,True,False,0,0.012666666666666666,0.009843215373488933,0.0,0.024,"[0.0, 0.024, 0.014]",0.0,0.024000000000000004,0.012666666666666666,0.012666666666666666,10010880
76dd99c62a3e,bdh,compose,7500,16,interp,"{""depth"": 1}",3,True,False,0,0.07933333333333333,0.02994810326028827,0.038,0.108,"[0.038, 0.108, 0.092]",0.038,0.108,0.07933333333333333,0.07933333333333333,10010880
76dd99c62a3e,bdh,compose,7500,16,interp,"{""depth"": 2}",3,True,False,0,0.037333333333333336,0.013695092389449427,0.018,0.048,"[0.018, 0.046, 0.048]",0.018,0.04800000000000001,0.037333333333333336,0.037333333333333336,10010880
76dd99c62a3e,bdh,compose,10000,16,interp,"{""depth"": 1}",3,True,False,0,0.10666666666666667,0.0024944382578492965,0.104,0.11,"[0.104, 0.11, 0.106]",0.104,0.11,0.10666666666666667,0.10666666666666667,10010880
76dd99c62a3e,bdh,compose,10000,16,interp,"{""depth"": 2}",3,True,False,0,0.04933333333333334,0.0009428090415820641,0.048,0.05,"[0.048, 0.05, 0.05]",0.04800000000000001,0.05000000000000001,0.04933333333333334,0.04933333333333334,10010880
76dd99c62a3e,bdh,compose,12500,16,interp,"{""depth"": 1}",3,True,False,0,0.10866666666666665,0.013299958228840005,0.09,0.12,"[0.12, 0.116, 0.09]",0.09000000000000001,0.12,0.10866666666666665,0.10866666666666665,10010880
76dd99c62a3e,bdh,compose,12500,16,interp,"{""depth"": 2}",3,True,False,0,0.05933333333333333,0.0077172246018601546,0.052,0.07,"[0.052, 0.07, 0.056]",0.052,0.07,0.05933333333333333,0.05933333333333333,10010880
76dd99c62a3e,bdh,compose,15000,16,interp,"{""depth"": 1}",3,True,False,0,0.122,0.006531972647421809,0.114,0.13,"[0.114, 0.13, 0.122]",0.114,0.13,0.122,0.122,10010880
76dd99c62a3e,bdh,compose,15000,16,interp,"{""depth"": 2}",3,True,False,0,0.06466666666666666,0.0033993463423951926,0.06,0.068,"[0.06, 0.068, 0.066]",0.06,0.068,0.06466666666666666,0.06466666666666666,10010880
76dd99c62a3e,bdh,compose,17500,16,interp,"{""depth"": 1}",3,True,False,0,0.12133333333333333,0.005249338582674539,0.114,0.126,"[0.114, 0.124, 0.126]",0.114,0.126,0.12133333333333333,0.12133333333333333,10010880
76dd99c62a3e,bdh,compose,17500,16,interp,"{""depth"": 2}",3,True,False,0,0.07266666666666667,0.008379870059984357,0.064,0.084,"[0.07, 0.084, 0.064]",0.064,0.084,0.07266666666666667,0.07266666666666667,10010880
76dd99c62a3e,bdh,compose,20000,16,interp,"{""depth"": 1}",3,True,False,0,0.11466666666666665,0.006798692684790379,0.108,0.124,"[0.112, 0.124, 0.108]",0.108,0.124,0.11466666666666665,0.11466666666666665,10010880
76dd99c62a3e,bdh,compose,20000,16,interp,"{""depth"": 2}",3,True,False,0,0.074,0.002828427124746186,0.07,0.076,"[0.076, 0.076, 0.07]",0.07,0.076,0.074,0.074,10010880
76dd99c62a3e,bdh,compose,22500,16,interp,"{""depth"": 1}",3,True,False,0,0.128,0.01574801574802362,0.114,0.15,"[0.15, 0.12, 0.114]",0.114,0.15,0.128,0.128,10010880
76dd99c62a3e,bdh,compose,22500,16,interp,"{""depth"": 2}",3,True,False,0,0.07733333333333332,0.013097921802925667,0.062,0.094,"[0.076, 0.094, 0.062]",0.062,0.09400000000000001,0.07733333333333332,0.07733333333333332,10010880
76dd99c62a3e,bdh,compose,25000,16,interp,"{""depth"": 1}",3,True,False,0,0.13,0.008640987597877155,0.118,0.138,"[0.134, 0.138, 0.118]",0.118,0.138,0.13,0.13,10010880
76dd99c62a3e,bdh,compose,25000,16,interp,"{""depth"": 2}",3,True,False,0,0.07733333333333332,0.004988876515698593,0.072,0.084,"[0.076, 0.084, 0.072]",0.072,0.084,0.07733333333333332,0.07733333333333332,10010880
76dd99c62a3e,bdh,compose,27500,16,interp,"{""depth"": 1}",3,True,False,0,0.126,0.0043204937989385775,0.122,0.132,"[0.122, 0.132, 0.124]",0.122,0.132,0.126,0.126,10010880
76dd99c62a3e,bdh,compose,27500,16,interp,"{""depth"": 2}",3,True,False,0,0.07133333333333333,0.0041096093353126485,0.066,0.076,"[0.072, 0.076, 0.066]",0.066,0.076,0.07133333333333333,0.07133333333333333,10010880
76dd99c62a3e,bdh,compose,30000,16,interp,"{""depth"": 1}",3,True,False,0,0.10999999999999999,0.009092121131323901,0.098,0.12,"[0.112, 0.12, 0.098]",0.09800000000000002,0.12,0.10999999999999999,0.10999999999999999,10010880
76dd99c62a3e,bdh,compose,30000,16,interp,"{""depth"": 2}",3,True,False,0,0.07933333333333333,0.004714045207910314,0.076,0.086,"[0.076, 0.086, 0.076]",0.076,0.08600000000000001,0.07933333333333333,0.07933333333333333,10010880
76dd99c62a3e,bdh,compose,32500,16,interp,"{""depth"": 1}",3,True,False,0,0.122,0.0043204937989385775,0.118,0.128,"[0.128, 0.12, 0.118]",0.118,0.128,0.122,0.122,10010880
76dd99c62a3e,bdh,compose,32500,16,interp,"{""depth"": 2}",3,True,False,0,0.07733333333333334,0.005249338582674539,0.07,0.082,"[0.082, 0.08, 0.07]",0.07,0.082,0.07733333333333334,0.07733333333333334,10010880
76dd99c62a3e,bdh,compose,35000,16,interp,"{""depth"": 1}",3,True,False,0,0.12666666666666668,0.003399346342395193,0.122,0.13,"[0.122, 0.128, 0.13]",0.122,0.13,0.12666666666666668,0.12666666666666668,10010880
76dd99c62a3e,bdh,compose,35000,16,interp,"{""depth"": 2}",3,True,False,0,0.074,0.008164965809277263,0.064,0.084,"[0.074, 0.084, 0.064]",0.064,0.084,0.074,0.074,10010880
76dd99c62a3e,bdh,compose,37500,16,interp,"{""depth"": 1}",3,True,False,0,0.124,0.005656854249492379,0.116,0.128,"[0.116, 0.128, 0.128]",0.116,0.128,0.124,0.124,10010880
76dd99c62a3e,bdh,compose,37500,16,interp,"{""depth"": 2}",3,True,False,0,0.07866666666666666,0.011115554667022043,0.068,0.094,"[0.068, 0.094, 0.074]",0.068,0.09400000000000001,0.07866666666666666,0.07866666666666666,10010880
76dd99c62a3e,bdh,compose,40000,16,interp,"{""depth"": 1}",3,True,False,0,0.12333333333333334,0.008055363982396382,0.112,0.13,"[0.112, 0.128, 0.13]",0.112,0.13,0.12333333333333334,0.12333333333333334,10010880
76dd99c62a3e,bdh,compose,40000,16,interp,"{""depth"": 2}",3,True,False,0,0.07733333333333332,0.008993825042154692,0.066,0.088,"[0.078, 0.088, 0.066]",0.066,0.08800000000000001,0.07733333333333332,0.07733333333333332,10010880
76dd99c62a3e,bdh,compose,40000,32,interp,"{""depth"": 1}",3,True,False,0,0.12333333333333334,0.008055363982396382,0.112,0.13,"[0.112, 0.128, 0.13]",0.112,0.13,0.12333333333333334,0.12333333333333334,10010880
76dd99c62a3e,bdh,compose,40000,32,interp,"{""depth"": 2}",3,True,False,0,0.07733333333333332,0.008993825042154692,0.066,0.088,"[0.078, 0.088, 0.066]",0.066,0.08800000000000001,0.07733333333333332,0.07733333333333332,10010880
76dd99c62a3e,bdh,compose,2500,1,mild,"{""depth"": 3}",3,True,False,0,0.0,0.0,0.0,0.0,"[0.0, 0.0, 0.0]",0.0,0.0,0.0,0.0,10010880
76dd99c62a3e,bdh,compose,2500,1,mild,"{""depth"": 4}",3,True,False,0,0.0,0.0,0.0,0.0,"[0.0, 0.0, 0.0]",0.0,0.0,0.0,0.0,10010880
76dd99c62a3e,bdh,compose,5000,1,mild,"{""depth"": 3}",3,True,False,0,0.004,0.00282842712474619,0.0,0.006,"[0.0, 0.006, 0.006]",0.0,0.006000000000000001,0.004,0.004,10010880
76dd99c62a3e,bdh,compose,5000,1,mild,"{""depth"": 4}",3,True,False,0,0.0026666666666666666,0.0024944382578492943,0.0,0.006,"[0.002, 0.006, 0.0]",0.0,0.006000000000000001,0.0026666666666666666,0.0026666666666666666,10010880
76dd99c62a3e,bdh,compose,7500,1,mild,"{""depth"": 3}",3,True,False,0,0.024000000000000004,0.004320493798938573,0.02,0.03,"[0.02, 0.03, 0.022]",0.02,0.03,0.024000000000000004,0.024000000000000004,10010880
76dd99c62a3e,bdh,compose,7500,1,mild,"{""depth"": 4}",3,True,False,0,0.014666666666666668,0.009428090415820633,0.008,0.028,"[0.008, 0.028, 0.008]",0.008,0.028,0.014666666666666668,0.014666666666666668,10010880
76dd99c62a3e,bdh,compose,10000,1,mild,"{""depth"": 3}",3,True,False,0,0.029333333333333336,0.008219218670625302,0.02,0.04,"[0.028, 0.04, 0.02]",0.02,0.04,0.029333333333333336,0.029333333333333336,10010880
76dd99c62a3e,bdh,compose,10000,1,mild,"{""depth"": 4}",3,True,False,0,0.023999999999999997,0.004320493798938573,0.02,0.03,"[0.022, 0.03, 0.02]",0.02,0.03,0.023999999999999997,0.023999999999999997,10010880
76dd99c62a3e,bdh,compose,12500,1,mild,"{""depth"": 3}",3,True,False,0,0.035333333333333335,0.008055363982396382,0.024,0.042,"[0.042, 0.024, 0.04]",0.024000000000000004,0.042,0.035333333333333335,0.035333333333333335,10010880
76dd99c62a3e,bdh,compose,12500,1,mild,"{""depth"": 4}",3,True,False,0,0.02466666666666667,0.0009428090415820625,0.024,0.026,"[0.026, 0.024, 0.024]",0.024000000000000004,0.026,0.02466666666666667,0.02466666666666667,10010880
76dd99c62a3e,bdh,compose,15000,1,mild,"{""depth"": 3}",3,True,False,0,0.046000000000000006,0.007483314773547883,0.036,0.054,"[0.054, 0.048, 0.036]",0.036,0.054,0.046000000000000006,0.046000000000000006,10010880
76dd99c62a3e,bdh,compose,15000,1,mild,"{""depth"": 4}",3,True,False,0,0.028,0.008640987597877148,0.02,0.04,"[0.04, 0.024, 0.02]",0.02,0.04,0.028,0.028,10010880
76dd99c62a3e,bdh,compose,17500,1,mild,"{""depth"": 3}",3,True,False,0,0.056,0.00864098759787715,0.048,0.068,"[0.068, 0.048, 0.052]",0.04800000000000001,0.068,0.056,0.056,10010880
76dd99c62a3e,bdh,compose,17500,1,mild,"{""depth"": 4}",3,True,False,0,0.03,0.005656854249492382,0.022,0.034,"[0.034, 0.034, 0.022]",0.022000000000000002,0.034,0.03,0.03,10010880
76dd99c62a3e,bdh,compose,20000,1,mild,"{""depth"": 3}",3,True,False,0,0.049999999999999996,0.010708252269472675,0.036,0.062,"[0.062, 0.052, 0.036]",0.036,0.062,0.049999999999999996,0.049999999999999996,10010880
76dd99c62a3e,bdh,compose,20000,1,mild,"{""depth"": 4}",3,True,False,0,0.03933333333333333,0.004109609335312649,0.034,0.044,"[0.044, 0.04, 0.034]",0.034,0.044000000000000004,0.03933333333333333,0.03933333333333333,10010880
76dd99c62a3e,bdh,compose,22500,1,mild,"{""depth"": 3}",3,True,False,0,0.057999999999999996,0.013063945294843613,0.042,0.074,"[0.074, 0.042, 0.058]",0.042,0.074,0.057999999999999996,0.057999999999999996,10010880
76dd99c62a3e,bdh,compose,22500,1,mild,"{""depth"": 4}",3,True,False,0,0.03,0.004898979485566355,0.024,0.036,"[0.03, 0.036, 0.024]",0.024000000000000004,0.036,0.03,0.03,10010880
76dd99c62a3e,bdh,compose,25000,1,mild,"{""depth"": 3}",3,True,False,0,0.05666666666666667,0.00997775303139718,0.046,0.07,"[0.07, 0.046, 0.054]",0.046000000000000006,0.07,0.05666666666666667,0.05666666666666667,10010880
76dd99c62a3e,bdh,compose,25000,1,mild,"{""depth"": 4}",3,True,False,0,0.04133333333333333,0.0009428090415820641,0.04,0.042,"[0.04, 0.042, 0.042]",0.04,0.042,0.04133333333333333,0.04133333333333333,10010880
76dd99c62a3e,bdh,compose,27500,1,mild,"{""depth"": 3}",3,True,False,0,0.064,0.006531972647421805,0.056,0.072,"[0.072, 0.056, 0.064]",0.056,0.072,0.064,0.064,10010880
76dd99c62a3e,bdh,compose,27500,1,mild,"{""depth"": 4}",3,True,False,0,0.04666666666666667,0.008219218670625304,0.036,0.056,"[0.056, 0.036, 0.048]",0.036,0.056,0.04666666666666667,0.04666666666666667,10010880
76dd99c62a3e,bdh,compose,30000,1,mild,"{""depth"": 3}",3,True,False,0,0.06466666666666666,0.0024944382578492965,0.062,0.068,"[0.068, 0.062, 0.064]",0.062,0.068,0.06466666666666666,0.06466666666666666,10010880
76dd99c62a3e,bdh,compose,30000,1,mild,"{""depth"": 4}",3,True,False,0,0.04466666666666667,0.004109609335312652,0.04,0.05,"[0.05, 0.044, 0.04]",0.04,0.05000000000000001,0.04466666666666667,0.04466666666666667,10010880
76dd99c62a3e,bdh,compose,32500,1,mild,"{""depth"": 3}",3,True,False,0,0.056,0.0043204937989385715,0.05,0.06,"[0.06, 0.05, 0.058]",0.05000000000000001,0.06,0.056,0.056,10010880
76dd99c62a3e,bdh,compose,32500,1,mild,"{""depth"": 4}",3,True,False,0,0.042666666666666665,0.0024944382578492934,0.04,0.046,"[0.046, 0.042, 0.04]",0.04,0.046000000000000006,0.042666666666666665,0.042666666666666665,10010880
76dd99c62a3e,bdh,compose,35000,1,mild,"{""depth"": 3}",3,True,False,0,0.06333333333333334,0.008379870059984355,0.052,0.072,"[0.066, 0.052, 0.072]",0.052,0.072,0.06333333333333334,0.06333333333333334,10010880
76dd99c62a3e,bdh,compose,35000,1,mild,"{""depth"": 4}",3,True,False,0,0.04466666666666667,0.0009428090415820641,0.044,0.046,"[0.044, 0.046, 0.044]",0.044000000000000004,0.046000000000000006,0.04466666666666667,0.04466666666666667,10010880
76dd99c62a3e,bdh,compose,37500,1,mild,"{""depth"": 3}",3,True,False,0,0.06,0.004320493798938574,0.054,0.064,"[0.062, 0.054, 0.064]",0.054,0.064,0.06,0.06,10010880
76dd99c62a3e,bdh,compose,37500,1,mild,"{""depth"": 4}",3,True,False,0,0.042,0.0016329931618554508,0.04,0.044,"[0.044, 0.04, 0.042]",0.04,0.044000000000000004,0.042,0.042,10010880
76dd99c62a3e,bdh,compose,40000,1,mild,"{""depth"": 3}",3,True,False,0,0.06,0.008640987597877148,0.048,0.068,"[0.068, 0.048, 0.064]",0.04800000000000001,0.068,0.06,0.06,10010880
76dd99c62a3e,bdh,compose,40000,1,mild,"{""depth"": 4}",3,True,False,0,0.04533333333333334,0.0052493385826745415,0.038,0.05,"[0.048, 0.05, 0.038]",0.038,0.05000000000000001,0.04533333333333334,0.04533333333333334,10010880
76dd99c62a3e,bdh,compose,40000,2,mild,"{""depth"": 3}",3,True,False,0,0.06,0.008640987597877148,0.048,0.068,"[0.068, 0.048, 0.064]",0.04800000000000001,0.068,0.06,0.06,10010880
76dd99c62a3e,bdh,compose,40000,2,mild,"{""depth"": 4}",3,True,False,0,0.04533333333333334,0.0052493385826745415,0.038,0.05,"[0.048, 0.05, 0.038]",0.038,0.05000000000000001,0.04533333333333334,0.04533333333333334,10010880
76dd99c62a3e,bdh,compose,2500,4,mild,"{""depth"": 3}",3,True,False,0,0.0,0.0,0.0,0.0,"[0.0, 0.0, 0.0]",0.0,0.0,0.0,0.0,10010880
76dd99c62a3e,bdh,compose,2500,4,mild,"{""depth"": 4}",3,True,False,0,0.0,0.0,0.0,0.0,"[0.0, 0.0, 0.0]",0.0,0.0,0.0,0.0,10010880
76dd99c62a3e,bdh,compose,5000,4,mild,"{""depth"": 3}",3,True,False,0,0.004,0.00282842712474619,0.0,0.006,"[0.0, 0.006, 0.006]",0.0,0.006000000000000001,0.004,0.004,10010880
76dd99c62a3e,bdh,compose,5000,4,mild,"{""depth"": 4}",3,True,False,0,0.0026666666666666666,0.0024944382578492943,0.0,0.006,"[0.002, 0.006, 0.0]",0.0,0.006000000000000001,0.0026666666666666666,0.0026666666666666666,10010880
76dd99c62a3e,bdh,compose,7500,4,mild,"{""depth"": 3}",3,True,False,0,0.024000000000000004,0.004320493798938573,0.02,0.03,"[0.02, 0.03, 0.022]",0.02,0.03,0.024000000000000004,0.024000000000000004,10010880
76dd99c62a3e,bdh,compose,7500,4,mild,"{""depth"": 4}",3,True,False,0,0.014666666666666668,0.009428090415820633,0.008,0.028,"[0.008, 0.028, 0.008]",0.008,0.028,0.014666666666666668,0.014666666666666668,10010880
76dd99c62a3e,bdh,compose,10000,4,mild,"{""depth"": 3}",3,True,False,0,0.029333333333333336,0.008219218670625302,0.02,0.04,"[0.028, 0.04, 0.02]",0.02,0.04,0.029333333333333336,0.029333333333333336,10010880
76dd99c62a3e,bdh,compose,10000,4,mild,"{""depth"": 4}",3,True,False,0,0.023999999999999997,0.004320493798938573,0.02,0.03,"[0.022, 0.03, 0.02]",0.02,0.03,0.023999999999999997,0.023999999999999997,10010880
76dd99c62a3e,bdh,compose,12500,4,mild,"{""depth"": 3}",3,True,False,0,0.035333333333333335,0.008055363982396382,0.024,0.042,"[0.042, 0.024, 0.04]",0.024000000000000004,0.042,0.035333333333333335,0.035333333333333335,10010880
76dd99c62a3e,bdh,compose,12500,4,mild,"{""depth"": 4}",3,True,False,0,0.02466666666666667,0.0009428090415820625,0.024,0.026,"[0.026, 0.024, 0.024]",0.024000000000000004,0.026,0.02466666666666667,0.02466666666666667,10010880
76dd99c62a3e,bdh,compose,15000,4,mild,"{""depth"": 3}",3,True,False,0,0.046000000000000006,0.007483314773547883,0.036,0.054,"[0.054, 0.048, 0.036]",0.036,0.054,0.046000000000000006,0.046000000000000006,10010880
76dd99c62a3e,bdh,compose,15000,4,mild,"{""depth"": 4}",3,True,False,0,0.028,0.008640987597877148,0.02,0.04,"[0.04, 0.024, 0.02]",0.02,0.04,0.028,0.028,10010880
76dd99c62a3e,bdh,compose,17500,4,mild,"{""depth"": 3}",3,True,False,0,0.056,0.00864098759787715,0.048,0.068,"[0.068, 0.048, 0.052]",0.04800000000000001,0.068,0.056,0.056,10010880
76dd99c62a3e,bdh,compose,17500,4,mild,"{""depth"": 4}",3,True,False,0,0.03,0.005656854249492382,0.022,0.034,"[0.034, 0.034, 0.022]",0.022000000000000002,0.034,0.03,0.03,10010880
76dd99c62a3e,bdh,compose,20000,4,mild,"{""depth"": 3}",3,True,False,0,0.049999999999999996,0.010708252269472675,0.036,0.062,"[0.062, 0.052, 0.036]",0.036,0.062,0.049999999999999996,0.049999999999999996,10010880
76dd99c62a3e,bdh,compose,20000,4,mild,"{""depth"": 4}",3,True,False,0,0.03933333333333333,0.004109609335312649,0.034,0.044,"[0.044, 0.04, 0.034]",0.034,0.044000000000000004,0.03933333333333333,0.03933333333333333,10010880
76dd99c62a3e,bdh,compose,22500,4,mild,"{""depth"": 3}",3,True,False,0,0.057999999999999996,0.013063945294843613,0.042,0.074,"[0.074, 0.042, 0.058]",0.042,0.074,0.057999999999999996,0.057999999999999996,10010880
76dd99c62a3e,bdh,compose,22500,4,mild,"{""depth"": 4}",3,True,False,0,0.03,0.004898979485566355,0.024,0.036,"[0.03, 0.036, 0.024]",0.024000000000000004,0.036,0.03,0.03,10010880
76dd99c62a3e,bdh,compose,25000,4,mild,"{""depth"": 3}",3,True,False,0,0.05666666666666667,0.00997775303139718,0.046,0.07,"[0.07, 0.046, 0.054]",0.046000000000000006,0.07,0.05666666666666667,0.05666666666666667,10010880
76dd99c62a3e,bdh,compose,25000,4,mild,"{""depth"": 4}",3,True,False,0,0.04133333333333333,0.0009428090415820641,0.04,0.042,"[0.04, 0.042, 0.042]",0.04,0.042,0.04133333333333333,0.04133333333333333,10010880
76dd99c62a3e,bdh,compose,27500,4,mild,"{""depth"": 3}",3,True,False,0,0.064,0.006531972647421805,0.056,0.072,"[0.072, 0.056, 0.064]",0.056,0.072,0.064,0.064,10010880
76dd99c62a3e,bdh,compose,27500,4,mild,"{""depth"": 4}",3,True,False,0,0.04666666666666667,0.008219218670625304,0.036,0.056,"[0.056, 0.036, 0.048]",0.036,0.056,0.04666666666666667,0.04666666666666667,10010880
76dd99c62a3e,bdh,compose,30000,4,mild,"{""depth"": 3}",3,True,False,0,0.06466666666666666,0.0024944382578492965,0.062,0.068,"[0.068, 0.062, 0.064]",0.062,0.068,0.06466666666666666,0.06466666666666666,10010880
76dd99c62a3e,bdh,compose,30000,4,mild,"{""depth"": 4}",3,True,False,0,0.04466666666666667,0.004109609335312652,0.04,0.05,"[0.05, 0.044, 0.04]",0.04,0.05000000000000001,0.04466666666666667,0.04466666666666667,10010880
76dd99c62a3e,bdh,compose,32500,4,mild,"{""depth"": 3}",3,True,False,0,0.056,0.0043204937989385715,0.05,0.06,"[0.06, 0.05, 0.058]",0.05000000000000001,0.06,0.056,0.056,10010880
76dd99c62a3e,bdh,compose,32500,4,mild,"{""depth"": 4}",3,True,False,0,0.042666666666666665,0.0024944382578492934,0.04,0.046,"[0.046, 0.042, 0.04]",0.04,0.046000000000000006,0.042666666666666665,0.042666666666666665,10010880
76dd99c62a3e,bdh,compose,35000,4,mild,"{""depth"": 3}",3,True,False,0,0.06333333333333334,0.008379870059984355,0.052,0.072,"[0.066, 0.052, 0.072]",0.052,0.072,0.06333333333333334,0.06333333333333334,10010880
76dd99c62a3e,bdh,compose,35000,4,mild,"{""depth"": 4}",3,True,False,0,0.04466666666666667,0.0009428090415820641,0.044,0.046,"[0.044, 0.046, 0.044]",0.044000000000000004,0.046000000000000006,0.04466666666666667,0.04466666666666667,10010880
76dd99c62a3e,bdh,compose,37500,4,mild,"{""depth"": 3}",3,True,False,0,0.06,0.004320493798938574,0.054,0.064,"[0.062, 0.054, 0.064]",0.054,0.064,0.06,0.06,10010880
76dd99c62a3e,bdh,compose,37500,4,mild,"{""depth"": 4}",3,True,False,0,0.042,0.0016329931618554508,0.04,0.044,"[0.044, 0.04, 0.042]",0.04,0.044000000000000004,0.042,0.042,10010880
76dd99c62a3e,bdh,compose,40000,4,mild,"{""depth"": 3}",3,True,False,0,0.06,0.008640987597877148,0.048,0.068,"[0.068, 0.048, 0.064]",0.04800000000000001,0.068,0.06,0.06,10010880
76dd99c62a3e,bdh,compose,40000,4,mild,"{""depth"": 4}",3,True,False,0,0.04533333333333334,0.0052493385826745415,0.038,0.05,"[0.048, 0.05, 0.038]",0.038,0.05000000000000001,0.04533333333333334,0.04533333333333334,10010880
76dd99c62a3e,bdh,compose,40000,8,mild,"{""depth"": 3}",3,True,False,0,0.06,0.008640987597877148,0.048,0.068,"[0.068, 0.048, 0.064]",0.04800000000000001,0.068,0.06,0.06,10010880
76dd99c62a3e,bdh,compose,40000,8,mild,"{""depth"": 4}",3,True,False,0,0.04533333333333334,0.0052493385826745415,0.038,0.05,"[0.048, 0.05, 0.038]",0.038,0.05000000000000001,0.04533333333333334,0.04533333333333334,10010880
76dd99c62a3e,bdh,compose,2500,16,mild,"{""depth"": 3}",3,True,False,0,0.0,0.0,0.0,0.0,"[0.0, 0.0, 0.0]",0.0,0.0,0.0,0.0,10010880
76dd99c62a3e,bdh,compose,2500,16,mild,"{""depth"": 4}",3,True,False,0,0.0,0.0,0.0,0.0,"[0.0, 0.0, 0.0]",0.0,0.0,0.0,0.0,10010880
76dd99c62a3e,bdh,compose,5000,16,mild,"{""depth"": 3}",3,True,False,0,0.004,0.00282842712474619,0.0,0.006,"[0.0, 0.006, 0.006]",0.0,0.006000000000000001,0.004,0.004,10010880
76dd99c62a3e,bdh,compose,5000,16,mild,"{""depth"": 4}",3,True,False,0,0.0026666666666666666,0.0024944382578492943,0.0,0.006,"[0.002, 0.006, 0.0]",0.0,0.006000000000000001,0.0026666666666666666,0.0026666666666666666,10010880
76dd99c62a3e,bdh,compose,7500,16,mild,"{""depth"": 3}",3,True,False,0,0.024000000000000004,0.004320493798938573,0.02,0.03,"[0.02, 0.03, 0.022]",0.02,0.03,0.024000000000000004,0.024000000000000004,10010880
76dd99c62a3e,bdh,compose,7500,16,mild,"{""depth"": 4}",3,True,False,0,0.014666666666666668,0.009428090415820633,0.008,0.028,"[0.008, 0.028, 0.008]",0.008,0.028,0.014666666666666668,0.014666666666666668,10010880
76dd99c62a3e,bdh,compose,10000,16,mild,"{""depth"": 3}",3,True,False,0,0.029333333333333336,0.008219218670625302,0.02,0.04,"[0.028, 0.04, 0.02]",0.02,0.04,0.029333333333333336,0.029333333333333336,10010880
76dd99c62a3e,bdh,compose,10000,16,mild,"{""depth"": 4}",3,True,False,0,0.023999999999999997,0.004320493798938573,0.02,0.03,"[0.022, 0.03, 0.02]",0.02,0.03,0.023999999999999997,0.023999999999999997,10010880
76dd99c62a3e,bdh,compose,12500,16,mild,"{""depth"": 3}",3,True,False,0,0.035333333333333335,0.008055363982396382,0.024,0.042,"[0.042, 0.024, 0.04]",0.024000000000000004,0.042,0.035333333333333335,0.035333333333333335,10010880
76dd99c62a3e,bdh,compose,12500,16,mild,"{""depth"": 4}",3,True,False,0,0.02466666666666667,0.0009428090415820625,0.024,0.026,"[0.026, 0.024, 0.024]",0.024000000000000004,0.026,0.02466666666666667,0.02466666666666667,10010880
76dd99c62a3e,bdh,compose,15000,16,mild,"{""depth"": 3}",3,True,False,0,0.046000000000000006,0.007483314773547883,0.036,0.054,"[0.054, 0.048, 0.036]",0.036,0.054,0.046000000000000006,0.046000000000000006,10010880
76dd99c62a3e,bdh,compose,15000,16,mild,"{""depth"": 4}",3,True,False,0,0.028,0.008640987597877148,0.02,0.04,"[0.04, 0.024, 0.02]",0.02,0.04,0.028,0.028,10010880
76dd99c62a3e,bdh,compose,17500,16,mild,"{""depth"": 3}",3,True,False,0,0.056,0.00864098759787715,0.048,0.068,"[0.068, 0.048, 0.052]",0.04800000000000001,0.068,0.056,0.056,10010880
76dd99c62a3e,bdh,compose,17500,16,mild,"{""depth"": 4}",3,True,False,0,0.03,0.005656854249492382,0.022,0.034,"[0.034, 0.034, 0.022]",0.022000000000000002,0.034,0.03,0.03,10010880
76dd99c62a3e,bdh,compose,20000,16,mild,"{""depth"": 3}",3,True,False,0,0.049999999999999996,0.010708252269472675,0.036,0.062,"[0.062, 0.052, 0.036]",0.036,0.062,0.049999999999999996,0.049999999999999996,10010880
76dd99c62a3e,bdh,compose,20000,16,mild,"{""depth"": 4}",3,True,False,0,0.03933333333333333,0.004109609335312649,0.034,0.044,"[0.044, 0.04, 0.034]",0.034,0.044000000000000004,0.03933333333333333,0.03933333333333333,10010880
76dd99c62a3e,bdh,compose,22500,16,mild,"{""depth"": 3}",3,True,False,0,0.057999999999999996,0.013063945294843613,0.042,0.074,"[0.074, 0.042, 0.058]",0.042,0.074,0.057999999999999996,0.057999999999999996,10010880
76dd99c62a3e,bdh,compose,22500,16,mild,"{""depth"": 4}",3,True,False,0,0.03,0.004898979485566355,0.024,0.036,"[0.03, 0.036, 0.024]",0.024000000000000004,0.036,0.03,0.03,10010880
76dd99c62a3e,bdh,compose,25000,16,mild,"{""depth"": 3}",3,True,False,0,0.05666666666666667,0.00997775303139718,0.046,0.07,"[0.07, 0.046, 0.054]",0.046000000000000006,0.07,0.05666666666666667,0.05666666666666667,10010880
76dd99c62a3e,bdh,compose,25000,16,mild,"{""depth"": 4}",3,True,False,0,0.04133333333333333,0.0009428090415820641,0.04,0.042,"[0.04, 0.042, 0.042]",0.04,0.042,0.04133333333333333,0.04133333333333333,10010880
76dd99c62a3e,bdh,compose,27500,16,mild,"{""depth"": 3}",3,True,False,0,0.064,0.006531972647421805,0.056,0.072,"[0.072, 0.056, 0.064]",0.056,0.072,0.064,0.064,10010880
76dd99c62a3e,bdh,compose,27500,16,mild,"{""depth"": 4}",3,True,False,0,0.04666666666666667,0.008219218670625304,0.036,0.056,"[0.056, 0.036, 0.048]",0.036,0.056,0.04666666666666667,0.04666666666666667,10010880
76dd99c62a3e,bdh,compose,30000,16,mild,"{""depth"": 3}",3,True,False,0,0.06466666666666666,0.0024944382578492965,0.062,0.068,"[0.068, 0.062, 0.064]",0.062,0.068,0.06466666666666666,0.06466666666666666,10010880
76dd99c62a3e,bdh,compose,30000,16,mild,"{""depth"": 4}",3,True,False,0,0.04466666666666667,0.004109609335312652,0.04,0.05,"[0.05, 0.044, 0.04]",0.04,0.05000000000000001,0.04466666666666667,0.04466666666666667,10010880
76dd99c62a3e,bdh,compose,32500,16,mild,"{""depth"": 3}",3,True,False,0,0.056,0.0043204937989385715,0.05,0.06,"[0.06, 0.05, 0.058]",0.05000000000000001,0.06,0.056,0.056,10010880
76dd99c62a3e,bdh,compose,32500,16,mild,"{""depth"": 4}",3,True,False,0,0.042666666666666665,0.0024944382578492934,0.04,0.046,"[0.046, 0.042, 0.04]",0.04,0.046000000000000006,0.042666666666666665,0.042666666666666665,10010880
76dd99c62a3e,bdh,compose,35000,16,mild,"{""depth"": 3}",3,True,False,0,0.06333333333333334,0.008379870059984355,0.052,0.072,"[0.066, 0.052, 0.072]",0.052,0.072,0.06333333333333334,0.06333333333333334,10010880
76dd99c62a3e,bdh,compose,35000,16,mild,"{""depth"": 4}",3,True,False,0,0.04466666666666667,0.0009428090415820641,0.044,0.046,"[0.044, 0.046, 0.044]",0.044000000000000004,0.046000000000000006,0.04466666666666667,0.04466666666666667,10010880
76dd99c62a3e,bdh,compose,37500,16,mild,"{""depth"": 3}",3,True,False,0,0.06,0.004320493798938574,0.054,0.064,"[0.062, 0.054, 0.064]",0.054,0.064,0.06,0.06,10010880
76dd99c62a3e,bdh,compose,37500,16,mild,"{""depth"": 4}",3,True,False,0,0.042,0.0016329931618554508,0.04,0.044,"[0.044, 0.04, 0.042]",0.04,0.044000000000000004,0.042,0.042,10010880
76dd99c62a3e,bdh,compose,40000,16,mild,"{""depth"": 3}",3,True,False,0,0.06,0.008640987597877148,0.048,0.068,"[0.068, 0.048, 0.064]",0.04800000000000001,0.068,0.06,0.06,10010880
76dd99c62a3e,bdh,compose,40000,16,mild,"{""depth"": 4}",3,True,False,0,0.04533333333333334,0.0052493385826745415,0.038,0.05,"[0.048, 0.05, 0.038]",0.038,0.05000000000000001,0.04533333333333334,0.04533333333333334,10010880
76dd99c62a3e,bdh,compose,40000,32,mild,"{""depth"": 3}",3,True,False,0,0.06,0.008640987597877148,0.048,0.068,"[0.068, 0.048, 0.064]",0.04800000000000001,0.068,0.06,0.06,10010880
76dd99c62a3e,bdh,compose,40000,32,mild,"{""depth"": 4}",3,True,False,0,0.04533333333333334,0.0052493385826745415,0.038,0.05,"[0.048, 0.05, 0.038]",0.038,0.05000000000000001,0.04533333333333334,0.04533333333333334,10010880
76dd99c62a3e,bdh,compose,2500,1,strong,"{""depth"": 6}",3,True,False,0,0.0006666666666666666,0.0009428090415820634,0.0,0.002,"[0.0, 0.002, 0.0]",0.0,0.002,0.0006666666666666666,0.0006666666666666666,10010880
76dd99c62a3e,bdh,compose,2500,1,strong,"{""depth"": 8}",3,True,False,0,0.0,0.0,0.0,0.0,"[0.0, 0.0, 0.0]",0.0,0.0,0.0,0.0,10010880
76dd99c62a3e,bdh,compose,5000,1,strong,"{""depth"": 6}",3,True,False,0,0.0006666666666666666,0.0009428090415820634,0.0,0.002,"[0.0, 0.0, 0.002]",0.0,0.002,0.0006666666666666666,0.0006666666666666666,10010880
76dd99c62a3e,bdh,compose,5000,1,strong,"{""depth"": 8}",3,True,False,0,0.0,0.0,0.0,0.0,"[0.0, 0.0, 0.0]",0.0,0.0,0.0,0.0,10010880
76dd99c62a3e,bdh,compose,7500,1,strong,"{""depth"": 6}",3,True,False,0,0.0026666666666666666,0.0018856180831641268,0.0,0.004,"[0.0, 0.004, 0.004]",0.0,0.004,0.0026666666666666666,0.0026666666666666666,10010880
76dd99c62a3e,bdh,compose,7500,1,strong,"{""depth"": 8}",3,True,False,0,0.002,0.0,0.002,0.002,"[0.002, 0.002, 0.002]",0.002,0.002,0.002,0.002,10010880
76dd99c62a3e,bdh,compose,10000,1,strong,"{""depth"": 6}",3,True,False,0,0.008666666666666668,0.0018856180831641268,0.006,0.01,"[0.01, 0.01, 0.006]",0.006000000000000001,0.01,0.008666666666666668,0.008666666666666668,10010880
76dd99c62a3e,bdh,compose,10000,1,strong,"{""depth"": 8}",3,True,False,0,0.006666666666666668,0.0033993463423951896,0.002,0.01,"[0.01, 0.008, 0.002]",0.002,0.01,0.006666666666666668,0.006666666666666668,10010880
76dd99c62a3e,bdh,compose,12500,1,strong,"{""depth"": 6}",3,True,False,0,0.011333333333333334,0.004109609335312651,0.006,0.016,"[0.016, 0.012, 0.006]",0.006000000000000001,0.016,0.011333333333333334,0.011333333333333334,10010880
76dd99c62a3e,bdh,compose,12500,1,strong,"{""depth"": 8}",3,True,False,0,0.006666666666666667,0.00339934634239519,0.002,0.01,"[0.002, 0.01, 0.008]",0.002,0.01,0.006666666666666667,0.006666666666666667,10010880
76dd99c62a3e,bdh,compose,15000,1,strong,"{""depth"": 6}",3,True,False,0,0.016666666666666666,0.006599663291074444,0.008,0.024,"[0.024, 0.018, 0.008]",0.008,0.024000000000000004,0.016666666666666666,0.016666666666666666,10010880
76dd99c62a3e,bdh,compose,15000,1,strong,"{""depth"": 8}",3,True,False,0,0.0033333333333333335,0.0024944382578492943,0.0,0.006,"[0.004, 0.0, 0.006]",0.0,0.006000000000000001,0.0033333333333333335,0.0033333333333333335,10010880
76dd99c62a3e,bdh,compose,17500,1,strong,"{""depth"": 6}",3,True,False,0,0.020666666666666667,0.005249338582674541,0.016,0.028,"[0.016, 0.018, 0.028]",0.016,0.028,0.020666666666666667,0.020666666666666667,10010880
76dd99c62a3e,bdh,compose,17500,1,strong,"{""depth"": 8}",3,True,False,0,0.016666666666666666,0.006599663291074444,0.008,0.024,"[0.018, 0.024, 0.008]",0.008,0.024000000000000004,0.016666666666666666,0.016666666666666666,10010880
76dd99c62a3e,bdh,compose,20000,1,strong,"{""depth"": 6}",3,True,False,0,0.024666666666666667,0.0037712361663282535,0.022,0.03,"[0.022, 0.022, 0.03]",0.022000000000000002,0.03,0.024666666666666667,0.024666666666666667,10010880
76dd99c62a3e,bdh,compose,20000,1,strong,"{""depth"": 8}",3,True,False,0,0.013999999999999999,0.004320493798938573,0.01,0.02,"[0.02, 0.01, 0.012]",0.01,0.02,0.013999999999999999,0.013999999999999999,10010880
76dd99c62a3e,bdh,compose,22500,1,strong,"{""depth"": 6}",3,True,False,0,0.024666666666666667,0.00805536398239638,0.018,0.036,"[0.018, 0.02, 0.036]",0.018,0.036,0.024666666666666667,0.024666666666666667,10010880
76dd99c62a3e,bdh,compose,22500,1,strong,"{""depth"": 8}",3,True,False,0,0.016,0.004898979485566356,0.01,0.022,"[0.022, 0.01, 0.016]",0.01,0.022000000000000002,0.016,0.016,10010880
76dd99c62a3e,bdh,compose,25000,1,strong,"{""depth"": 6}",3,True,False,0,0.023333333333333334,0.004109609335312652,0.018,0.028,"[0.028, 0.018, 0.024]",0.018,0.028,0.023333333333333334,0.023333333333333334,10010880
76dd99c62a3e,bdh,compose,25000,1,strong,"{""depth"": 8}",3,True,False,0,0.012666666666666666,0.0033993463423951896,0.008,0.016,"[0.016, 0.014, 0.008]",0.008,0.016,0.012666666666666666,0.012666666666666666,10010880
76dd99c62a3e,bdh,compose,27500,1,strong,"{""depth"": 6}",3,True,False,0,0.02266666666666667,0.0018856180831641268,0.02,0.024,"[0.024, 0.024, 0.02]",0.02,0.024000000000000004,0.02266666666666667,0.02266666666666667,10010880
76dd99c62a3e,bdh,compose,27500,1,strong,"{""depth"": 8}",3,True,False,0,0.016666666666666666,0.0009428090415820625,0.016,0.018,"[0.016, 0.016, 0.018]",0.016,0.018,0.016666666666666666,0.016666666666666666,10010880
76dd99c62a3e,bdh,compose,30000,1,strong,"{""depth"": 6}",3,True,False,0,0.025333333333333333,0.0033993463423951896,0.022,0.03,"[0.024, 0.03, 0.022]",0.022000000000000002,0.03,0.025333333333333333,0.025333333333333333,10010880
76dd99c62a3e,bdh,compose,30000,1,strong,"{""depth"": 8}",3,True,False,0,0.017333333333333333,0.005249338582674541,0.01,0.022,"[0.02, 0.022, 0.01]",0.01,0.022000000000000002,0.017333333333333333,0.017333333333333333,10010880
76dd99c62a3e,bdh,compose,32500,1,strong,"{""depth"": 6}",3,True,False,0,0.027333333333333334,0.008993825042154693,0.016,0.038,"[0.038, 0.028, 0.016]",0.016,0.038,0.027333333333333334,0.027333333333333334,10010880
76dd99c62a3e,bdh,compose,32500,1,strong,"{""depth"": 8}",3,True,False,0,0.017333333333333336,0.00771722460186015,0.01,0.028,"[0.028, 0.014, 0.01]",0.01,0.028,0.017333333333333336,0.017333333333333336,10010880
76dd99c62a3e,bdh,compose,35000,1,strong,"{""depth"": 6}",3,True,False,0,0.03,0.005656854249492382,0.022,0.034,"[0.034, 0.034, 0.022]",0.022000000000000002,0.034,0.03,0.03,10010880
76dd99c62a3e,bdh,compose,35000,1,strong,"{""depth"": 8}",3,True,False,0,0.012666666666666666,0.006798692684790379,0.006,0.022,"[0.022, 0.01, 0.006]",0.006000000000000001,0.022000000000000002,0.012666666666666666,0.012666666666666666,10010880
76dd99c62a3e,bdh,compose,37500,1,strong,"{""depth"": 6}",3,True,False,0,0.030666666666666665,0.0033993463423951913,0.026,0.034,"[0.034, 0.032, 0.026]",0.026,0.034,0.030666666666666665,0.030666666666666665,10010880
76dd99c62a3e,bdh,compose,37500,1,strong,"{""depth"": 8}",3,True,False,0,0.018,0.0032659863237109034,0.014,0.022,"[0.022, 0.014, 0.018]",0.014,0.022000000000000002,0.018,0.018,10010880
76dd99c62a3e,bdh,compose,40000,1,strong,"{""depth"": 6}",3,True,False,0,0.029333333333333333,0.0024944382578492947,0.026,0.032,"[0.03, 0.032, 0.026]",0.026,0.032,0.029333333333333333,0.029333333333333333,10010880
76dd99c62a3e,bdh,compose,40000,1,strong,"{""depth"": 8}",3,True,False,0,0.014666666666666666,0.0024944382578492934,0.012,0.018,"[0.018, 0.014, 0.012]",0.012000000000000002,0.018,0.014666666666666666,0.014666666666666666,10010880
76dd99c62a3e,bdh,compose,40000,2,strong,"{""depth"": 6}",3,True,False,0,0.029333333333333333,0.0024944382578492947,0.026,0.032,"[0.03, 0.032, 0.026]",0.026,0.032,0.029333333333333333,0.029333333333333333,10010880
76dd99c62a3e,bdh,compose,40000,2,strong,"{""depth"": 8}",3,True,False,0,0.014666666666666666,0.0024944382578492934,0.012,0.018,"[0.018, 0.014, 0.012]",0.012000000000000002,0.018,0.014666666666666666,0.014666666666666666,10010880
76dd99c62a3e,bdh,compose,2500,4,strong,"{""depth"": 6}",3,True,False,0,0.0006666666666666666,0.0009428090415820634,0.0,0.002,"[0.0, 0.002, 0.0]",0.0,0.002,0.0006666666666666666,0.0006666666666666666,10010880
76dd99c62a3e,bdh,compose,2500,4,strong,"{""depth"": 8}",3,True,False,0,0.0,0.0,0.0,0.0,"[0.0, 0.0, 0.0]",0.0,0.0,0.0,0.0,10010880
76dd99c62a3e,bdh,compose,5000,4,strong,"{""depth"": 6}",3,True,False,0,0.0006666666666666666,0.0009428090415820634,0.0,0.002,"[0.0, 0.0, 0.002]",0.0,0.002,0.0006666666666666666,0.0006666666666666666,10010880
76dd99c62a3e,bdh,compose,5000,4,strong,"{""depth"": 8}",3,True,False,0,0.0,0.0,0.0,0.0,"[0.0, 0.0, 0.0]",0.0,0.0,0.0,0.0,10010880
76dd99c62a3e,bdh,compose,7500,4,strong,"{""depth"": 6}",3,True,False,0,0.0026666666666666666,0.0018856180831641268,0.0,0.004,"[0.0, 0.004, 0.004]",0.0,0.004,0.0026666666666666666,0.0026666666666666666,10010880
76dd99c62a3e,bdh,compose,7500,4,strong,"{""depth"": 8}",3,True,False,0,0.002,0.0,0.002,0.002,"[0.002, 0.002, 0.002]",0.002,0.002,0.002,0.002,10010880
76dd99c62a3e,bdh,compose,10000,4,strong,"{""depth"": 6}",3,True,False,0,0.008666666666666668,0.0018856180831641268,0.006,0.01,"[0.01, 0.01, 0.006]",0.006000000000000001,0.01,0.008666666666666668,0.008666666666666668,10010880
76dd99c62a3e,bdh,compose,10000,4,strong,"{""depth"": 8}",3,True,False,0,0.006666666666666668,0.0033993463423951896,0.002,0.01,"[0.01, 0.008, 0.002]",0.002,0.01,0.006666666666666668,0.006666666666666668,10010880
76dd99c62a3e,bdh,compose,12500,4,strong,"{""depth"": 6}",3,True,False,0,0.011333333333333334,0.004109609335312651,0.006,0.016,"[0.016, 0.012, 0.006]",0.006000000000000001,0.016,0.011333333333333334,0.011333333333333334,10010880
76dd99c62a3e,bdh,compose,12500,4,strong,"{""depth"": 8}",3,True,False,0,0.006666666666666667,0.00339934634239519,0.002,0.01,"[0.002, 0.01, 0.008]",0.002,0.01,0.006666666666666667,0.006666666666666667,10010880
76dd99c62a3e,bdh,compose,15000,4,strong,"{""depth"": 6}",3,True,False,0,0.016666666666666666,0.006599663291074444,0.008,0.024,"[0.024, 0.018, 0.008]",0.008,0.024000000000000004,0.016666666666666666,0.016666666666666666,10010880
76dd99c62a3e,bdh,compose,15000,4,strong,"{""depth"": 8}",3,True,False,0,0.0033333333333333335,0.0024944382578492943,0.0,0.006,"[0.004, 0.0, 0.006]",0.0,0.006000000000000001,0.0033333333333333335,0.0033333333333333335,10010880
76dd99c62a3e,bdh,compose,17500,4,strong,"{""depth"": 6}",3,True,False,0,0.020666666666666667,0.005249338582674541,0.016,0.028,"[0.016, 0.018, 0.028]",0.016,0.028,0.020666666666666667,0.020666666666666667,10010880
76dd99c62a3e,bdh,compose,17500,4,strong,"{""depth"": 8}",3,True,False,0,0.016666666666666666,0.006599663291074444,0.008,0.024,"[0.018, 0.024, 0.008]",0.008,0.024000000000000004,0.016666666666666666,0.016666666666666666,10010880
76dd99c62a3e,bdh,compose,20000,4,strong,"{""depth"": 6}",3,True,False,0,0.024666666666666667,0.0037712361663282535,0.022,0.03,"[0.022, 0.022, 0.03]",0.022000000000000002,0.03,0.024666666666666667,0.024666666666666667,10010880
76dd99c62a3e,bdh,compose,20000,4,strong,"{""depth"": 8}",3,True,False,0,0.013999999999999999,0.004320493798938573,0.01,0.02,"[0.02, 0.01, 0.012]",0.01,0.02,0.013999999999999999,0.013999999999999999,10010880
76dd99c62a3e,bdh,compose,22500,4,strong,"{""depth"": 6}",3,True,False,0,0.024666666666666667,0.00805536398239638,0.018,0.036,"[0.018, 0.02, 0.036]",0.018,0.036,0.024666666666666667,0.024666666666666667,10010880
76dd99c62a3e,bdh,compose,22500,4,strong,"{""depth"": 8}",3,True,False,0,0.016,0.004898979485566356,0.01,0.022,"[0.022, 0.01, 0.016]",0.01,0.022000000000000002,0.016,0.016,10010880
76dd99c62a3e,bdh,compose,25000,4,strong,"{""depth"": 6}",3,True,False,0,0.023333333333333334,0.004109609335312652,0.018,0.028,"[0.028, 0.018, 0.024]",0.018,0.028,0.023333333333333334,0.023333333333333334,10010880
76dd99c62a3e,bdh,compose,25000,4,strong,"{""depth"": 8}",3,True,False,0,0.012666666666666666,0.0033993463423951896,0.008,0.016,"[0.016, 0.014, 0.008]",0.008,0.016,0.012666666666666666,0.012666666666666666,10010880
76dd99c62a3e,bdh,compose,27500,4,strong,"{""depth"": 6}",3,True,False,0,0.02266666666666667,0.0018856180831641268,0.02,0.024,"[0.024, 0.024, 0.02]",0.02,0.024000000000000004,0.02266666666666667,0.02266666666666667,10010880
76dd99c62a3e,bdh,compose,27500,4,strong,"{""depth"": 8}",3,True,False,0,0.016666666666666666,0.0009428090415820625,0.016,0.018,"[0.016, 0.016, 0.018]",0.016,0.018,0.016666666666666666,0.016666666666666666,10010880
76dd99c62a3e,bdh,compose,30000,4,strong,"{""depth"": 6}",3,True,False,0,0.025333333333333333,0.0033993463423951896,0.022,0.03,"[0.024, 0.03, 0.022]",0.022000000000000002,0.03,0.025333333333333333,0.025333333333333333,10010880
76dd99c62a3e,bdh,compose,30000,4,strong,"{""depth"": 8}",3,True,False,0,0.017333333333333333,0.005249338582674541,0.01,0.022,"[0.02, 0.022, 0.01]",0.01,0.022000000000000002,0.017333333333333333,0.017333333333333333,10010880
76dd99c62a3e,bdh,compose,32500,4,strong,"{""depth"": 6}",3,True,False,0,0.027333333333333334,0.008993825042154693,0.016,0.038,"[0.038, 0.028, 0.016]",0.016,0.038,0.027333333333333334,0.027333333333333334,10010880
76dd99c62a3e,bdh,compose,32500,4,strong,"{""depth"": 8}",3,True,False,0,0.017333333333333336,0.00771722460186015,0.01,0.028,"[0.028, 0.014, 0.01]",0.01,0.028,0.017333333333333336,0.017333333333333336,10010880
76dd99c62a3e,bdh,compose,35000,4,strong,"{""depth"": 6}",3,True,False,0,0.03,0.005656854249492382,0.022,0.034,"[0.034, 0.034, 0.022]",0.022000000000000002,0.034,0.03,0.03,10010880
76dd99c62a3e,bdh,compose,35000,4,strong,"{""depth"": 8}",3,True,False,0,0.012666666666666666,0.006798692684790379,0.006,0.022,"[0.022, 0.01, 0.006]",0.006000000000000001,0.022000000000000002,0.012666666666666666,0.012666666666666666,10010880
76dd99c62a3e,bdh,compose,37500,4,strong,"{""depth"": 6}",3,True,False,0,0.030666666666666665,0.0033993463423951913,0.026,0.034,"[0.034, 0.032, 0.026]",0.026,0.034,0.030666666666666665,0.030666666666666665,10010880
76dd99c62a3e,bdh,compose,37500,4,strong,"{""depth"": 8}",3,True,False,0,0.018,0.0032659863237109034,0.014,0.022,"[0.022, 0.014, 0.018]",0.014,0.022000000000000002,0.018,0.018,10010880
76dd99c62a3e,bdh,compose,40000,4,strong,"{""depth"": 6}",3,True,False,0,0.029333333333333333,0.0024944382578492947,0.026,0.032,"[0.03, 0.032, 0.026]",0.026,0.032,0.029333333333333333,0.029333333333333333,10010880
76dd99c62a3e,bdh,compose,40000,4,strong,"{""depth"": 8}",3,True,False,0,0.014666666666666666,0.0024944382578492934,0.012,0.018,"[0.018, 0.014, 0.012]",0.012000000000000002,0.018,0.014666666666666666,0.014666666666666666,10010880
76dd99c62a3e,bdh,compose,40000,8,strong,"{""depth"": 6}",3,True,False,0,0.029333333333333333,0.0024944382578492947,0.026,0.032,"[0.03, 0.032, 0.026]",0.026,0.032,0.029333333333333333,0.029333333333333333,10010880
76dd99c62a3e,bdh,compose,40000,8,strong,"{""depth"": 8}",3,True,False,0,0.014666666666666666,0.0024944382578492934,0.012,0.018,"[0.018, 0.014, 0.012]",0.012000000000000002,0.018,0.014666666666666666,0.014666666666666666,10010880
76dd99c62a3e,bdh,compose,2500,16,strong,"{""depth"": 6}",3,True,False,0,0.0006666666666666666,0.0009428090415820634,0.0,0.002,"[0.0, 0.002, 0.0]",0.0,0.002,0.0006666666666666666,0.0006666666666666666,10010880
76dd99c62a3e,bdh,compose,2500,16,strong,"{""depth"": 8}",3,True,False,0,0.0,0.0,0.0,0.0,"[0.0, 0.0, 0.0]",0.0,0.0,0.0,0.0,10010880
76dd99c62a3e,bdh,compose,5000,16,strong,"{""depth"": 6}",3,True,False,0,0.0006666666666666666,0.0009428090415820634,0.0,0.002,"[0.0, 0.0, 0.002]",0.0,0.002,0.0006666666666666666,0.0006666666666666666,10010880
76dd99c62a3e,bdh,compose,5000,16,strong,"{""depth"": 8}",3,True,False,0,0.0,0.0,0.0,0.0,"[0.0, 0.0, 0.0]",0.0,0.0,0.0,0.0,10010880
76dd99c62a3e,bdh,compose,7500,16,strong,"{""depth"": 6}",3,True,False,0,0.0026666666666666666,0.0018856180831641268,0.0,0.004,"[0.0, 0.004, 0.004]",0.0,0.004,0.0026666666666666666,0.0026666666666666666,10010880
76dd99c62a3e,bdh,compose,7500,16,strong,"{""depth"": 8}",3,True,False,0,0.002,0.0,0.002,0.002,"[0.002, 0.002, 0.002]",0.002,0.002,0.002,0.002,10010880
76dd99c62a3e,bdh,compose,10000,16,strong,"{""depth"": 6}",3,True,False,0,0.008666666666666668,0.0018856180831641268,0.006,0.01,"[0.01, 0.01, 0.006]",0.006000000000000001,0.01,0.008666666666666668,0.008666666666666668,10010880
76dd99c62a3e,bdh,compose,10000,16,strong,"{""depth"": 8}",3,True,False,0,0.006666666666666668,0.0033993463423951896,0.002,0.01,"[0.01, 0.008, 0.002]",0.002,0.01,0.006666666666666668,0.006666666666666668,10010880
76dd99c62a3e,bdh,compose,12500,16,strong,"{""depth"": 6}",3,True,False,0,0.011333333333333334,0.004109609335312651,0.006,0.016,"[0.016, 0.012, 0.006]",0.006000000000000001,0.016,0.011333333333333334,0.011333333333333334,10010880
76dd99c62a3e,bdh,compose,12500,16,strong,"{""depth"": 8}",3,True,False,0,0.006666666666666667,0.00339934634239519,0.002,0.01,"[0.002, 0.01, 0.008]",0.002,0.01,0.006666666666666667,0.006666666666666667,10010880
76dd99c62a3e,bdh,compose,15000,16,strong,"{""depth"": 6}",3,True,False,0,0.016666666666666666,0.006599663291074444,0.008,0.024,"[0.024, 0.018, 0.008]",0.008,0.024000000000000004,0.016666666666666666,0.016666666666666666,10010880
76dd99c62a3e,bdh,compose,15000,16,strong,"{""depth"": 8}",3,True,False,0,0.0033333333333333335,0.0024944382578492943,0.0,0.006,"[0.004, 0.0, 0.006]",0.0,0.006000000000000001,0.0033333333333333335,0.0033333333333333335,10010880
76dd99c62a3e,bdh,compose,17500,16,strong,"{""depth"": 6}",3,True,False,0,0.020666666666666667,0.005249338582674541,0.016,0.028,"[0.016, 0.018, 0.028]",0.016,0.028,0.020666666666666667,0.020666666666666667,10010880
76dd99c62a3e,bdh,compose,17500,16,strong,"{""depth"": 8}",3,True,False,0,0.016666666666666666,0.006599663291074444,0.008,0.024,"[0.018, 0.024, 0.008]",0.008,0.024000000000000004,0.016666666666666666,0.016666666666666666,10010880
76dd99c62a3e,bdh,compose,20000,16,strong,"{""depth"": 6}",3,True,False,0,0.024666666666666667,0.0037712361663282535,0.022,0.03,"[0.022, 0.022, 0.03]",0.022000000000000002,0.03,0.024666666666666667,0.024666666666666667,10010880
76dd99c62a3e,bdh,compose,20000,16,strong,"{""depth"": 8}",3,True,False,0,0.013999999999999999,0.004320493798938573,0.01,0.02,"[0.02, 0.01, 0.012]",0.01,0.02,0.013999999999999999,0.013999999999999999,10010880
76dd99c62a3e,bdh,compose,22500,16,strong,"{""depth"": 6}",3,True,False,0,0.024666666666666667,0.00805536398239638,0.018,0.036,"[0.018, 0.02, 0.036]",0.018,0.036,0.024666666666666667,0.024666666666666667,10010880
76dd99c62a3e,bdh,compose,22500,16,strong,"{""depth"": 8}",3,True,False,0,0.016,0.004898979485566356,0.01,0.022,"[0.022, 0.01, 0.016]",0.01,0.022000000000000002,0.016,0.016,10010880
76dd99c62a3e,bdh,compose,25000,16,strong,"{""depth"": 6}",3,True,False,0,0.023333333333333334,0.004109609335312652,0.018,0.028,"[0.028, 0.018, 0.024]",0.018,0.028,0.023333333333333334,0.023333333333333334,10010880
76dd99c62a3e,bdh,compose,25000,16,strong,"{""depth"": 8}",3,True,False,0,0.012666666666666666,0.0033993463423951896,0.008,0.016,"[0.016, 0.014, 0.008]",0.008,0.016,0.012666666666666666,0.012666666666666666,10010880
76dd99c62a3e,bdh,compose,27500,16,strong,"{""depth"": 6}",3,True,False,0,0.02266666666666667,0.0018856180831641268,0.02,0.024,"[0.024, 0.024, 0.02]",0.02,0.024000000000000004,0.02266666666666667,0.02266666666666667,10010880
76dd99c62a3e,bdh,compose,27500,16,strong,"{""depth"": 8}",3,True,False,0,0.016666666666666666,0.0009428090415820625,0.016,0.018,"[0.016, 0.016, 0.018]",0.016,0.018,0.016666666666666666,0.016666666666666666,10010880
76dd99c62a3e,bdh,compose,30000,16,strong,"{""depth"": 6}",3,True,False,0,0.025333333333333333,0.0033993463423951896,0.022,0.03,"[0.024, 0.03, 0.022]",0.022000000000000002,0.03,0.025333333333333333,0.025333333333333333,10010880
76dd99c62a3e,bdh,compose,30000,16,strong,"{""depth"": 8}",3,True,False,0,0.017333333333333333,0.005249338582674541,0.01,0.022,"[0.02, 0.022, 0.01]",0.01,0.022000000000000002,0.017333333333333333,0.017333333333333333,10010880
76dd99c62a3e,bdh,compose,32500,16,strong,"{""depth"": 6}",3,True,False,0,0.027333333333333334,0.008993825042154693,0.016,0.038,"[0.038, 0.028, 0.016]",0.016,0.038,0.027333333333333334,0.027333333333333334,10010880
76dd99c62a3e,bdh,compose,32500,16,strong,"{""depth"": 8}",3,True,False,0,0.017333333333333336,0.00771722460186015,0.01,0.028,"[0.028, 0.014, 0.01]",0.01,0.028,0.017333333333333336,0.017333333333333336,10010880
76dd99c62a3e,bdh,compose,35000,16,strong,"{""depth"": 6}",3,True,False,0,0.03,0.005656854249492382,0.022,0.034,"[0.034, 0.034, 0.022]",0.022000000000000002,0.034,0.03,0.03,10010880
76dd99c62a3e,bdh,compose,35000,16,strong,"{""depth"": 8}",3,True,False,0,0.012666666666666666,0.006798692684790379,0.006,0.022,"[0.022, 0.01, 0.006]",0.006000000000000001,0.022000000000000002,0.012666666666666666,0.012666666666666666,10010880
76dd99c62a3e,bdh,compose,37500,16,strong,"{""depth"": 6}",3,True,False,0,0.030666666666666665,0.0033993463423951913,0.026,0.034,"[0.034, 0.032, 0.026]",0.026,0.034,0.030666666666666665,0.030666666666666665,10010880
76dd99c62a3e,bdh,compose,37500,16,strong,"{""depth"": 8}",3,True,False,0,0.018,0.0032659863237109034,0.014,0.022,"[0.022, 0.014, 0.018]",0.014,0.022000000000000002,0.018,0.018,10010880
76dd99c62a3e,bdh,compose,40000,16,strong,"{""depth"": 6}",3,True,False,0,0.029333333333333333,0.0024944382578492947,0.026,0.032,"[0.03, 0.032, 0.026]",0.026,0.032,0.029333333333333333,0.029333333333333333,10010880
76dd99c62a3e,bdh,compose,40000,16,strong,"{""depth"": 8}",3,True,False,0,0.014666666666666666,0.0024944382578492934,0.012,0.018,"[0.018, 0.014, 0.012]",0.012000000000000002,0.018,0.014666666666666666,0.014666666666666666,10010880
76dd99c62a3e,bdh,compose,40000,32,strong,"{""depth"": 6}",3,True,False,0,0.029333333333333333,0.0024944382578492947,0.026,0.032,"[0.03, 0.032, 0.026]",0.026,0.032,0.029333333333333333,0.029333333333333333,10010880
76dd99c62a3e,bdh,compose,40000,32,strong,"{""depth"": 8}",3,True,False,0,0.014666666666666666,0.0024944382578492934,0.012,0.018,"[0.018, 0.014, 0.012]",0.012000000000000002,0.018,0.014666666666666666,0.014666666666666666,10010880
aa765b714f0a,bdh_cq,compose,2500,1,interp,"{""depth"": 1}",3,True,False,0,0.0,0.0,0.0,0.0,"[0.0, 0.0, 0.0]",0.0,0.0,0.0,0.0,10010880
aa765b714f0a,bdh_cq,compose,2500,1,interp,"{""depth"": 2}",3,True,False,0,0.0,0.0,0.0,0.0,"[0.0, 0.0, 0.0]",0.0,0.0,0.0,0.0,10010880
aa765b714f0a,bdh_cq,compose,5000,1,interp,"{""depth"": 1}",3,True,False,0,0.0,0.0,0.0,0.0,"[0.0, 0.0, 0.0]",0.0,0.0,0.0,0.0,10010880
aa765b714f0a,bdh_cq,compose,5000,1,interp,"{""depth"": 2}",3,True,False,0,0.0,0.0,0.0,0.0,"[0.0, 0.0, 0.0]",0.0,0.0,0.0,0.0,10010880
aa765b714f0a,bdh_cq,compose,7500,1,interp,"{""depth"": 1}",3,True,False,0,0.005333333333333333,0.00339934634239519,0.002,0.01,"[0.004, 0.01, 0.002]",0.002,0.01,0.005333333333333333,0.005333333333333333,10010880
aa765b714f0a,bdh_cq,compose,7500,1,interp,"{""depth"": 2}",3,True,False,0,0.005333333333333333,0.006182412330330469,0.0,0.014,"[0.0, 0.014, 0.002]",0.0,0.014,0.005333333333333333,0.005333333333333333,10010880
aa765b714f0a,bdh_cq,compose,10000,1,interp,"{""depth"": 1}",3,True,False,0,0.057999999999999996,0.04329742101634537,0.0,0.104,"[0.07, 0.104, 0.0]",0.0,0.104,0.057999999999999996,0.057999999999999996,10010880
aa765b714f0a,bdh_cq,compose,10000,1,interp,"{""depth"": 2}",3,True,False,0,0.024000000000000004,0.019595917942265426,0.0,0.048,"[0.024, 0.048, 0.0]",0.0,0.04800000000000001,0.024000000000000004,0.024000000000000004,10010880
aa765b714f0a,bdh_cq,compose,12500,1,interp,"{""depth"": 1}",3,True,False,0,0.076,0.05376492040974921,0.0,0.116,"[0.116, 0.112, 0.0]",0.0,0.116,0.076,0.076,10010880
aa765b714f0a,bdh_cq,compose,12500,1,interp,"{""depth"": 2}",3,True,False,0,0.03133333333333333,0.022881336402307353,0.0,0.054,"[0.04, 0.054, 0.0]",0.0,0.054,0.03133333333333333,0.03133333333333333,10010880
aa765b714f0a,bdh_cq,compose,15000,1,interp,"{""depth"": 1}",3,True,False,0,0.07466666666666667,0.052822554105440817,0.0,0.114,"[0.114, 0.11, 0.0]",0.0,0.114,0.07466666666666667,0.07466666666666667,10010880
aa765b714f0a,bdh_cq,compose,15000,1,interp,"{""depth"": 2}",3,True,False,0,0.044000000000000004,0.03149603149604724,0.0,0.072,"[0.06, 0.072, 0.0]",0.0,0.072,0.044000000000000004,0.044000000000000004,10010880
aa765b714f0a,bdh_cq,compose,17500,1,interp,"{""depth"": 1}",3,True,False,0,0.064,0.04667618950457146,0.0,0.11,"[0.082, 0.11, 0.0]",0.0,0.11,0.064,0.064,10010880
aa765b714f0a,bdh_cq,compose,17500,1,interp,"{""depth"": 2}",3,True,False,0,0.04466666666666667,0.03159465496286076,0.0,0.068,"[0.066, 0.068, 0.0]",0.0,0.068,0.04466666666666667,0.04466666666666667,10010880
aa765b714f0a,bdh_cq,compose,20000,1,interp,"{""depth"": 1}",3,True,False,0,0.066,0.047017727153347885,0.0,0.106,"[0.092, 0.106, 0.0]",0.0,0.106,0.066,0.066,10010880
aa765b714f0a,bdh_cq,compose,20000,1,interp,"{""depth"": 2}",3,True,False,0,0.04666666666666667,0.033359989341858146,0.0,0.076,"[0.064, 0.076, 0.0]",0.0,0.076,0.04666666666666667,0.04666666666666667,10010880
aa765b714f0a,bdh_cq,compose,22500,1,interp,"{""depth"": 1}",3,True,False,0,0.08333333333333333,0.05195724738239658,0.01,0.124,"[0.124, 0.116, 0.01]",0.01,0.124,0.08333333333333333,0.08333333333333333,10010880
aa765b714f0a,bdh_cq,compose,22500,1,interp,"{""depth"": 2}",3,True,False,0,0.04866666666666667,0.03159465496286076,0.004,0.072,"[0.072, 0.07, 0.004]",0.004,0.072,0.04866666666666667,0.04866666666666667,10010880
aa765b714f0a,bdh_cq,compose,25000,1,interp,"{""depth"": 1}",3,True,False,0,0.08199999999999999,0.04320493798938573,0.022,0.122,"[0.102, 0.122, 0.022]",0.022000000000000002,0.122,0.08199999999999999,0.08199999999999999,10010880
aa765b714f0a,bdh_cq,compose,25000,1,interp,"{""depth"": 2}",3,True,False,0,0.05466666666666667,0.033038697848970316,0.008,0.08,"[0.076, 0.08, 0.008]",0.008,0.08,0.05466666666666667,0.05466666666666667,10010880
aa765b714f0a,bdh_cq,compose,27500,1,interp,"{""depth"": 1}",3,True,False,0,0.09199999999999998,0.036478304054145205,0.042,0.128,"[0.106, 0.128, 0.042]",0.042,0.128,0.09199999999999998,0.09199999999999998,10010880
aa765b714f0a,bdh_cq,compose,27500,1,interp,"{""depth"": 2}",3,True,False,0,0.054,0.02006655592438988,0.026,0.072,"[0.072, 0.064, 0.026]",0.026,0.072,0.054,0.054,10010880
aa765b714f0a,bdh_cq,compose,30000,1,interp,"{""depth"": 1}",3,True,False,0,0.09999999999999999,0.02997776954122282,0.058,0.126,"[0.116, 0.126, 0.058]",0.058,0.126,0.09999999999999999,0.09999999999999999,10010880
aa765b714f0a,bdh_cq,compose,30000,1,interp,"{""depth"": 2}",3,True,False,0,0.05733333333333334,0.01934482417139588,0.03,0.072,"[0.072, 0.07, 0.03]",0.03,0.072,0.05733333333333334,0.05733333333333334,10010880
aa765b714f0a,bdh_cq,compose,32500,1,interp,"{""depth"": 1}",3,True,False,0,0.106,0.02039607805437114,0.078,0.126,"[0.126, 0.114, 0.078]",0.078,0.126,0.106,0.106,10010880
aa765b714f0a,bdh_cq,compose,32500,1,interp,"{""depth"": 2}",3,True,False,0,0.06333333333333334,0.020677416559027762,0.036,0.086,"[0.086, 0.068, 0.036]",0.036,0.08600000000000001,0.06333333333333334,0.06333333333333334,10010880
aa765b714f0a,bdh_cq,compose,35000,1,interp,"{""depth"": 1}",3,True,False,0,0.10133333333333333,0.014267289706021797,0.082,0.116,"[0.116, 0.106, 0.082]",0.082,0.116,0.10133333333333333,0.10133333333333333,10010880
aa765b714f0a,bdh_cq,compose,35000,1,interp,"{""depth"": 2}",3,True,False,0,0.06266666666666666,0.019136933459209766,0.036,0.08,"[0.08, 0.072, 0.036]",0.036,0.08,0.06266666666666666,0.06266666666666666,10010880
aa765b714f0a,bdh_cq,compose,37500,1,interp,"{""depth"": 1}",3,True,False,0,0.10533333333333333,0.01798765008430939,0.08,0.12,"[0.12, 0.116, 0.08]",0.08,0.12,0.10533333333333333,0.10533333333333333,10010880
aa765b714f0a,bdh_cq,compose,37500,1,interp,"{""depth"": 2}",3,True,False,0,0.064,0.018402898322456347,0.038,0.078,"[0.076, 0.078, 0.038]",0.038,0.078,0.064,0.064,10010880
aa765b714f0a,bdh_cq,compose,40000,1,interp,"{""depth"": 1}",3,True,False,0,0.106,0.01766352173265569,0.082,0.124,"[0.124, 0.112, 0.082]",0.082,0.124,0.106,0.106,10010880
aa765b714f0a,bdh_cq,compose,40000,1,interp,"{""depth"": 2}",3,True,False,0,0.066,0.017048949136725895,0.042,0.08,"[0.076, 0.08, 0.042]",0.042,0.08,0.066,0.066,10010880
aa765b714f0a,bdh_cq,compose,40000,2,interp,"{""depth"": 1}",3,True,False,0,0.10866666666666665,0.016357125528513733,0.086,0.124,"[0.116, 0.124, 0.086]",0.08600000000000001,0.124,0.10866666666666665,0.10866666666666665,10010880
aa765b714f0a,bdh_cq,compose,40000,2,interp,"{""depth"": 2}",3,True,False,0,0.06466666666666666,0.013199326582148885,0.046,0.074,"[0.074, 0.074, 0.046]",0.046000000000000006,0.074,0.06466666666666666,0.06466666666666666,10010880
aa765b714f0a,bdh_cq,compose,2500,4,interp,"{""depth"": 1}",3,True,False,0,0.0006666666666666666,0.0009428090415820634,0.0,0.002,"[0.0, 0.002, 0.0]",0.0,0.002,0.0006666666666666666,0.0006666666666666666,10010880
aa765b714f0a,bdh_cq,compose,2500,4,interp,"{""depth"": 2}",3,True,False,0,0.0,0.0,0.0,0.0,"[0.0, 0.0, 0.0]",0.0,0.0,0.0,0.0,10010880
aa765b714f0a,bdh_cq,compose,5000,4,interp,"{""depth"": 1}",3,True,False,0,0.0,0.0,0.0,0.0,"[0.0, 0.0, 0.0]",0.0,0.0,0.0,0.0,10010880
aa765b714f0a,bdh_cq,compose,5000,4,interp,"{""depth"": 2}",3,True,False,0,0.0,0.0,0.0,0.0,"[0.0, 0.0, 0.0]",0.0,0.0,0.0,0.0,10010880
aa765b714f0a,bdh_cq,compose,7500,4,interp,"{""depth"": 1}",3,True,False,0,0.002,0.00282842712474619,0.0,0.006,"[0.0, 0.006, 0.0]",0.0,0.006000000000000001,0.002,0.002,10010880
aa765b714f0a,bdh_cq,compose,7500,4,interp,"{""depth"": 2}",3,True,False,0,0.004,0.004320493798938574,0.0,0.01,"[0.0, 0.01, 0.002]",0.0,0.01,0.004,0.004,10010880
aa765b714f0a,bdh_cq,compose,10000,4,interp,"{""depth"": 1}",3,True,False,0,0.051333333333333335,0.03623380864453651,0.002,0.088,"[0.064, 0.088, 0.002]",0.002,0.08800000000000001,0.051333333333333335,0.051333333333333335,10010880
aa765b714f0a,bdh_cq,compose,10000,4,interp,"{""depth"": 2}",3,True,False,0,0.02,0.017204650534085254,0.0,0.042,"[0.018, 0.042, 0.0]",0.0,0.042,0.02,0.02,10010880
aa765b714f0a,bdh_cq,compose,12500,4,interp,"{""depth"": 1}",3,True,False,0,0.07333333333333333,0.05277204647243547,0.0,0.122,"[0.098, 0.122, 0.0]",0.0,0.122,0.07333333333333333,0.07333333333333333,10010880
aa765b714f0a,bdh_cq,compose,12500,4,interp,"{""depth"": 2}",3,True,False,0,0.03266666666666667,0.021746008573733454,0.002,0.05,"[0.046, 0.05, 0.002]",0.002,0.05000000000000001,0.03266666666666667,0.03266666666666667,10010880
aa765b714f0a,bdh_cq,compose,15000,4,interp,"{""depth"": 1}",3,True,False,0,0.07666666666666666,0.05451197625802568,0.0,0.122,"[0.108, 0.122, 0.0]",0.0,0.122,0.07666666666666666,0.07666666666666666,10010880
aa765b714f0a,bdh_cq,compose,15000,4,interp,"{""depth"": 2}",3,True,False,0,0.03666666666666667,0.025940101944458293,0.0,0.056,"[0.054, 0.056, 0.0]",0.0,0.056,0.03666666666666667,0.03666666666666667,10010880
aa765b714f0a,bdh_cq,compose,17500,4,interp,"{""depth"": 1}",3,True,False,0,0.06533333333333334,0.047590848793532654,0.0,0.112,"[0.084, 0.112, 0.0]",0.0,0.112,0.06533333333333334,0.06533333333333334,10010880
aa765b714f0a,bdh_cq,compose,17500,4,interp,"{""depth"": 2}",3,True,False,0,0.038,0.026981475126464084,0.0,0.06,"[0.06, 0.054, 0.0]",0.0,0.06,0.038,0.038,10010880
aa765b714f0a,bdh_cq,compose,20000,4,interp,"{""depth"": 1}",3,True,False,0,0.07133333333333333,0.05049972497174834,0.0,0.11,"[0.11, 0.104, 0.0]",0.0,0.11,0.07133333333333333,0.07133333333333333,10010880
aa765b714f0a,bdh_cq,compose,20000,4,interp,"{""depth"": 2}",3,True,False,0,0.04933333333333334,0.035490217744549774,0.0,0.082,"[0.066, 0.082, 0.0]",0.0,0.082,0.04933333333333334,0.04933333333333334,10010880
aa765b714f0a,bdh_cq,compose,22500,4,interp,"{""depth"": 1}",3,True,False,0,0.08933333333333333,0.06042810236599819,0.004,0.136,"[0.128, 0.136, 0.004]",0.004,0.136,0.08933333333333333,0.08933333333333333,10010880
aa765b714f0a,bdh_cq,compose,22500,4,interp,"{""depth"": 2}",3,True,False,0,0.038,0.02717842281418601,0.0,0.062,"[0.062, 0.052, 0.0]",0.0,0.062,0.038,0.038,10010880
aa765b714f0a,bdh_cq,compose,25000,4,interp,"{""depth"": 1}",3,True,False,0,0.08333333333333333,0.047590848793532654,0.018,0.13,"[0.102, 0.13, 0.018]",0.018,0.13,0.08333333333333333,0.08333333333333333,10010880
aa765b714f0a,bdh_cq,compose,25000,4,interp,"{""depth"": 2}",3,True,False,0,0.051333333333333335,0.02922708028904396,0.01,0.072,"[0.072, 0.072, 0.01]",0.01,0.072,0.051333333333333335,0.051333333333333335,10010880
aa765b714f0a,bdh_cq,compose,27500,4,interp,"{""depth"": 1}",3,True,False,0,0.08999999999999998,0.03734523619776245,0.038,0.124,"[0.108, 0.124, 0.038]",0.038,0.124,0.08999999999999998,0.08999999999999998,10010880
aa765b714f0a,bdh_cq,compose,27500,4,interp,"{""depth"": 2}",3,True,False,0,0.050666666666666665,0.01892675942210452,0.024,0.066,"[0.062, 0.066, 0.024]",0.024000000000000004,0.066,0.050666666666666665,0.050666666666666665,10010880
aa765b714f0a,bdh_cq,compose,30000,4,interp,"{""depth"": 1}",3,True,False,0,0.10133333333333333,0.031930480039541465,0.058,0.134,"[0.112, 0.134, 0.058]",0.058,0.134,0.10133333333333333,0.10133333333333333,10010880
aa765b714f0a,bdh_cq,compose,30000,4,interp,"{""depth"": 2}",3,True,False,0,0.05733333333333334,0.022881336402307353,0.026,0.08,"[0.066, 0.08, 0.026]",0.026,0.08,0.05733333333333334,0.05733333333333334,10010880
aa765b714f0a,bdh_cq,compose,32500,4,interp,"{""depth"": 1}",3,True,False,0,0.102,0.021228911104120878,0.072,0.118,"[0.116, 0.118, 0.072]",0.072,0.118,0.102,0.102,10010880
aa765b714f0a,bdh_cq,compose,32500,4,interp,"{""depth"": 2}",3,True,False,0,0.062000000000000006,0.014966629547095763,0.042,0.078,"[0.078, 0.066, 0.042]",0.042,0.078,0.062000000000000006,0.062000000000000006,10010880
aa765b714f0a,bdh_cq,compose,35000,4,interp,"{""depth"": 1}",3,True,False,0,0.09866666666666667,0.014817407180595248,0.078,0.112,"[0.106, 0.112, 0.078]",0.078,0.112,0.09866666666666667,0.09866666666666667,10010880
aa765b714f0a,bdh_cq,compose,35000,4,interp,"{""depth"": 2}",3,True,False,0,0.060000000000000005,0.0170489491367259,0.036,0.074,"[0.07, 0.074, 0.036]",0.036,0.074,0.060000000000000005,0.060000000000000005,10010880
aa765b714f0a,bdh_cq,compose,37500,4,interp,"{""depth"": 1}",3,True,False,0,0.108,0.019866219234335118,0.08,0.124,"[0.12, 0.124, 0.08]",0.08,0.124,0.108,0.108,10010880
aa765b714f0a,bdh_cq,compose,37500,4,interp,"{""depth"": 2}",3,True,False,0,0.064,0.014514360704718163,0.044,0.078,"[0.07, 0.078, 0.044]",0.044000000000000004,0.078,0.064,0.064,10010880
aa765b714f0a,bdh_cq,compose,40000,4,interp,"{""depth"": 1}",3,True,False,0,0.104,0.017281975195754293,0.08,0.12,"[0.112, 0.12, 0.08]",0.08,0.12,0.104,0.104,10010880
aa765b714f0a,bdh_cq,compose,40000,4,interp,"{""depth"": 2}",3,True,False,0,0.064,0.013366625103842282,0.046,0.078,"[0.068, 0.078, 0.046]",0.046000000000000006,0.078,0.064,0.064,10010880
aa765b714f0a,bdh_cq,compose,40000,8,interp,"{""depth"": 1}",3,True,False,0,0.08733333333333332,0.035490217744549774,0.038,0.12,"[0.104, 0.12, 0.038]",0.038,0.12,0.08733333333333332,0.08733333333333332,10010880
aa765b714f0a,bdh_cq,compose,40000,8,interp,"{""depth"": 2}",3,True,False,0,0.06799999999999999,0.02438578821089584,0.034,0.09,"[0.08, 0.09, 0.034]",0.034,0.09000000000000001,0.06799999999999999,0.06799999999999999,10010880
aa765b714f0a,bdh_cq,compose,2500,16,interp,"{""depth"": 1}",3,True,False,0,0.0006666666666666666,0.0009428090415820634,0.0,0.002,"[0.0, 0.002, 0.0]",0.0,0.002,0.0006666666666666666,0.0006666666666666666,10010880
aa765b714f0a,bdh_cq,compose,2500,16,interp,"{""depth"": 2}",3,True,False,0,0.0,0.0,0.0,0.0,"[0.0, 0.0, 0.0]",0.0,0.0,0.0,0.0,10010880
aa765b714f0a,bdh_cq,compose,5000,16,interp,"{""depth"": 1}",3,True,False,0,0.0,0.0,0.0,0.0,"[0.0, 0.0, 0.0]",0.0,0.0,0.0,0.0,10010880
aa765b714f0a,bdh_cq,compose,5000,16,interp,"{""depth"": 2}",3,True,False,0,0.0,0.0,0.0,0.0,"[0.0, 0.0, 0.0]",0.0,0.0,0.0,0.0,10010880
aa765b714f0a,bdh_cq,compose,7500,16,interp,"{""depth"": 1}",3,True,False,0,0.0,0.0,0.0,0.0,"[0.0, 0.0, 0.0]",0.0,0.0,0.0,0.0,10010880
aa765b714f0a,bdh_cq,compose,7500,16,interp,"{""depth"": 2}",3,True,False,0,0.0013333333333333333,0.0009428090415820634,0.0,0.002,"[0.0, 0.002, 0.002]",0.0,0.002,0.0013333333333333333,0.0013333333333333333,10010880
aa765b714f0a,bdh_cq,compose,10000,16,interp,"{""depth"": 1}",3,True,False,0,0.0033333333333333335,0.0018856180831641268,0.002,0.006,"[0.006, 0.002, 0.002]",0.002,0.006000000000000001,0.0033333333333333335,0.0033333333333333335,10010880
aa765b714f0a,bdh_cq,compose,10000,16,interp,"{""depth"": 2}",3,True,False,0,0.0013333333333333333,0.0009428090415820634,0.0,0.002,"[0.002, 0.002, 0.0]",0.0,0.002,0.0013333333333333333,0.0013333333333333333,10010880
aa765b714f0a,bdh_cq,compose,12500,16,interp,"{""depth"": 1}",3,True,False,0,0.0026666666666666666,0.0024944382578492943,0.0,0.006,"[0.006, 0.002, 0.0]",0.0,0.006000000000000001,0.0026666666666666666,0.0026666666666666666,10010880
aa765b714f0a,bdh_cq,compose,12500,16,interp,"{""depth"": 2}",3,True,False,0,0.0026666666666666666,0.0024944382578492943,0.0,0.006,"[0.006, 0.0, 0.002]",0.0,0.006000000000000001,0.0026666666666666666,0.0026666666666666666,10010880
aa765b714f0a,bdh_cq,compose,15000,16,interp,"{""depth"": 1}",3,True,False,0,0.0013333333333333333,0.0018856180831641268,0.0,0.004,"[0.0, 0.004, 0.0]",0.0,0.004,0.0013333333333333333,0.0013333333333333333,10010880
aa765b714f0a,bdh_cq,compose,15000,16,interp,"{""depth"": 2}",3,True,False,0,0.0026666666666666666,0.0024944382578492943,0.0,0.006,"[0.006, 0.002, 0.0]",0.0,0.006000000000000001,0.0026666666666666666,0.0026666666666666666,10010880
aa765b714f0a,bdh_cq,compose,17500,16,interp,"{""depth"": 1}",3,True,False,0,0.0006666666666666666,0.0009428090415820634,0.0,0.002,"[0.002, 0.0, 0.0]",0.0,0.002,0.0006666666666666666,0.0006666666666666666,10010880
aa765b714f0a,bdh_cq,compose,17500,16,interp,"{""depth"": 2}",3,True,False,0,0.002,0.00282842712474619,0.0,0.006,"[0.006, 0.0, 0.0]",0.0,0.006000000000000001,0.002,0.002,10010880
aa765b714f0a,bdh_cq,compose,20000,16,interp,"{""depth"": 1}",3,True,False,0,0.0026666666666666666,0.0018856180831641268,0.0,0.004,"[0.004, 0.004, 0.0]",0.0,0.004,0.0026666666666666666,0.0026666666666666666,10010880
aa765b714f0a,bdh_cq,compose,20000,16,interp,"{""depth"": 2}",3,True,False,0,0.002,0.001632993161855452,0.0,0.004,"[0.002, 0.004, 0.0]",0.0,0.004,0.002,0.002,10010880
aa765b714f0a,bdh_cq,compose,22500,16,interp,"{""depth"": 1}",3,True,False,0,0.002,0.00282842712474619,0.0,0.006,"[0.006, 0.0, 0.0]",0.0,0.006000000000000001,0.002,0.002,10010880
aa765b714f0a,bdh_cq,compose,22500,16,interp,"{""depth"": 2}",3,True,False,0,0.005333333333333333,0.004109609335312651,0.0,0.01,"[0.01, 0.006, 0.0]",0.0,0.01,0.005333333333333333,0.005333333333333333,10010880
aa765b714f0a,bdh_cq,compose,25000,16,interp,"{""depth"": 1}",3,True,False,0,0.004666666666666667,0.00339934634239519,0.0,0.008,"[0.008, 0.006, 0.0]",0.0,0.008,0.004666666666666667,0.004666666666666667,10010880
aa765b714f0a,bdh_cq,compose,25000,16,interp,"{""depth"": 2}",3,True,False,0,0.0,0.0,0.0,0.0,"[0.0, 0.0, 0.0]",0.0,0.0,0.0,0.0,10010880
aa765b714f0a,bdh_cq,compose,27500,16,interp,"{""depth"": 1}",3,True,False,0,0.005333333333333333,0.0018856180831641268,0.004,0.008,"[0.008, 0.004, 0.004]",0.004,0.008,0.005333333333333333,0.005333333333333333,10010880
aa765b714f0a,bdh_cq,compose,27500,16,interp,"{""depth"": 2}",3,True,False,0,0.005333333333333333,0.00339934634239519,0.002,0.01,"[0.01, 0.004, 0.002]",0.002,0.01,0.005333333333333333,0.005333333333333333,10010880
aa765b714f0a,bdh_cq,compose,30000,16,interp,"{""depth"": 1}",3,True,False,0,0.0033333333333333335,0.0009428090415820634,0.002,0.004,"[0.002, 0.004, 0.004]",0.002,0.004,0.0033333333333333335,0.0033333333333333335,10010880
aa765b714f0a,bdh_cq,compose,30000,16,interp,"{""depth"": 2}",3,True,False,0,0.004666666666666667,0.004109609335312651,0.0,0.01,"[0.01, 0.0, 0.004]",0.0,0.01,0.004666666666666667,0.004666666666666667,10010880
aa765b714f0a,bdh_cq,compose,32500,16,interp,"{""depth"": 1}",3,True,False,0,0.005333333333333333,0.0009428090415820634,0.004,0.006,"[0.004, 0.006, 0.006]",0.004,0.006000000000000001,0.005333333333333333,0.005333333333333333,10010880
aa765b714f0a,bdh_cq,compose,32500,16,interp,"{""depth"": 2}",3,True,False,0,0.006666666666666667,0.0024944382578492943,0.004,0.01,"[0.01, 0.006, 0.004]",0.004,0.01,0.006666666666666667,0.006666666666666667,10010880
aa765b714f0a,bdh_cq,compose,35000,16,interp,"{""depth"": 1}",3,True,False,0,0.004,0.001632993161855452,0.002,0.006,"[0.004, 0.002, 0.006]",0.002,0.006000000000000001,0.004,0.004,10010880
aa765b714f0a,bdh_cq,compose,35000,16,interp,"{""depth"": 2}",3,True,False,0,0.008,0.001632993161855452,0.006,0.01,"[0.01, 0.006, 0.008]",0.006000000000000001,0.01,0.008,0.008,10010880
aa765b714f0a,bdh_cq,compose,37500,16,interp,"{""depth"": 1}",3,True,False,0,0.004,0.00282842712474619,0.0,0.006,"[0.0, 0.006, 0.006]",0.0,0.006000000000000001,0.004,0.004,10010880
aa765b714f0a,bdh_cq,compose,37500,16,interp,"{""depth"": 2}",3,True,False,0,0.004666666666666667,0.0009428090415820634,0.004,0.006,"[0.004, 0.006, 0.004]",0.004,0.006000000000000001,0.004666666666666667,0.004666666666666667,10010880
aa765b714f0a,bdh_cq,compose,40000,16,interp,"{""depth"": 1}",3,True,False,0,0.004,0.001632993161855452,0.002,0.006,"[0.002, 0.004, 0.006]",0.002,0.006000000000000001,0.004,0.004,10010880
aa765b714f0a,bdh_cq,compose,40000,16,interp,"{""depth"": 2}",3,True,False,0,0.007333333333333334,0.0033993463423951896,0.004,0.012,"[0.006, 0.012, 0.004]",0.004,0.012000000000000002,0.007333333333333334,0.007333333333333334,10010880
aa765b714f0a,bdh_cq,compose,40000,32,interp,"{""depth"": 1}",3,True,False,0,0.0,0.0,0.0,0.0,"[0.0, 0.0, 0.0]",0.0,0.0,0.0,0.0,10010880
aa765b714f0a,bdh_cq,compose,40000,32,interp,"{""depth"": 2}",3,True,False,0,0.0,0.0,0.0,0.0,"[0.0, 0.0, 0.0]",0.0,0.0,0.0,0.0,10010880
aa765b714f0a,bdh_cq,compose,2500,1,mild,"{""depth"": 3}",3,True,False,0,0.0006666666666666666,0.0009428090415820634,0.0,0.002,"[0.0, 0.002, 0.0]",0.0,0.002,0.0006666666666666666,0.0006666666666666666,10010880
aa765b714f0a,bdh_cq,compose,2500,1,mild,"{""depth"": 4}",3,True,False,0,0.0,0.0,0.0,0.0,"[0.0, 0.0, 0.0]",0.0,0.0,0.0,0.0,10010880
aa765b714f0a,bdh_cq,compose,5000,1,mild,"{""depth"": 3}",3,True,False,0,0.0,0.0,0.0,0.0,"[0.0, 0.0, 0.0]",0.0,0.0,0.0,0.0,10010880
aa765b714f0a,bdh_cq,compose,5000,1,mild,"{""depth"": 4}",3,True,False,0,0.0,0.0,0.0,0.0,"[0.0, 0.0, 0.0]",0.0,0.0,0.0,0.0,10010880
aa765b714f0a,bdh_cq,compose,7500,1,mild,"{""depth"": 3}",3,True,False,0,0.0026666666666666666,0.0024944382578492943,0.0,0.006,"[0.002, 0.006, 0.0]",0.0,0.006000000000000001,0.0026666666666666666,0.0026666666666666666,10010880
aa765b714f0a,bdh_cq,compose,7500,1,mild,"{""depth"": 4}",3,True,False,0,0.0013333333333333333,0.0009428090415820634,0.0,0.002,"[0.002, 0.002, 0.0]",0.0,0.002,0.0013333333333333333,0.0013333333333333333,10010880
aa765b714f0a,bdh_cq,compose,10000,1,mild,"{""depth"": 3}",3,True,False,0,0.018666666666666665,0.014727148022916347,0.0,0.036,"[0.02, 0.036, 0.0]",0.0,0.036,0.018666666666666665,0.018666666666666665,10010880
aa765b714f0a,bdh_cq,compose,10000,1,mild,"{""depth"": 4}",3,True,False,0,0.011999999999999999,0.010708252269472673,0.0,0.026,"[0.01, 0.026, 0.0]",0.0,0.026,0.011999999999999999,0.011999999999999999,10010880
aa765b714f0a,bdh_cq,compose,12500,1,mild,"{""depth"": 3}",3,True,False,0,0.025333333333333333,0.01798765008430939,0.0,0.04,"[0.04, 0.036, 0.0]",0.0,0.04,0.025333333333333333,0.025333333333333333,10010880
aa765b714f0a,bdh_cq,compose,12500,1,mild,"{""depth"": 4}",3,True,False,0,0.014666666666666666,0.010498677165349081,0.0,0.024,"[0.02, 0.024, 0.0]",0.0,0.024000000000000004,0.014666666666666666,0.014666666666666666,10010880
aa765b714f0a,bdh_cq,compose,15000,1,mild,"{""depth"": 3}",3,True,False,0,0.02666666666666667,0.018926759422104523,0.0,0.042,"[0.042, 0.038, 0.0]",0.0,0.042,0.02666666666666667,0.02666666666666667,10010880
aa765b714f0a,bdh_cq,compose,15000,1,mild,"{""depth"": 4}",3,True,False,0,0.021333333333333333,0.015173075568988057,0.0,0.034,"[0.03, 0.034, 0.0]",0.0,0.034,0.021333333333333333,0.021333333333333333,10010880
aa765b714f0a,bdh_cq,compose,17500,1,mild,"{""depth"": 3}",3,True,False,0,0.038,0.02889059824002727,0.0,0.07,"[0.07, 0.044, 0.0]",0.0,0.07,0.038,0.038,10010880
aa765b714f0a,bdh_cq,compose,17500,1,mild,"{""depth"": 4}",3,True,False,0,0.020666666666666667,0.01569146972791976,0.0,0.038,"[0.024, 0.038, 0.0]",0.0,0.038,0.020666666666666667,0.020666666666666667,10010880
aa765b714f0a,bdh_cq,compose,20000,1,mild,"{""depth"": 3}",3,True,False,0,0.037333333333333336,0.023626726862225802,0.004,0.056,"[0.056, 0.052, 0.004]",0.004,0.056,0.037333333333333336,0.037333333333333336,10010880
aa765b714f0a,bdh_cq,compose,20000,1,mild,"{""depth"": 4}",3,True,False,0,0.023333333333333334,0.016519348924485155,0.0,0.036,"[0.034, 0.036, 0.0]",0.0,0.036,0.023333333333333334,0.023333333333333334,10010880
aa765b714f0a,bdh_cq,compose,22500,1,mild,"{""depth"": 3}",3,True,False,0,0.04133333333333334,0.026042699979499484,0.006,0.068,"[0.068, 0.05, 0.006]",0.006000000000000001,0.068,0.04133333333333334,0.04133333333333334,10010880
aa765b714f0a,bdh_cq,compose,22500,1,mild,"{""depth"": 4}",3,True,False,0,0.01933333333333333,0.013695092389449423,0.0,0.03,"[0.028, 0.03, 0.0]",0.0,0.03,0.01933333333333333,0.01933333333333333,10010880
aa765b714f0a,bdh_cq,compose,25000,1,mild,"{""depth"": 3}",3,True,False,0,0.038,0.016970562748477143,0.014,0.05,"[0.05, 0.05, 0.014]",0.014,0.05000000000000001,0.038,0.038,10010880
aa765b714f0a,bdh_cq,compose,25000,1,mild,"{""depth"": 4}",3,True,False,0,0.029333333333333333,0.02131248981752771,0.002,0.054,"[0.032, 0.054, 0.002]",0.002,0.054,0.029333333333333333,0.029333333333333333,10010880
aa765b714f0a,bdh_cq,compose,27500,1,mild,"{""depth"": 3}",3,True,False,0,0.04599999999999999,0.01451436070471816,0.026,0.06,"[0.06, 0.052, 0.026]",0.026,0.06,0.04599999999999999,0.04599999999999999,10010880
aa765b714f0a,bdh_cq,compose,27500,1,mild,"{""depth"": 4}",3,True,False,0,0.025333333333333333,0.01715290710702481,0.004,0.046,"[0.026, 0.046, 0.004]",0.004,0.046000000000000006,0.025333333333333333,0.025333333333333333,10010880
aa765b714f0a,bdh_cq,compose,30000,1,mild,"{""depth"": 3}",3,True,False,0,0.047999999999999994,0.018184242262647806,0.028,0.072,"[0.072, 0.044, 0.028]",0.028,0.072,0.047999999999999994,0.047999999999999994,10010880
aa765b714f0a,bdh_cq,compose,30000,1,mild,"{""depth"": 4}",3,True,False,0,0.02866666666666667,0.007542472332656509,0.018,0.034,"[0.034, 0.034, 0.018]",0.018,0.034,0.02866666666666667,0.02866666666666667,10010880
aa765b714f0a,bdh_cq,compose,32500,1,mild,"{""depth"": 3}",3,True,False,0,0.050666666666666665,0.010873004286866729,0.036,0.062,"[0.062, 0.054, 0.036]",0.036,0.062,0.050666666666666665,0.050666666666666665,10010880
aa765b714f0a,bdh_cq,compose,32500,1,mild,"{""depth"": 4}",3,True,False,0,0.025333333333333333,0.008379870059984357,0.014,0.034,"[0.028, 0.034, 0.014]",0.014,0.034,0.025333333333333333,0.025333333333333333,10010880
aa765b714f0a,bdh_cq,compose,35000,1,mild,"{""depth"": 3}",3,True,False,0,0.050666666666666665,0.009568466729604883,0.042,0.064,"[0.064, 0.046, 0.042]",0.042,0.064,0.050666666666666665,0.050666666666666665,10010880
aa765b714f0a,bdh_cq,compose,35000,1,mild,"{""depth"": 4}",3,True,False,0,0.02866666666666667,0.009843215373488933,0.016,0.04,"[0.04, 0.03, 0.016]",0.016,0.04,0.02866666666666667,0.02866666666666667,10010880
aa765b714f0a,bdh_cq,compose,37500,1,mild,"{""depth"": 3}",3,True,False,0,0.051333333333333335,0.011813363431112903,0.042,0.068,"[0.068, 0.044, 0.042]",0.042,0.068,0.051333333333333335,0.051333333333333335,10010880
aa765b714f0a,bdh_cq,compose,37500,1,mild,"{""depth"": 4}",3,True,False,0,0.029333333333333333,0.006182412330330469,0.024,0.038,"[0.038, 0.026, 0.024]",0.024000000000000004,0.038,0.029333333333333333,0.029333333333333333,10010880
aa765b714f0a,bdh_cq,compose,40000,1,mild,"{""depth"": 3}",3,True,False,0,0.05333333333333334,0.011469767022723502,0.04,0.068,"[0.068, 0.052, 0.04]",0.04,0.068,0.05333333333333334,0.05333333333333334,10010880
aa765b714f0a,bdh_cq,compose,40000,1,mild,"{""depth"": 4}",3,True,False,0,0.02733333333333333,0.004109609335312652,0.022,0.032,"[0.032, 0.028, 0.022]",0.022000000000000002,0.032,0.02733333333333333,0.02733333333333333,10010880
aa765b714f0a,bdh_cq,compose,40000,2,mild,"{""depth"": 3}",3,True,False,0,0.054,0.014236104336041746,0.042,0.074,"[0.074, 0.046, 0.042]",0.042,0.074,0.054,0.054,10010880
aa765b714f0a,bdh_cq,compose,40000,2,mild,"{""depth"": 4}",3,True,False,0,0.030666666666666665,0.0061824123303304696,0.022,0.036,"[0.036, 0.034, 0.022]",0.022000000000000002,0.036,0.030666666666666665,0.030666666666666665,10010880
aa765b714f0a,bdh_cq,compose,2500,4,mild,"{""depth"": 3}",3,True,False,0,0.0,0.0,0.0,0.0,"[0.0, 0.0, 0.0]",0.0,0.0,0.0,0.0,10010880
aa765b714f0a,bdh_cq,compose,2500,4,mild,"{""depth"": 4}",3,True,False,0,0.0,0.0,0.0,0.0,"[0.0, 0.0, 0.0]",0.0,0.0,0.0,0.0,10010880
aa765b714f0a,bdh_cq,compose,5000,4,mild,"{""depth"": 3}",3,True,False,0,0.0,0.0,0.0,0.0,"[0.0, 0.0, 0.0]",0.0,0.0,0.0,0.0,10010880
aa765b714f0a,bdh_cq,compose,5000,4,mild,"{""depth"": 4}",3,True,False,0,0.0,0.0,0.0,0.0,"[0.0, 0.0, 0.0]",0.0,0.0,0.0,0.0,10010880
aa765b714f0a,bdh_cq,compose,7500,4,mild,"{""depth"": 3}",3,True,False,0,0.0013333333333333333,0.0018856180831641268,0.0,0.004,"[0.0, 0.004, 0.0]",0.0,0.004,0.0013333333333333333,0.0013333333333333333,10010880
aa765b714f0a,bdh_cq,compose,7500,4,mild,"{""depth"": 4}",3,True,False,0,0.0013333333333333333,0.0009428090415820634,0.0,0.002,"[0.0, 0.002, 0.002]",0.0,0.002,0.0013333333333333333,0.0013333333333333333,10010880
aa765b714f0a,bdh_cq,compose,10000,4,mild,"{""depth"": 3}",3,True,False,0,0.017333333333333333,0.01569146972791976,0.0,0.038,"[0.014, 0.038, 0.0]",0.0,0.038,0.017333333333333333,0.017333333333333333,10010880
aa765b714f0a,bdh_cq,compose,10000,4,mild,"{""depth"": 4}",3,True,False,0,0.012000000000000002,0.009797958971132713,0.0,0.024,"[0.012, 0.024, 0.0]",0.0,0.024000000000000004,0.012000000000000002,0.012000000000000002,10010880
aa765b714f0a,bdh_cq,compose,12500,4,mild,"{""depth"": 3}",3,True,False,0,0.027333333333333334,0.020154955277107967,0.0,0.048,"[0.048, 0.034, 0.0]",0.0,0.04800000000000001,0.027333333333333334,0.027333333333333334,10010880
aa765b714f0a,bdh_cq,compose,12500,4,mild,"{""depth"": 4}",3,True,False,0,0.012666666666666666,0.009285592184789413,0.0,0.022,"[0.016, 0.022, 0.0]",0.0,0.022000000000000002,0.012666666666666666,0.012666666666666666,10010880
aa765b714f0a,bdh_cq,compose,15000,4,mild,"{""depth"": 3}",3,True,False,0,0.023999999999999997,0.01697056274847714,0.0,0.036,"[0.036, 0.036, 0.0]",0.0,0.036,0.023999999999999997,0.023999999999999997,10010880
aa765b714f0a,bdh_cq,compose,15000,4,mild,"{""depth"": 4}",3,True,False,0,0.018,0.013366625103842282,0.0,0.032,"[0.022, 0.032, 0.0]",0.0,0.032,0.018,0.018,10010880
aa765b714f0a,bdh_cq,compose,17500,4,mild,"{""depth"": 3}",3,True,False,0,0.04,0.02870540018881465,0.0,0.066,"[0.066, 0.054, 0.0]",0.0,0.066,0.04,0.04,10010880
aa765b714f0a,bdh_cq,compose,17500,4,mild,"{""depth"": 4}",3,True,False,0,0.014666666666666666,0.010370899457402697,0.0,0.022,"[0.022, 0.022, 0.0]",0.0,0.022000000000000002,0.014666666666666666,0.014666666666666666,10010880
aa765b714f0a,bdh_cq,compose,20000,4,mild,"{""depth"": 3}",3,True,False,0,0.037333333333333336,0.023795424396766334,0.004,0.058,"[0.05, 0.058, 0.004]",0.004,0.058,0.037333333333333336,0.037333333333333336,10010880
aa765b714f0a,bdh_cq,compose,20000,4,mild,"{""depth"": 4}",3,True,False,0,0.022000000000000002,0.015577761927397233,0.002,0.04,"[0.024, 0.04, 0.002]",0.002,0.04,0.022000000000000002,0.022000000000000002,10010880
aa765b714f0a,bdh_cq,compose,22500,4,mild,"{""depth"": 3}",3,True,False,0,0.03866666666666667,0.023113247764479622,0.006,0.056,"[0.056, 0.054, 0.006]",0.006000000000000001,0.056,0.03866666666666667,0.03866666666666667,10010880
aa765b714f0a,bdh_cq,compose,22500,4,mild,"{""depth"": 4}",3,True,False,0,0.01933333333333333,0.012364824660660939,0.002,0.03,"[0.026, 0.03, 0.002]",0.002,0.03,0.01933333333333333,0.01933333333333333,10010880
aa765b714f0a,bdh_cq,compose,25000,4,mild,"{""depth"": 3}",3,True,False,0,0.043333333333333335,0.022881336402307353,0.012,0.066,"[0.052, 0.066, 0.012]",0.012000000000000002,0.066,0.043333333333333335,0.043333333333333335,10010880
aa765b714f0a,bdh_cq,compose,25000,4,mild,"{""depth"": 4}",3,True,False,0,0.02466666666666667,0.017913371790059206,0.0,0.042,"[0.032, 0.042, 0.0]",0.0,0.042,0.02466666666666667,0.02466666666666667,10010880
aa765b714f0a,bdh_cq,compose,27500,4,mild,"{""depth"": 3}",3,True,False,0,0.05266666666666667,0.01913693345920977,0.026,0.07,"[0.07, 0.062, 0.026]",0.026,0.07,0.05266666666666667,0.05266666666666667,10010880
aa765b714f0a,bdh_cq,compose,27500,4,mild,"{""depth"": 4}",3,True,False,0,0.02266666666666667,0.014079141387961918,0.004,0.038,"[0.026, 0.038, 0.004]",0.004,0.038,0.02266666666666667,0.02266666666666667,10010880
aa765b714f0a,bdh_cq,compose,30000,4,mild,"{""depth"": 3}",3,True,False,0,0.04466666666666667,0.01715290710702481,0.024,0.066,"[0.066, 0.044, 0.024]",0.024000000000000004,0.066,0.04466666666666667,0.04466666666666667,10010880
aa765b714f0a,bdh_cq,compose,30000,4,mild,"{""depth"": 4}",3,True,False,0,0.02666666666666667,0.011469767022723502,0.012,0.04,"[0.028, 0.04, 0.012]",0.012000000000000002,0.04,0.02666666666666667,0.02666666666666667,10010880
aa765b714f0a,bdh_cq,compose,32500,4,mild,"{""depth"": 3}",3,True,False,0,0.05266666666666667,0.013597385369580758,0.034,0.066,"[0.066, 0.058, 0.034]",0.034,0.066,0.05266666666666667,0.05266666666666667,10010880
aa765b714f0a,bdh_cq,compose,32500,4,mild,"{""depth"": 4}",3,True,False,0,0.026,0.005887840577551899,0.018,0.032,"[0.028, 0.032, 0.018]",0.018,0.032,0.026,0.026,10010880
aa765b714f0a,bdh_cq,compose,35000,4,mild,"{""depth"": 3}",3,True,False,0,0.05266666666666667,0.01158543146465518,0.04,0.068,"[0.068, 0.05, 0.04]",0.04,0.068,0.05266666666666667,0.05266666666666667,10010880
aa765b714f0a,bdh_cq,compose,35000,4,mild,"{""depth"": 4}",3,True,False,0,0.030666666666666665,0.007542472332656505,0.02,0.036,"[0.036, 0.036, 0.02]",0.02,0.036,0.030666666666666665,0.030666666666666665,10010880
aa765b714f0a,bdh_cq,compose,37500,4,mild,"{""depth"": 3}",3,True,False,0,0.056,0.019252705437591538,0.036,0.082,"[0.082, 0.05, 0.036]",0.036,0.082,0.056,0.056,10010880
aa765b714f0a,bdh_cq,compose,37500,4,mild,"{""depth"": 4}",3,True,False,0,0.030666666666666665,0.004714045207910318,0.024,0.034,"[0.034, 0.034, 0.024]",0.024000000000000004,0.034,0.030666666666666665,0.030666666666666665,10010880
aa765b714f0a,bdh_cq,compose,40000,4,mild,"{""depth"": 3}",3,True,False,0,0.05666666666666667,0.018208667044996886,0.04,0.082,"[0.082, 0.048, 0.04]",0.04,0.082,0.05666666666666667,0.05666666666666667,10010880
aa765b714f0a,bdh_cq,compose,40000,4,mild,"{""depth"": 4}",3,True,False,0,0.03,0.005656854249492382,0.022,0.034,"[0.034, 0.034, 0.022]",0.022000000000000002,0.034,0.03,0.03,10010880
aa765b714f0a,bdh_cq,compose,40000,8,mild,"{""depth"": 3}",3,True,False,0,0.036,0.008640987597877146,0.024,0.044,"[0.04, 0.044, 0.024]",0.024000000000000004,0.044000000000000004,0.036,0.036,10010880
aa765b714f0a,bdh_cq,compose,40000,8,mild,"{""depth"": 4}",3,True,False,0,0.02733333333333333,0.00498887651569859,0.022,0.034,"[0.034, 0.026, 0.022]",0.022000000000000002,0.034,0.02733333333333333,0.02733333333333333,10010880
aa765b714f0a,bdh_cq,compose,2500,16,mild,"{""depth"": 3}",3,True,False,0,0.0,0.0,0.0,0.0,"[0.0, 0.0, 0.0]",0.0,0.0,0.0,0.0,10010880
aa765b714f0a,bdh_cq,compose,2500,16,mild,"{""depth"": 4}",3,True,False,0,0.0,0.0,0.0,0.0,"[0.0, 0.0, 0.0]",0.0,0.0,0.0,0.0,10010880
aa765b714f0a,bdh_cq,compose,5000,16,mild,"{""depth"": 3}",3,True,False,0,0.0,0.0,0.0,0.0,"[0.0, 0.0, 0.0]",0.0,0.0,0.0,0.0,10010880
aa765b714f0a,bdh_cq,compose,5000,16,mild,"{""depth"": 4}",3,True,False,0,0.0,0.0,0.0,0.0,"[0.0, 0.0, 0.0]",0.0,0.0,0.0,0.0,10010880
aa765b714f0a,bdh_cq,compose,7500,16,mild,"{""depth"": 3}",3,True,False,0,0.0,0.0,0.0,0.0,"[0.0, 0.0, 0.0]",0.0,0.0,0.0,0.0,10010880
aa765b714f0a,bdh_cq,compose,7500,16,mild,"{""depth"": 4}",3,True,False,0,0.0013333333333333333,0.0009428090415820634,0.0,0.002,"[0.0, 0.002, 0.002]",0.0,0.002,0.0013333333333333333,0.0013333333333333333,10010880
aa765b714f0a,bdh_cq,compose,10000,16,mild,"{""depth"": 3}",3,True,False,0,0.0026666666666666666,0.0024944382578492943,0.0,0.006,"[0.002, 0.006, 0.0]",0.0,0.006000000000000001,0.0026666666666666666,0.0026666666666666666,10010880
aa765b714f0a,bdh_cq,compose,10000,16,mild,"{""depth"": 4}",3,True,False,0,0.0006666666666666666,0.0009428090415820634,0.0,0.002,"[0.0, 0.002, 0.0]",0.0,0.002,0.0006666666666666666,0.0006666666666666666,10010880
aa765b714f0a,bdh_cq,compose,12500,16,mild,"{""depth"": 3}",3,True,False,0,0.0013333333333333333,0.0018856180831641268,0.0,0.004,"[0.0, 0.004, 0.0]",0.0,0.004,0.0013333333333333333,0.0013333333333333333,10010880
aa765b714f0a,bdh_cq,compose,12500,16,mild,"{""depth"": 4}",3,True,False,0,0.0026666666666666666,0.0024944382578492943,0.0,0.006,"[0.006, 0.002, 0.0]",0.0,0.006000000000000001,0.0026666666666666666,0.0026666666666666666,10010880
aa765b714f0a,bdh_cq,compose,15000,16,mild,"{""depth"": 3}",3,True,False,0,0.002,0.001632993161855452,0.0,0.004,"[0.002, 0.004, 0.0]",0.0,0.004,0.002,0.002,10010880
aa765b714f0a,bdh_cq,compose,15000,16,mild,"{""depth"": 4}",3,True,False,0,0.0013333333333333333,0.0009428090415820634,0.0,0.002,"[0.002, 0.002, 0.0]",0.0,0.002,0.0013333333333333333,0.0013333333333333333,10010880
aa765b714f0a,bdh_cq,compose,17500,16,mild,"{""depth"": 3}",3,True,False,0,0.004,0.00282842712474619,0.0,0.006,"[0.006, 0.006, 0.0]",0.0,0.006000000000000001,0.004,0.004,10010880
aa765b714f0a,bdh_cq,compose,17500,16,mild,"{""depth"": 4}",3,True,False,0,0.0,0.0,0.0,0.0,"[0.0, 0.0, 0.0]",0.0,0.0,0.0,0.0,10010880
aa765b714f0a,bdh_cq,compose,20000,16,mild,"{""depth"": 3}",3,True,False,0,0.0033333333333333335,0.0009428090415820634,0.002,0.004,"[0.004, 0.004, 0.002]",0.002,0.004,0.0033333333333333335,0.0033333333333333335,10010880
aa765b714f0a,bdh_cq,compose,20000,16,mild,"{""depth"": 4}",3,True,False,0,0.0013333333333333333,0.0009428090415820634,0.0,0.002,"[0.0, 0.002, 0.002]",0.0,0.002,0.0013333333333333333,0.0013333333333333333,10010880
aa765b714f0a,bdh_cq,compose,22500,16,mild,"{""depth"": 3}",3,True,False,0,0.005333333333333333,0.00339934634239519,0.002,0.01,"[0.002, 0.01, 0.004]",0.002,0.01,0.005333333333333333,0.005333333333333333,10010880
aa765b714f0a,bdh_cq,compose,22500,16,mild,"{""depth"": 4}",3,True,False,0,0.0013333333333333333,0.0009428090415820634,0.0,0.002,"[0.002, 0.002, 0.0]",0.0,0.002,0.0013333333333333333,0.0013333333333333333,10010880
aa765b714f0a,bdh_cq,compose,25000,16,mild,"{""depth"": 3}",3,True,False,0,0.006000000000000001,8.673617379884035e-19,0.006,0.006,"[0.006, 0.006, 0.006]",0.006000000000000001,0.006000000000000001,0.006000000000000001,0.006000000000000001,10010880
aa765b714f0a,bdh_cq,compose,25000,16,mild,"{""depth"": 4}",3,True,False,0,0.002,0.001632993161855452,0.0,0.004,"[0.004, 0.002, 0.0]",0.0,0.004,0.002,0.002,10010880
aa765b714f0a,bdh_cq,compose,27500,16,mild,"{""depth"": 3}",3,True,False,0,0.008666666666666668,0.0037712361663282535,0.006,0.014,"[0.006, 0.014, 0.006]",0.006000000000000001,0.014,0.008666666666666668,0.008666666666666668,10010880
aa765b714f0a,bdh_cq,compose,27500,16,mild,"{""depth"": 4}",3,True,False,0,0.0013333333333333333,0.0018856180831641268,0.0,0.004,"[0.004, 0.0, 0.0]",0.0,0.004,0.0013333333333333333,0.0013333333333333333,10010880
aa765b714f0a,bdh_cq,compose,30000,16,mild,"{""depth"": 3}",3,True,False,0,0.008666666666666666,0.008055363982396382,0.002,0.02,"[0.002, 0.02, 0.004]",0.002,0.02,0.008666666666666666,0.008666666666666666,10010880
aa765b714f0a,bdh_cq,compose,30000,16,mild,"{""depth"": 4}",3,True,False,0,0.002,0.001632993161855452,0.0,0.004,"[0.002, 0.0, 0.004]",0.0,0.004,0.002,0.002,10010880
aa765b714f0a,bdh_cq,compose,32500,16,mild,"{""depth"": 3}",3,True,False,0,0.01,0.00282842712474619,0.008,0.014,"[0.008, 0.014, 0.008]",0.008,0.014,0.01,0.01,10010880
aa765b714f0a,bdh_cq,compose,32500,16,mild,"{""depth"": 4}",3,True,False,0,0.008,0.001632993161855452,0.006,0.01,"[0.006, 0.01, 0.008]",0.006000000000000001,0.01,0.008,0.008,10010880
aa765b714f0a,bdh_cq,compose,35000,16,mild,"{""depth"": 3}",3,True,False,0,0.006000000000000001,0.004320493798938574,0.002,0.012,"[0.002, 0.012, 0.004]",0.002,0.012000000000000002,0.006000000000000001,0.006000000000000001,10010880
aa765b714f0a,bdh_cq,compose,35000,16,mild,"{""depth"": 4}",3,True,False,0,0.004,0.00282842712474619,0.0,0.006,"[0.0, 0.006, 0.006]",0.0,0.006000000000000001,0.004,0.004,10010880
aa765b714f0a,bdh_cq,compose,37500,16,mild,"{""depth"": 3}",3,True,False,0,0.006666666666666668,0.006599663291074444,0.002,0.016,"[0.002, 0.016, 0.002]",0.002,0.016,0.006666666666666668,0.006666666666666668,10010880
aa765b714f0a,bdh_cq,compose,37500,16,mild,"{""depth"": 4}",3,True,False,0,0.005333333333333333,0.0018856180831641268,0.004,0.008,"[0.004, 0.004, 0.008]",0.004,0.008,0.005333333333333333,0.005333333333333333,10010880
aa765b714f0a,bdh_cq,compose,40000,16,mild,"{""depth"": 3}",3,True,False,0,0.007333333333333333,0.007542472332656506,0.002,0.018,"[0.002, 0.018, 0.002]",0.002,0.018,0.007333333333333333,0.007333333333333333,10010880
aa765b714f0a,bdh_cq,compose,40000,16,mild,"{""depth"": 4}",3,True,False,0,0.005333333333333333,0.0024944382578492943,0.002,0.008,"[0.002, 0.006, 0.008]",0.002,0.008,0.005333333333333333,0.005333333333333333,10010880
aa765b714f0a,bdh_cq,compose,40000,32,mild,"{""depth"": 3}",3,True,False,0,0.0013333333333333333,0.0018856180831641268,0.0,0.004,"[0.004, 0.0, 0.0]",0.0,0.004,0.0013333333333333333,0.0013333333333333333,10010880
aa765b714f0a,bdh_cq,compose,40000,32,mild,"{""depth"": 4}",3,True,False,0,0.0006666666666666666,0.0009428090415820634,0.0,0.002,"[0.0, 0.0, 0.002]",0.0,0.002,0.0006666666666666666,0.0006666666666666666,10010880
aa765b714f0a,bdh_cq,compose,2500,1,strong,"{""depth"": 6}",3,True,False,0,0.0,0.0,0.0,0.0,"[0.0, 0.0, 0.0]",0.0,0.0,0.0,0.0,10010880
aa765b714f0a,bdh_cq,compose,2500,1,strong,"{""depth"": 8}",3,True,False,0,0.0,0.0,0.0,0.0,"[0.0, 0.0, 0.0]",0.0,0.0,0.0,0.0,10010880
aa765b714f0a,bdh_cq,compose,5000,1,strong,"{""depth"": 6}",3,True,False,0,0.0006666666666666666,0.0009428090415820634,0.0,0.002,"[0.0, 0.0, 0.002]",0.0,0.002,0.0006666666666666666,0.0006666666666666666,10010880
aa765b714f0a,bdh_cq,compose,5000,1,strong,"{""depth"": 8}",3,True,False,0,0.0,0.0,0.0,0.0,"[0.0, 0.0, 0.0]",0.0,0.0,0.0,0.0,10010880
aa765b714f0a,bdh_cq,compose,7500,1,strong,"{""depth"": 6}",3,True,False,0,0.0,0.0,0.0,0.0,"[0.0, 0.0, 0.0]",0.0,0.0,0.0,0.0,10010880
aa765b714f0a,bdh_cq,compose,7500,1,strong,"{""depth"": 8}",3,True,False,0,0.0,0.0,0.0,0.0,"[0.0, 0.0, 0.0]",0.0,0.0,0.0,0.0,10010880
aa765b714f0a,bdh_cq,compose,10000,1,strong,"{""depth"": 6}",3,True,False,0,0.006666666666666668,0.004109609335312651,0.002,0.012,"[0.006, 0.012, 0.002]",0.002,0.012000000000000002,0.006666666666666668,0.006666666666666668,10010880
aa765b714f0a,bdh_cq,compose,10000,1,strong,"{""depth"": 8}",3,True,False,0,0.005333333333333333,0.004109609335312651,0.0,0.01,"[0.01, 0.006, 0.0]",0.0,0.01,0.005333333333333333,0.005333333333333333,10010880
aa765b714f0a,bdh_cq,compose,12500,1,strong,"{""depth"": 6}",3,True,False,0,0.004666666666666667,0.00339934634239519,0.0,0.008,"[0.006, 0.008, 0.0]",0.0,0.008,0.004666666666666667,0.004666666666666667,10010880
aa765b714f0a,bdh_cq,compose,12500,1,strong,"{""depth"": 8}",3,True,False,0,0.006666666666666668,0.0033993463423951896,0.002,0.01,"[0.01, 0.008, 0.002]",0.002,0.01,0.006666666666666668,0.006666666666666668,10010880
aa765b714f0a,bdh_cq,compose,15000,1,strong,"{""depth"": 6}",3,True,False,0,0.010666666666666666,0.008219218670625302,0.0,0.02,"[0.02, 0.012, 0.0]",0.0,0.02,0.010666666666666666,0.010666666666666666,10010880
aa765b714f0a,bdh_cq,compose,15000,1,strong,"{""depth"": 8}",3,True,False,0,0.006666666666666668,0.0033993463423951896,0.002,0.01,"[0.01, 0.008, 0.002]",0.002,0.01,0.006666666666666668,0.006666666666666668,10010880
aa765b714f0a,bdh_cq,compose,17500,1,strong,"{""depth"": 6}",3,True,False,0,0.009333333333333332,0.006599663291074444,0.002,0.018,"[0.018, 0.008, 0.002]",0.002,0.018,0.009333333333333332,0.009333333333333332,10010880
aa765b714f0a,bdh_cq,compose,17500,1,strong,"{""depth"": 8}",3,True,False,0,0.012000000000000002,0.008640987597877148,0.0,0.02,"[0.016, 0.02, 0.0]",0.0,0.02,0.012000000000000002,0.012000000000000002,10010880
aa765b714f0a,bdh_cq,compose,20000,1,strong,"{""depth"": 6}",3,True,False,0,0.016666666666666666,0.011813363431112901,0.0,0.026,"[0.024, 0.026, 0.0]",0.0,0.026,0.016666666666666666,0.016666666666666666,10010880
aa765b714f0a,bdh_cq,compose,20000,1,strong,"{""depth"": 8}",3,True,False,0,0.013333333333333334,0.008993825042154695,0.002,0.024,"[0.024, 0.014, 0.002]",0.002,0.024000000000000004,0.013333333333333334,0.013333333333333334,10010880
aa765b714f0a,bdh_cq,compose,22500,1,strong,"{""depth"": 6}",3,True,False,0,0.01,0.005887840577551898,0.002,0.016,"[0.012, 0.016, 0.002]",0.002,0.016,0.01,0.01,10010880
aa765b714f0a,bdh_cq,compose,22500,1,strong,"{""depth"": 8}",3,True,False,0,0.01,0.007483314773547882,0.0,0.018,"[0.018, 0.012, 0.0]",0.0,0.018,0.01,0.01,10010880
aa765b714f0a,bdh_cq,compose,25000,1,strong,"{""depth"": 6}",3,True,False,0,0.009333333333333334,0.004109609335312651,0.004,0.014,"[0.014, 0.01, 0.004]",0.004,0.014,0.009333333333333334,0.009333333333333334,10010880
aa765b714f0a,bdh_cq,compose,25000,1,strong,"{""depth"": 8}",3,True,False,0,0.011333333333333334,0.006798692684790379,0.002,0.018,"[0.014, 0.018, 0.002]",0.002,0.018,0.011333333333333334,0.011333333333333334,10010880
aa765b714f0a,bdh_cq,compose,27500,1,strong,"{""depth"": 6}",3,True,False,0,0.013333333333333334,0.010498677165349081,0.004,0.028,"[0.004, 0.028, 0.008]",0.004,0.028,0.013333333333333334,0.013333333333333334,10010880
aa765b714f0a,bdh_cq,compose,27500,1,strong,"{""depth"": 8}",3,True,False,0,0.015333333333333332,0.006599663291074444,0.006,0.02,"[0.02, 0.02, 0.006]",0.006000000000000001,0.02,0.015333333333333332,0.015333333333333332,10010880
aa765b714f0a,bdh_cq,compose,30000,1,strong,"{""depth"": 6}",3,True,False,0,0.016,0.007118052168020874,0.01,0.026,"[0.01, 0.026, 0.012]",0.01,0.026,0.016,0.016,10010880
aa765b714f0a,bdh_cq,compose,30000,1,strong,"{""depth"": 8}",3,True,False,0,0.018,0.007483314773547882,0.008,0.026,"[0.026, 0.02, 0.008]",0.008,0.026,0.018,0.018,10010880
aa765b714f0a,bdh_cq,compose,32500,1,strong,"{""depth"": 6}",3,True,False,0,0.013999999999999999,0.006531972647421808,0.006,0.022,"[0.006, 0.022, 0.014]",0.006000000000000001,0.022000000000000002,0.013999999999999999,0.013999999999999999,10010880
aa765b714f0a,bdh_cq,compose,32500,1,strong,"{""depth"": 8}",3,True,False,0,0.020666666666666663,0.010498677165349081,0.006,0.03,"[0.03, 0.026, 0.006]",0.006000000000000001,0.03,0.020666666666666663,0.020666666666666663,10010880
aa765b714f0a,bdh_cq,compose,35000,1,strong,"{""depth"": 6}",3,True,False,0,0.011999999999999999,0.004320493798938574,0.006,0.016,"[0.006, 0.016, 0.014]",0.006000000000000001,0.016,0.011999999999999999,0.011999999999999999,10010880
aa765b714f0a,bdh_cq,compose,35000,1,strong,"{""depth"": 8}",3,True,False,0,0.017333333333333333,0.006798692684790379,0.008,0.024,"[0.024, 0.02, 0.008]",0.008,0.024000000000000004,0.017333333333333333,0.017333333333333333,10010880
aa765b714f0a,bdh_cq,compose,37500,1,strong,"{""depth"": 6}",3,True,False,0,0.012666666666666668,0.005734883511361751,0.006,0.02,"[0.006, 0.02, 0.012]",0.006000000000000001,0.02,0.012666666666666668,0.012666666666666668,10010880
aa765b714f0a,bdh_cq,compose,37500,1,strong,"{""depth"": 8}",3,True,False,0,0.017333333333333333,0.005249338582674541,0.01,0.022,"[0.022, 0.02, 0.01]",0.01,0.022000000000000002,0.017333333333333333,0.017333333333333333,10010880
aa765b714f0a,bdh_cq,compose,40000,1,strong,"{""depth"": 6}",3,True,False,0,0.01333333333333333,0.006599663291074444,0.006,0.022,"[0.006, 0.022, 0.012]",0.006000000000000001,0.022000000000000002,0.01333333333333333,0.01333333333333333,10010880
aa765b714f0a,bdh_cq,compose,40000,1,strong,"{""depth"": 8}",3,True,False,0,0.018,0.005887840577551898,0.01,0.024,"[0.024, 0.02, 0.01]",0.01,0.024000000000000004,0.018,0.018,10010880
aa765b714f0a,bdh_cq,compose,40000,2,strong,"{""depth"": 6}",3,True,False,0,0.018,0.0032659863237109034,0.014,0.022,"[0.018, 0.022, 0.014]",0.014,0.022000000000000002,0.018,0.018,10010880
aa765b714f0a,bdh_cq,compose,40000,2,strong,"{""depth"": 8}",3,True,False,0,0.018,0.00848528137423857,0.006,0.024,"[0.024, 0.024, 0.006]",0.006000000000000001,0.024000000000000004,0.018,0.018,10010880
aa765b714f0a,bdh_cq,compose,2500,4,strong,"{""depth"": 6}",3,True,False,0,0.0,0.0,0.0,0.0,"[0.0, 0.0, 0.0]",0.0,0.0,0.0,0.0,10010880
aa765b714f0a,bdh_cq,compose,2500,4,strong,"{""depth"": 8}",3,True,False,0,0.0,0.0,0.0,0.0,"[0.0, 0.0, 0.0]",0.0,0.0,0.0,0.0,10010880
aa765b714f0a,bdh_cq,compose,5000,4,strong,"{""depth"": 6}",3,True,False,0,0.0006666666666666666,0.0009428090415820634,0.0,0.002,"[0.0, 0.0, 0.002]",0.0,0.002,0.0006666666666666666,0.0006666666666666666,10010880
aa765b714f0a,bdh_cq,compose,5000,4,strong,"{""depth"": 8}",3,True,False,0,0.0,0.0,0.0,0.0,"[0.0, 0.0, 0.0]",0.0,0.0,0.0,0.0,10010880
aa765b714f0a,bdh_cq,compose,7500,4,strong,"{""depth"": 6}",3,True,False,0,0.0006666666666666666,0.0009428090415820634,0.0,0.002,"[0.002, 0.0, 0.0]",0.0,0.002,0.0006666666666666666,0.0006666666666666666,10010880
aa765b714f0a,bdh_cq,compose,7500,4,strong,"{""depth"": 8}",3,True,False,0,0.0006666666666666666,0.0009428090415820634,0.0,0.002,"[0.002, 0.0, 0.0]",0.0,0.002,0.0006666666666666666,0.0006666666666666666,10010880
aa765b714f0a,bdh_cq,compose,10000,4,strong,"{""depth"": 6}",3,True,False,0,0.006000000000000001,0.004898979485566357,0.0,0.012,"[0.006, 0.012, 0.0]",0.0,0.012000000000000002,0.006000000000000001,0.006000000000000001,10010880
aa765b714f0a,bdh_cq,compose,10000,4,strong,"{""depth"": 8}",3,True,False,0,0.0026666666666666666,0.0024944382578492943,0.0,0.006,"[0.006, 0.002, 0.0]",0.0,0.006000000000000001,0.0026666666666666666,0.0026666666666666666,10010880
aa765b714f0a,bdh_cq,compose,12500,4,strong,"{""depth"": 6}",3,True,False,0,0.0033333333333333335,0.0024944382578492943,0.0,0.006,"[0.006, 0.004, 0.0]",0.0,0.006000000000000001,0.0033333333333333335,0.0033333333333333335,10010880
aa765b714f0a,bdh_cq,compose,12500,4,strong,"{""depth"": 8}",3,True,False,0,0.007333333333333333,0.006599663291074444,0.0,0.016,"[0.016, 0.006, 0.0]",0.0,0.016,0.007333333333333333,0.007333333333333333,10010880
aa765b714f0a,bdh_cq,compose,15000,4,strong,"{""depth"": 6}",3,True,False,0,0.008666666666666668,0.0061824123303304696,0.0,0.014,"[0.014, 0.012, 0.0]",0.0,0.014,0.008666666666666668,0.008666666666666668,10010880
aa765b714f0a,bdh_cq,compose,15000,4,strong,"{""depth"": 8}",3,True,False,0,0.007333333333333333,0.004109609335312651,0.002,0.012,"[0.012, 0.008, 0.002]",0.002,0.012000000000000002,0.007333333333333333,0.007333333333333333,10010880
aa765b714f0a,bdh_cq,compose,17500,4,strong,"{""depth"": 6}",3,True,False,0,0.011333333333333334,0.006599663291074444,0.002,0.016,"[0.016, 0.016, 0.002]",0.002,0.016,0.011333333333333334,0.011333333333333334,10010880
aa765b714f0a,bdh_cq,compose,17500,4,strong,"{""depth"": 8}",3,True,False,0,0.010666666666666666,0.00771722460186015,0.0,0.018,"[0.018, 0.014, 0.0]",0.0,0.018,0.010666666666666666,0.010666666666666666,10010880
aa765b714f0a,bdh_cq,compose,20000,4,strong,"{""depth"": 6}",3,True,False,0,0.01933333333333333,0.013695092389449423,0.0,0.03,"[0.028, 0.03, 0.0]",0.0,0.03,0.01933333333333333,0.01933333333333333,10010880
aa765b714f0a,bdh_cq,compose,20000,4,strong,"{""depth"": 8}",3,True,False,0,0.012666666666666666,0.008993825042154695,0.0,0.02,"[0.02, 0.018, 0.0]",0.0,0.02,0.012666666666666666,0.012666666666666666,10010880
aa765b714f0a,bdh_cq,compose,22500,4,strong,"{""depth"": 6}",3,True,False,0,0.012666666666666668,0.006182412330330469,0.004,0.018,"[0.018, 0.016, 0.004]",0.004,0.018,0.012666666666666668,0.012666666666666668,10010880
aa765b714f0a,bdh_cq,compose,22500,4,strong,"{""depth"": 8}",3,True,False,0,0.011333333333333334,0.008379870059984357,0.0,0.02,"[0.02, 0.014, 0.0]",0.0,0.02,0.011333333333333334,0.011333333333333334,10010880
aa765b714f0a,bdh_cq,compose,25000,4,strong,"{""depth"": 6}",3,True,False,0,0.013999999999999999,0.006531972647421808,0.006,0.022,"[0.022, 0.014, 0.006]",0.006000000000000001,0.022000000000000002,0.013999999999999999,0.013999999999999999,10010880
aa765b714f0a,bdh_cq,compose,25000,4,strong,"{""depth"": 8}",3,True,False,0,0.015333333333333332,0.008055363982396382,0.004,0.022,"[0.02, 0.022, 0.004]",0.004,0.022000000000000002,0.015333333333333332,0.015333333333333332,10010880
aa765b714f0a,bdh_cq,compose,27500,4,strong,"{""depth"": 6}",3,True,False,0,0.015999999999999997,0.007118052168020874,0.006,0.022,"[0.022, 0.02, 0.006]",0.006000000000000001,0.022000000000000002,0.015999999999999997,0.015999999999999997,10010880
aa765b714f0a,bdh_cq,compose,27500,4,strong,"{""depth"": 8}",3,True,False,0,0.017333333333333336,0.010624918300339483,0.004,0.03,"[0.03, 0.018, 0.004]",0.004,0.03,0.017333333333333336,0.017333333333333336,10010880
aa765b714f0a,bdh_cq,compose,30000,4,strong,"{""depth"": 6}",3,True,False,0,0.021333333333333333,0.006798692684790379,0.012,0.028,"[0.024, 0.028, 0.012]",0.012000000000000002,0.028,0.021333333333333333,0.021333333333333333,10010880
aa765b714f0a,bdh_cq,compose,30000,4,strong,"{""depth"": 8}",3,True,False,0,0.018,0.008640987597877146,0.006,0.026,"[0.026, 0.022, 0.006]",0.006000000000000001,0.026,0.018,0.018,10010880
aa765b714f0a,bdh_cq,compose,32500,4,strong,"{""depth"": 6}",3,True,False,0,0.018666666666666665,0.004988876515698589,0.012,0.024,"[0.024, 0.02, 0.012]",0.012000000000000002,0.024000000000000004,0.018666666666666665,0.018666666666666665,10010880
aa765b714f0a,bdh_cq,compose,32500,4,strong,"{""depth"": 8}",3,True,False,0,0.02,0.009933109617167559,0.006,0.028,"[0.026, 0.028, 0.006]",0.006000000000000001,0.028,0.02,0.02,10010880
aa765b714f0a,bdh_cq,compose,35000,4,strong,"{""depth"": 6}",3,True,False,0,0.018666666666666665,0.004109609335312651,0.014,0.024,"[0.024, 0.018, 0.014]",0.014,0.024000000000000004,0.018666666666666665,0.018666666666666665,10010880
aa765b714f0a,bdh_cq,compose,35000,4,strong,"{""depth"": 8}",3,True,False,0,0.017333333333333333,0.008055363982396382,0.006,0.024,"[0.024, 0.022, 0.006]",0.006000000000000001,0.024000000000000004,0.017333333333333333,0.017333333333333333,10010880
aa765b714f0a,bdh_cq,compose,37500,4,strong,"{""depth"": 6}",3,True,False,0,0.02,0.005887840577551897,0.012,0.026,"[0.026, 0.022, 0.012]",0.012000000000000002,0.026,0.02,0.02,10010880
aa765b714f0a,bdh_cq,compose,37500,4,strong,"{""depth"": 8}",3,True,False,0,0.016666666666666666,0.008993825042154695,0.004,0.024,"[0.024, 0.022, 0.004]",0.004,0.024000000000000004,0.016666666666666666,0.016666666666666666,10010880
aa765b714f0a,bdh_cq,compose,40000,4,strong,"{""depth"": 6}",3,True,False,0,0.01933333333333333,0.00573488351136175,0.012,0.026,"[0.026, 0.02, 0.012]",0.012000000000000002,0.026,0.01933333333333333,0.01933333333333333,10010880
aa765b714f0a,bdh_cq,compose,40000,4,strong,"{""depth"": 8}",3,True,False,0,0.017333333333333333,0.005249338582674541,0.01,0.022,"[0.022, 0.02, 0.01]",0.01,0.022000000000000002,0.017333333333333333,0.017333333333333333,10010880
aa765b714f0a,bdh_cq,compose,40000,8,strong,"{""depth"": 6}",3,True,False,0,0.017333333333333333,0.009285592184789413,0.008,0.03,"[0.008, 0.03, 0.014]",0.008,0.03,0.017333333333333333,0.017333333333333333,10010880
aa765b714f0a,bdh_cq,compose,40000,8,strong,"{""depth"": 8}",3,True,False,0,0.011999999999999999,0.004898979485566356,0.006,0.018,"[0.018, 0.012, 0.006]",0.006000000000000001,0.018,0.011999999999999999,0.011999999999999999,10010880
aa765b714f0a,bdh_cq,compose,2500,16,strong,"{""depth"": 6}",3,True,False,0,0.0,0.0,0.0,0.0,"[0.0, 0.0, 0.0]",0.0,0.0,0.0,0.0,10010880
aa765b714f0a,bdh_cq,compose,2500,16,strong,"{""depth"": 8}",3,True,False,0,0.0,0.0,0.0,0.0,"[0.0, 0.0, 0.0]",0.0,0.0,0.0,0.0,10010880
aa765b714f0a,bdh_cq,compose,5000,16,strong,"{""depth"": 6}",3,True,False,0,0.0006666666666666666,0.0009428090415820634,0.0,0.002,"[0.0, 0.0, 0.002]",0.0,0.002,0.0006666666666666666,0.0006666666666666666,10010880
aa765b714f0a,bdh_cq,compose,5000,16,strong,"{""depth"": 8}",3,True,False,0,0.0,0.0,0.0,0.0,"[0.0, 0.0, 0.0]",0.0,0.0,0.0,0.0,10010880
aa765b714f0a,bdh_cq,compose,7500,16,strong,"{""depth"": 6}",3,True,False,0,0.0013333333333333333,0.0009428090415820634,0.0,0.002,"[0.002, 0.002, 0.0]",0.0,0.002,0.0013333333333333333,0.0013333333333333333,10010880
aa765b714f0a,bdh_cq,compose,7500,16,strong,"{""depth"": 8}",3,True,False,0,0.0,0.0,0.0,0.0,"[0.0, 0.0, 0.0]",0.0,0.0,0.0,0.0,10010880
aa765b714f0a,bdh_cq,compose,10000,16,strong,"{""depth"": 6}",3,True,False,0,0.002,0.001632993161855452,0.0,0.004,"[0.002, 0.004, 0.0]",0.0,0.004,0.002,0.002,10010880
aa765b714f0a,bdh_cq,compose,10000,16,strong,"{""depth"": 8}",3,True,False,0,0.0,0.0,0.0,0.0,"[0.0, 0.0, 0.0]",0.0,0.0,0.0,0.0,10010880
aa765b714f0a,bdh_cq,compose,12500,16,strong,"{""depth"": 6}",3,True,False,0,0.0,0.0,0.0,0.0,"[0.0, 0.0, 0.0]",0.0,0.0,0.0,0.0,10010880
aa765b714f0a,bdh_cq,compose,12500,16,strong,"{""depth"": 8}",3,True,False,0,0.0013333333333333333,0.0009428090415820634,0.0,0.002,"[0.002, 0.002, 0.0]",0.0,0.002,0.0013333333333333333,0.0013333333333333333,10010880
aa765b714f0a,bdh_cq,compose,15000,16,strong,"{""depth"": 6}",3,True,False,0,0.0013333333333333333,0.0018856180831641268,0.0,0.004,"[0.0, 0.004, 0.0]",0.0,0.004,0.0013333333333333333,0.0013333333333333333,10010880
aa765b714f0a,bdh_cq,compose,15000,16,strong,"{""depth"": 8}",3,True,False,0,0.0033333333333333335,0.0033993463423951896,0.0,0.008,"[0.008, 0.0, 0.002]",0.0,0.008,0.0033333333333333335,0.0033333333333333335,10010880
aa765b714f0a,bdh_cq,compose,17500,16,strong,"{""depth"": 6}",3,True,False,0,0.0006666666666666666,0.0009428090415820634,0.0,0.002,"[0.0, 0.0, 0.002]",0.0,0.002,0.0006666666666666666,0.0006666666666666666,10010880
aa765b714f0a,bdh_cq,compose,17500,16,strong,"{""depth"": 8}",3,True,False,0,0.0006666666666666666,0.0009428090415820634,0.0,0.002,"[0.002, 0.0, 0.0]",0.0,0.002,0.0006666666666666666,0.0006666666666666666,10010880
aa765b714f0a,bdh_cq,compose,20000,16,strong,"{""depth"": 6}",3,True,False,0,0.0006666666666666666,0.0009428090415820634,0.0,0.002,"[0.002, 0.0, 0.0]",0.0,0.002,0.0006666666666666666,0.0006666666666666666,10010880
aa765b714f0a,bdh_cq,compose,20000,16,strong,"{""depth"": 8}",3,True,False,0,0.0006666666666666666,0.0009428090415820634,0.0,0.002,"[0.0, 0.002, 0.0]",0.0,0.002,0.0006666666666666666,0.0006666666666666666,10010880
aa765b714f0a,bdh_cq,compose,22500,16,strong,"{""depth"": 6}",3,True,False,0,0.0013333333333333333,0.0009428090415820634,0.0,0.002,"[0.002, 0.002, 0.0]",0.0,0.002,0.0013333333333333333,0.0013333333333333333,10010880
aa765b714f0a,bdh_cq,compose,22500,16,strong,"{""depth"": 8}",3,True,False,0,0.0033333333333333335,0.0009428090415820634,0.002,0.004,"[0.004, 0.004, 0.002]",0.002,0.004,0.0033333333333333335,0.0033333333333333335,10010880
aa765b714f0a,bdh_cq,compose,25000,16,strong,"{""depth"": 6}",3,True,False,0,0.0,0.0,0.0,0.0,"[0.0, 0.0, 0.0]",0.0,0.0,0.0,0.0,10010880
aa765b714f0a,bdh_cq,compose,25000,16,strong,"{""depth"": 8}",3,True,False,0,0.0026666666666666666,0.0018856180831641268,0.0,0.004,"[0.004, 0.004, 0.0]",0.0,0.004,0.0026666666666666666,0.0026666666666666666,10010880
aa765b714f0a,bdh_cq,compose,27500,16,strong,"{""depth"": 6}",3,True,False,0,0.002,0.001632993161855452,0.0,0.004,"[0.0, 0.004, 0.002]",0.0,0.004,0.002,0.002,10010880
aa765b714f0a,bdh_cq,compose,27500,16,strong,"{""depth"": 8}",3,True,False,0,0.002,0.001632993161855452,0.0,0.004,"[0.002, 0.0, 0.004]",0.0,0.004,0.002,0.002,10010880
aa765b714f0a,bdh_cq,compose,30000,16,strong,"{""depth"": 6}",3,True,False,0,0.002,0.0,0.002,0.002,"[0.002, 0.002, 0.002]",0.002,0.002,0.002,0.002,10010880
aa765b714f0a,bdh_cq,compose,30000,16,strong,"{""depth"": 8}",3,True,False,0,0.002,0.001632993161855452,0.0,0.004,"[0.004, 0.0, 0.002]",0.0,0.004,0.002,0.002,10010880
aa765b714f0a,bdh_cq,compose,32500,16,strong,"{""depth"": 6}",3,True,False,0,0.0033333333333333335,0.004714045207910317,0.0,0.01,"[0.01, 0.0, 0.0]",0.0,0.01,0.0033333333333333335,0.0033333333333333335,10010880
aa765b714f0a,bdh_cq,compose,32500,16,strong,"{""depth"": 8}",3,True,False,0,0.004,0.0,0.004,0.004,"[0.004, 0.004, 0.004]",0.004,0.004,0.004,0.004,10010880
aa765b714f0a,bdh_cq,compose,35000,16,strong,"{""depth"": 6}",3,True,False,0,0.0013333333333333333,0.0018856180831641268,0.0,0.004,"[0.0, 0.004, 0.0]",0.0,0.004,0.0013333333333333333,0.0013333333333333333,10010880
aa765b714f0a,bdh_cq,compose,35000,16,strong,"{""depth"": 8}",3,True,False,0,0.006666666666666668,0.0033993463423951896,0.002,0.01,"[0.008, 0.01, 0.002]",0.002,0.01,0.006666666666666668,0.006666666666666668,10010880
aa765b714f0a,bdh_cq,compose,37500,16,strong,"{""depth"": 6}",3,True,False,0,0.0026666666666666666,0.0018856180831641268,0.0,0.004,"[0.0, 0.004, 0.004]",0.0,0.004,0.0026666666666666666,0.0026666666666666666,10010880
aa765b714f0a,bdh_cq,compose,37500,16,strong,"{""depth"": 8}",3,True,False,0,0.0033333333333333335,0.0018856180831641268,0.002,0.006,"[0.002, 0.006, 0.002]",0.002,0.006000000000000001,0.0033333333333333335,0.0033333333333333335,10010880
aa765b714f0a,bdh_cq,compose,40000,16,strong,"{""depth"": 6}",3,True,False,0,0.0026666666666666666,0.0009428090415820634,0.002,0.004,"[0.002, 0.004, 0.002]",0.002,0.004,0.0026666666666666666,0.0026666666666666666,10010880
aa765b714f0a,bdh_cq,compose,40000,16,strong,"{""depth"": 8}",3,True,False,0,0.006000000000000001,0.00282842712474619,0.004,0.01,"[0.004, 0.01, 0.004]",0.004,0.01,0.006000000000000001,0.006000000000000001,10010880
aa765b714f0a,bdh_cq,compose,40000,32,strong,"{""depth"": 6}",3,True,False,0,0.0,0.0,0.0,0.0,"[0.0, 0.0, 0.0]",0.0,0.0,0.0,0.0,10010880
aa765b714f0a,bdh_cq,compose,40000,32,strong,"{""depth"": 8}",3,True,False,0,0.0013333333333333333,0.0018856180831641268,0.0,0.004,"[0.0, 0.004, 0.0]",0.0,0.004,0.0013333333333333333,0.0013333333333333333,10010880
0c3b3e327762,looped_transformer,compose,2500,1,interp,"{""depth"": 1}",3,True,False,0,0.0006666666666666666,0.0009428090415820634,0.0,0.002,"[0.0, 0.002, 0.0]",0.0,0.002,0.0006666666666666666,0.0006666666666666666,9965316
0c3b3e327762,looped_transformer,compose,2500,1,interp,"{""depth"": 2}",3,True,False,0,0.0,0.0,0.0,0.0,"[0.0, 0.0, 0.0]",0.0,0.0,0.0,0.0,9965316
0c3b3e327762,looped_transformer,compose,5000,1,interp,"{""depth"": 1}",3,True,False,0,0.0,0.0,0.0,0.0,"[0.0, 0.0, 0.0]",0.0,0.0,0.0,0.0,9965316
0c3b3e327762,looped_transformer,compose,5000,1,interp,"{""depth"": 2}",3,True,False,0,0.0,0.0,0.0,0.0,"[0.0, 0.0, 0.0]",0.0,0.0,0.0,0.0,9965316
0c3b3e327762,looped_transformer,compose,7500,1,interp,"{""depth"": 1}",3,True,False,0,0.0,0.0,0.0,0.0,"[0.0, 0.0, 0.0]",0.0,0.0,0.0,0.0,9965316
0c3b3e327762,looped_transformer,compose,7500,1,interp,"{""depth"": 2}",3,True,False,0,0.0006666666666666666,0.0009428090415820634,0.0,0.002,"[0.0, 0.002, 0.0]",0.0,0.002,0.0006666666666666666,0.0006666666666666666,9965316
0c3b3e327762,looped_transformer,compose,10000,1,interp,"{""depth"": 1}",3,True,False,0,0.0,0.0,0.0,0.0,"[0.0, 0.0, 0.0]",0.0,0.0,0.0,0.0,9965316
0c3b3e327762,looped_transformer,compose,10000,1,interp,"{""depth"": 2}",3,True,False,0,0.0,0.0,0.0,0.0,"[0.0, 0.0, 0.0]",0.0,0.0,0.0,0.0,9965316
0c3b3e327762,looped_transformer,compose,12500,1,interp,"{""depth"": 1}",3,True,False,0,0.0006666666666666666,0.0009428090415820634,0.0,0.002,"[0.0, 0.0, 0.002]",0.0,0.002,0.0006666666666666666,0.0006666666666666666,9965316
0c3b3e327762,looped_transformer,compose,12500,1,interp,"{""depth"": 2}",3,True,False,0,0.0,0.0,0.0,0.0,"[0.0, 0.0, 0.0]",0.0,0.0,0.0,0.0,9965316
0c3b3e327762,looped_transformer,compose,15000,1,interp,"{""depth"": 1}",3,True,False,0,0.0006666666666666666,0.0009428090415820634,0.0,0.002,"[0.002, 0.0, 0.0]",0.0,0.002,0.0006666666666666666,0.0006666666666666666,9965316
0c3b3e327762,looped_transformer,compose,15000,1,interp,"{""depth"": 2}",3,True,False,0,0.0,0.0,0.0,0.0,"[0.0, 0.0, 0.0]",0.0,0.0,0.0,0.0,9965316
0c3b3e327762,looped_transformer,compose,17500,1,interp,"{""depth"": 1}",3,True,False,0,0.002,0.0,0.002,0.002,"[0.002, 0.002, 0.002]",0.002,0.002,0.002,0.002,9965316
0c3b3e327762,looped_transformer,compose,17500,1,interp,"{""depth"": 2}",3,True,False,0,0.0,0.0,0.0,0.0,"[0.0, 0.0, 0.0]",0.0,0.0,0.0,0.0,9965316
0c3b3e327762,looped_transformer,compose,20000,1,interp,"{""depth"": 1}",3,True,False,0,0.0,0.0,0.0,0.0,"[0.0, 0.0, 0.0]",0.0,0.0,0.0,0.0,9965316
0c3b3e327762,looped_transformer,compose,20000,1,interp,"{""depth"": 2}",3,True,False,0,0.0,0.0,0.0,0.0,"[0.0, 0.0, 0.0]",0.0,0.0,0.0,0.0,9965316
0c3b3e327762,looped_transformer,compose,22500,1,interp,"{""depth"": 1}",3,True,False,0,0.0006666666666666666,0.0009428090415820634,0.0,0.002,"[0.002, 0.0, 0.0]",0.0,0.002,0.0006666666666666666,0.0006666666666666666,9965316
0c3b3e327762,looped_transformer,compose,22500,1,interp,"{""depth"": 2}",3,True,False,0,0.0006666666666666666,0.0009428090415820634,0.0,0.002,"[0.0, 0.0, 0.002]",0.0,0.002,0.0006666666666666666,0.0006666666666666666,9965316
0c3b3e327762,looped_transformer,compose,25000,1,interp,"{""depth"": 1}",3,True,False,0,0.0,0.0,0.0,0.0,"[0.0, 0.0, 0.0]",0.0,0.0,0.0,0.0,9965316
0c3b3e327762,looped_transformer,compose,25000,1,interp,"{""depth"": 2}",3,True,False,0,0.0,0.0,0.0,0.0,"[0.0, 0.0, 0.0]",0.0,0.0,0.0,0.0,9965316
0c3b3e327762,looped_transformer,compose,27500,1,interp,"{""depth"": 1}",3,True,False,0,0.0006666666666666666,0.0009428090415820634,0.0,0.002,"[0.0, 0.002, 0.0]",0.0,0.002,0.0006666666666666666,0.0006666666666666666,9965316
0c3b3e327762,looped_transformer,compose,27500,1,interp,"{""depth"": 2}",3,True,False,0,0.0006666666666666666,0.0009428090415820634,0.0,0.002,"[0.0, 0.0, 0.002]",0.0,0.002,0.0006666666666666666,0.0006666666666666666,9965316
0c3b3e327762,looped_transformer,compose,30000,1,interp,"{""depth"": 1}",3,True,False,0,0.0013333333333333333,0.0009428090415820634,0.0,0.002,"[0.002, 0.002, 0.0]",0.0,0.002,0.0013333333333333333,0.0013333333333333333,9965316
0c3b3e327762,looped_transformer,compose,30000,1,interp,"{""depth"": 2}",3,True,False,0,0.0006666666666666666,0.0009428090415820634,0.0,0.002,"[0.0, 0.002, 0.0]",0.0,0.002,0.0006666666666666666,0.0006666666666666666,9965316
0c3b3e327762,looped_transformer,compose,32500,1,interp,"{""depth"": 1}",3,True,False,0,0.0006666666666666666,0.0009428090415820634,0.0,0.002,"[0.0, 0.002, 0.0]",0.0,0.002,0.0006666666666666666,0.0006666666666666666,9965316
0c3b3e327762,looped_transformer,compose,32500,1,interp,"{""depth"": 2}",3,True,False,0,0.0006666666666666666,0.0009428090415820634,0.0,0.002,"[0.0, 0.002, 0.0]",0.0,0.002,0.0006666666666666666,0.0006666666666666666,9965316
0c3b3e327762,looped_transformer,compose,35000,1,interp,"{""depth"": 1}",3,True,False,0,0.0,0.0,0.0,0.0,"[0.0, 0.0, 0.0]",0.0,0.0,0.0,0.0,9965316
0c3b3e327762,looped_transformer,compose,35000,1,interp,"{""depth"": 2}",3,True,False,0,0.0,0.0,0.0,0.0,"[0.0, 0.0, 0.0]",0.0,0.0,0.0,0.0,9965316
0c3b3e327762,looped_transformer,compose,37500,1,interp,"{""depth"": 1}",3,True,False,0,0.0006666666666666666,0.0009428090415820634,0.0,0.002,"[0.002, 0.0, 0.0]",0.0,0.002,0.0006666666666666666,0.0006666666666666666,9965316
0c3b3e327762,looped_transformer,compose,37500,1,interp,"{""depth"": 2}",3,True,False,0,0.0006666666666666666,0.0009428090415820634,0.0,0.002,"[0.002, 0.0, 0.0]",0.0,0.002,0.0006666666666666666,0.0006666666666666666,9965316
0c3b3e327762,looped_transformer,compose,40000,1,interp,"{""depth"": 1}",3,True,False,0,0.0006666666666666666,0.0009428090415820634,0.0,0.002,"[0.002, 0.0, 0.0]",0.0,0.002,0.0006666666666666666,0.0006666666666666666,9965316
0c3b3e327762,looped_transformer,compose,40000,1,interp,"{""depth"": 2}",3,True,False,0,0.0006666666666666666,0.0009428090415820634,0.0,0.002,"[0.002, 0.0, 0.0]",0.0,0.002,0.0006666666666666666,0.0006666666666666666,9965316
0c3b3e327762,looped_transformer,compose,40000,2,interp,"{""depth"": 1}",3,True,False,0,0.0006666666666666666,0.0009428090415820634,0.0,0.002,"[0.002, 0.0, 0.0]",0.0,0.002,0.0006666666666666666,0.0006666666666666666,9965316
0c3b3e327762,looped_transformer,compose,40000,2,interp,"{""depth"": 2}",3,True,False,0,0.0,0.0,0.0,0.0,"[0.0, 0.0, 0.0]",0.0,0.0,0.0,0.0,9965316
0c3b3e327762,looped_transformer,compose,2500,4,interp,"{""depth"": 1}",3,True,False,0,0.0006666666666666666,0.0009428090415820634,0.0,0.002,"[0.0, 0.002, 0.0]",0.0,0.002,0.0006666666666666666,0.0006666666666666666,9965316
0c3b3e327762,looped_transformer,compose,2500,4,interp,"{""depth"": 2}",3,True,False,0,0.0,0.0,0.0,0.0,"[0.0, 0.0, 0.0]",0.0,0.0,0.0,0.0,9965316
0c3b3e327762,looped_transformer,compose,5000,4,interp,"{""depth"": 1}",3,True,False,0,0.0,0.0,0.0,0.0,"[0.0, 0.0, 0.0]",0.0,0.0,0.0,0.0,9965316
0c3b3e327762,looped_transformer,compose,5000,4,interp,"{""depth"": 2}",3,True,False,0,0.0,0.0,0.0,0.0,"[0.0, 0.0, 0.0]",0.0,0.0,0.0,0.0,9965316
0c3b3e327762,looped_transformer,compose,7500,4,interp,"{""depth"": 1}",3,True,False,0,0.0,0.0,0.0,0.0,"[0.0, 0.0, 0.0]",0.0,0.0,0.0,0.0,9965316
0c3b3e327762,looped_transformer,compose,7500,4,interp,"{""depth"": 2}",3,True,False,0,0.0006666666666666666,0.0009428090415820634,0.0,0.002,"[0.0, 0.002, 0.0]",0.0,0.002,0.0006666666666666666,0.0006666666666666666,9965316
0c3b3e327762,looped_transformer,compose,10000,4,interp,"{""depth"": 1}",3,True,False,0,0.0,0.0,0.0,0.0,"[0.0, 0.0, 0.0]",0.0,0.0,0.0,0.0,9965316
0c3b3e327762,looped_transformer,compose,10000,4,interp,"{""depth"": 2}",3,True,False,0,0.0,0.0,0.0,0.0,"[0.0, 0.0, 0.0]",0.0,0.0,0.0,0.0,9965316
0c3b3e327762,looped_transformer,compose,12500,4,interp,"{""depth"": 1}",3,True,False,0,0.0006666666666666666,0.0009428090415820634,0.0,0.002,"[0.0, 0.0, 0.002]",0.0,0.002,0.0006666666666666666,0.0006666666666666666,9965316
0c3b3e327762,looped_transformer,compose,12500,4,interp,"{""depth"": 2}",3,True,False,0,0.0,0.0,0.0,0.0,"[0.0, 0.0, 0.0]",0.0,0.0,0.0,0.0,9965316
0c3b3e327762,looped_transformer,compose,15000,4,interp,"{""depth"": 1}",3,True,False,0,0.0006666666666666666,0.0009428090415820634,0.0,0.002,"[0.002, 0.0, 0.0]",0.0,0.002,0.0006666666666666666,0.0006666666666666666,9965316
0c3b3e327762,looped_transformer,compose,15000,4,interp,"{""depth"": 2}",3,True,False,0,0.0,0.0,0.0,0.0,"[0.0, 0.0, 0.0]",0.0,0.0,0.0,0.0,9965316
0c3b3e327762,looped_transformer,compose,17500,4,interp,"{""depth"": 1}",3,True,False,0,0.0006666666666666666,0.0009428090415820634,0.0,0.002,"[0.0, 0.0, 0.002]",0.0,0.002,0.0006666666666666666,0.0006666666666666666,9965316
0c3b3e327762,looped_transformer,compose,17500,4,interp,"{""depth"": 2}",3,True,False,0,0.0006666666666666666,0.0009428090415820634,0.0,0.002,"[0.0, 0.0, 0.002]",0.0,0.002,0.0006666666666666666,0.0006666666666666666,9965316
0c3b3e327762,looped_transformer,compose,20000,4,interp,"{""depth"": 1}",3,True,False,0,0.0006666666666666666,0.0009428090415820634,0.0,0.002,"[0.0, 0.002, 0.0]",0.0,0.002,0.0006666666666666666,0.0006666666666666666,9965316
0c3b3e327762,looped_transformer,compose,20000,4,interp,"{""depth"": 2}",3,True,False,0,0.0,0.0,0.0,0.0,"[0.0, 0.0, 0.0]",0.0,0.0,0.0,0.0,9965316
0c3b3e327762,looped_transformer,compose,22500,4,interp,"{""depth"": 1}",3,True,False,0,0.0006666666666666666,0.0009428090415820634,0.0,0.002,"[0.002, 0.0, 0.0]",0.0,0.002,0.0006666666666666666,0.0006666666666666666,9965316
0c3b3e327762,looped_transformer,compose,22500,4,interp,"{""depth"": 2}",3,True,False,0,0.0013333333333333333,0.0018856180831641268,0.0,0.004,"[0.0, 0.0, 0.004]",0.0,0.004,0.0013333333333333333,0.0013333333333333333,9965316
0c3b3e327762,looped_transformer,compose,25000,4,interp,"{""depth"": 1}",3,True,False,0,0.0006666666666666666,0.0009428090415820634,0.0,0.002,"[0.0, 0.0, 0.002]",0.0,0.002,0.0006666666666666666,0.0006666666666666666,9965316
0c3b3e327762,looped_transformer,compose,25000,4,interp,"{""depth"": 2}",3,True,False,0,0.0,0.0,0.0,0.0,"[0.0, 0.0, 0.0]",0.0,0.0,0.0,0.0,9965316
0c3b3e327762,looped_transformer,compose,27500,4,interp,"{""depth"": 1}",3,True,False,0,0.0,0.0,0.0,0.0,"[0.0, 0.0, 0.0]",0.0,0.0,0.0,0.0,9965316
0c3b3e327762,looped_transformer,compose,27500,4,interp,"{""depth"": 2}",3,True,False,0,0.0006666666666666666,0.0009428090415820634,0.0,0.002,"[0.002, 0.0, 0.0]",0.0,0.002,0.0006666666666666666,0.0006666666666666666,9965316
0c3b3e327762,looped_transformer,compose,30000,4,interp,"{""depth"": 1}",3,True,False,0,0.0006666666666666666,0.0009428090415820634,0.0,0.002,"[0.002, 0.0, 0.0]",0.0,0.002,0.0006666666666666666,0.0006666666666666666,9965316
0c3b3e327762,looped_transformer,compose,30000,4,interp,"{""depth"": 2}",3,True,False,0,0.0,0.0,0.0,0.0,"[0.0, 0.0, 0.0]",0.0,0.0,0.0,0.0,9965316
0c3b3e327762,looped_transformer,compose,32500,4,interp,"{""depth"": 1}",3,True,False,0,0.0006666666666666666,0.0009428090415820634,0.0,0.002,"[0.0, 0.0, 0.002]",0.0,0.002,0.0006666666666666666,0.0006666666666666666,9965316
0c3b3e327762,looped_transformer,compose,32500,4,interp,"{""depth"": 2}",3,True,False,0,0.0,0.0,0.0,0.0,"[0.0, 0.0, 0.0]",0.0,0.0,0.0,0.0,9965316
0c3b3e327762,looped_transformer,compose,35000,4,interp,"{""depth"": 1}",3,True,False,0,0.0,0.0,0.0,0.0,"[0.0, 0.0, 0.0]",0.0,0.0,0.0,0.0,9965316
0c3b3e327762,looped_transformer,compose,35000,4,interp,"{""depth"": 2}",3,True,False,0,0.0006666666666666666,0.0009428090415820634,0.0,0.002,"[0.002, 0.0, 0.0]",0.0,0.002,0.0006666666666666666,0.0006666666666666666,9965316
0c3b3e327762,looped_transformer,compose,37500,4,interp,"{""depth"": 1}",3,True,False,0,0.0,0.0,0.0,0.0,"[0.0, 0.0, 0.0]",0.0,0.0,0.0,0.0,9965316
0c3b3e327762,looped_transformer,compose,37500,4,interp,"{""depth"": 2}",3,True,False,0,0.0006666666666666666,0.0009428090415820634,0.0,0.002,"[0.002, 0.0, 0.0]",0.0,0.002,0.0006666666666666666,0.0006666666666666666,9965316
0c3b3e327762,looped_transformer,compose,40000,4,interp,"{""depth"": 1}",3,True,False,0,0.0,0.0,0.0,0.0,"[0.0, 0.0, 0.0]",0.0,0.0,0.0,0.0,9965316
0c3b3e327762,looped_transformer,compose,40000,4,interp,"{""depth"": 2}",3,True,False,0,0.0006666666666666666,0.0009428090415820634,0.0,0.002,"[0.002, 0.0, 0.0]",0.0,0.002,0.0006666666666666666,0.0006666666666666666,9965316
0c3b3e327762,looped_transformer,compose,40000,8,interp,"{""depth"": 1}",3,True,False,0,0.0006666666666666666,0.0009428090415820634,0.0,0.002,"[0.0, 0.0, 0.002]",0.0,0.002,0.0006666666666666666,0.0006666666666666666,9965316
0c3b3e327762,looped_transformer,compose,40000,8,interp,"{""depth"": 2}",3,True,False,0,0.0,0.0,0.0,0.0,"[0.0, 0.0, 0.0]",0.0,0.0,0.0,0.0,9965316
0c3b3e327762,looped_transformer,compose,2500,16,interp,"{""depth"": 1}",3,True,False,0,0.0006666666666666666,0.0009428090415820634,0.0,0.002,"[0.0, 0.002, 0.0]",0.0,0.002,0.0006666666666666666,0.0006666666666666666,9965316
0c3b3e327762,looped_transformer,compose,2500,16,interp,"{""depth"": 2}",3,True,False,0,0.0,0.0,0.0,0.0,"[0.0, 0.0, 0.0]",0.0,0.0,0.0,0.0,9965316
0c3b3e327762,looped_transformer,compose,5000,16,interp,"{""depth"": 1}",3,True,False,0,0.0,0.0,0.0,0.0,"[0.0, 0.0, 0.0]",0.0,0.0,0.0,0.0,9965316
0c3b3e327762,looped_transformer,compose,5000,16,interp,"{""depth"": 2}",3,True,False,0,0.0,0.0,0.0,0.0,"[0.0, 0.0, 0.0]",0.0,0.0,0.0,0.0,9965316
0c3b3e327762,looped_transformer,compose,7500,16,interp,"{""depth"": 1}",3,True,False,0,0.0,0.0,0.0,0.0,"[0.0, 0.0, 0.0]",0.0,0.0,0.0,0.0,9965316
0c3b3e327762,looped_transformer,compose,7500,16,interp,"{""depth"": 2}",3,True,False,0,0.0,0.0,0.0,0.0,"[0.0, 0.0, 0.0]",0.0,0.0,0.0,0.0,9965316
0c3b3e327762,looped_transformer,compose,10000,16,interp,"{""depth"": 1}",3,True,False,0,0.0006666666666666666,0.0009428090415820634,0.0,0.002,"[0.002, 0.0, 0.0]",0.0,0.002,0.0006666666666666666,0.0006666666666666666,9965316
0c3b3e327762,looped_transformer,compose,10000,16,interp,"{""depth"": 2}",3,True,False,0,0.0,0.0,0.0,0.0,"[0.0, 0.0, 0.0]",0.0,0.0,0.0,0.0,9965316
0c3b3e327762,looped_transformer,compose,12500,16,interp,"{""depth"": 1}",3,True,False,0,0.0,0.0,0.0,0.0,"[0.0, 0.0, 0.0]",0.0,0.0,0.0,0.0,9965316
0c3b3e327762,looped_transformer,compose,12500,16,interp,"{""depth"": 2}",3,True,False,0,0.0,0.0,0.0,0.0,"[0.0, 0.0, 0.0]",0.0,0.0,0.0,0.0,9965316
0c3b3e327762,looped_transformer,compose,15000,16,interp,"{""depth"": 1}",3,True,False,0,0.0006666666666666666,0.0009428090415820634,0.0,0.002,"[0.002, 0.0, 0.0]",0.0,0.002,0.0006666666666666666,0.0006666666666666666,9965316
0c3b3e327762,looped_transformer,compose,15000,16,interp,"{""depth"": 2}",3,True,False,0,0.0,0.0,0.0,0.0,"[0.0, 0.0, 0.0]",0.0,0.0,0.0,0.0,9965316
0c3b3e327762,looped_transformer,compose,17500,16,interp,"{""depth"": 1}",3,True,False,0,0.0,0.0,0.0,0.0,"[0.0, 0.0, 0.0]",0.0,0.0,0.0,0.0,9965316
0c3b3e327762,looped_transformer,compose,17500,16,interp,"{""depth"": 2}",3,True,False,0,0.0,0.0,0.0,0.0,"[0.0, 0.0, 0.0]",0.0,0.0,0.0,0.0,9965316
0c3b3e327762,looped_transformer,compose,20000,16,interp,"{""depth"": 1}",3,True,False,0,0.0006666666666666666,0.0009428090415820634,0.0,0.002,"[0.002, 0.0, 0.0]",0.0,0.002,0.0006666666666666666,0.0006666666666666666,9965316
0c3b3e327762,looped_transformer,compose,20000,16,interp,"{""depth"": 2}",3,True,False,0,0.0,0.0,0.0,0.0,"[0.0, 0.0, 0.0]",0.0,0.0,0.0,0.0,9965316
0c3b3e327762,looped_transformer,compose,22500,16,interp,"{""depth"": 1}",3,True,False,0,0.0,0.0,0.0,0.0,"[0.0, 0.0, 0.0]",0.0,0.0,0.0,0.0,9965316
0c3b3e327762,looped_transformer,compose,22500,16,interp,"{""depth"": 2}",3,True,False,0,0.002,0.001632993161855452,0.0,0.004,"[0.0, 0.002, 0.004]",0.0,0.004,0.002,0.002,9965316
0c3b3e327762,looped_transformer,compose,25000,16,interp,"{""depth"": 1}",3,True,False,0,0.0006666666666666666,0.0009428090415820634,0.0,0.002,"[0.0, 0.002, 0.0]",0.0,0.002,0.0006666666666666666,0.0006666666666666666,9965316
0c3b3e327762,looped_transformer,compose,25000,16,interp,"{""depth"": 2}",3,True,False,0,0.0006666666666666666,0.0009428090415820634,0.0,0.002,"[0.0, 0.0, 0.002]",0.0,0.002,0.0006666666666666666,0.0006666666666666666,9965316
0c3b3e327762,looped_transformer,compose,27500,16,interp,"{""depth"": 1}",3,True,False,0,0.0013333333333333333,0.0018856180831641268,0.0,0.004,"[0.0, 0.004, 0.0]",0.0,0.004,0.0013333333333333333,0.0013333333333333333,9965316
0c3b3e327762,looped_transformer,compose,27500,16,interp,"{""depth"": 2}",3,True,False,0,0.0006666666666666666,0.0009428090415820634,0.0,0.002,"[0.0, 0.0, 0.002]",0.0,0.002,0.0006666666666666666,0.0006666666666666666,9965316
0c3b3e327762,looped_transformer,compose,30000,16,interp,"{""depth"": 1}",3,True,False,0,0.0,0.0,0.0,0.0,"[0.0, 0.0, 0.0]",0.0,0.0,0.0,0.0,9965316
0c3b3e327762,looped_transformer,compose,30000,16,interp,"{""depth"": 2}",3,True,False,0,0.0006666666666666666,0.0009428090415820634,0.0,0.002,"[0.002, 0.0, 0.0]",0.0,0.002,0.0006666666666666666,0.0006666666666666666,9965316
0c3b3e327762,looped_transformer,compose,32500,16,interp,"{""depth"": 1}",3,True,False,0,0.0,0.0,0.0,0.0,"[0.0, 0.0, 0.0]",0.0,0.0,0.0,0.0,9965316
0c3b3e327762,looped_transformer,compose,32500,16,interp,"{""depth"": 2}",3,True,False,0,0.002,0.001632993161855452,0.0,0.004,"[0.004, 0.0, 0.002]",0.0,0.004,0.002,0.002,9965316
0c3b3e327762,looped_transformer,compose,35000,16,interp,"{""depth"": 1}",3,True,False,0,0.0,0.0,0.0,0.0,"[0.0, 0.0, 0.0]",0.0,0.0,0.0,0.0,9965316
0c3b3e327762,looped_transformer,compose,35000,16,interp,"{""depth"": 2}",3,True,False,0,0.0006666666666666666,0.0009428090415820634,0.0,0.002,"[0.002, 0.0, 0.0]",0.0,0.002,0.0006666666666666666,0.0006666666666666666,9965316
0c3b3e327762,looped_transformer,compose,37500,16,interp,"{""depth"": 1}",3,True,False,0,0.0,0.0,0.0,0.0,"[0.0, 0.0, 0.0]",0.0,0.0,0.0,0.0,9965316
0c3b3e327762,looped_transformer,compose,37500,16,interp,"{""depth"": 2}",3,True,False,0,0.0006666666666666666,0.0009428090415820634,0.0,0.002,"[0.002, 0.0, 0.0]",0.0,0.002,0.0006666666666666666,0.0006666666666666666,9965316
0c3b3e327762,looped_transformer,compose,40000,16,interp,"{""depth"": 1}",3,True,False,0,0.0,0.0,0.0,0.0,"[0.0, 0.0, 0.0]",0.0,0.0,0.0,0.0,9965316
0c3b3e327762,looped_transformer,compose,40000,16,interp,"{""depth"": 2}",3,True,False,0,0.0006666666666666666,0.0009428090415820634,0.0,0.002,"[0.002, 0.0, 0.0]",0.0,0.002,0.0006666666666666666,0.0006666666666666666,9965316
0c3b3e327762,looped_transformer,compose,40000,32,interp,"{""depth"": 1}",3,True,False,0,0.0,0.0,0.0,0.0,"[0.0, 0.0, 0.0]",0.0,0.0,0.0,0.0,9965316
0c3b3e327762,looped_transformer,compose,40000,32,interp,"{""depth"": 2}",3,True,False,0,0.0013333333333333333,0.0009428090415820634,0.0,0.002,"[0.002, 0.0, 0.002]",0.0,0.002,0.0013333333333333333,0.0013333333333333333,9965316
0c3b3e327762,looped_transformer,compose,2500,1,mild,"{""depth"": 3}",3,True,False,0,0.0,0.0,0.0,0.0,"[0.0, 0.0, 0.0]",0.0,0.0,0.0,0.0,9965316
0c3b3e327762,looped_transformer,compose,2500,1,mild,"{""depth"": 4}",3,True,False,0,0.0,0.0,0.0,0.0,"[0.0, 0.0, 0.0]",0.0,0.0,0.0,0.0,9965316
0c3b3e327762,looped_transformer,compose,5000,1,mild,"{""depth"": 3}",3,True,False,0,0.0,0.0,0.0,0.0,"[0.0, 0.0, 0.0]",0.0,0.0,0.0,0.0,9965316
0c3b3e327762,looped_transformer,compose,5000,1,mild,"{""depth"": 4}",3,True,False,0,0.0006666666666666666,0.0009428090415820634,0.0,0.002,"[0.0, 0.002, 0.0]",0.0,0.002,0.0006666666666666666,0.0006666666666666666,9965316
0c3b3e327762,looped_transformer,compose,7500,1,mild,"{""depth"": 3}",3,True,False,0,0.0013333333333333333,0.0018856180831641268,0.0,0.004,"[0.0, 0.004, 0.0]",0.0,0.004,0.0013333333333333333,0.0013333333333333333,9965316
0c3b3e327762,looped_transformer,compose,7500,1,mild,"{""depth"": 4}",3,True,False,0,0.0006666666666666666,0.0009428090415820634,0.0,0.002,"[0.0, 0.002, 0.0]",0.0,0.002,0.0006666666666666666,0.0006666666666666666,9965316
0c3b3e327762,looped_transformer,compose,10000,1,mild,"{""depth"": 3}",3,True,False,0,0.0,0.0,0.0,0.0,"[0.0, 0.0, 0.0]",0.0,0.0,0.0,0.0,9965316
0c3b3e327762,looped_transformer,compose,10000,1,mild,"{""depth"": 4}",3,True,False,0,0.0,0.0,0.0,0.0,"[0.0, 0.0, 0.0]",0.0,0.0,0.0,0.0,9965316
0c3b3e327762,looped_transformer,compose,12500,1,mild,"{""depth"": 3}",3,True,False,0,0.0,0.0,0.0,0.0,"[0.0, 0.0, 0.0]",0.0,0.0,0.0,0.0,9965316
0c3b3e327762,looped_transformer,compose,12500,1,mild,"{""depth"": 4}",3,True,False,0,0.0006666666666666666,0.0009428090415820634,0.0,0.002,"[0.0, 0.0, 0.002]",0.0,0.002,0.0006666666666666666,0.0006666666666666666,9965316
0c3b3e327762,looped_transformer,compose,15000,1,mild,"{""depth"": 3}",3,True,False,0,0.0,0.0,0.0,0.0,"[0.0, 0.0, 0.0]",0.0,0.0,0.0,0.0,9965316
0c3b3e327762,looped_transformer,compose,15000,1,mild,"{""depth"": 4}",3,True,False,0,0.0,0.0,0.0,0.0,"[0.0, 0.0, 0.0]",0.0,0.0,0.0,0.0,9965316
0c3b3e327762,looped_transformer,compose,17500,1,mild,"{""depth"": 3}",3,True,False,0,0.0,0.0,0.0,0.0,"[0.0, 0.0, 0.0]",0.0,0.0,0.0,0.0,9965316
0c3b3e327762,looped_transformer,compose,17500,1,mild,"{""depth"": 4}",3,True,False,0,0.0006666666666666666,0.0009428090415820634,0.0,0.002,"[0.0, 0.002, 0.0]",0.0,0.002,0.0006666666666666666,0.0006666666666666666,9965316
0c3b3e327762,looped_transformer,compose,20000,1,mild,"{""depth"": 3}",3,True,False,0,0.0,0.0,0.0,0.0,"[0.0, 0.0, 0.0]",0.0,0.0,0.0,0.0,9965316
0c3b3e327762,looped_transformer,compose,20000,1,mild,"{""depth"": 4}",3,True,False,0,0.0006666666666666666,0.0009428090415820634,0.0,0.002,"[0.0, 0.002, 0.0]",0.0,0.002,0.0006666666666666666,0.0006666666666666666,9965316
0c3b3e327762,looped_transformer,compose,22500,1,mild,"{""depth"": 3}",3,True,False,0,0.0,0.0,0.0,0.0,"[0.0, 0.0, 0.0]",0.0,0.0,0.0,0.0,9965316
0c3b3e327762,looped_transformer,compose,22500,1,mild,"{""depth"": 4}",3,True,False,0,0.0,0.0,0.0,0.0,"[0.0, 0.0, 0.0]",0.0,0.0,0.0,0.0,9965316
0c3b3e327762,looped_transformer,compose,25000,1,mild,"{""depth"": 3}",3,True,False,0,0.0013333333333333333,0.0018856180831641268,0.0,0.004,"[0.0, 0.0, 0.004]",0.0,0.004,0.0013333333333333333,0.0013333333333333333,9965316
0c3b3e327762,looped_transformer,compose,25000,1,mild,"{""depth"": 4}",3,True,False,0,0.0006666666666666666,0.0009428090415820634,0.0,0.002,"[0.0, 0.0, 0.002]",0.0,0.002,0.0006666666666666666,0.0006666666666666666,9965316
0c3b3e327762,looped_transformer,compose,27500,1,mild,"{""depth"": 3}",3,True,False,0,0.0006666666666666666,0.0009428090415820634,0.0,0.002,"[0.0, 0.0, 0.002]",0.0,0.002,0.0006666666666666666,0.0006666666666666666,9965316
0c3b3e327762,looped_transformer,compose,27500,1,mild,"{""depth"": 4}",3,True,False,0,0.0006666666666666666,0.0009428090415820634,0.0,0.002,"[0.0, 0.0, 0.002]",0.0,0.002,0.0006666666666666666,0.0006666666666666666,9965316
0c3b3e327762,looped_transformer,compose,30000,1,mild,"{""depth"": 3}",3,True,False,0,0.0,0.0,0.0,0.0,"[0.0, 0.0, 0.0]",0.0,0.0,0.0,0.0,9965316
0c3b3e327762,looped_transformer,compose,30000,1,mild,"{""depth"": 4}",3,True,False,0,0.0,0.0,0.0,0.0,"[0.0, 0.0, 0.0]",0.0,0.0,0.0,0.0,9965316
0c3b3e327762,looped_transformer,compose,32500,1,mild,"{""depth"": 3}",3,True,False,0,0.0006666666666666666,0.0009428090415820634,0.0,0.002,"[0.0, 0.0, 0.002]",0.0,0.002,0.0006666666666666666,0.0006666666666666666,9965316
0c3b3e327762,looped_transformer,compose,32500,1,mild,"{""depth"": 4}",3,True,False,0,0.0,0.0,0.0,0.0,"[0.0, 0.0, 0.0]",0.0,0.0,0.0,0.0,9965316
0c3b3e327762,looped_transformer,compose,35000,1,mild,"{""depth"": 3}",3,True,False,0,0.0,0.0,0.0,0.0,"[0.0, 0.0, 0.0]",0.0,0.0,0.0,0.0,9965316
0c3b3e327762,looped_transformer,compose,35000,1,mild,"{""depth"": 4}",3,True,False,0,0.0,0.0,0.0,0.0,"[0.0, 0.0, 0.0]",0.0,0.0,0.0,0.0,9965316
0c3b3e327762,looped_transformer,compose,37500,1,mild,"{""depth"": 3}",3,True,False,0,0.0,0.0,0.0,0.0,"[0.0, 0.0, 0.0]",0.0,0.0,0.0,0.0,9965316
0c3b3e327762,looped_transformer,compose,37500,1,mild,"{""depth"": 4}",3,True,False,0,0.0,0.0,0.0,0.0,"[0.0, 0.0, 0.0]",0.0,0.0,0.0,0.0,9965316
0c3b3e327762,looped_transformer,compose,40000,1,mild,"{""depth"": 3}",3,True,False,0,0.0,0.0,0.0,0.0,"[0.0, 0.0, 0.0]",0.0,0.0,0.0,0.0,9965316
0c3b3e327762,looped_transformer,compose,40000,1,mild,"{""depth"": 4}",3,True,False,0,0.0,0.0,0.0,0.0,"[0.0, 0.0, 0.0]",0.0,0.0,0.0,0.0,9965316
0c3b3e327762,looped_transformer,compose,40000,2,mild,"{""depth"": 3}",3,True,False,0,0.0006666666666666666,0.0009428090415820634,0.0,0.002,"[0.0, 0.002, 0.0]",0.0,0.002,0.0006666666666666666,0.0006666666666666666,9965316
0c3b3e327762,looped_transformer,compose,40000,2,mild,"{""depth"": 4}",3,True,False,0,0.0,0.0,0.0,0.0,"[0.0, 0.0, 0.0]",0.0,0.0,0.0,0.0,9965316
0c3b3e327762,looped_transformer,compose,2500,4,mild,"{""depth"": 3}",3,True,False,0,0.0,0.0,0.0,0.0,"[0.0, 0.0, 0.0]",0.0,0.0,0.0,0.0,9965316
0c3b3e327762,looped_transformer,compose,2500,4,mild,"{""depth"": 4}",3,True,False,0,0.0,0.0,0.0,0.0,"[0.0, 0.0, 0.0]",0.0,0.0,0.0,0.0,9965316
0c3b3e327762,looped_transformer,compose,5000,4,mild,"{""depth"": 3}",3,True,False,0,0.0,0.0,0.0,0.0,"[0.0, 0.0, 0.0]",0.0,0.0,0.0,0.0,9965316
0c3b3e327762,looped_transformer,compose,5000,4,mild,"{""depth"": 4}",3,True,False,0,0.0006666666666666666,0.0009428090415820634,0.0,0.002,"[0.0, 0.002, 0.0]",0.0,0.002,0.0006666666666666666,0.0006666666666666666,9965316
0c3b3e327762,looped_transformer,compose,7500,4,mild,"{""depth"": 3}",3,True,False,0,0.0006666666666666666,0.0009428090415820634,0.0,0.002,"[0.0, 0.002, 0.0]",0.0,0.002,0.0006666666666666666,0.0006666666666666666,9965316
0c3b3e327762,looped_transformer,compose,7500,4,mild,"{""depth"": 4}",3,True,False,0,0.0006666666666666666,0.0009428090415820634,0.0,0.002,"[0.0, 0.002, 0.0]",0.0,0.002,0.0006666666666666666,0.0006666666666666666,9965316
0c3b3e327762,looped_transformer,compose,10000,4,mild,"{""depth"": 3}",3,True,False,0,0.0,0.0,0.0,0.0,"[0.0, 0.0, 0.0]",0.0,0.0,0.0,0.0,9965316
0c3b3e327762,looped_transformer,compose,10000,4,mild,"{""depth"": 4}",3,True,False,0,0.0,0.0,0.0,0.0,"[0.0, 0.0, 0.0]",0.0,0.0,0.0,0.0,9965316
0c3b3e327762,looped_transformer,compose,12500,4,mild,"{""depth"": 3}",3,True,False,0,0.0,0.0,0.0,0.0,"[0.0, 0.0, 0.0]",0.0,0.0,0.0,0.0,9965316
0c3b3e327762,looped_transformer,compose,12500,4,mild,"{""depth"": 4}",3,True,False,0,0.0006666666666666666,0.0009428090415820634,0.0,0.002,"[0.0, 0.0, 0.002]",0.0,0.002,0.0006666666666666666,0.0006666666666666666,9965316
0c3b3e327762,looped_transformer,compose,15000,4,mild,"{""depth"": 3}",3,True,False,0,0.0,0.0,0.0,0.0,"[0.0, 0.0, 0.0]",0.0,0.0,0.0,0.0,9965316
0c3b3e327762,looped_transformer,compose,15000,4,mild,"{""depth"": 4}",3,True,False,0,0.0006666666666666666,0.0009428090415820634,0.0,0.002,"[0.0, 0.0, 0.002]",0.0,0.002,0.0006666666666666666,0.0006666666666666666,9965316
0c3b3e327762,looped_transformer,compose,17500,4,mild,"{""depth"": 3}",3,True,False,0,0.0,0.0,0.0,0.0,"[0.0, 0.0, 0.0]",0.0,0.0,0.0,0.0,9965316
0c3b3e327762,looped_transformer,compose,17500,4,mild,"{""depth"": 4}",3,True,False,0,0.0,0.0,0.0,0.0,"[0.0, 0.0, 0.0]",0.0,0.0,0.0,0.0,9965316
0c3b3e327762,looped_transformer,compose,20000,4,mild,"{""depth"": 3}",3,True,False,0,0.0006666666666666666,0.0009428090415820634,0.0,0.002,"[0.0, 0.0, 0.002]",0.0,0.002,0.0006666666666666666,0.0006666666666666666,9965316
0c3b3e327762,looped_transformer,compose,20000,4,mild,"{""depth"": 4}",3,True,False,0,0.0006666666666666666,0.0009428090415820634,0.0,0.002,"[0.0, 0.002, 0.0]",0.0,0.002,0.0006666666666666666,0.0006666666666666666,9965316
0c3b3e327762,looped_transformer,compose,22500,4,mild,"{""depth"": 3}",3,True,False,0,0.0,0.0,0.0,0.0,"[0.0, 0.0, 0.0]",0.0,0.0,0.0,0.0,9965316
0c3b3e327762,looped_transformer,compose,22500,4,mild,"{""depth"": 4}",3,True,False,0,0.0006666666666666666,0.0009428090415820634,0.0,0.002,"[0.002, 0.0, 0.0]",0.0,0.002,0.0006666666666666666,0.0006666666666666666,9965316
0c3b3e327762,looped_transformer,compose,25000,4,mild,"{""depth"": 3}",3,True,False,0,0.0006666666666666666,0.0009428090415820634,0.0,0.002,"[0.0, 0.0, 0.002]",0.0,0.002,0.0006666666666666666,0.0006666666666666666,9965316
0c3b3e327762,looped_transformer,compose,25000,4,mild,"{""depth"": 4}",3,True,False,0,0.0013333333333333333,0.0018856180831641268,0.0,0.004,"[0.0, 0.0, 0.004]",0.0,0.004,0.0013333333333333333,0.0013333333333333333,9965316
0c3b3e327762,looped_transformer,compose,27500,4,mild,"{""depth"": 3}",3,True,False,0,0.0006666666666666666,0.0009428090415820634,0.0,0.002,"[0.0, 0.0, 0.002]",0.0,0.002,0.0006666666666666666,0.0006666666666666666,9965316
0c3b3e327762,looped_transformer,compose,27500,4,mild,"{""depth"": 4}",3,True,False,0,0.0006666666666666666,0.0009428090415820634,0.0,0.002,"[0.0, 0.0, 0.002]",0.0,0.002,0.0006666666666666666,0.0006666666666666666,9965316
0c3b3e327762,looped_transformer,compose,30000,4,mild,"{""depth"": 3}",3,True,False,0,0.0006666666666666666,0.0009428090415820634,0.0,0.002,"[0.002, 0.0, 0.0]",0.0,0.002,0.0006666666666666666,0.0006666666666666666,9965316
0c3b3e327762,looped_transformer,compose,30000,4,mild,"{""depth"": 4}",3,True,False,0,0.0013333333333333333,0.0009428090415820634,0.0,0.002,"[0.002, 0.002, 0.0]",0.0,0.002,0.0013333333333333333,0.0013333333333333333,9965316
0c3b3e327762,looped_transformer,compose,32500,4,mild,"{""depth"": 3}",3,True,False,0,0.0,0.0,0.0,0.0,"[0.0, 0.0, 0.0]",0.0,0.0,0.0,0.0,9965316
0c3b3e327762,looped_transformer,compose,32500,4,mild,"{""depth"": 4}",3,True,False,0,0.0,0.0,0.0,0.0,"[0.0, 0.0, 0.0]",0.0,0.0,0.0,0.0,9965316
0c3b3e327762,looped_transformer,compose,35000,4,mild,"{""depth"": 3}",3,True,False,0,0.0,0.0,0.0,0.0,"[0.0, 0.0, 0.0]",0.0,0.0,0.0,0.0,9965316
0c3b3e327762,looped_transformer,compose,35000,4,mild,"{""depth"": 4}",3,True,False,0,0.0,0.0,0.0,0.0,"[0.0, 0.0, 0.0]",0.0,0.0,0.0,0.0,9965316
0c3b3e327762,looped_transformer,compose,37500,4,mild,"{""depth"": 3}",3,True,False,0,0.0006666666666666666,0.0009428090415820634,0.0,0.002,"[0.0, 0.002, 0.0]",0.0,0.002,0.0006666666666666666,0.0006666666666666666,9965316
0c3b3e327762,looped_transformer,compose,37500,4,mild,"{""depth"": 4}",3,True,False,0,0.0,0.0,0.0,0.0,"[0.0, 0.0, 0.0]",0.0,0.0,0.0,0.0,9965316
0c3b3e327762,looped_transformer,compose,40000,4,mild,"{""depth"": 3}",3,True,False,0,0.0006666666666666666,0.0009428090415820634,0.0,0.002,"[0.0, 0.002, 0.0]",0.0,0.002,0.0006666666666666666,0.0006666666666666666,9965316
0c3b3e327762,looped_transformer,compose,40000,4,mild,"{""depth"": 4}",3,True,False,0,0.0,0.0,0.0,0.0,"[0.0, 0.0, 0.0]",0.0,0.0,0.0,0.0,9965316
0c3b3e327762,looped_transformer,compose,40000,8,mild,"{""depth"": 3}",3,True,False,0,0.0006666666666666666,0.0009428090415820634,0.0,0.002,"[0.0, 0.0, 0.002]",0.0,0.002,0.0006666666666666666,0.0006666666666666666,9965316
0c3b3e327762,looped_transformer,compose,40000,8,mild,"{""depth"": 4}",3,True,False,0,0.0,0.0,0.0,0.0,"[0.0, 0.0, 0.0]",0.0,0.0,0.0,0.0,9965316
0c3b3e327762,looped_transformer,compose,2500,16,mild,"{""depth"": 3}",3,True,False,0,0.0,0.0,0.0,0.0,"[0.0, 0.0, 0.0]",0.0,0.0,0.0,0.0,9965316
0c3b3e327762,looped_transformer,compose,2500,16,mild,"{""depth"": 4}",3,True,False,0,0.0,0.0,0.0,0.0,"[0.0, 0.0, 0.0]",0.0,0.0,0.0,0.0,9965316
0c3b3e327762,looped_transformer,compose,5000,16,mild,"{""depth"": 3}",3,True,False,0,0.0,0.0,0.0,0.0,"[0.0, 0.0, 0.0]",0.0,0.0,0.0,0.0,9965316
0c3b3e327762,looped_transformer,compose,5000,16,mild,"{""depth"": 4}",3,True,False,0,0.0006666666666666666,0.0009428090415820634,0.0,0.002,"[0.0, 0.002, 0.0]",0.0,0.002,0.0006666666666666666,0.0006666666666666666,9965316
0c3b3e327762,looped_transformer,compose,7500,16,mild,"{""depth"": 3}",3,True,False,0,0.0006666666666666666,0.0009428090415820634,0.0,0.002,"[0.0, 0.002, 0.0]",0.0,0.002,0.0006666666666666666,0.0006666666666666666,9965316
0c3b3e327762,looped_transformer,compose,7500,16,mild,"{""depth"": 4}",3,True,False,0,0.0,0.0,0.0,0.0,"[0.0, 0.0, 0.0]",0.0,0.0,0.0,0.0,9965316
0c3b3e327762,looped_transformer,compose,10000,16,mild,"{""depth"": 3}",3,True,False,0,0.0,0.0,0.0,0.0,"[0.0, 0.0, 0.0]",0.0,0.0,0.0,0.0,9965316
0c3b3e327762,looped_transformer,compose,10000,16,mild,"{""depth"": 4}",3,True,False,0,0.0006666666666666666,0.0009428090415820634,0.0,0.002,"[0.002, 0.0, 0.0]",0.0,0.002,0.0006666666666666666,0.0006666666666666666,9965316
0c3b3e327762,looped_transformer,compose,12500,16,mild,"{""depth"": 3}",3,True,False,0,0.0,0.0,0.0,0.0,"[0.0, 0.0, 0.0]",0.0,0.0,0.0,0.0,9965316
0c3b3e327762,looped_transformer,compose,12500,16,mild,"{""depth"": 4}",3,True,False,0,0.0,0.0,0.0,0.0,"[0.0, 0.0, 0.0]",0.0,0.0,0.0,0.0,9965316
0c3b3e327762,looped_transformer,compose,15000,16,mild,"{""depth"": 3}",3,True,False,0,0.0,0.0,0.0,0.0,"[0.0, 0.0, 0.0]",0.0,0.0,0.0,0.0,9965316
0c3b3e327762,looped_transformer,compose,15000,16,mild,"{""depth"": 4}",3,True,False,0,0.0006666666666666666,0.0009428090415820634,0.0,0.002,"[0.002, 0.0, 0.0]",0.0,0.002,0.0006666666666666666,0.0006666666666666666,9965316
0c3b3e327762,looped_transformer,compose,17500,16,mild,"{""depth"": 3}",3,True,False,0,0.0,0.0,0.0,0.0,"[0.0, 0.0, 0.0]",0.0,0.0,0.0,0.0,9965316
0c3b3e327762,looped_transformer,compose,17500,16,mild,"{""depth"": 4}",3,True,False,0,0.0,0.0,0.0,0.0,"[0.0, 0.0, 0.0]",0.0,0.0,0.0,0.0,9965316
0c3b3e327762,looped_transformer,compose,20000,16,mild,"{""depth"": 3}",3,True,False,0,0.0,0.0,0.0,0.0,"[0.0, 0.0, 0.0]",0.0,0.0,0.0,0.0,9965316
0c3b3e327762,looped_transformer,compose,20000,16,mild,"{""depth"": 4}",3,True,False,0,0.0006666666666666666,0.0009428090415820634,0.0,0.002,"[0.0, 0.002, 0.0]",0.0,0.002,0.0006666666666666666,0.0006666666666666666,9965316
0c3b3e327762,looped_transformer,compose,22500,16,mild,"{""depth"": 3}",3,True,False,0,0.0,0.0,0.0,0.0,"[0.0, 0.0, 0.0]",0.0,0.0,0.0,0.0,9965316
0c3b3e327762,looped_transformer,compose,22500,16,mild,"{""depth"": 4}",3,True,False,0,0.0006666666666666666,0.0009428090415820634,0.0,0.002,"[0.002, 0.0, 0.0]",0.0,0.002,0.0006666666666666666,0.0006666666666666666,9965316
0c3b3e327762,looped_transformer,compose,25000,16,mild,"{""depth"": 3}",3,True,False,0,0.0006666666666666666,0.0009428090415820634,0.0,0.002,"[0.002, 0.0, 0.0]",0.0,0.002,0.0006666666666666666,0.0006666666666666666,9965316
0c3b3e327762,looped_transformer,compose,25000,16,mild,"{""depth"": 4}",3,True,False,0,0.0006666666666666666,0.0009428090415820634,0.0,0.002,"[0.002, 0.0, 0.0]",0.0,0.002,0.0006666666666666666,0.0006666666666666666,9965316
0c3b3e327762,looped_transformer,compose,27500,16,mild,"{""depth"": 3}",3,True,False,0,0.0006666666666666666,0.0009428090415820634,0.0,0.002,"[0.0, 0.0, 0.002]",0.0,0.002,0.0006666666666666666,0.0006666666666666666,9965316
0c3b3e327762,looped_transformer,compose,27500,16,mild,"{""depth"": 4}",3,True,False,0,0.0006666666666666666,0.0009428090415820634,0.0,0.002,"[0.002, 0.0, 0.0]",0.0,0.002,0.0006666666666666666,0.0006666666666666666,9965316
0c3b3e327762,looped_transformer,compose,30000,16,mild,"{""depth"": 3}",3,True,False,0,0.0006666666666666666,0.0009428090415820634,0.0,0.002,"[0.002, 0.0, 0.0]",0.0,0.002,0.0006666666666666666,0.0006666666666666666,9965316
0c3b3e327762,looped_transformer,compose,30000,16,mild,"{""depth"": 4}",3,True,False,0,0.0,0.0,0.0,0.0,"[0.0, 0.0, 0.0]",0.0,0.0,0.0,0.0,9965316
0c3b3e327762,looped_transformer,compose,32500,16,mild,"{""depth"": 3}",3,True,False,0,0.0013333333333333333,0.0018856180831641268,0.0,0.004,"[0.0, 0.0, 0.004]",0.0,0.004,0.0013333333333333333,0.0013333333333333333,9965316
0c3b3e327762,looped_transformer,compose,32500,16,mild,"{""depth"": 4}",3,True,False,0,0.0,0.0,0.0,0.0,"[0.0, 0.0, 0.0]",0.0,0.0,0.0,0.0,9965316
0c3b3e327762,looped_transformer,compose,35000,16,mild,"{""depth"": 3}",3,True,False,0,0.0013333333333333333,0.0018856180831641268,0.0,0.004,"[0.0, 0.0, 0.004]",0.0,0.004,0.0013333333333333333,0.0013333333333333333,9965316
0c3b3e327762,looped_transformer,compose,35000,16,mild,"{""depth"": 4}",3,True,False,0,0.0,0.0,0.0,0.0,"[0.0, 0.0, 0.0]",0.0,0.0,0.0,0.0,9965316
0c3b3e327762,looped_transformer,compose,37500,16,mild,"{""depth"": 3}",3,True,False,0,0.0013333333333333333,0.0018856180831641268,0.0,0.004,"[0.0, 0.0, 0.004]",0.0,0.004,0.0013333333333333333,0.0013333333333333333,9965316
0c3b3e327762,looped_transformer,compose,37500,16,mild,"{""depth"": 4}",3,True,False,0,0.0,0.0,0.0,0.0,"[0.0, 0.0, 0.0]",0.0,0.0,0.0,0.0,9965316
0c3b3e327762,looped_transformer,compose,40000,16,mild,"{""depth"": 3}",3,True,False,0,0.0013333333333333333,0.0018856180831641268,0.0,0.004,"[0.0, 0.0, 0.004]",0.0,0.004,0.0013333333333333333,0.0013333333333333333,9965316
0c3b3e327762,looped_transformer,compose,40000,16,mild,"{""depth"": 4}",3,True,False,0,0.0,0.0,0.0,0.0,"[0.0, 0.0, 0.0]",0.0,0.0,0.0,0.0,9965316
0c3b3e327762,looped_transformer,compose,40000,32,mild,"{""depth"": 3}",3,True,False,0,0.002,0.001632993161855452,0.0,0.004,"[0.002, 0.0, 0.004]",0.0,0.004,0.002,0.002,9965316
0c3b3e327762,looped_transformer,compose,40000,32,mild,"{""depth"": 4}",3,True,False,0,0.0,0.0,0.0,0.0,"[0.0, 0.0, 0.0]",0.0,0.0,0.0,0.0,9965316
0c3b3e327762,looped_transformer,compose,2500,1,strong,"{""depth"": 6}",3,True,False,0,0.0006666666666666666,0.0009428090415820634,0.0,0.002,"[0.0, 0.0, 0.002]",0.0,0.002,0.0006666666666666666,0.0006666666666666666,9965316
0c3b3e327762,looped_transformer,compose,2500,1,strong,"{""depth"": 8}",3,True,False,0,0.0,0.0,0.0,0.0,"[0.0, 0.0, 0.0]",0.0,0.0,0.0,0.0,9965316
0c3b3e327762,looped_transformer,compose,5000,1,strong,"{""depth"": 6}",3,True,False,0,0.0,0.0,0.0,0.0,"[0.0, 0.0, 0.0]",0.0,0.0,0.0,0.0,9965316
0c3b3e327762,looped_transformer,compose,5000,1,strong,"{""depth"": 8}",3,True,False,0,0.0013333333333333333,0.0018856180831641268,0.0,0.004,"[0.0, 0.004, 0.0]",0.0,0.004,0.0013333333333333333,0.0013333333333333333,9965316
0c3b3e327762,looped_transformer,compose,7500,1,strong,"{""depth"": 6}",3,True,False,0,0.0006666666666666666,0.0009428090415820634,0.0,0.002,"[0.002, 0.0, 0.0]",0.0,0.002,0.0006666666666666666,0.0006666666666666666,9965316
0c3b3e327762,looped_transformer,compose,7500,1,strong,"{""depth"": 8}",3,True,False,0,0.0006666666666666666,0.0009428090415820634,0.0,0.002,"[0.0, 0.0, 0.002]",0.0,0.002,0.0006666666666666666,0.0006666666666666666,9965316
0c3b3e327762,looped_transformer,compose,10000,1,strong,"{""depth"": 6}",3,True,False,0,0.0006666666666666666,0.0009428090415820634,0.0,0.002,"[0.002, 0.0, 0.0]",0.0,0.002,0.0006666666666666666,0.0006666666666666666,9965316
0c3b3e327762,looped_transformer,compose,10000,1,strong,"{""depth"": 8}",3,True,False,0,0.0,0.0,0.0,0.0,"[0.0, 0.0, 0.0]",0.0,0.0,0.0,0.0,9965316
0c3b3e327762,looped_transformer,compose,12500,1,strong,"{""depth"": 6}",3,True,False,0,0.0,0.0,0.0,0.0,"[0.0, 0.0, 0.0]",0.0,0.0,0.0,0.0,9965316
0c3b3e327762,looped_transformer,compose,12500,1,strong,"{""depth"": 8}",3,True,False,0,0.0,0.0,0.0,0.0,"[0.0, 0.0, 0.0]",0.0,0.0,0.0,0.0,9965316
0c3b3e327762,looped_transformer,compose,15000,1,strong,"{""depth"": 6}",3,True,False,0,0.0006666666666666666,0.0009428090415820634,0.0,0.002,"[0.0, 0.0, 0.002]",0.0,0.002,0.0006666666666666666,0.0006666666666666666,9965316
0c3b3e327762,looped_transformer,compose,15000,1,strong,"{""depth"": 8}",3,True,False,0,0.0,0.0,0.0,0.0,"[0.0, 0.0, 0.0]",0.0,0.0,0.0,0.0,9965316
0c3b3e327762,looped_transformer,compose,17500,1,strong,"{""depth"": 6}",3,True,False,0,0.0013333333333333333,0.0018856180831641268,0.0,0.004,"[0.0, 0.0, 0.004]",0.0,0.004,0.0013333333333333333,0.0013333333333333333,9965316
0c3b3e327762,looped_transformer,compose,17500,1,strong,"{""depth"": 8}",3,True,False,0,0.0,0.0,0.0,0.0,"[0.0, 0.0, 0.0]",0.0,0.0,0.0,0.0,9965316
0c3b3e327762,looped_transformer,compose,20000,1,strong,"{""depth"": 6}",3,True,False,0,0.0,0.0,0.0,0.0,"[0.0, 0.0, 0.0]",0.0,0.0,0.0,0.0,9965316
0c3b3e327762,looped_transformer,compose,20000,1,strong,"{""depth"": 8}",3,True,False,0,0.0,0.0,0.0,0.0,"[0.0, 0.0, 0.0]",0.0,0.0,0.0,0.0,9965316
0c3b3e327762,looped_transformer,compose,22500,1,strong,"{""depth"": 6}",3,True,False,0,0.0,0.0,0.0,0.0,"[0.0, 0.0, 0.0]",0.0,0.0,0.0,0.0,9965316
0c3b3e327762,looped_transformer,compose,22500,1,strong,"{""depth"": 8}",3,True,False,0,0.0,0.0,0.0,0.0,"[0.0, 0.0, 0.0]",0.0,0.0,0.0,0.0,9965316
0c3b3e327762,looped_transformer,compose,25000,1,strong,"{""depth"": 6}",3,True,False,0,0.0006666666666666666,0.0009428090415820634,0.0,0.002,"[0.0, 0.002, 0.0]",0.0,0.002,0.0006666666666666666,0.0006666666666666666,9965316
0c3b3e327762,looped_transformer,compose,25000,1,strong,"{""depth"": 8}",3,True,False,0,0.0,0.0,0.0,0.0,"[0.0, 0.0, 0.0]",0.0,0.0,0.0,0.0,9965316
0c3b3e327762,looped_transformer,compose,27500,1,strong,"{""depth"": 6}",3,True,False,0,0.0006666666666666666,0.0009428090415820634,0.0,0.002,"[0.0, 0.002, 0.0]",0.0,0.002,0.0006666666666666666,0.0006666666666666666,9965316
0c3b3e327762,looped_transformer,compose,27500,1,strong,"{""depth"": 8}",3,True,False,0,0.0,0.0,0.0,0.0,"[0.0, 0.0, 0.0]",0.0,0.0,0.0,0.0,9965316
0c3b3e327762,looped_transformer,compose,30000,1,strong,"{""depth"": 6}",3,True,False,0,0.0,0.0,0.0,0.0,"[0.0, 0.0, 0.0]",0.0,0.0,0.0,0.0,9965316
0c3b3e327762,looped_transformer,compose,30000,1,strong,"{""depth"": 8}",3,True,False,0,0.0006666666666666666,0.0009428090415820634,0.0,0.002,"[0.002, 0.0, 0.0]",0.0,0.002,0.0006666666666666666,0.0006666666666666666,9965316
0c3b3e327762,looped_transformer,compose,32500,1,strong,"{""depth"": 6}",3,True,False,0,0.0,0.0,0.0,0.0,"[0.0, 0.0, 0.0]",0.0,0.0,0.0,0.0,9965316
0c3b3e327762,looped_transformer,compose,32500,1,strong,"{""depth"": 8}",3,True,False,0,0.0,0.0,0.0,0.0,"[0.0, 0.0, 0.0]",0.0,0.0,0.0,0.0,9965316
0c3b3e327762,looped_transformer,compose,35000,1,strong,"{""depth"": 6}",3,True,False,0,0.0,0.0,0.0,0.0,"[0.0, 0.0, 0.0]",0.0,0.0,0.0,0.0,9965316
0c3b3e327762,looped_transformer,compose,35000,1,strong,"{""depth"": 8}",3,True,False,0,0.0,0.0,0.0,0.0,"[0.0, 0.0, 0.0]",0.0,0.0,0.0,0.0,9965316
0c3b3e327762,looped_transformer,compose,37500,1,strong,"{""depth"": 6}",3,True,False,0,0.0,0.0,0.0,0.0,"[0.0, 0.0, 0.0]",0.0,0.0,0.0,0.0,9965316
0c3b3e327762,looped_transformer,compose,37500,1,strong,"{""depth"": 8}",3,True,False,0,0.0,0.0,0.0,0.0,"[0.0, 0.0, 0.0]",0.0,0.0,0.0,0.0,9965316
0c3b3e327762,looped_transformer,compose,40000,1,strong,"{""depth"": 6}",3,True,False,0,0.0,0.0,0.0,0.0,"[0.0, 0.0, 0.0]",0.0,0.0,0.0,0.0,9965316
0c3b3e327762,looped_transformer,compose,40000,1,strong,"{""depth"": 8}",3,True,False,0,0.0,0.0,0.0,0.0,"[0.0, 0.0, 0.0]",0.0,0.0,0.0,0.0,9965316
0c3b3e327762,looped_transformer,compose,40000,2,strong,"{""depth"": 6}",3,True,False,0,0.0,0.0,0.0,0.0,"[0.0, 0.0, 0.0]",0.0,0.0,0.0,0.0,9965316
0c3b3e327762,looped_transformer,compose,40000,2,strong,"{""depth"": 8}",3,True,False,0,0.0,0.0,0.0,0.0,"[0.0, 0.0, 0.0]",0.0,0.0,0.0,0.0,9965316
0c3b3e327762,looped_transformer,compose,2500,4,strong,"{""depth"": 6}",3,True,False,0,0.0006666666666666666,0.0009428090415820634,0.0,0.002,"[0.0, 0.0, 0.002]",0.0,0.002,0.0006666666666666666,0.0006666666666666666,9965316
0c3b3e327762,looped_transformer,compose,2500,4,strong,"{""depth"": 8}",3,True,False,0,0.0,0.0,0.0,0.0,"[0.0, 0.0, 0.0]",0.0,0.0,0.0,0.0,9965316
0c3b3e327762,looped_transformer,compose,5000,4,strong,"{""depth"": 6}",3,True,False,0,0.0,0.0,0.0,0.0,"[0.0, 0.0, 0.0]",0.0,0.0,0.0,0.0,9965316
0c3b3e327762,looped_transformer,compose,5000,4,strong,"{""depth"": 8}",3,True,False,0,0.0013333333333333333,0.0018856180831641268,0.0,0.004,"[0.0, 0.004, 0.0]",0.0,0.004,0.0013333333333333333,0.0013333333333333333,9965316
0c3b3e327762,looped_transformer,compose,7500,4,strong,"{""depth"": 6}",3,True,False,0,0.0013333333333333333,0.0009428090415820634,0.0,0.002,"[0.002, 0.0, 0.002]",0.0,0.002,0.0013333333333333333,0.0013333333333333333,9965316
0c3b3e327762,looped_transformer,compose,7500,4,strong,"{""depth"": 8}",3,True,False,0,0.0,0.0,0.0,0.0,"[0.0, 0.0, 0.0]",0.0,0.0,0.0,0.0,9965316
0c3b3e327762,looped_transformer,compose,10000,4,strong,"{""depth"": 6}",3,True,False,0,0.0006666666666666666,0.0009428090415820634,0.0,0.002,"[0.002, 0.0, 0.0]",0.0,0.002,0.0006666666666666666,0.0006666666666666666,9965316
0c3b3e327762,looped_transformer,compose,10000,4,strong,"{""depth"": 8}",3,True,False,0,0.0,0.0,0.0,0.0,"[0.0, 0.0, 0.0]",0.0,0.0,0.0,0.0,9965316
0c3b3e327762,looped_transformer,compose,12500,4,strong,"{""depth"": 6}",3,True,False,0,0.0006666666666666666,0.0009428090415820634,0.0,0.002,"[0.0, 0.0, 0.002]",0.0,0.002,0.0006666666666666666,0.0006666666666666666,9965316
0c3b3e327762,looped_transformer,compose,12500,4,strong,"{""depth"": 8}",3,True,False,0,0.0,0.0,0.0,0.0,"[0.0, 0.0, 0.0]",0.0,0.0,0.0,0.0,9965316
0c3b3e327762,looped_transformer,compose,15000,4,strong,"{""depth"": 6}",3,True,False,0,0.0006666666666666666,0.0009428090415820634,0.0,0.002,"[0.0, 0.0, 0.002]",0.0,0.002,0.0006666666666666666,0.0006666666666666666,9965316
0c3b3e327762,looped_transformer,compose,15000,4,strong,"{""depth"": 8}",3,True,False,0,0.0,0.0,0.0,0.0,"[0.0, 0.0, 0.0]",0.0,0.0,0.0,0.0,9965316
0c3b3e327762,looped_transformer,compose,17500,4,strong,"{""depth"": 6}",3,True,False,0,0.0013333333333333333,0.0018856180831641268,0.0,0.004,"[0.0, 0.0, 0.004]",0.0,0.004,0.0013333333333333333,0.0013333333333333333,9965316
0c3b3e327762,looped_transformer,compose,17500,4,strong,"{""depth"": 8}",3,True,False,0,0.0,0.0,0.0,0.0,"[0.0, 0.0, 0.0]",0.0,0.0,0.0,0.0,9965316
0c3b3e327762,looped_transformer,compose,20000,4,strong,"{""depth"": 6}",3,True,False,0,0.0,0.0,0.0,0.0,"[0.0, 0.0, 0.0]",0.0,0.0,0.0,0.0,9965316
0c3b3e327762,looped_transformer,compose,20000,4,strong,"{""depth"": 8}",3,True,False,0,0.0006666666666666666,0.0009428090415820634,0.0,0.002,"[0.0, 0.002, 0.0]",0.0,0.002,0.0006666666666666666,0.0006666666666666666,9965316
0c3b3e327762,looped_transformer,compose,22500,4,strong,"{""depth"": 6}",3,True,False,0,0.0,0.0,0.0,0.0,"[0.0, 0.0, 0.0]",0.0,0.0,0.0,0.0,9965316
0c3b3e327762,looped_transformer,compose,22500,4,strong,"{""depth"": 8}",3,True,False,0,0.0,0.0,0.0,0.0,"[0.0, 0.0, 0.0]",0.0,0.0,0.0,0.0,9965316
0c3b3e327762,looped_transformer,compose,25000,4,strong,"{""depth"": 6}",3,True,False,0,0.0,0.0,0.0,0.0,"[0.0, 0.0, 0.0]",0.0,0.0,0.0,0.0,9965316
0c3b3e327762,looped_transformer,compose,25000,4,strong,"{""depth"": 8}",3,True,False,0,0.0,0.0,0.0,0.0,"[0.0, 0.0, 0.0]",0.0,0.0,0.0,0.0,9965316
0c3b3e327762,looped_transformer,compose,27500,4,strong,"{""depth"": 6}",3,True,False,0,0.0013333333333333333,0.0009428090415820634,0.0,0.002,"[0.0, 0.002, 0.002]",0.0,0.002,0.0013333333333333333,0.0013333333333333333,9965316
0c3b3e327762,looped_transformer,compose,27500,4,strong,"{""depth"": 8}",3,True,False,0,0.0,0.0,0.0,0.0,"[0.0, 0.0, 0.0]",0.0,0.0,0.0,0.0,9965316
0c3b3e327762,looped_transformer,compose,30000,4,strong,"{""depth"": 6}",3,True,False,0,0.0,0.0,0.0,0.0,"[0.0, 0.0, 0.0]",0.0,0.0,0.0,0.0,9965316
0c3b3e327762,looped_transformer,compose,30000,4,strong,"{""depth"": 8}",3,True,False,0,0.0,0.0,0.0,0.0,"[0.0, 0.0, 0.0]",0.0,0.0,0.0,0.0,9965316
0c3b3e327762,looped_transformer,compose,32500,4,strong,"{""depth"": 6}",3,True,False,0,0.0,0.0,0.0,0.0,"[0.0, 0.0, 0.0]",0.0,0.0,0.0,0.0,9965316
0c3b3e327762,looped_transformer,compose,32500,4,strong,"{""depth"": 8}",3,True,False,0,0.0006666666666666666,0.0009428090415820634,0.0,0.002,"[0.002, 0.0, 0.0]",0.0,0.002,0.0006666666666666666,0.0006666666666666666,9965316
0c3b3e327762,looped_transformer,compose,35000,4,strong,"{""depth"": 6}",3,True,False,0,0.0,0.0,0.0,0.0,"[0.0, 0.0, 0.0]",0.0,0.0,0.0,0.0,9965316
0c3b3e327762,looped_transformer,compose,35000,4,strong,"{""depth"": 8}",3,True,False,0,0.0,0.0,0.0,0.0,"[0.0, 0.0, 0.0]",0.0,0.0,0.0,0.0,9965316
0c3b3e327762,looped_transformer,compose,37500,4,strong,"{""depth"": 6}",3,True,False,0,0.0,0.0,0.0,0.0,"[0.0, 0.0, 0.0]",0.0,0.0,0.0,0.0,9965316
0c3b3e327762,looped_transformer,compose,37500,4,strong,"{""depth"": 8}",3,True,False,0,0.0,0.0,0.0,0.0,"[0.0, 0.0, 0.0]",0.0,0.0,0.0,0.0,9965316
0c3b3e327762,looped_transformer,compose,40000,4,strong,"{""depth"": 6}",3,True,False,0,0.0,0.0,0.0,0.0,"[0.0, 0.0, 0.0]",0.0,0.0,0.0,0.0,9965316
0c3b3e327762,looped_transformer,compose,40000,4,strong,"{""depth"": 8}",3,True,False,0,0.0,0.0,0.0,0.0,"[0.0, 0.0, 0.0]",0.0,0.0,0.0,0.0,9965316
0c3b3e327762,looped_transformer,compose,40000,8,strong,"{""depth"": 6}",3,True,False,0,0.0,0.0,0.0,0.0,"[0.0, 0.0, 0.0]",0.0,0.0,0.0,0.0,9965316
0c3b3e327762,looped_transformer,compose,40000,8,strong,"{""depth"": 8}",3,True,False,0,0.0,0.0,0.0,0.0,"[0.0, 0.0, 0.0]",0.0,0.0,0.0,0.0,9965316
0c3b3e327762,looped_transformer,compose,2500,16,strong,"{""depth"": 6}",3,True,False,0,0.0006666666666666666,0.0009428090415820634,0.0,0.002,"[0.0, 0.0, 0.002]",0.0,0.002,0.0006666666666666666,0.0006666666666666666,9965316
0c3b3e327762,looped_transformer,compose,2500,16,strong,"{""depth"": 8}",3,True,False,0,0.0,0.0,0.0,0.0,"[0.0, 0.0, 0.0]",0.0,0.0,0.0,0.0,9965316
0c3b3e327762,looped_transformer,compose,5000,16,strong,"{""depth"": 6}",3,True,False,0,0.0,0.0,0.0,0.0,"[0.0, 0.0, 0.0]",0.0,0.0,0.0,0.0,9965316
0c3b3e327762,looped_transformer,compose,5000,16,strong,"{""depth"": 8}",3,True,False,0,0.0006666666666666666,0.0009428090415820634,0.0,0.002,"[0.0, 0.002, 0.0]",0.0,0.002,0.0006666666666666666,0.0006666666666666666,9965316
0c3b3e327762,looped_transformer,compose,7500,16,strong,"{""depth"": 6}",3,True,False,0,0.0006666666666666666,0.0009428090415820634,0.0,0.002,"[0.002, 0.0, 0.0]",0.0,0.002,0.0006666666666666666,0.0006666666666666666,9965316
0c3b3e327762,looped_transformer,compose,7500,16,strong,"{""depth"": 8}",3,True,False,0,0.0,0.0,0.0,0.0,"[0.0, 0.0, 0.0]",0.0,0.0,0.0,0.0,9965316
0c3b3e327762,looped_transformer,compose,10000,16,strong,"{""depth"": 6}",3,True,False,0,0.0,0.0,0.0,0.0,"[0.0, 0.0, 0.0]",0.0,0.0,0.0,0.0,9965316
0c3b3e327762,looped_transformer,compose,10000,16,strong,"{""depth"": 8}",3,True,False,0,0.0,0.0,0.0,0.0,"[0.0, 0.0, 0.0]",0.0,0.0,0.0,0.0,9965316
0c3b3e327762,looped_transformer,compose,12500,16,strong,"{""depth"": 6}",3,True,False,0,0.0006666666666666666,0.0009428090415820634,0.0,0.002,"[0.0, 0.0, 0.002]",0.0,0.002,0.0006666666666666666,0.0006666666666666666,9965316
0c3b3e327762,looped_transformer,compose,12500,16,strong,"{""depth"": 8}",3,True,False,0,0.0,0.0,0.0,0.0,"[0.0, 0.0, 0.0]",0.0,0.0,0.0,0.0,9965316
0c3b3e327762,looped_transformer,compose,15000,16,strong,"{""depth"": 6}",3,True,False,0,0.0006666666666666666,0.0009428090415820634,0.0,0.002,"[0.002, 0.0, 0.0]",0.0,0.002,0.0006666666666666666,0.0006666666666666666,9965316
0c3b3e327762,looped_transformer,compose,15000,16,strong,"{""depth"": 8}",3,True,False,0,0.0006666666666666666,0.0009428090415820634,0.0,0.002,"[0.0, 0.0, 0.002]",0.0,0.002,0.0006666666666666666,0.0006666666666666666,9965316
0c3b3e327762,looped_transformer,compose,17500,16,strong,"{""depth"": 6}",3,True,False,0,0.0006666666666666666,0.0009428090415820634,0.0,0.002,"[0.0, 0.0, 0.002]",0.0,0.002,0.0006666666666666666,0.0006666666666666666,9965316
0c3b3e327762,looped_transformer,compose,17500,16,strong,"{""depth"": 8}",3,True,False,0,0.0013333333333333333,0.0009428090415820634,0.0,0.002,"[0.0, 0.002, 0.002]",0.0,0.002,0.0013333333333333333,0.0013333333333333333,9965316
0c3b3e327762,looped_transformer,compose,20000,16,strong,"{""depth"": 6}",3,True,False,0,0.0006666666666666666,0.0009428090415820634,0.0,0.002,"[0.0, 0.0, 0.002]",0.0,0.002,0.0006666666666666666,0.0006666666666666666,9965316
0c3b3e327762,looped_transformer,compose,20000,16,strong,"{""depth"": 8}",3,True,False,0,0.0,0.0,0.0,0.0,"[0.0, 0.0, 0.0]",0.0,0.0,0.0,0.0,9965316
0c3b3e327762,looped_transformer,compose,22500,16,strong,"{""depth"": 6}",3,True,False,0,0.0006666666666666666,0.0009428090415820634,0.0,0.002,"[0.0, 0.0, 0.002]",0.0,0.002,0.0006666666666666666,0.0006666666666666666,9965316
0c3b3e327762,looped_transformer,compose,22500,16,strong,"{""depth"": 8}",3,True,False,0,0.0006666666666666666,0.0009428090415820634,0.0,0.002,"[0.0, 0.002, 0.0]",0.0,0.002,0.0006666666666666666,0.0006666666666666666,9965316
0c3b3e327762,looped_transformer,compose,25000,16,strong,"{""depth"": 6}",3,True,False,0,0.0,0.0,0.0,0.0,"[0.0, 0.0, 0.0]",0.0,0.0,0.0,0.0,9965316
0c3b3e327762,looped_transformer,compose,25000,16,strong,"{""depth"": 8}",3,True,False,0,0.0,0.0,0.0,0.0,"[0.0, 0.0, 0.0]",0.0,0.0,0.0,0.0,9965316
0c3b3e327762,looped_transformer,compose,27500,16,strong,"{""depth"": 6}",3,True,False,0,0.0006666666666666666,0.0009428090415820634,0.0,0.002,"[0.0, 0.0, 0.002]",0.0,0.002,0.0006666666666666666,0.0006666666666666666,9965316
0c3b3e327762,looped_transformer,compose,27500,16,strong,"{""depth"": 8}",3,True,False,0,0.0,0.0,0.0,0.0,"[0.0, 0.0, 0.0]",0.0,0.0,0.0,0.0,9965316
0c3b3e327762,looped_transformer,compose,30000,16,strong,"{""depth"": 6}",3,True,False,0,0.0006666666666666666,0.0009428090415820634,0.0,0.002,"[0.0, 0.0, 0.002]",0.0,0.002,0.0006666666666666666,0.0006666666666666666,9965316
0c3b3e327762,looped_transformer,compose,30000,16,strong,"{""depth"": 8}",3,True,False,0,0.0,0.0,0.0,0.0,"[0.0, 0.0, 0.0]",0.0,0.0,0.0,0.0,9965316
0c3b3e327762,looped_transformer,compose,32500,16,strong,"{""depth"": 6}",3,True,False,0,0.0006666666666666666,0.0009428090415820634,0.0,0.002,"[0.0, 0.0, 0.002]",0.0,0.002,0.0006666666666666666,0.0006666666666666666,9965316
0c3b3e327762,looped_transformer,compose,32500,16,strong,"{""depth"": 8}",3,True,False,0,0.0,0.0,0.0,0.0,"[0.0, 0.0, 0.0]",0.0,0.0,0.0,0.0,9965316
0c3b3e327762,looped_transformer,compose,35000,16,strong,"{""depth"": 6}",3,True,False,0,0.0006666666666666666,0.0009428090415820634,0.0,0.002,"[0.0, 0.002, 0.0]",0.0,0.002,0.0006666666666666666,0.0006666666666666666,9965316
0c3b3e327762,looped_transformer,compose,35000,16,strong,"{""depth"": 8}",3,True,False,0,0.0,0.0,0.0,0.0,"[0.0, 0.0, 0.0]",0.0,0.0,0.0,0.0,9965316
0c3b3e327762,looped_transformer,compose,37500,16,strong,"{""depth"": 6}",3,True,False,0,0.0013333333333333333,0.0009428090415820634,0.0,0.002,"[0.0, 0.002, 0.002]",0.0,0.002,0.0013333333333333333,0.0013333333333333333,9965316
0c3b3e327762,looped_transformer,compose,37500,16,strong,"{""depth"": 8}",3,True,False,0,0.0,0.0,0.0,0.0,"[0.0, 0.0, 0.0]",0.0,0.0,0.0,0.0,9965316
0c3b3e327762,looped_transformer,compose,40000,16,strong,"{""depth"": 6}",3,True,False,0,0.0013333333333333333,0.0009428090415820634,0.0,0.002,"[0.0, 0.002, 0.002]",0.0,0.002,0.0013333333333333333,0.0013333333333333333,9965316
0c3b3e327762,looped_transformer,compose,40000,16,strong,"{""depth"": 8}",3,True,False,0,0.0,0.0,0.0,0.0,"[0.0, 0.0, 0.0]",0.0,0.0,0.0,0.0,9965316
0c3b3e327762,looped_transformer,compose,40000,32,strong,"{""depth"": 6}",3,True,False,0,0.0006666666666666666,0.0009428090415820634,0.0,0.002,"[0.0, 0.0, 0.002]",0.0,0.002,0.0006666666666666666,0.0006666666666666666,9965316
0c3b3e327762,looped_transformer,compose,40000,32,strong,"{""depth"": 8}",3,True,False,0,0.0,0.0,0.0,0.0,"[0.0, 0.0, 0.0]",0.0,0.0,0.0,0.0,9965316
5474de1f354e,bdh,propagate,2500,1,interp,"{""dim"": 1, ""distance"": 1, ""length"": 12, ""n_sources"": 1}",3,True,False,0,0.0,0.0,0.0,0.0,"[0.0, 0.0, 0.0]",0.0,0.0,0.0,0.8072188819002011,10010880
5474de1f354e,bdh,propagate,2500,1,interp,"{""dim"": 1, ""distance"": 2, ""length"": 12, ""n_sources"": 1}",3,True,False,0,0.0,0.0,0.0,0.0,"[0.0, 0.0, 0.0]",0.0,0.0,0.0,0.8008007886292817,10010880
5474de1f354e,bdh,propagate,2500,1,interp,"{""dim"": 1, ""distance"": 4, ""length"": 12, ""n_sources"": 1}",3,True,False,0,0.0,0.0,0.0,0.0,"[0.0, 0.0, 0.0]",0.0,0.0,0.0,0.8012178711168042,10010880
5474de1f354e,bdh,propagate,5000,1,interp,"{""dim"": 1, ""distance"": 1, ""length"": 12, ""n_sources"": 1}",3,True,False,0,0.0019960079840319364,0.0014113907808114723,0.0,0.0029940119760479044,"[0.0, 0.0029940119760479044, 0.0029940119760479044]",0.0,0.002994011976047905,0.0019960079840319364,0.798735852682305,10010880
5474de1f354e,bdh,propagate,5000,1,interp,"{""dim"": 1, ""distance"": 2, ""length"": 12, ""n_sources"": 1}",3,True,False,0,0.011011011011011013,0.007490805579127011,0.003003003003003003,0.021021021021021023,"[0.009009009009009009, 0.003003003003003003, 0.021021021021021023]",0.003003003003003003,0.021021021021021023,0.011011011011011013,0.8038872123152405,10010880
5474de1f354e,bdh,propagate,5000,1,interp,"{""dim"": 1, ""distance"": 4, ""length"": 12, ""n_sources"": 1}",3,True,False,0,0.003003003003003003,0.0,0.003003003003003003,0.003003003003003003,"[0.003003003003003003, 0.003003003003003003, 0.003003003003003003]",0.003003003003003003,0.003003003003003003,0.003003003003003003,0.7958792040238271,10010880
5474de1f354e,bdh,propagate,7500,1,interp,"{""dim"": 1, ""distance"": 1, ""length"": 12, ""n_sources"": 1}",3,True,False,0,0.32834331337325345,0.19177783483321267,0.0718562874251497,0.5329341317365269,"[0.0718562874251497, 0.5329341317365269, 0.38023952095808383]",0.0718562874251497,0.5329341317365269,0.32834331337325345,0.9088489713069207,10010880
5474de1f354e,bdh,propagate,7500,1,interp,"{""dim"": 1, ""distance"": 2, ""length"": 12, ""n_sources"": 1}",3,True,False,0,0.2942942942942943,0.17297922911609212,0.07807807807807808,0.5015015015015015,"[0.07807807807807808, 0.5015015015015015, 0.3033033033033033]",0.07807807807807808,0.5015015015015015,0.2942942942942943,0.9083249964513579,10010880
5474de1f354e,bdh,propagate,7500,1,interp,"{""dim"": 1, ""distance"": 4, ""length"": 12, ""n_sources"": 1}",3,True,False,0,0.3813813813813814,0.22721179276689385,0.07507507507507508,0.6186186186186187,"[0.07507507507507508, 0.6186186186186187, 0.45045045045045046]",0.07507507507507508,0.6186186186186187,0.3813813813813814,0.9154154180406451,10010880
5474de1f354e,bdh,propagate,10000,1,interp,"{""dim"": 1, ""distance"": 1, ""length"": 12, ""n_sources"": 1}",3,True,False,0,0.9770459081836327,0.01017768365986583,0.9670658682634731,0.9910179640718563,"[0.9730538922155688, 0.9670658682634731, 0.9910179640718563]",0.9670658682634731,0.9910179640718563,0.9770459081836327,0.9980871594713596,10010880
5474de1f354e,bdh,propagate,10000,1,interp,"{""dim"": 1, ""distance"": 2, ""length"": 12, ""n_sources"": 1}",3,True,False,0,0.963963963963964,0.004246887574693988,0.9579579579579579,0.9669669669669669,"[0.9579579579579579, 0.9669669669669669, 0.9669669669669669]",0.9579579579579579,0.9669669669669668,0.963963963963964,0.9968301641332494,10010880
5474de1f354e,bdh,propagate,10000,1,interp,"{""dim"": 1, ""distance"": 4, ""length"": 12, ""n_sources"": 1}",3,True,False,0,0.973973973973974,0.011587424327117372,0.9579579579579579,0.984984984984985,"[0.978978978978979, 0.9579579579579579, 0.984984984984985]",0.9579579579579579,0.984984984984985,0.973973973973974,0.9974974978554833,10010880
5474de1f354e,bdh,propagate,12500,1,interp,"{""dim"": 1, ""distance"": 1, ""length"": 12, ""n_sources"": 1}",3,True,False,0,0.9920159680638722,0.0014113907808114572,0.9910179640718563,0.9940119760479041,"[0.9910179640718563, 0.9910179640718563, 0.9940119760479041]",0.9910179640718563,0.9940119760479041,0.9920159680638722,0.9993346641639511,10010880
5474de1f354e,bdh,propagate,12500,1,interp,"{""dim"": 1, ""distance"": 2, ""length"": 12, ""n_sources"": 1}",3,True,False,0,0.970970970970971,0.012582387477454032,0.9579579579579579,0.987987987987988,"[0.9579579579579579, 0.9669669669669669, 0.987987987987988]",0.9579579579579579,0.9879879879879881,0.970970970970971,0.9974140812446167,10010880
5474de1f354e,bdh,propagate,12500,1,interp,"{""dim"": 1, ""distance"": 4, ""length"": 12, ""n_sources"": 1}",3,True,False,0,0.983983983983984,0.0028312583831293604,0.9819819819819819,0.987987987987988,"[0.987987987987988, 0.9819819819819819, 0.9819819819819819]",0.9819819819819818,0.9879879879879881,0.983983983983984,0.9986653323168749,10010880
5474de1f354e,bdh,propagate,15000,1,interp,"{""dim"": 1, ""distance"": 1, ""length"": 12, ""n_sources"": 1}",3,True,False,0,0.9930139720558883,0.005088841829932915,0.9880239520958084,1.0,"[0.9910179640718563, 0.9880239520958084, 1.0]",0.9880239520958084,1.0,0.9930139720558883,0.9993346641044655,10010880
5474de1f354e,bdh,propagate,15000,1,interp,"{""dim"": 1, ""distance"": 2, ""length"": 12, ""n_sources"": 1}",3,True,False,0,0.97997997997998,0.005104123637229987,0.972972972972973,0.984984984984985,"[0.984984984984985, 0.972972972972973, 0.9819819819819819]",0.9729729729729731,0.984984984984985,0.97997997997998,0.9982482486062341,10010880
5474de1f354e,bdh,propagate,15000,1,interp,"{""dim"": 1, ""distance"": 4, ""length"": 12, ""n_sources"": 1}",3,True,False,0,0.9929929929929929,0.002831258383129308,0.990990990990991,0.996996996996997,"[0.990990990990991, 0.990990990990991, 0.996996996996997]",0.990990990990991,0.9969969969969968,0.9929929929929929,0.9994160828886329,10010880
5474de1f354e,bdh,propagate,17500,1,interp,"{""dim"": 1, ""distance"": 1, ""length"": 12, ""n_sources"": 1}",3,True,False,0,0.9970059880239521,0.0024446005416997978,0.9940119760479041,1.0,"[0.9970059880239521, 0.9940119760479041, 1.0]",0.9940119760479041,1.0,0.9970059880239521,0.9997504990614816,10010880
5474de1f354e,bdh,propagate,17500,1,interp,"{""dim"": 1, ""distance"": 2, ""length"": 12, ""n_sources"": 1}",3,True,False,0,0.993993993993994,0.002451941684467636,0.990990990990991,0.996996996996997,"[0.990990990990991, 0.993993993993994, 0.996996996996997]",0.990990990990991,0.9969969969969968,0.993993993993994,0.9992492493089137,10010880
5474de1f354e,bdh,propagate,17500,1,interp,"{""dim"": 1, ""distance"": 4, ""length"": 12, ""n_sources"": 1}",3,True,False,0,0.9969969969969971,0.004246887574693988,0.990990990990991,1.0,"[0.990990990990991, 1.0, 1.0]",0.990990990990991,1.0,0.9969969969969971,0.9997497498094141,10010880
5474de1f354e,bdh,propagate,20000,1,interp,"{""dim"": 1, ""distance"": 1, ""length"": 12, ""n_sources"": 1}",3,True,False,0,0.9960079840319361,0.0037341890087564385,0.9910179640718563,1.0,"[0.9910179640718563, 1.0, 0.9970059880239521]",0.9910179640718563,1.0,0.9960079840319361,0.9996673320819757,10010880
5474de1f354e,bdh,propagate,20000,1,interp,"{""dim"": 1, ""distance"": 2, ""length"": 12, ""n_sources"": 1}",3,True,False,0,0.9919919919919918,0.007490805579127029,0.9819819819819819,1.0,"[0.993993993993994, 1.0, 0.9819819819819819]",0.9819819819819818,1.0,0.9919919919919918,0.9993326661584375,10010880
5474de1f354e,bdh,propagate,20000,1,interp,"{""dim"": 1, ""distance"": 4, ""length"": 12, ""n_sources"": 1}",3,True,False,0,0.994994994994995,0.002831258383129308,0.990990990990991,0.996996996996997,"[0.996996996996997, 0.996996996996997, 0.990990990990991]",0.990990990990991,0.9969969969969968,0.994994994994995,0.999332666039109,10010880
5474de1f354e,bdh,propagate,22500,1,interp,"{""dim"": 1, ""distance"": 1, ""length"": 12, ""n_sources"": 1}",3,True,False,0,0.9960079840319361,0.0014113907808115094,0.9940119760479041,0.9970059880239521,"[0.9970059880239521, 0.9970059880239521, 0.9940119760479041]",0.9940119760479041,0.9970059880239521,0.9960079840319361,0.9996673320819757,10010880
5474de1f354e,bdh,propagate,22500,1,interp,"{""dim"": 1, ""distance"": 2, ""length"": 12, ""n_sources"": 1}",3,True,False,0,0.9969969969969971,0.002451941684467636,0.993993993993994,1.0,"[0.996996996996997, 0.993993993993994, 1.0]",0.993993993993994,1.0,0.9969969969969971,0.9997497498094141,10010880
5474de1f354e,bdh,propagate,22500,1,interp,"{""dim"": 1, ""distance"": 4, ""length"": 12, ""n_sources"": 1}",3,True,False,0,0.9979979979979979,0.002831258383129308,0.993993993993994,1.0,"[1.0, 0.993993993993994, 1.0]",0.993993993993994,1.0,0.9979979979979979,0.9998331665396094,10010880
5474de1f354e,bdh,propagate,25000,1,interp,"{""dim"": 1, ""distance"": 1, ""length"": 12, ""n_sources"": 1}",3,True,False,0,0.999001996007984,0.0014113907808114572,0.9970059880239521,1.0,"[1.0, 1.0, 0.9970059880239521]",0.9970059880239521,1.0,0.999001996007984,0.9999168330204938,10010880
5474de1f354e,bdh,propagate,25000,1,interp,"{""dim"": 1, ""distance"": 2, ""length"": 12, ""n_sources"": 1}",3,True,False,0,0.9979979979979979,0.0014156291915646802,0.996996996996997,1.0,"[0.996996996996997, 0.996996996996997, 1.0]",0.9969969969969968,1.0,0.9979979979979979,0.9998331665396094,10010880
5474de1f354e,bdh,propagate,25000,1,interp,"{""dim"": 1, ""distance"": 4, ""length"": 12, ""n_sources"": 1}",3,True,False,0,0.9979979979979979,0.0014156291915646802,0.996996996996997,1.0,"[0.996996996996997, 0.996996996996997, 1.0]",0.9969969969969968,1.0,0.9979979979979979,0.9998331665396094,10010880
5474de1f354e,bdh,propagate,27500,1,interp,"{""dim"": 1, ""distance"": 1, ""length"": 12, ""n_sources"": 1}",3,True,False,0,1.0,0.0,1.0,1.0,"[1.0, 1.0, 1.0]",1.0,1.0,1.0,1.0,10010880
5474de1f354e,bdh,propagate,27500,1,interp,"{""dim"": 1, ""distance"": 2, ""length"": 12, ""n_sources"": 1}",3,True,False,0,0.998998998998999,0.0014156291915646802,0.996996996996997,1.0,"[1.0, 1.0, 0.996996996996997]",0.9969969969969968,1.0,0.998998998998999,0.9999165832698047,10010880
5474de1f354e,bdh,propagate,27500,1,interp,"{""dim"": 1, ""distance"": 4, ""length"": 12, ""n_sources"": 1}",3,True,False,0,0.998998998998999,0.0014156291915646802,0.996996996996997,1.0,"[1.0, 1.0, 0.996996996996997]",0.9969969969969968,1.0,0.998998998998999,0.9997497497497498,10010880
5474de1f354e,bdh,propagate,30000,1,interp,"{""dim"": 1, ""distance"": 1, ""length"": 12, ""n_sources"": 1}",3,True,False,0,1.0,0.0,1.0,1.0,"[1.0, 1.0, 1.0]",1.0,1.0,1.0,1.0,10010880
5474de1f354e,bdh,propagate,30000,1,interp,"{""dim"": 1, ""distance"": 2, ""length"": 12, ""n_sources"": 1}",3,True,False,0,1.0,0.0,1.0,1.0,"[1.0, 1.0, 1.0]",1.0,1.0,1.0,1.0,10010880
5474de1f354e,bdh,propagate,30000,1,interp,"{""dim"": 1, ""distance"": 4, ""length"": 12, ""n_sources"": 1}",3,True,False,0,1.0,0.0,1.0,1.0,"[1.0, 1.0, 1.0]",1.0,1.0,1.0,1.0,10010880
5474de1f354e,bdh,propagate,32500,1,interp,"{""dim"": 1, ""distance"": 1, ""length"": 12, ""n_sources"": 1}",3,True,False,0,1.0,0.0,1.0,1.0,"[1.0, 1.0, 1.0]",1.0,1.0,1.0,1.0,10010880
5474de1f354e,bdh,propagate,32500,1,interp,"{""dim"": 1, ""distance"": 2, ""length"": 12, ""n_sources"": 1}",3,True,False,0,1.0,0.0,1.0,1.0,"[1.0, 1.0, 1.0]",1.0,1.0,1.0,1.0,10010880
5474de1f354e,bdh,propagate,32500,1,interp,"{""dim"": 1, ""distance"": 4, ""length"": 12, ""n_sources"": 1}",3,True,False,0,1.0,0.0,1.0,1.0,"[1.0, 1.0, 1.0]",1.0,1.0,1.0,1.0,10010880
5474de1f354e,bdh,propagate,35000,1,interp,"{""dim"": 1, ""distance"": 1, ""length"": 12, ""n_sources"": 1}",3,True,False,0,1.0,0.0,1.0,1.0,"[1.0, 1.0, 1.0]",1.0,1.0,1.0,1.0,10010880
5474de1f354e,bdh,propagate,35000,1,interp,"{""dim"": 1, ""distance"": 2, ""length"": 12, ""n_sources"": 1}",3,True,False,0,1.0,0.0,1.0,1.0,"[1.0, 1.0, 1.0]",1.0,1.0,1.0,1.0,10010880
5474de1f354e,bdh,propagate,35000,1,interp,"{""dim"": 1, ""distance"": 4, ""length"": 12, ""n_sources"": 1}",3,True,False,0,1.0,0.0,1.0,1.0,"[1.0, 1.0, 1.0]",1.0,1.0,1.0,1.0,10010880
5474de1f354e,bdh,propagate,37500,1,interp,"{""dim"": 1, ""distance"": 1, ""length"": 12, ""n_sources"": 1}",3,True,False,0,1.0,0.0,1.0,1.0,"[1.0, 1.0, 1.0]",1.0,1.0,1.0,1.0,10010880
5474de1f354e,bdh,propagate,37500,1,interp,"{""dim"": 1, ""distance"": 2, ""length"": 12, ""n_sources"": 1}",3,True,False,0,1.0,0.0,1.0,1.0,"[1.0, 1.0, 1.0]",1.0,1.0,1.0,1.0,10010880
5474de1f354e,bdh,propagate,37500,1,interp,"{""dim"": 1, ""distance"": 4, ""length"": 12, ""n_sources"": 1}",3,True,False,0,1.0,0.0,1.0,1.0,"[1.0, 1.0, 1.0]",1.0,1.0,1.0,1.0,10010880
5474de1f354e,bdh,propagate,40000,1,interp,"{""dim"": 1, ""distance"": 1, ""length"": 12, ""n_sources"": 1}",3,True,False,0,1.0,0.0,1.0,1.0,"[1.0, 1.0, 1.0]",1.0,1.0,1.0,1.0,10010880
5474de1f354e,bdh,propagate,40000,1,interp,"{""dim"": 1, ""distance"": 2, ""length"": 12, ""n_sources"": 1}",3,True,False,0,1.0,0.0,1.0,1.0,"[1.0, 1.0, 1.0]",1.0,1.0,1.0,1.0,10010880
5474de1f354e,bdh,propagate,40000,1,interp,"{""dim"": 1, ""distance"": 4, ""length"": 12, ""n_sources"": 1}",3,True,False,0,1.0,0.0,1.0,1.0,"[1.0, 1.0, 1.0]",1.0,1.0,1.0,1.0,10010880
5474de1f354e,bdh,propagate,40000,2,interp,"{""dim"": 1, ""distance"": 1, ""length"": 12, ""n_sources"": 1}",3,True,False,0,1.0,0.0,1.0,1.0,"[1.0, 1.0, 1.0]",1.0,1.0,1.0,1.0,10010880
5474de1f354e,bdh,propagate,40000,2,interp,"{""dim"": 1, ""distance"": 2, ""length"": 12, ""n_sources"": 1}",3,True,False,0,1.0,0.0,1.0,1.0,"[1.0, 1.0, 1.0]",1.0,1.0,1.0,1.0,10010880
5474de1f354e,bdh,propagate,40000,2,interp,"{""dim"": 1, ""distance"": 4, ""length"": 12, ""n_sources"": 1}",3,True,False,0,1.0,0.0,1.0,1.0,"[1.0, 1.0, 1.0]",1.0,1.0,1.0,1.0,10010880
5474de1f354e,bdh,propagate,2500,4,interp,"{""dim"": 1, ""distance"": 1, ""length"": 12, ""n_sources"": 1}",3,True,False,0,0.0,0.0,0.0,0.0,"[0.0, 0.0, 0.0]",0.0,0.0,0.0,0.8072188819002011,10010880
5474de1f354e,bdh,propagate,2500,4,interp,"{""dim"": 1, ""distance"": 2, ""length"": 12, ""n_sources"": 1}",3,True,False,0,0.0,0.0,0.0,0.0,"[0.0, 0.0, 0.0]",0.0,0.0,0.0,0.8008007886292817,10010880
5474de1f354e,bdh,propagate,2500,4,interp,"{""dim"": 1, ""distance"": 4, ""length"": 12, ""n_sources"": 1}",3,True,False,0,0.0,0.0,0.0,0.0,"[0.0, 0.0, 0.0]",0.0,0.0,0.0,0.8012178711168042,10010880
5474de1f354e,bdh,propagate,5000,4,interp,"{""dim"": 1, ""distance"": 1, ""length"": 12, ""n_sources"": 1}",3,True,False,0,0.0019960079840319364,0.0014113907808114723,0.0,0.0029940119760479044,"[0.0, 0.0029940119760479044, 0.0029940119760479044]",0.0,0.002994011976047905,0.0019960079840319364,0.798735852682305,10010880
5474de1f354e,bdh,propagate,5000,4,interp,"{""dim"": 1, ""distance"": 2, ""length"": 12, ""n_sources"": 1}",3,True,False,0,0.011011011011011013,0.007490805579127011,0.003003003003003003,0.021021021021021023,"[0.009009009009009009, 0.003003003003003003, 0.021021021021021023]",0.003003003003003003,0.021021021021021023,0.011011011011011013,0.8038872123152405,10010880
5474de1f354e,bdh,propagate,5000,4,interp,"{""dim"": 1, ""distance"": 4, ""length"": 12, ""n_sources"": 1}",3,True,False,0,0.003003003003003003,0.0,0.003003003003003003,0.003003003003003003,"[0.003003003003003003, 0.003003003003003003, 0.003003003003003003]",0.003003003003003003,0.003003003003003003,0.003003003003003003,0.7958792040238271,10010880
5474de1f354e,bdh,propagate,7500,4,interp,"{""dim"": 1, ""distance"": 1, ""length"": 12, ""n_sources"": 1}",3,True,False,0,0.32834331337325345,0.19177783483321267,0.0718562874251497,0.5329341317365269,"[0.0718562874251497, 0.5329341317365269, 0.38023952095808383]",0.0718562874251497,0.5329341317365269,0.32834331337325345,0.9088489713069207,10010880
5474de1f354e,bdh,propagate,7500,4,interp,"{""dim"": 1, ""distance"": 2, ""length"": 12, ""n_sources"": 1}",3,True,False,0,0.2942942942942943,0.17297922911609212,0.07807807807807808,0.5015015015015015,"[0.07807807807807808, 0.5015015015015015, 0.3033033033033033]",0.07807807807807808,0.5015015015015015,0.2942942942942943,0.9083249964513579,10010880
5474de1f354e,bdh,propagate,7500,4,interp,"{""dim"": 1, ""distance"": 4, ""length"": 12, ""n_sources"": 1}",3,True,False,0,0.3813813813813814,0.22721179276689385,0.07507507507507508,0.6186186186186187,"[0.07507507507507508, 0.6186186186186187, 0.45045045045045046]",0.07507507507507508,0.6186186186186187,0.3813813813813814,0.9154154180406451,10010880
5474de1f354e,bdh,propagate,10000,4,interp,"{""dim"": 1, ""distance"": 1, ""length"": 12, ""n_sources"": 1}",3,True,False,0,0.9770459081836327,0.01017768365986583,0.9670658682634731,0.9910179640718563,"[0.9730538922155688, 0.9670658682634731, 0.9910179640718563]",0.9670658682634731,0.9910179640718563,0.9770459081836327,0.9980871594713596,10010880
5474de1f354e,bdh,propagate,10000,4,interp,"{""dim"": 1, ""distance"": 2, ""length"": 12, ""n_sources"": 1}",3,True,False,0,0.963963963963964,0.004246887574693988,0.9579579579579579,0.9669669669669669,"[0.9579579579579579, 0.9669669669669669, 0.9669669669669669]",0.9579579579579579,0.9669669669669668,0.963963963963964,0.9968301641332494,10010880
5474de1f354e,bdh,propagate,10000,4,interp,"{""dim"": 1, ""distance"": 4, ""length"": 12, ""n_sources"": 1}",3,True,False,0,0.973973973973974,0.011587424327117372,0.9579579579579579,0.984984984984985,"[0.978978978978979, 0.9579579579579579, 0.984984984984985]",0.9579579579579579,0.984984984984985,0.973973973973974,0.9974974978554833,10010880
5474de1f354e,bdh,propagate,12500,4,interp,"{""dim"": 1, ""distance"": 1, ""length"": 12, ""n_sources"": 1}",3,True,False,0,0.9920159680638722,0.0014113907808114572,0.9910179640718563,0.9940119760479041,"[0.9910179640718563, 0.9910179640718563, 0.9940119760479041]",0.9910179640718563,0.9940119760479041,0.9920159680638722,0.9993346641639511,10010880
5474de1f354e,bdh,propagate,12500,4,interp,"{""dim"": 1, ""distance"": 2, ""length"": 12, ""n_sources"": 1}",3,True,False,0,0.970970970970971,0.012582387477454032,0.9579579579579579,0.987987987987988,"[0.9579579579579579, 0.9669669669669669, 0.987987987987988]",0.9579579579579579,0.9879879879879881,0.970970970970971,0.9974140812446167,10010880
5474de1f354e,bdh,propagate,12500,4,interp,"{""dim"": 1, ""distance"": 4, ""length"": 12, ""n_sources"": 1}",3,True,False,0,0.983983983983984,0.0028312583831293604,0.9819819819819819,0.987987987987988,"[0.987987987987988, 0.9819819819819819, 0.9819819819819819]",0.9819819819819818,0.9879879879879881,0.983983983983984,0.9986653323168749,10010880
5474de1f354e,bdh,propagate,15000,4,interp,"{""dim"": 1, ""distance"": 1, ""length"": 12, ""n_sources"": 1}",3,True,False,0,0.9930139720558883,0.005088841829932915,0.9880239520958084,1.0,"[0.9910179640718563, 0.9880239520958084, 1.0]",0.9880239520958084,1.0,0.9930139720558883,0.9993346641044655,10010880
5474de1f354e,bdh,propagate,15000,4,interp,"{""dim"": 1, ""distance"": 2, ""length"": 12, ""n_sources"": 1}",3,True,False,0,0.97997997997998,0.005104123637229987,0.972972972972973,0.984984984984985,"[0.984984984984985, 0.972972972972973, 0.9819819819819819]",0.9729729729729731,0.984984984984985,0.97997997997998,0.9982482486062341,10010880
5474de1f354e,bdh,propagate,15000,4,interp,"{""dim"": 1, ""distance"": 4, ""length"": 12, ""n_sources"": 1}",3,True,False,0,0.9929929929929929,0.002831258383129308,0.990990990990991,0.996996996996997,"[0.990990990990991, 0.990990990990991, 0.996996996996997]",0.990990990990991,0.9969969969969968,0.9929929929929929,0.9994160828886329,10010880
5474de1f354e,bdh,propagate,17500,4,interp,"{""dim"": 1, ""distance"": 1, ""length"": 12, ""n_sources"": 1}",3,True,False,0,0.9970059880239521,0.0024446005416997978,0.9940119760479041,1.0,"[0.9970059880239521, 0.9940119760479041, 1.0]",0.9940119760479041,1.0,0.9970059880239521,0.9997504990614816,10010880
5474de1f354e,bdh,propagate,17500,4,interp,"{""dim"": 1, ""distance"": 2, ""length"": 12, ""n_sources"": 1}",3,True,False,0,0.993993993993994,0.002451941684467636,0.990990990990991,0.996996996996997,"[0.990990990990991, 0.993993993993994, 0.996996996996997]",0.990990990990991,0.9969969969969968,0.993993993993994,0.9992492493089137,10010880
5474de1f354e,bdh,propagate,17500,4,interp,"{""dim"": 1, ""distance"": 4, ""length"": 12, ""n_sources"": 1}",3,True,False,0,0.9969969969969971,0.004246887574693988,0.990990990990991,1.0,"[0.990990990990991, 1.0, 1.0]",0.990990990990991,1.0,0.9969969969969971,0.9997497498094141,10010880
5474de1f354e,bdh,propagate,20000,4,interp,"{""dim"": 1, ""distance"": 1, ""length"": 12, ""n_sources"": 1}",3,True,False,0,0.9960079840319361,0.0037341890087564385,0.9910179640718563,1.0,"[0.9910179640718563, 1.0, 0.9970059880239521]",0.9910179640718563,1.0,0.9960079840319361,0.9996673320819757,10010880
5474de1f354e,bdh,propagate,20000,4,interp,"{""dim"": 1, ""distance"": 2, ""length"": 12, ""n_sources"": 1}",3,True,False,0,0.9919919919919918,0.007490805579127029,0.9819819819819819,1.0,"[0.993993993993994, 1.0, 0.9819819819819819]",0.9819819819819818,1.0,0.9919919919919918,0.9993326661584375,10010880
5474de1f354e,bdh,propagate,20000,4,interp,"{""dim"": 1, ""distance"": 4, ""length"": 12, ""n_sources"": 1}",3,True,False,0,0.994994994994995,0.002831258383129308,0.990990990990991,0.996996996996997,"[0.996996996996997, 0.996996996996997, 0.990990990990991]",0.990990990990991,0.9969969969969968,0.994994994994995,0.999332666039109,10010880
5474de1f354e,bdh,propagate,22500,4,interp,"{""dim"": 1, ""distance"": 1, ""length"": 12, ""n_sources"": 1}",3,True,False,0,0.9960079840319361,0.0014113907808115094,0.9940119760479041,0.9970059880239521,"[0.9970059880239521, 0.9970059880239521, 0.9940119760479041]",0.9940119760479041,0.9970059880239521,0.9960079840319361,0.9996673320819757,10010880
5474de1f354e,bdh,propagate,22500,4,interp,"{""dim"": 1, ""distance"": 2, ""length"": 12, ""n_sources"": 1}",3,True,False,0,0.9969969969969971,0.002451941684467636,0.993993993993994,1.0,"[0.996996996996997, 0.993993993993994, 1.0]",0.993993993993994,1.0,0.9969969969969971,0.9997497498094141,10010880
5474de1f354e,bdh,propagate,22500,4,interp,"{""dim"": 1, ""distance"": 4, ""length"": 12, ""n_sources"": 1}",3,True,False,0,0.9979979979979979,0.002831258383129308,0.993993993993994,1.0,"[1.0, 0.993993993993994, 1.0]",0.993993993993994,1.0,0.9979979979979979,0.9998331665396094,10010880
5474de1f354e,bdh,propagate,25000,4,interp,"{""dim"": 1, ""distance"": 1, ""length"": 12, ""n_sources"": 1}",3,True,False,0,0.999001996007984,0.0014113907808114572,0.9970059880239521,1.0,"[1.0, 1.0, 0.9970059880239521]",0.9970059880239521,1.0,0.999001996007984,0.9999168330204938,10010880
5474de1f354e,bdh,propagate,25000,4,interp,"{""dim"": 1, ""distance"": 2, ""length"": 12, ""n_sources"": 1}",3,True,False,0,0.9979979979979979,0.0014156291915646802,0.996996996996997,1.0,"[0.996996996996997, 0.996996996996997, 1.0]",0.9969969969969968,1.0,0.9979979979979979,0.9998331665396094,10010880
5474de1f354e,bdh,propagate,25000,4,interp,"{""dim"": 1, ""distance"": 4, ""length"": 12, ""n_sources"": 1}",3,True,False,0,0.9979979979979979,0.0014156291915646802,0.996996996996997,1.0,"[0.996996996996997, 0.996996996996997, 1.0]",0.9969969969969968,1.0,0.9979979979979979,0.9998331665396094,10010880
5474de1f354e,bdh,propagate,27500,4,interp,"{""dim"": 1, ""distance"": 1, ""length"": 12, ""n_sources"": 1}",3,True,False,0,1.0,0.0,1.0,1.0,"[1.0, 1.0, 1.0]",1.0,1.0,1.0,1.0,10010880
5474de1f354e,bdh,propagate,27500,4,interp,"{""dim"": 1, ""distance"": 2, ""length"": 12, ""n_sources"": 1}",3,True,False,0,0.998998998998999,0.0014156291915646802,0.996996996996997,1.0,"[1.0, 1.0, 0.996996996996997]",0.9969969969969968,1.0,0.998998998998999,0.9999165832698047,10010880
5474de1f354e,bdh,propagate,27500,4,interp,"{""dim"": 1, ""distance"": 4, ""length"": 12, ""n_sources"": 1}",3,True,False,0,0.998998998998999,0.0014156291915646802,0.996996996996997,1.0,"[1.0, 1.0, 0.996996996996997]",0.9969969969969968,1.0,0.998998998998999,0.9997497497497498,10010880
5474de1f354e,bdh,propagate,30000,4,interp,"{""dim"": 1, ""distance"": 1, ""length"": 12, ""n_sources"": 1}",3,True,False,0,1.0,0.0,1.0,1.0,"[1.0, 1.0, 1.0]",1.0,1.0,1.0,1.0,10010880
5474de1f354e,bdh,propagate,30000,4,interp,"{""dim"": 1, ""distance"": 2, ""length"": 12, ""n_sources"": 1}",3,True,False,0,1.0,0.0,1.0,1.0,"[1.0, 1.0, 1.0]",1.0,1.0,1.0,1.0,10010880
5474de1f354e,bdh,propagate,30000,4,interp,"{""dim"": 1, ""distance"": 4, ""length"": 12, ""n_sources"": 1}",3,True,False,0,1.0,0.0,1.0,1.0,"[1.0, 1.0, 1.0]",1.0,1.0,1.0,1.0,10010880
5474de1f354e,bdh,propagate,32500,4,interp,"{""dim"": 1, ""distance"": 1, ""length"": 12, ""n_sources"": 1}",3,True,False,0,1.0,0.0,1.0,1.0,"[1.0, 1.0, 1.0]",1.0,1.0,1.0,1.0,10010880
5474de1f354e,bdh,propagate,32500,4,interp,"{""dim"": 1, ""distance"": 2, ""length"": 12, ""n_sources"": 1}",3,True,False,0,1.0,0.0,1.0,1.0,"[1.0, 1.0, 1.0]",1.0,1.0,1.0,1.0,10010880
5474de1f354e,bdh,propagate,32500,4,interp,"{""dim"": 1, ""distance"": 4, ""length"": 12, ""n_sources"": 1}",3,True,False,0,1.0,0.0,1.0,1.0,"[1.0, 1.0, 1.0]",1.0,1.0,1.0,1.0,10010880
5474de1f354e,bdh,propagate,35000,4,interp,"{""dim"": 1, ""distance"": 1, ""length"": 12, ""n_sources"": 1}",3,True,False,0,1.0,0.0,1.0,1.0,"[1.0, 1.0, 1.0]",1.0,1.0,1.0,1.0,10010880
5474de1f354e,bdh,propagate,35000,4,interp,"{""dim"": 1, ""distance"": 2, ""length"": 12, ""n_sources"": 1}",3,True,False,0,1.0,0.0,1.0,1.0,"[1.0, 1.0, 1.0]",1.0,1.0,1.0,1.0,10010880
5474de1f354e,bdh,propagate,35000,4,interp,"{""dim"": 1, ""distance"": 4, ""length"": 12, ""n_sources"": 1}",3,True,False,0,1.0,0.0,1.0,1.0,"[1.0, 1.0, 1.0]",1.0,1.0,1.0,1.0,10010880
5474de1f354e,bdh,propagate,37500,4,interp,"{""dim"": 1, ""distance"": 1, ""length"": 12, ""n_sources"": 1}",3,True,False,0,1.0,0.0,1.0,1.0,"[1.0, 1.0, 1.0]",1.0,1.0,1.0,1.0,10010880
5474de1f354e,bdh,propagate,37500,4,interp,"{""dim"": 1, ""distance"": 2, ""length"": 12, ""n_sources"": 1}",3,True,False,0,1.0,0.0,1.0,1.0,"[1.0, 1.0, 1.0]",1.0,1.0,1.0,1.0,10010880
5474de1f354e,bdh,propagate,37500,4,interp,"{""dim"": 1, ""distance"": 4, ""length"": 12, ""n_sources"": 1}",3,True,False,0,1.0,0.0,1.0,1.0,"[1.0, 1.0, 1.0]",1.0,1.0,1.0,1.0,10010880
5474de1f354e,bdh,propagate,40000,4,interp,"{""dim"": 1, ""distance"": 1, ""length"": 12, ""n_sources"": 1}",3,True,False,0,1.0,0.0,1.0,1.0,"[1.0, 1.0, 1.0]",1.0,1.0,1.0,1.0,10010880
5474de1f354e,bdh,propagate,40000,4,interp,"{""dim"": 1, ""distance"": 2, ""length"": 12, ""n_sources"": 1}",3,True,False,0,1.0,0.0,1.0,1.0,"[1.0, 1.0, 1.0]",1.0,1.0,1.0,1.0,10010880
5474de1f354e,bdh,propagate,40000,4,interp,"{""dim"": 1, ""distance"": 4, ""length"": 12, ""n_sources"": 1}",3,True,False,0,1.0,0.0,1.0,1.0,"[1.0, 1.0, 1.0]",1.0,1.0,1.0,1.0,10010880
5474de1f354e,bdh,propagate,40000,8,interp,"{""dim"": 1, ""distance"": 1, ""length"": 12, ""n_sources"": 1}",3,True,False,0,1.0,0.0,1.0,1.0,"[1.0, 1.0, 1.0]",1.0,1.0,1.0,1.0,10010880
5474de1f354e,bdh,propagate,40000,8,interp,"{""dim"": 1, ""distance"": 2, ""length"": 12, ""n_sources"": 1}",3,True,False,0,1.0,0.0,1.0,1.0,"[1.0, 1.0, 1.0]",1.0,1.0,1.0,1.0,10010880
5474de1f354e,bdh,propagate,40000,8,interp,"{""dim"": 1, ""distance"": 4, ""length"": 12, ""n_sources"": 1}",3,True,False,0,1.0,0.0,1.0,1.0,"[1.0, 1.0, 1.0]",1.0,1.0,1.0,1.0,10010880
5474de1f354e,bdh,propagate,2500,16,interp,"{""dim"": 1, ""distance"": 1, ""length"": 12, ""n_sources"": 1}",3,True,False,0,0.0,0.0,0.0,0.0,"[0.0, 0.0, 0.0]",0.0,0.0,0.0,0.8072188819002011,10010880
5474de1f354e,bdh,propagate,2500,16,interp,"{""dim"": 1, ""distance"": 2, ""length"": 12, ""n_sources"": 1}",3,True,False,0,0.0,0.0,0.0,0.0,"[0.0, 0.0, 0.0]",0.0,0.0,0.0,0.8008007886292817,10010880
5474de1f354e,bdh,propagate,2500,16,interp,"{""dim"": 1, ""distance"": 4, ""length"": 12, ""n_sources"": 1}",3,True,False,0,0.0,0.0,0.0,0.0,"[0.0, 0.0, 0.0]",0.0,0.0,0.0,0.8012178711168042,10010880
5474de1f354e,bdh,propagate,5000,16,interp,"{""dim"": 1, ""distance"": 1, ""length"": 12, ""n_sources"": 1}",3,True,False,0,0.0019960079840319364,0.0014113907808114723,0.0,0.0029940119760479044,"[0.0, 0.0029940119760479044, 0.0029940119760479044]",0.0,0.002994011976047905,0.0019960079840319364,0.798735852682305,10010880
5474de1f354e,bdh,propagate,5000,16,interp,"{""dim"": 1, ""distance"": 2, ""length"": 12, ""n_sources"": 1}",3,True,False,0,0.011011011011011013,0.007490805579127011,0.003003003003003003,0.021021021021021023,"[0.009009009009009009, 0.003003003003003003, 0.021021021021021023]",0.003003003003003003,0.021021021021021023,0.011011011011011013,0.8038872123152405,10010880
5474de1f354e,bdh,propagate,5000,16,interp,"{""dim"": 1, ""distance"": 4, ""length"": 12, ""n_sources"": 1}",3,True,False,0,0.003003003003003003,0.0,0.003003003003003003,0.003003003003003003,"[0.003003003003003003, 0.003003003003003003, 0.003003003003003003]",0.003003003003003003,0.003003003003003003,0.003003003003003003,0.7958792040238271,10010880
5474de1f354e,bdh,propagate,7500,16,interp,"{""dim"": 1, ""distance"": 1, ""length"": 12, ""n_sources"": 1}",3,True,False,0,0.32834331337325345,0.19177783483321267,0.0718562874251497,0.5329341317365269,"[0.0718562874251497, 0.5329341317365269, 0.38023952095808383]",0.0718562874251497,0.5329341317365269,0.32834331337325345,0.9088489713069207,10010880
5474de1f354e,bdh,propagate,7500,16,interp,"{""dim"": 1, ""distance"": 2, ""length"": 12, ""n_sources"": 1}",3,True,False,0,0.2942942942942943,0.17297922911609212,0.07807807807807808,0.5015015015015015,"[0.07807807807807808, 0.5015015015015015, 0.3033033033033033]",0.07807807807807808,0.5015015015015015,0.2942942942942943,0.9083249964513579,10010880
5474de1f354e,bdh,propagate,7500,16,interp,"{""dim"": 1, ""distance"": 4, ""length"": 12, ""n_sources"": 1}",3,True,False,0,0.3813813813813814,0.22721179276689385,0.07507507507507508,0.6186186186186187,"[0.07507507507507508, 0.6186186186186187, 0.45045045045045046]",0.07507507507507508,0.6186186186186187,0.3813813813813814,0.9154154180406451,10010880
5474de1f354e,bdh,propagate,10000,16,interp,"{""dim"": 1, ""distance"": 1, ""length"": 12, ""n_sources"": 1}",3,True,False,0,0.9770459081836327,0.01017768365986583,0.9670658682634731,0.9910179640718563,"[0.9730538922155688, 0.9670658682634731, 0.9910179640718563]",0.9670658682634731,0.9910179640718563,0.9770459081836327,0.9980871594713596,10010880
5474de1f354e,bdh,propagate,10000,16,interp,"{""dim"": 1, ""distance"": 2, ""length"": 12, ""n_sources"": 1}",3,True,False,0,0.963963963963964,0.004246887574693988,0.9579579579579579,0.9669669669669669,"[0.9579579579579579, 0.9669669669669669, 0.9669669669669669]",0.9579579579579579,0.9669669669669668,0.963963963963964,0.9968301641332494,10010880
5474de1f354e,bdh,propagate,10000,16,interp,"{""dim"": 1, ""distance"": 4, ""length"": 12, ""n_sources"": 1}",3,True,False,0,0.973973973973974,0.011587424327117372,0.9579579579579579,0.984984984984985,"[0.978978978978979, 0.9579579579579579, 0.984984984984985]",0.9579579579579579,0.984984984984985,0.973973973973974,0.9974974978554833,10010880
5474de1f354e,bdh,propagate,12500,16,interp,"{""dim"": 1, ""distance"": 1, ""length"": 12, ""n_sources"": 1}",3,True,False,0,0.9920159680638722,0.0014113907808114572,0.9910179640718563,0.9940119760479041,"[0.9910179640718563, 0.9910179640718563, 0.9940119760479041]",0.9910179640718563,0.9940119760479041,0.9920159680638722,0.9993346641639511,10010880
5474de1f354e,bdh,propagate,12500,16,interp,"{""dim"": 1, ""distance"": 2, ""length"": 12, ""n_sources"": 1}",3,True,False,0,0.970970970970971,0.012582387477454032,0.9579579579579579,0.987987987987988,"[0.9579579579579579, 0.9669669669669669, 0.987987987987988]",0.9579579579579579,0.9879879879879881,0.970970970970971,0.9974140812446167,10010880
5474de1f354e,bdh,propagate,12500,16,interp,"{""dim"": 1, ""distance"": 4, ""length"": 12, ""n_sources"": 1}",3,True,False,0,0.983983983983984,0.0028312583831293604,0.9819819819819819,0.987987987987988,"[0.987987987987988, 0.9819819819819819, 0.9819819819819819]",0.9819819819819818,0.9879879879879881,0.983983983983984,0.9986653323168749,10010880
5474de1f354e,bdh,propagate,15000,16,interp,"{""dim"": 1, ""distance"": 1, ""length"": 12, ""n_sources"": 1}",3,True,False,0,0.9930139720558883,0.005088841829932915,0.9880239520958084,1.0,"[0.9910179640718563, 0.9880239520958084, 1.0]",0.9880239520958084,1.0,0.9930139720558883,0.9993346641044655,10010880
5474de1f354e,bdh,propagate,15000,16,interp,"{""dim"": 1, ""distance"": 2, ""length"": 12, ""n_sources"": 1}",3,True,False,0,0.97997997997998,0.005104123637229987,0.972972972972973,0.984984984984985,"[0.984984984984985, 0.972972972972973, 0.9819819819819819]",0.9729729729729731,0.984984984984985,0.97997997997998,0.9982482486062341,10010880
5474de1f354e,bdh,propagate,15000,16,interp,"{""dim"": 1, ""distance"": 4, ""length"": 12, ""n_sources"": 1}",3,True,False,0,0.9929929929929929,0.002831258383129308,0.990990990990991,0.996996996996997,"[0.990990990990991, 0.990990990990991, 0.996996996996997]",0.990990990990991,0.9969969969969968,0.9929929929929929,0.9994160828886329,10010880
5474de1f354e,bdh,propagate,17500,16,interp,"{""dim"": 1, ""distance"": 1, ""length"": 12, ""n_sources"": 1}",3,True,False,0,0.9970059880239521,0.0024446005416997978,0.9940119760479041,1.0,"[0.9970059880239521, 0.9940119760479041, 1.0]",0.9940119760479041,1.0,0.9970059880239521,0.9997504990614816,10010880
5474de1f354e,bdh,propagate,17500,16,interp,"{""dim"": 1, ""distance"": 2, ""length"": 12, ""n_sources"": 1}",3,True,False,0,0.993993993993994,0.002451941684467636,0.990990990990991,0.996996996996997,"[0.990990990990991, 0.993993993993994, 0.996996996996997]",0.990990990990991,0.9969969969969968,0.993993993993994,0.9992492493089137,10010880
5474de1f354e,bdh,propagate,17500,16,interp,"{""dim"": 1, ""distance"": 4, ""length"": 12, ""n_sources"": 1}",3,True,False,0,0.9969969969969971,0.004246887574693988,0.990990990990991,1.0,"[0.990990990990991, 1.0, 1.0]",0.990990990990991,1.0,0.9969969969969971,0.9997497498094141,10010880
5474de1f354e,bdh,propagate,20000,16,interp,"{""dim"": 1, ""distance"": 1, ""length"": 12, ""n_sources"": 1}",3,True,False,0,0.9960079840319361,0.0037341890087564385,0.9910179640718563,1.0,"[0.9910179640718563, 1.0, 0.9970059880239521]",0.9910179640718563,1.0,0.9960079840319361,0.9996673320819757,10010880
5474de1f354e,bdh,propagate,20000,16,interp,"{""dim"": 1, ""distance"": 2, ""length"": 12, ""n_sources"": 1}",3,True,False,0,0.9919919919919918,0.007490805579127029,0.9819819819819819,1.0,"[0.993993993993994, 1.0, 0.9819819819819819]",0.9819819819819818,1.0,0.9919919919919918,0.9993326661584375,10010880
5474de1f354e,bdh,propagate,20000,16,interp,"{""dim"": 1, ""distance"": 4, ""length"": 12, ""n_sources"": 1}",3,True,False,0,0.994994994994995,0.002831258383129308,0.990990990990991,0.996996996996997,"[0.996996996996997, 0.996996996996997, 0.990990990990991]",0.990990990990991,0.9969969969969968,0.994994994994995,0.999332666039109,10010880
5474de1f354e,bdh,propagate,22500,16,interp,"{""dim"": 1, ""distance"": 1, ""length"": 12, ""n_sources"": 1}",3,True,False,0,0.9960079840319361,0.0014113907808115094,0.9940119760479041,0.9970059880239521,"[0.9970059880239521, 0.9970059880239521, 0.9940119760479041]",0.9940119760479041,0.9970059880239521,0.9960079840319361,0.9996673320819757,10010880
5474de1f354e,bdh,propagate,22500,16,interp,"{""dim"": 1, ""distance"": 2, ""length"": 12, ""n_sources"": 1}",3,True,False,0,0.9969969969969971,0.002451941684467636,0.993993993993994,1.0,"[0.996996996996997, 0.993993993993994, 1.0]",0.993993993993994,1.0,0.9969969969969971,0.9997497498094141,10010880
5474de1f354e,bdh,propagate,22500,16,interp,"{""dim"": 1, ""distance"": 4, ""length"": 12, ""n_sources"": 1}",3,True,False,0,0.9979979979979979,0.002831258383129308,0.993993993993994,1.0,"[1.0, 0.993993993993994, 1.0]",0.993993993993994,1.0,0.9979979979979979,0.9998331665396094,10010880
5474de1f354e,bdh,propagate,25000,16,interp,"{""dim"": 1, ""distance"": 1, ""length"": 12, ""n_sources"": 1}",3,True,False,0,0.999001996007984,0.0014113907808114572,0.9970059880239521,1.0,"[1.0, 1.0, 0.9970059880239521]",0.9970059880239521,1.0,0.999001996007984,0.9999168330204938,10010880
5474de1f354e,bdh,propagate,25000,16,interp,"{""dim"": 1, ""distance"": 2, ""length"": 12, ""n_sources"": 1}",3,True,False,0,0.9979979979979979,0.0014156291915646802,0.996996996996997,1.0,"[0.996996996996997, 0.996996996996997, 1.0]",0.9969969969969968,1.0,0.9979979979979979,0.9998331665396094,10010880
5474de1f354e,bdh,propagate,25000,16,interp,"{""dim"": 1, ""distance"": 4, ""length"": 12, ""n_sources"": 1}",3,True,False,0,0.9979979979979979,0.0014156291915646802,0.996996996996997,1.0,"[0.996996996996997, 0.996996996996997, 1.0]",0.9969969969969968,1.0,0.9979979979979979,0.9998331665396094,10010880
5474de1f354e,bdh,propagate,27500,16,interp,"{""dim"": 1, ""distance"": 1, ""length"": 12, ""n_sources"": 1}",3,True,False,0,1.0,0.0,1.0,1.0,"[1.0, 1.0, 1.0]",1.0,1.0,1.0,1.0,10010880
5474de1f354e,bdh,propagate,27500,16,interp,"{""dim"": 1, ""distance"": 2, ""length"": 12, ""n_sources"": 1}",3,True,False,0,0.998998998998999,0.0014156291915646802,0.996996996996997,1.0,"[1.0, 1.0, 0.996996996996997]",0.9969969969969968,1.0,0.998998998998999,0.9999165832698047,10010880
5474de1f354e,bdh,propagate,27500,16,interp,"{""dim"": 1, ""distance"": 4, ""length"": 12, ""n_sources"": 1}",3,True,False,0,0.998998998998999,0.0014156291915646802,0.996996996996997,1.0,"[1.0, 1.0, 0.996996996996997]",0.9969969969969968,1.0,0.998998998998999,0.9997497497497498,10010880
5474de1f354e,bdh,propagate,30000,16,interp,"{""dim"": 1, ""distance"": 1, ""length"": 12, ""n_sources"": 1}",3,True,False,0,1.0,0.0,1.0,1.0,"[1.0, 1.0, 1.0]",1.0,1.0,1.0,1.0,10010880
5474de1f354e,bdh,propagate,30000,16,interp,"{""dim"": 1, ""distance"": 2, ""length"": 12, ""n_sources"": 1}",3,True,False,0,1.0,0.0,1.0,1.0,"[1.0, 1.0, 1.0]",1.0,1.0,1.0,1.0,10010880
5474de1f354e,bdh,propagate,30000,16,interp,"{""dim"": 1, ""distance"": 4, ""length"": 12, ""n_sources"": 1}",3,True,False,0,1.0,0.0,1.0,1.0,"[1.0, 1.0, 1.0]",1.0,1.0,1.0,1.0,10010880
5474de1f354e,bdh,propagate,32500,16,interp,"{""dim"": 1, ""distance"": 1, ""length"": 12, ""n_sources"": 1}",3,True,False,0,1.0,0.0,1.0,1.0,"[1.0, 1.0, 1.0]",1.0,1.0,1.0,1.0,10010880
5474de1f354e,bdh,propagate,32500,16,interp,"{""dim"": 1, ""distance"": 2, ""length"": 12, ""n_sources"": 1}",3,True,False,0,1.0,0.0,1.0,1.0,"[1.0, 1.0, 1.0]",1.0,1.0,1.0,1.0,10010880
5474de1f354e,bdh,propagate,32500,16,interp,"{""dim"": 1, ""distance"": 4, ""length"": 12, ""n_sources"": 1}",3,True,False,0,1.0,0.0,1.0,1.0,"[1.0, 1.0, 1.0]",1.0,1.0,1.0,1.0,10010880
5474de1f354e,bdh,propagate,35000,16,interp,"{""dim"": 1, ""distance"": 1, ""length"": 12, ""n_sources"": 1}",3,True,False,0,1.0,0.0,1.0,1.0,"[1.0, 1.0, 1.0]",1.0,1.0,1.0,1.0,10010880
5474de1f354e,bdh,propagate,35000,16,interp,"{""dim"": 1, ""distance"": 2, ""length"": 12, ""n_sources"": 1}",3,True,False,0,1.0,0.0,1.0,1.0,"[1.0, 1.0, 1.0]",1.0,1.0,1.0,1.0,10010880
5474de1f354e,bdh,propagate,35000,16,interp,"{""dim"": 1, ""distance"": 4, ""length"": 12, ""n_sources"": 1}",3,True,False,0,1.0,0.0,1.0,1.0,"[1.0, 1.0, 1.0]",1.0,1.0,1.0,1.0,10010880
5474de1f354e,bdh,propagate,37500,16,interp,"{""dim"": 1, ""distance"": 1, ""length"": 12, ""n_sources"": 1}",3,True,False,0,1.0,0.0,1.0,1.0,"[1.0, 1.0, 1.0]",1.0,1.0,1.0,1.0,10010880
5474de1f354e,bdh,propagate,37500,16,interp,"{""dim"": 1, ""distance"": 2, ""length"": 12, ""n_sources"": 1}",3,True,False,0,1.0,0.0,1.0,1.0,"[1.0, 1.0, 1.0]",1.0,1.0,1.0,1.0,10010880
5474de1f354e,bdh,propagate,37500,16,interp,"{""dim"": 1, ""distance"": 4, ""length"": 12, ""n_sources"": 1}",3,True,False,0,1.0,0.0,1.0,1.0,"[1.0, 1.0, 1.0]",1.0,1.0,1.0,1.0,10010880
5474de1f354e,bdh,propagate,40000,16,interp,"{""dim"": 1, ""distance"": 1, ""length"": 12, ""n_sources"": 1}",3,True,False,0,1.0,0.0,1.0,1.0,"[1.0, 1.0, 1.0]",1.0,1.0,1.0,1.0,10010880
5474de1f354e,bdh,propagate,40000,16,interp,"{""dim"": 1, ""distance"": 2, ""length"": 12, ""n_sources"": 1}",3,True,False,0,1.0,0.0,1.0,1.0,"[1.0, 1.0, 1.0]",1.0,1.0,1.0,1.0,10010880
5474de1f354e,bdh,propagate,40000,16,interp,"{""dim"": 1, ""distance"": 4, ""length"": 12, ""n_sources"": 1}",3,True,False,0,1.0,0.0,1.0,1.0,"[1.0, 1.0, 1.0]",1.0,1.0,1.0,1.0,10010880
5474de1f354e,bdh,propagate,40000,32,interp,"{""dim"": 1, ""distance"": 1, ""length"": 12, ""n_sources"": 1}",3,True,False,0,1.0,0.0,1.0,1.0,"[1.0, 1.0, 1.0]",1.0,1.0,1.0,1.0,10010880
5474de1f354e,bdh,propagate,40000,32,interp,"{""dim"": 1, ""distance"": 2, ""length"": 12, ""n_sources"": 1}",3,True,False,0,1.0,0.0,1.0,1.0,"[1.0, 1.0, 1.0]",1.0,1.0,1.0,1.0,10010880
5474de1f354e,bdh,propagate,40000,32,interp,"{""dim"": 1, ""distance"": 4, ""length"": 12, ""n_sources"": 1}",3,True,False,0,1.0,0.0,1.0,1.0,"[1.0, 1.0, 1.0]",1.0,1.0,1.0,1.0,10010880
5474de1f354e,bdh,propagate,2500,1,mild,"{""dim"": 1, ""distance"": 6, ""length"": 12, ""n_sources"": 1}",3,True,False,0,0.0,0.0,0.0,0.0,"[0.0, 0.0, 0.0]",0.0,0.0,0.0,0.7973333202004432,10010880
5474de1f354e,bdh,propagate,2500,1,mild,"{""dim"": 1, ""distance"": 8, ""length"": 12, ""n_sources"": 1}",3,True,False,0,0.0,0.0,0.0,0.0,"[0.0, 0.0, 0.0]",0.0,0.0,0.0,0.8006666530867417,10010880
5474de1f354e,bdh,propagate,5000,1,mild,"{""dim"": 1, ""distance"": 6, ""length"": 12, ""n_sources"": 1}",3,True,False,0,0.0006666666666666666,0.0009428090415820634,0.0,0.002,"[0.002, 0.0, 0.0]",0.0,0.002,0.0006666666666666666,0.7860555473764738,10010880
5474de1f354e,bdh,propagate,5000,1,mild,"{""dim"": 1, ""distance"": 8, ""length"": 12, ""n_sources"": 1}",3,True,False,0,0.0006666666666666666,0.0009428090415820634,0.0,0.002,"[0.0, 0.002, 0.0]",0.0,0.002,0.0006666666666666666,0.7728333243926366,10010880
5474de1f354e,bdh,propagate,7500,1,mild,"{""dim"": 1, ""distance"": 6, ""length"": 12, ""n_sources"": 1}",3,True,False,0,0.22066666666666668,0.13780501522884508,0.026,0.326,"[0.026, 0.31, 0.326]",0.026,0.326,0.22066666666666668,0.8861666694482168,10010880
5474de1f354e,bdh,propagate,7500,1,mild,"{""dim"": 1, ""distance"": 8, ""length"": 12, ""n_sources"": 1}",3,True,False,0,0.19600000000000004,0.12250714264890844,0.024,0.3,"[0.024, 0.3, 0.264]",0.024000000000000004,0.3,0.19600000000000004,0.87172222473224,10010880
5474de1f354e,bdh,propagate,10000,1,mild,"{""dim"": 1, ""distance"": 6, ""length"": 12, ""n_sources"": 1}",3,True,False,0,0.24666666666666667,0.17554739784140605,0.032,0.462,"[0.462, 0.032, 0.246]",0.032,0.462,0.24666666666666667,0.904611115415891,10010880
5474de1f354e,bdh,propagate,10000,1,mild,"{""dim"": 1, ""distance"": 8, ""length"": 12, ""n_sources"": 1}",3,True,False,0,0.11533333333333334,0.06777085574853611,0.032,0.198,"[0.116, 0.032, 0.198]",0.032,0.19800000000000004,0.11533333333333334,0.8547777801752091,10010880
5474de1f354e,bdh,propagate,12500,1,mild,"{""dim"": 1, ""distance"": 6, ""length"": 12, ""n_sources"": 1}",3,True,False,0,0.10999999999999999,0.06707210050883054,0.018,0.176,"[0.176, 0.018, 0.136]",0.018,0.17600000000000002,0.10999999999999999,0.8636111142237981,10010880
5474de1f354e,bdh,propagate,12500,1,mild,"{""dim"": 1, ""distance"": 8, ""length"": 12, ""n_sources"": 1}",3,True,False,0,0.07133333333333333,0.06282957548444487,0.022,0.16,"[0.032, 0.022, 0.16]",0.022000000000000002,0.16,0.07133333333333333,0.8300555563767751,10010880
5474de1f354e,bdh,propagate,15000,1,mild,"{""dim"": 1, ""distance"": 6, ""length"": 12, ""n_sources"": 1}",3,True,False,0,0.10666666666666667,0.0715603863103665,0.006,0.166,"[0.166, 0.006, 0.148]",0.006000000000000001,0.166,0.10666666666666667,0.8505555564959844,10010880
5474de1f354e,bdh,propagate,15000,1,mild,"{""dim"": 1, ""distance"": 8, ""length"": 12, ""n_sources"": 1}",3,True,False,0,0.018,0.02405549140355829,0.0,0.052,"[0.0, 0.002, 0.052]",0.0,0.052,0.018,0.786611110150814,10010880
5474de1f354e,bdh,propagate,17500,1,mild,"{""dim"": 1, ""distance"": 6, ""length"": 12, ""n_sources"": 1}",3,True,False,0,0.07333333333333332,0.05638754787677467,0.016,0.15,"[0.15, 0.016, 0.054]",0.016,0.15,0.07333333333333332,0.8379999988476435,10010880
5474de1f354e,bdh,propagate,17500,1,mild,"{""dim"": 1, ""distance"": 8, ""length"": 12, ""n_sources"": 1}",3,True,False,0,0.014666666666666668,0.014267289706021799,0.0,0.034,"[0.0, 0.01, 0.034]",0.0,0.034,0.014666666666666668,0.7729999998410543,10010880
5474de1f354e,bdh,propagate,20000,1,mild,"{""dim"": 1, ""distance"": 6, ""length"": 12, ""n_sources"": 1}",3,True,False,0,0.04533333333333334,0.024997777679003567,0.01,0.064,"[0.064, 0.01, 0.062]",0.01,0.064,0.04533333333333334,0.823611108024915,10010880
5474de1f354e,bdh,propagate,20000,1,mild,"{""dim"": 1, ""distance"": 8, ""length"": 12, ""n_sources"": 1}",3,True,False,0,0.010666666666666666,0.009977753031397177,0.0,0.024,"[0.0, 0.008, 0.024]",0.0,0.024000000000000004,0.010666666666666666,0.776444443186124,10010880
5474de1f354e,bdh,propagate,22500,1,mild,"{""dim"": 1, ""distance"": 6, ""length"": 12, ""n_sources"": 1}",3,True,False,0,0.06066666666666667,0.06765270791985262,0.006,0.156,"[0.02, 0.006, 0.156]",0.006000000000000001,0.156,0.06066666666666667,0.8198333327770233,10010880
5474de1f354e,bdh,propagate,22500,1,mild,"{""dim"": 1, ""distance"": 8, ""length"": 12, ""n_sources"": 1}",3,True,False,0,0.007333333333333333,0.008993825042154695,0.0,0.02,"[0.0, 0.02, 0.002]",0.0,0.02,0.007333333333333333,0.7857222199440003,10010880
5474de1f354e,bdh,propagate,25000,1,mild,"{""dim"": 1, ""distance"": 6, ""length"": 12, ""n_sources"": 1}",3,True,False,0,0.058,0.038505410875183076,0.006,0.098,"[0.07, 0.006, 0.098]",0.006000000000000001,0.09800000000000002,0.058,0.8098333300352097,10010880
5474de1f354e,bdh,propagate,25000,1,mild,"{""dim"": 1, ""distance"": 8, ""length"": 12, ""n_sources"": 1}",3,True,False,0,0.002,0.001632993161855452,0.0,0.004,"[0.0, 0.002, 0.004]",0.0,0.004,0.002,0.7631111085812251,10010880
5474de1f354e,bdh,propagate,27500,1,mild,"{""dim"": 1, ""distance"": 6, ""length"": 12, ""n_sources"": 1}",3,True,False,0,0.032,0.020396078054371138,0.004,0.052,"[0.04, 0.004, 0.052]",0.004,0.052,0.032,0.8006111082633337,10010880
5474de1f354e,bdh,propagate,27500,1,mild,"{""dim"": 1, ""distance"": 8, ""length"": 12, ""n_sources"": 1}",3,True,False,0,0.002,0.001632993161855452,0.0,0.004,"[0.0, 0.004, 0.002]",0.0,0.004,0.002,0.7466666664481162,10010880
5474de1f354e,bdh,propagate,30000,1,mild,"{""dim"": 1, ""distance"": 6, ""length"": 12, ""n_sources"": 1}",3,True,False,0,0.03666666666666667,0.025837096500101468,0.002,0.064,"[0.044, 0.002, 0.064]",0.002,0.064,0.03666666666666667,0.7992222188711167,10010880
5474de1f354e,bdh,propagate,30000,1,mild,"{""dim"": 1, ""distance"": 8, ""length"": 12, ""n_sources"": 1}",3,True,False,0,0.0006666666666666666,0.0009428090415820634,0.0,0.002,"[0.0, 0.002, 0.0]",0.0,0.002,0.0006666666666666666,0.7569444426496824,10010880
5474de1f354e,bdh,propagate,32500,1,mild,"{""dim"": 1, ""distance"": 6, ""length"": 12, ""n_sources"": 1}",3,True,False,0,0.02666666666666667,0.020548046676563257,0.0,0.05,"[0.03, 0.0, 0.05]",0.0,0.05000000000000001,0.02666666666666667,0.7967777730623883,10010880
5474de1f354e,bdh,propagate,32500,1,mild,"{""dim"": 1, ""distance"": 8, ""length"": 12, ""n_sources"": 1}",3,True,False,0,0.0013333333333333333,0.0009428090415820634,0.0,0.002,"[0.0, 0.002, 0.002]",0.0,0.002,0.0013333333333333333,0.7624444427490235,10010880
5474de1f354e,bdh,propagate,35000,1,mild,"{""dim"": 1, ""distance"": 6, ""length"": 12, ""n_sources"": 1}",3,True,False,0,0.02666666666666667,0.020548046676563257,0.0,0.05,"[0.03, 0.0, 0.05]",0.0,0.05000000000000001,0.02666666666666667,0.7956666619380316,10010880
5474de1f354e,bdh,propagate,35000,1,mild,"{""dim"": 1, ""distance"": 8, ""length"": 12, ""n_sources"": 1}",3,True,False,0,0.002,0.001632993161855452,0.0,0.004,"[0.0, 0.004, 0.002]",0.0,0.004,0.002,0.7637777759631476,10010880
5474de1f354e,bdh,propagate,37500,1,mild,"{""dim"": 1, ""distance"": 6, ""length"": 12, ""n_sources"": 1}",3,True,False,0,0.03666666666666666,0.0294089933334837,0.0,0.072,"[0.038, 0.0, 0.072]",0.0,0.072,0.03666666666666666,0.797222218354543,10010880
5474de1f354e,bdh,propagate,37500,1,mild,"{""dim"": 1, ""distance"": 8, ""length"": 12, ""n_sources"": 1}",3,True,False,0,0.0013333333333333333,0.0018856180831641268,0.0,0.004,"[0.0, 0.004, 0.0]",0.0,0.004,0.0013333333333333333,0.7708333310683568,10010880
5474de1f354e,bdh,propagate,40000,1,mild,"{""dim"": 1, ""distance"": 6, ""length"": 12, ""n_sources"": 1}",3,True,False,0,0.03333333333333333,0.025525586292102196,0.0,0.062,"[0.038, 0.0, 0.062]",0.0,0.062,0.03333333333333333,0.79666666273276,10010880
5474de1f354e,bdh,propagate,40000,1,mild,"{""dim"": 1, ""distance"": 8, ""length"": 12, ""n_sources"": 1}",3,True,False,0,0.0013333333333333333,0.0018856180831641268,0.0,0.004,"[0.0, 0.004, 0.0]",0.0,0.004,0.0013333333333333333,0.7696666644016901,10010880
5474de1f354e,bdh,propagate,40000,2,mild,"{""dim"": 1, ""distance"": 6, ""length"": 12, ""n_sources"": 1}",3,True,False,0,0.03333333333333333,0.025525586292102196,0.0,0.062,"[0.038, 0.0, 0.062]",0.0,0.062,0.03333333333333333,0.79666666273276,10010880
5474de1f354e,bdh,propagate,40000,2,mild,"{""dim"": 1, ""distance"": 8, ""length"": 12, ""n_sources"": 1}",3,True,False,0,0.0013333333333333333,0.0018856180831641268,0.0,0.004,"[0.0, 0.004, 0.0]",0.0,0.004,0.0013333333333333333,0.7696666644016901,10010880
5474de1f354e,bdh,propagate,2500,4,mild,"{""dim"": 1, ""distance"": 6, ""length"": 12, ""n_sources"": 1}",3,True,False,0,0.0,0.0,0.0,0.0,"[0.0, 0.0, 0.0]",0.0,0.0,0.0,0.7973333202004432,10010880
5474de1f354e,bdh,propagate,2500,4,mild,"{""dim"": 1, ""distance"": 8, ""length"": 12, ""n_sources"": 1}",3,True,False,0,0.0,0.0,0.0,0.0,"[0.0, 0.0, 0.0]",0.0,0.0,0.0,0.8006666530867417,10010880
5474de1f354e,bdh,propagate,5000,4,mild,"{""dim"": 1, ""distance"": 6, ""length"": 12, ""n_sources"": 1}",3,True,False,0,0.0006666666666666666,0.0009428090415820634,0.0,0.002,"[0.002, 0.0, 0.0]",0.0,0.002,0.0006666666666666666,0.7860555473764738,10010880
5474de1f354e,bdh,propagate,5000,4,mild,"{""dim"": 1, ""distance"": 8, ""length"": 12, ""n_sources"": 1}",3,True,False,0,0.0006666666666666666,0.0009428090415820634,0.0,0.002,"[0.0, 0.002, 0.0]",0.0,0.002,0.0006666666666666666,0.7728333243926366,10010880
5474de1f354e,bdh,propagate,7500,4,mild,"{""dim"": 1, ""distance"": 6, ""length"": 12, ""n_sources"": 1}",3,True,False,0,0.22066666666666668,0.13780501522884508,0.026,0.326,"[0.026, 0.31, 0.326]",0.026,0.326,0.22066666666666668,0.8861666694482168,10010880
5474de1f354e,bdh,propagate,7500,4,mild,"{""dim"": 1, ""distance"": 8, ""length"": 12, ""n_sources"": 1}",3,True,False,0,0.19600000000000004,0.12250714264890844,0.024,0.3,"[0.024, 0.3, 0.264]",0.024000000000000004,0.3,0.19600000000000004,0.87172222473224,10010880
5474de1f354e,bdh,propagate,10000,4,mild,"{""dim"": 1, ""distance"": 6, ""length"": 12, ""n_sources"": 1}",3,True,False,0,0.24666666666666667,0.17554739784140605,0.032,0.462,"[0.462, 0.032, 0.246]",0.032,0.462,0.24666666666666667,0.904611115415891,10010880
5474de1f354e,bdh,propagate,10000,4,mild,"{""dim"": 1, ""distance"": 8, ""length"": 12, ""n_sources"": 1}",3,True,False,0,0.11533333333333334,0.06777085574853611,0.032,0.198,"[0.116, 0.032, 0.198]",0.032,0.19800000000000004,0.11533333333333334,0.8547777801752091,10010880
5474de1f354e,bdh,propagate,12500,4,mild,"{""dim"": 1, ""distance"": 6, ""length"": 12, ""n_sources"": 1}",3,True,False,0,0.10999999999999999,0.06707210050883054,0.018,0.176,"[0.176, 0.018, 0.136]",0.018,0.17600000000000002,0.10999999999999999,0.8636111142237981,10010880
5474de1f354e,bdh,propagate,12500,4,mild,"{""dim"": 1, ""distance"": 8, ""length"": 12, ""n_sources"": 1}",3,True,False,0,0.07133333333333333,0.06282957548444487,0.022,0.16,"[0.032, 0.022, 0.16]",0.022000000000000002,0.16,0.07133333333333333,0.8300555563767751,10010880
5474de1f354e,bdh,propagate,15000,4,mild,"{""dim"": 1, ""distance"": 6, ""length"": 12, ""n_sources"": 1}",3,True,False,0,0.10666666666666667,0.0715603863103665,0.006,0.166,"[0.166, 0.006, 0.148]",0.006000000000000001,0.166,0.10666666666666667,0.8505555564959844,10010880
5474de1f354e,bdh,propagate,15000,4,mild,"{""dim"": 1, ""distance"": 8, ""length"": 12, ""n_sources"": 1}",3,True,False,0,0.018,0.02405549140355829,0.0,0.052,"[0.0, 0.002, 0.052]",0.0,0.052,0.018,0.786611110150814,10010880
5474de1f354e,bdh,propagate,17500,4,mild,"{""dim"": 1, ""distance"": 6, ""length"": 12, ""n_sources"": 1}",3,True,False,0,0.07333333333333332,0.05638754787677467,0.016,0.15,"[0.15, 0.016, 0.054]",0.016,0.15,0.07333333333333332,0.8379999988476435,10010880
5474de1f354e,bdh,propagate,17500,4,mild,"{""dim"": 1, ""distance"": 8, ""length"": 12, ""n_sources"": 1}",3,True,False,0,0.014666666666666668,0.014267289706021799,0.0,0.034,"[0.0, 0.01, 0.034]",0.0,0.034,0.014666666666666668,0.7729999998410543,10010880
5474de1f354e,bdh,propagate,20000,4,mild,"{""dim"": 1, ""distance"": 6, ""length"": 12, ""n_sources"": 1}",3,True,False,0,0.04533333333333334,0.024997777679003567,0.01,0.064,"[0.064, 0.01, 0.062]",0.01,0.064,0.04533333333333334,0.823611108024915,10010880
5474de1f354e,bdh,propagate,20000,4,mild,"{""dim"": 1, ""distance"": 8, ""length"": 12, ""n_sources"": 1}",3,True,False,0,0.010666666666666666,0.009977753031397177,0.0,0.024,"[0.0, 0.008, 0.024]",0.0,0.024000000000000004,0.010666666666666666,0.776444443186124,10010880
5474de1f354e,bdh,propagate,22500,4,mild,"{""dim"": 1, ""distance"": 6, ""length"": 12, ""n_sources"": 1}",3,True,False,0,0.06066666666666667,0.06765270791985262,0.006,0.156,"[0.02, 0.006, 0.156]",0.006000000000000001,0.156,0.06066666666666667,0.8198333327770233,10010880
5474de1f354e,bdh,propagate,22500,4,mild,"{""dim"": 1, ""distance"": 8, ""length"": 12, ""n_sources"": 1}",3,True,False,0,0.007333333333333333,0.008993825042154695,0.0,0.02,"[0.0, 0.02, 0.002]",0.0,0.02,0.007333333333333333,0.7857222199440003,10010880
5474de1f354e,bdh,propagate,25000,4,mild,"{""dim"": 1, ""distance"": 6, ""length"": 12, ""n_sources"": 1}",3,True,False,0,0.058,0.038505410875183076,0.006,0.098,"[0.07, 0.006, 0.098]",0.006000000000000001,0.09800000000000002,0.058,0.8098333300352097,10010880
5474de1f354e,bdh,propagate,25000,4,mild,"{""dim"": 1, ""distance"": 8, ""length"": 12, ""n_sources"": 1}",3,True,False,0,0.002,0.001632993161855452,0.0,0.004,"[0.0, 0.002, 0.004]",0.0,0.004,0.002,0.7631111085812251,10010880
5474de1f354e,bdh,propagate,27500,4,mild,"{""dim"": 1, ""distance"": 6, ""length"": 12, ""n_sources"": 1}",3,True,False,0,0.032,0.020396078054371138,0.004,0.052,"[0.04, 0.004, 0.052]",0.004,0.052,0.032,0.8006111082633337,10010880
5474de1f354e,bdh,propagate,27500,4,mild,"{""dim"": 1, ""distance"": 8, ""length"": 12, ""n_sources"": 1}",3,True,False,0,0.002,0.001632993161855452,0.0,0.004,"[0.0, 0.004, 0.002]",0.0,0.004,0.002,0.7466666664481162,10010880
5474de1f354e,bdh,propagate,30000,4,mild,"{""dim"": 1, ""distance"": 6, ""length"": 12, ""n_sources"": 1}",3,True,False,0,0.03666666666666667,0.025837096500101468,0.002,0.064,"[0.044, 0.002, 0.064]",0.002,0.064,0.03666666666666667,0.7992222188711167,10010880
5474de1f354e,bdh,propagate,30000,4,mild,"{""dim"": 1, ""distance"": 8, ""length"": 12, ""n_sources"": 1}",3,True,False,0,0.0006666666666666666,0.0009428090415820634,0.0,0.002,"[0.0, 0.002, 0.0]",0.0,0.002,0.0006666666666666666,0.7569444426496824,10010880
5474de1f354e,bdh,propagate,32500,4,mild,"{""dim"": 1, ""distance"": 6, ""length"": 12, ""n_sources"": 1}",3,True,False,0,0.02666666666666667,0.020548046676563257,0.0,0.05,"[0.03, 0.0, 0.05]",0.0,0.05000000000000001,0.02666666666666667,0.7967777730623883,10010880
5474de1f354e,bdh,propagate,32500,4,mild,"{""dim"": 1, ""distance"": 8, ""length"": 12, ""n_sources"": 1}",3,True,False,0,0.0013333333333333333,0.0009428090415820634,0.0,0.002,"[0.0, 0.002, 0.002]",0.0,0.002,0.0013333333333333333,0.7624444427490235,10010880
5474de1f354e,bdh,propagate,35000,4,mild,"{""dim"": 1, ""distance"": 6, ""length"": 12, ""n_sources"": 1}",3,True,False,0,0.02666666666666667,0.020548046676563257,0.0,0.05,"[0.03, 0.0, 0.05]",0.0,0.05000000000000001,0.02666666666666667,0.7956666619380316,10010880
5474de1f354e,bdh,propagate,35000,4,mild,"{""dim"": 1, ""distance"": 8, ""length"": 12, ""n_sources"": 1}",3,True,False,0,0.002,0.001632993161855452,0.0,0.004,"[0.0, 0.004, 0.002]",0.0,0.004,0.002,0.7637777759631476,10010880
5474de1f354e,bdh,propagate,37500,4,mild,"{""dim"": 1, ""distance"": 6, ""length"": 12, ""n_sources"": 1}",3,True,False,0,0.03666666666666666,0.0294089933334837,0.0,0.072,"[0.038, 0.0, 0.072]",0.0,0.072,0.03666666666666666,0.797222218354543,10010880
5474de1f354e,bdh,propagate,37500,4,mild,"{""dim"": 1, ""distance"": 8, ""length"": 12, ""n_sources"": 1}",3,True,False,0,0.0013333333333333333,0.0018856180831641268,0.0,0.004,"[0.0, 0.004, 0.0]",0.0,0.004,0.0013333333333333333,0.7708333310683568,10010880
5474de1f354e,bdh,propagate,40000,4,mild,"{""dim"": 1, ""distance"": 6, ""length"": 12, ""n_sources"": 1}",3,True,False,0,0.03333333333333333,0.025525586292102196,0.0,0.062,"[0.038, 0.0, 0.062]",0.0,0.062,0.03333333333333333,0.79666666273276,10010880
5474de1f354e,bdh,propagate,40000,4,mild,"{""dim"": 1, ""distance"": 8, ""length"": 12, ""n_sources"": 1}",3,True,False,0,0.0013333333333333333,0.0018856180831641268,0.0,0.004,"[0.0, 0.004, 0.0]",0.0,0.004,0.0013333333333333333,0.7696666644016901,10010880
5474de1f354e,bdh,propagate,40000,8,mild,"{""dim"": 1, ""distance"": 6, ""length"": 12, ""n_sources"": 1}",3,True,False,0,0.03333333333333333,0.025525586292102196,0.0,0.062,"[0.038, 0.0, 0.062]",0.0,0.062,0.03333333333333333,0.79666666273276,10010880
5474de1f354e,bdh,propagate,40000,8,mild,"{""dim"": 1, ""distance"": 8, ""length"": 12, ""n_sources"": 1}",3,True,False,0,0.0013333333333333333,0.0018856180831641268,0.0,0.004,"[0.0, 0.004, 0.0]",0.0,0.004,0.0013333333333333333,0.7696666644016901,10010880
5474de1f354e,bdh,propagate,2500,16,mild,"{""dim"": 1, ""distance"": 6, ""length"": 12, ""n_sources"": 1}",3,True,False,0,0.0,0.0,0.0,0.0,"[0.0, 0.0, 0.0]",0.0,0.0,0.0,0.7973333202004432,10010880
5474de1f354e,bdh,propagate,2500,16,mild,"{""dim"": 1, ""distance"": 8, ""length"": 12, ""n_sources"": 1}",3,True,False,0,0.0,0.0,0.0,0.0,"[0.0, 0.0, 0.0]",0.0,0.0,0.0,0.8006666530867417,10010880
5474de1f354e,bdh,propagate,5000,16,mild,"{""dim"": 1, ""distance"": 6, ""length"": 12, ""n_sources"": 1}",3,True,False,0,0.0006666666666666666,0.0009428090415820634,0.0,0.002,"[0.002, 0.0, 0.0]",0.0,0.002,0.0006666666666666666,0.7860555473764738,10010880
5474de1f354e,bdh,propagate,5000,16,mild,"{""dim"": 1, ""distance"": 8, ""length"": 12, ""n_sources"": 1}",3,True,False,0,0.0006666666666666666,0.0009428090415820634,0.0,0.002,"[0.0, 0.002, 0.0]",0.0,0.002,0.0006666666666666666,0.7728333243926366,10010880
5474de1f354e,bdh,propagate,7500,16,mild,"{""dim"": 1, ""distance"": 6, ""length"": 12, ""n_sources"": 1}",3,True,False,0,0.22066666666666668,0.13780501522884508,0.026,0.326,"[0.026, 0.31, 0.326]",0.026,0.326,0.22066666666666668,0.8861666694482168,10010880
5474de1f354e,bdh,propagate,7500,16,mild,"{""dim"": 1, ""distance"": 8, ""length"": 12, ""n_sources"": 1}",3,True,False,0,0.19600000000000004,0.12250714264890844,0.024,0.3,"[0.024, 0.3, 0.264]",0.024000000000000004,0.3,0.19600000000000004,0.87172222473224,10010880
5474de1f354e,bdh,propagate,10000,16,mild,"{""dim"": 1, ""distance"": 6, ""length"": 12, ""n_sources"": 1}",3,True,False,0,0.24666666666666667,0.17554739784140605,0.032,0.462,"[0.462, 0.032, 0.246]",0.032,0.462,0.24666666666666667,0.904611115415891,10010880
5474de1f354e,bdh,propagate,10000,16,mild,"{""dim"": 1, ""distance"": 8, ""length"": 12, ""n_sources"": 1}",3,True,False,0,0.11533333333333334,0.06777085574853611,0.032,0.198,"[0.116, 0.032, 0.198]",0.032,0.19800000000000004,0.11533333333333334,0.8547777801752091,10010880
5474de1f354e,bdh,propagate,12500,16,mild,"{""dim"": 1, ""distance"": 6, ""length"": 12, ""n_sources"": 1}",3,True,False,0,0.10999999999999999,0.06707210050883054,0.018,0.176,"[0.176, 0.018, 0.136]",0.018,0.17600000000000002,0.10999999999999999,0.8636111142237981,10010880
5474de1f354e,bdh,propagate,12500,16,mild,"{""dim"": 1, ""distance"": 8, ""length"": 12, ""n_sources"": 1}",3,True,False,0,0.07133333333333333,0.06282957548444487,0.022,0.16,"[0.032, 0.022, 0.16]",0.022000000000000002,0.16,0.07133333333333333,0.8300555563767751,10010880
5474de1f354e,bdh,propagate,15000,16,mild,"{""dim"": 1, ""distance"": 6, ""length"": 12, ""n_sources"": 1}",3,True,False,0,0.10666666666666667,0.0715603863103665,0.006,0.166,"[0.166, 0.006, 0.148]",0.006000000000000001,0.166,0.10666666666666667,0.8505555564959844,10010880
5474de1f354e,bdh,propagate,15000,16,mild,"{""dim"": 1, ""distance"": 8, ""length"": 12, ""n_sources"": 1}",3,True,False,0,0.018,0.02405549140355829,0.0,0.052,"[0.0, 0.002, 0.052]",0.0,0.052,0.018,0.786611110150814,10010880
5474de1f354e,bdh,propagate,17500,16,mild,"{""dim"": 1, ""distance"": 6, ""length"": 12, ""n_sources"": 1}",3,True,False,0,0.07333333333333332,0.05638754787677467,0.016,0.15,"[0.15, 0.016, 0.054]",0.016,0.15,0.07333333333333332,0.8379999988476435,10010880
5474de1f354e,bdh,propagate,17500,16,mild,"{""dim"": 1, ""distance"": 8, ""length"": 12, ""n_sources"": 1}",3,True,False,0,0.014666666666666668,0.014267289706021799,0.0,0.034,"[0.0, 0.01, 0.034]",0.0,0.034,0.014666666666666668,0.7729999998410543,10010880
5474de1f354e,bdh,propagate,20000,16,mild,"{""dim"": 1, ""distance"": 6, ""length"": 12, ""n_sources"": 1}",3,True,False,0,0.04533333333333334,0.024997777679003567,0.01,0.064,"[0.064, 0.01, 0.062]",0.01,0.064,0.04533333333333334,0.823611108024915,10010880
5474de1f354e,bdh,propagate,20000,16,mild,"{""dim"": 1, ""distance"": 8, ""length"": 12, ""n_sources"": 1}",3,True,False,0,0.010666666666666666,0.009977753031397177,0.0,0.024,"[0.0, 0.008, 0.024]",0.0,0.024000000000000004,0.010666666666666666,0.776444443186124,10010880
5474de1f354e,bdh,propagate,22500,16,mild,"{""dim"": 1, ""distance"": 6, ""length"": 12, ""n_sources"": 1}",3,True,False,0,0.06066666666666667,0.06765270791985262,0.006,0.156,"[0.02, 0.006, 0.156]",0.006000000000000001,0.156,0.06066666666666667,0.8198333327770233,10010880
5474de1f354e,bdh,propagate,22500,16,mild,"{""dim"": 1, ""distance"": 8, ""length"": 12, ""n_sources"": 1}",3,True,False,0,0.007333333333333333,0.008993825042154695,0.0,0.02,"[0.0, 0.02, 0.002]",0.0,0.02,0.007333333333333333,0.7857222199440003,10010880
5474de1f354e,bdh,propagate,25000,16,mild,"{""dim"": 1, ""distance"": 6, ""length"": 12, ""n_sources"": 1}",3,True,False,0,0.058,0.038505410875183076,0.006,0.098,"[0.07, 0.006, 0.098]",0.006000000000000001,0.09800000000000002,0.058,0.8098333300352097,10010880
5474de1f354e,bdh,propagate,25000,16,mild,"{""dim"": 1, ""distance"": 8, ""length"": 12, ""n_sources"": 1}",3,True,False,0,0.002,0.001632993161855452,0.0,0.004,"[0.0, 0.002, 0.004]",0.0,0.004,0.002,0.7631111085812251,10010880
5474de1f354e,bdh,propagate,27500,16,mild,"{""dim"": 1, ""distance"": 6, ""length"": 12, ""n_sources"": 1}",3,True,False,0,0.032,0.020396078054371138,0.004,0.052,"[0.04, 0.004, 0.052]",0.004,0.052,0.032,0.8006111082633337,10010880
5474de1f354e,bdh,propagate,27500,16,mild,"{""dim"": 1, ""distance"": 8, ""length"": 12, ""n_sources"": 1}",3,True,False,0,0.002,0.001632993161855452,0.0,0.004,"[0.0, 0.004, 0.002]",0.0,0.004,0.002,0.7466666664481162,10010880
5474de1f354e,bdh,propagate,30000,16,mild,"{""dim"": 1, ""distance"": 6, ""length"": 12, ""n_sources"": 1}",3,True,False,0,0.03666666666666667,0.025837096500101468,0.002,0.064,"[0.044, 0.002, 0.064]",0.002,0.064,0.03666666666666667,0.7992222188711167,10010880
5474de1f354e,bdh,propagate,30000,16,mild,"{""dim"": 1, ""distance"": 8, ""length"": 12, ""n_sources"": 1}",3,True,False,0,0.0006666666666666666,0.0009428090415820634,0.0,0.002,"[0.0, 0.002, 0.0]",0.0,0.002,0.0006666666666666666,0.7569444426496824,10010880
5474de1f354e,bdh,propagate,32500,16,mild,"{""dim"": 1, ""distance"": 6, ""length"": 12, ""n_sources"": 1}",3,True,False,0,0.02666666666666667,0.020548046676563257,0.0,0.05,"[0.03, 0.0, 0.05]",0.0,0.05000000000000001,0.02666666666666667,0.7967777730623883,10010880
5474de1f354e,bdh,propagate,32500,16,mild,"{""dim"": 1, ""distance"": 8, ""length"": 12, ""n_sources"": 1}",3,True,False,0,0.0013333333333333333,0.0009428090415820634,0.0,0.002,"[0.0, 0.002, 0.002]",0.0,0.002,0.0013333333333333333,0.7624444427490235,10010880
5474de1f354e,bdh,propagate,35000,16,mild,"{""dim"": 1, ""distance"": 6, ""length"": 12, ""n_sources"": 1}",3,True,False,0,0.02666666666666667,0.020548046676563257,0.0,0.05,"[0.03, 0.0, 0.05]",0.0,0.05000000000000001,0.02666666666666667,0.7956666619380316,10010880
5474de1f354e,bdh,propagate,35000,16,mild,"{""dim"": 1, ""distance"": 8, ""length"": 12, ""n_sources"": 1}",3,True,False,0,0.002,0.001632993161855452,0.0,0.004,"[0.0, 0.004, 0.002]",0.0,0.004,0.002,0.7637777759631476,10010880
5474de1f354e,bdh,propagate,37500,16,mild,"{""dim"": 1, ""distance"": 6, ""length"": 12, ""n_sources"": 1}",3,True,False,0,0.03666666666666666,0.0294089933334837,0.0,0.072,"[0.038, 0.0, 0.072]",0.0,0.072,0.03666666666666666,0.797222218354543,10010880
5474de1f354e,bdh,propagate,37500,16,mild,"{""dim"": 1, ""distance"": 8, ""length"": 12, ""n_sources"": 1}",3,True,False,0,0.0013333333333333333,0.0018856180831641268,0.0,0.004,"[0.0, 0.004, 0.0]",0.0,0.004,0.0013333333333333333,0.7708333310683568,10010880
5474de1f354e,bdh,propagate,40000,16,mild,"{""dim"": 1, ""distance"": 6, ""length"": 12, ""n_sources"": 1}",3,True,False,0,0.03333333333333333,0.025525586292102196,0.0,0.062,"[0.038, 0.0, 0.062]",0.0,0.062,0.03333333333333333,0.79666666273276,10010880
5474de1f354e,bdh,propagate,40000,16,mild,"{""dim"": 1, ""distance"": 8, ""length"": 12, ""n_sources"": 1}",3,True,False,0,0.0013333333333333333,0.0018856180831641268,0.0,0.004,"[0.0, 0.004, 0.0]",0.0,0.004,0.0013333333333333333,0.7696666644016901,10010880
5474de1f354e,bdh,propagate,40000,32,mild,"{""dim"": 1, ""distance"": 6, ""length"": 12, ""n_sources"": 1}",3,True,False,0,0.03333333333333333,0.025525586292102196,0.0,0.062,"[0.038, 0.0, 0.062]",0.0,0.062,0.03333333333333333,0.79666666273276,10010880
5474de1f354e,bdh,propagate,40000,32,mild,"{""dim"": 1, ""distance"": 8, ""length"": 12, ""n_sources"": 1}",3,True,False,0,0.0013333333333333333,0.0018856180831641268,0.0,0.004,"[0.0, 0.004, 0.0]",0.0,0.004,0.0013333333333333333,0.7696666644016901,10010880
5474de1f354e,bdh,propagate,2500,1,strong,"{""dim"": 1, ""distance"": 12, ""length"": 48, ""n_sources"": 1}",3,True,False,0,0.0,0.0,0.0,0.0,"[0.0, 0.0, 0.0]",0.0,0.0,0.0,0.746930542508761,10010880
5474de1f354e,bdh,propagate,2500,1,strong,"{""dim"": 1, ""distance"": 24, ""length"": 48, ""n_sources"": 1}",3,True,False,0,0.0,0.0,0.0,0.0,"[0.0, 0.0, 0.0]",0.0,0.0,0.0,0.6397777784665425,10010880
5474de1f354e,bdh,propagate,5000,1,strong,"{""dim"": 1, ""distance"": 12, ""length"": 48, ""n_sources"": 1}",3,True,False,0,0.0,0.0,0.0,0.0,"[0.0, 0.0, 0.0]",0.0,0.0,0.0,0.7211805386543273,10010880
5474de1f354e,bdh,propagate,5000,1,strong,"{""dim"": 1, ""distance"": 24, ""length"": 48, ""n_sources"": 1}",3,True,False,0,0.0,0.0,0.0,0.0,"[0.0, 0.0, 0.0]",0.0,0.0,0.0,0.5673888921141624,10010880
5474de1f354e,bdh,propagate,7500,1,strong,"{""dim"": 1, ""distance"": 12, ""length"": 48, ""n_sources"": 1}",3,True,False,0,0.0,0.0,0.0,0.0,"[0.0, 0.0, 0.0]",0.0,0.0,0.0,0.7487360976139703,10010880
5474de1f354e,bdh,propagate,7500,1,strong,"{""dim"": 1, ""distance"": 24, ""length"": 48, ""n_sources"": 1}",3,True,False,0,0.0,0.0,0.0,0.0,"[0.0, 0.0, 0.0]",0.0,0.0,0.0,0.639111112833023,10010880
5474de1f354e,bdh,propagate,10000,1,strong,"{""dim"": 1, ""distance"": 12, ""length"": 48, ""n_sources"": 1}",3,True,False,0,0.0,0.0,0.0,0.0,"[0.0, 0.0, 0.0]",0.0,0.0,0.0,0.7332638736168543,10010880
5474de1f354e,bdh,propagate,10000,1,strong,"{""dim"": 1, ""distance"": 24, ""length"": 48, ""n_sources"": 1}",3,True,False,0,0.0,0.0,0.0,0.0,"[0.0, 0.0, 0.0]",0.0,0.0,0.0,0.5764444461067518,10010880
5474de1f354e,bdh,propagate,12500,1,strong,"{""dim"": 1, ""distance"": 12, ""length"": 48, ""n_sources"": 1}",3,True,False,0,0.0,0.0,0.0,0.0,"[0.0, 0.0, 0.0]",0.0,0.0,0.0,0.7525555447737377,10010880
5474de1f354e,bdh,propagate,12500,1,strong,"{""dim"": 1, ""distance"": 24, ""length"": 48, ""n_sources"": 1}",3,True,False,0,0.0,0.0,0.0,0.0,"[0.0, 0.0, 0.0]",0.0,0.0,0.0,0.6256805553833643,10010880
5474de1f354e,bdh,propagate,15000,1,strong,"{""dim"": 1, ""distance"": 12, ""length"": 48, ""n_sources"": 1}",3,True,False,0,0.0,0.0,0.0,0.0,"[0.0, 0.0, 0.0]",0.0,0.0,0.0,0.7536944350476066,10010880
5474de1f354e,bdh,propagate,15000,1,strong,"{""dim"": 1, ""distance"": 24, ""length"": 48, ""n_sources"": 1}",3,True,False,0,0.0,0.0,0.0,0.0,"[0.0, 0.0, 0.0]",0.0,0.0,0.0,0.6160833332873881,10010880
5474de1f354e,bdh,propagate,17500,1,strong,"{""dim"": 1, ""distance"": 12, ""length"": 48, ""n_sources"": 1}",3,True,False,0,0.0,0.0,0.0,0.0,"[0.0, 0.0, 0.0]",0.0,0.0,0.0,0.7492777698834737,10010880
5474de1f354e,bdh,propagate,17500,1,strong,"{""dim"": 1, ""distance"": 24, ""length"": 48, ""n_sources"": 1}",3,True,False,0,0.0,0.0,0.0,0.0,"[0.0, 0.0, 0.0]",0.0,0.0,0.0,0.5921388889948527,10010880
5474de1f354e,bdh,propagate,20000,1,strong,"{""dim"": 1, ""distance"": 12, ""length"": 48, ""n_sources"": 1}",3,True,False,0,0.0,0.0,0.0,0.0,"[0.0, 0.0, 0.0]",0.0,0.0,0.0,0.7774722176392874,10010880
5474de1f354e,bdh,propagate,20000,1,strong,"{""dim"": 1, ""distance"": 24, ""length"": 48, ""n_sources"": 1}",3,True,False,0,0.0,0.0,0.0,0.0,"[0.0, 0.0, 0.0]",0.0,0.0,0.0,0.6683472228050231,10010880
5474de1f354e,bdh,propagate,22500,1,strong,"{""dim"": 1, ""distance"": 12, ""length"": 48, ""n_sources"": 1}",3,True,False,0,0.0,0.0,0.0,0.0,"[0.0, 0.0, 0.0]",0.0,0.0,0.0,0.774013886054357,10010880
5474de1f354e,bdh,propagate,22500,1,strong,"{""dim"": 1, ""distance"": 24, ""length"": 48, ""n_sources"": 1}",3,True,False,0,0.0,0.0,0.0,0.0,"[0.0, 0.0, 0.0]",0.0,0.0,0.0,0.6553888882199924,10010880
5474de1f354e,bdh,propagate,25000,1,strong,"{""dim"": 1, ""distance"": 12, ""length"": 48, ""n_sources"": 1}",3,True,False,0,0.0,0.0,0.0,0.0,"[0.0, 0.0, 0.0]",0.0,0.0,0.0,0.7783888857364655,10010880
5474de1f354e,bdh,propagate,25000,1,strong,"{""dim"": 1, ""distance"": 24, ""length"": 48, ""n_sources"": 1}",3,True,False,0,0.0,0.0,0.0,0.0,"[0.0, 0.0, 0.0]",0.0,0.0,0.0,0.66631944445769,10010880
5474de1f354e,bdh,propagate,27500,1,strong,"{""dim"": 1, ""distance"": 12, ""length"": 48, ""n_sources"": 1}",3,True,False,0,0.0,0.0,0.0,0.0,"[0.0, 0.0, 0.0]",0.0,0.0,0.0,0.7665138842662177,10010880
5474de1f354e,bdh,propagate,27500,1,strong,"{""dim"": 1, ""distance"": 24, ""length"": 48, ""n_sources"": 1}",3,True,False,0,0.0,0.0,0.0,0.0,"[0.0, 0.0, 0.0]",0.0,0.0,0.0,0.6325416664083799,10010880
5474de1f354e,bdh,propagate,30000,1,strong,"{""dim"": 1, ""distance"": 12, ""length"": 48, ""n_sources"": 1}",3,True,False,0,0.0,0.0,0.0,0.0,"[0.0, 0.0, 0.0]",0.0,0.0,0.0,0.7744305516878764,10010880
5474de1f354e,bdh,propagate,30000,1,strong,"{""dim"": 1, ""distance"": 24, ""length"": 48, ""n_sources"": 1}",3,True,False,0,0.0,0.0,0.0,0.0,"[0.0, 0.0, 0.0]",0.0,0.0,0.0,0.6474999997615815,10010880
5474de1f354e,bdh,propagate,32500,1,strong,"{""dim"": 1, ""distance"": 12, ""length"": 48, ""n_sources"": 1}",3,True,False,0,0.0,0.0,0.0,0.0,"[0.0, 0.0, 0.0]",0.0,0.0,0.0,0.7664999961853027,10010880
5474de1f354e,bdh,propagate,32500,1,strong,"{""dim"": 1, ""distance"": 24, ""length"": 48, ""n_sources"": 1}",3,True,False,0,0.0,0.0,0.0,0.0,"[0.0, 0.0, 0.0]",0.0,0.0,0.0,0.6384166665474574,10010880
5474de1f354e,bdh,propagate,35000,1,strong,"{""dim"": 1, ""distance"": 12, ""length"": 48, ""n_sources"": 1}",3,True,False,0,0.0,0.0,0.0,0.0,"[0.0, 0.0, 0.0]",0.0,0.0,0.0,0.7662916625738144,10010880
5474de1f354e,bdh,propagate,35000,1,strong,"{""dim"": 1, ""distance"": 24, ""length"": 48, ""n_sources"": 1}",3,True,False,0,0.0,0.0,0.0,0.0,"[0.0, 0.0, 0.0]",0.0,0.0,0.0,0.637888889114062,10010880
5474de1f354e,bdh,propagate,37500,1,strong,"{""dim"": 1, ""distance"": 12, ""length"": 48, ""n_sources"": 1}",3,True,False,0,0.0,0.0,0.0,0.0,"[0.0, 0.0, 0.0]",0.0,0.0,0.0,0.7667222179969152,10010880
5474de1f354e,bdh,propagate,37500,1,strong,"{""dim"": 1, ""distance"": 24, ""length"": 48, ""n_sources"": 1}",3,True,False,0,0.0,0.0,0.0,0.0,"[0.0, 0.0, 0.0]",0.0,0.0,0.0,0.6384166670441628,10010880
5474de1f354e,bdh,propagate,40000,1,strong,"{""dim"": 1, ""distance"": 12, ""length"": 48, ""n_sources"": 1}",3,True,False,0,0.0,0.0,0.0,0.0,"[0.0, 0.0, 0.0]",0.0,0.0,0.0,0.7658333288033803,10010880
5474de1f354e,bdh,propagate,40000,1,strong,"{""dim"": 1, ""distance"": 24, ""length"": 48, ""n_sources"": 1}",3,True,False,0,0.0,0.0,0.0,0.0,"[0.0, 0.0, 0.0]",0.0,0.0,0.0,0.6361388892134031,10010880
5474de1f354e,bdh,propagate,40000,2,strong,"{""dim"": 1, ""distance"": 12, ""length"": 48, ""n_sources"": 1}",3,True,False,0,0.0,0.0,0.0,0.0,"[0.0, 0.0, 0.0]",0.0,0.0,0.0,0.7658333288033803,10010880
5474de1f354e,bdh,propagate,40000,2,strong,"{""dim"": 1, ""distance"": 24, ""length"": 48, ""n_sources"": 1}",3,True,False,0,0.0,0.0,0.0,0.0,"[0.0, 0.0, 0.0]",0.0,0.0,0.0,0.6361388892134031,10010880
5474de1f354e,bdh,propagate,2500,4,strong,"{""dim"": 1, ""distance"": 12, ""length"": 48, ""n_sources"": 1}",3,True,False,0,0.0,0.0,0.0,0.0,"[0.0, 0.0, 0.0]",0.0,0.0,0.0,0.746930542508761,10010880
5474de1f354e,bdh,propagate,2500,4,strong,"{""dim"": 1, ""distance"": 24, ""length"": 48, ""n_sources"": 1}",3,True,False,0,0.0,0.0,0.0,0.0,"[0.0, 0.0, 0.0]",0.0,0.0,0.0,0.6397777784665425,10010880
5474de1f354e,bdh,propagate,5000,4,strong,"{""dim"": 1, ""distance"": 12, ""length"": 48, ""n_sources"": 1}",3,True,False,0,0.0,0.0,0.0,0.0,"[0.0, 0.0, 0.0]",0.0,0.0,0.0,0.7211805386543273,10010880
5474de1f354e,bdh,propagate,5000,4,strong,"{""dim"": 1, ""distance"": 24, ""length"": 48, ""n_sources"": 1}",3,True,False,0,0.0,0.0,0.0,0.0,"[0.0, 0.0, 0.0]",0.0,0.0,0.0,0.5673888921141624,10010880
5474de1f354e,bdh,propagate,7500,4,strong,"{""dim"": 1, ""distance"": 12, ""length"": 48, ""n_sources"": 1}",3,True,False,0,0.0,0.0,0.0,0.0,"[0.0, 0.0, 0.0]",0.0,0.0,0.0,0.7487360976139703,10010880
5474de1f354e,bdh,propagate,7500,4,strong,"{""dim"": 1, ""distance"": 24, ""length"": 48, ""n_sources"": 1}",3,True,False,0,0.0,0.0,0.0,0.0,"[0.0, 0.0, 0.0]",0.0,0.0,0.0,0.639111112833023,10010880
5474de1f354e,bdh,propagate,10000,4,strong,"{""dim"": 1, ""distance"": 12, ""length"": 48, ""n_sources"": 1}",3,True,False,0,0.0,0.0,0.0,0.0,"[0.0, 0.0, 0.0]",0.0,0.0,0.0,0.7332638736168543,10010880
5474de1f354e,bdh,propagate,10000,4,strong,"{""dim"": 1, ""distance"": 24, ""length"": 48, ""n_sources"": 1}",3,True,False,0,0.0,0.0,0.0,0.0,"[0.0, 0.0, 0.0]",0.0,0.0,0.0,0.5764444461067518,10010880
5474de1f354e,bdh,propagate,12500,4,strong,"{""dim"": 1, ""distance"": 12, ""length"": 48, ""n_sources"": 1}",3,True,False,0,0.0,0.0,0.0,0.0,"[0.0, 0.0, 0.0]",0.0,0.0,0.0,0.7525555447737377,10010880
5474de1f354e,bdh,propagate,12500,4,strong,"{""dim"": 1, ""distance"": 24, ""length"": 48, ""n_sources"": 1}",3,True,False,0,0.0,0.0,0.0,0.0,"[0.0, 0.0, 0.0]",0.0,0.0,0.0,0.6256805553833643,10010880
5474de1f354e,bdh,propagate,15000,4,strong,"{""dim"": 1, ""distance"": 12, ""length"": 48, ""n_sources"": 1}",3,True,False,0,0.0,0.0,0.0,0.0,"[0.0, 0.0, 0.0]",0.0,0.0,0.0,0.7536944350476066,10010880
5474de1f354e,bdh,propagate,15000,4,strong,"{""dim"": 1, ""distance"": 24, ""length"": 48, ""n_sources"": 1}",3,True,False,0,0.0,0.0,0.0,0.0,"[0.0, 0.0, 0.0]",0.0,0.0,0.0,0.6160833332873881,10010880
5474de1f354e,bdh,propagate,17500,4,strong,"{""dim"": 1, ""distance"": 12, ""length"": 48, ""n_sources"": 1}",3,True,False,0,0.0,0.0,0.0,0.0,"[0.0, 0.0, 0.0]",0.0,0.0,0.0,0.7492777698834737,10010880
5474de1f354e,bdh,propagate,17500,4,strong,"{""dim"": 1, ""distance"": 24, ""length"": 48, ""n_sources"": 1}",3,True,False,0,0.0,0.0,0.0,0.0,"[0.0, 0.0, 0.0]",0.0,0.0,0.0,0.5921388889948527,10010880
5474de1f354e,bdh,propagate,20000,4,strong,"{""dim"": 1, ""distance"": 12, ""length"": 48, ""n_sources"": 1}",3,True,False,0,0.0,0.0,0.0,0.0,"[0.0, 0.0, 0.0]",0.0,0.0,0.0,0.7774722176392874,10010880
5474de1f354e,bdh,propagate,20000,4,strong,"{""dim"": 1, ""distance"": 24, ""length"": 48, ""n_sources"": 1}",3,True,False,0,0.0,0.0,0.0,0.0,"[0.0, 0.0, 0.0]",0.0,0.0,0.0,0.6683472228050231,10010880
5474de1f354e,bdh,propagate,22500,4,strong,"{""dim"": 1, ""distance"": 12, ""length"": 48, ""n_sources"": 1}",3,True,False,0,0.0,0.0,0.0,0.0,"[0.0, 0.0, 0.0]",0.0,0.0,0.0,0.774013886054357,10010880
5474de1f354e,bdh,propagate,22500,4,strong,"{""dim"": 1, ""distance"": 24, ""length"": 48, ""n_sources"": 1}",3,True,False,0,0.0,0.0,0.0,0.0,"[0.0, 0.0, 0.0]",0.0,0.0,0.0,0.6553888882199924,10010880
5474de1f354e,bdh,propagate,25000,4,strong,"{""dim"": 1, ""distance"": 12, ""length"": 48, ""n_sources"": 1}",3,True,False,0,0.0,0.0,0.0,0.0,"[0.0, 0.0, 0.0]",0.0,0.0,0.0,0.7783888857364655,10010880
5474de1f354e,bdh,propagate,25000,4,strong,"{""dim"": 1, ""distance"": 24, ""length"": 48, ""n_sources"": 1}",3,True,False,0,0.0,0.0,0.0,0.0,"[0.0, 0.0, 0.0]",0.0,0.0,0.0,0.66631944445769,10010880
5474de1f354e,bdh,propagate,27500,4,strong,"{""dim"": 1, ""distance"": 12, ""length"": 48, ""n_sources"": 1}",3,True,False,0,0.0,0.0,0.0,0.0,"[0.0, 0.0, 0.0]",0.0,0.0,0.0,0.7665138842662177,10010880
5474de1f354e,bdh,propagate,27500,4,strong,"{""dim"": 1, ""distance"": 24, ""length"": 48, ""n_sources"": 1}",3,True,False,0,0.0,0.0,0.0,0.0,"[0.0, 0.0, 0.0]",0.0,0.0,0.0,0.6325416664083799,10010880
5474de1f354e,bdh,propagate,30000,4,strong,"{""dim"": 1, ""distance"": 12, ""length"": 48, ""n_sources"": 1}",3,True,False,0,0.0,0.0,0.0,0.0,"[0.0, 0.0, 0.0]",0.0,0.0,0.0,0.7744305516878764,10010880
5474de1f354e,bdh,propagate,30000,4,strong,"{""dim"": 1, ""distance"": 24, ""length"": 48, ""n_sources"": 1}",3,True,False,0,0.0,0.0,0.0,0.0,"[0.0, 0.0, 0.0]",0.0,0.0,0.0,0.6474999997615815,10010880
5474de1f354e,bdh,propagate,32500,4,strong,"{""dim"": 1, ""distance"": 12, ""length"": 48, ""n_sources"": 1}",3,True,False,0,0.0,0.0,0.0,0.0,"[0.0, 0.0, 0.0]",0.0,0.0,0.0,0.7664999961853027,10010880
5474de1f354e,bdh,propagate,32500,4,strong,"{""dim"": 1, ""distance"": 24, ""length"": 48, ""n_sources"": 1}",3,True,False,0,0.0,0.0,0.0,0.0,"[0.0, 0.0, 0.0]",0.0,0.0,0.0,0.6384166665474574,10010880
5474de1f354e,bdh,propagate,35000,4,strong,"{""dim"": 1, ""distance"": 12, ""length"": 48, ""n_sources"": 1}",3,True,False,0,0.0,0.0,0.0,0.0,"[0.0, 0.0, 0.0]",0.0,0.0,0.0,0.7662916625738144,10010880
5474de1f354e,bdh,propagate,35000,4,strong,"{""dim"": 1, ""distance"": 24, ""length"": 48, ""n_sources"": 1}",3,True,False,0,0.0,0.0,0.0,0.0,"[0.0, 0.0, 0.0]",0.0,0.0,0.0,0.637888889114062,10010880
5474de1f354e,bdh,propagate,37500,4,strong,"{""dim"": 1, ""distance"": 12, ""length"": 48, ""n_sources"": 1}",3,True,False,0,0.0,0.0,0.0,0.0,"[0.0, 0.0, 0.0]",0.0,0.0,0.0,0.7667222179969152,10010880
5474de1f354e,bdh,propagate,37500,4,strong,"{""dim"": 1, ""distance"": 24, ""length"": 48, ""n_sources"": 1}",3,True,False,0,0.0,0.0,0.0,0.0,"[0.0, 0.0, 0.0]",0.0,0.0,0.0,0.6384166670441628,10010880
5474de1f354e,bdh,propagate,40000,4,strong,"{""dim"": 1, ""distance"": 12, ""length"": 48, ""n_sources"": 1}",3,True,False,0,0.0,0.0,0.0,0.0,"[0.0, 0.0, 0.0]",0.0,0.0,0.0,0.7658333288033803,10010880
5474de1f354e,bdh,propagate,40000,4,strong,"{""dim"": 1, ""distance"": 24, ""length"": 48, ""n_sources"": 1}",3,True,False,0,0.0,0.0,0.0,0.0,"[0.0, 0.0, 0.0]",0.0,0.0,0.0,0.6361388892134031,10010880
5474de1f354e,bdh,propagate,40000,8,strong,"{""dim"": 1, ""distance"": 12, ""length"": 48, ""n_sources"": 1}",3,True,False,0,0.0,0.0,0.0,0.0,"[0.0, 0.0, 0.0]",0.0,0.0,0.0,0.7658333288033803,10010880
5474de1f354e,bdh,propagate,40000,8,strong,"{""dim"": 1, ""distance"": 24, ""length"": 48, ""n_sources"": 1}",3,True,False,0,0.0,0.0,0.0,0.0,"[0.0, 0.0, 0.0]",0.0,0.0,0.0,0.6361388892134031,10010880
5474de1f354e,bdh,propagate,2500,16,strong,"{""dim"": 1, ""distance"": 12, ""length"": 48, ""n_sources"": 1}",3,True,False,0,0.0,0.0,0.0,0.0,"[0.0, 0.0, 0.0]",0.0,0.0,0.0,0.746930542508761,10010880
5474de1f354e,bdh,propagate,2500,16,strong,"{""dim"": 1, ""distance"": 24, ""length"": 48, ""n_sources"": 1}",3,True,False,0,0.0,0.0,0.0,0.0,"[0.0, 0.0, 0.0]",0.0,0.0,0.0,0.6397777784665425,10010880
5474de1f354e,bdh,propagate,5000,16,strong,"{""dim"": 1, ""distance"": 12, ""length"": 48, ""n_sources"": 1}",3,True,False,0,0.0,0.0,0.0,0.0,"[0.0, 0.0, 0.0]",0.0,0.0,0.0,0.7211805386543273,10010880
5474de1f354e,bdh,propagate,5000,16,strong,"{""dim"": 1, ""distance"": 24, ""length"": 48, ""n_sources"": 1}",3,True,False,0,0.0,0.0,0.0,0.0,"[0.0, 0.0, 0.0]",0.0,0.0,0.0,0.5673888921141624,10010880
5474de1f354e,bdh,propagate,7500,16,strong,"{""dim"": 1, ""distance"": 12, ""length"": 48, ""n_sources"": 1}",3,True,False,0,0.0,0.0,0.0,0.0,"[0.0, 0.0, 0.0]",0.0,0.0,0.0,0.7487360976139703,10010880
5474de1f354e,bdh,propagate,7500,16,strong,"{""dim"": 1, ""distance"": 24, ""length"": 48, ""n_sources"": 1}",3,True,False,0,0.0,0.0,0.0,0.0,"[0.0, 0.0, 0.0]",0.0,0.0,0.0,0.639111112833023,10010880
5474de1f354e,bdh,propagate,10000,16,strong,"{""dim"": 1, ""distance"": 12, ""length"": 48, ""n_sources"": 1}",3,True,False,0,0.0,0.0,0.0,0.0,"[0.0, 0.0, 0.0]",0.0,0.0,0.0,0.7332638736168543,10010880
5474de1f354e,bdh,propagate,10000,16,strong,"{""dim"": 1, ""distance"": 24, ""length"": 48, ""n_sources"": 1}",3,True,False,0,0.0,0.0,0.0,0.0,"[0.0, 0.0, 0.0]",0.0,0.0,0.0,0.5764444461067518,10010880
5474de1f354e,bdh,propagate,12500,16,strong,"{""dim"": 1, ""distance"": 12, ""length"": 48, ""n_sources"": 1}",3,True,False,0,0.0,0.0,0.0,0.0,"[0.0, 0.0, 0.0]",0.0,0.0,0.0,0.7525555447737377,10010880
5474de1f354e,bdh,propagate,12500,16,strong,"{""dim"": 1, ""distance"": 24, ""length"": 48, ""n_sources"": 1}",3,True,False,0,0.0,0.0,0.0,0.0,"[0.0, 0.0, 0.0]",0.0,0.0,0.0,0.6256805553833643,10010880
5474de1f354e,bdh,propagate,15000,16,strong,"{""dim"": 1, ""distance"": 12, ""length"": 48, ""n_sources"": 1}",3,True,False,0,0.0,0.0,0.0,0.0,"[0.0, 0.0, 0.0]",0.0,0.0,0.0,0.7536944350476066,10010880
5474de1f354e,bdh,propagate,15000,16,strong,"{""dim"": 1, ""distance"": 24, ""length"": 48, ""n_sources"": 1}",3,True,False,0,0.0,0.0,0.0,0.0,"[0.0, 0.0, 0.0]",0.0,0.0,0.0,0.6160833332873881,10010880
5474de1f354e,bdh,propagate,17500,16,strong,"{""dim"": 1, ""distance"": 12, ""length"": 48, ""n_sources"": 1}",3,True,False,0,0.0,0.0,0.0,0.0,"[0.0, 0.0, 0.0]",0.0,0.0,0.0,0.7492777698834737,10010880
5474de1f354e,bdh,propagate,17500,16,strong,"{""dim"": 1, ""distance"": 24, ""length"": 48, ""n_sources"": 1}",3,True,False,0,0.0,0.0,0.0,0.0,"[0.0, 0.0, 0.0]",0.0,0.0,0.0,0.5921388889948527,10010880
5474de1f354e,bdh,propagate,20000,16,strong,"{""dim"": 1, ""distance"": 12, ""length"": 48, ""n_sources"": 1}",3,True,False,0,0.0,0.0,0.0,0.0,"[0.0, 0.0, 0.0]",0.0,0.0,0.0,0.7774722176392874,10010880
5474de1f354e,bdh,propagate,20000,16,strong,"{""dim"": 1, ""distance"": 24, ""length"": 48, ""n_sources"": 1}",3,True,False,0,0.0,0.0,0.0,0.0,"[0.0, 0.0, 0.0]",0.0,0.0,0.0,0.6683472228050231,10010880
5474de1f354e,bdh,propagate,22500,16,strong,"{""dim"": 1, ""distance"": 12, ""length"": 48, ""n_sources"": 1}",3,True,False,0,0.0,0.0,0.0,0.0,"[0.0, 0.0, 0.0]",0.0,0.0,0.0,0.774013886054357,10010880
5474de1f354e,bdh,propagate,22500,16,strong,"{""dim"": 1, ""distance"": 24, ""length"": 48, ""n_sources"": 1}",3,True,False,0,0.0,0.0,0.0,0.0,"[0.0, 0.0, 0.0]",0.0,0.0,0.0,0.6553888882199924,10010880
5474de1f354e,bdh,propagate,25000,16,strong,"{""dim"": 1, ""distance"": 12, ""length"": 48, ""n_sources"": 1}",3,True,False,0,0.0,0.0,0.0,0.0,"[0.0, 0.0, 0.0]",0.0,0.0,0.0,0.7783888857364655,10010880
5474de1f354e,bdh,propagate,25000,16,strong,"{""dim"": 1, ""distance"": 24, ""length"": 48, ""n_sources"": 1}",3,True,False,0,0.0,0.0,0.0,0.0,"[0.0, 0.0, 0.0]",0.0,0.0,0.0,0.66631944445769,10010880
5474de1f354e,bdh,propagate,27500,16,strong,"{""dim"": 1, ""distance"": 12, ""length"": 48, ""n_sources"": 1}",3,True,False,0,0.0,0.0,0.0,0.0,"[0.0, 0.0, 0.0]",0.0,0.0,0.0,0.7665138842662177,10010880
5474de1f354e,bdh,propagate,27500,16,strong,"{""dim"": 1, ""distance"": 24, ""length"": 48, ""n_sources"": 1}",3,True,False,0,0.0,0.0,0.0,0.0,"[0.0, 0.0, 0.0]",0.0,0.0,0.0,0.6325416664083799,10010880
5474de1f354e,bdh,propagate,30000,16,strong,"{""dim"": 1, ""distance"": 12, ""length"": 48, ""n_sources"": 1}",3,True,False,0,0.0,0.0,0.0,0.0,"[0.0, 0.0, 0.0]",0.0,0.0,0.0,0.7744305516878764,10010880
5474de1f354e,bdh,propagate,30000,16,strong,"{""dim"": 1, ""distance"": 24, ""length"": 48, ""n_sources"": 1}",3,True,False,0,0.0,0.0,0.0,0.0,"[0.0, 0.0, 0.0]",0.0,0.0,0.0,0.6474999997615815,10010880
5474de1f354e,bdh,propagate,32500,16,strong,"{""dim"": 1, ""distance"": 12, ""length"": 48, ""n_sources"": 1}",3,True,False,0,0.0,0.0,0.0,0.0,"[0.0, 0.0, 0.0]",0.0,0.0,0.0,0.7664999961853027,10010880
5474de1f354e,bdh,propagate,32500,16,strong,"{""dim"": 1, ""distance"": 24, ""length"": 48, ""n_sources"": 1}",3,True,False,0,0.0,0.0,0.0,0.0,"[0.0, 0.0, 0.0]",0.0,0.0,0.0,0.6384166665474574,10010880
5474de1f354e,bdh,propagate,35000,16,strong,"{""dim"": 1, ""distance"": 12, ""length"": 48, ""n_sources"": 1}",3,True,False,0,0.0,0.0,0.0,0.0,"[0.0, 0.0, 0.0]",0.0,0.0,0.0,0.7662916625738144,10010880
5474de1f354e,bdh,propagate,35000,16,strong,"{""dim"": 1, ""distance"": 24, ""length"": 48, ""n_sources"": 1}",3,True,False,0,0.0,0.0,0.0,0.0,"[0.0, 0.0, 0.0]",0.0,0.0,0.0,0.637888889114062,10010880
5474de1f354e,bdh,propagate,37500,16,strong,"{""dim"": 1, ""distance"": 12, ""length"": 48, ""n_sources"": 1}",3,True,False,0,0.0,0.0,0.0,0.0,"[0.0, 0.0, 0.0]",0.0,0.0,0.0,0.7667222179969152,10010880
5474de1f354e,bdh,propagate,37500,16,strong,"{""dim"": 1, ""distance"": 24, ""length"": 48, ""n_sources"": 1}",3,True,False,0,0.0,0.0,0.0,0.0,"[0.0, 0.0, 0.0]",0.0,0.0,0.0,0.6384166670441628,10010880
5474de1f354e,bdh,propagate,40000,16,strong,"{""dim"": 1, ""distance"": 12, ""length"": 48, ""n_sources"": 1}",3,True,False,0,0.0,0.0,0.0,0.0,"[0.0, 0.0, 0.0]",0.0,0.0,0.0,0.7658333288033803,10010880
5474de1f354e,bdh,propagate,40000,16,strong,"{""dim"": 1, ""distance"": 24, ""length"": 48, ""n_sources"": 1}",3,True,False,0,0.0,0.0,0.0,0.0,"[0.0, 0.0, 0.0]",0.0,0.0,0.0,0.6361388892134031,10010880
5474de1f354e,bdh,propagate,40000,32,strong,"{""dim"": 1, ""distance"": 12, ""length"": 48, ""n_sources"": 1}",3,True,False,0,0.0,0.0,0.0,0.0,"[0.0, 0.0, 0.0]",0.0,0.0,0.0,0.7658333288033803,10010880
5474de1f354e,bdh,propagate,40000,32,strong,"{""dim"": 1, ""distance"": 24, ""length"": 48, ""n_sources"": 1}",3,True,False,0,0.0,0.0,0.0,0.0,"[0.0, 0.0, 0.0]",0.0,0.0,0.0,0.6361388892134031,10010880
f0b8b7c55f92,bdh_cq,propagate,2500,1,interp,"{""dim"": 1, ""distance"": 1, ""length"": 12, ""n_sources"": 1}",3,True,False,0,0.0,0.0,0.0,0.0,"[0.0, 0.0, 0.0]",0.0,0.0,0.0,0.7953260038308279,10010880
f0b8b7c55f92,bdh_cq,propagate,2500,1,interp,"{""dim"": 1, ""distance"": 2, ""length"": 12, ""n_sources"": 1}",3,True,False,0,0.0,0.0,0.0,0.0,"[0.0, 0.0, 0.0]",0.0,0.0,0.0,0.7904571138464056,10010880
f0b8b7c55f92,bdh_cq,propagate,2500,1,interp,"{""dim"": 1, ""distance"": 4, ""length"": 12, ""n_sources"": 1}",3,True,False,0,0.0,0.0,0.0,0.0,"[0.0, 0.0, 0.0]",0.0,0.0,0.0,0.7859526083872721,10010880
f0b8b7c55f92,bdh_cq,propagate,5000,1,interp,"{""dim"": 1, ""distance"": 1, ""length"": 12, ""n_sources"": 1}",3,True,False,0,0.0,0.0,0.0,0.0,"[0.0, 0.0, 0.0]",0.0,0.0,0.0,0.7960745048915555,10010880
f0b8b7c55f92,bdh_cq,propagate,5000,1,interp,"{""dim"": 1, ""distance"": 2, ""length"": 12, ""n_sources"": 1}",3,True,False,0,0.0,0.0,0.0,0.0,"[0.0, 0.0, 0.0]",0.0,0.0,0.0,0.7977143688662514,10010880
f0b8b7c55f92,bdh_cq,propagate,5000,1,interp,"{""dim"": 1, ""distance"": 4, ""length"": 12, ""n_sources"": 1}",3,True,False,0,0.0,0.0,0.0,0.0,"[0.0, 0.0, 0.0]",0.0,0.0,0.0,0.799883203403847,10010880
f0b8b7c55f92,bdh_cq,propagate,7500,1,interp,"{""dim"": 1, ""distance"": 1, ""length"": 12, ""n_sources"": 1}",3,True,False,0,0.016966067864271458,0.011291126246491779,0.008982035928143712,0.03293413173652695,"[0.03293413173652695, 0.008982035928143712, 0.008982035928143712]",0.008982035928143712,0.03293413173652695,0.016966067864271458,0.8171989274417569,10010880
f0b8b7c55f92,bdh_cq,propagate,7500,1,interp,"{""dim"": 1, ""distance"": 2, ""length"": 12, ""n_sources"": 1}",3,True,False,0,0.008008008008008008,0.0037454027895635045,0.003003003003003003,0.012012012012012012,"[0.009009009009009009, 0.012012012012012012, 0.003003003003003003]",0.003003003003003003,0.012012012012012012,0.008008008008008008,0.8190690608652265,10010880
f0b8b7c55f92,bdh_cq,propagate,7500,1,interp,"{""dim"": 1, ""distance"": 4, ""length"": 12, ""n_sources"": 1}",3,True,False,0,0.004004004004004004,0.0014156291915646596,0.003003003003003003,0.006006006006006006,"[0.006006006006006006, 0.003003003003003003, 0.003003003003003003]",0.003003003003003003,0.006006006006006006,0.004004004004004004,0.8046379632599003,10010880
f0b8b7c55f92,bdh_cq,propagate,10000,1,interp,"{""dim"": 1, ""distance"": 1, ""length"": 12, ""n_sources"": 1}",3,True,False,0,0.05788423153692615,0.0425060667446045,0.017964071856287425,0.11676646706586827,"[0.11676646706586827, 0.038922155688622756, 0.017964071856287425]",0.017964071856287425,0.11676646706586828,0.05788423153692615,0.855372586441849,10010880
f0b8b7c55f92,bdh_cq,propagate,10000,1,interp,"{""dim"": 1, ""distance"": 2, ""length"": 12, ""n_sources"": 1}",3,True,False,0,0.049049049049049054,0.042208545830446476,0.012012012012012012,0.10810810810810811,"[0.10810810810810811, 0.02702702702702703, 0.012012012012012012]",0.012012012012012012,0.10810810810810811,0.049049049049049054,0.855271934567987,10010880
f0b8b7c55f92,bdh_cq,propagate,10000,1,interp,"{""dim"": 1, ""distance"": 4, ""length"": 12, ""n_sources"": 1}",3,True,False,0,0.016016016016016012,0.01209514111470928,0.006006006006006006,0.03303303303303303,"[0.03303303303303303, 0.006006006006006006, 0.009009009009009009]",0.006006006006006006,0.03303303303303303,0.016016016016016012,0.8279946569923883,10010880
f0b8b7c55f92,bdh_cq,propagate,12500,1,interp,"{""dim"": 1, ""distance"": 1, ""length"": 12, ""n_sources"": 1}",3,True,False,0,0.12574850299401197,0.019403415264694197,0.10778443113772455,0.15269461077844312,"[0.15269461077844312, 0.10778443113772455, 0.11676646706586827]",0.10778443113772455,0.15269461077844312,0.12574850299401197,0.8764138420720301,10010880
f0b8b7c55f92,bdh_cq,propagate,12500,1,interp,"{""dim"": 1, ""distance"": 2, ""length"": 12, ""n_sources"": 1}",3,True,False,0,0.12612612612612614,0.014711650106805873,0.10810810810810811,0.14414414414414414,"[0.14414414414414414, 0.12612612612612611, 0.10810810810810811]",0.10810810810810811,0.14414414414414414,0.12612612612612614,0.883383386187606,10010880
f0b8b7c55f92,bdh_cq,propagate,12500,1,interp,"{""dim"": 1, ""distance"": 4, ""length"": 12, ""n_sources"": 1}",3,True,False,0,0.05205205205205205,0.009909404340952615,0.03903903903903904,0.06306306306306306,"[0.03903903903903904, 0.05405405405405406, 0.06306306306306306]",0.03903903903903904,0.06306306306306306,0.05205205205205205,0.8635301988821728,10010880
f0b8b7c55f92,bdh_cq,propagate,15000,1,interp,"{""dim"": 1, ""distance"": 1, ""length"": 12, ""n_sources"": 1}",3,True,False,0,0.5269461077844312,0.08742651681866578,0.41317365269461076,0.625748502994012,"[0.625748502994012, 0.5419161676646707, 0.41317365269461076]",0.41317365269461076,0.625748502994012,0.5269461077844312,0.9486027995864313,10010880
f0b8b7c55f92,bdh_cq,propagate,15000,1,interp,"{""dim"": 1, ""distance"": 2, ""length"": 12, ""n_sources"": 1}",3,True,False,0,0.5185185185185185,0.10938884711810333,0.4144144144144144,0.6696696696696697,"[0.6696696696696697, 0.47147147147147145, 0.4144144144144144]",0.4144144144144144,0.6696696696696697,0.5185185185185185,0.9490323707506105,10010880
f0b8b7c55f92,bdh_cq,propagate,15000,1,interp,"{""dim"": 1, ""distance"": 4, ""length"": 12, ""n_sources"": 1}",3,True,False,0,0.5045045045045045,0.19211397307202926,0.30930930930930933,0.7657657657657657,"[0.7657657657657657, 0.43843843843843844, 0.30930930930930933]",0.30930930930930933,0.7657657657657658,0.5045045045045045,0.9493660389243423,10010880
f0b8b7c55f92,bdh_cq,propagate,17500,1,interp,"{""dim"": 1, ""distance"": 1, ""length"": 12, ""n_sources"": 1}",3,True,False,0,0.9001996007984032,0.0162769525252496,0.8772455089820359,0.9131736526946108,"[0.9131736526946108, 0.9101796407185628, 0.8772455089820359]",0.8772455089820359,0.9131736526946108,0.9001996007984032,0.9908516316594715,10010880
f0b8b7c55f92,bdh_cq,propagate,17500,1,interp,"{""dim"": 1, ""distance"": 2, ""length"": 12, ""n_sources"": 1}",3,True,False,0,0.8998998998998999,0.02575511577631354,0.8678678678678678,0.9309309309309309,"[0.9009009009009009, 0.9309309309309309, 0.8678678678678678]",0.8678678678678678,0.9309309309309309,0.8998998998998999,0.9908241590818725,10010880
f0b8b7c55f92,bdh_cq,propagate,17500,1,interp,"{""dim"": 1, ""distance"": 4, ""length"": 12, ""n_sources"": 1}",3,True,False,0,0.9219219219219218,0.044609169079393794,0.8588588588588588,0.954954954954955,"[0.954954954954955, 0.9519519519519519, 0.8588588588588588]",0.8588588588588588,0.954954954954955,0.9219219219219218,0.9934100782549059,10010880
f0b8b7c55f92,bdh_cq,propagate,20000,1,interp,"{""dim"": 1, ""distance"": 1, ""length"": 12, ""n_sources"": 1}",3,True,False,0,0.9510978043912176,0.0074683780175128275,0.9431137724550899,0.9610778443113772,"[0.9431137724550899, 0.9610778443113772, 0.9491017964071856]",0.9431137724550899,0.9610778443113772,0.9510978043912176,0.9956753168872255,10010880
f0b8b7c55f92,bdh_cq,propagate,20000,1,interp,"{""dim"": 1, ""distance"": 2, ""length"": 12, ""n_sources"": 1}",3,True,False,0,0.96996996996997,0.008840601467795682,0.9579579579579579,0.978978978978979,"[0.972972972972973, 0.978978978978979, 0.9579579579579579]",0.9579579579579579,0.978978978978979,0.96996996996997,0.9974974980941406,10010880
f0b8b7c55f92,bdh_cq,propagate,20000,1,interp,"{""dim"": 1, ""distance"": 4, ""length"": 12, ""n_sources"": 1}",3,True,False,0,0.985985985985986,0.005104123637230002,0.978978978978979,0.990990990990991,"[0.987987987987988, 0.990990990990991, 0.978978978978979]",0.978978978978979,0.990990990990991,0.985985985985986,0.998748748987406,10010880
f0b8b7c55f92,bdh_cq,propagate,22500,1,interp,"{""dim"": 1, ""distance"": 1, ""length"": 12, ""n_sources"": 1}",3,True,False,0,0.9770459081836327,0.0014113907808114572,0.9760479041916168,0.9790419161676647,"[0.9760479041916168, 0.9790419161676647, 0.9760479041916168]",0.9760479041916167,0.9790419161676646,0.9770459081836327,0.9980871594713595,10010880
f0b8b7c55f92,bdh_cq,propagate,22500,1,interp,"{""dim"": 1, ""distance"": 2, ""length"": 12, ""n_sources"": 1}",3,True,False,0,0.98998998998999,0.005662516766258668,0.9819819819819819,0.993993993993994,"[0.993993993993994, 0.993993993993994, 0.9819819819819819]",0.9819819819819818,0.993993993993994,0.98998998998999,0.9991658326980469,10010880
f0b8b7c55f92,bdh_cq,propagate,22500,1,interp,"{""dim"": 1, ""distance"": 4, ""length"": 12, ""n_sources"": 1}",3,True,False,0,0.9929929929929929,0.0014156291915646802,0.990990990990991,0.993993993993994,"[0.990990990990991, 0.993993993993994, 0.993993993993994]",0.990990990990991,0.993993993993994,0.9929929929929929,0.9994160828886328,10010880
f0b8b7c55f92,bdh_cq,propagate,25000,1,interp,"{""dim"": 1, ""distance"": 1, ""length"": 12, ""n_sources"": 1}",3,True,False,0,0.9820359281437124,0.0024446005416997978,0.9790419161676647,0.9850299401197605,"[0.9850299401197605, 0.9790419161676647, 0.9820359281437125]",0.9790419161676646,0.9850299401197605,0.9820359281437124,0.9984198273298984,10010880
f0b8b7c55f92,bdh_cq,propagate,25000,1,interp,"{""dim"": 1, ""distance"": 2, ""length"": 12, ""n_sources"": 1}",3,True,False,0,0.984984984984985,0.002451941684467681,0.9819819819819819,0.987987987987988,"[0.987987987987988, 0.9819819819819819, 0.984984984984985]",0.9819819819819818,0.9879879879879881,0.984984984984985,0.9986653322572107,10010880
f0b8b7c55f92,bdh_cq,propagate,25000,1,interp,"{""dim"": 1, ""distance"": 4, ""length"": 12, ""n_sources"": 1}",3,True,False,0,0.993993993993994,0.004246887574693936,0.987987987987988,0.996996996996997,"[0.996996996996997, 0.987987987987988, 0.996996996996997]",0.9879879879879881,0.9969969969969968,0.993993993993994,0.9994994996188282,10010880
f0b8b7c55f92,bdh_cq,propagate,27500,1,interp,"{""dim"": 1, ""distance"": 1, ""length"": 12, ""n_sources"": 1}",3,True,False,0,0.9880239520958084,0.004234172342434371,0.9850299401197605,0.9940119760479041,"[0.9850299401197605, 0.9850299401197605, 0.9940119760479041]",0.9850299401197605,0.9940119760479041,0.9880239520958084,0.9990019962459268,10010880
f0b8b7c55f92,bdh_cq,propagate,27500,1,interp,"{""dim"": 1, ""distance"": 2, ""length"": 12, ""n_sources"": 1}",3,True,False,0,0.994994994994995,0.0037454027895635097,0.990990990990991,1.0,"[0.993993993993994, 1.0, 0.990990990990991]",0.990990990990991,1.0,0.994994994994995,0.9994994995591638,10010880
f0b8b7c55f92,bdh_cq,propagate,27500,1,interp,"{""dim"": 1, ""distance"": 4, ""length"": 12, ""n_sources"": 1}",3,True,False,0,0.998998998998999,0.0014156291915646802,0.996996996996997,1.0,"[1.0, 0.996996996996997, 1.0]",0.9969969969969968,1.0,0.998998998998999,0.9999165832698047,10010880
f0b8b7c55f92,bdh_cq,propagate,30000,1,interp,"{""dim"": 1, ""distance"": 1, ""length"": 12, ""n_sources"": 1}",3,True,False,0,0.9900199600798403,0.006152109783402197,0.9820359281437125,0.9970059880239521,"[0.9820359281437125, 0.9910179640718563, 0.9970059880239521]",0.9820359281437124,0.9970059880239521,0.9900199600798403,0.9990851631659471,10010880
f0b8b7c55f92,bdh_cq,propagate,30000,1,interp,"{""dim"": 1, ""distance"": 2, ""length"": 12, ""n_sources"": 1}",3,True,False,0,0.995995995995996,0.0014156291915646277,0.993993993993994,0.996996996996997,"[0.996996996996997, 0.996996996996997, 0.993993993993994]",0.993993993993994,0.9969969969969968,0.995995995995996,0.9995829162893591,10010880
f0b8b7c55f92,bdh_cq,propagate,30000,1,interp,"{""dim"": 1, ""distance"": 4, ""length"": 12, ""n_sources"": 1}",3,True,False,0,1.0,0.0,1.0,1.0,"[1.0, 1.0, 1.0]",1.0,1.0,1.0,1.0,10010880
f0b8b7c55f92,bdh_cq,propagate,32500,1,interp,"{""dim"": 1, ""distance"": 1, ""length"": 12, ""n_sources"": 1}",3,True,False,0,0.9940119760479043,0.0024446005416997978,0.9910179640718563,0.9970059880239521,"[0.9910179640718563, 0.9970059880239521, 0.9940119760479041]",0.9910179640718563,0.9970059880239521,0.9940119760479043,0.9994178310839715,10010880
f0b8b7c55f92,bdh_cq,propagate,32500,1,interp,"{""dim"": 1, ""distance"": 2, ""length"": 12, ""n_sources"": 1}",3,True,False,0,0.9969969969969971,0.004246887574693988,0.990990990990991,1.0,"[1.0, 1.0, 0.990990990990991]",0.990990990990991,1.0,0.9969969969969971,0.9997497498094141,10010880
f0b8b7c55f92,bdh_cq,propagate,32500,1,interp,"{""dim"": 1, ""distance"": 4, ""length"": 12, ""n_sources"": 1}",3,True,False,0,1.0,0.0,1.0,1.0,"[1.0, 1.0, 1.0]",1.0,1.0,1.0,1.0,10010880
f0b8b7c55f92,bdh_cq,propagate,35000,1,interp,"{""dim"": 1, ""distance"": 1, ""length"": 12, ""n_sources"": 1}",3,True,False,0,0.9980039920159681,0.0014113907808114572,0.9970059880239521,1.0,"[0.9970059880239521, 0.9970059880239521, 1.0]",0.9970059880239521,1.0,0.9980039920159681,0.9998336660409878,10010880
f0b8b7c55f92,bdh_cq,propagate,35000,1,interp,"{""dim"": 1, ""distance"": 2, ""length"": 12, ""n_sources"": 1}",3,True,False,0,0.9969969969969971,0.004246887574693988,0.990990990990991,1.0,"[1.0, 1.0, 0.990990990990991]",0.990990990990991,1.0,0.9969969969969971,0.9997497498094141,10010880
f0b8b7c55f92,bdh_cq,propagate,35000,1,interp,"{""dim"": 1, ""distance"": 4, ""length"": 12, ""n_sources"": 1}",3,True,False,0,1.0,0.0,1.0,1.0,"[1.0, 1.0, 1.0]",1.0,1.0,1.0,1.0,10010880
f0b8b7c55f92,bdh_cq,propagate,37500,1,interp,"{""dim"": 1, ""distance"": 1, ""length"": 12, ""n_sources"": 1}",3,True,False,0,0.9980039920159681,0.0014113907808114572,0.9970059880239521,1.0,"[0.9970059880239521, 0.9970059880239521, 1.0]",0.9970059880239521,1.0,0.9980039920159681,0.9998336660409878,10010880
f0b8b7c55f92,bdh_cq,propagate,37500,1,interp,"{""dim"": 1, ""distance"": 2, ""length"": 12, ""n_sources"": 1}",3,True,False,0,0.9969969969969971,0.004246887574693988,0.990990990990991,1.0,"[1.0, 1.0, 0.990990990990991]",0.990990990990991,1.0,0.9969969969969971,0.9997497498094141,10010880
f0b8b7c55f92,bdh_cq,propagate,37500,1,interp,"{""dim"": 1, ""distance"": 4, ""length"": 12, ""n_sources"": 1}",3,True,False,0,1.0,0.0,1.0,1.0,"[1.0, 1.0, 1.0]",1.0,1.0,1.0,1.0,10010880
f0b8b7c55f92,bdh_cq,propagate,40000,1,interp,"{""dim"": 1, ""distance"": 1, ""length"": 12, ""n_sources"": 1}",3,True,False,0,0.9980039920159681,0.0014113907808114572,0.9970059880239521,1.0,"[0.9970059880239521, 0.9970059880239521, 1.0]",0.9970059880239521,1.0,0.9980039920159681,0.9998336660409878,10010880
f0b8b7c55f92,bdh_cq,propagate,40000,1,interp,"{""dim"": 1, ""distance"": 2, ""length"": 12, ""n_sources"": 1}",3,True,False,0,0.9969969969969971,0.004246887574693988,0.990990990990991,1.0,"[1.0, 1.0, 0.990990990990991]",0.990990990990991,1.0,0.9969969969969971,0.9997497498094141,10010880
f0b8b7c55f92,bdh_cq,propagate,40000,1,interp,"{""dim"": 1, ""distance"": 4, ""length"": 12, ""n_sources"": 1}",3,True,False,0,1.0,0.0,1.0,1.0,"[1.0, 1.0, 1.0]",1.0,1.0,1.0,1.0,10010880
f0b8b7c55f92,bdh_cq,propagate,40000,2,interp,"{""dim"": 1, ""distance"": 1, ""length"": 12, ""n_sources"": 1}",3,True,False,0,0.999001996007984,0.0014113907808114572,0.9970059880239521,1.0,"[1.0, 0.9970059880239521, 1.0]",0.9970059880239521,1.0,0.999001996007984,0.9999168330204938,10010880
f0b8b7c55f92,bdh_cq,propagate,40000,2,interp,"{""dim"": 1, ""distance"": 2, ""length"": 12, ""n_sources"": 1}",3,True,False,0,0.9869869869869871,0.010208247274459988,0.972972972972973,0.996996996996997,"[0.996996996996997, 0.972972972972973, 0.990990990990991]",0.9729729729729731,0.9969969969969968,0.9869869869869871,0.998915582507461,10010880
f0b8b7c55f92,bdh_cq,propagate,40000,2,interp,"{""dim"": 1, ""distance"": 4, ""length"": 12, ""n_sources"": 1}",3,True,False,0,1.0,0.0,1.0,1.0,"[1.0, 1.0, 1.0]",1.0,1.0,1.0,1.0,10010880
f0b8b7c55f92,bdh_cq,propagate,2500,4,interp,"{""dim"": 1, ""distance"": 1, ""length"": 12, ""n_sources"": 1}",3,True,False,0,0.0,0.0,0.0,0.0,"[0.0, 0.0, 0.0]",0.0,0.0,0.0,0.7982368481135417,10010880
f0b8b7c55f92,bdh_cq,propagate,2500,4,interp,"{""dim"": 1, ""distance"": 2, ""length"": 12, ""n_sources"": 1}",3,True,False,0,0.0,0.0,0.0,0.0,"[0.0, 0.0, 0.0]",0.0,0.0,0.0,0.7895395296949285,10010880
f0b8b7c55f92,bdh_cq,propagate,2500,4,interp,"{""dim"": 1, ""distance"": 4, ""length"": 12, ""n_sources"": 1}",3,True,False,0,0.0,0.0,0.0,0.0,"[0.0, 0.0, 0.0]",0.0,0.0,0.0,0.7826159378071805,10010880
f0b8b7c55f92,bdh_cq,propagate,5000,4,interp,"{""dim"": 1, ""distance"": 1, ""length"": 12, ""n_sources"": 1}",3,True,False,0,0.0,0.0,0.0,0.0,"[0.0, 0.0, 0.0]",0.0,0.0,0.0,0.7971556757143633,10010880
f0b8b7c55f92,bdh_cq,propagate,5000,4,interp,"{""dim"": 1, ""distance"": 2, ""length"": 12, ""n_sources"": 1}",3,True,False,0,0.0,0.0,0.0,0.0,"[0.0, 0.0, 0.0]",0.0,0.0,0.0,0.7946279503860034,10010880
f0b8b7c55f92,bdh_cq,propagate,5000,4,interp,"{""dim"": 1, ""distance"": 4, ""length"": 12, ""n_sources"": 1}",3,True,False,0,0.0,0.0,0.0,0.0,"[0.0, 0.0, 0.0]",0.0,0.0,0.0,0.7913746951339959,10010880
f0b8b7c55f92,bdh_cq,propagate,7500,4,interp,"{""dim"": 1, ""distance"": 1, ""length"": 12, ""n_sources"": 1}",3,True,False,0,0.006986027944111777,0.0037341890087564285,0.0029940119760479044,0.011976047904191617,"[0.011976047904191617, 0.005988023952095809, 0.0029940119760479044]",0.002994011976047905,0.01197604790419162,0.006986027944111777,0.8056387136766535,10010880
f0b8b7c55f92,bdh_cq,propagate,7500,4,interp,"{""dim"": 1, ""distance"": 2, ""length"": 12, ""n_sources"": 1}",3,True,False,0,0.007007007007007006,0.002831258383129319,0.003003003003003003,0.009009009009009009,"[0.009009009009009009, 0.009009009009009009, 0.003003003003003003]",0.003003003003003003,0.009009009009009009,0.007007007007007006,0.8112278862579448,10010880
f0b8b7c55f92,bdh_cq,propagate,7500,4,interp,"{""dim"": 1, ""distance"": 4, ""length"": 12, ""n_sources"": 1}",3,True,False,0,0.003003003003003003,0.0024519416844676458,0.0,0.006006006006006006,"[0.0, 0.006006006006006006, 0.003003003003003003]",0.0,0.006006006006006006,0.003003003003003003,0.7865365298243017,10010880
f0b8b7c55f92,bdh_cq,propagate,10000,4,interp,"{""dim"": 1, ""distance"": 1, ""length"": 12, ""n_sources"": 1}",3,True,False,0,0.016966067864271458,0.003734189008756427,0.011976047904191617,0.020958083832335328,"[0.017964071856287425, 0.020958083832335328, 0.011976047904191617]",0.01197604790419162,0.020958083832335328,0.016966067864271458,0.8319194909341321,10010880
f0b8b7c55f92,bdh_cq,propagate,10000,4,interp,"{""dim"": 1, ""distance"": 2, ""length"": 12, ""n_sources"": 1}",3,True,False,0,0.011011011011011013,0.005104123637230015,0.006006006006006006,0.018018018018018018,"[0.009009009009009009, 0.018018018018018018, 0.006006006006006006]",0.006006006006006006,0.018018018018018018,0.011011011011011013,0.8312479075905798,10010880
f0b8b7c55f92,bdh_cq,propagate,10000,4,interp,"{""dim"": 1, ""distance"": 4, ""length"": 12, ""n_sources"": 1}",3,True,False,0,0.004004004004004004,0.005662516766258638,0.0,0.012012012012012012,"[0.012012012012012012, 0.0, 0.0]",0.0,0.012012012012012012,0.004004004004004004,0.8038872149852184,10010880
f0b8b7c55f92,bdh_cq,propagate,12500,4,interp,"{""dim"": 1, ""distance"": 1, ""length"": 12, ""n_sources"": 1}",3,True,False,0,0.10978043912175649,0.08330793115652378,0.04790419161676647,0.2275449101796407,"[0.2275449101796407, 0.05389221556886228, 0.04790419161676647]",0.04790419161676648,0.2275449101796407,0.10978043912175649,0.8716733212956411,10010880
f0b8b7c55f92,bdh_cq,propagate,12500,4,interp,"{""dim"": 1, ""distance"": 2, ""length"": 12, ""n_sources"": 1}",3,True,False,0,0.037037037037037035,0.003745402789563507,0.03303303303303303,0.042042042042042045,"[0.042042042042042045, 0.03303303303303303, 0.036036036036036036]",0.03303303303303303,0.042042042042042045,0.037037037037037035,0.8536870154413255,10010880
f0b8b7c55f92,bdh_cq,propagate,12500,4,interp,"{""dim"": 1, ""distance"": 4, ""length"": 12, ""n_sources"": 1}",3,True,False,0,0.016016016016016016,0.009909404340952619,0.003003003003003003,0.02702702702702703,"[0.003003003003003003, 0.02702702702702703, 0.018018018018018018]",0.003003003003003003,0.02702702702702703,0.016016016016016016,0.8325825760195086,10010880
f0b8b7c55f92,bdh_cq,propagate,15000,4,interp,"{""dim"": 1, ""distance"": 1, ""length"": 12, ""n_sources"": 1}",3,True,False,0,0.2904191616766467,0.11895939661278515,0.19461077844311378,0.45808383233532934,"[0.45808383233532934, 0.19461077844311378, 0.218562874251497]",0.19461077844311378,0.45808383233532934,0.2904191616766467,0.9189953479819194,10010880
f0b8b7c55f92,bdh_cq,propagate,15000,4,interp,"{""dim"": 1, ""distance"": 2, ""length"": 12, ""n_sources"": 1}",3,True,False,0,0.27127127127127126,0.14410938297351686,0.13813813813813813,0.47147147147147145,"[0.47147147147147145, 0.13813813813813813, 0.2042042042042042]",0.13813813813813813,0.47147147147147145,0.27127127127127126,0.9167500884683283,10010880
f0b8b7c55f92,bdh_cq,propagate,15000,4,interp,"{""dim"": 1, ""distance"": 4, ""length"": 12, ""n_sources"": 1}",3,True,False,0,0.13313313313313313,0.08074051984014327,0.06306306306306306,0.24624624624624625,"[0.24624624624624625, 0.06306306306306306, 0.09009009009009009]",0.06306306306306306,0.24624624624624625,0.13313313313313313,0.8917250602214305,10010880
f0b8b7c55f92,bdh_cq,propagate,17500,4,interp,"{""dim"": 1, ""distance"": 1, ""length"": 12, ""n_sources"": 1}",3,True,False,0,0.7844311377245509,0.12361559616116577,0.6377245508982036,0.9401197604790419,"[0.9401197604790419, 0.6377245508982036, 0.7754491017964071]",0.6377245508982036,0.940119760479042,0.7844311377245509,0.9812042620367633,10010880
f0b8b7c55f92,bdh_cq,propagate,17500,4,interp,"{""dim"": 1, ""distance"": 2, ""length"": 12, ""n_sources"": 1}",3,True,False,0,0.6696696696696697,0.1191401466959602,0.5765765765765766,0.8378378378378378,"[0.8378378378378378, 0.5945945945945946, 0.5765765765765766]",0.5765765765765766,0.8378378378378378,0.6696696696696697,0.9686353069406611,10010880
f0b8b7c55f92,bdh_cq,propagate,17500,4,interp,"{""dim"": 1, ""distance"": 4, ""length"": 12, ""n_sources"": 1}",3,True,False,0,0.6416416416416416,0.088621101016582,0.5645645645645646,0.7657657657657657,"[0.7657657657657657, 0.5945945945945946, 0.5645645645645646]",0.5645645645645646,0.7657657657657658,0.6416416416416416,0.9657991376963703,10010880
f0b8b7c55f92,bdh_cq,propagate,20000,4,interp,"{""dim"": 1, ""distance"": 1, ""length"": 12, ""n_sources"": 1}",3,True,False,0,0.9011976047904192,0.06140766492181703,0.8143712574850299,0.9461077844311377,"[0.9431137724550899, 0.9461077844311377, 0.8143712574850299]",0.8143712574850298,0.9461077844311377,0.9011976047904192,0.9912674667949447,10010880
f0b8b7c55f92,bdh_cq,propagate,20000,4,interp,"{""dim"": 1, ""distance"": 2, ""length"": 12, ""n_sources"": 1}",3,True,False,0,0.9359359359359359,0.014779602662896282,0.918918918918919,0.954954954954955,"[0.954954954954955, 0.918918918918919, 0.933933933933934]",0.918918918918919,0.954954954954955,0.9359359359359359,0.9946613292674998,10010880
f0b8b7c55f92,bdh_cq,propagate,20000,4,interp,"{""dim"": 1, ""distance"": 4, ""length"": 12, ""n_sources"": 1}",3,True,False,0,0.8428428428428427,0.09827158771791697,0.7057057057057057,0.9309309309309309,"[0.8918918918918919, 0.9309309309309309, 0.7057057057057057]",0.7057057057057058,0.9309309309309309,0.8428428428428427,0.9865699061998973,10010880
f0b8b7c55f92,bdh_cq,propagate,22500,4,interp,"{""dim"": 1, ""distance"": 1, ""length"": 12, ""n_sources"": 1}",3,True,False,0,0.9760479041916167,0.010655766718594145,0.9610778443113772,0.9850299401197605,"[0.9850299401197605, 0.9610778443113772, 0.9820359281437125]",0.9610778443113772,0.9850299401197605,0.9760479041916167,0.9979208254528616,10010880
f0b8b7c55f92,bdh_cq,propagate,22500,4,interp,"{""dim"": 1, ""distance"": 2, ""length"": 12, ""n_sources"": 1}",3,True,False,0,0.9779779779779779,0.0014156291915646802,0.975975975975976,0.978978978978979,"[0.978978978978979, 0.978978978978979, 0.975975975975976]",0.975975975975976,0.978978978978979,0.9779779779779779,0.9981648319357032,10010880
f0b8b7c55f92,bdh_cq,propagate,22500,4,interp,"{""dim"": 1, ""distance"": 4, ""length"": 12, ""n_sources"": 1}",3,True,False,0,0.971971971971972,0.006170584587556531,0.963963963963964,0.978978978978979,"[0.972972972972973, 0.978978978978979, 0.963963963963964]",0.963963963963964,0.978978978978979,0.971971971971972,0.9975809147646716,10010880
f0b8b7c55f92,bdh_cq,propagate,25000,4,interp,"{""dim"": 1, ""distance"": 1, ""length"": 12, ""n_sources"": 1}",3,True,False,0,0.9830339321357285,0.0028227815616229664,0.9790419161676647,0.9850299401197605,"[0.9850299401197605, 0.9850299401197605, 0.9790419161676647]",0.9790419161676646,0.9850299401197605,0.9830339321357285,0.9985861613483961,10010880
f0b8b7c55f92,bdh_cq,propagate,25000,4,interp,"{""dim"": 1, ""distance"": 2, ""length"": 12, ""n_sources"": 1}",3,True,False,0,0.9729729729729729,0.021793334391468733,0.9429429429429429,0.993993993993994,"[0.993993993993994, 0.9429429429429429, 0.9819819819819819]",0.9429429429429429,0.993993993993994,0.9729729729729729,0.9976643314948669,10010880
f0b8b7c55f92,bdh_cq,propagate,25000,4,interp,"{""dim"": 1, ""distance"": 4, ""length"": 12, ""n_sources"": 1}",3,True,False,0,0.978978978978979,0.002451941684467636,0.975975975975976,0.9819819819819819,"[0.9819819819819819, 0.978978978978979, 0.975975975975976]",0.975975975975976,0.9819819819819818,0.978978978978979,0.9982482486658985,10010880
f0b8b7c55f92,bdh_cq,propagate,27500,4,interp,"{""dim"": 1, ""distance"": 1, ""length"": 12, ""n_sources"": 1}",3,True,False,0,0.9880239520958084,0.008814132601125589,0.9760479041916168,0.9970059880239521,"[0.9910179640718563, 0.9760479041916168, 0.9970059880239521]",0.9760479041916167,0.9970059880239521,0.9880239520958084,0.9990019962459268,10010880
f0b8b7c55f92,bdh_cq,propagate,27500,4,interp,"{""dim"": 1, ""distance"": 2, ""length"": 12, ""n_sources"": 1}",3,True,False,0,0.985985985985986,0.006170584587556532,0.978978978978979,0.993993993993994,"[0.993993993993994, 0.984984984984985, 0.978978978978979]",0.978978978978979,0.993993993993994,0.985985985985986,0.998748748987406,10010880
f0b8b7c55f92,bdh_cq,propagate,27500,4,interp,"{""dim"": 1, ""distance"": 4, ""length"": 12, ""n_sources"": 1}",3,True,False,0,0.984984984984985,0.007355825053402953,0.975975975975976,0.993993993993994,"[0.984984984984985, 0.993993993993994, 0.975975975975976]",0.975975975975976,0.993993993993994,0.984984984984985,0.9987487490470702,10010880
f0b8b7c55f92,bdh_cq,propagate,30000,4,interp,"{""dim"": 1, ""distance"": 1, ""length"": 12, ""n_sources"": 1}",3,True,False,0,0.9950099800399202,0.0014113907808115094,0.9940119760479041,0.9970059880239521,"[0.9970059880239521, 0.9940119760479041, 0.9940119760479041]",0.9940119760479041,0.9970059880239521,0.9950099800399202,0.9995841651024695,10010880
f0b8b7c55f92,bdh_cq,propagate,30000,4,interp,"{""dim"": 1, ""distance"": 2, ""length"": 12, ""n_sources"": 1}",3,True,False,0,0.993993993993994,0.0,0.993993993993994,0.993993993993994,"[0.993993993993994, 0.993993993993994, 0.993993993993994]",0.993993993993994,0.993993993993994,0.993993993993994,0.9994994996188281,10010880
f0b8b7c55f92,bdh_cq,propagate,30000,4,interp,"{""dim"": 1, ""distance"": 4, ""length"": 12, ""n_sources"": 1}",3,True,False,0,0.9869869869869871,0.005104123637230038,0.9819819819819819,0.993993993993994,"[0.9819819819819819, 0.993993993993994, 0.984984984984985]",0.9819819819819818,0.993993993993994,0.9869869869869871,0.9989155825074608,10010880
f0b8b7c55f92,bdh_cq,propagate,32500,4,interp,"{""dim"": 1, ""distance"": 1, ""length"": 12, ""n_sources"": 1}",3,True,False,0,0.9970059880239521,0.004234172342434423,0.9910179640718563,1.0,"[1.0, 0.9910179640718563, 1.0]",0.9910179640718563,1.0,0.9970059880239521,0.9996673320224899,10010880
f0b8b7c55f92,bdh_cq,propagate,32500,4,interp,"{""dim"": 1, ""distance"": 2, ""length"": 12, ""n_sources"": 1}",3,True,False,0,0.9919919919919918,0.00374540278956347,0.987987987987988,0.996996996996997,"[0.987987987987988, 0.990990990990991, 0.996996996996997]",0.9879879879879881,0.9969969969969968,0.9919919919919918,0.9993326661584375,10010880
f0b8b7c55f92,bdh_cq,propagate,32500,4,interp,"{""dim"": 1, ""distance"": 4, ""length"": 12, ""n_sources"": 1}",3,True,False,0,0.9879879879879881,0.002451941684467636,0.984984984984985,0.990990990990991,"[0.984984984984985, 0.990990990990991, 0.987987987987988]",0.984984984984985,0.990990990990991,0.9879879879879881,0.9989989992376561,10010880
f0b8b7c55f92,bdh_cq,propagate,35000,4,interp,"{""dim"": 1, ""distance"": 1, ""length"": 12, ""n_sources"": 1}",3,True,False,0,0.9970059880239521,0.0024446005416997978,0.9940119760479041,1.0,"[1.0, 0.9940119760479041, 0.9970059880239521]",0.9940119760479041,1.0,0.9970059880239521,0.9996673320224899,10010880
f0b8b7c55f92,bdh_cq,propagate,35000,4,interp,"{""dim"": 1, ""distance"": 2, ""length"": 12, ""n_sources"": 1}",3,True,False,0,0.9979979979979979,0.0014156291915646802,0.996996996996997,1.0,"[1.0, 0.996996996996997, 0.996996996996997]",0.9969969969969968,1.0,0.9979979979979979,0.9998331665396094,10010880
f0b8b7c55f92,bdh_cq,propagate,35000,4,interp,"{""dim"": 1, ""distance"": 4, ""length"": 12, ""n_sources"": 1}",3,True,False,0,0.994994994994995,0.001415629191564628,0.993993993993994,0.996996996996997,"[0.996996996996997, 0.993993993993994, 0.993993993993994]",0.993993993993994,0.9969969969969968,0.994994994994995,0.9995829163490235,10010880
f0b8b7c55f92,bdh_cq,propagate,37500,4,interp,"{""dim"": 1, ""distance"": 1, ""length"": 12, ""n_sources"": 1}",3,True,False,0,0.9980039920159681,0.002822781561622967,0.9940119760479041,1.0,"[1.0, 0.9940119760479041, 1.0]",0.9940119760479041,1.0,0.9980039920159681,0.999750499001996,10010880
f0b8b7c55f92,bdh_cq,propagate,37500,4,interp,"{""dim"": 1, ""distance"": 2, ""length"": 12, ""n_sources"": 1}",3,True,False,0,0.9969969969969968,0.002451941684467636,0.993993993993994,1.0,"[1.0, 0.993993993993994, 0.996996996996997]",0.993993993993994,1.0,0.9969969969969968,0.9997497498094141,10010880
f0b8b7c55f92,bdh_cq,propagate,37500,4,interp,"{""dim"": 1, ""distance"": 4, ""length"": 12, ""n_sources"": 1}",3,True,False,0,0.995995995995996,0.001415629191564628,0.993993993993994,0.996996996996997,"[0.993993993993994, 0.996996996996997, 0.996996996996997]",0.993993993993994,0.9969969969969968,0.995995995995996,0.9996663330792188,10010880
f0b8b7c55f92,bdh_cq,propagate,40000,4,interp,"{""dim"": 1, ""distance"": 1, ""length"": 12, ""n_sources"": 1}",3,True,False,0,0.9970059880239521,0.0024446005416997978,0.9940119760479041,1.0,"[0.9970059880239521, 0.9940119760479041, 1.0]",0.9940119760479041,1.0,0.9970059880239521,0.9996673320224899,10010880
f0b8b7c55f92,bdh_cq,propagate,40000,4,interp,"{""dim"": 1, ""distance"": 2, ""length"": 12, ""n_sources"": 1}",3,True,False,0,0.998998998998999,0.0014156291915646802,0.996996996996997,1.0,"[1.0, 1.0, 0.996996996996997]",0.9969969969969968,1.0,0.998998998998999,0.9999165832698047,10010880
f0b8b7c55f92,bdh_cq,propagate,40000,4,interp,"{""dim"": 1, ""distance"": 4, ""length"": 12, ""n_sources"": 1}",3,True,False,0,0.995995995995996,0.001415629191564628,0.993993993993994,0.996996996996997,"[0.993993993993994, 0.996996996996997, 0.996996996996997]",0.993993993993994,0.9969969969969968,0.995995995995996,0.9996663330792188,10010880
f0b8b7c55f92,bdh_cq,propagate,40000,8,interp,"{""dim"": 1, ""distance"": 1, ""length"": 12, ""n_sources"": 1}",3,True,False,0,0.0,0.0,0.0,0.0,"[0.0, 0.0, 0.0]",0.0,0.0,0.0,0.7420991299276105,10010880
f0b8b7c55f92,bdh_cq,propagate,40000,8,interp,"{""dim"": 1, ""distance"": 2, ""length"": 12, ""n_sources"": 1}",3,True,False,0,0.0,0.0,0.0,0.0,"[0.0, 0.0, 0.0]",0.0,0.0,0.0,0.6940273572136094,10010880
f0b8b7c55f92,bdh_cq,propagate,40000,8,interp,"{""dim"": 1, ""distance"": 4, ""length"": 12, ""n_sources"": 1}",3,True,False,0,0.0,0.0,0.0,0.0,"[0.0, 0.0, 0.0]",0.0,0.0,0.0,0.5838338352657773,10010880
f0b8b7c55f92,bdh_cq,propagate,2500,16,interp,"{""dim"": 1, ""distance"": 1, ""length"": 12, ""n_sources"": 1}",3,True,False,0,0.0,0.0,0.0,0.0,"[0.0, 0.0, 0.0]",0.0,0.0,0.0,0.7958250057078645,10010880
f0b8b7c55f92,bdh_cq,propagate,2500,16,interp,"{""dim"": 1, ""distance"": 2, ""length"": 12, ""n_sources"": 1}",3,True,False,0,0.0,0.0,0.0,0.0,"[0.0, 0.0, 0.0]",0.0,0.0,0.0,0.7814481065079972,10010880
f0b8b7c55f92,bdh_cq,propagate,2500,16,interp,"{""dim"": 1, ""distance"": 4, ""length"": 12, ""n_sources"": 1}",3,True,False,0,0.0,0.0,0.0,0.0,"[0.0, 0.0, 0.0]",0.0,0.0,0.0,0.7640974196466478,10010880
f0b8b7c55f92,bdh_cq,propagate,5000,16,interp,"{""dim"": 1, ""distance"": 1, ""length"": 12, ""n_sources"": 1}",3,True,False,0,0.0,0.0,0.0,0.0,"[0.0, 0.0, 0.0]",0.0,0.0,0.0,0.7663838968365017,10010880
f0b8b7c55f92,bdh_cq,propagate,5000,16,interp,"{""dim"": 1, ""distance"": 2, ""length"": 12, ""n_sources"": 1}",3,True,False,0,0.0,0.0,0.0,0.0,"[0.0, 0.0, 0.0]",0.0,0.0,0.0,0.7548381710672999,10010880
f0b8b7c55f92,bdh_cq,propagate,5000,16,interp,"{""dim"": 1, ""distance"": 4, ""length"": 12, ""n_sources"": 1}",3,True,False,0,0.0,0.0,0.0,0.0,"[0.0, 0.0, 0.0]",0.0,0.0,0.0,0.7347347316321907,10010880
f0b8b7c55f92,bdh_cq,propagate,7500,16,interp,"{""dim"": 1, ""distance"": 1, ""length"": 12, ""n_sources"": 1}",3,True,False,0,0.0,0.0,0.0,0.0,"[0.0, 0.0, 0.0]",0.0,0.0,0.0,0.7831004591521151,10010880
f0b8b7c55f92,bdh_cq,propagate,7500,16,interp,"{""dim"": 1, ""distance"": 2, ""length"": 12, ""n_sources"": 1}",3,True,False,0,0.001001001001001001,0.0014156291915646596,0.0,0.003003003003003003,"[0.003003003003003003, 0.0, 0.0]",0.0,0.003003003003003003,0.001001001001001001,0.7742742699784441,10010880
f0b8b7c55f92,bdh_cq,propagate,7500,16,interp,"{""dim"": 1, ""distance"": 4, ""length"": 12, ""n_sources"": 1}",3,True,False,0,0.0,0.0,0.0,0.0,"[0.0, 0.0, 0.0]",0.0,0.0,0.0,0.7545879145522972,10010880
f0b8b7c55f92,bdh_cq,propagate,10000,16,interp,"{""dim"": 1, ""distance"": 1, ""length"": 12, ""n_sources"": 1}",3,True,False,0,0.0009980039920159682,0.0014113907808114721,0.0,0.0029940119760479044,"[0.0029940119760479044, 0.0, 0.0]",0.0,0.002994011976047905,0.0009980039920159682,0.7791916114424993,10010880
f0b8b7c55f92,bdh_cq,propagate,10000,16,interp,"{""dim"": 1, ""distance"": 2, ""length"": 12, ""n_sources"": 1}",3,True,False,0,0.0,0.0,0.0,0.0,"[0.0, 0.0, 0.0]",0.0,0.0,0.0,0.7771938561617553,10010880
f0b8b7c55f92,bdh_cq,propagate,10000,16,interp,"{""dim"": 1, ""distance"": 4, ""length"": 12, ""n_sources"": 1}",3,True,False,0,0.0,0.0,0.0,0.0,"[0.0, 0.0, 0.0]",0.0,0.0,0.0,0.7631798408351265,10010880
f0b8b7c55f92,bdh_cq,propagate,12500,16,interp,"{""dim"": 1, ""distance"": 1, ""length"": 12, ""n_sources"": 1}",3,True,False,0,0.0,0.0,0.0,0.0,"[0.0, 0.0, 0.0]",0.0,0.0,0.0,0.773037255018533,10010880
f0b8b7c55f92,bdh_cq,propagate,12500,16,interp,"{""dim"": 1, ""distance"": 2, ""length"": 12, ""n_sources"": 1}",3,True,False,0,0.0,0.0,0.0,0.0,"[0.0, 0.0, 0.0]",0.0,0.0,0.0,0.7635135108882839,10010880
f0b8b7c55f92,bdh_cq,propagate,12500,16,interp,"{""dim"": 1, ""distance"": 4, ""length"": 12, ""n_sources"": 1}",3,True,False,0,0.0,0.0,0.0,0.0,"[0.0, 0.0, 0.0]",0.0,0.0,0.0,0.7349015643766096,10010880
f0b8b7c55f92,bdh_cq,propagate,15000,16,interp,"{""dim"": 1, ""distance"": 1, ""length"": 12, ""n_sources"": 1}",3,True,False,0,0.0,0.0,0.0,0.0,"[0.0, 0.0, 0.0]",0.0,0.0,0.0,0.7464238166318324,10010880
f0b8b7c55f92,bdh_cq,propagate,15000,16,interp,"{""dim"": 1, ""distance"": 2, ""length"": 12, ""n_sources"": 1}",3,True,False,0,0.0,0.0,0.0,0.0,"[0.0, 0.0, 0.0]",0.0,0.0,0.0,0.7284784785530588,10010880
f0b8b7c55f92,bdh_cq,propagate,15000,16,interp,"{""dim"": 1, ""distance"": 4, ""length"": 12, ""n_sources"": 1}",3,True,False,0,0.0,0.0,0.0,0.0,"[0.0, 0.0, 0.0]",0.0,0.0,0.0,0.668168165453442,10010880
f0b8b7c55f92,bdh_cq,propagate,17500,16,interp,"{""dim"": 1, ""distance"": 1, ""length"": 12, ""n_sources"": 1}",3,True,False,0,0.0,0.0,0.0,0.0,"[0.0, 0.0, 0.0]",0.0,0.0,0.0,0.7712907476458483,10010880
f0b8b7c55f92,bdh_cq,propagate,17500,16,interp,"{""dim"": 1, ""distance"": 2, ""length"": 12, ""n_sources"": 1}",3,True,False,0,0.0,0.0,0.0,0.0,"[0.0, 0.0, 0.0]",0.0,0.0,0.0,0.7506673333045836,10010880
f0b8b7c55f92,bdh_cq,propagate,17500,16,interp,"{""dim"": 1, ""distance"": 4, ""length"": 12, ""n_sources"": 1}",3,True,False,0,0.0,0.0,0.0,0.0,"[0.0, 0.0, 0.0]",0.0,0.0,0.0,0.6826826786255097,10010880
f0b8b7c55f92,bdh_cq,propagate,20000,16,interp,"{""dim"": 1, ""distance"": 1, ""length"": 12, ""n_sources"": 1}",3,True,False,0,0.0,0.0,0.0,0.0,"[0.0, 0.0, 0.0]",0.0,0.0,0.0,0.7345309303311293,10010880
f0b8b7c55f92,bdh_cq,propagate,20000,16,interp,"{""dim"": 1, ""distance"": 2, ""length"": 12, ""n_sources"": 1}",3,True,False,0,0.0,0.0,0.0,0.0,"[0.0, 0.0, 0.0]",0.0,0.0,0.0,0.7243910538362669,10010880
f0b8b7c55f92,bdh_cq,propagate,20000,16,interp,"{""dim"": 1, ""distance"": 4, ""length"": 12, ""n_sources"": 1}",3,True,False,0,0.0,0.0,0.0,0.0,"[0.0, 0.0, 0.0]",0.0,0.0,0.0,0.679929924321485,10010880
f0b8b7c55f92,bdh_cq,propagate,22500,16,interp,"{""dim"": 1, ""distance"": 1, ""length"": 12, ""n_sources"": 1}",3,True,False,0,0.0,0.0,0.0,0.0,"[0.0, 0.0, 0.0]",0.0,0.0,0.0,0.728376575186105,10010880
f0b8b7c55f92,bdh_cq,propagate,22500,16,interp,"{""dim"": 1, ""distance"": 2, ""length"": 12, ""n_sources"": 1}",3,True,False,0,0.0,0.0,0.0,0.0,"[0.0, 0.0, 0.0]",0.0,0.0,0.0,0.7303136431419098,10010880
f0b8b7c55f92,bdh_cq,propagate,22500,16,interp,"{""dim"": 1, ""distance"": 4, ""length"": 12, ""n_sources"": 1}",3,True,False,0,0.0,0.0,0.0,0.0,"[0.0, 0.0, 0.0]",0.0,0.0,0.0,0.7039539464064188,10010880
f0b8b7c55f92,bdh_cq,propagate,25000,16,interp,"{""dim"": 1, ""distance"": 1, ""length"": 12, ""n_sources"": 1}",3,True,False,0,0.0,0.0,0.0,0.0,"[0.0, 0.0, 0.0]",0.0,0.0,0.0,0.7380239463554409,10010880
f0b8b7c55f92,bdh_cq,propagate,25000,16,interp,"{""dim"": 1, ""distance"": 2, ""length"": 12, ""n_sources"": 1}",3,True,False,0,0.0,0.0,0.0,0.0,"[0.0, 0.0, 0.0]",0.0,0.0,0.0,0.7463296565625285,10010880
f0b8b7c55f92,bdh_cq,propagate,25000,16,interp,"{""dim"": 1, ""distance"": 4, ""length"": 12, ""n_sources"": 1}",3,True,False,0,0.0,0.0,0.0,0.0,"[0.0, 0.0, 0.0]",0.0,0.0,0.0,0.71871871278212,10010880
f0b8b7c55f92,bdh_cq,propagate,27500,16,interp,"{""dim"": 1, ""distance"": 1, ""length"": 12, ""n_sources"": 1}",3,True,False,0,0.0,0.0,0.0,0.0,"[0.0, 0.0, 0.0]",0.0,0.0,0.0,0.7457584755684801,10010880
f0b8b7c55f92,bdh_cq,propagate,27500,16,interp,"{""dim"": 1, ""distance"": 2, ""length"": 12, ""n_sources"": 1}",3,True,False,0,0.0,0.0,0.0,0.0,"[0.0, 0.0, 0.0]",0.0,0.0,0.0,0.7545044971956266,10010880
f0b8b7c55f92,bdh_cq,propagate,27500,16,interp,"{""dim"": 1, ""distance"": 4, ""length"": 12, ""n_sources"": 1}",3,True,False,0,0.0,0.0,0.0,0.0,"[0.0, 0.0, 0.0]",0.0,0.0,0.0,0.7239739684550255,10010880
f0b8b7c55f92,bdh_cq,propagate,30000,16,interp,"{""dim"": 1, ""distance"": 1, ""length"": 12, ""n_sources"": 1}",3,True,False,0,0.0,0.0,0.0,0.0,"[0.0, 0.0, 0.0]",0.0,0.0,0.0,0.7399367864974243,10010880
f0b8b7c55f92,bdh_cq,propagate,30000,16,interp,"{""dim"": 1, ""distance"": 2, ""length"": 12, ""n_sources"": 1}",3,True,False,0,0.0,0.0,0.0,0.0,"[0.0, 0.0, 0.0]",0.0,0.0,0.0,0.7496663264266482,10010880
f0b8b7c55f92,bdh_cq,propagate,30000,16,interp,"{""dim"": 1, ""distance"": 4, ""length"": 12, ""n_sources"": 1}",3,True,False,0,0.0,0.0,0.0,0.0,"[0.0, 0.0, 0.0]",0.0,0.0,0.0,0.7333166435495153,10010880
f0b8b7c55f92,bdh_cq,propagate,32500,16,interp,"{""dim"": 1, ""distance"": 1, ""length"": 12, ""n_sources"": 1}",3,True,False,0,0.0,0.0,0.0,0.0,"[0.0, 0.0, 0.0]",0.0,0.0,0.0,0.741932794927599,10010880
f0b8b7c55f92,bdh_cq,propagate,32500,16,interp,"{""dim"": 1, ""distance"": 2, ""length"": 12, ""n_sources"": 1}",3,True,False,0,0.0,0.0,0.0,0.0,"[0.0, 0.0, 0.0]",0.0,0.0,0.0,0.7554220811979429,10010880
f0b8b7c55f92,bdh_cq,propagate,32500,16,interp,"{""dim"": 1, ""distance"": 4, ""length"": 12, ""n_sources"": 1}",3,True,False,0,0.0,0.0,0.0,0.0,"[0.0, 0.0, 0.0]",0.0,0.0,0.0,0.753002994709664,10010880
f0b8b7c55f92,bdh_cq,propagate,35000,16,interp,"{""dim"": 1, ""distance"": 1, ""length"": 12, ""n_sources"": 1}",3,True,False,0,0.0,0.0,0.0,0.0,"[0.0, 0.0, 0.0]",0.0,0.0,0.0,0.7470891491143764,10010880
f0b8b7c55f92,bdh_cq,propagate,35000,16,interp,"{""dim"": 1, ""distance"": 2, ""length"": 12, ""n_sources"": 1}",3,True,False,0,0.0,0.0,0.0,0.0,"[0.0, 0.0, 0.0]",0.0,0.0,0.0,0.7567567495970396,10010880
f0b8b7c55f92,bdh_cq,propagate,35000,16,interp,"{""dim"": 1, ""distance"": 4, ""length"": 12, ""n_sources"": 1}",3,True,False,0,0.0,0.0,0.0,0.0,"[0.0, 0.0, 0.0]",0.0,0.0,0.0,0.7350683953310991,10010880
f0b8b7c55f92,bdh_cq,propagate,37500,16,interp,"{""dim"": 1, ""distance"": 1, ""length"": 12, ""n_sources"": 1}",3,True,False,0,0.0,0.0,0.0,0.0,"[0.0, 0.0, 0.0]",0.0,0.0,0.0,0.7436793015864556,10010880
f0b8b7c55f92,bdh_cq,propagate,37500,16,interp,"{""dim"": 1, ""distance"": 2, ""length"": 12, ""n_sources"": 1}",3,True,False,0,0.0,0.0,0.0,0.0,"[0.0, 0.0, 0.0]",0.0,0.0,0.0,0.7526693286241831,10010880
f0b8b7c55f92,bdh_cq,propagate,37500,16,interp,"{""dim"": 1, ""distance"": 4, ""length"": 12, ""n_sources"": 1}",3,True,False,0,0.0,0.0,0.0,0.0,"[0.0, 0.0, 0.0]",0.0,0.0,0.0,0.7374874806857562,10010880
f0b8b7c55f92,bdh_cq,propagate,40000,16,interp,"{""dim"": 1, ""distance"": 1, ""length"": 12, ""n_sources"": 1}",3,True,False,0,0.0,0.0,0.0,0.0,"[0.0, 0.0, 0.0]",0.0,0.0,0.0,0.7458416432023286,10010880
f0b8b7c55f92,bdh_cq,propagate,40000,16,interp,"{""dim"": 1, ""distance"": 2, ""length"": 12, ""n_sources"": 1}",3,True,False,0,0.0,0.0,0.0,0.0,"[0.0, 0.0, 0.0]",0.0,0.0,0.0,0.7552552482446989,10010880
f0b8b7c55f92,bdh_cq,propagate,40000,16,interp,"{""dim"": 1, ""distance"": 4, ""length"": 12, ""n_sources"": 1}",3,True,False,0,0.0,0.0,0.0,0.0,"[0.0, 0.0, 0.0]",0.0,0.0,0.0,0.7386553153858051,10010880
f0b8b7c55f92,bdh_cq,propagate,40000,32,interp,"{""dim"": 1, ""distance"": 1, ""length"": 12, ""n_sources"": 1}",3,True,False,0,0.0,0.0,0.0,0.0,"[0.0, 0.0, 0.0]",0.0,0.0,0.0,0.7470891561931717,10010880
f0b8b7c55f92,bdh_cq,propagate,40000,32,interp,"{""dim"": 1, ""distance"": 2, ""length"": 12, ""n_sources"": 1}",3,True,False,0,0.0,0.0,0.0,0.0,"[0.0, 0.0, 0.0]",0.0,0.0,0.0,0.6839339447331739,10010880
f0b8b7c55f92,bdh_cq,propagate,40000,32,interp,"{""dim"": 1, ""distance"": 4, ""length"": 12, ""n_sources"": 1}",3,True,False,0,0.0,0.0,0.0,0.0,"[0.0, 0.0, 0.0]",0.0,0.0,0.0,0.5600600575839912,10010880
f0b8b7c55f92,bdh_cq,propagate,2500,1,mild,"{""dim"": 1, ""distance"": 6, ""length"": 12, ""n_sources"": 1}",3,True,False,0,0.0,0.0,0.0,0.0,"[0.0, 0.0, 0.0]",0.0,0.0,0.0,0.7853333224256834,10010880
f0b8b7c55f92,bdh_cq,propagate,2500,1,mild,"{""dim"": 1, ""distance"": 8, ""length"": 12, ""n_sources"": 1}",3,True,False,0,0.0,0.0,0.0,0.0,"[0.0, 0.0, 0.0]",0.0,0.0,0.0,0.7908333209405343,10010880
f0b8b7c55f92,bdh_cq,propagate,5000,1,mild,"{""dim"": 1, ""distance"": 6, ""length"": 12, ""n_sources"": 1}",3,True,False,0,0.0,0.0,0.0,0.0,"[0.0, 0.0, 0.0]",0.0,0.0,0.0,0.8004444313247999,10010880
f0b8b7c55f92,bdh_cq,propagate,5000,1,mild,"{""dim"": 1, ""distance"": 8, ""length"": 12, ""n_sources"": 1}",3,True,False,0,0.0,0.0,0.0,0.0,"[0.0, 0.0, 0.0]",0.0,0.0,0.0,0.8067222079833348,10010880
f0b8b7c55f92,bdh_cq,propagate,7500,1,mild,"{""dim"": 1, ""distance"": 6, ""length"": 12, ""n_sources"": 1}",3,True,False,0,0.0006666666666666666,0.0009428090415820634,0.0,0.002,"[0.0, 0.002, 0.0]",0.0,0.002,0.0006666666666666666,0.7789999890128773,10010880
f0b8b7c55f92,bdh_cq,propagate,7500,1,mild,"{""dim"": 1, ""distance"": 8, ""length"": 12, ""n_sources"": 1}",3,True,False,0,0.0013333333333333333,0.0009428090415820634,0.0,0.002,"[0.0, 0.002, 0.002]",0.0,0.002,0.0013333333333333333,0.7427777667343617,10010880
f0b8b7c55f92,bdh_cq,propagate,10000,1,mild,"{""dim"": 1, ""distance"": 6, ""length"": 12, ""n_sources"": 1}",3,True,False,0,0.004,0.001632993161855452,0.002,0.006,"[0.004, 0.006, 0.002]",0.002,0.006000000000000001,0.004,0.7754444376428923,10010880
f0b8b7c55f92,bdh_cq,propagate,10000,1,mild,"{""dim"": 1, ""distance"": 8, ""length"": 12, ""n_sources"": 1}",3,True,False,0,0.0006666666666666666,0.0009428090415820634,0.0,0.002,"[0.0, 0.002, 0.0]",0.0,0.002,0.0006666666666666666,0.6791666590770085,10010880
f0b8b7c55f92,bdh_cq,propagate,12500,1,mild,"{""dim"": 1, ""distance"": 6, ""length"": 12, ""n_sources"": 1}",3,True,False,0,0.016666666666666666,0.006798692684790379,0.01,0.026,"[0.01, 0.026, 0.014]",0.01,0.026,0.016666666666666666,0.8119999978741009,10010880
f0b8b7c55f92,bdh_cq,propagate,12500,1,mild,"{""dim"": 1, ""distance"": 8, ""length"": 12, ""n_sources"": 1}",3,True,False,0,0.0026666666666666666,0.0024944382578492943,0.0,0.006,"[0.0, 0.002, 0.006]",0.0,0.006000000000000001,0.0026666666666666666,0.7023333280881245,10010880
f0b8b7c55f92,bdh_cq,propagate,15000,1,mild,"{""dim"": 1, ""distance"": 6, ""length"": 12, ""n_sources"": 1}",3,True,False,0,0.17200000000000001,0.052179178478265316,0.1,0.222,"[0.1, 0.222, 0.194]",0.10000000000000002,0.222,0.17200000000000001,0.9011111160914104,10010880
f0b8b7c55f92,bdh_cq,propagate,15000,1,mild,"{""dim"": 1, ""distance"": 8, ""length"": 12, ""n_sources"": 1}",3,True,False,0,0.027999999999999997,0.015577761927397233,0.006,0.04,"[0.006, 0.038, 0.04]",0.006000000000000001,0.04,0.027999999999999997,0.7993333335320155,10010880
f0b8b7c55f92,bdh_cq,propagate,17500,1,mild,"{""dim"": 1, ""distance"": 6, ""length"": 12, ""n_sources"": 1}",3,True,False,0,0.5553333333333333,0.23480109785849718,0.224,0.74,"[0.224, 0.702, 0.74]",0.224,0.7399999999999999,0.5553333333333333,0.9481111147801081,10010880
f0b8b7c55f92,bdh_cq,propagate,17500,1,mild,"{""dim"": 1, ""distance"": 8, ""length"": 12, ""n_sources"": 1}",3,True,False,0,0.22799999999999998,0.154220621189256,0.018,0.384,"[0.018, 0.384, 0.282]",0.018,0.38400000000000006,0.22799999999999998,0.8378888931473097,10010880
f0b8b7c55f92,bdh_cq,propagate,20000,1,mild,"{""dim"": 1, ""distance"": 6, ""length"": 12, ""n_sources"": 1}",3,True,False,0,0.6946666666666667,0.17348454942411698,0.46,0.874,"[0.46, 0.75, 0.874]",0.46,0.874,0.6946666666666667,0.969888893008232,10010880
f0b8b7c55f92,bdh_cq,propagate,20000,1,mild,"{""dim"": 1, ""distance"": 8, ""length"": 12, ""n_sources"": 1}",3,True,False,0,0.242,0.1979360165979569,0.038,0.51,"[0.038, 0.178, 0.51]",0.038,0.51,0.242,0.8742222230037053,10010880
f0b8b7c55f92,bdh_cq,propagate,22500,1,mild,"{""dim"": 1, ""distance"": 6, ""length"": 12, ""n_sources"": 1}",3,True,False,0,0.7000000000000001,0.17030169308220827,0.468,0.872,"[0.468, 0.76, 0.872]",0.468,0.872,0.7000000000000001,0.9700555595556896,10010880
f0b8b7c55f92,bdh_cq,propagate,22500,1,mild,"{""dim"": 1, ""distance"": 8, ""length"": 12, ""n_sources"": 1}",3,True,False,0,0.2813333333333334,0.25307355101278806,0.044,0.632,"[0.044, 0.168, 0.632]",0.044000000000000004,0.632,0.2813333333333334,0.8905000007549922,10010880
f0b8b7c55f92,bdh_cq,propagate,25000,1,mild,"{""dim"": 1, ""distance"": 6, ""length"": 12, ""n_sources"": 1}",3,True,False,0,0.7000000000000001,0.19383154198083105,0.43,0.876,"[0.43, 0.794, 0.876]",0.43,0.876,0.7000000000000001,0.9701111150185268,10010880
f0b8b7c55f92,bdh_cq,propagate,25000,1,mild,"{""dim"": 1, ""distance"": 8, ""length"": 12, ""n_sources"": 1}",3,True,False,0,0.296,0.2679452680430589,0.028,0.662,"[0.028, 0.198, 0.662]",0.028,0.662,0.296,0.8947777789831162,10010880
f0b8b7c55f92,bdh_cq,propagate,27500,1,mild,"{""dim"": 1, ""distance"": 6, ""length"": 12, ""n_sources"": 1}",3,True,False,0,0.7013333333333334,0.1405923974552757,0.542,0.884,"[0.542, 0.678, 0.884]",0.542,0.884,0.7013333333333334,0.9717777822812398,10010880
f0b8b7c55f92,bdh_cq,propagate,27500,1,mild,"{""dim"": 1, ""distance"": 8, ""length"": 12, ""n_sources"": 1}",3,True,False,0,0.29,0.2688097220464072,0.018,0.656,"[0.018, 0.196, 0.656]",0.018,0.656,0.29,0.9014444464047751,10010880
f0b8b7c55f92,bdh_cq,propagate,30000,1,mild,"{""dim"": 1, ""distance"": 6, ""length"": 12, ""n_sources"": 1}",3,True,False,0,0.7173333333333334,0.1936135899729722,0.468,0.94,"[0.468, 0.744, 0.94]",0.468,0.94,0.7173333333333334,0.9743888935248056,10010880
f0b8b7c55f92,bdh_cq,propagate,30000,1,mild,"{""dim"": 1, ""distance"": 8, ""length"": 12, ""n_sources"": 1}",3,True,False,0,0.2966666666666667,0.2981379248304754,0.036,0.714,"[0.036, 0.14, 0.714]",0.036,0.714,0.2966666666666667,0.9012777788241705,10010880
f0b8b7c55f92,bdh_cq,propagate,32500,1,mild,"{""dim"": 1, ""distance"": 6, ""length"": 12, ""n_sources"": 1}",3,True,False,0,0.684,0.21673947494630505,0.404,0.932,"[0.404, 0.716, 0.932]",0.4040000000000001,0.932,0.684,0.9701111158927281,10010880
f0b8b7c55f92,bdh_cq,propagate,32500,1,mild,"{""dim"": 1, ""distance"": 8, ""length"": 12, ""n_sources"": 1}",3,True,False,0,0.286,0.2913737576836093,0.022,0.692,"[0.022, 0.144, 0.692]",0.022000000000000002,0.6919999999999998,0.286,0.8971666674216588,10010880
f0b8b7c55f92,bdh_cq,propagate,35000,1,mild,"{""dim"": 1, ""distance"": 6, ""length"": 12, ""n_sources"": 1}",3,True,False,0,0.7120000000000001,0.1713320363115628,0.52,0.936,"[0.52, 0.68, 0.936]",0.52,0.936,0.7120000000000001,0.9731111155748368,10010880
f0b8b7c55f92,bdh_cq,propagate,35000,1,mild,"{""dim"": 1, ""distance"": 8, ""length"": 12, ""n_sources"": 1}",3,True,False,0,0.25333333333333335,0.2602067553995391,0.018,0.616,"[0.018, 0.126, 0.616]",0.018,0.616,0.25333333333333335,0.8931666678190231,10010880
f0b8b7c55f92,bdh_cq,propagate,37500,1,mild,"{""dim"": 1, ""distance"": 6, ""length"": 12, ""n_sources"": 1}",3,True,False,0,0.6900000000000001,0.18397825958520211,0.472,0.922,"[0.472, 0.676, 0.922]",0.472,0.922,0.6900000000000001,0.9712777827183405,10010880
f0b8b7c55f92,bdh_cq,propagate,37500,1,mild,"{""dim"": 1, ""distance"": 8, ""length"": 12, ""n_sources"": 1}",3,True,False,0,0.238,0.26450456832853886,0.018,0.61,"[0.018, 0.086, 0.61]",0.018,0.61,0.238,0.8913333340883255,10010880
f0b8b7c55f92,bdh_cq,propagate,40000,1,mild,"{""dim"": 1, ""distance"": 6, ""length"": 12, ""n_sources"": 1}",3,True,False,0,0.6926666666666668,0.18631395248045407,0.47,0.926,"[0.47, 0.682, 0.926]",0.47,0.926,0.6926666666666668,0.9712777825196585,10010880
f0b8b7c55f92,bdh_cq,propagate,40000,1,mild,"{""dim"": 1, ""distance"": 8, ""length"": 12, ""n_sources"": 1}",3,True,False,0,0.24933333333333332,0.2725500973317668,0.018,0.632,"[0.018, 0.098, 0.632]",0.018,0.632,0.24933333333333332,0.8907222229639689,10010880
f0b8b7c55f92,bdh_cq,propagate,40000,2,mild,"{""dim"": 1, ""distance"": 6, ""length"": 12, ""n_sources"": 1}",3,True,False,0,0.42799999999999994,0.20375148261219267,0.14,0.58,"[0.14, 0.564, 0.58]",0.14,0.58,0.42799999999999994,0.9426666734218596,10010880
f0b8b7c55f92,bdh_cq,propagate,40000,2,mild,"{""dim"": 1, ""distance"": 8, ""length"": 12, ""n_sources"": 1}",3,True,False,0,0.12466666666666666,0.08944768800192036,0.022,0.24,"[0.022, 0.112, 0.24]",0.022000000000000002,0.24,0.12466666666666666,0.8895000009139379,10010880
f0b8b7c55f92,bdh_cq,propagate,2500,4,mild,"{""dim"": 1, ""distance"": 6, ""length"": 12, ""n_sources"": 1}",3,True,False,0,0.0,0.0,0.0,0.0,"[0.0, 0.0, 0.0]",0.0,0.0,0.0,0.7829999883373578,10010880
f0b8b7c55f92,bdh_cq,propagate,2500,4,mild,"{""dim"": 1, ""distance"": 8, ""length"": 12, ""n_sources"": 1}",3,True,False,0,0.0,0.0,0.0,0.0,"[0.0, 0.0, 0.0]",0.0,0.0,0.0,0.7877222094337145,10010880
f0b8b7c55f92,bdh_cq,propagate,5000,4,mild,"{""dim"": 1, ""distance"": 6, ""length"": 12, ""n_sources"": 1}",3,True,False,0,0.0,0.0,0.0,0.0,"[0.0, 0.0, 0.0]",0.0,0.0,0.0,0.7928333195845285,10010880
f0b8b7c55f92,bdh_cq,propagate,5000,4,mild,"{""dim"": 1, ""distance"": 8, ""length"": 12, ""n_sources"": 1}",3,True,False,0,0.0,0.0,0.0,0.0,"[0.0, 0.0, 0.0]",0.0,0.0,0.0,0.7988333183825015,10010880
f0b8b7c55f92,bdh_cq,propagate,7500,4,mild,"{""dim"": 1, ""distance"": 6, ""length"": 12, ""n_sources"": 1}",3,True,False,0,0.0,0.0,0.0,0.0,"[0.0, 0.0, 0.0]",0.0,0.0,0.0,0.7663888801137606,10010880
f0b8b7c55f92,bdh_cq,propagate,7500,4,mild,"{""dim"": 1, ""distance"": 8, ""length"": 12, ""n_sources"": 1}",3,True,False,0,0.0,0.0,0.0,0.0,"[0.0, 0.0, 0.0]",0.0,0.0,0.0,0.7507777669827144,10010880
f0b8b7c55f92,bdh_cq,propagate,10000,4,mild,"{""dim"": 1, ""distance"": 6, ""length"": 12, ""n_sources"": 1}",3,True,False,0,0.002,0.001632993161855452,0.0,0.004,"[0.004, 0.002, 0.0]",0.0,0.004,0.002,0.7909999918540319,10010880
f0b8b7c55f92,bdh_cq,propagate,10000,4,mild,"{""dim"": 1, ""distance"": 8, ""length"": 12, ""n_sources"": 1}",3,True,False,0,0.0,0.0,0.0,0.0,"[0.0, 0.0, 0.0]",0.0,0.0,0.0,0.7699444355567296,10010880
f0b8b7c55f92,bdh_cq,propagate,12500,4,mild,"{""dim"": 1, ""distance"": 6, ""length"": 12, ""n_sources"": 1}",3,True,False,0,0.005333333333333333,0.0061824123303304696,0.0,0.014,"[0.0, 0.002, 0.014]",0.0,0.014,0.005333333333333333,0.8183888801336288,10010880
f0b8b7c55f92,bdh_cq,propagate,12500,4,mild,"{""dim"": 1, ""distance"": 8, ""length"": 12, ""n_sources"": 1}",3,True,False,0,0.0013333333333333333,0.0018856180831641268,0.0,0.004,"[0.0, 0.0, 0.004]",0.0,0.004,0.0013333333333333333,0.7892777710358302,10010880
f0b8b7c55f92,bdh_cq,propagate,15000,4,mild,"{""dim"": 1, ""distance"": 6, ""length"": 12, ""n_sources"": 1}",3,True,False,0,0.11333333333333334,0.10684984271812893,0.028,0.264,"[0.264, 0.028, 0.048]",0.028,0.264,0.11333333333333334,0.8825555555820465,10010880
f0b8b7c55f92,bdh_cq,propagate,15000,4,mild,"{""dim"": 1, ""distance"": 8, ""length"": 12, ""n_sources"": 1}",3,True,False,0,0.006000000000000001,0.007118052168020874,0.0,0.016,"[0.0, 0.002, 0.016]",0.0,0.016,0.006000000000000001,0.8158333236376444,10010880
f0b8b7c55f92,bdh_cq,propagate,17500,4,mild,"{""dim"": 1, ""distance"": 6, ""length"": 12, ""n_sources"": 1}",3,True,False,0,0.45199999999999996,0.22289608939294261,0.214,0.75,"[0.75, 0.214, 0.392]",0.214,0.75,0.45199999999999996,0.945222229083379,10010880
f0b8b7c55f92,bdh_cq,propagate,17500,4,mild,"{""dim"": 1, ""distance"": 8, ""length"": 12, ""n_sources"": 1}",3,True,False,0,0.011999999999999999,0.009092121131323903,0.0,0.022,"[0.022, 0.0, 0.014]",0.0,0.022000000000000002,0.011999999999999999,0.8575555564959844,10010880
f0b8b7c55f92,bdh_cq,propagate,20000,4,mild,"{""dim"": 1, ""distance"": 6, ""length"": 12, ""n_sources"": 1}",3,True,False,0,0.684,0.2124209656946947,0.396,0.902,"[0.902, 0.754, 0.396]",0.3960000000000001,0.902,0.684,0.9718333387374877,10010880
f0b8b7c55f92,bdh_cq,propagate,20000,4,mild,"{""dim"": 1, ""distance"": 8, ""length"": 12, ""n_sources"": 1}",3,True,False,0,0.050666666666666665,0.04208985098043892,0.004,0.106,"[0.106, 0.004, 0.042]",0.004,0.106,0.050666666666666665,0.8790000048875809,10010880
f0b8b7c55f92,bdh_cq,propagate,22500,4,mild,"{""dim"": 1, ""distance"": 6, ""length"": 12, ""n_sources"": 1}",3,True,False,0,0.8893333333333334,0.027920522121829255,0.85,0.912,"[0.912, 0.85, 0.906]",0.85,0.912,0.8893333333333334,0.9903888909022013,10010880
f0b8b7c55f92,bdh_cq,propagate,22500,4,mild,"{""dim"": 1, ""distance"": 8, ""length"": 12, ""n_sources"": 1}",3,True,False,0,0.056,0.03532704346531139,0.008,0.092,"[0.068, 0.008, 0.092]",0.008,0.09200000000000001,0.056,0.8818333376646041,10010880
f0b8b7c55f92,bdh_cq,propagate,25000,4,mild,"{""dim"": 1, ""distance"": 6, ""length"": 12, ""n_sources"": 1}",3,True,False,0,0.904,0.02039607805437116,0.876,0.924,"[0.924, 0.876, 0.912]",0.876,0.924,0.904,0.9918333351612091,10010880
f0b8b7c55f92,bdh_cq,propagate,25000,4,mild,"{""dim"": 1, ""distance"": 8, ""length"": 12, ""n_sources"": 1}",3,True,False,0,0.12533333333333332,0.10402991022884825,0.042,0.272,"[0.062, 0.042, 0.272]",0.042,0.272,0.12533333333333332,0.8902777830759684,10010880
f0b8b7c55f92,bdh_cq,propagate,27500,4,mild,"{""dim"": 1, ""distance"": 6, ""length"": 12, ""n_sources"": 1}",3,True,False,0,0.9659999999999999,0.015748015748023637,0.952,0.988,"[0.952, 0.958, 0.988]",0.952,0.988,0.9659999999999999,0.9971111117601396,10010880
f0b8b7c55f92,bdh_cq,propagate,27500,4,mild,"{""dim"": 1, ""distance"": 8, ""length"": 12, ""n_sources"": 1}",3,True,False,0,0.124,0.07301141463269059,0.04,0.218,"[0.04, 0.114, 0.218]",0.04,0.218,0.124,0.895055560429891,10010880
f0b8b7c55f92,bdh_cq,propagate,30000,4,mild,"{""dim"": 1, ""distance"": 6, ""length"": 12, ""n_sources"": 1}",3,True,False,0,0.9253333333333332,0.05228979080300688,0.86,0.988,"[0.928, 0.86, 0.988]",0.86,0.988,0.9253333333333332,0.9934444457689922,10010880
f0b8b7c55f92,bdh_cq,propagate,30000,4,mild,"{""dim"": 1, ""distance"": 8, ""length"": 12, ""n_sources"": 1}",3,True,False,0,0.142,0.1287167432776327,0.02,0.32,"[0.02, 0.086, 0.32]",0.02,0.32,0.142,0.8937222261826197,10010880
f0b8b7c55f92,bdh_cq,propagate,32500,4,mild,"{""dim"": 1, ""distance"": 6, ""length"": 12, ""n_sources"": 1}",3,True,False,0,0.9606666666666666,0.025525586292102175,0.932,0.994,"[0.956, 0.932, 0.994]",0.932,0.9940000000000001,0.9606666666666666,0.9967222230037054,10010880
f0b8b7c55f92,bdh_cq,propagate,32500,4,mild,"{""dim"": 1, ""distance"": 8, ""length"": 12, ""n_sources"": 1}",3,True,False,0,0.17066666666666666,0.10146044658990133,0.042,0.29,"[0.042, 0.18, 0.29]",0.042,0.29,0.17066666666666666,0.9004444485108057,10010880
f0b8b7c55f92,bdh_cq,propagate,35000,4,mild,"{""dim"": 1, ""distance"": 6, ""length"": 12, ""n_sources"": 1}",3,True,False,0,0.9739999999999999,0.015748015748023637,0.952,0.988,"[0.982, 0.952, 0.988]",0.952,0.988,0.9739999999999999,0.9978333338499069,10010880
f0b8b7c55f92,bdh_cq,propagate,35000,4,mild,"{""dim"": 1, ""distance"": 8, ""length"": 12, ""n_sources"": 1}",3,True,False,0,0.146,0.08769644614616186,0.03,0.242,"[0.03, 0.166, 0.242]",0.03,0.242,0.146,0.9023888952732085,10010880
f0b8b7c55f92,bdh_cq,propagate,37500,4,mild,"{""dim"": 1, ""distance"": 6, ""length"": 12, ""n_sources"": 1}",3,True,False,0,0.9713333333333333,0.014817407180595259,0.952,0.988,"[0.974, 0.952, 0.988]",0.952,0.988,0.9713333333333333,0.9976111116806666,10010880
f0b8b7c55f92,bdh_cq,propagate,37500,4,mild,"{""dim"": 1, ""distance"": 8, ""length"": 12, ""n_sources"": 1}",3,True,False,0,0.17400000000000002,0.10009328981838227,0.038,0.276,"[0.038, 0.208, 0.276]",0.038,0.276,0.17400000000000002,0.9058888949950535,10010880
f0b8b7c55f92,bdh_cq,propagate,40000,4,mild,"{""dim"": 1, ""distance"": 6, ""length"": 12, ""n_sources"": 1}",3,True,False,0,0.972,0.01925270543759155,0.946,0.992,"[0.978, 0.946, 0.992]",0.9460000000000001,0.992,0.972,0.9976666672229767,10010880
f0b8b7c55f92,bdh_cq,propagate,40000,4,mild,"{""dim"": 1, ""distance"": 8, ""length"": 12, ""n_sources"": 1}",3,True,False,0,0.18533333333333335,0.1190779389960859,0.028,0.316,"[0.028, 0.212, 0.316]",0.028,0.316,0.18533333333333335,0.9066111166874569,10010880
f0b8b7c55f92,bdh_cq,propagate,40000,8,mild,"{""dim"": 1, ""distance"": 6, ""length"": 12, ""n_sources"": 1}",3,True,False,0,0.0,0.0,0.0,0.0,"[0.0, 0.0, 0.0]",0.0,0.0,0.0,0.6132777781883876,10010880
f0b8b7c55f92,bdh_cq,propagate,40000,8,mild,"{""dim"": 1, ""distance"": 8, ""length"": 12, ""n_sources"": 1}",3,True,False,0,0.0,0.0,0.0,0.0,"[0.0, 0.0, 0.0]",0.0,0.0,0.0,0.5793333282272021,10010880
f0b8b7c55f92,bdh_cq,propagate,2500,16,mild,"{""dim"": 1, ""distance"": 6, ""length"": 12, ""n_sources"": 1}",3,True,False,0,0.0,0.0,0.0,0.0,"[0.0, 0.0, 0.0]",0.0,0.0,0.0,0.7666666551033656,10010880
f0b8b7c55f92,bdh_cq,propagate,2500,16,mild,"{""dim"": 1, ""distance"": 8, ""length"": 12, ""n_sources"": 1}",3,True,False,0,0.0,0.0,0.0,0.0,"[0.0, 0.0, 0.0]",0.0,0.0,0.0,0.76711109859248,10010880
f0b8b7c55f92,bdh_cq,propagate,5000,16,mild,"{""dim"": 1, ""distance"": 6, ""length"": 12, ""n_sources"": 1}",3,True,False,0,0.0,0.0,0.0,0.0,"[0.0, 0.0, 0.0]",0.0,0.0,0.0,0.7337222203314303,10010880
f0b8b7c55f92,bdh_cq,propagate,5000,16,mild,"{""dim"": 1, ""distance"": 8, ""length"": 12, ""n_sources"": 1}",3,True,False,0,0.0,0.0,0.0,0.0,"[0.0, 0.0, 0.0]",0.0,0.0,0.0,0.743944441696008,10010880
f0b8b7c55f92,bdh_cq,propagate,7500,16,mild,"{""dim"": 1, ""distance"": 6, ""length"": 12, ""n_sources"": 1}",3,True,False,0,0.0,0.0,0.0,0.0,"[0.0, 0.0, 0.0]",0.0,0.0,0.0,0.749777772396803,10010880
f0b8b7c55f92,bdh_cq,propagate,7500,16,mild,"{""dim"": 1, ""distance"": 8, ""length"": 12, ""n_sources"": 1}",3,True,False,0,0.0,0.0,0.0,0.0,"[0.0, 0.0, 0.0]",0.0,0.0,0.0,0.7487222167601187,10010880
f0b8b7c55f92,bdh_cq,propagate,10000,16,mild,"{""dim"": 1, ""distance"": 6, ""length"": 12, ""n_sources"": 1}",3,True,False,0,0.0,0.0,0.0,0.0,"[0.0, 0.0, 0.0]",0.0,0.0,0.0,0.7731666611631711,10010880
f0b8b7c55f92,bdh_cq,propagate,10000,16,mild,"{""dim"": 1, ""distance"": 8, ""length"": 12, ""n_sources"": 1}",3,True,False,0,0.0,0.0,0.0,0.0,"[0.0, 0.0, 0.0]",0.0,0.0,0.0,0.7708888831535975,10010880
f0b8b7c55f92,bdh_cq,propagate,12500,16,mild,"{""dim"": 1, ""distance"": 6, ""length"": 12, ""n_sources"": 1}",3,True,False,0,0.0,0.0,0.0,0.0,"[0.0, 0.0, 0.0]",0.0,0.0,0.0,0.7407222191492716,10010880
f0b8b7c55f92,bdh_cq,propagate,12500,16,mild,"{""dim"": 1, ""distance"": 8, ""length"": 12, ""n_sources"": 1}",3,True,False,0,0.0,0.0,0.0,0.0,"[0.0, 0.0, 0.0]",0.0,0.0,0.0,0.746111106445392,10010880
f0b8b7c55f92,bdh_cq,propagate,15000,16,mild,"{""dim"": 1, ""distance"": 6, ""length"": 12, ""n_sources"": 1}",3,True,False,0,0.0,0.0,0.0,0.0,"[0.0, 0.0, 0.0]",0.0,0.0,0.0,0.6601111084123453,10010880
f0b8b7c55f92,bdh_cq,propagate,15000,16,mild,"{""dim"": 1, ""distance"": 8, ""length"": 12, ""n_sources"": 1}",3,True,False,0,0.0,0.0,0.0,0.0,"[0.0, 0.0, 0.0]",0.0,0.0,0.0,0.6687777752081553,10010880
f0b8b7c55f92,bdh_cq,propagate,17500,16,mild,"{""dim"": 1, ""distance"": 6, ""length"": 12, ""n_sources"": 1}",3,True,False,0,0.0,0.0,0.0,0.0,"[0.0, 0.0, 0.0]",0.0,0.0,0.0,0.6515555516282717,10010880
f0b8b7c55f92,bdh_cq,propagate,17500,16,mild,"{""dim"": 1, ""distance"": 8, ""length"": 12, ""n_sources"": 1}",3,True,False,0,0.0,0.0,0.0,0.0,"[0.0, 0.0, 0.0]",0.0,0.0,0.0,0.6297222194721303,10010880
f0b8b7c55f92,bdh_cq,propagate,20000,16,mild,"{""dim"": 1, ""distance"": 6, ""length"": 12, ""n_sources"": 1}",3,True,False,0,0.0,0.0,0.0,0.0,"[0.0, 0.0, 0.0]",0.0,0.0,0.0,0.6346666624645392,10010880
f0b8b7c55f92,bdh_cq,propagate,20000,16,mild,"{""dim"": 1, ""distance"": 8, ""length"": 12, ""n_sources"": 1}",3,True,False,0,0.0,0.0,0.0,0.0,"[0.0, 0.0, 0.0]",0.0,0.0,0.0,0.6108888853142659,10010880
f0b8b7c55f92,bdh_cq,propagate,22500,16,mild,"{""dim"": 1, ""distance"": 6, ""length"": 12, ""n_sources"": 1}",3,True,False,0,0.0,0.0,0.0,0.0,"[0.0, 0.0, 0.0]",0.0,0.0,0.0,0.6501111064950625,10010880
f0b8b7c55f92,bdh_cq,propagate,22500,16,mild,"{""dim"": 1, ""distance"": 8, ""length"": 12, ""n_sources"": 1}",3,True,False,0,0.0,0.0,0.0,0.0,"[0.0, 0.0, 0.0]",0.0,0.0,0.0,0.6151666616996129,10010880
f0b8b7c55f92,bdh_cq,propagate,25000,16,mild,"{""dim"": 1, ""distance"": 6, ""length"": 12, ""n_sources"": 1}",3,True,False,0,0.0,0.0,0.0,0.0,"[0.0, 0.0, 0.0]",0.0,0.0,0.0,0.6676111062169076,10010880
f0b8b7c55f92,bdh_cq,propagate,25000,16,mild,"{""dim"": 1, ""distance"": 8, ""length"": 12, ""n_sources"": 1}",3,True,False,0,0.0,0.0,0.0,0.0,"[0.0, 0.0, 0.0]",0.0,0.0,0.0,0.6371666611681381,10010880
f0b8b7c55f92,bdh_cq,propagate,27500,16,mild,"{""dim"": 1, ""distance"": 6, ""length"": 12, ""n_sources"": 1}",3,True,False,0,0.0,0.0,0.0,0.0,"[0.0, 0.0, 0.0]",0.0,0.0,0.0,0.6772222160696982,10010880
f0b8b7c55f92,bdh_cq,propagate,27500,16,mild,"{""dim"": 1, ""distance"": 8, ""length"": 12, ""n_sources"": 1}",3,True,False,0,0.0,0.0,0.0,0.0,"[0.0, 0.0, 0.0]",0.0,0.0,0.0,0.6596666597326597,10010880
f0b8b7c55f92,bdh_cq,propagate,30000,16,mild,"{""dim"": 1, ""distance"": 6, ""length"": 12, ""n_sources"": 1}",3,True,False,0,0.0,0.0,0.0,0.0,"[0.0, 0.0, 0.0]",0.0,0.0,0.0,0.6836111046870549,10010880
f0b8b7c55f92,bdh_cq,propagate,30000,16,mild,"{""dim"": 1, ""distance"": 8, ""length"": 12, ""n_sources"": 1}",3,True,False,0,0.0,0.0,0.0,0.0,"[0.0, 0.0, 0.0]",0.0,0.0,0.0,0.6652777700821558,10010880
f0b8b7c55f92,bdh_cq,propagate,32500,16,mild,"{""dim"": 1, ""distance"": 6, ""length"": 12, ""n_sources"": 1}",3,True,False,0,0.0,0.0,0.0,0.0,"[0.0, 0.0, 0.0]",0.0,0.0,0.0,0.6976666595339776,10010880
f0b8b7c55f92,bdh_cq,propagate,32500,16,mild,"{""dim"": 1, ""distance"": 8, ""length"": 12, ""n_sources"": 1}",3,True,False,0,0.0,0.0,0.0,0.0,"[0.0, 0.0, 0.0]",0.0,0.0,0.0,0.6857222135762374,10010880
f0b8b7c55f92,bdh_cq,propagate,35000,16,mild,"{""dim"": 1, ""distance"": 6, ""length"": 12, ""n_sources"": 1}",3,True,False,0,0.0,0.0,0.0,0.0,"[0.0, 0.0, 0.0]",0.0,0.0,0.0,0.6819444377223651,10010880
f0b8b7c55f92,bdh_cq,propagate,35000,16,mild,"{""dim"": 1, ""distance"": 8, ""length"": 12, ""n_sources"": 1}",3,True,False,0,0.0,0.0,0.0,0.0,"[0.0, 0.0, 0.0]",0.0,0.0,0.0,0.666277769729495,10010880
f0b8b7c55f92,bdh_cq,propagate,37500,16,mild,"{""dim"": 1, ""distance"": 6, ""length"": 12, ""n_sources"": 1}",3,True,False,0,0.0,0.0,0.0,0.0,"[0.0, 0.0, 0.0]",0.0,0.0,0.0,0.6839999934037526,10010880
f0b8b7c55f92,bdh_cq,propagate,37500,16,mild,"{""dim"": 1, ""distance"": 8, ""length"": 12, ""n_sources"": 1}",3,True,False,0,0.0,0.0,0.0,0.0,"[0.0, 0.0, 0.0]",0.0,0.0,0.0,0.6682777695705493,10010880
f0b8b7c55f92,bdh_cq,propagate,40000,16,mild,"{""dim"": 1, ""distance"": 6, ""length"": 12, ""n_sources"": 1}",3,True,False,0,0.0,0.0,0.0,0.0,"[0.0, 0.0, 0.0]",0.0,0.0,0.0,0.6833333264986674,10010880
f0b8b7c55f92,bdh_cq,propagate,40000,16,mild,"{""dim"": 1, ""distance"": 8, ""length"": 12, ""n_sources"": 1}",3,True,False,0,0.0,0.0,0.0,0.0,"[0.0, 0.0, 0.0]",0.0,0.0,0.0,0.6656666586647431,10010880
f0b8b7c55f92,bdh_cq,propagate,40000,32,mild,"{""dim"": 1, ""distance"": 6, ""length"": 12, ""n_sources"": 1}",3,True,False,0,0.0,0.0,0.0,0.0,"[0.0, 0.0, 0.0]",0.0,0.0,0.0,0.4850555570622285,10010880
f0b8b7c55f92,bdh_cq,propagate,40000,32,mild,"{""dim"": 1, ""distance"": 8, ""length"": 12, ""n_sources"": 1}",3,True,False,0,0.0,0.0,0.0,0.0,"[0.0, 0.0, 0.0]",0.0,0.0,0.0,0.4369444431960583,10010880
f0b8b7c55f92,bdh_cq,propagate,2500,1,strong,"{""dim"": 1, ""distance"": 12, ""length"": 48, ""n_sources"": 1}",3,True,False,0,0.0,0.0,0.0,0.0,"[0.0, 0.0, 0.0]",0.0,0.0,0.0,0.7422083179155985,10010880
f0b8b7c55f92,bdh_cq,propagate,2500,1,strong,"{""dim"": 1, ""distance"": 24, ""length"": 48, ""n_sources"": 1}",3,True,False,0,0.0,0.0,0.0,0.0,"[0.0, 0.0, 0.0]",0.0,0.0,0.0,0.6021250027815501,10010880
f0b8b7c55f92,bdh_cq,propagate,5000,1,strong,"{""dim"": 1, ""distance"": 12, ""length"": 48, ""n_sources"": 1}",3,True,False,0,0.0,0.0,0.0,0.0,"[0.0, 0.0, 0.0]",0.0,0.0,0.0,0.7284722067515054,10010880
f0b8b7c55f92,bdh_cq,propagate,5000,1,strong,"{""dim"": 1, ""distance"": 24, ""length"": 48, ""n_sources"": 1}",3,True,False,0,0.0,0.0,0.0,0.0,"[0.0, 0.0, 0.0]",0.0,0.0,0.0,0.5704861126939456,10010880
f0b8b7c55f92,bdh_cq,propagate,7500,1,strong,"{""dim"": 1, ""distance"": 12, ""length"": 48, ""n_sources"": 1}",3,True,False,0,0.0,0.0,0.0,0.0,"[0.0, 0.0, 0.0]",0.0,0.0,0.0,0.7345694299936295,10010880
f0b8b7c55f92,bdh_cq,propagate,7500,1,strong,"{""dim"": 1, ""distance"": 24, ""length"": 48, ""n_sources"": 1}",3,True,False,0,0.0,0.0,0.0,0.0,"[0.0, 0.0, 0.0]",0.0,0.0,0.0,0.5896111118197441,10010880
f0b8b7c55f92,bdh_cq,propagate,10000,1,strong,"{""dim"": 1, ""distance"": 12, ""length"": 48, ""n_sources"": 1}",3,True,False,0,0.0,0.0,0.0,0.0,"[0.0, 0.0, 0.0]",0.0,0.0,0.0,0.750874987880389,10010880
f0b8b7c55f92,bdh_cq,propagate,10000,1,strong,"{""dim"": 1, ""distance"": 24, ""length"": 48, ""n_sources"": 1}",3,True,False,0,0.0,0.0,0.0,0.0,"[0.0, 0.0, 0.0]",0.0,0.0,0.0,0.6342777782877286,10010880
f0b8b7c55f92,bdh_cq,propagate,12500,1,strong,"{""dim"": 1, ""distance"": 12, ""length"": 48, ""n_sources"": 1}",3,True,False,0,0.0,0.0,0.0,0.0,"[0.0, 0.0, 0.0]",0.0,0.0,0.0,0.7350833189090094,10010880
f0b8b7c55f92,bdh_cq,propagate,12500,1,strong,"{""dim"": 1, ""distance"": 24, ""length"": 48, ""n_sources"": 1}",3,True,False,0,0.0,0.0,0.0,0.0,"[0.0, 0.0, 0.0]",0.0,0.0,0.0,0.5868194454809029,10010880
f0b8b7c55f92,bdh_cq,propagate,15000,1,strong,"{""dim"": 1, ""distance"": 12, ""length"": 48, ""n_sources"": 1}",3,True,False,0,0.0,0.0,0.0,0.0,"[0.0, 0.0, 0.0]",0.0,0.0,0.0,0.7247222066720327,10010880
f0b8b7c55f92,bdh_cq,propagate,15000,1,strong,"{""dim"": 1, ""distance"": 24, ""length"": 48, ""n_sources"": 1}",3,True,False,0,0.0,0.0,0.0,0.0,"[0.0, 0.0, 0.0]",0.0,0.0,0.0,0.5471111119886239,10010880
f0b8b7c55f92,bdh_cq,propagate,17500,1,strong,"{""dim"": 1, ""distance"": 12, ""length"": 48, ""n_sources"": 1}",3,True,False,0,0.0,0.0,0.0,0.0,"[0.0, 0.0, 0.0]",0.0,0.0,0.0,0.7262777626514435,10010880
f0b8b7c55f92,bdh_cq,propagate,17500,1,strong,"{""dim"": 1, ""distance"": 24, ""length"": 48, ""n_sources"": 1}",3,True,False,0,0.0,0.0,0.0,0.0,"[0.0, 0.0, 0.0]",0.0,0.0,0.0,0.5385416689217091,10010880
f0b8b7c55f92,bdh_cq,propagate,20000,1,strong,"{""dim"": 1, ""distance"": 12, ""length"": 48, ""n_sources"": 1}",3,True,False,0,0.0,0.0,0.0,0.0,"[0.0, 0.0, 0.0]",0.0,0.0,0.0,0.7186110944946607,10010880
f0b8b7c55f92,bdh_cq,propagate,20000,1,strong,"{""dim"": 1, ""distance"": 24, ""length"": 48, ""n_sources"": 1}",3,True,False,0,0.0,0.0,0.0,0.0,"[0.0, 0.0, 0.0]",0.0,0.0,0.0,0.5018472256213427,10010880
f0b8b7c55f92,bdh_cq,propagate,22500,1,strong,"{""dim"": 1, ""distance"": 12, ""length"": 48, ""n_sources"": 1}",3,True,False,0,0.0,0.0,0.0,0.0,"[0.0, 0.0, 0.0]",0.0,0.0,0.0,0.7227222069501877,10010880
f0b8b7c55f92,bdh_cq,propagate,22500,1,strong,"{""dim"": 1, ""distance"": 24, ""length"": 48, ""n_sources"": 1}",3,True,False,0,0.0,0.0,0.0,0.0,"[0.0, 0.0, 0.0]",0.0,0.0,0.0,0.5169722253580887,10010880
f0b8b7c55f92,bdh_cq,propagate,25000,1,strong,"{""dim"": 1, ""distance"": 12, ""length"": 48, ""n_sources"": 1}",3,True,False,0,0.0,0.0,0.0,0.0,"[0.0, 0.0, 0.0]",0.0,0.0,0.0,0.7238888736565908,10010880
f0b8b7c55f92,bdh_cq,propagate,25000,1,strong,"{""dim"": 1, ""distance"": 24, ""length"": 48, ""n_sources"": 1}",3,True,False,0,0.0,0.0,0.0,0.0,"[0.0, 0.0, 0.0]",0.0,0.0,0.0,0.5245416693091393,10010880
f0b8b7c55f92,bdh_cq,propagate,27500,1,strong,"{""dim"": 1, ""distance"": 12, ""length"": 48, ""n_sources"": 1}",3,True,False,0,0.0,0.0,0.0,0.0,"[0.0, 0.0, 0.0]",0.0,0.0,0.0,0.7305694299141566,10010880
f0b8b7c55f92,bdh_cq,propagate,27500,1,strong,"{""dim"": 1, ""distance"": 24, ""length"": 48, ""n_sources"": 1}",3,True,False,0,0.0,0.0,0.0,0.0,"[0.0, 0.0, 0.0]",0.0,0.0,0.0,0.546541668454806,10010880
f0b8b7c55f92,bdh_cq,propagate,30000,1,strong,"{""dim"": 1, ""distance"": 12, ""length"": 48, ""n_sources"": 1}",3,True,False,0,0.0,0.0,0.0,0.0,"[0.0, 0.0, 0.0]",0.0,0.0,0.0,0.7345694304307302,10010880
f0b8b7c55f92,bdh_cq,propagate,30000,1,strong,"{""dim"": 1, ""distance"": 24, ""length"": 48, ""n_sources"": 1}",3,True,False,0,0.0,0.0,0.0,0.0,"[0.0, 0.0, 0.0]",0.0,0.0,0.0,0.5601527793506781,10010880
f0b8b7c55f92,bdh_cq,propagate,32500,1,strong,"{""dim"": 1, ""distance"": 12, ""length"": 48, ""n_sources"": 1}",3,True,False,0,0.0,0.0,0.0,0.0,"[0.0, 0.0, 0.0]",0.0,0.0,0.0,0.7307083192666372,10010880
f0b8b7c55f92,bdh_cq,propagate,32500,1,strong,"{""dim"": 1, ""distance"": 24, ""length"": 48, ""n_sources"": 1}",3,True,False,0,0.0,0.0,0.0,0.0,"[0.0, 0.0, 0.0]",0.0,0.0,0.0,0.5446527801156044,10010880
f0b8b7c55f92,bdh_cq,propagate,35000,1,strong,"{""dim"": 1, ""distance"": 12, ""length"": 48, ""n_sources"": 1}",3,True,False,0,0.0,0.0,0.0,0.0,"[0.0, 0.0, 0.0]",0.0,0.0,0.0,0.7298472075859705,10010880
f0b8b7c55f92,bdh_cq,propagate,35000,1,strong,"{""dim"": 1, ""distance"": 24, ""length"": 48, ""n_sources"": 1}",3,True,False,0,0.0,0.0,0.0,0.0,"[0.0, 0.0, 0.0]",0.0,0.0,0.0,0.5424722248117129,10010880
f0b8b7c55f92,bdh_cq,propagate,37500,1,strong,"{""dim"": 1, ""distance"": 12, ""length"": 48, ""n_sources"": 1}",3,True,False,0,0.0,0.0,0.0,0.0,"[0.0, 0.0, 0.0]",0.0,0.0,0.0,0.7287083186308543,10010880
f0b8b7c55f92,bdh_cq,propagate,37500,1,strong,"{""dim"": 1, ""distance"": 24, ""length"": 48, ""n_sources"": 1}",3,True,False,0,0.0,0.0,0.0,0.0,"[0.0, 0.0, 0.0]",0.0,0.0,0.0,0.5396527798970542,10010880
f0b8b7c55f92,bdh_cq,propagate,40000,1,strong,"{""dim"": 1, ""distance"": 12, ""length"": 48, ""n_sources"": 1}",3,True,False,0,0.0,0.0,0.0,0.0,"[0.0, 0.0, 0.0]",0.0,0.0,0.0,0.7282083184719085,10010880
f0b8b7c55f92,bdh_cq,propagate,40000,1,strong,"{""dim"": 1, ""distance"": 24, ""length"": 48, ""n_sources"": 1}",3,True,False,0,0.0,0.0,0.0,0.0,"[0.0, 0.0, 0.0]",0.0,0.0,0.0,0.5387500024835269,10010880
f0b8b7c55f92,bdh_cq,propagate,40000,2,strong,"{""dim"": 1, ""distance"": 12, ""length"": 48, ""n_sources"": 1}",3,True,False,0,0.0,0.0,0.0,0.0,"[0.0, 0.0, 0.0]",0.0,0.0,0.0,0.7266805406014125,10010880
f0b8b7c55f92,bdh_cq,propagate,40000,2,strong,"{""dim"": 1, ""distance"": 24, ""length"": 48, ""n_sources"": 1}",3,True,False,0,0.0,0.0,0.0,0.0,"[0.0, 0.0, 0.0]",0.0,0.0,0.0,0.5356388909518719,10010880
f0b8b7c55f92,bdh_cq,propagate,2500,4,strong,"{""dim"": 1, ""distance"": 12, ""length"": 48, ""n_sources"": 1}",3,True,False,0,0.0,0.0,0.0,0.0,"[0.0, 0.0, 0.0]",0.0,0.0,0.0,0.7395694291591645,10010880
f0b8b7c55f92,bdh_cq,propagate,2500,4,strong,"{""dim"": 1, ""distance"": 24, ""length"": 48, ""n_sources"": 1}",3,True,False,0,0.0,0.0,0.0,0.0,"[0.0, 0.0, 0.0]",0.0,0.0,0.0,0.5949166698853174,10010880
f0b8b7c55f92,bdh_cq,propagate,5000,4,strong,"{""dim"": 1, ""distance"": 12, ""length"": 48, ""n_sources"": 1}",3,True,False,0,0.0,0.0,0.0,0.0,"[0.0, 0.0, 0.0]",0.0,0.0,0.0,0.7238749837080638,10010880
f0b8b7c55f92,bdh_cq,propagate,5000,4,strong,"{""dim"": 1, ""distance"": 24, ""length"": 48, ""n_sources"": 1}",3,True,False,0,0.0,0.0,0.0,0.0,"[0.0, 0.0, 0.0]",0.0,0.0,0.0,0.5586250020662944,10010880
f0b8b7c55f92,bdh_cq,propagate,7500,4,strong,"{""dim"": 1, ""distance"": 12, ""length"": 48, ""n_sources"": 1}",3,True,False,0,0.0,0.0,0.0,0.0,"[0.0, 0.0, 0.0]",0.0,0.0,0.0,0.7296527622938157,10010880
f0b8b7c55f92,bdh_cq,propagate,7500,4,strong,"{""dim"": 1, ""distance"": 24, ""length"": 48, ""n_sources"": 1}",3,True,False,0,0.0,0.0,0.0,0.0,"[0.0, 0.0, 0.0]",0.0,0.0,0.0,0.5735000014702479,10010880
f0b8b7c55f92,bdh_cq,propagate,10000,4,strong,"{""dim"": 1, ""distance"": 12, ""length"": 48, ""n_sources"": 1}",3,True,False,0,0.0,0.0,0.0,0.0,"[0.0, 0.0, 0.0]",0.0,0.0,0.0,0.7404305416345597,10010880
f0b8b7c55f92,bdh_cq,propagate,10000,4,strong,"{""dim"": 1, ""distance"": 24, ""length"": 48, ""n_sources"": 1}",3,True,False,0,0.0,0.0,0.0,0.0,"[0.0, 0.0, 0.0]",0.0,0.0,0.0,0.6086250000596046,10010880
f0b8b7c55f92,bdh_cq,propagate,12500,4,strong,"{""dim"": 1, ""distance"": 12, ""length"": 48, ""n_sources"": 1}",3,True,False,0,0.0,0.0,0.0,0.0,"[0.0, 0.0, 0.0]",0.0,0.0,0.0,0.7257222063541412,10010880
f0b8b7c55f92,bdh_cq,propagate,12500,4,strong,"{""dim"": 1, ""distance"": 24, ""length"": 48, ""n_sources"": 1}",3,True,False,0,0.0,0.0,0.0,0.0,"[0.0, 0.0, 0.0]",0.0,0.0,0.0,0.5641805565655232,10010880
f0b8b7c55f92,bdh_cq,propagate,15000,4,strong,"{""dim"": 1, ""distance"": 12, ""length"": 48, ""n_sources"": 1}",3,True,False,0,0.0,0.0,0.0,0.0,"[0.0, 0.0, 0.0]",0.0,0.0,0.0,0.7186249845425287,10010880
f0b8b7c55f92,bdh_cq,propagate,15000,4,strong,"{""dim"": 1, ""distance"": 24, ""length"": 48, ""n_sources"": 1}",3,True,False,0,0.0,0.0,0.0,0.0,"[0.0, 0.0, 0.0]",0.0,0.0,0.0,0.5373750005463759,10010880
f0b8b7c55f92,bdh_cq,propagate,17500,4,strong,"{""dim"": 1, ""distance"": 12, ""length"": 48, ""n_sources"": 1}",3,True,False,0,0.0,0.0,0.0,0.0,"[0.0, 0.0, 0.0]",0.0,0.0,0.0,0.7213749855955441,10010880
f0b8b7c55f92,bdh_cq,propagate,17500,4,strong,"{""dim"": 1, ""distance"": 24, ""length"": 48, ""n_sources"": 1}",3,True,False,0,0.0,0.0,0.0,0.0,"[0.0, 0.0, 0.0]",0.0,0.0,0.0,0.5376944467276336,10010880
f0b8b7c55f92,bdh_cq,propagate,20000,4,strong,"{""dim"": 1, ""distance"": 12, ""length"": 48, ""n_sources"": 1}",3,True,False,0,0.0,0.0,0.0,0.0,"[0.0, 0.0, 0.0]",0.0,0.0,0.0,0.7159166507124901,10010880
f0b8b7c55f92,bdh_cq,propagate,20000,4,strong,"{""dim"": 1, ""distance"": 24, ""length"": 48, ""n_sources"": 1}",3,True,False,0,0.0,0.0,0.0,0.0,"[0.0, 0.0, 0.0]",0.0,0.0,0.0,0.5050833363433679,10010880
f0b8b7c55f92,bdh_cq,propagate,22500,4,strong,"{""dim"": 1, ""distance"": 12, ""length"": 48, ""n_sources"": 1}",3,True,False,0,0.0,0.0,0.0,0.0,"[0.0, 0.0, 0.0]",0.0,0.0,0.0,0.7207222073276838,10010880
f0b8b7c55f92,bdh_cq,propagate,22500,4,strong,"{""dim"": 1, ""distance"": 24, ""length"": 48, ""n_sources"": 1}",3,True,False,0,0.0,0.0,0.0,0.0,"[0.0, 0.0, 0.0]",0.0,0.0,0.0,0.5198888911853233,10010880
f0b8b7c55f92,bdh_cq,propagate,25000,4,strong,"{""dim"": 1, ""distance"": 12, ""length"": 48, ""n_sources"": 1}",3,True,False,0,0.0,0.0,0.0,0.0,"[0.0, 0.0, 0.0]",0.0,0.0,0.0,0.7219027626514435,10010880
f0b8b7c55f92,bdh_cq,propagate,25000,4,strong,"{""dim"": 1, ""distance"": 24, ""length"": 48, ""n_sources"": 1}",3,True,False,0,0.0,0.0,0.0,0.0,"[0.0, 0.0, 0.0]",0.0,0.0,0.0,0.5258055579637487,10010880
f0b8b7c55f92,bdh_cq,propagate,27500,4,strong,"{""dim"": 1, ""distance"": 12, ""length"": 48, ""n_sources"": 1}",3,True,False,0,0.0,0.0,0.0,0.0,"[0.0, 0.0, 0.0]",0.0,0.0,0.0,0.7292360972563426,10010880
f0b8b7c55f92,bdh_cq,propagate,27500,4,strong,"{""dim"": 1, ""distance"": 24, ""length"": 48, ""n_sources"": 1}",3,True,False,0,0.0,0.0,0.0,0.0,"[0.0, 0.0, 0.0]",0.0,0.0,0.0,0.5484166686634223,10010880
f0b8b7c55f92,bdh_cq,propagate,30000,4,strong,"{""dim"": 1, ""distance"": 12, ""length"": 48, ""n_sources"": 1}",3,True,False,0,0.0,0.0,0.0,0.0,"[0.0, 0.0, 0.0]",0.0,0.0,0.0,0.7331110978722574,10010880
f0b8b7c55f92,bdh_cq,propagate,30000,4,strong,"{""dim"": 1, ""distance"": 24, ""length"": 48, ""n_sources"": 1}",3,True,False,0,0.0,0.0,0.0,0.0,"[0.0, 0.0, 0.0]",0.0,0.0,0.0,0.5621111130764086,10010880
f0b8b7c55f92,bdh_cq,propagate,32500,4,strong,"{""dim"": 1, ""distance"": 12, ""length"": 48, ""n_sources"": 1}",3,True,False,0,0.0,0.0,0.0,0.0,"[0.0, 0.0, 0.0]",0.0,0.0,0.0,0.7294999858140945,10010880
f0b8b7c55f92,bdh_cq,propagate,32500,4,strong,"{""dim"": 1, ""distance"": 24, ""length"": 48, ""n_sources"": 1}",3,True,False,0,0.0,0.0,0.0,0.0,"[0.0, 0.0, 0.0]",0.0,0.0,0.0,0.547375001847744,10010880
f0b8b7c55f92,bdh_cq,propagate,35000,4,strong,"{""dim"": 1, ""distance"": 12, ""length"": 48, ""n_sources"": 1}",3,True,False,0,0.0,0.0,0.0,0.0,"[0.0, 0.0, 0.0]",0.0,0.0,0.0,0.7280555410385131,10010880
f0b8b7c55f92,bdh_cq,propagate,35000,4,strong,"{""dim"": 1, ""distance"": 24, ""length"": 48, ""n_sources"": 1}",3,True,False,0,0.0,0.0,0.0,0.0,"[0.0, 0.0, 0.0]",0.0,0.0,0.0,0.5433611131558815,10010880
f0b8b7c55f92,bdh_cq,propagate,37500,4,strong,"{""dim"": 1, ""distance"": 12, ""length"": 48, ""n_sources"": 1}",3,True,False,0,0.0,0.0,0.0,0.0,"[0.0, 0.0, 0.0]",0.0,0.0,0.0,0.7267499856551488,10010880
f0b8b7c55f92,bdh_cq,propagate,37500,4,strong,"{""dim"": 1, ""distance"": 24, ""length"": 48, ""n_sources"": 1}",3,True,False,0,0.0,0.0,0.0,0.0,"[0.0, 0.0, 0.0]",0.0,0.0,0.0,0.5402916685591141,10010880
f0b8b7c55f92,bdh_cq,propagate,40000,4,strong,"{""dim"": 1, ""distance"": 12, ""length"": 48, ""n_sources"": 1}",3,True,False,0,0.0,0.0,0.0,0.0,"[0.0, 0.0, 0.0]",0.0,0.0,0.0,0.7266110965013505,10010880
f0b8b7c55f92,bdh_cq,propagate,40000,4,strong,"{""dim"": 1, ""distance"": 24, ""length"": 48, ""n_sources"": 1}",3,True,False,0,0.0,0.0,0.0,0.0,"[0.0, 0.0, 0.0]",0.0,0.0,0.0,0.5399305576235056,10010880
f0b8b7c55f92,bdh_cq,propagate,40000,8,strong,"{""dim"": 1, ""distance"": 12, ""length"": 48, ""n_sources"": 1}",3,True,False,0,0.0,0.0,0.0,0.0,"[0.0, 0.0, 0.0]",0.0,0.0,0.0,0.7273472084005673,10010880
f0b8b7c55f92,bdh_cq,propagate,40000,8,strong,"{""dim"": 1, ""distance"": 24, ""length"": 48, ""n_sources"": 1}",3,True,False,0,0.0,0.0,0.0,0.0,"[0.0, 0.0, 0.0]",0.0,0.0,0.0,0.5478333351612091,10010880
f0b8b7c55f92,bdh_cq,propagate,2500,16,strong,"{""dim"": 1, ""distance"": 12, ""length"": 48, ""n_sources"": 1}",3,True,False,0,0.0,0.0,0.0,0.0,"[0.0, 0.0, 0.0]",0.0,0.0,0.0,0.7347222064336142,10010880
f0b8b7c55f92,bdh_cq,propagate,2500,16,strong,"{""dim"": 1, ""distance"": 24, ""length"": 48, ""n_sources"": 1}",3,True,False,0,0.0,0.0,0.0,0.0,"[0.0, 0.0, 0.0]",0.0,0.0,0.0,0.5774305596152942,10010880
f0b8b7c55f92,bdh_cq,propagate,5000,16,strong,"{""dim"": 1, ""distance"": 12, ""length"": 48, ""n_sources"": 1}",3,True,False,0,0.0,0.0,0.0,0.0,"[0.0, 0.0, 0.0]",0.0,0.0,0.0,0.7227916506528854,10010880
f0b8b7c55f92,bdh_cq,propagate,5000,16,strong,"{""dim"": 1, ""distance"": 24, ""length"": 48, ""n_sources"": 1}",3,True,False,0,0.0,0.0,0.0,0.0,"[0.0, 0.0, 0.0]",0.0,0.0,0.0,0.5617916696667672,10010880
f0b8b7c55f92,bdh_cq,propagate,7500,16,strong,"{""dim"": 1, ""distance"": 12, ""length"": 48, ""n_sources"": 1}",3,True,False,0,0.0,0.0,0.0,0.0,"[0.0, 0.0, 0.0]",0.0,0.0,0.0,0.7239166541894276,10010880
f0b8b7c55f92,bdh_cq,propagate,7500,16,strong,"{""dim"": 1, ""distance"": 24, ""length"": 48, ""n_sources"": 1}",3,True,False,0,0.0,0.0,0.0,0.0,"[0.0, 0.0, 0.0]",0.0,0.0,0.0,0.5806527798970541,10010880
f0b8b7c55f92,bdh_cq,propagate,10000,16,strong,"{""dim"": 1, ""distance"": 12, ""length"": 48, ""n_sources"": 1}",3,True,False,0,0.0,0.0,0.0,0.0,"[0.0, 0.0, 0.0]",0.0,0.0,0.0,0.7313888781865439,10010880
f0b8b7c55f92,bdh_cq,propagate,10000,16,strong,"{""dim"": 1, ""distance"": 24, ""length"": 48, ""n_sources"": 1}",3,True,False,0,0.0,0.0,0.0,0.0,"[0.0, 0.0, 0.0]",0.0,0.0,0.0,0.5879861129522324,10010880
f0b8b7c55f92,bdh_cq,propagate,12500,16,strong,"{""dim"": 1, ""distance"": 12, ""length"": 48, ""n_sources"": 1}",3,True,False,0,0.0,0.0,0.0,0.0,"[0.0, 0.0, 0.0]",0.0,0.0,0.0,0.716680544257164,10010880
f0b8b7c55f92,bdh_cq,propagate,12500,16,strong,"{""dim"": 1, ""distance"": 24, ""length"": 48, ""n_sources"": 1}",3,True,False,0,0.0,0.0,0.0,0.0,"[0.0, 0.0, 0.0]",0.0,0.0,0.0,0.5389861128032208,10010880
f0b8b7c55f92,bdh_cq,propagate,15000,16,strong,"{""dim"": 1, ""distance"": 12, ""length"": 48, ""n_sources"": 1}",3,True,False,0,0.0,0.0,0.0,0.0,"[0.0, 0.0, 0.0]",0.0,0.0,0.0,0.7154722090363502,10010880
f0b8b7c55f92,bdh_cq,propagate,15000,16,strong,"{""dim"": 1, ""distance"": 24, ""length"": 48, ""n_sources"": 1}",3,True,False,0,0.0,0.0,0.0,0.0,"[0.0, 0.0, 0.0]",0.0,0.0,0.0,0.5378611131310463,10010880
f0b8b7c55f92,bdh_cq,propagate,17500,16,strong,"{""dim"": 1, ""distance"": 12, ""length"": 48, ""n_sources"": 1}",3,True,False,0,0.0,0.0,0.0,0.0,"[0.0, 0.0, 0.0]",0.0,0.0,0.0,0.717291653474172,10010880
f0b8b7c55f92,bdh_cq,propagate,17500,16,strong,"{""dim"": 1, ""distance"": 24, ""length"": 48, ""n_sources"": 1}",3,True,False,0,0.0,0.0,0.0,0.0,"[0.0, 0.0, 0.0]",0.0,0.0,0.0,0.5409722253382205,10010880
f0b8b7c55f92,bdh_cq,propagate,20000,16,strong,"{""dim"": 1, ""distance"": 12, ""length"": 48, ""n_sources"": 1}",3,True,False,0,0.0,0.0,0.0,0.0,"[0.0, 0.0, 0.0]",0.0,0.0,0.0,0.715902762512366,10010880
f0b8b7c55f92,bdh_cq,propagate,20000,16,strong,"{""dim"": 1, ""distance"": 24, ""length"": 48, ""n_sources"": 1}",3,True,False,0,0.0,0.0,0.0,0.0,"[0.0, 0.0, 0.0]",0.0,0.0,0.0,0.516472225566705,10010880
f0b8b7c55f92,bdh_cq,propagate,22500,16,strong,"{""dim"": 1, ""distance"": 12, ""length"": 48, ""n_sources"": 1}",3,True,False,0,0.0,0.0,0.0,0.0,"[0.0, 0.0, 0.0]",0.0,0.0,0.0,0.7191805412968,10010880
f0b8b7c55f92,bdh_cq,propagate,22500,16,strong,"{""dim"": 1, ""distance"": 24, ""length"": 48, ""n_sources"": 1}",3,True,False,0,0.0,0.0,0.0,0.0,"[0.0, 0.0, 0.0]",0.0,0.0,0.0,0.5247222247670095,10010880
f0b8b7c55f92,bdh_cq,propagate,25000,16,strong,"{""dim"": 1, ""distance"": 12, ""length"": 48, ""n_sources"": 1}",3,True,False,0,0.0,0.0,0.0,0.0,"[0.0, 0.0, 0.0]",0.0,0.0,0.0,0.7201944302717843,10010880
f0b8b7c55f92,bdh_cq,propagate,25000,16,strong,"{""dim"": 1, ""distance"": 24, ""length"": 48, ""n_sources"": 1}",3,True,False,0,0.0,0.0,0.0,0.0,"[0.0, 0.0, 0.0]",0.0,0.0,0.0,0.5289444474925596,10010880
f0b8b7c55f92,bdh_cq,propagate,27500,16,strong,"{""dim"": 1, ""distance"": 12, ""length"": 48, ""n_sources"": 1}",3,True,False,0,0.0,0.0,0.0,0.0,"[0.0, 0.0, 0.0]",0.0,0.0,0.0,0.7306249864101412,10010880
f0b8b7c55f92,bdh_cq,propagate,27500,16,strong,"{""dim"": 1, ""distance"": 24, ""length"": 48, ""n_sources"": 1}",3,True,False,0,0.0,0.0,0.0,0.0,"[0.0, 0.0, 0.0]",0.0,0.0,0.0,0.5598611136128505,10010880
f0b8b7c55f92,bdh_cq,propagate,30000,16,strong,"{""dim"": 1, ""distance"": 12, ""length"": 48, ""n_sources"": 1}",3,True,False,0,0.0,0.0,0.0,0.0,"[0.0, 0.0, 0.0]",0.0,0.0,0.0,0.7352222092549004,10010880
f0b8b7c55f92,bdh_cq,propagate,30000,16,strong,"{""dim"": 1, ""distance"": 24, ""length"": 48, ""n_sources"": 1}",3,True,False,0,0.0,0.0,0.0,0.0,"[0.0, 0.0, 0.0]",0.0,0.0,0.0,0.579944446320335,10010880
f0b8b7c55f92,bdh_cq,propagate,32500,16,strong,"{""dim"": 1, ""distance"": 12, ""length"": 48, ""n_sources"": 1}",3,True,False,0,0.0,0.0,0.0,0.0,"[0.0, 0.0, 0.0]",0.0,0.0,0.0,0.730874986588955,10010880
f0b8b7c55f92,bdh_cq,propagate,32500,16,strong,"{""dim"": 1, ""distance"": 24, ""length"": 48, ""n_sources"": 1}",3,True,False,0,0.0,0.0,0.0,0.0,"[0.0, 0.0, 0.0]",0.0,0.0,0.0,0.5654583357671896,10010880
f0b8b7c55f92,bdh_cq,propagate,35000,16,strong,"{""dim"": 1, ""distance"": 12, ""length"": 48, ""n_sources"": 1}",3,True,False,0,0.0,0.0,0.0,0.0,"[0.0, 0.0, 0.0]",0.0,0.0,0.0,0.7301805422703426,10010880
f0b8b7c55f92,bdh_cq,propagate,35000,16,strong,"{""dim"": 1, ""distance"": 24, ""length"": 48, ""n_sources"": 1}",3,True,False,0,0.0,0.0,0.0,0.0,"[0.0, 0.0, 0.0]",0.0,0.0,0.0,0.5596388908475638,10010880
f0b8b7c55f92,bdh_cq,propagate,37500,16,strong,"{""dim"": 1, ""distance"": 12, ""length"": 48, ""n_sources"": 1}",3,True,False,0,0.0,0.0,0.0,0.0,"[0.0, 0.0, 0.0]",0.0,0.0,0.0,0.7283472089370092,10010880
f0b8b7c55f92,bdh_cq,propagate,37500,16,strong,"{""dim"": 1, ""distance"": 24, ""length"": 48, ""n_sources"": 1}",3,True,False,0,0.0,0.0,0.0,0.0,"[0.0, 0.0, 0.0]",0.0,0.0,0.0,0.5535694465984902,10010880
f0b8b7c55f92,bdh_cq,propagate,40000,16,strong,"{""dim"": 1, ""distance"": 12, ""length"": 48, ""n_sources"": 1}",3,True,False,0,0.0,0.0,0.0,0.0,"[0.0, 0.0, 0.0]",0.0,0.0,0.0,0.7277222087780634,10010880
f0b8b7c55f92,bdh_cq,propagate,40000,16,strong,"{""dim"": 1, ""distance"": 24, ""length"": 48, ""n_sources"": 1}",3,True,False,0,0.0,0.0,0.0,0.0,"[0.0, 0.0, 0.0]",0.0,0.0,0.0,0.5537777800609668,10010880
f0b8b7c55f92,bdh_cq,propagate,40000,32,strong,"{""dim"": 1, ""distance"": 12, ""length"": 48, ""n_sources"": 1}",3,True,False,0,0.0,0.0,0.0,0.0,"[0.0, 0.0, 0.0]",0.0,0.0,0.0,0.7353333192467689,10010880
f0b8b7c55f92,bdh_cq,propagate,40000,32,strong,"{""dim"": 1, ""distance"": 24, ""length"": 48, ""n_sources"": 1}",3,True,False,0,0.0,0.0,0.0,0.0,"[0.0, 0.0, 0.0]",0.0,0.0,0.0,0.5587222242752711,10010880
2d1c70257fcb,looped_transformer,propagate,2500,1,interp,"{""dim"": 1, ""distance"": 1, ""length"": 12, ""n_sources"": 1}",3,True,False,0,0.9411177644710579,0.018988320948543348,0.9221556886227545,0.9670658682634731,"[0.9341317365269461, 0.9670658682634731, 0.9221556886227545]",0.9221556886227545,0.9670658682634731,0.9411177644710579,0.9948436470921643,9965316
2d1c70257fcb,looped_transformer,propagate,2500,1,interp,"{""dim"": 1, ""distance"": 2, ""length"": 12, ""n_sources"": 1}",3,True,False,0,0.944944944944945,0.014981611158254008,0.924924924924925,0.960960960960961,"[0.948948948948949, 0.960960960960961, 0.924924924924925]",0.924924924924925,0.960960960960961,0.944944944944945,0.9940774114998252,9965316
2d1c70257fcb,looped_transformer,propagate,2500,1,interp,"{""dim"": 1, ""distance"": 4, ""length"": 12, ""n_sources"": 1}",3,True,False,0,0.934934934934935,0.016325832262562626,0.9219219219219219,0.9579579579579579,"[0.9579579579579579, 0.924924924924925, 0.9219219219219219]",0.9219219219219218,0.9579579579579579,0.934934934934935,0.9897397403363829,9965316
2d1c70257fcb,looped_transformer,propagate,5000,1,interp,"{""dim"": 1, ""distance"": 1, ""length"": 12, ""n_sources"": 1}",3,True,False,0,0.9760479041916167,0.00488920108339955,0.9700598802395209,0.9820359281437125,"[0.9760479041916168, 0.9700598802395209, 0.9820359281437125]",0.9700598802395209,0.9820359281437124,0.9760479041916167,0.9978376584138698,9965316
2d1c70257fcb,looped_transformer,propagate,5000,1,interp,"{""dim"": 1, ""distance"": 2, ""length"": 12, ""n_sources"": 1}",3,True,False,0,0.976976976976977,0.0120951411147093,0.9669669669669669,0.993993993993994,"[0.993993993993994, 0.9669669669669669, 0.96996996996997]",0.9669669669669668,0.993993993993994,0.976976976976977,0.9974974977361547,9965316
2d1c70257fcb,looped_transformer,propagate,5000,1,interp,"{""dim"": 1, ""distance"": 4, ""length"": 12, ""n_sources"": 1}",3,True,False,0,0.9729729729729729,0.0064872279263341855,0.9669669669669669,0.9819819819819819,"[0.9669669669669669, 0.96996996996997, 0.9819819819819819]",0.9669669669669668,0.9819819819819818,0.9729729729729729,0.996329663274763,9965316
2d1c70257fcb,looped_transformer,propagate,7500,1,interp,"{""dim"": 1, ""distance"": 1, ""length"": 12, ""n_sources"": 1}",3,True,False,0,0.9830339321357284,0.008585154957128369,0.9730538922155688,0.9940119760479041,"[0.9730538922155688, 0.9940119760479041, 0.9820359281437125]",0.9730538922155688,0.9940119760479041,0.9830339321357284,0.9985861613483963,9965316
2d1c70257fcb,looped_transformer,propagate,7500,1,interp,"{""dim"": 1, ""distance"": 2, ""length"": 12, ""n_sources"": 1}",3,True,False,0,0.98998998998999,0.0037454027895635097,0.984984984984985,0.993993993993994,"[0.990990990990991, 0.993993993993994, 0.984984984984985]",0.984984984984985,0.993993993993994,0.98998998998999,0.9985819153480224,9965316
2d1c70257fcb,looped_transformer,propagate,7500,1,interp,"{""dim"": 1, ""distance"": 4, ""length"": 12, ""n_sources"": 1}",3,True,False,0,0.985985985985986,0.006170584587556531,0.978978978978979,0.993993993993994,"[0.978978978978979, 0.984984984984985, 0.993993993993994]",0.978978978978979,0.993993993993994,0.985985985985986,0.998164831518053,9965316
2d1c70257fcb,looped_transformer,propagate,10000,1,interp,"{""dim"": 1, ""distance"": 1, ""length"": 12, ""n_sources"": 1}",3,True,False,0,0.9880239520958084,0.004234172342434423,0.9820359281437125,0.9910179640718563,"[0.9820359281437125, 0.9910179640718563, 0.9910179640718563]",0.9820359281437124,0.9910179640718563,0.9880239520958084,0.998918829206935,9965316
2d1c70257fcb,looped_transformer,propagate,10000,1,interp,"{""dim"": 1, ""distance"": 2, ""length"": 12, ""n_sources"": 1}",3,True,False,0,0.985985985985986,0.005104123637230002,0.978978978978979,0.990990990990991,"[0.990990990990991, 0.978978978978979, 0.987987987987988]",0.978978978978979,0.990990990990991,0.985985985985986,0.9988321657772655,9965316
2d1c70257fcb,looped_transformer,propagate,10000,1,interp,"{""dim"": 1, ""distance"": 4, ""length"": 12, ""n_sources"": 1}",3,True,False,0,0.990990990990991,0.004903883368935272,0.984984984984985,0.996996996996997,"[0.984984984984985, 0.996996996996997, 0.990990990990991]",0.984984984984985,0.9969969969969968,0.990990990990991,0.9991658326383827,9965316
2d1c70257fcb,looped_transformer,propagate,12500,1,interp,"{""dim"": 1, ""distance"": 1, ""length"": 12, ""n_sources"": 1}",3,True,False,0,0.9900199600798403,0.005645563123245881,0.9820359281437125,0.9940119760479041,"[0.9940119760479041, 0.9940119760479041, 0.9820359281437125]",0.9820359281437124,0.9940119760479041,0.9900199600798403,0.999168330204939,9965316
2d1c70257fcb,looped_transformer,propagate,12500,1,interp,"{""dim"": 1, ""distance"": 2, ""length"": 12, ""n_sources"": 1}",3,True,False,0,0.9929929929929929,0.002831258383129308,0.990990990990991,0.996996996996997,"[0.990990990990991, 0.996996996996997, 0.990990990990991]",0.990990990990991,0.9969969969969968,0.9929929929929929,0.9991658325787182,9965316
2d1c70257fcb,looped_transformer,propagate,12500,1,interp,"{""dim"": 1, ""distance"": 4, ""length"": 12, ""n_sources"": 1}",3,True,False,0,0.9969969969969968,0.002451941684467636,0.993993993993994,1.0,"[1.0, 0.993993993993994, 0.996996996996997]",0.993993993993994,1.0,0.9969969969969968,0.9996663330195545,9965316
2d1c70257fcb,looped_transformer,propagate,15000,1,interp,"{""dim"": 1, ""distance"": 1, ""length"": 12, ""n_sources"": 1}",3,True,False,0,0.9870259481037924,0.005088841829932901,0.9820359281437125,0.9940119760479041,"[0.9820359281437125, 0.9940119760479041, 0.9850299401197605]",0.9820359281437124,0.9940119760479041,0.9870259481037924,0.9989188292664206,9965316
2d1c70257fcb,looped_transformer,propagate,15000,1,interp,"{""dim"": 1, ""distance"": 2, ""length"": 12, ""n_sources"": 1}",3,True,False,0,0.9919919919919921,0.0014156291915646802,0.990990990990991,0.993993993993994,"[0.990990990990991, 0.993993993993994, 0.990990990990991]",0.990990990990991,0.993993993993994,0.9919919919919921,0.9993326661584375,9965316
2d1c70257fcb,looped_transformer,propagate,15000,1,interp,"{""dim"": 1, ""distance"": 4, ""length"": 12, ""n_sources"": 1}",3,True,False,0,0.9969969969969968,0.002451941684467636,0.993993993993994,1.0,"[1.0, 0.993993993993994, 0.996996996996997]",0.993993993993994,1.0,0.9969969969969968,0.9994994994398351,9965316
2d1c70257fcb,looped_transformer,propagate,17500,1,interp,"{""dim"": 1, ""distance"": 1, ""length"": 12, ""n_sources"": 1}",3,True,False,0,0.9950099800399202,0.0037341890087564385,0.9910179640718563,1.0,"[1.0, 0.9910179640718563, 0.9940119760479041]",0.9910179640718563,1.0,0.9950099800399202,0.9995841651024695,9965316
2d1c70257fcb,looped_transformer,propagate,17500,1,interp,"{""dim"": 1, ""distance"": 2, ""length"": 12, ""n_sources"": 1}",3,True,False,0,0.993993993993994,0.004903883368935272,0.987987987987988,1.0,"[0.993993993993994, 1.0, 0.987987987987988]",0.9879879879879881,1.0,0.993993993993994,0.9994994996188282,9965316
2d1c70257fcb,looped_transformer,propagate,17500,1,interp,"{""dim"": 1, ""distance"": 4, ""length"": 12, ""n_sources"": 1}",3,True,False,0,0.9919919919919918,0.00374540278956347,0.987987987987988,0.996996996996997,"[0.990990990990991, 0.996996996996997, 0.987987987987988]",0.9879879879879881,0.9969969969969968,0.9919919919919918,0.9990824158485231,9965316
2d1c70257fcb,looped_transformer,propagate,20000,1,interp,"{""dim"": 1, ""distance"": 1, ""length"": 12, ""n_sources"": 1}",3,True,False,0,0.999001996007984,0.0014113907808114572,0.9970059880239521,1.0,"[1.0, 0.9970059880239521, 1.0]",0.9970059880239521,1.0,0.999001996007984,0.9999168330204938,9965316
2d1c70257fcb,looped_transformer,propagate,20000,1,interp,"{""dim"": 1, ""distance"": 2, ""length"": 12, ""n_sources"": 1}",3,True,False,0,0.9979979979979979,0.0014156291915646802,0.996996996996997,1.0,"[1.0, 0.996996996996997, 0.996996996996997]",0.9969969969969968,1.0,0.9979979979979979,0.9997497497497498,9965316
2d1c70257fcb,looped_transformer,propagate,20000,1,interp,"{""dim"": 1, ""distance"": 4, ""length"": 12, ""n_sources"": 1}",3,True,False,0,0.994994994994995,0.0037454027895635097,0.990990990990991,1.0,"[0.993993993993994, 1.0, 0.990990990990991]",0.990990990990991,1.0,0.994994994994995,0.999332666039109,9965316
2d1c70257fcb,looped_transformer,propagate,22500,1,interp,"{""dim"": 1, ""distance"": 1, ""length"": 12, ""n_sources"": 1}",3,True,False,0,1.0,0.0,1.0,1.0,"[1.0, 1.0, 1.0]",1.0,1.0,1.0,1.0,9965316
2d1c70257fcb,looped_transformer,propagate,22500,1,interp,"{""dim"": 1, ""distance"": 2, ""length"": 12, ""n_sources"": 1}",3,True,False,0,0.998998998998999,0.0014156291915646802,0.996996996996997,1.0,"[1.0, 0.996996996996997, 1.0]",0.9969969969969968,1.0,0.998998998998999,0.9998331664799451,9965316
2d1c70257fcb,looped_transformer,propagate,22500,1,interp,"{""dim"": 1, ""distance"": 4, ""length"": 12, ""n_sources"": 1}",3,True,False,0,0.998998998998999,0.0014156291915646802,0.996996996996997,1.0,"[1.0, 1.0, 0.996996996996997]",0.9969969969969968,1.0,0.998998998998999,0.9998331664799451,9965316
2d1c70257fcb,looped_transformer,propagate,25000,1,interp,"{""dim"": 1, ""distance"": 1, ""length"": 12, ""n_sources"": 1}",3,True,False,0,0.9980039920159681,0.0014113907808114572,0.9970059880239521,1.0,"[1.0, 0.9970059880239521, 0.9970059880239521]",0.9970059880239521,1.0,0.9980039920159681,0.9998336660409878,9965316
2d1c70257fcb,looped_transformer,propagate,25000,1,interp,"{""dim"": 1, ""distance"": 2, ""length"": 12, ""n_sources"": 1}",3,True,False,0,0.998998998998999,0.0014156291915646802,0.996996996996997,1.0,"[0.996996996996997, 1.0, 1.0]",0.9969969969969968,1.0,0.998998998998999,0.9999165832698047,9965316
2d1c70257fcb,looped_transformer,propagate,25000,1,interp,"{""dim"": 1, ""distance"": 4, ""length"": 12, ""n_sources"": 1}",3,True,False,0,0.998998998998999,0.0014156291915646802,0.996996996996997,1.0,"[1.0, 0.996996996996997, 1.0]",0.9969969969969968,1.0,0.998998998998999,0.9999165832698047,9965316
2d1c70257fcb,looped_transformer,propagate,27500,1,interp,"{""dim"": 1, ""distance"": 1, ""length"": 12, ""n_sources"": 1}",3,True,False,0,0.9980039920159681,0.002822781561622967,0.9940119760479041,1.0,"[0.9940119760479041, 1.0, 1.0]",0.9940119760479041,1.0,0.9980039920159681,0.9998336660409878,9965316
2d1c70257fcb,looped_transformer,propagate,27500,1,interp,"{""dim"": 1, ""distance"": 2, ""length"": 12, ""n_sources"": 1}",3,True,False,0,1.0,0.0,1.0,1.0,"[1.0, 1.0, 1.0]",1.0,1.0,1.0,1.0,9965316
2d1c70257fcb,looped_transformer,propagate,27500,1,interp,"{""dim"": 1, ""distance"": 4, ""length"": 12, ""n_sources"": 1}",3,True,False,0,1.0,0.0,1.0,1.0,"[1.0, 1.0, 1.0]",1.0,1.0,1.0,1.0,9965316
2d1c70257fcb,looped_transformer,propagate,30000,1,interp,"{""dim"": 1, ""distance"": 1, ""length"": 12, ""n_sources"": 1}",3,True,False,0,0.999001996007984,0.0014113907808114572,0.9970059880239521,1.0,"[1.0, 0.9970059880239521, 1.0]",0.9970059880239521,1.0,0.999001996007984,0.9999168330204938,9965316
2d1c70257fcb,looped_transformer,propagate,30000,1,interp,"{""dim"": 1, ""distance"": 2, ""length"": 12, ""n_sources"": 1}",3,True,False,0,1.0,0.0,1.0,1.0,"[1.0, 1.0, 1.0]",1.0,1.0,1.0,1.0,9965316
2d1c70257fcb,looped_transformer,propagate,30000,1,interp,"{""dim"": 1, ""distance"": 4, ""length"": 12, ""n_sources"": 1}",3,True,False,0,1.0,0.0,1.0,1.0,"[1.0, 1.0, 1.0]",1.0,1.0,1.0,1.0,9965316
2d1c70257fcb,looped_transformer,propagate,32500,1,interp,"{""dim"": 1, ""distance"": 1, ""length"": 12, ""n_sources"": 1}",3,True,False,0,1.0,0.0,1.0,1.0,"[1.0, 1.0, 1.0]",1.0,1.0,1.0,1.0,9965316
2d1c70257fcb,looped_transformer,propagate,32500,1,interp,"{""dim"": 1, ""distance"": 2, ""length"": 12, ""n_sources"": 1}",3,True,False,0,1.0,0.0,1.0,1.0,"[1.0, 1.0, 1.0]",1.0,1.0,1.0,1.0,9965316
2d1c70257fcb,looped_transformer,propagate,32500,1,interp,"{""dim"": 1, ""distance"": 4, ""length"": 12, ""n_sources"": 1}",3,True,False,0,1.0,0.0,1.0,1.0,"[1.0, 1.0, 1.0]",1.0,1.0,1.0,1.0,9965316
2d1c70257fcb,looped_transformer,propagate,35000,1,interp,"{""dim"": 1, ""distance"": 1, ""length"": 12, ""n_sources"": 1}",3,True,False,0,1.0,0.0,1.0,1.0,"[1.0, 1.0, 1.0]",1.0,1.0,1.0,1.0,9965316
2d1c70257fcb,looped_transformer,propagate,35000,1,interp,"{""dim"": 1, ""distance"": 2, ""length"": 12, ""n_sources"": 1}",3,True,False,0,1.0,0.0,1.0,1.0,"[1.0, 1.0, 1.0]",1.0,1.0,1.0,1.0,9965316
2d1c70257fcb,looped_transformer,propagate,35000,1,interp,"{""dim"": 1, ""distance"": 4, ""length"": 12, ""n_sources"": 1}",3,True,False,0,1.0,0.0,1.0,1.0,"[1.0, 1.0, 1.0]",1.0,1.0,1.0,1.0,9965316
2d1c70257fcb,looped_transformer,propagate,37500,1,interp,"{""dim"": 1, ""distance"": 1, ""length"": 12, ""n_sources"": 1}",3,True,False,0,1.0,0.0,1.0,1.0,"[1.0, 1.0, 1.0]",1.0,1.0,1.0,1.0,9965316
2d1c70257fcb,looped_transformer,propagate,37500,1,interp,"{""dim"": 1, ""distance"": 2, ""length"": 12, ""n_sources"": 1}",3,True,False,0,1.0,0.0,1.0,1.0,"[1.0, 1.0, 1.0]",1.0,1.0,1.0,1.0,9965316
2d1c70257fcb,looped_transformer,propagate,37500,1,interp,"{""dim"": 1, ""distance"": 4, ""length"": 12, ""n_sources"": 1}",3,True,False,0,1.0,0.0,1.0,1.0,"[1.0, 1.0, 1.0]",1.0,1.0,1.0,1.0,9965316
2d1c70257fcb,looped_transformer,propagate,40000,1,interp,"{""dim"": 1, ""distance"": 1, ""length"": 12, ""n_sources"": 1}",3,True,False,0,1.0,0.0,1.0,1.0,"[1.0, 1.0, 1.0]",1.0,1.0,1.0,1.0,9965316
2d1c70257fcb,looped_transformer,propagate,40000,1,interp,"{""dim"": 1, ""distance"": 2, ""length"": 12, ""n_sources"": 1}",3,True,False,0,1.0,0.0,1.0,1.0,"[1.0, 1.0, 1.0]",1.0,1.0,1.0,1.0,9965316
2d1c70257fcb,looped_transformer,propagate,40000,1,interp,"{""dim"": 1, ""distance"": 4, ""length"": 12, ""n_sources"": 1}",3,True,False,0,1.0,0.0,1.0,1.0,"[1.0, 1.0, 1.0]",1.0,1.0,1.0,1.0,9965316
2d1c70257fcb,looped_transformer,propagate,40000,2,interp,"{""dim"": 1, ""distance"": 1, ""length"": 12, ""n_sources"": 1}",3,True,False,0,1.0,0.0,1.0,1.0,"[1.0, 1.0, 1.0]",1.0,1.0,1.0,1.0,9965316
2d1c70257fcb,looped_transformer,propagate,40000,2,interp,"{""dim"": 1, ""distance"": 2, ""length"": 12, ""n_sources"": 1}",3,True,False,0,1.0,0.0,1.0,1.0,"[1.0, 1.0, 1.0]",1.0,1.0,1.0,1.0,9965316
2d1c70257fcb,looped_transformer,propagate,40000,2,interp,"{""dim"": 1, ""distance"": 4, ""length"": 12, ""n_sources"": 1}",3,True,False,0,1.0,0.0,1.0,1.0,"[1.0, 1.0, 1.0]",1.0,1.0,1.0,1.0,9965316
2d1c70257fcb,looped_transformer,propagate,2500,4,interp,"{""dim"": 1, ""distance"": 1, ""length"": 12, ""n_sources"": 1}",3,True,False,0,0.873253493013972,0.04891237826284572,0.8143712574850299,0.9341317365269461,"[0.8143712574850299, 0.9341317365269461, 0.8712574850299402]",0.8143712574850298,0.9341317365269463,0.873253493013972,0.9880239539993498,9965316
2d1c70257fcb,looped_transformer,propagate,2500,4,interp,"{""dim"": 1, ""distance"": 2, ""length"": 12, ""n_sources"": 1}",3,True,False,0,0.8828828828828829,0.04541059548433938,0.8288288288288288,0.93993993993994,"[0.8288288288288288, 0.93993993993994, 0.8798798798798799]",0.8288288288288288,0.93993993993994,0.8828828828828829,0.9856523201391623,9965316
2d1c70257fcb,looped_transformer,propagate,2500,4,interp,"{""dim"": 1, ""distance"": 4, ""length"": 12, ""n_sources"": 1}",3,True,False,0,0.8668668668668668,0.048380564458837136,0.7987987987987988,0.9069069069069069,"[0.7987987987987988, 0.9069069069069069, 0.8948948948948949]",0.7987987987987988,0.9069069069069068,0.8668668668668668,0.9808975656230648,9965316
2d1c70257fcb,looped_transformer,propagate,5000,4,interp,"{""dim"": 1, ""distance"": 1, ""length"": 12, ""n_sources"": 1}",3,True,False,0,0.9780439121756488,0.006152109783402197,0.9700598802395209,0.9850299401197605,"[0.9790419161676647, 0.9700598802395209, 0.9850299401197605]",0.9700598802395209,0.9850299401197605,0.9780439121756488,0.998003992372882,9965316
2d1c70257fcb,looped_transformer,propagate,5000,4,interp,"{""dim"": 1, ""distance"": 2, ""length"": 12, ""n_sources"": 1}",3,True,False,0,0.968968968968969,0.01020824727446004,0.954954954954955,0.978978978978979,"[0.978978978978979, 0.972972972972973, 0.954954954954955]",0.954954954954955,0.978978978978979,0.968968968968969,0.9964130800646228,9965316
2d1c70257fcb,looped_transformer,propagate,5000,4,interp,"{""dim"": 1, ""distance"": 4, ""length"": 12, ""n_sources"": 1}",3,True,False,0,0.964964964964965,0.005104123637230038,0.9579579579579579,0.96996996996997,"[0.9579579579579579, 0.9669669669669669, 0.96996996996997]",0.9579579579579579,0.96996996996997,0.964964964964965,0.9949115785631212,9965316
2d1c70257fcb,looped_transformer,propagate,7500,4,interp,"{""dim"": 1, ""distance"": 1, ""length"": 12, ""n_sources"": 1}",3,True,False,0,0.9720558882235529,0.011552731439910419,0.9610778443113772,0.9880239520958084,"[0.9670658682634731, 0.9610778443113772, 0.9880239520958084]",0.9610778443113772,0.9880239520958084,0.9720558882235529,0.9975049904958455,9965316
2d1c70257fcb,looped_transformer,propagate,7500,4,interp,"{""dim"": 1, ""distance"": 2, ""length"": 12, ""n_sources"": 1}",3,True,False,0,0.96996996996997,0.01365183353051639,0.954954954954955,0.987987987987988,"[0.987987987987988, 0.954954954954955, 0.9669669669669669]",0.954954954954955,0.9879879879879881,0.96996996996997,0.9966633304938659,9965316
2d1c70257fcb,looped_transformer,propagate,7500,4,interp,"{""dim"": 1, ""distance"": 4, ""length"": 12, ""n_sources"": 1}",3,True,False,0,0.970970970970971,0.02873413432313777,0.9309309309309309,0.996996996996997,"[0.984984984984985, 0.9309309309309309, 0.996996996996997]",0.9309309309309309,0.9969969969969968,0.970970970970971,0.9971638308750378,9965316
2d1c70257fcb,looped_transformer,propagate,10000,4,interp,"{""dim"": 1, ""distance"": 1, ""length"": 12, ""n_sources"": 1}",3,True,False,0,0.9900199600798404,0.006152109783402197,0.9820359281437125,0.9970059880239521,"[0.9970059880239521, 0.9910179640718563, 0.9820359281437125]",0.9820359281437124,0.9970059880239521,0.9900199600798404,0.9990851631659471,9965316
2d1c70257fcb,looped_transformer,propagate,10000,4,interp,"{""dim"": 1, ""distance"": 2, ""length"": 12, ""n_sources"": 1}",3,True,False,0,0.9929929929929929,0.00374540278956347,0.987987987987988,0.996996996996997,"[0.996996996996997, 0.987987987987988, 0.993993993993994]",0.9879879879879881,0.9969969969969968,0.9929929929929929,0.9993326660987732,9965316
2d1c70257fcb,looped_transformer,propagate,10000,4,interp,"{""dim"": 1, ""distance"": 4, ""length"": 12, ""n_sources"": 1}",3,True,False,0,0.98998998998999,0.006170584587556532,0.9819819819819819,0.996996996996997,"[0.9819819819819819, 0.990990990990991, 0.996996996996997]",0.9819819819819818,0.9969969969969968,0.98998998998999,0.9990824159081874,9965316
2d1c70257fcb,looped_transformer,propagate,12500,4,interp,"{""dim"": 1, ""distance"": 1, ""length"": 12, ""n_sources"": 1}",3,True,False,0,0.9940119760479043,0.00646780508823138,0.9850299401197605,1.0,"[0.9970059880239521, 1.0, 0.9850299401197605]",0.9850299401197605,1.0,0.9940119760479043,0.9995009981229633,9965316
2d1c70257fcb,looped_transformer,propagate,12500,4,interp,"{""dim"": 1, ""distance"": 2, ""length"": 12, ""n_sources"": 1}",3,True,False,0,0.9929929929929932,0.00374540278956347,0.987987987987988,0.996996996996997,"[0.993993993993994, 0.996996996996997, 0.987987987987988]",0.9879879879879881,0.9969969969969968,0.9929929929929932,0.9992492493685777,9965316
2d1c70257fcb,looped_transformer,propagate,12500,4,interp,"{""dim"": 1, ""distance"": 4, ""length"": 12, ""n_sources"": 1}",3,True,False,0,0.993993993993994,0.004903883368935272,0.987987987987988,1.0,"[1.0, 0.993993993993994, 0.987987987987988]",0.9879879879879881,1.0,0.993993993993994,0.999332666098773,9965316
2d1c70257fcb,looped_transformer,propagate,15000,4,interp,"{""dim"": 1, ""distance"": 1, ""length"": 12, ""n_sources"": 1}",3,True,False,0,0.9920159680638724,0.005088841829932901,0.9850299401197605,0.9970059880239521,"[0.9850299401197605, 0.9970059880239521, 0.9940119760479041]",0.9850299401197605,0.9970059880239521,0.9920159680638724,0.9992514971249594,9965316
2d1c70257fcb,looped_transformer,propagate,15000,4,interp,"{""dim"": 1, ""distance"": 2, ""length"": 12, ""n_sources"": 1}",3,True,False,0,0.993993993993994,0.004246887574693936,0.987987987987988,0.996996996996997,"[0.996996996996997, 0.987987987987988, 0.996996996996997]",0.9879879879879881,0.9969969969969968,0.993993993993994,0.9994994996188282,9965316
2d1c70257fcb,looped_transformer,propagate,15000,4,interp,"{""dim"": 1, ""distance"": 4, ""length"": 12, ""n_sources"": 1}",3,True,False,0,0.998998998998999,0.0014156291915646802,0.996996996996997,1.0,"[1.0, 1.0, 0.996996996996997]",0.9969969969969968,1.0,0.998998998998999,0.9998331664799451,9965316
2d1c70257fcb,looped_transformer,propagate,17500,4,interp,"{""dim"": 1, ""distance"": 1, ""length"": 12, ""n_sources"": 1}",3,True,False,0,1.0,0.0,1.0,1.0,"[1.0, 1.0, 1.0]",1.0,1.0,1.0,1.0,9965316
2d1c70257fcb,looped_transformer,propagate,17500,4,interp,"{""dim"": 1, ""distance"": 2, ""length"": 12, ""n_sources"": 1}",3,True,False,0,0.995995995995996,0.0037454027895635097,0.990990990990991,1.0,"[0.996996996996997, 1.0, 0.990990990990991]",0.990990990990991,1.0,0.995995995995996,0.9996663330792188,9965316
2d1c70257fcb,looped_transformer,propagate,17500,4,interp,"{""dim"": 1, ""distance"": 4, ""length"": 12, ""n_sources"": 1}",3,True,False,0,0.995995995995996,0.0014156291915646277,0.993993993993994,0.996996996996997,"[0.996996996996997, 0.996996996996997, 0.993993993993994]",0.993993993993994,0.9969969969969968,0.995995995995996,0.999332666039109,9965316
2d1c70257fcb,looped_transformer,propagate,20000,4,interp,"{""dim"": 1, ""distance"": 1, ""length"": 12, ""n_sources"": 1}",3,True,False,0,0.999001996007984,0.0014113907808114572,0.9970059880239521,1.0,"[0.9970059880239521, 1.0, 1.0]",0.9970059880239521,1.0,0.999001996007984,0.9999168330204938,9965316
2d1c70257fcb,looped_transformer,propagate,20000,4,interp,"{""dim"": 1, ""distance"": 2, ""length"": 12, ""n_sources"": 1}",3,True,False,0,0.9969969969969971,0.002451941684467636,0.993993993993994,1.0,"[1.0, 0.996996996996997, 0.993993993993994]",0.993993993993994,1.0,0.9969969969969971,0.9996663330195545,9965316
2d1c70257fcb,looped_transformer,propagate,20000,4,interp,"{""dim"": 1, ""distance"": 4, ""length"": 12, ""n_sources"": 1}",3,True,False,0,0.995995995995996,0.005662516766258616,0.987987987987988,1.0,"[1.0, 1.0, 0.987987987987988]",0.9879879879879881,1.0,0.995995995995996,0.9996663330792188,9965316
2d1c70257fcb,looped_transformer,propagate,22500,4,interp,"{""dim"": 1, ""distance"": 1, ""length"": 12, ""n_sources"": 1}",3,True,False,0,1.0,0.0,1.0,1.0,"[1.0, 1.0, 1.0]",1.0,1.0,1.0,1.0,9965316
2d1c70257fcb,looped_transformer,propagate,22500,4,interp,"{""dim"": 1, ""distance"": 2, ""length"": 12, ""n_sources"": 1}",3,True,False,0,1.0,0.0,1.0,1.0,"[1.0, 1.0, 1.0]",1.0,1.0,1.0,1.0,9965316
2d1c70257fcb,looped_transformer,propagate,22500,4,interp,"{""dim"": 1, ""distance"": 4, ""length"": 12, ""n_sources"": 1}",3,True,False,0,0.998998998998999,0.0014156291915646802,0.996996996996997,1.0,"[1.0, 1.0, 0.996996996996997]",0.9969969969969968,1.0,0.998998998998999,0.9999165832698047,9965316
2d1c70257fcb,looped_transformer,propagate,25000,4,interp,"{""dim"": 1, ""distance"": 1, ""length"": 12, ""n_sources"": 1}",3,True,False,0,0.9980039920159681,0.0014113907808114572,0.9970059880239521,1.0,"[0.9970059880239521, 1.0, 0.9970059880239521]",0.9970059880239521,1.0,0.9980039920159681,0.9998336660409878,9965316
2d1c70257fcb,looped_transformer,propagate,25000,4,interp,"{""dim"": 1, ""distance"": 2, ""length"": 12, ""n_sources"": 1}",3,True,False,0,0.998998998998999,0.0014156291915646802,0.996996996996997,1.0,"[0.996996996996997, 1.0, 1.0]",0.9969969969969968,1.0,0.998998998998999,0.9999165832698047,9965316
2d1c70257fcb,looped_transformer,propagate,25000,4,interp,"{""dim"": 1, ""distance"": 4, ""length"": 12, ""n_sources"": 1}",3,True,False,0,1.0,0.0,1.0,1.0,"[1.0, 1.0, 1.0]",1.0,1.0,1.0,1.0,9965316
2d1c70257fcb,looped_transformer,propagate,27500,4,interp,"{""dim"": 1, ""distance"": 1, ""length"": 12, ""n_sources"": 1}",3,True,False,0,1.0,0.0,1.0,1.0,"[1.0, 1.0, 1.0]",1.0,1.0,1.0,1.0,9965316
2d1c70257fcb,looped_transformer,propagate,27500,4,interp,"{""dim"": 1, ""distance"": 2, ""length"": 12, ""n_sources"": 1}",3,True,False,0,1.0,0.0,1.0,1.0,"[1.0, 1.0, 1.0]",1.0,1.0,1.0,1.0,9965316
2d1c70257fcb,looped_transformer,propagate,27500,4,interp,"{""dim"": 1, ""distance"": 4, ""length"": 12, ""n_sources"": 1}",3,True,False,0,1.0,0.0,1.0,1.0,"[1.0, 1.0, 1.0]",1.0,1.0,1.0,1.0,9965316
2d1c70257fcb,looped_transformer,propagate,30000,4,interp,"{""dim"": 1, ""distance"": 1, ""length"": 12, ""n_sources"": 1}",3,True,False,0,1.0,0.0,1.0,1.0,"[1.0, 1.0, 1.0]",1.0,1.0,1.0,1.0,9965316
2d1c70257fcb,looped_transformer,propagate,30000,4,interp,"{""dim"": 1, ""distance"": 2, ""length"": 12, ""n_sources"": 1}",3,True,False,0,1.0,0.0,1.0,1.0,"[1.0, 1.0, 1.0]",1.0,1.0,1.0,1.0,9965316
2d1c70257fcb,looped_transformer,propagate,30000,4,interp,"{""dim"": 1, ""distance"": 4, ""length"": 12, ""n_sources"": 1}",3,True,False,0,1.0,0.0,1.0,1.0,"[1.0, 1.0, 1.0]",1.0,1.0,1.0,1.0,9965316
2d1c70257fcb,looped_transformer,propagate,32500,4,interp,"{""dim"": 1, ""distance"": 1, ""length"": 12, ""n_sources"": 1}",3,True,False,0,1.0,0.0,1.0,1.0,"[1.0, 1.0, 1.0]",1.0,1.0,1.0,1.0,9965316
2d1c70257fcb,looped_transformer,propagate,32500,4,interp,"{""dim"": 1, ""distance"": 2, ""length"": 12, ""n_sources"": 1}",3,True,False,0,1.0,0.0,1.0,1.0,"[1.0, 1.0, 1.0]",1.0,1.0,1.0,1.0,9965316
2d1c70257fcb,looped_transformer,propagate,32500,4,interp,"{""dim"": 1, ""distance"": 4, ""length"": 12, ""n_sources"": 1}",3,True,False,0,1.0,0.0,1.0,1.0,"[1.0, 1.0, 1.0]",1.0,1.0,1.0,1.0,9965316
2d1c70257fcb,looped_transformer,propagate,35000,4,interp,"{""dim"": 1, ""distance"": 1, ""length"": 12, ""n_sources"": 1}",3,True,False,0,1.0,0.0,1.0,1.0,"[1.0, 1.0, 1.0]",1.0,1.0,1.0,1.0,9965316
2d1c70257fcb,looped_transformer,propagate,35000,4,interp,"{""dim"": 1, ""distance"": 2, ""length"": 12, ""n_sources"": 1}",3,True,False,0,1.0,0.0,1.0,1.0,"[1.0, 1.0, 1.0]",1.0,1.0,1.0,1.0,9965316
2d1c70257fcb,looped_transformer,propagate,35000,4,interp,"{""dim"": 1, ""distance"": 4, ""length"": 12, ""n_sources"": 1}",3,True,False,0,1.0,0.0,1.0,1.0,"[1.0, 1.0, 1.0]",1.0,1.0,1.0,1.0,9965316
2d1c70257fcb,looped_transformer,propagate,37500,4,interp,"{""dim"": 1, ""distance"": 1, ""length"": 12, ""n_sources"": 1}",3,True,False,0,1.0,0.0,1.0,1.0,"[1.0, 1.0, 1.0]",1.0,1.0,1.0,1.0,9965316
2d1c70257fcb,looped_transformer,propagate,37500,4,interp,"{""dim"": 1, ""distance"": 2, ""length"": 12, ""n_sources"": 1}",3,True,False,0,1.0,0.0,1.0,1.0,"[1.0, 1.0, 1.0]",1.0,1.0,1.0,1.0,9965316
2d1c70257fcb,looped_transformer,propagate,37500,4,interp,"{""dim"": 1, ""distance"": 4, ""length"": 12, ""n_sources"": 1}",3,True,False,0,1.0,0.0,1.0,1.0,"[1.0, 1.0, 1.0]",1.0,1.0,1.0,1.0,9965316
2d1c70257fcb,looped_transformer,propagate,40000,4,interp,"{""dim"": 1, ""distance"": 1, ""length"": 12, ""n_sources"": 1}",3,True,False,0,1.0,0.0,1.0,1.0,"[1.0, 1.0, 1.0]",1.0,1.0,1.0,1.0,9965316
2d1c70257fcb,looped_transformer,propagate,40000,4,interp,"{""dim"": 1, ""distance"": 2, ""length"": 12, ""n_sources"": 1}",3,True,False,0,1.0,0.0,1.0,1.0,"[1.0, 1.0, 1.0]",1.0,1.0,1.0,1.0,9965316
2d1c70257fcb,looped_transformer,propagate,40000,4,interp,"{""dim"": 1, ""distance"": 4, ""length"": 12, ""n_sources"": 1}",3,True,False,0,1.0,0.0,1.0,1.0,"[1.0, 1.0, 1.0]",1.0,1.0,1.0,1.0,9965316
2d1c70257fcb,looped_transformer,propagate,40000,8,interp,"{""dim"": 1, ""distance"": 1, ""length"": 12, ""n_sources"": 1}",3,True,False,0,0.9790419161676646,0.007333801625099348,0.9700598802395209,0.9880239520958084,"[0.9880239520958084, 0.9790419161676647, 0.9700598802395209]",0.9700598802395209,0.9880239520958084,0.9790419161676646,0.99817032639138,9965316
2d1c70257fcb,looped_transformer,propagate,40000,8,interp,"{""dim"": 1, ""distance"": 2, ""length"": 12, ""n_sources"": 1}",3,True,False,0,0.9769769769769768,0.00374540278956347,0.972972972972973,0.9819819819819819,"[0.9819819819819819, 0.975975975975976, 0.972972972972973]",0.9729729729729731,0.9819819819819818,0.9769769769769768,0.9979979984156482,9965316
2d1c70257fcb,looped_transformer,propagate,40000,8,interp,"{""dim"": 1, ""distance"": 4, ""length"": 12, ""n_sources"": 1}",3,True,False,0,0.9629629629629631,0.01856580279378522,0.9369369369369369,0.978978978978979,"[0.978978978978979, 0.972972972972973, 0.9369369369369369]",0.9369369369369368,0.978978978978979,0.9629629629629631,0.9965799139426634,9965316
2d1c70257fcb,looped_transformer,propagate,2500,16,interp,"{""dim"": 1, ""distance"": 1, ""length"": 12, ""n_sources"": 1}",3,True,False,0,0.35429141716566875,0.14800099730073157,0.18862275449101795,0.5479041916167665,"[0.18862275449101795, 0.3263473053892216, 0.5479041916167665]",0.18862275449101795,0.5479041916167665,0.35429141716566875,0.9228210285633148,9965316
2d1c70257fcb,looped_transformer,propagate,2500,16,interp,"{""dim"": 1, ""distance"": 2, ""length"": 12, ""n_sources"": 1}",3,True,False,0,0.35135135135135137,0.11131383178889273,0.1981981981981982,0.4594594594594595,"[0.1981981981981982, 0.3963963963963964, 0.4594594594594595]",0.1981981981981982,0.4594594594594595,0.35135135135135137,0.90957624633033,9965316
2d1c70257fcb,looped_transformer,propagate,2500,16,interp,"{""dim"": 1, ""distance"": 4, ""length"": 12, ""n_sources"": 1}",3,True,False,0,0.24124124124124124,0.10803393444029662,0.10510510510510511,0.36936936936936937,"[0.10510510510510511, 0.24924924924924924, 0.36936936936936937]",0.10510510510510511,0.36936936936936937,0.24124124124124124,0.8407574257215819,9965316
2d1c70257fcb,looped_transformer,propagate,5000,16,interp,"{""dim"": 1, ""distance"": 1, ""length"": 12, ""n_sources"": 1}",3,True,False,0,0.5508982035928144,0.08742651681866576,0.437125748502994,0.6497005988023952,"[0.437125748502994, 0.5658682634730539, 0.6497005988023952]",0.437125748502994,0.6497005988023952,0.5508982035928144,0.9486027978018611,9965316
2d1c70257fcb,looped_transformer,propagate,5000,16,interp,"{""dim"": 1, ""distance"": 2, ""length"": 12, ""n_sources"": 1}",3,True,False,0,0.5235235235235235,0.07633904290265311,0.43543543543543545,0.6216216216216216,"[0.43543543543543545, 0.5135135135135135, 0.6216216216216216]",0.43543543543543545,0.6216216216216216,0.5235235235235235,0.9375208585231273,9965316
2d1c70257fcb,looped_transformer,propagate,5000,16,interp,"{""dim"": 1, ""distance"": 4, ""length"": 12, ""n_sources"": 1}",3,True,False,0,0.43943943943943947,0.04712153071447377,0.38738738738738737,0.5015015015015015,"[0.38738738738738737, 0.4294294294294294, 0.5015015015015015]",0.38738738738738737,0.5015015015015015,0.43943943943943947,0.896312982351095,9965316
2d1c70257fcb,looped_transformer,propagate,7500,16,interp,"{""dim"": 1, ""distance"": 1, ""length"": 12, ""n_sources"": 1}",3,True,False,0,0.6077844311377245,0.1399200173119512,0.4281437125748503,0.7694610778443114,"[0.4281437125748503, 0.625748502994012, 0.7694610778443114]",0.42814371257485034,0.7694610778443115,0.6077844311377245,0.9584165045363222,9965316
2d1c70257fcb,looped_transformer,propagate,7500,16,interp,"{""dim"": 1, ""distance"": 2, ""length"": 12, ""n_sources"": 1}",3,True,False,0,0.5885885885885886,0.12471203080763982,0.4264264264264264,0.7297297297297297,"[0.4264264264264264, 0.6096096096096096, 0.7297297297297297]",0.4264264264264264,0.7297297297297297,0.5885885885885886,0.9580413799386124,9965316
2d1c70257fcb,looped_transformer,propagate,7500,16,interp,"{""dim"": 1, ""distance"": 4, ""length"": 12, ""n_sources"": 1}",3,True,False,0,0.5675675675675675,0.12504902590784991,0.4144144144144144,0.7207207207207207,"[0.4144144144144144, 0.5675675675675675, 0.7207207207207207]",0.4144144144144144,0.7207207207207208,0.5675675675675675,0.9531197912461526,9965316
2d1c70257fcb,looped_transformer,propagate,10000,16,interp,"{""dim"": 1, ""distance"": 1, ""length"": 12, ""n_sources"": 1}",3,True,False,0,0.5429141716566867,0.12957151590512958,0.38323353293413176,0.7005988023952096,"[0.5449101796407185, 0.7005988023952096, 0.38323353293413176]",0.3832335329341318,0.7005988023952096,0.5429141716566867,0.9502661393550103,9965316
2d1c70257fcb,looped_transformer,propagate,10000,16,interp,"{""dim"": 1, ""distance"": 2, ""length"": 12, ""n_sources"": 1}",3,True,False,0,0.5495495495495496,0.13301642396606667,0.3783783783783784,0.7027027027027027,"[0.5675675675675675, 0.7027027027027027, 0.3783783783783784]",0.37837837837837834,0.7027027027027027,0.5495495495495496,0.9540373763522586,9965316
2d1c70257fcb,looped_transformer,propagate,10000,16,interp,"{""dim"": 1, ""distance"": 4, ""length"": 12, ""n_sources"": 1}",3,True,False,0,0.5225225225225225,0.16968074232829086,0.35135135135135137,0.7537537537537538,"[0.4624624624624625, 0.7537537537537538, 0.35135135135135137]",0.35135135135135137,0.7537537537537538,0.5225225225225225,0.9471972019703419,9965316
2d1c70257fcb,looped_transformer,propagate,12500,16,interp,"{""dim"": 1, ""distance"": 1, ""length"": 12, ""n_sources"": 1}",3,True,False,0,0.6317365269461077,0.24191666172554835,0.2994011976047904,0.8682634730538922,"[0.7275449101796407, 0.8682634730538922, 0.2994011976047904]",0.2994011976047904,0.8682634730538922,0.6317365269461077,0.959081840015457,9965316
2d1c70257fcb,looped_transformer,propagate,12500,16,interp,"{""dim"": 1, ""distance"": 2, ""length"": 12, ""n_sources"": 1}",3,True,False,0,0.6396396396396397,0.22910899015055314,0.32432432432432434,0.8618618618618619,"[0.7327327327327328, 0.8618618618618619, 0.32432432432432434]",0.32432432432432434,0.8618618618618618,0.6396396396396397,0.9597097134685612,9965316
2d1c70257fcb,looped_transformer,propagate,12500,16,interp,"{""dim"": 1, ""distance"": 4, ""length"": 12, ""n_sources"": 1}",3,True,False,0,0.5835835835835835,0.20197412284511052,0.30930930930930933,0.7897897897897898,"[0.6516516516516516, 0.7897897897897898, 0.30930930930930933]",0.30930930930930933,0.7897897897897898,0.5835835835835835,0.9483650355069367,9965316
2d1c70257fcb,looped_transformer,propagate,15000,16,interp,"{""dim"": 1, ""distance"": 1, ""length"": 12, ""n_sources"": 1}",3,True,False,0,0.4810379241516966,0.08200654125418816,0.3652694610778443,0.5449101796407185,"[0.3652694610778443, 0.5449101796407185, 0.5329341317365269]",0.36526946107784425,0.5449101796407185,0.4810379241516966,0.9478542979605898,9965316
2d1c70257fcb,looped_transformer,propagate,15000,16,interp,"{""dim"": 1, ""distance"": 2, ""length"": 12, ""n_sources"": 1}",3,True,False,0,0.5355355355355355,0.0733263125998496,0.43843843843843844,0.6156156156156156,"[0.43843843843843844, 0.5525525525525525, 0.6156156156156156]",0.4384384384384384,0.6156156156156156,0.5355355355355355,0.9545378776283951,9965316
2d1c70257fcb,looped_transformer,propagate,15000,16,interp,"{""dim"": 1, ""distance"": 4, ""length"": 12, ""n_sources"": 1}",3,True,False,0,0.5215215215215215,0.06310277282272066,0.43243243243243246,0.5705705705705706,"[0.43243243243243246, 0.5705705705705706, 0.5615615615615616]",0.43243243243243246,0.5705705705705706,0.5215215215215215,0.9531197932747392,9965316
2d1c70257fcb,looped_transformer,propagate,17500,16,interp,"{""dim"": 1, ""distance"": 1, ""length"": 12, ""n_sources"": 1}",3,True,False,0,0.8193612774451098,0.03562189280953043,0.7694610778443114,0.8502994011976048,"[0.7694610778443114, 0.8502994011976048, 0.8383233532934131]",0.7694610778443115,0.8502994011976049,0.8193612774451098,0.9821190975026456,9965316
2d1c70257fcb,looped_transformer,propagate,17500,16,interp,"{""dim"": 1, ""distance"": 2, ""length"": 12, ""n_sources"": 1}",3,True,False,0,0.8268268268268267,0.05283540828987646,0.7597597597597597,0.8888888888888888,"[0.7597597597597597, 0.8888888888888888, 0.8318318318318318]",0.7597597597597597,0.8888888888888888,0.8268268268268267,0.9828161522074863,9965316
2d1c70257fcb,looped_transformer,propagate,17500,16,interp,"{""dim"": 1, ""distance"": 4, ""length"": 12, ""n_sources"": 1}",3,True,False,0,0.7537537537537538,0.05066686980918424,0.6966966966966966,0.8198198198198198,"[0.6966966966966966, 0.8198198198198198, 0.7447447447447447]",0.6966966966966966,0.8198198198198198,0.7537537537537538,0.9709709743718365,9965316
2d1c70257fcb,looped_transformer,propagate,20000,16,interp,"{""dim"": 1, ""distance"": 1, ""length"": 12, ""n_sources"": 1}",3,True,False,0,0.7864271457085829,0.08855844531528552,0.6676646706586826,0.8802395209580839,"[0.811377245508982, 0.8802395209580839, 0.6676646706586826]",0.6676646706586826,0.8802395209580839,0.7864271457085829,0.9792082531604462,9965316
2d1c70257fcb,looped_transformer,propagate,20000,16,interp,"{""dim"": 1, ""distance"": 2, ""length"": 12, ""n_sources"": 1}",3,True,False,0,0.8038038038038038,0.08565434020132694,0.6906906906906907,0.8978978978978979,"[0.8228228228228228, 0.8978978978978979, 0.6906906906906907]",0.6906906906906908,0.8978978978978979,0.8038038038038038,0.9795628990735618,9965316
2d1c70257fcb,looped_transformer,propagate,20000,16,interp,"{""dim"": 1, ""distance"": 4, ""length"": 12, ""n_sources"": 1}",3,True,False,0,0.7577577577577578,0.06170584587556531,0.6876876876876877,0.8378378378378378,"[0.7477477477477478, 0.8378378378378378, 0.6876876876876877]",0.6876876876876877,0.8378378378378378,0.7577577577577578,0.971554891721861,9965316
2d1c70257fcb,looped_transformer,propagate,22500,16,interp,"{""dim"": 1, ""distance"": 1, ""length"": 12, ""n_sources"": 1}",3,True,False,0,0.7944111776447106,0.06606454755862419,0.7155688622754491,0.8772455089820359,"[0.7155688622754491, 0.8772455089820359, 0.7904191616766467]",0.7155688622754491,0.8772455089820359,0.7944111776447106,0.9802894240724825,9965316
2d1c70257fcb,looped_transformer,propagate,22500,16,interp,"{""dim"": 1, ""distance"": 2, ""length"": 12, ""n_sources"": 1}",3,True,False,0,0.8328328328328327,0.0548453554826936,0.7597597597597597,0.8918918918918919,"[0.7597597597597597, 0.8918918918918919, 0.8468468468468469]",0.7597597597597597,0.8918918918918918,0.8328328328328327,0.9826493182101168,9965316
2d1c70257fcb,looped_transformer,propagate,22500,16,interp,"{""dim"": 1, ""distance"": 4, ""length"": 12, ""n_sources"": 1}",3,True,False,0,0.7567567567567567,0.058999647760926414,0.6876876876876877,0.8318318318318318,"[0.6876876876876877, 0.8318318318318318, 0.7507507507507507]",0.6876876876876877,0.8318318318318317,0.7567567567567567,0.9738071440337777,9965316
2d1c70257fcb,looped_transformer,propagate,25000,16,interp,"{""dim"": 1, ""distance"": 1, ""length"": 12, ""n_sources"": 1}",3,True,False,0,0.7295409181636726,0.18090594585907438,0.47604790419161674,0.8862275449101796,"[0.47604790419161674, 0.8862275449101796, 0.8263473053892215]",0.47604790419161674,0.8862275449101796,0.7295409181636726,0.9709747198099148,9965316
2d1c70257fcb,looped_transformer,propagate,25000,16,interp,"{""dim"": 1, ""distance"": 2, ""length"": 12, ""n_sources"": 1}",3,True,False,0,0.7297297297297298,0.19187912439648022,0.4594594594594595,0.8858858858858859,"[0.4594594594594595, 0.8858858858858859, 0.8438438438438438]",0.4594594594594595,0.8858858858858859,0.7297297297297298,0.9697197225836066,9965316
2d1c70257fcb,looped_transformer,propagate,25000,16,interp,"{""dim"": 1, ""distance"": 4, ""length"": 12, ""n_sources"": 1}",3,True,False,0,0.6596596596596597,0.18489547990863053,0.4024024024024024,0.8288288288288288,"[0.4024024024024024, 0.8288288288288288, 0.7477477477477478]",0.4024024024024024,0.8288288288288288,0.6596596596596597,0.957624294557371,9965316
2d1c70257fcb,looped_transformer,propagate,27500,16,interp,"{""dim"": 1, ""distance"": 1, ""length"": 12, ""n_sources"": 1}",3,True,False,0,0.8233532934131736,0.06237325346107679,0.7455089820359282,0.8982035928143712,"[0.7455089820359282, 0.8982035928143712, 0.8263473053892215]",0.7455089820359282,0.8982035928143711,0.8233532934131736,0.9814537610122543,9965316
2d1c70257fcb,looped_transformer,propagate,27500,16,interp,"{""dim"": 1, ""distance"": 2, ""length"": 12, ""n_sources"": 1}",3,True,False,0,0.8288288288288288,0.06772864794409315,0.7417417417417418,0.9069069069069069,"[0.7417417417417418, 0.9069069069069069, 0.8378378378378378]",0.7417417417417417,0.9069069069069068,0.8288288288288288,0.9798131483095186,9965316
2d1c70257fcb,looped_transformer,propagate,27500,16,interp,"{""dim"": 1, ""distance"": 4, ""length"": 12, ""n_sources"": 1}",3,True,False,0,0.7427427427427428,0.08059146029177315,0.6336336336336337,0.8258258258258259,"[0.6336336336336337, 0.8258258258258259, 0.7687687687687688]",0.6336336336336337,0.8258258258258259,0.7427427427427428,0.959542878934213,9965316
2d1c70257fcb,looped_transformer,propagate,30000,16,interp,"{""dim"": 1, ""distance"": 1, ""length"": 12, ""n_sources"": 1}",3,True,False,0,0.7574850299401197,0.09123961874761995,0.6616766467065869,0.8802395209580839,"[0.6616766467065869, 0.8802395209580839, 0.7305389221556886]",0.6616766467065869,0.8802395209580839,0.7574850299401197,0.9728875604575266,9965316
2d1c70257fcb,looped_transformer,propagate,30000,16,interp,"{""dim"": 1, ""distance"": 2, ""length"": 12, ""n_sources"": 1}",3,True,False,0,0.7737737737737738,0.11538029255991039,0.6216216216216216,0.9009009009009009,"[0.6216216216216216, 0.9009009009009009, 0.7987987987987988]",0.6216216216216216,0.9009009009009009,0.7737737737737738,0.9712212236077935,9965316
2d1c70257fcb,looped_transformer,propagate,30000,16,interp,"{""dim"": 1, ""distance"": 4, ""length"": 12, ""n_sources"": 1}",3,True,False,0,0.6876876876876876,0.11041907694204346,0.5555555555555556,0.8258258258258259,"[0.5555555555555556, 0.8258258258258259, 0.6816816816816816]",0.5555555555555556,0.8258258258258259,0.6876876876876876,0.9513680375254786,9965316
2d1c70257fcb,looped_transformer,propagate,32500,16,interp,"{""dim"": 1, ""distance"": 1, ""length"": 12, ""n_sources"": 1}",3,True,False,0,0.8173652694610779,0.054443839109723946,0.7574850299401198,0.8892215568862275,"[0.7574850299401198, 0.8892215568862275, 0.8053892215568862]",0.7574850299401198,0.8892215568862275,0.8173652694610779,0.9792914187717819,9965316
2d1c70257fcb,looped_transformer,propagate,32500,16,interp,"{""dim"": 1, ""distance"": 2, ""length"": 12, ""n_sources"": 1}",3,True,False,0,0.8298298298298299,0.061314886210664866,0.7537537537537538,0.9039039039039038,"[0.7537537537537538, 0.9039039039039038, 0.8318318318318318]",0.7537537537537538,0.9039039039039038,0.8298298298298299,0.9763096449253438,9965316
2d1c70257fcb,looped_transformer,propagate,32500,16,interp,"{""dim"": 1, ""distance"": 4, ""length"": 12, ""n_sources"": 1}",3,True,False,0,0.7277277277277278,0.09273181644058831,0.6066066066066066,0.8318318318318318,"[0.6066066066066066, 0.8318318318318318, 0.7447447447447447]",0.6066066066066066,0.8318318318318317,0.7277277277277278,0.9513680371078285,9965316
2d1c70257fcb,looped_transformer,propagate,35000,16,interp,"{""dim"": 1, ""distance"": 1, ""length"": 12, ""n_sources"": 1}",3,True,False,0,0.8273453093812376,0.04382135409201625,0.7934131736526946,0.8892215568862275,"[0.7994011976047904, 0.8892215568862275, 0.7934131736526946]",0.7934131736526946,0.8892215568862275,0.8273453093812376,0.9797904205298472,9965316
2d1c70257fcb,looped_transformer,propagate,35000,16,interp,"{""dim"": 1, ""distance"": 2, ""length"": 12, ""n_sources"": 1}",3,True,False,0,0.8558558558558559,0.03611935646179923,0.8288288288288288,0.9069069069069069,"[0.8288288288288288, 0.9069069069069069, 0.8318318318318318]",0.8288288288288288,0.9069069069069068,0.8558558558558559,0.9786453131321554,9965316
2d1c70257fcb,looped_transformer,propagate,35000,16,interp,"{""dim"": 1, ""distance"": 4, ""length"": 12, ""n_sources"": 1}",3,True,False,0,0.7637637637637638,0.04556479149846263,0.7177177177177178,0.8258258258258259,"[0.7177177177177178, 0.8258258258258259, 0.7477477477477478]",0.7177177177177178,0.8258258258258259,0.7637637637637638,0.9539539552069045,9965316
2d1c70257fcb,looped_transformer,propagate,37500,16,interp,"{""dim"": 1, ""distance"": 1, ""length"": 12, ""n_sources"": 1}",3,True,False,0,0.8203592814371258,0.048830857575748766,0.7694610778443114,0.8862275449101796,"[0.7694610778443114, 0.8862275449101796, 0.8053892215568862]",0.7694610778443115,0.8862275449101796,0.8203592814371258,0.9787924165378312,9965316
2d1c70257fcb,looped_transformer,propagate,37500,16,interp,"{""dim"": 1, ""distance"": 2, ""length"": 12, ""n_sources"": 1}",3,True,False,0,0.8438438438438438,0.040955500591549114,0.7987987987987988,0.8978978978978979,"[0.7987987987987988, 0.8978978978978979, 0.8348348348348348]",0.7987987987987988,0.8978978978978979,0.8438438438438438,0.977227228718835,9965316
2d1c70257fcb,looped_transformer,propagate,37500,16,interp,"{""dim"": 1, ""distance"": 4, ""length"": 12, ""n_sources"": 1}",3,True,False,0,0.7567567567567567,0.057659743038697385,0.6846846846846847,0.8258258258258259,"[0.6846846846846847, 0.8258258258258259, 0.7597597597597597]",0.6846846846846847,0.8258258258258259,0.7567567567567567,0.953703705672626,9965316
2d1c70257fcb,looped_transformer,propagate,40000,16,interp,"{""dim"": 1, ""distance"": 1, ""length"": 12, ""n_sources"": 1}",3,True,False,0,0.8233532934131736,0.05260153274692388,0.7604790419161677,0.8892215568862275,"[0.7604790419161677, 0.8892215568862275, 0.8203592814371258]",0.7604790419161677,0.8892215568862275,0.8233532934131736,0.9790419173573781,9965316
2d1c70257fcb,looped_transformer,propagate,40000,16,interp,"{""dim"": 1, ""distance"": 2, ""length"": 12, ""n_sources"": 1}",3,True,False,0,0.8498498498498499,0.03806437105471781,0.8048048048048048,0.8978978978978979,"[0.8048048048048048, 0.8978978978978979, 0.8468468468468469]",0.8048048048048048,0.8978978978978979,0.8498498498498499,0.9778945626797261,9965316
2d1c70257fcb,looped_transformer,propagate,40000,16,interp,"{""dim"": 1, ""distance"": 4, ""length"": 12, ""n_sources"": 1}",3,True,False,0,0.7607607607607608,0.05911841065158518,0.6846846846846847,0.8288288288288288,"[0.6846846846846847, 0.8288288288288288, 0.7687687687687688]",0.6846846846846847,0.8288288288288288,0.7607607607607608,0.9542042061731264,9965316
2d1c70257fcb,looped_transformer,propagate,40000,32,interp,"{""dim"": 1, ""distance"": 1, ""length"": 12, ""n_sources"": 1}",3,True,False,0,0.5249500998003992,0.17225907393526083,0.3532934131736527,0.7604790419161677,"[0.3532934131736527, 0.7604790419161677, 0.46107784431137727]",0.3532934131736527,0.7604790419161677,0.5249500998003992,0.9366267495407555,9965316
2d1c70257fcb,looped_transformer,propagate,40000,32,interp,"{""dim"": 1, ""distance"": 2, ""length"": 12, ""n_sources"": 1}",3,True,False,0,0.5025025025025025,0.23701962033246252,0.26426426426426425,0.8258258258258259,"[0.26426426426426425, 0.8258258258258259, 0.4174174174174174]",0.26426426426426425,0.8258258258258259,0.5025025025025025,0.9280113493119394,9965316
2d1c70257fcb,looped_transformer,propagate,40000,32,interp,"{""dim"": 1, ""distance"": 4, ""length"": 12, ""n_sources"": 1}",3,True,False,0,0.36936936936936937,0.23624047772782467,0.1831831831831832,0.7027027027027027,"[0.1831831831831832, 0.7027027027027027, 0.2222222222222222]",0.1831831831831832,0.7027027027027027,0.36936936936936937,0.8828828861345878,9965316
2d1c70257fcb,looped_transformer,propagate,2500,1,mild,"{""dim"": 1, ""distance"": 6, ""length"": 12, ""n_sources"": 1}",3,True,False,0,0.05000000000000001,0.026280537792569364,0.02,0.084,"[0.046, 0.02, 0.084]",0.02,0.084,0.05000000000000001,0.868833332836628,9965316
2d1c70257fcb,looped_transformer,propagate,2500,1,mild,"{""dim"": 1, ""distance"": 8, ""length"": 12, ""n_sources"": 1}",3,True,False,0,0.0033333333333333335,0.004714045207910317,0.0,0.01,"[0.01, 0.0, 0.0]",0.0,0.01,0.0033333333333333335,0.6982222308119138,9965316
2d1c70257fcb,looped_transformer,propagate,5000,1,mild,"{""dim"": 1, ""distance"": 6, ""length"": 12, ""n_sources"": 1}",3,True,False,0,0.013333333333333334,0.01746106780494506,0.0,0.038,"[0.0, 0.002, 0.038]",0.0,0.038,0.013333333333333334,0.8572222150961558,9965316
2d1c70257fcb,looped_transformer,propagate,5000,1,mild,"{""dim"": 1, ""distance"": 8, ""length"": 12, ""n_sources"": 1}",3,True,False,0,0.0,0.0,0.0,0.0,"[0.0, 0.0, 0.0]",0.0,0.0,0.0,0.6882222335735957,9965316
2d1c70257fcb,looped_transformer,propagate,7500,1,mild,"{""dim"": 1, ""distance"": 6, ""length"": 12, ""n_sources"": 1}",3,True,False,0,0.002,0.001632993161855452,0.0,0.004,"[0.002, 0.0, 0.004]",0.0,0.004,0.002,0.8626666616598765,9965316
2d1c70257fcb,looped_transformer,propagate,7500,1,mild,"{""dim"": 1, ""distance"": 8, ""length"": 12, ""n_sources"": 1}",3,True,False,0,0.0,0.0,0.0,0.0,"[0.0, 0.0, 0.0]",0.0,0.0,0.0,0.6799444548487664,9965316
2d1c70257fcb,looped_transformer,propagate,10000,1,mild,"{""dim"": 1, ""distance"": 6, ""length"": 12, ""n_sources"": 1}",3,True,False,0,0.005333333333333333,0.004714045207910317,0.002,0.012,"[0.002, 0.002, 0.012]",0.002,0.012000000000000002,0.005333333333333333,0.8606666612227758,9965316
2d1c70257fcb,looped_transformer,propagate,10000,1,mild,"{""dim"": 1, ""distance"": 8, ""length"": 12, ""n_sources"": 1}",3,True,False,0,0.0,0.0,0.0,0.0,"[0.0, 0.0, 0.0]",0.0,0.0,0.0,0.6811111215949058,9965316
2d1c70257fcb,looped_transformer,propagate,12500,1,mild,"{""dim"": 1, ""distance"": 6, ""length"": 12, ""n_sources"": 1}",3,True,False,0,0.0013333333333333333,0.0018856180831641268,0.0,0.004,"[0.004, 0.0, 0.0]",0.0,0.004,0.0013333333333333333,0.8626111058394114,9965316
2d1c70257fcb,looped_transformer,propagate,12500,1,mild,"{""dim"": 1, ""distance"": 8, ""length"": 12, ""n_sources"": 1}",3,True,False,0,0.0,0.0,0.0,0.0,"[0.0, 0.0, 0.0]",0.0,0.0,0.0,0.6522777824997902,9965316
2d1c70257fcb,looped_transformer,propagate,15000,1,mild,"{""dim"": 1, ""distance"": 6, ""length"": 12, ""n_sources"": 1}",3,True,False,0,0.0,0.0,0.0,0.0,"[0.0, 0.0, 0.0]",0.0,0.0,0.0,0.8583888817429542,9965316
2d1c70257fcb,looped_transformer,propagate,15000,1,mild,"{""dim"": 1, ""distance"": 8, ""length"": 12, ""n_sources"": 1}",3,True,False,0,0.0,0.0,0.0,0.0,"[0.0, 0.0, 0.0]",0.0,0.0,0.0,0.6547222272753715,9965316
2d1c70257fcb,looped_transformer,propagate,17500,1,mild,"{""dim"": 1, ""distance"": 6, ""length"": 12, ""n_sources"": 1}",3,True,False,0,0.0033333333333333335,0.0033993463423951896,0.0,0.008,"[0.0, 0.002, 0.008]",0.0,0.008,0.0033333333333333335,0.8697777753671011,9965316
2d1c70257fcb,looped_transformer,propagate,17500,1,mild,"{""dim"": 1, ""distance"": 8, ""length"": 12, ""n_sources"": 1}",3,True,False,0,0.0,0.0,0.0,0.0,"[0.0, 0.0, 0.0]",0.0,0.0,0.0,0.674722229719162,9965316
2d1c70257fcb,looped_transformer,propagate,20000,1,mild,"{""dim"": 1, ""distance"": 6, ""length"": 12, ""n_sources"": 1}",3,True,False,0,0.0026666666666666666,0.0037712361663282535,0.0,0.008,"[0.0, 0.008, 0.0]",0.0,0.008,0.0026666666666666666,0.8865555610259374,9965316
2d1c70257fcb,looped_transformer,propagate,20000,1,mild,"{""dim"": 1, ""distance"": 8, ""length"": 12, ""n_sources"": 1}",3,True,False,0,0.0,0.0,0.0,0.0,"[0.0, 0.0, 0.0]",0.0,0.0,0.0,0.6813888958295186,9965316
2d1c70257fcb,looped_transformer,propagate,22500,1,mild,"{""dim"": 1, ""distance"": 6, ""length"": 12, ""n_sources"": 1}",3,True,False,0,0.0006666666666666666,0.0009428090415820634,0.0,0.002,"[0.002, 0.0, 0.0]",0.0,0.002,0.0006666666666666666,0.8738333329757055,9965316
2d1c70257fcb,looped_transformer,propagate,22500,1,mild,"{""dim"": 1, ""distance"": 8, ""length"": 12, ""n_sources"": 1}",3,True,False,0,0.0,0.0,0.0,0.0,"[0.0, 0.0, 0.0]",0.0,0.0,0.0,0.6739444495439528,9965316
2d1c70257fcb,looped_transformer,propagate,25000,1,mild,"{""dim"": 1, ""distance"": 6, ""length"": 12, ""n_sources"": 1}",3,True,False,0,0.0033333333333333335,0.0024944382578492943,0.0,0.006,"[0.004, 0.0, 0.006]",0.0,0.006000000000000001,0.0033333333333333335,0.8922777860959371,9965316
2d1c70257fcb,looped_transformer,propagate,25000,1,mild,"{""dim"": 1, ""distance"": 8, ""length"": 12, ""n_sources"": 1}",3,True,False,0,0.0,0.0,0.0,0.0,"[0.0, 0.0, 0.0]",0.0,0.0,0.0,0.694888896604379,9965316
2d1c70257fcb,looped_transformer,propagate,27500,1,mild,"{""dim"": 1, ""distance"": 6, ""length"": 12, ""n_sources"": 1}",3,True,False,0,0.0006666666666666666,0.0009428090415820634,0.0,0.002,"[0.002, 0.0, 0.0]",0.0,0.002,0.0006666666666666666,0.887666672706604,9965316
2d1c70257fcb,looped_transformer,propagate,27500,1,mild,"{""dim"": 1, ""distance"": 8, ""length"": 12, ""n_sources"": 1}",3,True,False,0,0.0,0.0,0.0,0.0,"[0.0, 0.0, 0.0]",0.0,0.0,0.0,0.6882777842481932,9965316
2d1c70257fcb,looped_transformer,propagate,30000,1,mild,"{""dim"": 1, ""distance"": 6, ""length"": 12, ""n_sources"": 1}",3,True,False,0,0.0006666666666666666,0.0009428090415820634,0.0,0.002,"[0.002, 0.0, 0.0]",0.0,0.002,0.0006666666666666666,0.8986111223300298,9965316
2d1c70257fcb,looped_transformer,propagate,30000,1,mild,"{""dim"": 1, ""distance"": 8, ""length"": 12, ""n_sources"": 1}",3,True,False,0,0.0,0.0,0.0,0.0,"[0.0, 0.0, 0.0]",0.0,0.0,0.0,0.6947777844667434,9965316
2d1c70257fcb,looped_transformer,propagate,32500,1,mild,"{""dim"": 1, ""distance"": 6, ""length"": 12, ""n_sources"": 1}",3,True,False,0,0.004666666666666667,0.0018856180831641268,0.002,0.006,"[0.006, 0.002, 0.006]",0.002,0.006000000000000001,0.004666666666666667,0.8986666777133941,9965316
2d1c70257fcb,looped_transformer,propagate,32500,1,mild,"{""dim"": 1, ""distance"": 8, ""length"": 12, ""n_sources"": 1}",3,True,False,0,0.0,0.0,0.0,0.0,"[0.0, 0.0, 0.0]",0.0,0.0,0.0,0.7087222276131312,9965316
2d1c70257fcb,looped_transformer,propagate,35000,1,mild,"{""dim"": 1, ""distance"": 6, ""length"": 12, ""n_sources"": 1}",3,True,False,0,0.004666666666666667,0.00339934634239519,0.0,0.008,"[0.008, 0.0, 0.006]",0.0,0.008,0.004666666666666667,0.8998333448966344,9965316
2d1c70257fcb,looped_transformer,propagate,35000,1,mild,"{""dim"": 1, ""distance"": 8, ""length"": 12, ""n_sources"": 1}",3,True,False,0,0.0,0.0,0.0,0.0,"[0.0, 0.0, 0.0]",0.0,0.0,0.0,0.7012777843872705,9965316
2d1c70257fcb,looped_transformer,propagate,37500,1,mild,"{""dim"": 1, ""distance"": 6, ""length"": 12, ""n_sources"": 1}",3,True,False,0,0.006000000000000001,0.00282842712474619,0.004,0.01,"[0.01, 0.004, 0.004]",0.004,0.01,0.006000000000000001,0.8990000110864639,9965316
2d1c70257fcb,looped_transformer,propagate,37500,1,mild,"{""dim"": 1, ""distance"": 8, ""length"": 12, ""n_sources"": 1}",3,True,False,0,0.0,0.0,0.0,0.0,"[0.0, 0.0, 0.0]",0.0,0.0,0.0,0.7041666723887126,9965316
2d1c70257fcb,looped_transformer,propagate,40000,1,mild,"{""dim"": 1, ""distance"": 6, ""length"": 12, ""n_sources"": 1}",3,True,False,0,0.006666666666666667,0.004109609335312651,0.002,0.012,"[0.012, 0.002, 0.006]",0.002,0.012000000000000002,0.006666666666666667,0.8994444557030996,9965316
2d1c70257fcb,looped_transformer,propagate,40000,1,mild,"{""dim"": 1, ""distance"": 8, ""length"": 12, ""n_sources"": 1}",3,True,False,0,0.0,0.0,0.0,0.0,"[0.0, 0.0, 0.0]",0.0,0.0,0.0,0.7049444502592087,9965316
2d1c70257fcb,looped_transformer,propagate,40000,2,mild,"{""dim"": 1, ""distance"": 6, ""length"": 12, ""n_sources"": 1}",3,True,False,0,0.036,0.02993325909419153,0.004,0.076,"[0.076, 0.004, 0.028]",0.004,0.076,0.036,0.9047222342491149,9965316
2d1c70257fcb,looped_transformer,propagate,40000,2,mild,"{""dim"": 1, ""distance"": 8, ""length"": 12, ""n_sources"": 1}",3,True,False,0,0.0,0.0,0.0,0.0,"[0.0, 0.0, 0.0]",0.0,0.0,0.0,0.7198333376248677,9965316
2d1c70257fcb,looped_transformer,propagate,2500,4,mild,"{""dim"": 1, ""distance"": 6, ""length"": 12, ""n_sources"": 1}",3,True,False,0,0.164,0.07290176038112293,0.1,0.266,"[0.126, 0.1, 0.266]",0.10000000000000002,0.266,0.164,0.8833888925711314,9965316
2d1c70257fcb,looped_transformer,propagate,2500,4,mild,"{""dim"": 1, ""distance"": 8, ""length"": 12, ""n_sources"": 1}",3,True,False,0,0.05333333333333334,0.03315954697452237,0.026,0.1,"[0.034, 0.026, 0.1]",0.026,0.10000000000000002,0.05333333333333334,0.7502222239772479,9965316
2d1c70257fcb,looped_transformer,propagate,5000,4,mild,"{""dim"": 1, ""distance"": 6, ""length"": 12, ""n_sources"": 1}",3,True,False,0,0.12933333333333333,0.04899886620003455,0.064,0.182,"[0.064, 0.182, 0.142]",0.064,0.18200000000000002,0.12933333333333333,0.8883333348035812,9965316
2d1c70257fcb,looped_transformer,propagate,5000,4,mild,"{""dim"": 1, ""distance"": 8, ""length"": 12, ""n_sources"": 1}",3,True,False,0,0.020666666666666667,0.013695092389449427,0.01,0.04,"[0.04, 0.01, 0.012]",0.01,0.04,0.020666666666666667,0.7453888900677365,9965316
2d1c70257fcb,looped_transformer,propagate,7500,4,mild,"{""dim"": 1, ""distance"": 6, ""length"": 12, ""n_sources"": 1}",3,True,False,0,0.078,0.029977769541222818,0.036,0.104,"[0.036, 0.094, 0.104]",0.036,0.104,0.078,0.8850555572509765,9965316
2d1c70257fcb,looped_transformer,propagate,7500,4,mild,"{""dim"": 1, ""distance"": 8, ""length"": 12, ""n_sources"": 1}",3,True,False,0,0.0026666666666666666,0.0024944382578492943,0.0,0.006,"[0.002, 0.0, 0.006]",0.0,0.006000000000000001,0.0026666666666666666,0.721722225368023,9965316
2d1c70257fcb,looped_transformer,propagate,10000,4,mild,"{""dim"": 1, ""distance"": 6, ""length"": 12, ""n_sources"": 1}",3,True,False,0,0.05266666666666667,0.027920522121829234,0.03,0.092,"[0.03, 0.036, 0.092]",0.03,0.09200000000000001,0.05266666666666667,0.8786111116409302,9965316
2d1c70257fcb,looped_transformer,propagate,10000,4,mild,"{""dim"": 1, ""distance"": 8, ""length"": 12, ""n_sources"": 1}",3,True,False,0,0.002,0.00282842712474619,0.0,0.006,"[0.0, 0.0, 0.006]",0.0,0.006000000000000001,0.002,0.7134444500009219,9965316
2d1c70257fcb,looped_transformer,propagate,12500,4,mild,"{""dim"": 1, ""distance"": 6, ""length"": 12, ""n_sources"": 1}",3,True,False,0,0.04666666666666667,0.03981066300488964,0.01,0.102,"[0.028, 0.102, 0.01]",0.01,0.102,0.04666666666666667,0.8770555555820465,9965316
2d1c70257fcb,looped_transformer,propagate,12500,4,mild,"{""dim"": 1, ""distance"": 8, ""length"": 12, ""n_sources"": 1}",3,True,False,0,0.0,0.0,0.0,0.0,"[0.0, 0.0, 0.0]",0.0,0.0,0.0,0.6867777834733326,9965316
2d1c70257fcb,looped_transformer,propagate,15000,4,mild,"{""dim"": 1, ""distance"": 6, ""length"": 12, ""n_sources"": 1}",3,True,False,0,0.03,0.0139522996909709,0.014,0.048,"[0.014, 0.028, 0.048]",0.014,0.04800000000000001,0.03,0.868499997039636,9965316
2d1c70257fcb,looped_transformer,propagate,15000,4,mild,"{""dim"": 1, ""distance"": 8, ""length"": 12, ""n_sources"": 1}",3,True,False,0,0.0006666666666666666,0.0009428090415820634,0.0,0.002,"[0.002, 0.0, 0.0]",0.0,0.002,0.0006666666666666666,0.678944449186325,9965316
2d1c70257fcb,looped_transformer,propagate,17500,4,mild,"{""dim"": 1, ""distance"": 6, ""length"": 12, ""n_sources"": 1}",3,True,False,0,0.046000000000000006,0.02315167380558045,0.014,0.068,"[0.014, 0.068, 0.056]",0.014,0.068,0.046000000000000006,0.8827222238580387,9965316
2d1c70257fcb,looped_transformer,propagate,17500,4,mild,"{""dim"": 1, ""distance"": 8, ""length"": 12, ""n_sources"": 1}",3,True,False,0,0.0006666666666666666,0.0009428090415820634,0.0,0.002,"[0.0, 0.002, 0.0]",0.0,0.002,0.0006666666666666666,0.7007777837316196,9965316
2d1c70257fcb,looped_transformer,propagate,20000,4,mild,"{""dim"": 1, ""distance"": 6, ""length"": 12, ""n_sources"": 1}",3,True,False,0,0.062,0.043908996800200294,0.0,0.096,"[0.09, 0.096, 0.0]",0.0,0.09600000000000002,0.062,0.9005555646419525,9965316
2d1c70257fcb,looped_transformer,propagate,20000,4,mild,"{""dim"": 1, ""distance"": 8, ""length"": 12, ""n_sources"": 1}",3,True,False,0,0.0,0.0,0.0,0.0,"[0.0, 0.0, 0.0]",0.0,0.0,0.0,0.714722225924333,9965316
2d1c70257fcb,looped_transformer,propagate,22500,4,mild,"{""dim"": 1, ""distance"": 6, ""length"": 12, ""n_sources"": 1}",3,True,False,0,0.03866666666666666,0.015173075568988057,0.026,0.06,"[0.06, 0.03, 0.026]",0.026,0.06,0.03866666666666666,0.885888891975085,9965316
2d1c70257fcb,looped_transformer,propagate,22500,4,mild,"{""dim"": 1, ""distance"": 8, ""length"": 12, ""n_sources"": 1}",3,True,False,0,0.0,0.0,0.0,0.0,"[0.0, 0.0, 0.0]",0.0,0.0,0.0,0.696388894836108,9965316
2d1c70257fcb,looped_transformer,propagate,25000,4,mild,"{""dim"": 1, ""distance"": 6, ""length"": 12, ""n_sources"": 1}",3,True,False,0,0.06,0.007118052168020874,0.05,0.066,"[0.064, 0.05, 0.066]",0.05000000000000001,0.066,0.06,0.9030555655956268,9965316
2d1c70257fcb,looped_transformer,propagate,25000,4,mild,"{""dim"": 1, ""distance"": 8, ""length"": 12, ""n_sources"": 1}",3,True,False,0,0.0,0.0,0.0,0.0,"[0.0, 0.0, 0.0]",0.0,0.0,0.0,0.7178888937036195,9965316
2d1c70257fcb,looped_transformer,propagate,27500,4,mild,"{""dim"": 1, ""distance"": 6, ""length"": 12, ""n_sources"": 1}",3,True,False,0,0.04466666666666667,0.01892675942210452,0.018,0.06,"[0.06, 0.018, 0.056]",0.018,0.06,0.04466666666666667,0.8965000076293945,9965316
2d1c70257fcb,looped_transformer,propagate,27500,4,mild,"{""dim"": 1, ""distance"": 8, ""length"": 12, ""n_sources"": 1}",3,True,False,0,0.0,0.0,0.0,0.0,"[0.0, 0.0, 0.0]",0.0,0.0,0.0,0.7112777828375498,9965316
2d1c70257fcb,looped_transformer,propagate,30000,4,mild,"{""dim"": 1, ""distance"": 6, ""length"": 12, ""n_sources"": 1}",3,True,False,0,0.056666666666666664,0.02542090128658349,0.024,0.086,"[0.086, 0.024, 0.06]",0.024000000000000004,0.08600000000000001,0.056666666666666664,0.9068889007170995,9965316
2d1c70257fcb,looped_transformer,propagate,30000,4,mild,"{""dim"": 1, ""distance"": 8, ""length"": 12, ""n_sources"": 1}",3,True,False,0,0.0,0.0,0.0,0.0,"[0.0, 0.0, 0.0]",0.0,0.0,0.0,0.7173333373864491,9965316
2d1c70257fcb,looped_transformer,propagate,32500,4,mild,"{""dim"": 1, ""distance"": 6, ""length"": 12, ""n_sources"": 1}",3,True,False,0,0.064,0.04013311184877977,0.028,0.12,"[0.12, 0.028, 0.044]",0.028,0.12,0.064,0.9081666786670685,9965316
2d1c70257fcb,looped_transformer,propagate,32500,4,mild,"{""dim"": 1, ""distance"": 8, ""length"": 12, ""n_sources"": 1}",3,True,False,0,0.0,0.0,0.0,0.0,"[0.0, 0.0, 0.0]",0.0,0.0,0.0,0.7270555592775345,9965316
2d1c70257fcb,looped_transformer,propagate,35000,4,mild,"{""dim"": 1, ""distance"": 6, ""length"": 12, ""n_sources"": 1}",3,True,False,0,0.07066666666666667,0.04135483311805553,0.032,0.128,"[0.128, 0.032, 0.052]",0.032,0.128,0.07066666666666667,0.9098333457310995,9965316
2d1c70257fcb,looped_transformer,propagate,35000,4,mild,"{""dim"": 1, ""distance"": 8, ""length"": 12, ""n_sources"": 1}",3,True,False,0,0.0,0.0,0.0,0.0,"[0.0, 0.0, 0.0]",0.0,0.0,0.0,0.7287222252289455,9965316
2d1c70257fcb,looped_transformer,propagate,37500,4,mild,"{""dim"": 1, ""distance"": 6, ""length"": 12, ""n_sources"": 1}",3,True,False,0,0.057999999999999996,0.043297421016345386,0.012,0.116,"[0.116, 0.012, 0.046]",0.012000000000000002,0.116,0.057999999999999996,0.9084444569349289,9965316
2d1c70257fcb,looped_transformer,propagate,37500,4,mild,"{""dim"": 1, ""distance"": 8, ""length"": 12, ""n_sources"": 1}",3,True,False,0,0.0,0.0,0.0,0.0,"[0.0, 0.0, 0.0]",0.0,0.0,0.0,0.7271666697661082,9965316
2d1c70257fcb,looped_transformer,propagate,40000,4,mild,"{""dim"": 1, ""distance"": 6, ""length"": 12, ""n_sources"": 1}",3,True,False,0,0.05733333333333334,0.04694204464609052,0.012,0.122,"[0.122, 0.012, 0.038]",0.012000000000000002,0.122,0.05733333333333334,0.9089444572130839,9965316
2d1c70257fcb,looped_transformer,propagate,40000,4,mild,"{""dim"": 1, ""distance"": 8, ""length"": 12, ""n_sources"": 1}",3,True,False,0,0.0,0.0,0.0,0.0,"[0.0, 0.0, 0.0]",0.0,0.0,0.0,0.7282777806520461,9965316
2d1c70257fcb,looped_transformer,propagate,40000,8,mild,"{""dim"": 1, ""distance"": 6, ""length"": 12, ""n_sources"": 1}",3,True,False,0,0.076,0.014236104336041748,0.064,0.096,"[0.096, 0.064, 0.068]",0.064,0.09600000000000002,0.076,0.9030000100533168,9965316
2d1c70257fcb,looped_transformer,propagate,40000,8,mild,"{""dim"": 1, ""distance"": 8, ""length"": 12, ""n_sources"": 1}",3,True,False,0,0.0,0.0,0.0,0.0,"[0.0, 0.0, 0.0]",0.0,0.0,0.0,0.7167222256064415,9965316
2d1c70257fcb,looped_transformer,propagate,2500,16,mild,"{""dim"": 1, ""distance"": 6, ""length"": 12, ""n_sources"": 1}",3,True,False,0,0.076,0.03536476589299958,0.03,0.116,"[0.03, 0.082, 0.116]",0.03,0.116,0.076,0.7432222217718759,9965316
2d1c70257fcb,looped_transformer,propagate,2500,16,mild,"{""dim"": 1, ""distance"": 8, ""length"": 12, ""n_sources"": 1}",3,True,False,0,0.02666666666666666,0.019067132861433453,0.006,0.052,"[0.006, 0.022, 0.052]",0.006000000000000001,0.052,0.02666666666666666,0.5822222230682771,9965316
2d1c70257fcb,looped_transformer,propagate,5000,16,mild,"{""dim"": 1, ""distance"": 6, ""length"": 12, ""n_sources"": 1}",3,True,False,0,0.07866666666666666,0.047953681355611844,0.026,0.142,"[0.026, 0.142, 0.068]",0.026,0.142,0.07866666666666666,0.7907777764598528,9965316
2d1c70257fcb,looped_transformer,propagate,5000,16,mild,"{""dim"": 1, ""distance"": 8, ""length"": 12, ""n_sources"": 1}",3,True,False,0,0.018666666666666665,0.008993825042154693,0.008,0.03,"[0.008, 0.03, 0.018]",0.008,0.03,0.018666666666666665,0.6022222243994475,9965316
2d1c70257fcb,looped_transformer,propagate,7500,16,mild,"{""dim"": 1, ""distance"": 6, ""length"": 12, ""n_sources"": 1}",3,True,False,0,0.07533333333333334,0.055289138977640886,0.014,0.148,"[0.014, 0.148, 0.064]",0.014,0.148,0.07533333333333334,0.8511111107667286,9965316
2d1c70257fcb,looped_transformer,propagate,7500,16,mild,"{""dim"": 1, ""distance"": 8, ""length"": 12, ""n_sources"": 1}",3,True,False,0,0.012666666666666666,0.00410960933531265,0.008,0.018,"[0.012, 0.018, 0.008]",0.008,0.018,0.012666666666666666,0.7103888891438643,9965316
2d1c70257fcb,looped_transformer,propagate,10000,16,mild,"{""dim"": 1, ""distance"": 6, ""length"": 12, ""n_sources"": 1}",3,True,False,0,0.012666666666666666,0.012256517540566824,0.004,0.03,"[0.004, 0.004, 0.03]",0.004,0.03,0.012666666666666666,0.8336666652957598,9965316
2d1c70257fcb,looped_transformer,propagate,10000,16,mild,"{""dim"": 1, ""distance"": 8, ""length"": 12, ""n_sources"": 1}",3,True,False,0,0.004666666666666667,0.00339934634239519,0.0,0.008,"[0.006, 0.0, 0.008]",0.0,0.008,0.004666666666666667,0.6826666673521201,9965316
2d1c70257fcb,looped_transformer,propagate,12500,16,mild,"{""dim"": 1, ""distance"": 6, ""length"": 12, ""n_sources"": 1}",3,True,False,0,0.02733333333333333,0.02311324776447962,0.01,0.06,"[0.012, 0.06, 0.01]",0.01,0.06,0.02733333333333333,0.8330555539528529,9965316
2d1c70257fcb,looped_transformer,propagate,12500,16,mild,"{""dim"": 1, ""distance"": 8, ""length"": 12, ""n_sources"": 1}",3,True,False,0,0.0006666666666666666,0.0009428090415820634,0.0,0.002,"[0.002, 0.0, 0.0]",0.0,0.002,0.0006666666666666666,0.668277778794368,9965316
2d1c70257fcb,looped_transformer,propagate,15000,16,mild,"{""dim"": 1, ""distance"": 6, ""length"": 12, ""n_sources"": 1}",3,True,False,0,0.012666666666666666,0.008993825042154695,0.002,0.024,"[0.002, 0.012, 0.024]",0.002,0.024000000000000004,0.012666666666666666,0.8416111102898917,9965316
2d1c70257fcb,looped_transformer,propagate,15000,16,mild,"{""dim"": 1, ""distance"": 8, ""length"": 12, ""n_sources"": 1}",3,True,False,0,0.005333333333333333,0.0037712361663282535,0.0,0.008,"[0.008, 0.0, 0.008]",0.0,0.008,0.005333333333333333,0.6934999995827674,9965316
2d1c70257fcb,looped_transformer,propagate,17500,16,mild,"{""dim"": 1, ""distance"": 6, ""length"": 12, ""n_sources"": 1}",3,True,False,0,0.07200000000000001,0.03676955262170047,0.02,0.098,"[0.02, 0.098, 0.098]",0.02,0.09800000000000002,0.07200000000000001,0.8455555568536123,9965316
2d1c70257fcb,looped_transformer,propagate,17500,16,mild,"{""dim"": 1, ""distance"": 8, ""length"": 12, ""n_sources"": 1}",3,True,False,0,0.004,0.004320493798938573,0.0,0.01,"[0.0, 0.002, 0.01]",0.0,0.01,0.004,0.6555000016887983,9965316
2d1c70257fcb,looped_transformer,propagate,20000,16,mild,"{""dim"": 1, ""distance"": 6, ""length"": 12, ""n_sources"": 1}",3,True,False,0,0.054,0.025139610179953066,0.028,0.088,"[0.046, 0.088, 0.028]",0.028,0.08800000000000001,0.054,0.8603888942003252,9965316
2d1c70257fcb,looped_transformer,propagate,20000,16,mild,"{""dim"": 1, ""distance"": 8, ""length"": 12, ""n_sources"": 1}",3,True,False,0,0.0013333333333333333,0.0018856180831641268,0.0,0.004,"[0.0, 0.0, 0.004]",0.0,0.004,0.0013333333333333333,0.6980555580357711,9965316
2d1c70257fcb,looped_transformer,propagate,22500,16,mild,"{""dim"": 1, ""distance"": 6, ""length"": 12, ""n_sources"": 1}",3,True,False,0,0.04733333333333334,0.04434210439550904,0.014,0.11,"[0.014, 0.018, 0.11]",0.014,0.11,0.04733333333333334,0.8464444459279378,9965316
2d1c70257fcb,looped_transformer,propagate,22500,16,mild,"{""dim"": 1, ""distance"": 8, ""length"": 12, ""n_sources"": 1}",3,True,False,0,0.0,0.0,0.0,0.0,"[0.0, 0.0, 0.0]",0.0,0.0,0.0,0.652388892998298,9965316
2d1c70257fcb,looped_transformer,propagate,25000,16,mild,"{""dim"": 1, ""distance"": 6, ""length"": 12, ""n_sources"": 1}",3,True,False,0,0.08,0.04744119166575252,0.02,0.136,"[0.02, 0.136, 0.084]",0.02,0.136,0.08,0.8491111132701238,9965316
2d1c70257fcb,looped_transformer,propagate,25000,16,mild,"{""dim"": 1, ""distance"": 8, ""length"": 12, ""n_sources"": 1}",3,True,False,0,0.0006666666666666666,0.0009428090415820634,0.0,0.002,"[0.0, 0.002, 0.0]",0.0,0.002,0.0006666666666666666,0.652055558398366,9965316
2d1c70257fcb,looped_transformer,propagate,27500,16,mild,"{""dim"": 1, ""distance"": 6, ""length"": 12, ""n_sources"": 1}",3,True,False,0,0.08933333333333332,0.038308687729489706,0.052,0.142,"[0.052, 0.142, 0.074]",0.052,0.142,0.08933333333333332,0.8448333361148835,9965316
2d1c70257fcb,looped_transformer,propagate,27500,16,mild,"{""dim"": 1, ""distance"": 8, ""length"": 12, ""n_sources"": 1}",3,True,False,0,0.0,0.0,0.0,0.0,"[0.0, 0.0, 0.0]",0.0,0.0,0.0,0.6306666691154242,9965316
2d1c70257fcb,looped_transformer,propagate,30000,16,mild,"{""dim"": 1, ""distance"": 6, ""length"": 12, ""n_sources"": 1}",3,True,False,0,0.11599999999999999,0.05687413002997642,0.038,0.172,"[0.038, 0.172, 0.138]",0.038,0.17200000000000001,0.11599999999999999,0.8285000036557516,9965316
2d1c70257fcb,looped_transformer,propagate,30000,16,mild,"{""dim"": 1, ""distance"": 8, ""length"": 12, ""n_sources"": 1}",3,True,False,0,0.0,0.0,0.0,0.0,"[0.0, 0.0, 0.0]",0.0,0.0,0.0,0.6171111138612032,9965316
2d1c70257fcb,looped_transformer,propagate,32500,16,mild,"{""dim"": 1, ""distance"": 6, ""length"": 12, ""n_sources"": 1}",3,True,False,0,0.12066666666666666,0.05526501806950055,0.046,0.178,"[0.046, 0.178, 0.138]",0.046000000000000006,0.17800000000000002,0.12066666666666666,0.8335000043114027,9965316
2d1c70257fcb,looped_transformer,propagate,32500,16,mild,"{""dim"": 1, ""distance"": 8, ""length"": 12, ""n_sources"": 1}",3,True,False,0,0.0,0.0,0.0,0.0,"[0.0, 0.0, 0.0]",0.0,0.0,0.0,0.6223888919452826,9965316
2d1c70257fcb,looped_transformer,propagate,35000,16,mild,"{""dim"": 1, ""distance"": 6, ""length"": 12, ""n_sources"": 1}",3,True,False,0,0.13666666666666666,0.05854532906693373,0.054,0.182,"[0.054, 0.182, 0.174]",0.054,0.18200000000000002,0.13666666666666666,0.833000004331271,9965316
2d1c70257fcb,looped_transformer,propagate,35000,16,mild,"{""dim"": 1, ""distance"": 8, ""length"": 12, ""n_sources"": 1}",3,True,False,0,0.0,0.0,0.0,0.0,"[0.0, 0.0, 0.0]",0.0,0.0,0.0,0.6207222251097361,9965316
2d1c70257fcb,looped_transformer,propagate,37500,16,mild,"{""dim"": 1, ""distance"": 6, ""length"": 12, ""n_sources"": 1}",3,True,False,0,0.10466666666666667,0.06607739569794063,0.054,0.198,"[0.062, 0.054, 0.198]",0.054,0.19800000000000004,0.10466666666666667,0.8493333395719529,9965316
2d1c70257fcb,looped_transformer,propagate,37500,16,mild,"{""dim"": 1, ""distance"": 8, ""length"": 12, ""n_sources"": 1}",3,True,False,0,0.0,0.0,0.0,0.0,"[0.0, 0.0, 0.0]",0.0,0.0,0.0,0.64250000239412,9965316
2d1c70257fcb,looped_transformer,propagate,40000,16,mild,"{""dim"": 1, ""distance"": 6, ""length"": 12, ""n_sources"": 1}",3,True,False,0,0.10999999999999999,0.06837153403768755,0.052,0.206,"[0.072, 0.052, 0.206]",0.052,0.206,0.10999999999999999,0.850111117263635,9965316
2d1c70257fcb,looped_transformer,propagate,40000,16,mild,"{""dim"": 1, ""distance"": 8, ""length"": 12, ""n_sources"": 1}",3,True,False,0,0.0,0.0,0.0,0.0,"[0.0, 0.0, 0.0]",0.0,0.0,0.0,0.6426111134092013,9965316
2d1c70257fcb,looped_transformer,propagate,40000,32,mild,"{""dim"": 1, ""distance"": 6, ""length"": 12, ""n_sources"": 1}",3,True,False,0,0.038,0.01883259585576738,0.02,0.064,"[0.02, 0.064, 0.03]",0.02,0.064,0.038,0.7680555574695269,9965316
2d1c70257fcb,looped_transformer,propagate,40000,32,mild,"{""dim"": 1, ""distance"": 8, ""length"": 12, ""n_sources"": 1}",3,True,False,0,0.0,0.0,0.0,0.0,"[0.0, 0.0, 0.0]",0.0,0.0,0.0,0.5637777797778447,9965316
2d1c70257fcb,looped_transformer,propagate,2500,1,strong,"{""dim"": 1, ""distance"": 12, ""length"": 48, ""n_sources"": 1}",3,True,False,0,0.0,0.0,0.0,0.0,"[0.0, 0.0, 0.0]",0.0,0.0,0.0,0.7129305560390155,9965316
2d1c70257fcb,looped_transformer,propagate,2500,1,strong,"{""dim"": 1, ""distance"": 24, ""length"": 48, ""n_sources"": 1}",3,True,False,0,0.0,0.0,0.0,0.0,"[0.0, 0.0, 0.0]",0.0,0.0,0.0,0.7212361118793487,9965316
2d1c70257fcb,looped_transformer,propagate,5000,1,strong,"{""dim"": 1, ""distance"": 12, ""length"": 48, ""n_sources"": 1}",3,True,False,0,0.0,0.0,0.0,0.0,"[0.0, 0.0, 0.0]",0.0,0.0,0.0,0.6340416664481162,9965316
2d1c70257fcb,looped_transformer,propagate,5000,1,strong,"{""dim"": 1, ""distance"": 24, ""length"": 48, ""n_sources"": 1}",3,True,False,0,0.0,0.0,0.0,0.0,"[0.0, 0.0, 0.0]",0.0,0.0,0.0,0.6522083331346512,9965316
2d1c70257fcb,looped_transformer,propagate,7500,1,strong,"{""dim"": 1, ""distance"": 12, ""length"": 48, ""n_sources"": 1}",3,True,False,0,0.0,0.0,0.0,0.0,"[0.0, 0.0, 0.0]",0.0,0.0,0.0,0.6487083337903022,9965316
2d1c70257fcb,looped_transformer,propagate,7500,1,strong,"{""dim"": 1, ""distance"": 24, ""length"": 48, ""n_sources"": 1}",3,True,False,0,0.0,0.0,0.0,0.0,"[0.0, 0.0, 0.0]",0.0,0.0,0.0,0.6681805553436279,9965316
2d1c70257fcb,looped_transformer,propagate,10000,1,strong,"{""dim"": 1, ""distance"": 12, ""length"": 48, ""n_sources"": 1}",3,True,False,0,0.0,0.0,0.0,0.0,"[0.0, 0.0, 0.0]",0.0,0.0,0.0,0.6542361100713412,9965316
2d1c70257fcb,looped_transformer,propagate,10000,1,strong,"{""dim"": 1, ""distance"": 24, ""length"": 48, ""n_sources"": 1}",3,True,False,0,0.0,0.0,0.0,0.0,"[0.0, 0.0, 0.0]",0.0,0.0,0.0,0.6722361106475194,9965316
2d1c70257fcb,looped_transformer,propagate,12500,1,strong,"{""dim"": 1, ""distance"": 12, ""length"": 48, ""n_sources"": 1}",3,True,False,0,0.0,0.0,0.0,0.0,"[0.0, 0.0, 0.0]",0.0,0.0,0.0,0.6552083331942558,9965316
2d1c70257fcb,looped_transformer,propagate,12500,1,strong,"{""dim"": 1, ""distance"": 24, ""length"": 48, ""n_sources"": 1}",3,True,False,0,0.0,0.0,0.0,0.0,"[0.0, 0.0, 0.0]",0.0,0.0,0.0,0.6720138881603877,9965316
2d1c70257fcb,looped_transformer,propagate,15000,1,strong,"{""dim"": 1, ""distance"": 12, ""length"": 48, ""n_sources"": 1}",3,True,False,0,0.0,0.0,0.0,0.0,"[0.0, 0.0, 0.0]",0.0,0.0,0.0,0.6331249996821086,9965316
2d1c70257fcb,looped_transformer,propagate,15000,1,strong,"{""dim"": 1, ""distance"": 24, ""length"": 48, ""n_sources"": 1}",3,True,False,0,0.0,0.0,0.0,0.0,"[0.0, 0.0, 0.0]",0.0,0.0,0.0,0.6533888894319534,9965316
2d1c70257fcb,looped_transformer,propagate,17500,1,strong,"{""dim"": 1, ""distance"": 12, ""length"": 48, ""n_sources"": 1}",3,True,False,0,0.0,0.0,0.0,0.0,"[0.0, 0.0, 0.0]",0.0,0.0,0.0,0.6495555544694266,9965316
2d1c70257fcb,looped_transformer,propagate,17500,1,strong,"{""dim"": 1, ""distance"": 24, ""length"": 48, ""n_sources"": 1}",3,True,False,0,0.0,0.0,0.0,0.0,"[0.0, 0.0, 0.0]",0.0,0.0,0.0,0.6762916662096977,9965316
2d1c70257fcb,looped_transformer,propagate,20000,1,strong,"{""dim"": 1, ""distance"": 12, ""length"": 48, ""n_sources"": 1}",3,True,False,0,0.0,0.0,0.0,0.0,"[0.0, 0.0, 0.0]",0.0,0.0,0.0,0.6210138872663179,9965316
2d1c70257fcb,looped_transformer,propagate,20000,1,strong,"{""dim"": 1, ""distance"": 24, ""length"": 48, ""n_sources"": 1}",3,True,False,0,0.0,0.0,0.0,0.0,"[0.0, 0.0, 0.0]",0.0,0.0,0.0,0.642208332657814,9965316
2d1c70257fcb,looped_transformer,propagate,22500,1,strong,"{""dim"": 1, ""distance"": 12, ""length"": 48, ""n_sources"": 1}",3,True,False,0,0.0,0.0,0.0,0.0,"[0.0, 0.0, 0.0]",0.0,0.0,0.0,0.6266944426496824,9965316
2d1c70257fcb,looped_transformer,propagate,22500,1,strong,"{""dim"": 1, ""distance"": 24, ""length"": 48, ""n_sources"": 1}",3,True,False,0,0.0,0.0,0.0,0.0,"[0.0, 0.0, 0.0]",0.0,0.0,0.0,0.651611110230287,9965316
2d1c70257fcb,looped_transformer,propagate,25000,1,strong,"{""dim"": 1, ""distance"": 12, ""length"": 48, ""n_sources"": 1}",3,True,False,0,0.0,0.0,0.0,0.0,"[0.0, 0.0, 0.0]",0.0,0.0,0.0,0.6282361099720001,9965316
2d1c70257fcb,looped_transformer,propagate,25000,1,strong,"{""dim"": 1, ""distance"": 24, ""length"": 48, ""n_sources"": 1}",3,True,False,0,0.0,0.0,0.0,0.0,"[0.0, 0.0, 0.0]",0.0,0.0,0.0,0.645972222050031,9965316
2d1c70257fcb,looped_transformer,propagate,27500,1,strong,"{""dim"": 1, ""distance"": 12, ""length"": 48, ""n_sources"": 1}",3,True,False,0,0.0,0.0,0.0,0.0,"[0.0, 0.0, 0.0]",0.0,0.0,0.0,0.6380555551250776,9965316
2d1c70257fcb,looped_transformer,propagate,27500,1,strong,"{""dim"": 1, ""distance"": 24, ""length"": 48, ""n_sources"": 1}",3,True,False,0,0.0,0.0,0.0,0.0,"[0.0, 0.0, 0.0]",0.0,0.0,0.0,0.650152777671814,9965316
2d1c70257fcb,looped_transformer,propagate,30000,1,strong,"{""dim"": 1, ""distance"": 12, ""length"": 48, ""n_sources"": 1}",3,True,False,0,0.0,0.0,0.0,0.0,"[0.0, 0.0, 0.0]",0.0,0.0,0.0,0.6517499999602635,9965316
2d1c70257fcb,looped_transformer,propagate,30000,1,strong,"{""dim"": 1, ""distance"": 24, ""length"": 48, ""n_sources"": 1}",3,True,False,0,0.0,0.0,0.0,0.0,"[0.0, 0.0, 0.0]",0.0,0.0,0.0,0.6629027777512868,9965316
2d1c70257fcb,looped_transformer,propagate,32500,1,strong,"{""dim"": 1, ""distance"": 12, ""length"": 48, ""n_sources"": 1}",3,True,False,0,0.0,0.0,0.0,0.0,"[0.0, 0.0, 0.0]",0.0,0.0,0.0,0.6412638882597288,9965316
2d1c70257fcb,looped_transformer,propagate,32500,1,strong,"{""dim"": 1, ""distance"": 24, ""length"": 48, ""n_sources"": 1}",3,True,False,0,0.0,0.0,0.0,0.0,"[0.0, 0.0, 0.0]",0.0,0.0,0.0,0.6526249991257985,9965316
2d1c70257fcb,looped_transformer,propagate,35000,1,strong,"{""dim"": 1, ""distance"": 12, ""length"": 48, ""n_sources"": 1}",3,True,False,0,0.0,0.0,0.0,0.0,"[0.0, 0.0, 0.0]",0.0,0.0,0.0,0.6423055553038916,9965316
2d1c70257fcb,looped_transformer,propagate,35000,1,strong,"{""dim"": 1, ""distance"": 24, ""length"": 48, ""n_sources"": 1}",3,True,False,0,0.0,0.0,0.0,0.0,"[0.0, 0.0, 0.0]",0.0,0.0,0.0,0.6528611097534498,9965316
2d1c70257fcb,looped_transformer,propagate,37500,1,strong,"{""dim"": 1, ""distance"": 12, ""length"": 48, ""n_sources"": 1}",3,True,False,0,0.0,0.0,0.0,0.0,"[0.0, 0.0, 0.0]",0.0,0.0,0.0,0.6361249992450079,9965316
2d1c70257fcb,looped_transformer,propagate,37500,1,strong,"{""dim"": 1, ""distance"": 24, ""length"": 48, ""n_sources"": 1}",3,True,False,0,0.0,0.0,0.0,0.0,"[0.0, 0.0, 0.0]",0.0,0.0,0.0,0.6478194429079691,9965316
2d1c70257fcb,looped_transformer,propagate,40000,1,strong,"{""dim"": 1, ""distance"": 12, ""length"": 48, ""n_sources"": 1}",3,True,False,0,0.0,0.0,0.0,0.0,"[0.0, 0.0, 0.0]",0.0,0.0,0.0,0.6344999991854031,9965316
2d1c70257fcb,looped_transformer,propagate,40000,1,strong,"{""dim"": 1, ""distance"": 24, ""length"": 48, ""n_sources"": 1}",3,True,False,0,0.0,0.0,0.0,0.0,"[0.0, 0.0, 0.0]",0.0,0.0,0.0,0.6463888873457909,9965316
2d1c70257fcb,looped_transformer,propagate,40000,2,strong,"{""dim"": 1, ""distance"": 12, ""length"": 48, ""n_sources"": 1}",3,True,False,0,0.0,0.0,0.0,0.0,"[0.0, 0.0, 0.0]",0.0,0.0,0.0,0.6549722223480542,9965316
2d1c70257fcb,looped_transformer,propagate,40000,2,strong,"{""dim"": 1, ""distance"": 24, ""length"": 48, ""n_sources"": 1}",3,True,False,0,0.0,0.0,0.0,0.0,"[0.0, 0.0, 0.0]",0.0,0.0,0.0,0.6606944443980852,9965316
2d1c70257fcb,looped_transformer,propagate,2500,4,strong,"{""dim"": 1, ""distance"": 12, ""length"": 48, ""n_sources"": 1}",3,True,False,0,0.0,0.0,0.0,0.0,"[0.0, 0.0, 0.0]",0.0,0.0,0.0,0.7372499995231628,9965316
2d1c70257fcb,looped_transformer,propagate,2500,4,strong,"{""dim"": 1, ""distance"": 24, ""length"": 48, ""n_sources"": 1}",3,True,False,0,0.0,0.0,0.0,0.0,"[0.0, 0.0, 0.0]",0.0,0.0,0.0,0.6963194448649883,9965316
2d1c70257fcb,looped_transformer,propagate,5000,4,strong,"{""dim"": 1, ""distance"": 12, ""length"": 48, ""n_sources"": 1}",3,True,False,0,0.0,0.0,0.0,0.0,"[0.0, 0.0, 0.0]",0.0,0.0,0.0,0.7148888870875041,9965316
2d1c70257fcb,looped_transformer,propagate,5000,4,strong,"{""dim"": 1, ""distance"": 24, ""length"": 48, ""n_sources"": 1}",3,True,False,0,0.0,0.0,0.0,0.0,"[0.0, 0.0, 0.0]",0.0,0.0,0.0,0.6782361103494963,9965316
2d1c70257fcb,looped_transformer,propagate,7500,4,strong,"{""dim"": 1, ""distance"": 12, ""length"": 48, ""n_sources"": 1}",3,True,False,0,0.0,0.0,0.0,0.0,"[0.0, 0.0, 0.0]",0.0,0.0,0.0,0.7212777778307596,9965316
2d1c70257fcb,looped_transformer,propagate,7500,4,strong,"{""dim"": 1, ""distance"": 24, ""length"": 48, ""n_sources"": 1}",3,True,False,0,0.0,0.0,0.0,0.0,"[0.0, 0.0, 0.0]",0.0,0.0,0.0,0.6843611106276514,9965316
2d1c70257fcb,looped_transformer,propagate,10000,4,strong,"{""dim"": 1, ""distance"": 12, ""length"": 48, ""n_sources"": 1}",3,True,False,0,0.0,0.0,0.0,0.0,"[0.0, 0.0, 0.0]",0.0,0.0,0.0,0.7305833332538606,9965316
2d1c70257fcb,looped_transformer,propagate,10000,4,strong,"{""dim"": 1, ""distance"": 24, ""length"": 48, ""n_sources"": 1}",3,True,False,0,0.0,0.0,0.0,0.0,"[0.0, 0.0, 0.0]",0.0,0.0,0.0,0.7071944453318914,9965316
2d1c70257fcb,looped_transformer,propagate,12500,4,strong,"{""dim"": 1, ""distance"": 12, ""length"": 48, ""n_sources"": 1}",3,True,False,0,0.0,0.0,0.0,0.0,"[0.0, 0.0, 0.0]",0.0,0.0,0.0,0.7235694444874922,9965316
2d1c70257fcb,looped_transformer,propagate,12500,4,strong,"{""dim"": 1, ""distance"": 24, ""length"": 48, ""n_sources"": 1}",3,True,False,0,0.0,0.0,0.0,0.0,"[0.0, 0.0, 0.0]",0.0,0.0,0.0,0.7004444442192712,9965316
2d1c70257fcb,looped_transformer,propagate,15000,4,strong,"{""dim"": 1, ""distance"": 12, ""length"": 48, ""n_sources"": 1}",3,True,False,0,0.0,0.0,0.0,0.0,"[0.0, 0.0, 0.0]",0.0,0.0,0.0,0.7257499989469847,9965316
2d1c70257fcb,looped_transformer,propagate,15000,4,strong,"{""dim"": 1, ""distance"": 24, ""length"": 48, ""n_sources"": 1}",3,True,False,0,0.0,0.0,0.0,0.0,"[0.0, 0.0, 0.0]",0.0,0.0,0.0,0.6893055553833644,9965316
2d1c70257fcb,looped_transformer,propagate,17500,4,strong,"{""dim"": 1, ""distance"": 12, ""length"": 48, ""n_sources"": 1}",3,True,False,0,0.0,0.0,0.0,0.0,"[0.0, 0.0, 0.0]",0.0,0.0,0.0,0.7252916655540466,9965316
2d1c70257fcb,looped_transformer,propagate,17500,4,strong,"{""dim"": 1, ""distance"": 24, ""length"": 48, ""n_sources"": 1}",3,True,False,0,0.0,0.0,0.0,0.0,"[0.0, 0.0, 0.0]",0.0,0.0,0.0,0.7107916666269302,9965316
2d1c70257fcb,looped_transformer,propagate,20000,4,strong,"{""dim"": 1, ""distance"": 12, ""length"": 48, ""n_sources"": 1}",3,True,False,0,0.0,0.0,0.0,0.0,"[0.0, 0.0, 0.0]",0.0,0.0,0.0,0.7180138872464498,9965316
2d1c70257fcb,looped_transformer,propagate,20000,4,strong,"{""dim"": 1, ""distance"": 24, ""length"": 48, ""n_sources"": 1}",3,True,False,0,0.0,0.0,0.0,0.0,"[0.0, 0.0, 0.0]",0.0,0.0,0.0,0.6964722207387289,9965316
2d1c70257fcb,looped_transformer,propagate,22500,4,strong,"{""dim"": 1, ""distance"": 12, ""length"": 48, ""n_sources"": 1}",3,True,False,0,0.0,0.0,0.0,0.0,"[0.0, 0.0, 0.0]",0.0,0.0,0.0,0.7133472220102947,9965316
2d1c70257fcb,looped_transformer,propagate,22500,4,strong,"{""dim"": 1, ""distance"": 24, ""length"": 48, ""n_sources"": 1}",3,True,False,0,0.0,0.0,0.0,0.0,"[0.0, 0.0, 0.0]",0.0,0.0,0.0,0.683486110428969,9965316
2d1c70257fcb,looped_transformer,propagate,25000,4,strong,"{""dim"": 1, ""distance"": 12, ""length"": 48, ""n_sources"": 1}",3,True,False,0,0.0,0.0,0.0,0.0,"[0.0, 0.0, 0.0]",0.0,0.0,0.0,0.7218749994834264,9965316
2d1c70257fcb,looped_transformer,propagate,25000,4,strong,"{""dim"": 1, ""distance"": 24, ""length"": 48, ""n_sources"": 1}",3,True,False,0,0.0,0.0,0.0,0.0,"[0.0, 0.0, 0.0]",0.0,0.0,0.0,0.7000555554032326,9965316
2d1c70257fcb,looped_transformer,propagate,27500,4,strong,"{""dim"": 1, ""distance"": 12, ""length"": 48, ""n_sources"": 1}",3,True,False,0,0.0,0.0,0.0,0.0,"[0.0, 0.0, 0.0]",0.0,0.0,0.0,0.7224027776320776,9965316
2d1c70257fcb,looped_transformer,propagate,27500,4,strong,"{""dim"": 1, ""distance"": 24, ""length"": 48, ""n_sources"": 1}",3,True,False,0,0.0,0.0,0.0,0.0,"[0.0, 0.0, 0.0]",0.0,0.0,0.0,0.7014444442192712,9965316
2d1c70257fcb,looped_transformer,propagate,30000,4,strong,"{""dim"": 1, ""distance"": 12, ""length"": 48, ""n_sources"": 1}",3,True,False,0,0.0,0.0,0.0,0.0,"[0.0, 0.0, 0.0]",0.0,0.0,0.0,0.7257222216924032,9965316
2d1c70257fcb,looped_transformer,propagate,30000,4,strong,"{""dim"": 1, ""distance"": 24, ""length"": 48, ""n_sources"": 1}",3,True,False,0,0.0,0.0,0.0,0.0,"[0.0, 0.0, 0.0]",0.0,0.0,0.0,0.7024722218712172,9965316
2d1c70257fcb,looped_transformer,propagate,32500,4,strong,"{""dim"": 1, ""distance"": 12, ""length"": 48, ""n_sources"": 1}",3,True,False,0,0.0,0.0,0.0,0.0,"[0.0, 0.0, 0.0]",0.0,0.0,0.0,0.7180694443782171,9965316
2d1c70257fcb,looped_transformer,propagate,32500,4,strong,"{""dim"": 1, ""distance"": 24, ""length"": 48, ""n_sources"": 1}",3,True,False,0,0.0,0.0,0.0,0.0,"[0.0, 0.0, 0.0]",0.0,0.0,0.0,0.6940138887763023,9965316
2d1c70257fcb,looped_transformer,propagate,35000,4,strong,"{""dim"": 1, ""distance"": 12, ""length"": 48, ""n_sources"": 1}",3,True,False,0,0.0,0.0,0.0,0.0,"[0.0, 0.0, 0.0]",0.0,0.0,0.0,0.7183750003178915,9965316
2d1c70257fcb,looped_transformer,propagate,35000,4,strong,"{""dim"": 1, ""distance"": 24, ""length"": 48, ""n_sources"": 1}",3,True,False,0,0.0,0.0,0.0,0.0,"[0.0, 0.0, 0.0]",0.0,0.0,0.0,0.6941944443980853,9965316
2d1c70257fcb,looped_transformer,propagate,37500,4,strong,"{""dim"": 1, ""distance"": 12, ""length"": 48, ""n_sources"": 1}",3,True,False,0,0.0,0.0,0.0,0.0,"[0.0, 0.0, 0.0]",0.0,0.0,0.0,0.7181805558999379,9965316
2d1c70257fcb,looped_transformer,propagate,37500,4,strong,"{""dim"": 1, ""distance"": 24, ""length"": 48, ""n_sources"": 1}",3,True,False,0,0.0,0.0,0.0,0.0,"[0.0, 0.0, 0.0]",0.0,0.0,0.0,0.693819444557031,9965316
2d1c70257fcb,looped_transformer,propagate,40000,4,strong,"{""dim"": 1, ""distance"": 12, ""length"": 48, ""n_sources"": 1}",3,True,False,0,0.0,0.0,0.0,0.0,"[0.0, 0.0, 0.0]",0.0,0.0,0.0,0.7178472224871317,9965316
2d1c70257fcb,looped_transformer,propagate,40000,4,strong,"{""dim"": 1, ""distance"": 24, ""length"": 48, ""n_sources"": 1}",3,True,False,0,0.0,0.0,0.0,0.0,"[0.0, 0.0, 0.0]",0.0,0.0,0.0,0.6934166669249535,9965316
2d1c70257fcb,looped_transformer,propagate,40000,8,strong,"{""dim"": 1, ""distance"": 12, ""length"": 48, ""n_sources"": 1}",3,True,False,0,0.0,0.0,0.0,0.0,"[0.0, 0.0, 0.0]",0.0,0.0,0.0,0.7372638876835506,9965316
2d1c70257fcb,looped_transformer,propagate,40000,8,strong,"{""dim"": 1, ""distance"": 24, ""length"": 48, ""n_sources"": 1}",3,True,False,0,0.0,0.0,0.0,0.0,"[0.0, 0.0, 0.0]",0.0,0.0,0.0,0.687777777214845,9965316
2d1c70257fcb,looped_transformer,propagate,2500,16,strong,"{""dim"": 1, ""distance"": 12, ""length"": 48, ""n_sources"": 1}",3,True,False,0,0.0,0.0,0.0,0.0,"[0.0, 0.0, 0.0]",0.0,0.0,0.0,0.7261111050049465,9965316
2d1c70257fcb,looped_transformer,propagate,2500,16,strong,"{""dim"": 1, ""distance"": 24, ""length"": 48, ""n_sources"": 1}",3,True,False,0,0.0,0.0,0.0,0.0,"[0.0, 0.0, 0.0]",0.0,0.0,0.0,0.6117083329459031,9965316
2d1c70257fcb,looped_transformer,propagate,5000,16,strong,"{""dim"": 1, ""distance"": 12, ""length"": 48, ""n_sources"": 1}",3,True,False,0,0.0,0.0,0.0,0.0,"[0.0, 0.0, 0.0]",0.0,0.0,0.0,0.72211110552152,9965316
2d1c70257fcb,looped_transformer,propagate,5000,16,strong,"{""dim"": 1, ""distance"": 24, ""length"": 48, ""n_sources"": 1}",3,True,False,0,0.0,0.0,0.0,0.0,"[0.0, 0.0, 0.0]",0.0,0.0,0.0,0.61024999944369,9965316
2d1c70257fcb,looped_transformer,propagate,7500,16,strong,"{""dim"": 1, ""distance"": 12, ""length"": 48, ""n_sources"": 1}",3,True,False,0,0.0,0.0,0.0,0.0,"[0.0, 0.0, 0.0]",0.0,0.0,0.0,0.7283888854185742,9965316
2d1c70257fcb,looped_transformer,propagate,7500,16,strong,"{""dim"": 1, ""distance"": 24, ""length"": 48, ""n_sources"": 1}",3,True,False,0,0.0,0.0,0.0,0.0,"[0.0, 0.0, 0.0]",0.0,0.0,0.0,0.6511944443186124,9965316
2d1c70257fcb,looped_transformer,propagate,10000,16,strong,"{""dim"": 1, ""distance"": 12, ""length"": 48, ""n_sources"": 1}",3,True,False,0,0.0,0.0,0.0,0.0,"[0.0, 0.0, 0.0]",0.0,0.0,0.0,0.745291663368543,9965316
2d1c70257fcb,looped_transformer,propagate,10000,16,strong,"{""dim"": 1, ""distance"": 24, ""length"": 48, ""n_sources"": 1}",3,True,False,0,0.0,0.0,0.0,0.0,"[0.0, 0.0, 0.0]",0.0,0.0,0.0,0.6879861110051473,9965316
2d1c70257fcb,looped_transformer,propagate,12500,16,strong,"{""dim"": 1, ""distance"": 12, ""length"": 48, ""n_sources"": 1}",3,True,False,0,0.0,0.0,0.0,0.0,"[0.0, 0.0, 0.0]",0.0,0.0,0.0,0.7409166643867889,9965316
2d1c70257fcb,looped_transformer,propagate,12500,16,strong,"{""dim"": 1, ""distance"": 24, ""length"": 48, ""n_sources"": 1}",3,True,False,0,0.0,0.0,0.0,0.0,"[0.0, 0.0, 0.0]",0.0,0.0,0.0,0.6771111112833023,9965316
2d1c70257fcb,looped_transformer,propagate,15000,16,strong,"{""dim"": 1, ""distance"": 12, ""length"": 48, ""n_sources"": 1}",3,True,False,0,0.0,0.0,0.0,0.0,"[0.0, 0.0, 0.0]",0.0,0.0,0.0,0.7517638860146204,9965316
2d1c70257fcb,looped_transformer,propagate,15000,16,strong,"{""dim"": 1, ""distance"": 24, ""length"": 48, ""n_sources"": 1}",3,True,False,0,0.0,0.0,0.0,0.0,"[0.0, 0.0, 0.0]",0.0,0.0,0.0,0.6989305550257364,9965316
2d1c70257fcb,looped_transformer,propagate,17500,16,strong,"{""dim"": 1, ""distance"": 12, ""length"": 48, ""n_sources"": 1}",3,True,False,0,0.0,0.0,0.0,0.0,"[0.0, 0.0, 0.0]",0.0,0.0,0.0,0.7459999985694886,9965316
2d1c70257fcb,looped_transformer,propagate,17500,16,strong,"{""dim"": 1, ""distance"": 24, ""length"": 48, ""n_sources"": 1}",3,True,False,0,0.0,0.0,0.0,0.0,"[0.0, 0.0, 0.0]",0.0,0.0,0.0,0.7086527772148449,9965316
2d1c70257fcb,looped_transformer,propagate,20000,16,strong,"{""dim"": 1, ""distance"": 12, ""length"": 48, ""n_sources"": 1}",3,True,False,0,0.0,0.0,0.0,0.0,"[0.0, 0.0, 0.0]",0.0,0.0,0.0,0.7413472203016281,9965316
2d1c70257fcb,looped_transformer,propagate,20000,16,strong,"{""dim"": 1, ""distance"": 24, ""length"": 48, ""n_sources"": 1}",3,True,False,0,0.0,0.0,0.0,0.0,"[0.0, 0.0, 0.0]",0.0,0.0,0.0,0.6749722223679225,9965316
2d1c70257fcb,looped_transformer,propagate,22500,16,strong,"{""dim"": 1, ""distance"": 12, ""length"": 48, ""n_sources"": 1}",3,True,False,0,0.0,0.0,0.0,0.0,"[0.0, 0.0, 0.0]",0.0,0.0,0.0,0.7470694425503414,9965316
2d1c70257fcb,looped_transformer,propagate,22500,16,strong,"{""dim"": 1, ""distance"": 24, ""length"": 48, ""n_sources"": 1}",3,True,False,0,0.0,0.0,0.0,0.0,"[0.0, 0.0, 0.0]",0.0,0.0,0.0,0.6912500003874302,9965316
2d1c70257fcb,looped_transformer,propagate,25000,16,strong,"{""dim"": 1, ""distance"": 12, ""length"": 48, ""n_sources"": 1}",3,True,False,0,0.0,0.0,0.0,0.0,"[0.0, 0.0, 0.0]",0.0,0.0,0.0,0.7472777758439383,9965316
2d1c70257fcb,looped_transformer,propagate,25000,16,strong,"{""dim"": 1, ""distance"": 24, ""length"": 48, ""n_sources"": 1}",3,True,False,0,0.0,0.0,0.0,0.0,"[0.0, 0.0, 0.0]",0.0,0.0,0.0,0.6927222219705582,9965316
2d1c70257fcb,looped_transformer,propagate,27500,16,strong,"{""dim"": 1, ""distance"": 12, ""length"": 48, ""n_sources"": 1}",3,True,False,0,0.0,0.0,0.0,0.0,"[0.0, 0.0, 0.0]",0.0,0.0,0.0,0.7470555539131164,9965316
2d1c70257fcb,looped_transformer,propagate,27500,16,strong,"{""dim"": 1, ""distance"": 24, ""length"": 48, ""n_sources"": 1}",3,True,False,0,0.0,0.0,0.0,0.0,"[0.0, 0.0, 0.0]",0.0,0.0,0.0,0.688916666428248,9965316
2d1c70257fcb,looped_transformer,propagate,30000,16,strong,"{""dim"": 1, ""distance"": 12, ""length"": 48, ""n_sources"": 1}",3,True,False,0,0.0,0.0,0.0,0.0,"[0.0, 0.0, 0.0]",0.0,0.0,0.0,0.7462083315054575,9965316
2d1c70257fcb,looped_transformer,propagate,30000,16,strong,"{""dim"": 1, ""distance"": 24, ""length"": 48, ""n_sources"": 1}",3,True,False,0,0.0,0.0,0.0,0.0,"[0.0, 0.0, 0.0]",0.0,0.0,0.0,0.6763055551052094,9965316
2d1c70257fcb,looped_transformer,propagate,32500,16,strong,"{""dim"": 1, ""distance"": 12, ""length"": 48, ""n_sources"": 1}",3,True,False,0,0.0,0.0,0.0,0.0,"[0.0, 0.0, 0.0]",0.0,0.0,0.0,0.7466527766386668,9965316
2d1c70257fcb,looped_transformer,propagate,32500,16,strong,"{""dim"": 1, ""distance"": 24, ""length"": 48, ""n_sources"": 1}",3,True,False,0,0.0,0.0,0.0,0.0,"[0.0, 0.0, 0.0]",0.0,0.0,0.0,0.6775277779102326,9965316
2d1c70257fcb,looped_transformer,propagate,35000,16,strong,"{""dim"": 1, ""distance"": 12, ""length"": 48, ""n_sources"": 1}",3,True,False,0,0.0,0.0,0.0,0.0,"[0.0, 0.0, 0.0]",0.0,0.0,0.0,0.7454861088991165,9965316
2d1c70257fcb,looped_transformer,propagate,35000,16,strong,"{""dim"": 1, ""distance"": 24, ""length"": 48, ""n_sources"": 1}",3,True,False,0,0.0,0.0,0.0,0.0,"[0.0, 0.0, 0.0]",0.0,0.0,0.0,0.6724861106475194,9965316
2d1c70257fcb,looped_transformer,propagate,37500,16,strong,"{""dim"": 1, ""distance"": 12, ""length"": 48, ""n_sources"": 1}",3,True,False,0,0.0,0.0,0.0,0.0,"[0.0, 0.0, 0.0]",0.0,0.0,0.0,0.7434166647990544,9965316
2d1c70257fcb,looped_transformer,propagate,37500,16,strong,"{""dim"": 1, ""distance"": 24, ""length"": 48, ""n_sources"": 1}",3,True,False,0,0.0,0.0,0.0,0.0,"[0.0, 0.0, 0.0]",0.0,0.0,0.0,0.6648611104091008,9965316
2d1c70257fcb,looped_transformer,propagate,40000,16,strong,"{""dim"": 1, ""distance"": 12, ""length"": 48, ""n_sources"": 1}",3,True,False,0,0.0,0.0,0.0,0.0,"[0.0, 0.0, 0.0]",0.0,0.0,0.0,0.7430138868093491,9965316
2d1c70257fcb,looped_transformer,propagate,40000,16,strong,"{""dim"": 1, ""distance"": 24, ""length"": 48, ""n_sources"": 1}",3,True,False,0,0.0,0.0,0.0,0.0,"[0.0, 0.0, 0.0]",0.0,0.0,0.0,0.6635694435238838,9965316
2d1c70257fcb,looped_transformer,propagate,40000,32,strong,"{""dim"": 1, ""distance"": 12, ""length"": 48, ""n_sources"": 1}",3,True,False,0,0.0,0.0,0.0,0.0,"[0.0, 0.0, 0.0]",0.0,0.0,0.0,0.7458888861735661,9965316
2d1c70257fcb,looped_transformer,propagate,40000,32,strong,"{""dim"": 1, ""distance"": 24, ""length"": 48, ""n_sources"": 1}",3,True,False,0,0.0,0.0,0.0,0.0,"[0.0, 0.0, 0.0]",0.0,0.0,0.0,0.6513750006357829,9965316
