config_hash,model,task,step,reasoning_steps,split,difficulty,n_seeds,provisional,dev,diverged_k,exact_match_mean,exact_match_std,exact_match_min,exact_match_max,exact_match_values,exact_match_ci95_lo,exact_match_ci95_hi,exact_match_mean_incl_failed,token_acc_mean,params
5474de1f354e,bdh,propagate,2500,1,interp,"{""dim"": 1, ""distance"": 1, ""length"": 12, ""n_sources"": 1}",3,True,False,0,0.0,0.0,0.0,0.0,"[0.0, 0.0, 0.0]",0.0,0.0,0.0,0.8072188819002011,10010880
5474de1f354e,bdh,propagate,2500,1,interp,"{""dim"": 1, ""distance"": 2, ""length"": 12, ""n_sources"": 1}",3,True,False,0,0.0,0.0,0.0,0.0,"[0.0, 0.0, 0.0]",0.0,0.0,0.0,0.8008007886292817,10010880
5474de1f354e,bdh,propagate,2500,1,interp,"{""dim"": 1, ""distance"": 4, ""length"": 12, ""n_sources"": 1}",3,True,False,0,0.0,0.0,0.0,0.0,"[0.0, 0.0, 0.0]",0.0,0.0,0.0,0.8012178711168042,10010880
5474de1f354e,bdh,propagate,5000,1,interp,"{""dim"": 1, ""distance"": 1, ""length"": 12, ""n_sources"": 1}",3,True,False,0,0.0019960079840319364,0.0014113907808114723,0.0,0.0029940119760479044,"[0.0, 0.0029940119760479044, 0.0029940119760479044]",0.0,0.002994011976047905,0.0019960079840319364,0.798735852682305,10010880
5474de1f354e,bdh,propagate,5000,1,interp,"{""dim"": 1, ""distance"": 2, ""length"": 12, ""n_sources"": 1}",3,True,False,0,0.011011011011011013,0.007490805579127011,0.003003003003003003,0.021021021021021023,"[0.009009009009009009, 0.003003003003003003, 0.021021021021021023]",0.003003003003003003,0.021021021021021023,0.011011011011011013,0.8038872123152405,10010880
5474de1f354e,bdh,propagate,5000,1,interp,"{""dim"": 1, ""distance"": 4, ""length"": 12, ""n_sources"": 1}",3,True,False,0,0.003003003003003003,0.0,0.003003003003003003,0.003003003003003003,"[0.003003003003003003, 0.003003003003003003, 0.003003003003003003]",0.003003003003003003,0.003003003003003003,0.003003003003003003,0.7958792040238271,10010880
5474de1f354e,bdh,propagate,7500,1,interp,"{""dim"": 1, ""distance"": 1, ""length"": 12, ""n_sources"": 1}",3,True,False,0,0.32834331337325345,0.19177783483321267,0.0718562874251497,0.5329341317365269,"[0.0718562874251497, 0.5329341317365269, 0.38023952095808383]",0.0718562874251497,0.5329341317365269,0.32834331337325345,0.9088489713069207,10010880
5474de1f354e,bdh,propagate,7500,1,interp,"{""dim"": 1, ""distance"": 2, ""length"": 12, ""n_sources"": 1}",3,True,False,0,0.2942942942942943,0.17297922911609212,0.07807807807807808,0.5015015015015015,"[0.07807807807807808, 0.5015015015015015, 0.3033033033033033]",0.07807807807807808,0.5015015015015015,0.2942942942942943,0.9083249964513579,10010880
5474de1f354e,bdh,propagate,7500,1,interp,"{""dim"": 1, ""distance"": 4, ""length"": 12, ""n_sources"": 1}",3,True,False,0,0.3813813813813814,0.22721179276689385,0.07507507507507508,0.6186186186186187,"[0.07507507507507508, 0.6186186186186187, 0.45045045045045046]",0.07507507507507508,0.6186186186186187,0.3813813813813814,0.9154154180406451,10010880
5474de1f354e,bdh,propagate,10000,1,interp,"{""dim"": 1, ""distance"": 1, ""length"": 12, ""n_sources"": 1}",3,True,False,0,0.9770459081836327,0.01017768365986583,0.9670658682634731,0.9910179640718563,"[0.9730538922155688, 0.9670658682634731, 0.9910179640718563]",0.9670658682634731,0.9910179640718563,0.9770459081836327,0.9980871594713596,10010880
5474de1f354e,bdh,propagate,10000,1,interp,"{""dim"": 1, ""distance"": 2, ""length"": 12, ""n_sources"": 1}",3,True,False,0,0.963963963963964,0.004246887574693988,0.9579579579579579,0.9669669669669669,"[0.9579579579579579, 0.9669669669669669, 0.9669669669669669]",0.9579579579579579,0.9669669669669668,0.963963963963964,0.9968301641332494,10010880
5474de1f354e,bdh,propagate,10000,1,interp,"{""dim"": 1, ""distance"": 4, ""length"": 12, ""n_sources"": 1}",3,True,False,0,0.973973973973974,0.011587424327117372,0.9579579579579579,0.984984984984985,"[0.978978978978979, 0.9579579579579579, 0.984984984984985]",0.9579579579579579,0.984984984984985,0.973973973973974,0.9974974978554833,10010880
5474de1f354e,bdh,propagate,12500,1,interp,"{""dim"": 1, ""distance"": 1, ""length"": 12, ""n_sources"": 1}",3,True,False,0,0.9920159680638722,0.0014113907808114572,0.9910179640718563,0.9940119760479041,"[0.9910179640718563, 0.9910179640718563, 0.9940119760479041]",0.9910179640718563,0.9940119760479041,0.9920159680638722,0.9993346641639511,10010880
5474de1f354e,bdh,propagate,12500,1,interp,"{""dim"": 1, ""distance"": 2, ""length"": 12, ""n_sources"": 1}",3,True,False,0,0.970970970970971,0.012582387477454032,0.9579579579579579,0.987987987987988,"[0.9579579579579579, 0.9669669669669669, 0.987987987987988]",0.9579579579579579,0.9879879879879881,0.970970970970971,0.9974140812446167,10010880
5474de1f354e,bdh,propagate,12500,1,interp,"{""dim"": 1, ""distance"": 4, ""length"": 12, ""n_sources"": 1}",3,True,False,0,0.983983983983984,0.0028312583831293604,0.9819819819819819,0.987987987987988,"[0.987987987987988, 0.9819819819819819, 0.9819819819819819]",0.9819819819819818,0.9879879879879881,0.983983983983984,0.9986653323168749,10010880
5474de1f354e,bdh,propagate,15000,1,interp,"{""dim"": 1, ""distance"": 1, ""length"": 12, ""n_sources"": 1}",3,True,False,0,0.9930139720558883,0.005088841829932915,0.9880239520958084,1.0,"[0.9910179640718563, 0.9880239520958084, 1.0]",0.9880239520958084,1.0,0.9930139720558883,0.9993346641044655,10010880
5474de1f354e,bdh,propagate,15000,1,interp,"{""dim"": 1, ""distance"": 2, ""length"": 12, ""n_sources"": 1}",3,True,False,0,0.97997997997998,0.005104123637229987,0.972972972972973,0.984984984984985,"[0.984984984984985, 0.972972972972973, 0.9819819819819819]",0.9729729729729731,0.984984984984985,0.97997997997998,0.9982482486062341,10010880
5474de1f354e,bdh,propagate,15000,1,interp,"{""dim"": 1, ""distance"": 4, ""length"": 12, ""n_sources"": 1}",3,True,False,0,0.9929929929929929,0.002831258383129308,0.990990990990991,0.996996996996997,"[0.990990990990991, 0.990990990990991, 0.996996996996997]",0.990990990990991,0.9969969969969968,0.9929929929929929,0.9994160828886329,10010880
5474de1f354e,bdh,propagate,17500,1,interp,"{""dim"": 1, ""distance"": 1, ""length"": 12, ""n_sources"": 1}",3,True,False,0,0.9970059880239521,0.0024446005416997978,0.9940119760479041,1.0,"[0.9970059880239521, 0.9940119760479041, 1.0]",0.9940119760479041,1.0,0.9970059880239521,0.9997504990614816,10010880
5474de1f354e,bdh,propagate,17500,1,interp,"{""dim"": 1, ""distance"": 2, ""length"": 12, ""n_sources"": 1}",3,True,False,0,0.993993993993994,0.002451941684467636,0.990990990990991,0.996996996996997,"[0.990990990990991, 0.993993993993994, 0.996996996996997]",0.990990990990991,0.9969969969969968,0.993993993993994,0.9992492493089137,10010880
5474de1f354e,bdh,propagate,17500,1,interp,"{""dim"": 1, ""distance"": 4, ""length"": 12, ""n_sources"": 1}",3,True,False,0,0.9969969969969971,0.004246887574693988,0.990990990990991,1.0,"[0.990990990990991, 1.0, 1.0]",0.990990990990991,1.0,0.9969969969969971,0.9997497498094141,10010880
5474de1f354e,bdh,propagate,20000,1,interp,"{""dim"": 1, ""distance"": 1, ""length"": 12, ""n_sources"": 1}",3,True,False,0,0.9960079840319361,0.0037341890087564385,0.9910179640718563,1.0,"[0.9910179640718563, 1.0, 0.9970059880239521]",0.9910179640718563,1.0,0.9960079840319361,0.9996673320819757,10010880
5474de1f354e,bdh,propagate,20000,1,interp,"{""dim"": 1, ""distance"": 2, ""length"": 12, ""n_sources"": 1}",3,True,False,0,0.9919919919919918,0.007490805579127029,0.9819819819819819,1.0,"[0.993993993993994, 1.0, 0.9819819819819819]",0.9819819819819818,1.0,0.9919919919919918,0.9993326661584375,10010880
5474de1f354e,bdh,propagate,20000,1,interp,"{""dim"": 1, ""distance"": 4, ""length"": 12, ""n_sources"": 1}",3,True,False,0,0.994994994994995,0.002831258383129308,0.990990990990991,0.996996996996997,"[0.996996996996997, 0.996996996996997, 0.990990990990991]",0.990990990990991,0.9969969969969968,0.994994994994995,0.999332666039109,10010880
5474de1f354e,bdh,propagate,22500,1,interp,"{""dim"": 1, ""distance"": 1, ""length"": 12, ""n_sources"": 1}",3,True,False,0,0.9960079840319361,0.0014113907808115094,0.9940119760479041,0.9970059880239521,"[0.9970059880239521, 0.9970059880239521, 0.9940119760479041]",0.9940119760479041,0.9970059880239521,0.9960079840319361,0.9996673320819757,10010880
5474de1f354e,bdh,propagate,22500,1,interp,"{""dim"": 1, ""distance"": 2, ""length"": 12, ""n_sources"": 1}",3,True,False,0,0.9969969969969971,0.002451941684467636,0.993993993993994,1.0,"[0.996996996996997, 0.993993993993994, 1.0]",0.993993993993994,1.0,0.9969969969969971,0.9997497498094141,10010880
5474de1f354e,bdh,propagate,22500,1,interp,"{""dim"": 1, ""distance"": 4, ""length"": 12, ""n_sources"": 1}",3,True,False,0,0.9979979979979979,0.002831258383129308,0.993993993993994,1.0,"[1.0, 0.993993993993994, 1.0]",0.993993993993994,1.0,0.9979979979979979,0.9998331665396094,10010880
5474de1f354e,bdh,propagate,25000,1,interp,"{""dim"": 1, ""distance"": 1, ""length"": 12, ""n_sources"": 1}",3,True,False,0,0.999001996007984,0.0014113907808114572,0.9970059880239521,1.0,"[1.0, 1.0, 0.9970059880239521]",0.9970059880239521,1.0,0.999001996007984,0.9999168330204938,10010880
5474de1f354e,bdh,propagate,25000,1,interp,"{""dim"": 1, ""distance"": 2, ""length"": 12, ""n_sources"": 1}",3,True,False,0,0.9979979979979979,0.0014156291915646802,0.996996996996997,1.0,"[0.996996996996997, 0.996996996996997, 1.0]",0.9969969969969968,1.0,0.9979979979979979,0.9998331665396094,10010880
5474de1f354e,bdh,propagate,25000,1,interp,"{""dim"": 1, ""distance"": 4, ""length"": 12, ""n_sources"": 1}",3,True,False,0,0.9979979979979979,0.0014156291915646802,0.996996996996997,1.0,"[0.996996996996997, 0.996996996996997, 1.0]",0.9969969969969968,1.0,0.9979979979979979,0.9998331665396094,10010880
5474de1f354e,bdh,propagate,27500,1,interp,"{""dim"": 1, ""distance"": 1, ""length"": 12, ""n_sources"": 1}",3,True,False,0,1.0,0.0,1.0,1.0,"[1.0, 1.0, 1.0]",1.0,1.0,1.0,1.0,10010880
5474de1f354e,bdh,propagate,27500,1,interp,"{""dim"": 1, ""distance"": 2, ""length"": 12, ""n_sources"": 1}",3,True,False,0,0.998998998998999,0.0014156291915646802,0.996996996996997,1.0,"[1.0, 1.0, 0.996996996996997]",0.9969969969969968,1.0,0.998998998998999,0.9999165832698047,10010880
5474de1f354e,bdh,propagate,27500,1,interp,"{""dim"": 1, ""distance"": 4, ""length"": 12, ""n_sources"": 1}",3,True,False,0,0.998998998998999,0.0014156291915646802,0.996996996996997,1.0,"[1.0, 1.0, 0.996996996996997]",0.9969969969969968,1.0,0.998998998998999,0.9997497497497498,10010880
5474de1f354e,bdh,propagate,30000,1,interp,"{""dim"": 1, ""distance"": 1, ""length"": 12, ""n_sources"": 1}",3,True,False,0,1.0,0.0,1.0,1.0,"[1.0, 1.0, 1.0]",1.0,1.0,1.0,1.0,10010880
5474de1f354e,bdh,propagate,30000,1,interp,"{""dim"": 1, ""distance"": 2, ""length"": 12, ""n_sources"": 1}",3,True,False,0,1.0,0.0,1.0,1.0,"[1.0, 1.0, 1.0]",1.0,1.0,1.0,1.0,10010880
5474de1f354e,bdh,propagate,30000,1,interp,"{""dim"": 1, ""distance"": 4, ""length"": 12, ""n_sources"": 1}",3,True,False,0,1.0,0.0,1.0,1.0,"[1.0, 1.0, 1.0]",1.0,1.0,1.0,1.0,10010880
5474de1f354e,bdh,propagate,32500,1,interp,"{""dim"": 1, ""distance"": 1, ""length"": 12, ""n_sources"": 1}",3,True,False,0,1.0,0.0,1.0,1.0,"[1.0, 1.0, 1.0]",1.0,1.0,1.0,1.0,10010880
5474de1f354e,bdh,propagate,32500,1,interp,"{""dim"": 1, ""distance"": 2, ""length"": 12, ""n_sources"": 1}",3,True,False,0,1.0,0.0,1.0,1.0,"[1.0, 1.0, 1.0]",1.0,1.0,1.0,1.0,10010880
5474de1f354e,bdh,propagate,32500,1,interp,"{""dim"": 1, ""distance"": 4, ""length"": 12, ""n_sources"": 1}",3,True,False,0,1.0,0.0,1.0,1.0,"[1.0, 1.0, 1.0]",1.0,1.0,1.0,1.0,10010880
5474de1f354e,bdh,propagate,35000,1,interp,"{""dim"": 1, ""distance"": 1, ""length"": 12, ""n_sources"": 1}",3,True,False,0,1.0,0.0,1.0,1.0,"[1.0, 1.0, 1.0]",1.0,1.0,1.0,1.0,10010880
5474de1f354e,bdh,propagate,35000,1,interp,"{""dim"": 1, ""distance"": 2, ""length"": 12, ""n_sources"": 1}",3,True,False,0,1.0,0.0,1.0,1.0,"[1.0, 1.0, 1.0]",1.0,1.0,1.0,1.0,10010880
5474de1f354e,bdh,propagate,35000,1,interp,"{""dim"": 1, ""distance"": 4, ""length"": 12, ""n_sources"": 1}",3,True,False,0,1.0,0.0,1.0,1.0,"[1.0, 1.0, 1.0]",1.0,1.0,1.0,1.0,10010880
5474de1f354e,bdh,propagate,37500,1,interp,"{""dim"": 1, ""distance"": 1, ""length"": 12, ""n_sources"": 1}",3,True,False,0,1.0,0.0,1.0,1.0,"[1.0, 1.0, 1.0]",1.0,1.0,1.0,1.0,10010880
5474de1f354e,bdh,propagate,37500,1,interp,"{""dim"": 1, ""distance"": 2, ""length"": 12, ""n_sources"": 1}",3,True,False,0,1.0,0.0,1.0,1.0,"[1.0, 1.0, 1.0]",1.0,1.0,1.0,1.0,10010880
5474de1f354e,bdh,propagate,37500,1,interp,"{""dim"": 1, ""distance"": 4, ""length"": 12, ""n_sources"": 1}",3,True,False,0,1.0,0.0,1.0,1.0,"[1.0, 1.0, 1.0]",1.0,1.0,1.0,1.0,10010880
5474de1f354e,bdh,propagate,40000,1,interp,"{""dim"": 1, ""distance"": 1, ""length"": 12, ""n_sources"": 1}",3,True,False,0,1.0,0.0,1.0,1.0,"[1.0, 1.0, 1.0]",1.0,1.0,1.0,1.0,10010880
5474de1f354e,bdh,propagate,40000,1,interp,"{""dim"": 1, ""distance"": 2, ""length"": 12, ""n_sources"": 1}",3,True,False,0,1.0,0.0,1.0,1.0,"[1.0, 1.0, 1.0]",1.0,1.0,1.0,1.0,10010880
5474de1f354e,bdh,propagate,40000,1,interp,"{""dim"": 1, ""distance"": 4, ""length"": 12, ""n_sources"": 1}",3,True,False,0,1.0,0.0,1.0,1.0,"[1.0, 1.0, 1.0]",1.0,1.0,1.0,1.0,10010880
5474de1f354e,bdh,propagate,40000,2,interp,"{""dim"": 1, ""distance"": 1, ""length"": 12, ""n_sources"": 1}",3,True,False,0,1.0,0.0,1.0,1.0,"[1.0, 1.0, 1.0]",1.0,1.0,1.0,1.0,10010880
5474de1f354e,bdh,propagate,40000,2,interp,"{""dim"": 1, ""distance"": 2, ""length"": 12, ""n_sources"": 1}",3,True,False,0,1.0,0.0,1.0,1.0,"[1.0, 1.0, 1.0]",1.0,1.0,1.0,1.0,10010880
5474de1f354e,bdh,propagate,40000,2,interp,"{""dim"": 1, ""distance"": 4, ""length"": 12, ""n_sources"": 1}",3,True,False,0,1.0,0.0,1.0,1.0,"[1.0, 1.0, 1.0]",1.0,1.0,1.0,1.0,10010880
5474de1f354e,bdh,propagate,2500,4,interp,"{""dim"": 1, ""distance"": 1, ""length"": 12, ""n_sources"": 1}",3,True,False,0,0.0,0.0,0.0,0.0,"[0.0, 0.0, 0.0]",0.0,0.0,0.0,0.8072188819002011,10010880
5474de1f354e,bdh,propagate,2500,4,interp,"{""dim"": 1, ""distance"": 2, ""length"": 12, ""n_sources"": 1}",3,True,False,0,0.0,0.0,0.0,0.0,"[0.0, 0.0, 0.0]",0.0,0.0,0.0,0.8008007886292817,10010880
5474de1f354e,bdh,propagate,2500,4,interp,"{""dim"": 1, ""distance"": 4, ""length"": 12, ""n_sources"": 1}",3,True,False,0,0.0,0.0,0.0,0.0,"[0.0, 0.0, 0.0]",0.0,0.0,0.0,0.8012178711168042,10010880
5474de1f354e,bdh,propagate,5000,4,interp,"{""dim"": 1, ""distance"": 1, ""length"": 12, ""n_sources"": 1}",3,True,False,0,0.0019960079840319364,0.0014113907808114723,0.0,0.0029940119760479044,"[0.0, 0.0029940119760479044, 0.0029940119760479044]",0.0,0.002994011976047905,0.0019960079840319364,0.798735852682305,10010880
5474de1f354e,bdh,propagate,5000,4,interp,"{""dim"": 1, ""distance"": 2, ""length"": 12, ""n_sources"": 1}",3,True,False,0,0.011011011011011013,0.007490805579127011,0.003003003003003003,0.021021021021021023,"[0.009009009009009009, 0.003003003003003003, 0.021021021021021023]",0.003003003003003003,0.021021021021021023,0.011011011011011013,0.8038872123152405,10010880
5474de1f354e,bdh,propagate,5000,4,interp,"{""dim"": 1, ""distance"": 4, ""length"": 12, ""n_sources"": 1}",3,True,False,0,0.003003003003003003,0.0,0.003003003003003003,0.003003003003003003,"[0.003003003003003003, 0.003003003003003003, 0.003003003003003003]",0.003003003003003003,0.003003003003003003,0.003003003003003003,0.7958792040238271,10010880
5474de1f354e,bdh,propagate,7500,4,interp,"{""dim"": 1, ""distance"": 1, ""length"": 12, ""n_sources"": 1}",3,True,False,0,0.32834331337325345,0.19177783483321267,0.0718562874251497,0.5329341317365269,"[0.0718562874251497, 0.5329341317365269, 0.38023952095808383]",0.0718562874251497,0.5329341317365269,0.32834331337325345,0.9088489713069207,10010880
5474de1f354e,bdh,propagate,7500,4,interp,"{""dim"": 1, ""distance"": 2, ""length"": 12, ""n_sources"": 1}",3,True,False,0,0.2942942942942943,0.17297922911609212,0.07807807807807808,0.5015015015015015,"[0.07807807807807808, 0.5015015015015015, 0.3033033033033033]",0.07807807807807808,0.5015015015015015,0.2942942942942943,0.9083249964513579,10010880
5474de1f354e,bdh,propagate,7500,4,interp,"{""dim"": 1, ""distance"": 4, ""length"": 12, ""n_sources"": 1}",3,True,False,0,0.3813813813813814,0.22721179276689385,0.07507507507507508,0.6186186186186187,"[0.07507507507507508, 0.6186186186186187, 0.45045045045045046]",0.07507507507507508,0.6186186186186187,0.3813813813813814,0.9154154180406451,10010880
5474de1f354e,bdh,propagate,10000,4,interp,"{""dim"": 1, ""distance"": 1, ""length"": 12, ""n_sources"": 1}",3,True,False,0,0.9770459081836327,0.01017768365986583,0.9670658682634731,0.9910179640718563,"[0.9730538922155688, 0.9670658682634731, 0.9910179640718563]",0.9670658682634731,0.9910179640718563,0.9770459081836327,0.9980871594713596,10010880
5474de1f354e,bdh,propagate,10000,4,interp,"{""dim"": 1, ""distance"": 2, ""length"": 12, ""n_sources"": 1}",3,True,False,0,0.963963963963964,0.004246887574693988,0.9579579579579579,0.9669669669669669,"[0.9579579579579579, 0.9669669669669669, 0.9669669669669669]",0.9579579579579579,0.9669669669669668,0.963963963963964,0.9968301641332494,10010880
5474de1f354e,bdh,propagate,10000,4,interp,"{""dim"": 1, ""distance"": 4, ""length"": 12, ""n_sources"": 1}",3,True,False,0,0.973973973973974,0.011587424327117372,0.9579579579579579,0.984984984984985,"[0.978978978978979, 0.9579579579579579, 0.984984984984985]",0.9579579579579579,0.984984984984985,0.973973973973974,0.9974974978554833,10010880
5474de1f354e,bdh,propagate,12500,4,interp,"{""dim"": 1, ""distance"": 1, ""length"": 12, ""n_sources"": 1}",3,True,False,0,0.9920159680638722,0.0014113907808114572,0.9910179640718563,0.9940119760479041,"[0.9910179640718563, 0.9910179640718563, 0.9940119760479041]",0.9910179640718563,0.9940119760479041,0.9920159680638722,0.9993346641639511,10010880
5474de1f354e,bdh,propagate,12500,4,interp,"{""dim"": 1, ""distance"": 2, ""length"": 12, ""n_sources"": 1}",3,True,False,0,0.970970970970971,0.012582387477454032,0.9579579579579579,0.987987987987988,"[0.9579579579579579, 0.9669669669669669, 0.987987987987988]",0.9579579579579579,0.9879879879879881,0.970970970970971,0.9974140812446167,10010880
5474de1f354e,bdh,propagate,12500,4,interp,"{""dim"": 1, ""distance"": 4, ""length"": 12, ""n_sources"": 1}",3,True,False,0,0.983983983983984,0.0028312583831293604,0.9819819819819819,0.987987987987988,"[0.987987987987988, 0.9819819819819819, 0.9819819819819819]",0.9819819819819818,0.9879879879879881,0.983983983983984,0.9986653323168749,10010880
5474de1f354e,bdh,propagate,15000,4,interp,"{""dim"": 1, ""distance"": 1, ""length"": 12, ""n_sources"": 1}",3,True,False,0,0.9930139720558883,0.005088841829932915,0.9880239520958084,1.0,"[0.9910179640718563, 0.9880239520958084, 1.0]",0.9880239520958084,1.0,0.9930139720558883,0.9993346641044655,10010880
5474de1f354e,bdh,propagate,15000,4,interp,"{""dim"": 1, ""distance"": 2, ""length"": 12, ""n_sources"": 1}",3,True,False,0,0.97997997997998,0.005104123637229987,0.972972972972973,0.984984984984985,"[0.984984984984985, 0.972972972972973, 0.9819819819819819]",0.9729729729729731,0.984984984984985,0.97997997997998,0.9982482486062341,10010880
5474de1f354e,bdh,propagate,15000,4,interp,"{""dim"": 1, ""distance"": 4, ""length"": 12, ""n_sources"": 1}",3,True,False,0,0.9929929929929929,0.002831258383129308,0.990990990990991,0.996996996996997,"[0.990990990990991, 0.990990990990991, 0.996996996996997]",0.990990990990991,0.9969969969969968,0.9929929929929929,0.9994160828886329,10010880
5474de1f354e,bdh,propagate,17500,4,interp,"{""dim"": 1, ""distance"": 1, ""length"": 12, ""n_sources"": 1}",3,True,False,0,0.9970059880239521,0.0024446005416997978,0.9940119760479041,1.0,"[0.9970059880239521, 0.9940119760479041, 1.0]",0.9940119760479041,1.0,0.9970059880239521,0.9997504990614816,10010880
5474de1f354e,bdh,propagate,17500,4,interp,"{""dim"": 1, ""distance"": 2, ""length"": 12, ""n_sources"": 1}",3,True,False,0,0.993993993993994,0.002451941684467636,0.990990990990991,0.996996996996997,"[0.990990990990991, 0.993993993993994, 0.996996996996997]",0.990990990990991,0.9969969969969968,0.993993993993994,0.9992492493089137,10010880
5474de1f354e,bdh,propagate,17500,4,interp,"{""dim"": 1, ""distance"": 4, ""length"": 12, ""n_sources"": 1}",3,True,False,0,0.9969969969969971,0.004246887574693988,0.990990990990991,1.0,"[0.990990990990991, 1.0, 1.0]",0.990990990990991,1.0,0.9969969969969971,0.9997497498094141,10010880
5474de1f354e,bdh,propagate,20000,4,interp,"{""dim"": 1, ""distance"": 1, ""length"": 12, ""n_sources"": 1}",3,True,False,0,0.9960079840319361,0.0037341890087564385,0.9910179640718563,1.0,"[0.9910179640718563, 1.0, 0.9970059880239521]",0.9910179640718563,1.0,0.9960079840319361,0.9996673320819757,10010880
5474de1f354e,bdh,propagate,20000,4,interp,"{""dim"": 1, ""distance"": 2, ""length"": 12, ""n_sources"": 1}",3,True,False,0,0.9919919919919918,0.007490805579127029,0.9819819819819819,1.0,"[0.993993993993994, 1.0, 0.9819819819819819]",0.9819819819819818,1.0,0.9919919919919918,0.9993326661584375,10010880
5474de1f354e,bdh,propagate,20000,4,interp,"{""dim"": 1, ""distance"": 4, ""length"": 12, ""n_sources"": 1}",3,True,False,0,0.994994994994995,0.002831258383129308,0.990990990990991,0.996996996996997,"[0.996996996996997, 0.996996996996997, 0.990990990990991]",0.990990990990991,0.9969969969969968,0.994994994994995,0.999332666039109,10010880
5474de1f354e,bdh,propagate,22500,4,interp,"{""dim"": 1, ""distance"": 1, ""length"": 12, ""n_sources"": 1}",3,True,False,0,0.9960079840319361,0.0014113907808115094,0.9940119760479041,0.9970059880239521,"[0.9970059880239521, 0.9970059880239521, 0.9940119760479041]",0.9940119760479041,0.9970059880239521,0.9960079840319361,0.9996673320819757,10010880
5474de1f354e,bdh,propagate,22500,4,interp,"{""dim"": 1, ""distance"": 2, ""length"": 12, ""n_sources"": 1}",3,True,False,0,0.9969969969969971,0.002451941684467636,0.993993993993994,1.0,"[0.996996996996997, 0.993993993993994, 1.0]",0.993993993993994,1.0,0.9969969969969971,0.9997497498094141,10010880
5474de1f354e,bdh,propagate,22500,4,interp,"{""dim"": 1, ""distance"": 4, ""length"": 12, ""n_sources"": 1}",3,True,False,0,0.9979979979979979,0.002831258383129308,0.993993993993994,1.0,"[1.0, 0.993993993993994, 1.0]",0.993993993993994,1.0,0.9979979979979979,0.9998331665396094,10010880
5474de1f354e,bdh,propagate,25000,4,interp,"{""dim"": 1, ""distance"": 1, ""length"": 12, ""n_sources"": 1}",3,True,False,0,0.999001996007984,0.0014113907808114572,0.9970059880239521,1.0,"[1.0, 1.0, 0.9970059880239521]",0.9970059880239521,1.0,0.999001996007984,0.9999168330204938,10010880
5474de1f354e,bdh,propagate,25000,4,interp,"{""dim"": 1, ""distance"": 2, ""length"": 12, ""n_sources"": 1}",3,True,False,0,0.9979979979979979,0.0014156291915646802,0.996996996996997,1.0,"[0.996996996996997, 0.996996996996997, 1.0]",0.9969969969969968,1.0,0.9979979979979979,0.9998331665396094,10010880
5474de1f354e,bdh,propagate,25000,4,interp,"{""dim"": 1, ""distance"": 4, ""length"": 12, ""n_sources"": 1}",3,True,False,0,0.9979979979979979,0.0014156291915646802,0.996996996996997,1.0,"[0.996996996996997, 0.996996996996997, 1.0]",0.9969969969969968,1.0,0.9979979979979979,0.9998331665396094,10010880
5474de1f354e,bdh,propagate,27500,4,interp,"{""dim"": 1, ""distance"": 1, ""length"": 12, ""n_sources"": 1}",3,True,False,0,1.0,0.0,1.0,1.0,"[1.0, 1.0, 1.0]",1.0,1.0,1.0,1.0,10010880
5474de1f354e,bdh,propagate,27500,4,interp,"{""dim"": 1, ""distance"": 2, ""length"": 12, ""n_sources"": 1}",3,True,False,0,0.998998998998999,0.0014156291915646802,0.996996996996997,1.0,"[1.0, 1.0, 0.996996996996997]",0.9969969969969968,1.0,0.998998998998999,0.9999165832698047,10010880
5474de1f354e,bdh,propagate,27500,4,interp,"{""dim"": 1, ""distance"": 4, ""length"": 12, ""n_sources"": 1}",3,True,False,0,0.998998998998999,0.0014156291915646802,0.996996996996997,1.0,"[1.0, 1.0, 0.996996996996997]",0.9969969969969968,1.0,0.998998998998999,0.9997497497497498,10010880
5474de1f354e,bdh,propagate,30000,4,interp,"{""dim"": 1, ""distance"": 1, ""length"": 12, ""n_sources"": 1}",3,True,False,0,1.0,0.0,1.0,1.0,"[1.0, 1.0, 1.0]",1.0,1.0,1.0,1.0,10010880
5474de1f354e,bdh,propagate,30000,4,interp,"{""dim"": 1, ""distance"": 2, ""length"": 12, ""n_sources"": 1}",3,True,False,0,1.0,0.0,1.0,1.0,"[1.0, 1.0, 1.0]",1.0,1.0,1.0,1.0,10010880
5474de1f354e,bdh,propagate,30000,4,interp,"{""dim"": 1, ""distance"": 4, ""length"": 12, ""n_sources"": 1}",3,True,False,0,1.0,0.0,1.0,1.0,"[1.0, 1.0, 1.0]",1.0,1.0,1.0,1.0,10010880
5474de1f354e,bdh,propagate,32500,4,interp,"{""dim"": 1, ""distance"": 1, ""length"": 12, ""n_sources"": 1}",3,True,False,0,1.0,0.0,1.0,1.0,"[1.0, 1.0, 1.0]",1.0,1.0,1.0,1.0,10010880
5474de1f354e,bdh,propagate,32500,4,interp,"{""dim"": 1, ""distance"": 2, ""length"": 12, ""n_sources"": 1}",3,True,False,0,1.0,0.0,1.0,1.0,"[1.0, 1.0, 1.0]",1.0,1.0,1.0,1.0,10010880
5474de1f354e,bdh,propagate,32500,4,interp,"{""dim"": 1, ""distance"": 4, ""length"": 12, ""n_sources"": 1}",3,True,False,0,1.0,0.0,1.0,1.0,"[1.0, 1.0, 1.0]",1.0,1.0,1.0,1.0,10010880
5474de1f354e,bdh,propagate,35000,4,interp,"{""dim"": 1, ""distance"": 1, ""length"": 12, ""n_sources"": 1}",3,True,False,0,1.0,0.0,1.0,1.0,"[1.0, 1.0, 1.0]",1.0,1.0,1.0,1.0,10010880
5474de1f354e,bdh,propagate,35000,4,interp,"{""dim"": 1, ""distance"": 2, ""length"": 12, ""n_sources"": 1}",3,True,False,0,1.0,0.0,1.0,1.0,"[1.0, 1.0, 1.0]",1.0,1.0,1.0,1.0,10010880
5474de1f354e,bdh,propagate,35000,4,interp,"{""dim"": 1, ""distance"": 4, ""length"": 12, ""n_sources"": 1}",3,True,False,0,1.0,0.0,1.0,1.0,"[1.0, 1.0, 1.0]",1.0,1.0,1.0,1.0,10010880
5474de1f354e,bdh,propagate,37500,4,interp,"{""dim"": 1, ""distance"": 1, ""length"": 12, ""n_sources"": 1}",3,True,False,0,1.0,0.0,1.0,1.0,"[1.0, 1.0, 1.0]",1.0,1.0,1.0,1.0,10010880
5474de1f354e,bdh,propagate,37500,4,interp,"{""dim"": 1, ""distance"": 2, ""length"": 12, ""n_sources"": 1}",3,True,False,0,1.0,0.0,1.0,1.0,"[1.0, 1.0, 1.0]",1.0,1.0,1.0,1.0,10010880
5474de1f354e,bdh,propagate,37500,4,interp,"{""dim"": 1, ""distance"": 4, ""length"": 12, ""n_sources"": 1}",3,True,False,0,1.0,0.0,1.0,1.0,"[1.0, 1.0, 1.0]",1.0,1.0,1.0,1.0,10010880
5474de1f354e,bdh,propagate,40000,4,interp,"{""dim"": 1, ""distance"": 1, ""length"": 12, ""n_sources"": 1}",3,True,False,0,1.0,0.0,1.0,1.0,"[1.0, 1.0, 1.0]",1.0,1.0,1.0,1.0,10010880
5474de1f354e,bdh,propagate,40000,4,interp,"{""dim"": 1, ""distance"": 2, ""length"": 12, ""n_sources"": 1}",3,True,False,0,1.0,0.0,1.0,1.0,"[1.0, 1.0, 1.0]",1.0,1.0,1.0,1.0,10010880
5474de1f354e,bdh,propagate,40000,4,interp,"{""dim"": 1, ""distance"": 4, ""length"": 12, ""n_sources"": 1}",3,True,False,0,1.0,0.0,1.0,1.0,"[1.0, 1.0, 1.0]",1.0,1.0,1.0,1.0,10010880
5474de1f354e,bdh,propagate,40000,8,interp,"{""dim"": 1, ""distance"": 1, ""length"": 12, ""n_sources"": 1}",3,True,False,0,1.0,0.0,1.0,1.0,"[1.0, 1.0, 1.0]",1.0,1.0,1.0,1.0,10010880
5474de1f354e,bdh,propagate,40000,8,interp,"{""dim"": 1, ""distance"": 2, ""length"": 12, ""n_sources"": 1}",3,True,False,0,1.0,0.0,1.0,1.0,"[1.0, 1.0, 1.0]",1.0,1.0,1.0,1.0,10010880
5474de1f354e,bdh,propagate,40000,8,interp,"{""dim"": 1, ""distance"": 4, ""length"": 12, ""n_sources"": 1}",3,True,False,0,1.0,0.0,1.0,1.0,"[1.0, 1.0, 1.0]",1.0,1.0,1.0,1.0,10010880
5474de1f354e,bdh,propagate,2500,16,interp,"{""dim"": 1, ""distance"": 1, ""length"": 12, ""n_sources"": 1}",3,True,False,0,0.0,0.0,0.0,0.0,"[0.0, 0.0, 0.0]",0.0,0.0,0.0,0.8072188819002011,10010880
5474de1f354e,bdh,propagate,2500,16,interp,"{""dim"": 1, ""distance"": 2, ""length"": 12, ""n_sources"": 1}",3,True,False,0,0.0,0.0,0.0,0.0,"[0.0, 0.0, 0.0]",0.0,0.0,0.0,0.8008007886292817,10010880
5474de1f354e,bdh,propagate,2500,16,interp,"{""dim"": 1, ""distance"": 4, ""length"": 12, ""n_sources"": 1}",3,True,False,0,0.0,0.0,0.0,0.0,"[0.0, 0.0, 0.0]",0.0,0.0,0.0,0.8012178711168042,10010880
5474de1f354e,bdh,propagate,5000,16,interp,"{""dim"": 1, ""distance"": 1, ""length"": 12, ""n_sources"": 1}",3,True,False,0,0.0019960079840319364,0.0014113907808114723,0.0,0.0029940119760479044,"[0.0, 0.0029940119760479044, 0.0029940119760479044]",0.0,0.002994011976047905,0.0019960079840319364,0.798735852682305,10010880
5474de1f354e,bdh,propagate,5000,16,interp,"{""dim"": 1, ""distance"": 2, ""length"": 12, ""n_sources"": 1}",3,True,False,0,0.011011011011011013,0.007490805579127011,0.003003003003003003,0.021021021021021023,"[0.009009009009009009, 0.003003003003003003, 0.021021021021021023]",0.003003003003003003,0.021021021021021023,0.011011011011011013,0.8038872123152405,10010880
5474de1f354e,bdh,propagate,5000,16,interp,"{""dim"": 1, ""distance"": 4, ""length"": 12, ""n_sources"": 1}",3,True,False,0,0.003003003003003003,0.0,0.003003003003003003,0.003003003003003003,"[0.003003003003003003, 0.003003003003003003, 0.003003003003003003]",0.003003003003003003,0.003003003003003003,0.003003003003003003,0.7958792040238271,10010880
5474de1f354e,bdh,propagate,7500,16,interp,"{""dim"": 1, ""distance"": 1, ""length"": 12, ""n_sources"": 1}",3,True,False,0,0.32834331337325345,0.19177783483321267,0.0718562874251497,0.5329341317365269,"[0.0718562874251497, 0.5329341317365269, 0.38023952095808383]",0.0718562874251497,0.5329341317365269,0.32834331337325345,0.9088489713069207,10010880
5474de1f354e,bdh,propagate,7500,16,interp,"{""dim"": 1, ""distance"": 2, ""length"": 12, ""n_sources"": 1}",3,True,False,0,0.2942942942942943,0.17297922911609212,0.07807807807807808,0.5015015015015015,"[0.07807807807807808, 0.5015015015015015, 0.3033033033033033]",0.07807807807807808,0.5015015015015015,0.2942942942942943,0.9083249964513579,10010880
5474de1f354e,bdh,propagate,7500,16,interp,"{""dim"": 1, ""distance"": 4, ""length"": 12, ""n_sources"": 1}",3,True,False,0,0.3813813813813814,0.22721179276689385,0.07507507507507508,0.6186186186186187,"[0.07507507507507508, 0.6186186186186187, 0.45045045045045046]",0.07507507507507508,0.6186186186186187,0.3813813813813814,0.9154154180406451,10010880
5474de1f354e,bdh,propagate,10000,16,interp,"{""dim"": 1, ""distance"": 1, ""length"": 12, ""n_sources"": 1}",3,True,False,0,0.9770459081836327,0.01017768365986583,0.9670658682634731,0.9910179640718563,"[0.9730538922155688, 0.9670658682634731, 0.9910179640718563]",0.9670658682634731,0.9910179640718563,0.9770459081836327,0.9980871594713596,10010880
5474de1f354e,bdh,propagate,10000,16,interp,"{""dim"": 1, ""distance"": 2, ""length"": 12, ""n_sources"": 1}",3,True,False,0,0.963963963963964,0.004246887574693988,0.9579579579579579,0.9669669669669669,"[0.9579579579579579, 0.9669669669669669, 0.9669669669669669]",0.9579579579579579,0.9669669669669668,0.963963963963964,0.9968301641332494,10010880
5474de1f354e,bdh,propagate,10000,16,interp,"{""dim"": 1, ""distance"": 4, ""length"": 12, ""n_sources"": 1}",3,True,False,0,0.973973973973974,0.011587424327117372,0.9579579579579579,0.984984984984985,"[0.978978978978979, 0.9579579579579579, 0.984984984984985]",0.9579579579579579,0.984984984984985,0.973973973973974,0.9974974978554833,10010880
5474de1f354e,bdh,propagate,12500,16,interp,"{""dim"": 1, ""distance"": 1, ""length"": 12, ""n_sources"": 1}",3,True,False,0,0.9920159680638722,0.0014113907808114572,0.9910179640718563,0.9940119760479041,"[0.9910179640718563, 0.9910179640718563, 0.9940119760479041]",0.9910179640718563,0.9940119760479041,0.9920159680638722,0.9993346641639511,10010880
5474de1f354e,bdh,propagate,12500,16,interp,"{""dim"": 1, ""distance"": 2, ""length"": 12, ""n_sources"": 1}",3,True,False,0,0.970970970970971,0.012582387477454032,0.9579579579579579,0.987987987987988,"[0.9579579579579579, 0.9669669669669669, 0.987987987987988]",0.9579579579579579,0.9879879879879881,0.970970970970971,0.9974140812446167,10010880
5474de1f354e,bdh,propagate,12500,16,interp,"{""dim"": 1, ""distance"": 4, ""length"": 12, ""n_sources"": 1}",3,True,False,0,0.983983983983984,0.0028312583831293604,0.9819819819819819,0.987987987987988,"[0.987987987987988, 0.9819819819819819, 0.9819819819819819]",0.9819819819819818,0.9879879879879881,0.983983983983984,0.9986653323168749,10010880
5474de1f354e,bdh,propagate,15000,16,interp,"{""dim"": 1, ""distance"": 1, ""length"": 12, ""n_sources"": 1}",3,True,False,0,0.9930139720558883,0.005088841829932915,0.9880239520958084,1.0,"[0.9910179640718563, 0.9880239520958084, 1.0]",0.9880239520958084,1.0,0.9930139720558883,0.9993346641044655,10010880
5474de1f354e,bdh,propagate,15000,16,interp,"{""dim"": 1, ""distance"": 2, ""length"": 12, ""n_sources"": 1}",3,True,False,0,0.97997997997998,0.005104123637229987,0.972972972972973,0.984984984984985,"[0.984984984984985, 0.972972972972973, 0.9819819819819819]",0.9729729729729731,0.984984984984985,0.97997997997998,0.9982482486062341,10010880
5474de1f354e,bdh,propagate,15000,16,interp,"{""dim"": 1, ""distance"": 4, ""length"": 12, ""n_sources"": 1}",3,True,False,0,0.9929929929929929,0.002831258383129308,0.990990990990991,0.996996996996997,"[0.990990990990991, 0.990990990990991, 0.996996996996997]",0.990990990990991,0.9969969969969968,0.9929929929929929,0.9994160828886329,10010880
5474de1f354e,bdh,propagate,17500,16,interp,"{""dim"": 1, ""distance"": 1, ""length"": 12, ""n_sources"": 1}",3,True,False,0,0.9970059880239521,0.0024446005416997978,0.9940119760479041,1.0,"[0.9970059880239521, 0.9940119760479041, 1.0]",0.9940119760479041,1.0,0.9970059880239521,0.9997504990614816,10010880
5474de1f354e,bdh,propagate,17500,16,interp,"{""dim"": 1, ""distance"": 2, ""length"": 12, ""n_sources"": 1}",3,True,False,0,0.993993993993994,0.002451941684467636,0.990990990990991,0.996996996996997,"[0.990990990990991, 0.993993993993994, 0.996996996996997]",0.990990990990991,0.9969969969969968,0.993993993993994,0.9992492493089137,10010880
5474de1f354e,bdh,propagate,17500,16,interp,"{""dim"": 1, ""distance"": 4, ""length"": 12, ""n_sources"": 1}",3,True,False,0,0.9969969969969971,0.004246887574693988,0.990990990990991,1.0,"[0.990990990990991, 1.0, 1.0]",0.990990990990991,1.0,0.9969969969969971,0.9997497498094141,10010880
5474de1f354e,bdh,propagate,20000,16,interp,"{""dim"": 1, ""distance"": 1, ""length"": 12, ""n_sources"": 1}",3,True,False,0,0.9960079840319361,0.0037341890087564385,0.9910179640718563,1.0,"[0.9910179640718563, 1.0, 0.9970059880239521]",0.9910179640718563,1.0,0.9960079840319361,0.9996673320819757,10010880
5474de1f354e,bdh,propagate,20000,16,interp,"{""dim"": 1, ""distance"": 2, ""length"": 12, ""n_sources"": 1}",3,True,False,0,0.9919919919919918,0.007490805579127029,0.9819819819819819,1.0,"[0.993993993993994, 1.0, 0.9819819819819819]",0.9819819819819818,1.0,0.9919919919919918,0.9993326661584375,10010880
5474de1f354e,bdh,propagate,20000,16,interp,"{""dim"": 1, ""distance"": 4, ""length"": 12, ""n_sources"": 1}",3,True,False,0,0.994994994994995,0.002831258383129308,0.990990990990991,0.996996996996997,"[0.996996996996997, 0.996996996996997, 0.990990990990991]",0.990990990990991,0.9969969969969968,0.994994994994995,0.999332666039109,10010880
5474de1f354e,bdh,propagate,22500,16,interp,"{""dim"": 1, ""distance"": 1, ""length"": 12, ""n_sources"": 1}",3,True,False,0,0.9960079840319361,0.0014113907808115094,0.9940119760479041,0.9970059880239521,"[0.9970059880239521, 0.9970059880239521, 0.9940119760479041]",0.9940119760479041,0.9970059880239521,0.9960079840319361,0.9996673320819757,10010880
5474de1f354e,bdh,propagate,22500,16,interp,"{""dim"": 1, ""distance"": 2, ""length"": 12, ""n_sources"": 1}",3,True,False,0,0.9969969969969971,0.002451941684467636,0.993993993993994,1.0,"[0.996996996996997, 0.993993993993994, 1.0]",0.993993993993994,1.0,0.9969969969969971,0.9997497498094141,10010880
5474de1f354e,bdh,propagate,22500,16,interp,"{""dim"": 1, ""distance"": 4, ""length"": 12, ""n_sources"": 1}",3,True,False,0,0.9979979979979979,0.002831258383129308,0.993993993993994,1.0,"[1.0, 0.993993993993994, 1.0]",0.993993993993994,1.0,0.9979979979979979,0.9998331665396094,10010880
5474de1f354e,bdh,propagate,25000,16,interp,"{""dim"": 1, ""distance"": 1, ""length"": 12, ""n_sources"": 1}",3,True,False,0,0.999001996007984,0.0014113907808114572,0.9970059880239521,1.0,"[1.0, 1.0, 0.9970059880239521]",0.9970059880239521,1.0,0.999001996007984,0.9999168330204938,10010880
5474de1f354e,bdh,propagate,25000,16,interp,"{""dim"": 1, ""distance"": 2, ""length"": 12, ""n_sources"": 1}",3,True,False,0,0.9979979979979979,0.0014156291915646802,0.996996996996997,1.0,"[0.996996996996997, 0.996996996996997, 1.0]",0.9969969969969968,1.0,0.9979979979979979,0.9998331665396094,10010880
5474de1f354e,bdh,propagate,25000,16,interp,"{""dim"": 1, ""distance"": 4, ""length"": 12, ""n_sources"": 1}",3,True,False,0,0.9979979979979979,0.0014156291915646802,0.996996996996997,1.0,"[0.996996996996997, 0.996996996996997, 1.0]",0.9969969969969968,1.0,0.9979979979979979,0.9998331665396094,10010880
5474de1f354e,bdh,propagate,27500,16,interp,"{""dim"": 1, ""distance"": 1, ""length"": 12, ""n_sources"": 1}",3,True,False,0,1.0,0.0,1.0,1.0,"[1.0, 1.0, 1.0]",1.0,1.0,1.0,1.0,10010880
5474de1f354e,bdh,propagate,27500,16,interp,"{""dim"": 1, ""distance"": 2, ""length"": 12, ""n_sources"": 1}",3,True,False,0,0.998998998998999,0.0014156291915646802,0.996996996996997,1.0,"[1.0, 1.0, 0.996996996996997]",0.9969969969969968,1.0,0.998998998998999,0.9999165832698047,10010880
5474de1f354e,bdh,propagate,27500,16,interp,"{""dim"": 1, ""distance"": 4, ""length"": 12, ""n_sources"": 1}",3,True,False,0,0.998998998998999,0.0014156291915646802,0.996996996996997,1.0,"[1.0, 1.0, 0.996996996996997]",0.9969969969969968,1.0,0.998998998998999,0.9997497497497498,10010880
5474de1f354e,bdh,propagate,30000,16,interp,"{""dim"": 1, ""distance"": 1, ""length"": 12, ""n_sources"": 1}",3,True,False,0,1.0,0.0,1.0,1.0,"[1.0, 1.0, 1.0]",1.0,1.0,1.0,1.0,10010880
5474de1f354e,bdh,propagate,30000,16,interp,"{""dim"": 1, ""distance"": 2, ""length"": 12, ""n_sources"": 1}",3,True,False,0,1.0,0.0,1.0,1.0,"[1.0, 1.0, 1.0]",1.0,1.0,1.0,1.0,10010880
5474de1f354e,bdh,propagate,30000,16,interp,"{""dim"": 1, ""distance"": 4, ""length"": 12, ""n_sources"": 1}",3,True,False,0,1.0,0.0,1.0,1.0,"[1.0, 1.0, 1.0]",1.0,1.0,1.0,1.0,10010880
5474de1f354e,bdh,propagate,32500,16,interp,"{""dim"": 1, ""distance"": 1, ""length"": 12, ""n_sources"": 1}",3,True,False,0,1.0,0.0,1.0,1.0,"[1.0, 1.0, 1.0]",1.0,1.0,1.0,1.0,10010880
5474de1f354e,bdh,propagate,32500,16,interp,"{""dim"": 1, ""distance"": 2, ""length"": 12, ""n_sources"": 1}",3,True,False,0,1.0,0.0,1.0,1.0,"[1.0, 1.0, 1.0]",1.0,1.0,1.0,1.0,10010880
5474de1f354e,bdh,propagate,32500,16,interp,"{""dim"": 1, ""distance"": 4, ""length"": 12, ""n_sources"": 1}",3,True,False,0,1.0,0.0,1.0,1.0,"[1.0, 1.0, 1.0]",1.0,1.0,1.0,1.0,10010880
5474de1f354e,bdh,propagate,35000,16,interp,"{""dim"": 1, ""distance"": 1, ""length"": 12, ""n_sources"": 1}",3,True,False,0,1.0,0.0,1.0,1.0,"[1.0, 1.0, 1.0]",1.0,1.0,1.0,1.0,10010880
5474de1f354e,bdh,propagate,35000,16,interp,"{""dim"": 1, ""distance"": 2, ""length"": 12, ""n_sources"": 1}",3,True,False,0,1.0,0.0,1.0,1.0,"[1.0, 1.0, 1.0]",1.0,1.0,1.0,1.0,10010880
5474de1f354e,bdh,propagate,35000,16,interp,"{""dim"": 1, ""distance"": 4, ""length"": 12, ""n_sources"": 1}",3,True,False,0,1.0,0.0,1.0,1.0,"[1.0, 1.0, 1.0]",1.0,1.0,1.0,1.0,10010880
5474de1f354e,bdh,propagate,37500,16,interp,"{""dim"": 1, ""distance"": 1, ""length"": 12, ""n_sources"": 1}",3,True,False,0,1.0,0.0,1.0,1.0,"[1.0, 1.0, 1.0]",1.0,1.0,1.0,1.0,10010880
5474de1f354e,bdh,propagate,37500,16,interp,"{""dim"": 1, ""distance"": 2, ""length"": 12, ""n_sources"": 1}",3,True,False,0,1.0,0.0,1.0,1.0,"[1.0, 1.0, 1.0]",1.0,1.0,1.0,1.0,10010880
5474de1f354e,bdh,propagate,37500,16,interp,"{""dim"": 1, ""distance"": 4, ""length"": 12, ""n_sources"": 1}",3,True,False,0,1.0,0.0,1.0,1.0,"[1.0, 1.0, 1.0]",1.0,1.0,1.0,1.0,10010880
5474de1f354e,bdh,propagate,40000,16,interp,"{""dim"": 1, ""distance"": 1, ""length"": 12, ""n_sources"": 1}",3,True,False,0,1.0,0.0,1.0,1.0,"[1.0, 1.0, 1.0]",1.0,1.0,1.0,1.0,10010880
5474de1f354e,bdh,propagate,40000,16,interp,"{""dim"": 1, ""distance"": 2, ""length"": 12, ""n_sources"": 1}",3,True,False,0,1.0,0.0,1.0,1.0,"[1.0, 1.0, 1.0]",1.0,1.0,1.0,1.0,10010880
5474de1f354e,bdh,propagate,40000,16,interp,"{""dim"": 1, ""distance"": 4, ""length"": 12, ""n_sources"": 1}",3,True,False,0,1.0,0.0,1.0,1.0,"[1.0, 1.0, 1.0]",1.0,1.0,1.0,1.0,10010880
5474de1f354e,bdh,propagate,40000,32,interp,"{""dim"": 1, ""distance"": 1, ""length"": 12, ""n_sources"": 1}",3,True,False,0,1.0,0.0,1.0,1.0,"[1.0, 1.0, 1.0]",1.0,1.0,1.0,1.0,10010880
5474de1f354e,bdh,propagate,40000,32,interp,"{""dim"": 1, ""distance"": 2, ""length"": 12, ""n_sources"": 1}",3,True,False,0,1.0,0.0,1.0,1.0,"[1.0, 1.0, 1.0]",1.0,1.0,1.0,1.0,10010880
5474de1f354e,bdh,propagate,40000,32,interp,"{""dim"": 1, ""distance"": 4, ""length"": 12, ""n_sources"": 1}",3,True,False,0,1.0,0.0,1.0,1.0,"[1.0, 1.0, 1.0]",1.0,1.0,1.0,1.0,10010880
5474de1f354e,bdh,propagate,2500,1,mild,"{""dim"": 1, ""distance"": 6, ""length"": 12, ""n_sources"": 1}",3,True,False,0,0.0,0.0,0.0,0.0,"[0.0, 0.0, 0.0]",0.0,0.0,0.0,0.7973333202004432,10010880
5474de1f354e,bdh,propagate,2500,1,mild,"{""dim"": 1, ""distance"": 8, ""length"": 12, ""n_sources"": 1}",3,True,False,0,0.0,0.0,0.0,0.0,"[0.0, 0.0, 0.0]",0.0,0.0,0.0,0.8006666530867417,10010880
5474de1f354e,bdh,propagate,5000,1,mild,"{""dim"": 1, ""distance"": 6, ""length"": 12, ""n_sources"": 1}",3,True,False,0,0.0006666666666666666,0.0009428090415820634,0.0,0.002,"[0.002, 0.0, 0.0]",0.0,0.002,0.0006666666666666666,0.7860555473764738,10010880
5474de1f354e,bdh,propagate,5000,1,mild,"{""dim"": 1, ""distance"": 8, ""length"": 12, ""n_sources"": 1}",3,True,False,0,0.0006666666666666666,0.0009428090415820634,0.0,0.002,"[0.0, 0.002, 0.0]",0.0,0.002,0.0006666666666666666,0.7728333243926366,10010880
5474de1f354e,bdh,propagate,7500,1,mild,"{""dim"": 1, ""distance"": 6, ""length"": 12, ""n_sources"": 1}",3,True,False,0,0.22066666666666668,0.13780501522884508,0.026,0.326,"[0.026, 0.31, 0.326]",0.026,0.326,0.22066666666666668,0.8861666694482168,10010880
5474de1f354e,bdh,propagate,7500,1,mild,"{""dim"": 1, ""distance"": 8, ""length"": 12, ""n_sources"": 1}",3,True,False,0,0.19600000000000004,0.12250714264890844,0.024,0.3,"[0.024, 0.3, 0.264]",0.024000000000000004,0.3,0.19600000000000004,0.87172222473224,10010880
5474de1f354e,bdh,propagate,10000,1,mild,"{""dim"": 1, ""distance"": 6, ""length"": 12, ""n_sources"": 1}",3,True,False,0,0.24666666666666667,0.17554739784140605,0.032,0.462,"[0.462, 0.032, 0.246]",0.032,0.462,0.24666666666666667,0.904611115415891,10010880
5474de1f354e,bdh,propagate,10000,1,mild,"{""dim"": 1, ""distance"": 8, ""length"": 12, ""n_sources"": 1}",3,True,False,0,0.11533333333333334,0.06777085574853611,0.032,0.198,"[0.116, 0.032, 0.198]",0.032,0.19800000000000004,0.11533333333333334,0.8547777801752091,10010880
5474de1f354e,bdh,propagate,12500,1,mild,"{""dim"": 1, ""distance"": 6, ""length"": 12, ""n_sources"": 1}",3,True,False,0,0.10999999999999999,0.06707210050883054,0.018,0.176,"[0.176, 0.018, 0.136]",0.018,0.17600000000000002,0.10999999999999999,0.8636111142237981,10010880
5474de1f354e,bdh,propagate,12500,1,mild,"{""dim"": 1, ""distance"": 8, ""length"": 12, ""n_sources"": 1}",3,True,False,0,0.07133333333333333,0.06282957548444487,0.022,0.16,"[0.032, 0.022, 0.16]",0.022000000000000002,0.16,0.07133333333333333,0.8300555563767751,10010880
5474de1f354e,bdh,propagate,15000,1,mild,"{""dim"": 1, ""distance"": 6, ""length"": 12, ""n_sources"": 1}",3,True,False,0,0.10666666666666667,0.0715603863103665,0.006,0.166,"[0.166, 0.006, 0.148]",0.006000000000000001,0.166,0.10666666666666667,0.8505555564959844,10010880
5474de1f354e,bdh,propagate,15000,1,mild,"{""dim"": 1, ""distance"": 8, ""length"": 12, ""n_sources"": 1}",3,True,False,0,0.018,0.02405549140355829,0.0,0.052,"[0.0, 0.002, 0.052]",0.0,0.052,0.018,0.786611110150814,10010880
5474de1f354e,bdh,propagate,17500,1,mild,"{""dim"": 1, ""distance"": 6, ""length"": 12, ""n_sources"": 1}",3,True,False,0,0.07333333333333332,0.05638754787677467,0.016,0.15,"[0.15, 0.016, 0.054]",0.016,0.15,0.07333333333333332,0.8379999988476435,10010880
5474de1f354e,bdh,propagate,17500,1,mild,"{""dim"": 1, ""distance"": 8, ""length"": 12, ""n_sources"": 1}",3,True,False,0,0.014666666666666668,0.014267289706021799,0.0,0.034,"[0.0, 0.01, 0.034]",0.0,0.034,0.014666666666666668,0.7729999998410543,10010880
5474de1f354e,bdh,propagate,20000,1,mild,"{""dim"": 1, ""distance"": 6, ""length"": 12, ""n_sources"": 1}",3,True,False,0,0.04533333333333334,0.024997777679003567,0.01,0.064,"[0.064, 0.01, 0.062]",0.01,0.064,0.04533333333333334,0.823611108024915,10010880
5474de1f354e,bdh,propagate,20000,1,mild,"{""dim"": 1, ""distance"": 8, ""length"": 12, ""n_sources"": 1}",3,True,False,0,0.010666666666666666,0.009977753031397177,0.0,0.024,"[0.0, 0.008, 0.024]",0.0,0.024000000000000004,0.010666666666666666,0.776444443186124,10010880
5474de1f354e,bdh,propagate,22500,1,mild,"{""dim"": 1, ""distance"": 6, ""length"": 12, ""n_sources"": 1}",3,True,False,0,0.06066666666666667,0.06765270791985262,0.006,0.156,"[0.02, 0.006, 0.156]",0.006000000000000001,0.156,0.06066666666666667,0.8198333327770233,10010880
5474de1f354e,bdh,propagate,22500,1,mild,"{""dim"": 1, ""distance"": 8, ""length"": 12, ""n_sources"": 1}",3,True,False,0,0.007333333333333333,0.008993825042154695,0.0,0.02,"[0.0, 0.02, 0.002]",0.0,0.02,0.007333333333333333,0.7857222199440003,10010880
5474de1f354e,bdh,propagate,25000,1,mild,"{""dim"": 1, ""distance"": 6, ""length"": 12, ""n_sources"": 1}",3,True,False,0,0.058,0.038505410875183076,0.006,0.098,"[0.07, 0.006, 0.098]",0.006000000000000001,0.09800000000000002,0.058,0.8098333300352097,10010880
5474de1f354e,bdh,propagate,25000,1,mild,"{""dim"": 1, ""distance"": 8, ""length"": 12, ""n_sources"": 1}",3,True,False,0,0.002,0.001632993161855452,0.0,0.004,"[0.0, 0.002, 0.004]",0.0,0.004,0.002,0.7631111085812251,10010880
5474de1f354e,bdh,propagate,27500,1,mild,"{""dim"": 1, ""distance"": 6, ""length"": 12, ""n_sources"": 1}",3,True,False,0,0.032,0.020396078054371138,0.004,0.052,"[0.04, 0.004, 0.052]",0.004,0.052,0.032,0.8006111082633337,10010880
5474de1f354e,bdh,propagate,27500,1,mild,"{""dim"": 1, ""distance"": 8, ""length"": 12, ""n_sources"": 1}",3,True,False,0,0.002,0.001632993161855452,0.0,0.004,"[0.0, 0.004, 0.002]",0.0,0.004,0.002,0.7466666664481162,10010880
5474de1f354e,bdh,propagate,30000,1,mild,"{""dim"": 1, ""distance"": 6, ""length"": 12, ""n_sources"": 1}",3,True,False,0,0.03666666666666667,0.025837096500101468,0.002,0.064,"[0.044, 0.002, 0.064]",0.002,0.064,0.03666666666666667,0.7992222188711167,10010880
5474de1f354e,bdh,propagate,30000,1,mild,"{""dim"": 1, ""distance"": 8, ""length"": 12, ""n_sources"": 1}",3,True,False,0,0.0006666666666666666,0.0009428090415820634,0.0,0.002,"[0.0, 0.002, 0.0]",0.0,0.002,0.0006666666666666666,0.7569444426496824,10010880
5474de1f354e,bdh,propagate,32500,1,mild,"{""dim"": 1, ""distance"": 6, ""length"": 12, ""n_sources"": 1}",3,True,False,0,0.02666666666666667,0.020548046676563257,0.0,0.05,"[0.03, 0.0, 0.05]",0.0,0.05000000000000001,0.02666666666666667,0.7967777730623883,10010880
5474de1f354e,bdh,propagate,32500,1,mild,"{""dim"": 1, ""distance"": 8, ""length"": 12, ""n_sources"": 1}",3,True,False,0,0.0013333333333333333,0.0009428090415820634,0.0,0.002,"[0.0, 0.002, 0.002]",0.0,0.002,0.0013333333333333333,0.7624444427490235,10010880
5474de1f354e,bdh,propagate,35000,1,mild,"{""dim"": 1, ""distance"": 6, ""length"": 12, ""n_sources"": 1}",3,True,False,0,0.02666666666666667,0.020548046676563257,0.0,0.05,"[0.03, 0.0, 0.05]",0.0,0.05000000000000001,0.02666666666666667,0.7956666619380316,10010880
5474de1f354e,bdh,propagate,35000,1,mild,"{""dim"": 1, ""distance"": 8, ""length"": 12, ""n_sources"": 1}",3,True,False,0,0.002,0.001632993161855452,0.0,0.004,"[0.0, 0.004, 0.002]",0.0,0.004,0.002,0.7637777759631476,10010880
5474de1f354e,bdh,propagate,37500,1,mild,"{""dim"": 1, ""distance"": 6, ""length"": 12, ""n_sources"": 1}",3,True,False,0,0.03666666666666666,0.0294089933334837,0.0,0.072,"[0.038, 0.0, 0.072]",0.0,0.072,0.03666666666666666,0.797222218354543,10010880
5474de1f354e,bdh,propagate,37500,1,mild,"{""dim"": 1, ""distance"": 8, ""length"": 12, ""n_sources"": 1}",3,True,False,0,0.0013333333333333333,0.0018856180831641268,0.0,0.004,"[0.0, 0.004, 0.0]",0.0,0.004,0.0013333333333333333,0.7708333310683568,10010880
5474de1f354e,bdh,propagate,40000,1,mild,"{""dim"": 1, ""distance"": 6, ""length"": 12, ""n_sources"": 1}",3,True,False,0,0.03333333333333333,0.025525586292102196,0.0,0.062,"[0.038, 0.0, 0.062]",0.0,0.062,0.03333333333333333,0.79666666273276,10010880
5474de1f354e,bdh,propagate,40000,1,mild,"{""dim"": 1, ""distance"": 8, ""length"": 12, ""n_sources"": 1}",3,True,False,0,0.0013333333333333333,0.0018856180831641268,0.0,0.004,"[0.0, 0.004, 0.0]",0.0,0.004,0.0013333333333333333,0.7696666644016901,10010880
5474de1f354e,bdh,propagate,40000,2,mild,"{""dim"": 1, ""distance"": 6, ""length"": 12, ""n_sources"": 1}",3,True,False,0,0.03333333333333333,0.025525586292102196,0.0,0.062,"[0.038, 0.0, 0.062]",0.0,0.062,0.03333333333333333,0.79666666273276,10010880
5474de1f354e,bdh,propagate,40000,2,mild,"{""dim"": 1, ""distance"": 8, ""length"": 12, ""n_sources"": 1}",3,True,False,0,0.0013333333333333333,0.0018856180831641268,0.0,0.004,"[0.0, 0.004, 0.0]",0.0,0.004,0.0013333333333333333,0.7696666644016901,10010880
5474de1f354e,bdh,propagate,2500,4,mild,"{""dim"": 1, ""distance"": 6, ""length"": 12, ""n_sources"": 1}",3,True,False,0,0.0,0.0,0.0,0.0,"[0.0, 0.0, 0.0]",0.0,0.0,0.0,0.7973333202004432,10010880
5474de1f354e,bdh,propagate,2500,4,mild,"{""dim"": 1, ""distance"": 8, ""length"": 12, ""n_sources"": 1}",3,True,False,0,0.0,0.0,0.0,0.0,"[0.0, 0.0, 0.0]",0.0,0.0,0.0,0.8006666530867417,10010880
5474de1f354e,bdh,propagate,5000,4,mild,"{""dim"": 1, ""distance"": 6, ""length"": 12, ""n_sources"": 1}",3,True,False,0,0.0006666666666666666,0.0009428090415820634,0.0,0.002,"[0.002, 0.0, 0.0]",0.0,0.002,0.0006666666666666666,0.7860555473764738,10010880
5474de1f354e,bdh,propagate,5000,4,mild,"{""dim"": 1, ""distance"": 8, ""length"": 12, ""n_sources"": 1}",3,True,False,0,0.0006666666666666666,0.0009428090415820634,0.0,0.002,"[0.0, 0.002, 0.0]",0.0,0.002,0.0006666666666666666,0.7728333243926366,10010880
5474de1f354e,bdh,propagate,7500,4,mild,"{""dim"": 1, ""distance"": 6, ""length"": 12, ""n_sources"": 1}",3,True,False,0,0.22066666666666668,0.13780501522884508,0.026,0.326,"[0.026, 0.31, 0.326]",0.026,0.326,0.22066666666666668,0.8861666694482168,10010880
5474de1f354e,bdh,propagate,7500,4,mild,"{""dim"": 1, ""distance"": 8, ""length"": 12, ""n_sources"": 1}",3,True,False,0,0.19600000000000004,0.12250714264890844,0.024,0.3,"[0.024, 0.3, 0.264]",0.024000000000000004,0.3,0.19600000000000004,0.87172222473224,10010880
5474de1f354e,bdh,propagate,10000,4,mild,"{""dim"": 1, ""distance"": 6, ""length"": 12, ""n_sources"": 1}",3,True,False,0,0.24666666666666667,0.17554739784140605,0.032,0.462,"[0.462, 0.032, 0.246]",0.032,0.462,0.24666666666666667,0.904611115415891,10010880
5474de1f354e,bdh,propagate,10000,4,mild,"{""dim"": 1, ""distance"": 8, ""length"": 12, ""n_sources"": 1}",3,True,False,0,0.11533333333333334,0.06777085574853611,0.032,0.198,"[0.116, 0.032, 0.198]",0.032,0.19800000000000004,0.11533333333333334,0.8547777801752091,10010880
5474de1f354e,bdh,propagate,12500,4,mild,"{""dim"": 1, ""distance"": 6, ""length"": 12, ""n_sources"": 1}",3,True,False,0,0.10999999999999999,0.06707210050883054,0.018,0.176,"[0.176, 0.018, 0.136]",0.018,0.17600000000000002,0.10999999999999999,0.8636111142237981,10010880
5474de1f354e,bdh,propagate,12500,4,mild,"{""dim"": 1, ""distance"": 8, ""length"": 12, ""n_sources"": 1}",3,True,False,0,0.07133333333333333,0.06282957548444487,0.022,0.16,"[0.032, 0.022, 0.16]",0.022000000000000002,0.16,0.07133333333333333,0.8300555563767751,10010880
5474de1f354e,bdh,propagate,15000,4,mild,"{""dim"": 1, ""distance"": 6, ""length"": 12, ""n_sources"": 1}",3,True,False,0,0.10666666666666667,0.0715603863103665,0.006,0.166,"[0.166, 0.006, 0.148]",0.006000000000000001,0.166,0.10666666666666667,0.8505555564959844,10010880
5474de1f354e,bdh,propagate,15000,4,mild,"{""dim"": 1, ""distance"": 8, ""length"": 12, ""n_sources"": 1}",3,True,False,0,0.018,0.02405549140355829,0.0,0.052,"[0.0, 0.002, 0.052]",0.0,0.052,0.018,0.786611110150814,10010880
5474de1f354e,bdh,propagate,17500,4,mild,"{""dim"": 1, ""distance"": 6, ""length"": 12, ""n_sources"": 1}",3,True,False,0,0.07333333333333332,0.05638754787677467,0.016,0.15,"[0.15, 0.016, 0.054]",0.016,0.15,0.07333333333333332,0.8379999988476435,10010880
5474de1f354e,bdh,propagate,17500,4,mild,"{""dim"": 1, ""distance"": 8, ""length"": 12, ""n_sources"": 1}",3,True,False,0,0.014666666666666668,0.014267289706021799,0.0,0.034,"[0.0, 0.01, 0.034]",0.0,0.034,0.014666666666666668,0.7729999998410543,10010880
5474de1f354e,bdh,propagate,20000,4,mild,"{""dim"": 1, ""distance"": 6, ""length"": 12, ""n_sources"": 1}",3,True,False,0,0.04533333333333334,0.024997777679003567,0.01,0.064,"[0.064, 0.01, 0.062]",0.01,0.064,0.04533333333333334,0.823611108024915,10010880
5474de1f354e,bdh,propagate,20000,4,mild,"{""dim"": 1, ""distance"": 8, ""length"": 12, ""n_sources"": 1}",3,True,False,0,0.010666666666666666,0.009977753031397177,0.0,0.024,"[0.0, 0.008, 0.024]",0.0,0.024000000000000004,0.010666666666666666,0.776444443186124,10010880
5474de1f354e,bdh,propagate,22500,4,mild,"{""dim"": 1, ""distance"": 6, ""length"": 12, ""n_sources"": 1}",3,True,False,0,0.06066666666666667,0.06765270791985262,0.006,0.156,"[0.02, 0.006, 0.156]",0.006000000000000001,0.156,0.06066666666666667,0.8198333327770233,10010880
5474de1f354e,bdh,propagate,22500,4,mild,"{""dim"": 1, ""distance"": 8, ""length"": 12, ""n_sources"": 1}",3,True,False,0,0.007333333333333333,0.008993825042154695,0.0,0.02,"[0.0, 0.02, 0.002]",0.0,0.02,0.007333333333333333,0.7857222199440003,10010880
5474de1f354e,bdh,propagate,25000,4,mild,"{""dim"": 1, ""distance"": 6, ""length"": 12, ""n_sources"": 1}",3,True,False,0,0.058,0.038505410875183076,0.006,0.098,"[0.07, 0.006, 0.098]",0.006000000000000001,0.09800000000000002,0.058,0.8098333300352097,10010880
5474de1f354e,bdh,propagate,25000,4,mild,"{""dim"": 1, ""distance"": 8, ""length"": 12, ""n_sources"": 1}",3,True,False,0,0.002,0.001632993161855452,0.0,0.004,"[0.0, 0.002, 0.004]",0.0,0.004,0.002,0.7631111085812251,10010880
5474de1f354e,bdh,propagate,27500,4,mild,"{""dim"": 1, ""distance"": 6, ""length"": 12, ""n_sources"": 1}",3,True,False,0,0.032,0.020396078054371138,0.004,0.052,"[0.04, 0.004, 0.052]",0.004,0.052,0.032,0.8006111082633337,10010880
5474de1f354e,bdh,propagate,27500,4,mild,"{""dim"": 1, ""distance"": 8, ""length"": 12, ""n_sources"": 1}",3,True,False,0,0.002,0.001632993161855452,0.0,0.004,"[0.0, 0.004, 0.002]",0.0,0.004,0.002,0.7466666664481162,10010880
5474de1f354e,bdh,propagate,30000,4,mild,"{""dim"": 1, ""distance"": 6, ""length"": 12, ""n_sources"": 1}",3,True,False,0,0.03666666666666667,0.025837096500101468,0.002,0.064,"[0.044, 0.002, 0.064]",0.002,0.064,0.03666666666666667,0.7992222188711167,10010880
5474de1f354e,bdh,propagate,30000,4,mild,"{""dim"": 1, ""distance"": 8, ""length"": 12, ""n_sources"": 1}",3,True,False,0,0.0006666666666666666,0.0009428090415820634,0.0,0.002,"[0.0, 0.002, 0.0]",0.0,0.002,0.0006666666666666666,0.7569444426496824,10010880
5474de1f354e,bdh,propagate,32500,4,mild,"{""dim"": 1, ""distance"": 6, ""length"": 12, ""n_sources"": 1}",3,True,False,0,0.02666666666666667,0.020548046676563257,0.0,0.05,"[0.03, 0.0, 0.05]",0.0,0.05000000000000001,0.02666666666666667,0.7967777730623883,10010880
5474de1f354e,bdh,propagate,32500,4,mild,"{""dim"": 1, ""distance"": 8, ""length"": 12, ""n_sources"": 1}",3,True,False,0,0.0013333333333333333,0.0009428090415820634,0.0,0.002,"[0.0, 0.002, 0.002]",0.0,0.002,0.0013333333333333333,0.7624444427490235,10010880
5474de1f354e,bdh,propagate,35000,4,mild,"{""dim"": 1, ""distance"": 6, ""length"": 12, ""n_sources"": 1}",3,True,False,0,0.02666666666666667,0.020548046676563257,0.0,0.05,"[0.03, 0.0, 0.05]",0.0,0.05000000000000001,0.02666666666666667,0.7956666619380316,10010880
5474de1f354e,bdh,propagate,35000,4,mild,"{""dim"": 1, ""distance"": 8, ""length"": 12, ""n_sources"": 1}",3,True,False,0,0.002,0.001632993161855452,0.0,0.004,"[0.0, 0.004, 0.002]",0.0,0.004,0.002,0.7637777759631476,10010880
5474de1f354e,bdh,propagate,37500,4,mild,"{""dim"": 1, ""distance"": 6, ""length"": 12, ""n_sources"": 1}",3,True,False,0,0.03666666666666666,0.0294089933334837,0.0,0.072,"[0.038, 0.0, 0.072]",0.0,0.072,0.03666666666666666,0.797222218354543,10010880
5474de1f354e,bdh,propagate,37500,4,mild,"{""dim"": 1, ""distance"": 8, ""length"": 12, ""n_sources"": 1}",3,True,False,0,0.0013333333333333333,0.0018856180831641268,0.0,0.004,"[0.0, 0.004, 0.0]",0.0,0.004,0.0013333333333333333,0.7708333310683568,10010880
5474de1f354e,bdh,propagate,40000,4,mild,"{""dim"": 1, ""distance"": 6, ""length"": 12, ""n_sources"": 1}",3,True,False,0,0.03333333333333333,0.025525586292102196,0.0,0.062,"[0.038, 0.0, 0.062]",0.0,0.062,0.03333333333333333,0.79666666273276,10010880
5474de1f354e,bdh,propagate,40000,4,mild,"{""dim"": 1, ""distance"": 8, ""length"": 12, ""n_sources"": 1}",3,True,False,0,0.0013333333333333333,0.0018856180831641268,0.0,0.004,"[0.0, 0.004, 0.0]",0.0,0.004,0.0013333333333333333,0.7696666644016901,10010880
5474de1f354e,bdh,propagate,40000,8,mild,"{""dim"": 1, ""distance"": 6, ""length"": 12, ""n_sources"": 1}",3,True,False,0,0.03333333333333333,0.025525586292102196,0.0,0.062,"[0.038, 0.0, 0.062]",0.0,0.062,0.03333333333333333,0.79666666273276,10010880
5474de1f354e,bdh,propagate,40000,8,mild,"{""dim"": 1, ""distance"": 8, ""length"": 12, ""n_sources"": 1}",3,True,False,0,0.0013333333333333333,0.0018856180831641268,0.0,0.004,"[0.0, 0.004, 0.0]",0.0,0.004,0.0013333333333333333,0.7696666644016901,10010880
5474de1f354e,bdh,propagate,2500,16,mild,"{""dim"": 1, ""distance"": 6, ""length"": 12, ""n_sources"": 1}",3,True,False,0,0.0,0.0,0.0,0.0,"[0.0, 0.0, 0.0]",0.0,0.0,0.0,0.7973333202004432,10010880
5474de1f354e,bdh,propagate,2500,16,mild,"{""dim"": 1, ""distance"": 8, ""length"": 12, ""n_sources"": 1}",3,True,False,0,0.0,0.0,0.0,0.0,"[0.0, 0.0, 0.0]",0.0,0.0,0.0,0.8006666530867417,10010880
5474de1f354e,bdh,propagate,5000,16,mild,"{""dim"": 1, ""distance"": 6, ""length"": 12, ""n_sources"": 1}",3,True,False,0,0.0006666666666666666,0.0009428090415820634,0.0,0.002,"[0.002, 0.0, 0.0]",0.0,0.002,0.0006666666666666666,0.7860555473764738,10010880
5474de1f354e,bdh,propagate,5000,16,mild,"{""dim"": 1, ""distance"": 8, ""length"": 12, ""n_sources"": 1}",3,True,False,0,0.0006666666666666666,0.0009428090415820634,0.0,0.002,"[0.0, 0.002, 0.0]",0.0,0.002,0.0006666666666666666,0.7728333243926366,10010880
5474de1f354e,bdh,propagate,7500,16,mild,"{""dim"": 1, ""distance"": 6, ""length"": 12, ""n_sources"": 1}",3,True,False,0,0.22066666666666668,0.13780501522884508,0.026,0.326,"[0.026, 0.31, 0.326]",0.026,0.326,0.22066666666666668,0.8861666694482168,10010880
5474de1f354e,bdh,propagate,7500,16,mild,"{""dim"": 1, ""distance"": 8, ""length"": 12, ""n_sources"": 1}",3,True,False,0,0.19600000000000004,0.12250714264890844,0.024,0.3,"[0.024, 0.3, 0.264]",0.024000000000000004,0.3,0.19600000000000004,0.87172222473224,10010880
5474de1f354e,bdh,propagate,10000,16,mild,"{""dim"": 1, ""distance"": 6, ""length"": 12, ""n_sources"": 1}",3,True,False,0,0.24666666666666667,0.17554739784140605,0.032,0.462,"[0.462, 0.032, 0.246]",0.032,0.462,0.24666666666666667,0.904611115415891,10010880
5474de1f354e,bdh,propagate,10000,16,mild,"{""dim"": 1, ""distance"": 8, ""length"": 12, ""n_sources"": 1}",3,True,False,0,0.11533333333333334,0.06777085574853611,0.032,0.198,"[0.116, 0.032, 0.198]",0.032,0.19800000000000004,0.11533333333333334,0.8547777801752091,10010880
5474de1f354e,bdh,propagate,12500,16,mild,"{""dim"": 1, ""distance"": 6, ""length"": 12, ""n_sources"": 1}",3,True,False,0,0.10999999999999999,0.06707210050883054,0.018,0.176,"[0.176, 0.018, 0.136]",0.018,0.17600000000000002,0.10999999999999999,0.8636111142237981,10010880
5474de1f354e,bdh,propagate,12500,16,mild,"{""dim"": 1, ""distance"": 8, ""length"": 12, ""n_sources"": 1}",3,True,False,0,0.07133333333333333,0.06282957548444487,0.022,0.16,"[0.032, 0.022, 0.16]",0.022000000000000002,0.16,0.07133333333333333,0.8300555563767751,10010880
5474de1f354e,bdh,propagate,15000,16,mild,"{""dim"": 1, ""distance"": 6, ""length"": 12, ""n_sources"": 1}",3,True,False,0,0.10666666666666667,0.0715603863103665,0.006,0.166,"[0.166, 0.006, 0.148]",0.006000000000000001,0.166,0.10666666666666667,0.8505555564959844,10010880
5474de1f354e,bdh,propagate,15000,16,mild,"{""dim"": 1, ""distance"": 8, ""length"": 12, ""n_sources"": 1}",3,True,False,0,0.018,0.02405549140355829,0.0,0.052,"[0.0, 0.002, 0.052]",0.0,0.052,0.018,0.786611110150814,10010880
5474de1f354e,bdh,propagate,17500,16,mild,"{""dim"": 1, ""distance"": 6, ""length"": 12, ""n_sources"": 1}",3,True,False,0,0.07333333333333332,0.05638754787677467,0.016,0.15,"[0.15, 0.016, 0.054]",0.016,0.15,0.07333333333333332,0.8379999988476435,10010880
5474de1f354e,bdh,propagate,17500,16,mild,"{""dim"": 1, ""distance"": 8, ""length"": 12, ""n_sources"": 1}",3,True,False,0,0.014666666666666668,0.014267289706021799,0.0,0.034,"[0.0, 0.01, 0.034]",0.0,0.034,0.014666666666666668,0.7729999998410543,10010880
5474de1f354e,bdh,propagate,20000,16,mild,"{""dim"": 1, ""distance"": 6, ""length"": 12, ""n_sources"": 1}",3,True,False,0,0.04533333333333334,0.024997777679003567,0.01,0.064,"[0.064, 0.01, 0.062]",0.01,0.064,0.04533333333333334,0.823611108024915,10010880
5474de1f354e,bdh,propagate,20000,16,mild,"{""dim"": 1, ""distance"": 8, ""length"": 12, ""n_sources"": 1}",3,True,False,0,0.010666666666666666,0.009977753031397177,0.0,0.024,"[0.0, 0.008, 0.024]",0.0,0.024000000000000004,0.010666666666666666,0.776444443186124,10010880
5474de1f354e,bdh,propagate,22500,16,mild,"{""dim"": 1, ""distance"": 6, ""length"": 12, ""n_sources"": 1}",3,True,False,0,0.06066666666666667,0.06765270791985262,0.006,0.156,"[0.02, 0.006, 0.156]",0.006000000000000001,0.156,0.06066666666666667,0.8198333327770233,10010880
5474de1f354e,bdh,propagate,22500,16,mild,"{""dim"": 1, ""distance"": 8, ""length"": 12, ""n_sources"": 1}",3,True,False,0,0.007333333333333333,0.008993825042154695,0.0,0.02,"[0.0, 0.02, 0.002]",0.0,0.02,0.007333333333333333,0.7857222199440003,10010880
5474de1f354e,bdh,propagate,25000,16,mild,"{""dim"": 1, ""distance"": 6, ""length"": 12, ""n_sources"": 1}",3,True,False,0,0.058,0.038505410875183076,0.006,0.098,"[0.07, 0.006, 0.098]",0.006000000000000001,0.09800000000000002,0.058,0.8098333300352097,10010880
5474de1f354e,bdh,propagate,25000,16,mild,"{""dim"": 1, ""distance"": 8, ""length"": 12, ""n_sources"": 1}",3,True,False,0,0.002,0.001632993161855452,0.0,0.004,"[0.0, 0.002, 0.004]",0.0,0.004,0.002,0.7631111085812251,10010880
5474de1f354e,bdh,propagate,27500,16,mild,"{""dim"": 1, ""distance"": 6, ""length"": 12, ""n_sources"": 1}",3,True,False,0,0.032,0.020396078054371138,0.004,0.052,"[0.04, 0.004, 0.052]",0.004,0.052,0.032,0.8006111082633337,10010880
5474de1f354e,bdh,propagate,27500,16,mild,"{""dim"": 1, ""distance"": 8, ""length"": 12, ""n_sources"": 1}",3,True,False,0,0.002,0.001632993161855452,0.0,0.004,"[0.0, 0.004, 0.002]",0.0,0.004,0.002,0.7466666664481162,10010880
5474de1f354e,bdh,propagate,30000,16,mild,"{""dim"": 1, ""distance"": 6, ""length"": 12, ""n_sources"": 1}",3,True,False,0,0.03666666666666667,0.025837096500101468,0.002,0.064,"[0.044, 0.002, 0.064]",0.002,0.064,0.03666666666666667,0.7992222188711167,10010880
5474de1f354e,bdh,propagate,30000,16,mild,"{""dim"": 1, ""distance"": 8, ""length"": 12, ""n_sources"": 1}",3,True,False,0,0.0006666666666666666,0.0009428090415820634,0.0,0.002,"[0.0, 0.002, 0.0]",0.0,0.002,0.0006666666666666666,0.7569444426496824,10010880
5474de1f354e,bdh,propagate,32500,16,mild,"{""dim"": 1, ""distance"": 6, ""length"": 12, ""n_sources"": 1}",3,True,False,0,0.02666666666666667,0.020548046676563257,0.0,0.05,"[0.03, 0.0, 0.05]",0.0,0.05000000000000001,0.02666666666666667,0.7967777730623883,10010880
5474de1f354e,bdh,propagate,32500,16,mild,"{""dim"": 1, ""distance"": 8, ""length"": 12, ""n_sources"": 1}",3,True,False,0,0.0013333333333333333,0.0009428090415820634,0.0,0.002,"[0.0, 0.002, 0.002]",0.0,0.002,0.0013333333333333333,0.7624444427490235,10010880
5474de1f354e,bdh,propagate,35000,16,mild,"{""dim"": 1, ""distance"": 6, ""length"": 12, ""n_sources"": 1}",3,True,False,0,0.02666666666666667,0.020548046676563257,0.0,0.05,"[0.03, 0.0, 0.05]",0.0,0.05000000000000001,0.02666666666666667,0.7956666619380316,10010880
5474de1f354e,bdh,propagate,35000,16,mild,"{""dim"": 1, ""distance"": 8, ""length"": 12, ""n_sources"": 1}",3,True,False,0,0.002,0.001632993161855452,0.0,0.004,"[0.0, 0.004, 0.002]",0.0,0.004,0.002,0.7637777759631476,10010880
5474de1f354e,bdh,propagate,37500,16,mild,"{""dim"": 1, ""distance"": 6, ""length"": 12, ""n_sources"": 1}",3,True,False,0,0.03666666666666666,0.0294089933334837,0.0,0.072,"[0.038, 0.0, 0.072]",0.0,0.072,0.03666666666666666,0.797222218354543,10010880
5474de1f354e,bdh,propagate,37500,16,mild,"{""dim"": 1, ""distance"": 8, ""length"": 12, ""n_sources"": 1}",3,True,False,0,0.0013333333333333333,0.0018856180831641268,0.0,0.004,"[0.0, 0.004, 0.0]",0.0,0.004,0.0013333333333333333,0.7708333310683568,10010880
5474de1f354e,bdh,propagate,40000,16,mild,"{""dim"": 1, ""distance"": 6, ""length"": 12, ""n_sources"": 1}",3,True,False,0,0.03333333333333333,0.025525586292102196,0.0,0.062,"[0.038, 0.0, 0.062]",0.0,0.062,0.03333333333333333,0.79666666273276,10010880
5474de1f354e,bdh,propagate,40000,16,mild,"{""dim"": 1, ""distance"": 8, ""length"": 12, ""n_sources"": 1}",3,True,False,0,0.0013333333333333333,0.0018856180831641268,0.0,0.004,"[0.0, 0.004, 0.0]",0.0,0.004,0.0013333333333333333,0.7696666644016901,10010880
5474de1f354e,bdh,propagate,40000,32,mild,"{""dim"": 1, ""distance"": 6, ""length"": 12, ""n_sources"": 1}",3,True,False,0,0.03333333333333333,0.025525586292102196,0.0,0.062,"[0.038, 0.0, 0.062]",0.0,0.062,0.03333333333333333,0.79666666273276,10010880
5474de1f354e,bdh,propagate,40000,32,mild,"{""dim"": 1, ""distance"": 8, ""length"": 12, ""n_sources"": 1}",3,True,False,0,0.0013333333333333333,0.0018856180831641268,0.0,0.004,"[0.0, 0.004, 0.0]",0.0,0.004,0.0013333333333333333,0.7696666644016901,10010880
5474de1f354e,bdh,propagate,2500,1,strong,"{""dim"": 1, ""distance"": 12, ""length"": 48, ""n_sources"": 1}",3,True,False,0,0.0,0.0,0.0,0.0,"[0.0, 0.0, 0.0]",0.0,0.0,0.0,0.746930542508761,10010880
5474de1f354e,bdh,propagate,2500,1,strong,"{""dim"": 1, ""distance"": 24, ""length"": 48, ""n_sources"": 1}",3,True,False,0,0.0,0.0,0.0,0.0,"[0.0, 0.0, 0.0]",0.0,0.0,0.0,0.6397777784665425,10010880
5474de1f354e,bdh,propagate,5000,1,strong,"{""dim"": 1, ""distance"": 12, ""length"": 48, ""n_sources"": 1}",3,True,False,0,0.0,0.0,0.0,0.0,"[0.0, 0.0, 0.0]",0.0,0.0,0.0,0.7211805386543273,10010880
5474de1f354e,bdh,propagate,5000,1,strong,"{""dim"": 1, ""distance"": 24, ""length"": 48, ""n_sources"": 1}",3,True,False,0,0.0,0.0,0.0,0.0,"[0.0, 0.0, 0.0]",0.0,0.0,0.0,0.5673888921141624,10010880
5474de1f354e,bdh,propagate,7500,1,strong,"{""dim"": 1, ""distance"": 12, ""length"": 48, ""n_sources"": 1}",3,True,False,0,0.0,0.0,0.0,0.0,"[0.0, 0.0, 0.0]",0.0,0.0,0.0,0.7487360976139703,10010880
5474de1f354e,bdh,propagate,7500,1,strong,"{""dim"": 1, ""distance"": 24, ""length"": 48, ""n_sources"": 1}",3,True,False,0,0.0,0.0,0.0,0.0,"[0.0, 0.0, 0.0]",0.0,0.0,0.0,0.639111112833023,10010880
5474de1f354e,bdh,propagate,10000,1,strong,"{""dim"": 1, ""distance"": 12, ""length"": 48, ""n_sources"": 1}",3,True,False,0,0.0,0.0,0.0,0.0,"[0.0, 0.0, 0.0]",0.0,0.0,0.0,0.7332638736168543,10010880
5474de1f354e,bdh,propagate,10000,1,strong,"{""dim"": 1, ""distance"": 24, ""length"": 48, ""n_sources"": 1}",3,True,False,0,0.0,0.0,0.0,0.0,"[0.0, 0.0, 0.0]",0.0,0.0,0.0,0.5764444461067518,10010880
5474de1f354e,bdh,propagate,12500,1,strong,"{""dim"": 1, ""distance"": 12, ""length"": 48, ""n_sources"": 1}",3,True,False,0,0.0,0.0,0.0,0.0,"[0.0, 0.0, 0.0]",0.0,0.0,0.0,0.7525555447737377,10010880
5474de1f354e,bdh,propagate,12500,1,strong,"{""dim"": 1, ""distance"": 24, ""length"": 48, ""n_sources"": 1}",3,True,False,0,0.0,0.0,0.0,0.0,"[0.0, 0.0, 0.0]",0.0,0.0,0.0,0.6256805553833643,10010880
5474de1f354e,bdh,propagate,15000,1,strong,"{""dim"": 1, ""distance"": 12, ""length"": 48, ""n_sources"": 1}",3,True,False,0,0.0,0.0,0.0,0.0,"[0.0, 0.0, 0.0]",0.0,0.0,0.0,0.7536944350476066,10010880
5474de1f354e,bdh,propagate,15000,1,strong,"{""dim"": 1, ""distance"": 24, ""length"": 48, ""n_sources"": 1}",3,True,False,0,0.0,0.0,0.0,0.0,"[0.0, 0.0, 0.0]",0.0,0.0,0.0,0.6160833332873881,10010880
5474de1f354e,bdh,propagate,17500,1,strong,"{""dim"": 1, ""distance"": 12, ""length"": 48, ""n_sources"": 1}",3,True,False,0,0.0,0.0,0.0,0.0,"[0.0, 0.0, 0.0]",0.0,0.0,0.0,0.7492777698834737,10010880
5474de1f354e,bdh,propagate,17500,1,strong,"{""dim"": 1, ""distance"": 24, ""length"": 48, ""n_sources"": 1}",3,True,False,0,0.0,0.0,0.0,0.0,"[0.0, 0.0, 0.0]",0.0,0.0,0.0,0.5921388889948527,10010880
5474de1f354e,bdh,propagate,20000,1,strong,"{""dim"": 1, ""distance"": 12, ""length"": 48, ""n_sources"": 1}",3,True,False,0,0.0,0.0,0.0,0.0,"[0.0, 0.0, 0.0]",0.0,0.0,0.0,0.7774722176392874,10010880
5474de1f354e,bdh,propagate,20000,1,strong,"{""dim"": 1, ""distance"": 24, ""length"": 48, ""n_sources"": 1}",3,True,False,0,0.0,0.0,0.0,0.0,"[0.0, 0.0, 0.0]",0.0,0.0,0.0,0.6683472228050231,10010880
5474de1f354e,bdh,propagate,22500,1,strong,"{""dim"": 1, ""distance"": 12, ""length"": 48, ""n_sources"": 1}",3,True,False,0,0.0,0.0,0.0,0.0,"[0.0, 0.0, 0.0]",0.0,0.0,0.0,0.774013886054357,10010880
5474de1f354e,bdh,propagate,22500,1,strong,"{""dim"": 1, ""distance"": 24, ""length"": 48, ""n_sources"": 1}",3,True,False,0,0.0,0.0,0.0,0.0,"[0.0, 0.0, 0.0]",0.0,0.0,0.0,0.6553888882199924,10010880
5474de1f354e,bdh,propagate,25000,1,strong,"{""dim"": 1, ""distance"": 12, ""length"": 48, ""n_sources"": 1}",3,True,False,0,0.0,0.0,0.0,0.0,"[0.0, 0.0, 0.0]",0.0,0.0,0.0,0.7783888857364655,10010880
5474de1f354e,bdh,propagate,25000,1,strong,"{""dim"": 1, ""distance"": 24, ""length"": 48, ""n_sources"": 1}",3,True,False,0,0.0,0.0,0.0,0.0,"[0.0, 0.0, 0.0]",0.0,0.0,0.0,0.66631944445769,10010880
5474de1f354e,bdh,propagate,27500,1,strong,"{""dim"": 1, ""distance"": 12, ""length"": 48, ""n_sources"": 1}",3,True,False,0,0.0,0.0,0.0,0.0,"[0.0, 0.0, 0.0]",0.0,0.0,0.0,0.7665138842662177,10010880
5474de1f354e,bdh,propagate,27500,1,strong,"{""dim"": 1, ""distance"": 24, ""length"": 48, ""n_sources"": 1}",3,True,False,0,0.0,0.0,0.0,0.0,"[0.0, 0.0, 0.0]",0.0,0.0,0.0,0.6325416664083799,10010880
5474de1f354e,bdh,propagate,30000,1,strong,"{""dim"": 1, ""distance"": 12, ""length"": 48, ""n_sources"": 1}",3,True,False,0,0.0,0.0,0.0,0.0,"[0.0, 0.0, 0.0]",0.0,0.0,0.0,0.7744305516878764,10010880
5474de1f354e,bdh,propagate,30000,1,strong,"{""dim"": 1, ""distance"": 24, ""length"": 48, ""n_sources"": 1}",3,True,False,0,0.0,0.0,0.0,0.0,"[0.0, 0.0, 0.0]",0.0,0.0,0.0,0.6474999997615815,10010880
5474de1f354e,bdh,propagate,32500,1,strong,"{""dim"": 1, ""distance"": 12, ""length"": 48, ""n_sources"": 1}",3,True,False,0,0.0,0.0,0.0,0.0,"[0.0, 0.0, 0.0]",0.0,0.0,0.0,0.7664999961853027,10010880
5474de1f354e,bdh,propagate,32500,1,strong,"{""dim"": 1, ""distance"": 24, ""length"": 48, ""n_sources"": 1}",3,True,False,0,0.0,0.0,0.0,0.0,"[0.0, 0.0, 0.0]",0.0,0.0,0.0,0.6384166665474574,10010880
5474de1f354e,bdh,propagate,35000,1,strong,"{""dim"": 1, ""distance"": 12, ""length"": 48, ""n_sources"": 1}",3,True,False,0,0.0,0.0,0.0,0.0,"[0.0, 0.0, 0.0]",0.0,0.0,0.0,0.7662916625738144,10010880
5474de1f354e,bdh,propagate,35000,1,strong,"{""dim"": 1, ""distance"": 24, ""length"": 48, ""n_sources"": 1}",3,True,False,0,0.0,0.0,0.0,0.0,"[0.0, 0.0, 0.0]",0.0,0.0,0.0,0.637888889114062,10010880
5474de1f354e,bdh,propagate,37500,1,strong,"{""dim"": 1, ""distance"": 12, ""length"": 48, ""n_sources"": 1}",3,True,False,0,0.0,0.0,0.0,0.0,"[0.0, 0.0, 0.0]",0.0,0.0,0.0,0.7667222179969152,10010880
5474de1f354e,bdh,propagate,37500,1,strong,"{""dim"": 1, ""distance"": 24, ""length"": 48, ""n_sources"": 1}",3,True,False,0,0.0,0.0,0.0,0.0,"[0.0, 0.0, 0.0]",0.0,0.0,0.0,0.6384166670441628,10010880
5474de1f354e,bdh,propagate,40000,1,strong,"{""dim"": 1, ""distance"": 12, ""length"": 48, ""n_sources"": 1}",3,True,False,0,0.0,0.0,0.0,0.0,"[0.0, 0.0, 0.0]",0.0,0.0,0.0,0.7658333288033803,10010880
5474de1f354e,bdh,propagate,40000,1,strong,"{""dim"": 1, ""distance"": 24, ""length"": 48, ""n_sources"": 1}",3,True,False,0,0.0,0.0,0.0,0.0,"[0.0, 0.0, 0.0]",0.0,0.0,0.0,0.6361388892134031,10010880
5474de1f354e,bdh,propagate,40000,2,strong,"{""dim"": 1, ""distance"": 12, ""length"": 48, ""n_sources"": 1}",3,True,False,0,0.0,0.0,0.0,0.0,"[0.0, 0.0, 0.0]",0.0,0.0,0.0,0.7658333288033803,10010880
5474de1f354e,bdh,propagate,40000,2,strong,"{""dim"": 1, ""distance"": 24, ""length"": 48, ""n_sources"": 1}",3,True,False,0,0.0,0.0,0.0,0.0,"[0.0, 0.0, 0.0]",0.0,0.0,0.0,0.6361388892134031,10010880
5474de1f354e,bdh,propagate,2500,4,strong,"{""dim"": 1, ""distance"": 12, ""length"": 48, ""n_sources"": 1}",3,True,False,0,0.0,0.0,0.0,0.0,"[0.0, 0.0, 0.0]",0.0,0.0,0.0,0.746930542508761,10010880
5474de1f354e,bdh,propagate,2500,4,strong,"{""dim"": 1, ""distance"": 24, ""length"": 48, ""n_sources"": 1}",3,True,False,0,0.0,0.0,0.0,0.0,"[0.0, 0.0, 0.0]",0.0,0.0,0.0,0.6397777784665425,10010880
5474de1f354e,bdh,propagate,5000,4,strong,"{""dim"": 1, ""distance"": 12, ""length"": 48, ""n_sources"": 1}",3,True,False,0,0.0,0.0,0.0,0.0,"[0.0, 0.0, 0.0]",0.0,0.0,0.0,0.7211805386543273,10010880
5474de1f354e,bdh,propagate,5000,4,strong,"{""dim"": 1, ""distance"": 24, ""length"": 48, ""n_sources"": 1}",3,True,False,0,0.0,0.0,0.0,0.0,"[0.0, 0.0, 0.0]",0.0,0.0,0.0,0.5673888921141624,10010880
5474de1f354e,bdh,propagate,7500,4,strong,"{""dim"": 1, ""distance"": 12, ""length"": 48, ""n_sources"": 1}",3,True,False,0,0.0,0.0,0.0,0.0,"[0.0, 0.0, 0.0]",0.0,0.0,0.0,0.7487360976139703,10010880
5474de1f354e,bdh,propagate,7500,4,strong,"{""dim"": 1, ""distance"": 24, ""length"": 48, ""n_sources"": 1}",3,True,False,0,0.0,0.0,0.0,0.0,"[0.0, 0.0, 0.0]",0.0,0.0,0.0,0.639111112833023,10010880
5474de1f354e,bdh,propagate,10000,4,strong,"{""dim"": 1, ""distance"": 12, ""length"": 48, ""n_sources"": 1}",3,True,False,0,0.0,0.0,0.0,0.0,"[0.0, 0.0, 0.0]",0.0,0.0,0.0,0.7332638736168543,10010880
5474de1f354e,bdh,propagate,10000,4,strong,"{""dim"": 1, ""distance"": 24, ""length"": 48, ""n_sources"": 1}",3,True,False,0,0.0,0.0,0.0,0.0,"[0.0, 0.0, 0.0]",0.0,0.0,0.0,0.5764444461067518,10010880
5474de1f354e,bdh,propagate,12500,4,strong,"{""dim"": 1, ""distance"": 12, ""length"": 48, ""n_sources"": 1}",3,True,False,0,0.0,0.0,0.0,0.0,"[0.0, 0.0, 0.0]",0.0,0.0,0.0,0.7525555447737377,10010880
5474de1f354e,bdh,propagate,12500,4,strong,"{""dim"": 1, ""distance"": 24, ""length"": 48, ""n_sources"": 1}",3,True,False,0,0.0,0.0,0.0,0.0,"[0.0, 0.0, 0.0]",0.0,0.0,0.0,0.6256805553833643,10010880
5474de1f354e,bdh,propagate,15000,4,strong,"{""dim"": 1, ""distance"": 12, ""length"": 48, ""n_sources"": 1}",3,True,False,0,0.0,0.0,0.0,0.0,"[0.0, 0.0, 0.0]",0.0,0.0,0.0,0.7536944350476066,10010880
5474de1f354e,bdh,propagate,15000,4,strong,"{""dim"": 1, ""distance"": 24, ""length"": 48, ""n_sources"": 1}",3,True,False,0,0.0,0.0,0.0,0.0,"[0.0, 0.0, 0.0]",0.0,0.0,0.0,0.6160833332873881,10010880
5474de1f354e,bdh,propagate,17500,4,strong,"{""dim"": 1, ""distance"": 12, ""length"": 48, ""n_sources"": 1}",3,True,False,0,0.0,0.0,0.0,0.0,"[0.0, 0.0, 0.0]",0.0,0.0,0.0,0.7492777698834737,10010880
5474de1f354e,bdh,propagate,17500,4,strong,"{""dim"": 1, ""distance"": 24, ""length"": 48, ""n_sources"": 1}",3,True,False,0,0.0,0.0,0.0,0.0,"[0.0, 0.0, 0.0]",0.0,0.0,0.0,0.5921388889948527,10010880
5474de1f354e,bdh,propagate,20000,4,strong,"{""dim"": 1, ""distance"": 12, ""length"": 48, ""n_sources"": 1}",3,True,False,0,0.0,0.0,0.0,0.0,"[0.0, 0.0, 0.0]",0.0,0.0,0.0,0.7774722176392874,10010880
5474de1f354e,bdh,propagate,20000,4,strong,"{""dim"": 1, ""distance"": 24, ""length"": 48, ""n_sources"": 1}",3,True,False,0,0.0,0.0,0.0,0.0,"[0.0, 0.0, 0.0]",0.0,0.0,0.0,0.6683472228050231,10010880
5474de1f354e,bdh,propagate,22500,4,strong,"{""dim"": 1, ""distance"": 12, ""length"": 48, ""n_sources"": 1}",3,True,False,0,0.0,0.0,0.0,0.0,"[0.0, 0.0, 0.0]",0.0,0.0,0.0,0.774013886054357,10010880
5474de1f354e,bdh,propagate,22500,4,strong,"{""dim"": 1, ""distance"": 24, ""length"": 48, ""n_sources"": 1}",3,True,False,0,0.0,0.0,0.0,0.0,"[0.0, 0.0, 0.0]",0.0,0.0,0.0,0.6553888882199924,10010880
5474de1f354e,bdh,propagate,25000,4,strong,"{""dim"": 1, ""distance"": 12, ""length"": 48, ""n_sources"": 1}",3,True,False,0,0.0,0.0,0.0,0.0,"[0.0, 0.0, 0.0]",0.0,0.0,0.0,0.7783888857364655,10010880
5474de1f354e,bdh,propagate,25000,4,strong,"{""dim"": 1, ""distance"": 24, ""length"": 48, ""n_sources"": 1}",3,True,False,0,0.0,0.0,0.0,0.0,"[0.0, 0.0, 0.0]",0.0,0.0,0.0,0.66631944445769,10010880
5474de1f354e,bdh,propagate,27500,4,strong,"{""dim"": 1, ""distance"": 12, ""length"": 48, ""n_sources"": 1}",3,True,False,0,0.0,0.0,0.0,0.0,"[0.0, 0.0, 0.0]",0.0,0.0,0.0,0.7665138842662177,10010880
5474de1f354e,bdh,propagate,27500,4,strong,"{""dim"": 1, ""distance"": 24, ""length"": 48, ""n_sources"": 1}",3,True,False,0,0.0,0.0,0.0,0.0,"[0.0, 0.0, 0.0]",0.0,0.0,0.0,0.6325416664083799,10010880
5474de1f354e,bdh,propagate,30000,4,strong,"{""dim"": 1, ""distance"": 12, ""length"": 48, ""n_sources"": 1}",3,True,False,0,0.0,0.0,0.0,0.0,"[0.0, 0.0, 0.0]",0.0,0.0,0.0,0.7744305516878764,10010880
5474de1f354e,bdh,propagate,30000,4,strong,"{""dim"": 1, ""distance"": 24, ""length"": 48, ""n_sources"": 1}",3,True,False,0,0.0,0.0,0.0,0.0,"[0.0, 0.0, 0.0]",0.0,0.0,0.0,0.6474999997615815,10010880
5474de1f354e,bdh,propagate,32500,4,strong,"{""dim"": 1, ""distance"": 12, ""length"": 48, ""n_sources"": 1}",3,True,False,0,0.0,0.0,0.0,0.0,"[0.0, 0.0, 0.0]",0.0,0.0,0.0,0.7664999961853027,10010880
5474de1f354e,bdh,propagate,32500,4,strong,"{""dim"": 1, ""distance"": 24, ""length"": 48, ""n_sources"": 1}",3,True,False,0,0.0,0.0,0.0,0.0,"[0.0, 0.0, 0.0]",0.0,0.0,0.0,0.6384166665474574,10010880
5474de1f354e,bdh,propagate,35000,4,strong,"{""dim"": 1, ""distance"": 12, ""length"": 48, ""n_sources"": 1}",3,True,False,0,0.0,0.0,0.0,0.0,"[0.0, 0.0, 0.0]",0.0,0.0,0.0,0.7662916625738144,10010880
5474de1f354e,bdh,propagate,35000,4,strong,"{""dim"": 1, ""distance"": 24, ""length"": 48, ""n_sources"": 1}",3,True,False,0,0.0,0.0,0.0,0.0,"[0.0, 0.0, 0.0]",0.0,0.0,0.0,0.637888889114062,10010880
5474de1f354e,bdh,propagate,37500,4,strong,"{""dim"": 1, ""distance"": 12, ""length"": 48, ""n_sources"": 1}",3,True,False,0,0.0,0.0,0.0,0.0,"[0.0, 0.0, 0.0]",0.0,0.0,0.0,0.7667222179969152,10010880
5474de1f354e,bdh,propagate,37500,4,strong,"{""dim"": 1, ""distance"": 24, ""length"": 48, ""n_sources"": 1}",3,True,False,0,0.0,0.0,0.0,0.0,"[0.0, 0.0, 0.0]",0.0,0.0,0.0,0.6384166670441628,10010880
5474de1f354e,bdh,propagate,40000,4,strong,"{""dim"": 1, ""distance"": 12, ""length"": 48, ""n_sources"": 1}",3,True,False,0,0.0,0.0,0.0,0.0,"[0.0, 0.0, 0.0]",0.0,0.0,0.0,0.7658333288033803,10010880
5474de1f354e,bdh,propagate,40000,4,strong,"{""dim"": 1, ""distance"": 24, ""length"": 48, ""n_sources"": 1}",3,True,False,0,0.0,0.0,0.0,0.0,"[0.0, 0.0, 0.0]",0.0,0.0,0.0,0.6361388892134031,10010880
5474de1f354e,bdh,propagate,40000,8,strong,"{""dim"": 1, ""distance"": 12, ""length"": 48, ""n_sources"": 1}",3,True,False,0,0.0,0.0,0.0,0.0,"[0.0, 0.0, 0.0]",0.0,0.0,0.0,0.7658333288033803,10010880
5474de1f354e,bdh,propagate,40000,8,strong,"{""dim"": 1, ""distance"": 24, ""length"": 48, ""n_sources"": 1}",3,True,False,0,0.0,0.0,0.0,0.0,"[0.0, 0.0, 0.0]",0.0,0.0,0.0,0.6361388892134031,10010880
5474de1f354e,bdh,propagate,2500,16,strong,"{""dim"": 1, ""distance"": 12, ""length"": 48, ""n_sources"": 1}",3,True,False,0,0.0,0.0,0.0,0.0,"[0.0, 0.0, 0.0]",0.0,0.0,0.0,0.746930542508761,10010880
5474de1f354e,bdh,propagate,2500,16,strong,"{""dim"": 1, ""distance"": 24, ""length"": 48, ""n_sources"": 1}",3,True,False,0,0.0,0.0,0.0,0.0,"[0.0, 0.0, 0.0]",0.0,0.0,0.0,0.6397777784665425,10010880
5474de1f354e,bdh,propagate,5000,16,strong,"{""dim"": 1, ""distance"": 12, ""length"": 48, ""n_sources"": 1}",3,True,False,0,0.0,0.0,0.0,0.0,"[0.0, 0.0, 0.0]",0.0,0.0,0.0,0.7211805386543273,10010880
5474de1f354e,bdh,propagate,5000,16,strong,"{""dim"": 1, ""distance"": 24, ""length"": 48, ""n_sources"": 1}",3,True,False,0,0.0,0.0,0.0,0.0,"[0.0, 0.0, 0.0]",0.0,0.0,0.0,0.5673888921141624,10010880
5474de1f354e,bdh,propagate,7500,16,strong,"{""dim"": 1, ""distance"": 12, ""length"": 48, ""n_sources"": 1}",3,True,False,0,0.0,0.0,0.0,0.0,"[0.0, 0.0, 0.0]",0.0,0.0,0.0,0.7487360976139703,10010880
5474de1f354e,bdh,propagate,7500,16,strong,"{""dim"": 1, ""distance"": 24, ""length"": 48, ""n_sources"": 1}",3,True,False,0,0.0,0.0,0.0,0.0,"[0.0, 0.0, 0.0]",0.0,0.0,0.0,0.639111112833023,10010880
5474de1f354e,bdh,propagate,10000,16,strong,"{""dim"": 1, ""distance"": 12, ""length"": 48, ""n_sources"": 1}",3,True,False,0,0.0,0.0,0.0,0.0,"[0.0, 0.0, 0.0]",0.0,0.0,0.0,0.7332638736168543,10010880
5474de1f354e,bdh,propagate,10000,16,strong,"{""dim"": 1, ""distance"": 24, ""length"": 48, ""n_sources"": 1}",3,True,False,0,0.0,0.0,0.0,0.0,"[0.0, 0.0, 0.0]",0.0,0.0,0.0,0.5764444461067518,10010880
5474de1f354e,bdh,propagate,12500,16,strong,"{""dim"": 1, ""distance"": 12, ""length"": 48, ""n_sources"": 1}",3,True,False,0,0.0,0.0,0.0,0.0,"[0.0, 0.0, 0.0]",0.0,0.0,0.0,0.7525555447737377,10010880
5474de1f354e,bdh,propagate,12500,16,strong,"{""dim"": 1, ""distance"": 24, ""length"": 48, ""n_sources"": 1}",3,True,False,0,0.0,0.0,0.0,0.0,"[0.0, 0.0, 0.0]",0.0,0.0,0.0,0.6256805553833643,10010880
5474de1f354e,bdh,propagate,15000,16,strong,"{""dim"": 1, ""distance"": 12, ""length"": 48, ""n_sources"": 1}",3,True,False,0,0.0,0.0,0.0,0.0,"[0.0, 0.0, 0.0]",0.0,0.0,0.0,0.7536944350476066,10010880
5474de1f354e,bdh,propagate,15000,16,strong,"{""dim"": 1, ""distance"": 24, ""length"": 48, ""n_sources"": 1}",3,True,False,0,0.0,0.0,0.0,0.0,"[0.0, 0.0, 0.0]",0.0,0.0,0.0,0.6160833332873881,10010880
5474de1f354e,bdh,propagate,17500,16,strong,"{""dim"": 1, ""distance"": 12, ""length"": 48, ""n_sources"": 1}",3,True,False,0,0.0,0.0,0.0,0.0,"[0.0, 0.0, 0.0]",0.0,0.0,0.0,0.7492777698834737,10010880
5474de1f354e,bdh,propagate,17500,16,strong,"{""dim"": 1, ""distance"": 24, ""length"": 48, ""n_sources"": 1}",3,True,False,0,0.0,0.0,0.0,0.0,"[0.0, 0.0, 0.0]",0.0,0.0,0.0,0.5921388889948527,10010880
5474de1f354e,bdh,propagate,20000,16,strong,"{""dim"": 1, ""distance"": 12, ""length"": 48, ""n_sources"": 1}",3,True,False,0,0.0,0.0,0.0,0.0,"[0.0, 0.0, 0.0]",0.0,0.0,0.0,0.7774722176392874,10010880
5474de1f354e,bdh,propagate,20000,16,strong,"{""dim"": 1, ""distance"": 24, ""length"": 48, ""n_sources"": 1}",3,True,False,0,0.0,0.0,0.0,0.0,"[0.0, 0.0, 0.0]",0.0,0.0,0.0,0.6683472228050231,10010880
5474de1f354e,bdh,propagate,22500,16,strong,"{""dim"": 1, ""distance"": 12, ""length"": 48, ""n_sources"": 1}",3,True,False,0,0.0,0.0,0.0,0.0,"[0.0, 0.0, 0.0]",0.0,0.0,0.0,0.774013886054357,10010880
5474de1f354e,bdh,propagate,22500,16,strong,"{""dim"": 1, ""distance"": 24, ""length"": 48, ""n_sources"": 1}",3,True,False,0,0.0,0.0,0.0,0.0,"[0.0, 0.0, 0.0]",0.0,0.0,0.0,0.6553888882199924,10010880
5474de1f354e,bdh,propagate,25000,16,strong,"{""dim"": 1, ""distance"": 12, ""length"": 48, ""n_sources"": 1}",3,True,False,0,0.0,0.0,0.0,0.0,"[0.0, 0.0, 0.0]",0.0,0.0,0.0,0.7783888857364655,10010880
5474de1f354e,bdh,propagate,25000,16,strong,"{""dim"": 1, ""distance"": 24, ""length"": 48, ""n_sources"": 1}",3,True,False,0,0.0,0.0,0.0,0.0,"[0.0, 0.0, 0.0]",0.0,0.0,0.0,0.66631944445769,10010880
5474de1f354e,bdh,propagate,27500,16,strong,"{""dim"": 1, ""distance"": 12, ""length"": 48, ""n_sources"": 1}",3,True,False,0,0.0,0.0,0.0,0.0,"[0.0, 0.0, 0.0]",0.0,0.0,0.0,0.7665138842662177,10010880
5474de1f354e,bdh,propagate,27500,16,strong,"{""dim"": 1, ""distance"": 24, ""length"": 48, ""n_sources"": 1}",3,True,False,0,0.0,0.0,0.0,0.0,"[0.0, 0.0, 0.0]",0.0,0.0,0.0,0.6325416664083799,10010880
5474de1f354e,bdh,propagate,30000,16,strong,"{""dim"": 1, ""distance"": 12, ""length"": 48, ""n_sources"": 1}",3,True,False,0,0.0,0.0,0.0,0.0,"[0.0, 0.0, 0.0]",0.0,0.0,0.0,0.7744305516878764,10010880
5474de1f354e,bdh,propagate,30000,16,strong,"{""dim"": 1, ""distance"": 24, ""length"": 48, ""n_sources"": 1}",3,True,False,0,0.0,0.0,0.0,0.0,"[0.0, 0.0, 0.0]",0.0,0.0,0.0,0.6474999997615815,10010880
5474de1f354e,bdh,propagate,32500,16,strong,"{""dim"": 1, ""distance"": 12, ""length"": 48, ""n_sources"": 1}",3,True,False,0,0.0,0.0,0.0,0.0,"[0.0, 0.0, 0.0]",0.0,0.0,0.0,0.7664999961853027,10010880
5474de1f354e,bdh,propagate,32500,16,strong,"{""dim"": 1, ""distance"": 24, ""length"": 48, ""n_sources"": 1}",3,True,False,0,0.0,0.0,0.0,0.0,"[0.0, 0.0, 0.0]",0.0,0.0,0.0,0.6384166665474574,10010880
5474de1f354e,bdh,propagate,35000,16,strong,"{""dim"": 1, ""distance"": 12, ""length"": 48, ""n_sources"": 1}",3,True,False,0,0.0,0.0,0.0,0.0,"[0.0, 0.0, 0.0]",0.0,0.0,0.0,0.7662916625738144,10010880
5474de1f354e,bdh,propagate,35000,16,strong,"{""dim"": 1, ""distance"": 24, ""length"": 48, ""n_sources"": 1}",3,True,False,0,0.0,0.0,0.0,0.0,"[0.0, 0.0, 0.0]",0.0,0.0,0.0,0.637888889114062,10010880
5474de1f354e,bdh,propagate,37500,16,strong,"{""dim"": 1, ""distance"": 12, ""length"": 48, ""n_sources"": 1}",3,True,False,0,0.0,0.0,0.0,0.0,"[0.0, 0.0, 0.0]",0.0,0.0,0.0,0.7667222179969152,10010880
5474de1f354e,bdh,propagate,37500,16,strong,"{""dim"": 1, ""distance"": 24, ""length"": 48, ""n_sources"": 1}",3,True,False,0,0.0,0.0,0.0,0.0,"[0.0, 0.0, 0.0]",0.0,0.0,0.0,0.6384166670441628,10010880
5474de1f354e,bdh,propagate,40000,16,strong,"{""dim"": 1, ""distance"": 12, ""length"": 48, ""n_sources"": 1}",3,True,False,0,0.0,0.0,0.0,0.0,"[0.0, 0.0, 0.0]",0.0,0.0,0.0,0.7658333288033803,10010880
5474de1f354e,bdh,propagate,40000,16,strong,"{""dim"": 1, ""distance"": 24, ""length"": 48, ""n_sources"": 1}",3,True,False,0,0.0,0.0,0.0,0.0,"[0.0, 0.0, 0.0]",0.0,0.0,0.0,0.6361388892134031,10010880
5474de1f354e,bdh,propagate,40000,32,strong,"{""dim"": 1, ""distance"": 12, ""length"": 48, ""n_sources"": 1}",3,True,False,0,0.0,0.0,0.0,0.0,"[0.0, 0.0, 0.0]",0.0,0.0,0.0,0.7658333288033803,10010880
5474de1f354e,bdh,propagate,40000,32,strong,"{""dim"": 1, ""distance"": 24, ""length"": 48, ""n_sources"": 1}",3,True,False,0,0.0,0.0,0.0,0.0,"[0.0, 0.0, 0.0]",0.0,0.0,0.0,0.6361388892134031,10010880
3d6407474980,bdh_cq,propagate,2500,1,interp,"{""dim"": 1, ""distance"": 1, ""length"": 12, ""n_sources"": 1}",1,True,True,0,0.0,0.0,0.0,0.0,[0.0],0.0,0.0,0.0,0.8034825743134342,10010880
3d6407474980,bdh_cq,propagate,2500,1,interp,"{""dim"": 1, ""distance"": 2, ""length"": 12, ""n_sources"": 1}",1,True,True,0,0.0,0.0,0.0,0.0,[0.0],0.0,0.0,0.0,0.7972636703235,10010880
3d6407474980,bdh_cq,propagate,2500,1,interp,"{""dim"": 1, ""distance"": 4, ""length"": 12, ""n_sources"": 1}",1,True,True,0,0.0,0.0,0.0,0.0,[0.0],0.0,0.0,0.0,0.7992424106959141,10010880
3d6407474980,bdh_cq,propagate,5000,1,interp,"{""dim"": 1, ""distance"": 1, ""length"": 12, ""n_sources"": 1}",1,True,True,0,0.0,0.0,0.0,0.0,[0.0],0.0,0.0,0.0,0.8121890390097205,10010880
3d6407474980,bdh_cq,propagate,5000,1,interp,"{""dim"": 1, ""distance"": 2, ""length"": 12, ""n_sources"": 1}",1,True,True,0,0.0,0.0,0.0,0.0,[0.0],0.0,0.0,0.0,0.8171641639809111,10010880
3d6407474980,bdh_cq,propagate,5000,1,interp,"{""dim"": 1, ""distance"": 4, ""length"": 12, ""n_sources"": 1}",1,True,True,0,0.0,0.0,0.0,0.0,[0.0],0.0,0.0,0.0,0.8017676608128981,10010880
3d6407474980,bdh_cq,propagate,7500,1,interp,"{""dim"": 1, ""distance"": 1, ""length"": 12, ""n_sources"": 1}",1,True,True,0,0.0,0.0,0.0,0.0,[0.0],0.0,0.0,0.0,0.7935323261502963,10010880
3d6407474980,bdh_cq,propagate,7500,1,interp,"{""dim"": 1, ""distance"": 2, ""length"": 12, ""n_sources"": 1}",1,True,True,0,0.0,0.0,0.0,0.0,[0.0],0.0,0.0,0.0,0.8233830679708453,10010880
3d6407474980,bdh_cq,propagate,7500,1,interp,"{""dim"": 1, ""distance"": 4, ""length"": 12, ""n_sources"": 1}",1,True,True,0,0.0,0.0,0.0,0.0,[0.0],0.0,0.0,0.0,0.8042929154453855,10010880
3d6407474980,bdh_cq,propagate,8000,1,interp,"{""dim"": 1, ""distance"": 1, ""length"": 12, ""n_sources"": 1}",1,True,True,0,0.0,0.0,0.0,0.0,[0.0],0.0,0.0,0.0,0.7935323243710533,10010880
3d6407474980,bdh_cq,propagate,8000,1,interp,"{""dim"": 1, ""distance"": 2, ""length"": 12, ""n_sources"": 1}",1,True,True,0,0.0,0.0,0.0,0.0,[0.0],0.0,0.0,0.0,0.8221392871728584,10010880
3d6407474980,bdh_cq,propagate,8000,1,interp,"{""dim"": 1, ""distance"": 4, ""length"": 12, ""n_sources"": 1}",1,True,True,0,0.0,0.0,0.0,0.0,[0.0],0.0,0.0,0.0,0.8068181682716716,10010880
79d948f95c7e,bdh_cq,propagate,2500,1,interp,"{""dim"": 1, ""distance"": 1, ""length"": 12, ""n_sources"": 1}",3,True,False,0,0.0,0.0,0.0,0.0,"[0.0, 0.0, 0.0]",0.0,0.0,0.0,0.7934131633021875,10010888
79d948f95c7e,bdh_cq,propagate,2500,1,interp,"{""dim"": 1, ""distance"": 2, ""length"": 12, ""n_sources"": 1}",3,True,False,0,0.0,0.0,0.0,0.0,"[0.0, 0.0, 0.0]",0.0,0.0,0.0,0.7892058628338116,10010888
79d948f95c7e,bdh_cq,propagate,2500,1,interp,"{""dim"": 1, ""distance"": 4, ""length"": 12, ""n_sources"": 1}",3,True,False,0,0.0,0.0,0.0,0.0,"[0.0, 0.0, 0.0]",0.0,0.0,0.0,0.7858691915974125,10010888
79d948f95c7e,bdh_cq,propagate,5000,1,interp,"{""dim"": 1, ""distance"": 1, ""length"": 12, ""n_sources"": 1}",3,True,False,0,0.0009980039920159682,0.0014113907808114721,0.0,0.0029940119760479044,"[0.0, 0.0029940119760479044, 0.0]",0.0,0.002994011976047905,0.0009980039920159682,0.7898369811311691,10010888
79d948f95c7e,bdh_cq,propagate,5000,1,interp,"{""dim"": 1, ""distance"": 2, ""length"": 12, ""n_sources"": 1}",3,True,False,0,0.0,0.0,0.0,0.0,"[0.0, 0.0, 0.0]",0.0,0.0,0.0,0.7943777004639069,10010888
79d948f95c7e,bdh_cq,propagate,5000,1,interp,"{""dim"": 1, ""distance"": 4, ""length"": 12, ""n_sources"": 1}",3,True,False,0,0.001001001001001001,0.0014156291915646596,0.0,0.003003003003003003,"[0.003003003003003003, 0.0, 0.0]",0.0,0.003003003003003003,0.001001001001001001,0.798882203536468,10010888
79d948f95c7e,bdh_cq,propagate,7500,1,interp,"{""dim"": 1, ""distance"": 1, ""length"": 12, ""n_sources"": 1}",3,True,False,0,0.017964071856287425,0.0024446005416997782,0.014970059880239521,0.020958083832335328,"[0.020958083832335328, 0.017964071856287425, 0.014970059880239521]",0.014970059880239521,0.020958083832335328,0.017964071856287425,0.8102128996612308,10010888
79d948f95c7e,bdh_cq,propagate,7500,1,interp,"{""dim"": 1, ""distance"": 2, ""length"": 12, ""n_sources"": 1}",3,True,False,0,0.014014014014014016,0.006170584587556534,0.006006006006006006,0.021021021021021023,"[0.021021021021021023, 0.006006006006006006, 0.015015015015015015]",0.006006006006006006,0.021021021021021023,0.014014014014014016,0.8220720648228586,10010888
79d948f95c7e,bdh_cq,propagate,7500,1,interp,"{""dim"": 1, ""distance"": 4, ""length"": 12, ""n_sources"": 1}",3,True,False,0,0.006006006006006006,0.0024519416844676458,0.003003003003003003,0.009009009009009009,"[0.003003003003003003, 0.009009009009009009, 0.006006006006006006]",0.003003003003003003,0.009009009009009009,0.006006006006006006,0.8136469731042096,10010888
79d948f95c7e,bdh_cq,propagate,10000,1,interp,"{""dim"": 1, ""distance"": 1, ""length"": 12, ""n_sources"": 1}",3,True,False,0,0.0748502994011976,0.027221919554861987,0.04491017964071856,0.11077844311377245,"[0.11077844311377245, 0.04491017964071856, 0.0688622754491018]",0.04491017964071856,0.11077844311377245,0.0748502994011976,0.8558715901926844,10010888
79d948f95c7e,bdh_cq,propagate,10000,1,interp,"{""dim"": 1, ""distance"": 2, ""length"": 12, ""n_sources"": 1}",3,True,False,0,0.07907907907907907,0.03993981450102103,0.04504504504504504,0.13513513513513514,"[0.13513513513513514, 0.057057057057057055, 0.04504504504504504]",0.04504504504504505,0.13513513513513514,0.07907907907907907,0.8594427739118075,10010888
79d948f95c7e,bdh_cq,propagate,10000,1,interp,"{""dim"": 1, ""distance"": 4, ""length"": 12, ""n_sources"": 1}",3,True,False,0,0.03003003003003003,0.012740662724081937,0.021021021021021023,0.04804804804804805,"[0.04804804804804805, 0.021021021021021023, 0.021021021021021023]",0.021021021021021023,0.04804804804804805,0.03003003003003003,0.8388388372577347,10010888
79d948f95c7e,bdh_cq,propagate,12500,1,interp,"{""dim"": 1, ""distance"": 1, ""length"": 12, ""n_sources"": 1}",3,True,False,0,0.280439121756487,0.0562435241660893,0.2125748502994012,0.3502994011976048,"[0.2125748502994012, 0.3502994011976048, 0.27844311377245506]",0.21257485029940124,0.3502994011976048,0.280439121756487,0.9093479744926422,10010888
79d948f95c7e,bdh_cq,propagate,12500,1,interp,"{""dim"": 1, ""distance"": 2, ""length"": 12, ""n_sources"": 1}",3,True,False,0,0.21521521521521522,0.03328986816479658,0.17717717717717718,0.25825825825825827,"[0.17717717717717718, 0.25825825825825827, 0.21021021021021022]",0.17717717717717718,0.25825825825825827,0.21521521521521522,0.9042375755978299,10010888
79d948f95c7e,bdh_cq,propagate,12500,1,interp,"{""dim"": 1, ""distance"": 4, ""length"": 12, ""n_sources"": 1}",3,True,False,0,0.1751751751751752,0.03152755905510235,0.14714714714714713,0.21921921921921922,"[0.15915915915915915, 0.21921921921921922, 0.14714714714714713]",0.14714714714714713,0.2192192192192192,0.1751751751751752,0.899566236916963,10010888
79d948f95c7e,bdh_cq,propagate,15000,1,interp,"{""dim"": 1, ""distance"": 1, ""length"": 12, ""n_sources"": 1}",3,True,False,0,0.7345309381237525,0.12086153864591692,0.6317365269461078,0.9041916167664671,"[0.6317365269461078, 0.9041916167664671, 0.6676646706586826]",0.6317365269461078,0.9041916167664671,0.7345309381237525,0.9719727244562731,10010888
79d948f95c7e,bdh_cq,propagate,15000,1,interp,"{""dim"": 1, ""distance"": 2, ""length"": 12, ""n_sources"": 1}",3,True,False,0,0.6216216216216216,0.14290845051161263,0.5045045045045045,0.8228228228228228,"[0.5375375375375375, 0.8228228228228228, 0.5045045045045045]",0.5045045045045045,0.8228228228228228,0.6216216216216216,0.9616282998143254,10010888
79d948f95c7e,bdh_cq,propagate,15000,1,interp,"{""dim"": 1, ""distance"": 4, ""length"": 12, ""n_sources"": 1}",3,True,False,0,0.6876876876876876,0.2151011174144271,0.3993993993993994,0.9159159159159159,"[0.7477477477477478, 0.9159159159159159, 0.3993993993993994]",0.3993993993993994,0.9159159159159159,0.6876876876876876,0.9692192234553851,10010888
79d948f95c7e,bdh_cq,propagate,17500,1,interp,"{""dim"": 1, ""distance"": 1, ""length"": 12, ""n_sources"": 1}",3,True,False,0,0.9221556886227544,0.00646780508823138,0.9161676646706587,0.9311377245508982,"[0.9191616766467066, 0.9311377245508982, 0.9161676646706587]",0.9161676646706587,0.9311377245508982,0.9221556886227544,0.9925981382885855,10010888
79d948f95c7e,bdh_cq,propagate,17500,1,interp,"{""dim"": 1, ""distance"": 2, ""length"": 12, ""n_sources"": 1}",3,True,False,0,0.9209209209209209,0.002831258383129308,0.918918918918919,0.924924924924925,"[0.918918918918919, 0.924924924924925, 0.918918918918919]",0.918918918918919,0.924924924924925,0.9209209209209209,0.9928261609048814,10010888
79d948f95c7e,bdh_cq,propagate,17500,1,interp,"{""dim"": 1, ""distance"": 4, ""length"": 12, ""n_sources"": 1}",3,True,False,0,0.950950950950951,0.018403179490340614,0.9279279279279279,0.972972972972973,"[0.9519519519519519, 0.972972972972973, 0.9279279279279279]",0.9279279279279279,0.9729729729729731,0.950950950950951,0.99582916343057,10010888
79d948f95c7e,bdh_cq,propagate,20000,1,interp,"{""dim"": 1, ""distance"": 1, ""length"": 12, ""n_sources"": 1}",3,True,False,0,0.9550898203592815,0.006467805088231432,0.9491017964071856,0.9640718562874252,"[0.9640718562874252, 0.9520958083832335, 0.9491017964071856]",0.9491017964071856,0.9640718562874252,0.9550898203592815,0.9960911518442418,10010888
79d948f95c7e,bdh_cq,propagate,20000,1,interp,"{""dim"": 1, ""distance"": 2, ""length"": 12, ""n_sources"": 1}",3,True,False,0,0.9589589589589589,0.012341169175113107,0.9429429429429429,0.972972972972973,"[0.972972972972973, 0.960960960960961, 0.9429429429429429]",0.9429429429429429,0.9729729729729731,0.9589589589589589,0.9961628301723584,10010888
79d948f95c7e,bdh_cq,propagate,20000,1,interp,"{""dim"": 1, ""distance"": 4, ""length"": 12, ""n_sources"": 1}",3,True,False,0,0.978978978978979,0.01068776601804936,0.963963963963964,0.987987987987988,"[0.987987987987988, 0.984984984984985, 0.963963963963964]",0.963963963963964,0.9879879879879881,0.978978978978979,0.9981648318760388,10010888
79d948f95c7e,bdh_cq,propagate,22500,1,interp,"{""dim"": 1, ""distance"": 1, ""length"": 12, ""n_sources"": 1}",3,True,False,0,0.9650698602794412,0.011552731439910419,0.9491017964071856,0.9760479041916168,"[0.9491017964071856, 0.9700598802395209, 0.9760479041916168]",0.9491017964071856,0.9760479041916167,0.9650698602794412,0.9969228216393028,10010888
79d948f95c7e,bdh_cq,propagate,22500,1,interp,"{""dim"": 1, ""distance"": 2, ""length"": 12, ""n_sources"": 1}",3,True,False,0,0.984984984984985,0.008493775149387924,0.972972972972973,0.990990990990991,"[0.990990990990991, 0.990990990990991, 0.972972972972973]",0.9729729729729731,0.990990990990991,0.984984984984985,0.9984984987371558,10010888
79d948f95c7e,bdh_cq,propagate,22500,1,interp,"{""dim"": 1, ""distance"": 4, ""length"": 12, ""n_sources"": 1}",3,True,False,0,0.98998998998999,0.0074908055791270195,0.9819819819819819,1.0,"[0.987987987987988, 1.0, 0.9819819819819819]",0.9819819819819818,1.0,0.98998998998999,0.9991658326980469,10010888
79d948f95c7e,bdh_cq,propagate,25000,1,interp,"{""dim"": 1, ""distance"": 1, ""length"": 12, ""n_sources"": 1}",3,True,False,0,0.9800399201596806,0.0050888418299329516,0.9730538922155688,0.9850299401197605,"[0.9820359281437125, 0.9850299401197605, 0.9730538922155688]",0.9730538922155688,0.9850299401197605,0.9800399201596806,0.998336660409878,10010888
79d948f95c7e,bdh_cq,propagate,25000,1,interp,"{""dim"": 1, ""distance"": 2, ""length"": 12, ""n_sources"": 1}",3,True,False,0,0.990990990990991,0.0,0.990990990990991,0.990990990990991,"[0.990990990990991, 0.990990990990991, 0.990990990990991]",0.990990990990991,0.990990990990991,0.990990990990991,0.9989989991183276,10010888
79d948f95c7e,bdh_cq,propagate,25000,1,interp,"{""dim"": 1, ""distance"": 4, ""length"": 12, ""n_sources"": 1}",3,True,False,0,0.9969969969969968,0.002451941684467636,0.993993993993994,1.0,"[0.993993993993994, 1.0, 0.996996996996997]",0.993993993993994,1.0,0.9969969969969968,0.9997497498094141,10010888
79d948f95c7e,bdh_cq,propagate,27500,1,interp,"{""dim"": 1, ""distance"": 1, ""length"": 12, ""n_sources"": 1}",3,True,False,0,0.9880239520958084,0.004234172342434423,0.9820359281437125,0.9910179640718563,"[0.9820359281437125, 0.9910179640718563, 0.9910179640718563]",0.9820359281437124,0.9910179640718563,0.9880239520958084,0.9990019962459268,10010888
79d948f95c7e,bdh_cq,propagate,27500,1,interp,"{""dim"": 1, ""distance"": 2, ""length"": 12, ""n_sources"": 1}",3,True,False,0,0.980980980980981,0.0037454027895635097,0.975975975975976,0.984984984984985,"[0.984984984984985, 0.9819819819819819, 0.975975975975976]",0.975975975975976,0.984984984984985,0.980980980980981,0.998415082126289,10010888
79d948f95c7e,bdh_cq,propagate,27500,1,interp,"{""dim"": 1, ""distance"": 4, ""length"": 12, ""n_sources"": 1}",3,True,False,0,0.9979979979979979,0.0014156291915646802,0.996996996996997,1.0,"[0.996996996996997, 1.0, 0.996996996996997]",0.9969969969969968,1.0,0.9979979979979979,0.9998331665396094,10010888
79d948f95c7e,bdh_cq,propagate,30000,1,interp,"{""dim"": 1, ""distance"": 1, ""length"": 12, ""n_sources"": 1}",3,True,False,0,0.9910179640718563,0.0,0.9910179640718563,0.9910179640718563,"[0.9910179640718563, 0.9910179640718563, 0.9910179640718563]",0.9910179640718563,0.9910179640718563,0.9910179640718563,0.9992514971844452,10010888
79d948f95c7e,bdh_cq,propagate,30000,1,interp,"{""dim"": 1, ""distance"": 2, ""length"": 12, ""n_sources"": 1}",3,True,False,0,0.9929929929929929,0.002831258383129308,0.990990990990991,0.996996996996997,"[0.990990990990991, 0.996996996996997, 0.990990990990991]",0.990990990990991,0.9969969969969968,0.9929929929929929,0.9994160828886329,10010888
79d948f95c7e,bdh_cq,propagate,30000,1,interp,"{""dim"": 1, ""distance"": 4, ""length"": 12, ""n_sources"": 1}",3,True,False,0,0.9969969969969971,0.002451941684467636,0.993993993993994,1.0,"[0.996996996996997, 1.0, 0.993993993993994]",0.993993993993994,1.0,0.9969969969969971,0.9997497498094141,10010888
79d948f95c7e,bdh_cq,propagate,32500,1,interp,"{""dim"": 1, ""distance"": 1, ""length"": 12, ""n_sources"": 1}",3,True,False,0,0.9950099800399202,0.0014113907808115094,0.9940119760479041,0.9970059880239521,"[0.9970059880239521, 0.9940119760479041, 0.9940119760479041]",0.9940119760479041,0.9970059880239521,0.9950099800399202,0.9995841651024695,10010888
79d948f95c7e,bdh_cq,propagate,32500,1,interp,"{""dim"": 1, ""distance"": 2, ""length"": 12, ""n_sources"": 1}",3,True,False,0,0.995995995995996,0.0014156291915646277,0.993993993993994,0.996996996996997,"[0.996996996996997, 0.996996996996997, 0.993993993993994]",0.993993993993994,0.9969969969969968,0.995995995995996,0.9996663330792188,10010888
79d948f95c7e,bdh_cq,propagate,32500,1,interp,"{""dim"": 1, ""distance"": 4, ""length"": 12, ""n_sources"": 1}",3,True,False,0,1.0,0.0,1.0,1.0,"[1.0, 1.0, 1.0]",1.0,1.0,1.0,1.0,10010888
79d948f95c7e,bdh_cq,propagate,35000,1,interp,"{""dim"": 1, ""distance"": 1, ""length"": 12, ""n_sources"": 1}",3,True,False,0,0.9980039920159681,0.0014113907808114572,0.9970059880239521,1.0,"[1.0, 0.9970059880239521, 0.9970059880239521]",0.9970059880239521,1.0,0.9980039920159681,0.9998336660409878,10010888
79d948f95c7e,bdh_cq,propagate,35000,1,interp,"{""dim"": 1, ""distance"": 2, ""length"": 12, ""n_sources"": 1}",3,True,False,0,0.9979979979979979,0.0014156291915646802,0.996996996996997,1.0,"[0.996996996996997, 1.0, 0.996996996996997]",0.9969969969969968,1.0,0.9979979979979979,0.9998331665396094,10010888
79d948f95c7e,bdh_cq,propagate,35000,1,interp,"{""dim"": 1, ""distance"": 4, ""length"": 12, ""n_sources"": 1}",3,True,False,0,1.0,0.0,1.0,1.0,"[1.0, 1.0, 1.0]",1.0,1.0,1.0,1.0,10010888
79d948f95c7e,bdh_cq,propagate,37500,1,interp,"{""dim"": 1, ""distance"": 1, ""length"": 12, ""n_sources"": 1}",3,True,False,0,0.9960079840319361,0.0014113907808115094,0.9940119760479041,0.9970059880239521,"[0.9970059880239521, 0.9940119760479041, 0.9970059880239521]",0.9940119760479041,0.9970059880239521,0.9960079840319361,0.9996673320819757,10010888
79d948f95c7e,bdh_cq,propagate,37500,1,interp,"{""dim"": 1, ""distance"": 2, ""length"": 12, ""n_sources"": 1}",3,True,False,0,0.998998998998999,0.0014156291915646802,0.996996996996997,1.0,"[1.0, 1.0, 0.996996996996997]",0.9969969969969968,1.0,0.998998998998999,0.9999165832698047,10010888
79d948f95c7e,bdh_cq,propagate,37500,1,interp,"{""dim"": 1, ""distance"": 4, ""length"": 12, ""n_sources"": 1}",3,True,False,0,1.0,0.0,1.0,1.0,"[1.0, 1.0, 1.0]",1.0,1.0,1.0,1.0,10010888
79d948f95c7e,bdh_cq,propagate,40000,1,interp,"{""dim"": 1, ""distance"": 1, ""length"": 12, ""n_sources"": 1}",3,True,False,0,0.9970059880239521,0.0024446005416997978,0.9940119760479041,1.0,"[1.0, 0.9940119760479041, 0.9970059880239521]",0.9940119760479041,1.0,0.9970059880239521,0.9997504990614816,10010888
79d948f95c7e,bdh_cq,propagate,40000,1,interp,"{""dim"": 1, ""distance"": 2, ""length"": 12, ""n_sources"": 1}",3,True,False,0,0.998998998998999,0.0014156291915646802,0.996996996996997,1.0,"[1.0, 1.0, 0.996996996996997]",0.9969969969969968,1.0,0.998998998998999,0.9999165832698047,10010888
79d948f95c7e,bdh_cq,propagate,40000,1,interp,"{""dim"": 1, ""distance"": 4, ""length"": 12, ""n_sources"": 1}",3,True,False,0,1.0,0.0,1.0,1.0,"[1.0, 1.0, 1.0]",1.0,1.0,1.0,1.0,10010888
9b4bca1a63ee,bdh_cq,propagate,2500,1,interp,"{""dim"": 1, ""distance"": 1, ""length"": 12, ""n_sources"": 1}",3,True,False,0,0.0,0.0,0.0,0.0,"[0.0, 0.0, 0.0]",0.0,0.0,0.0,0.8010645251193208,10012145
9b4bca1a63ee,bdh_cq,propagate,2500,1,interp,"{""dim"": 1, ""distance"": 2, ""length"": 12, ""n_sources"": 1}",3,True,False,0,0.0,0.0,0.0,0.0,"[0.0, 0.0, 0.0]",0.0,0.0,0.0,0.7906239471278034,10012145
9b4bca1a63ee,bdh_cq,propagate,2500,1,interp,"{""dim"": 1, ""distance"": 4, ""length"": 12, ""n_sources"": 1}",3,True,False,0,0.0,0.0,0.0,0.0,"[0.0, 0.0, 0.0]",0.0,0.0,0.0,0.7826159375685232,10012145
9b4bca1a63ee,bdh_cq,propagate,5000,1,interp,"{""dim"": 1, ""distance"": 1, ""length"": 12, ""n_sources"": 1}",3,True,False,0,0.0,0.0,0.0,0.0,"[0.0, 0.0, 0.0]",0.0,0.0,0.0,0.7804391098147381,10012145
9b4bca1a63ee,bdh_cq,propagate,5000,1,interp,"{""dim"": 1, ""distance"": 2, ""length"": 12, ""n_sources"": 1}",3,True,False,0,0.0,0.0,0.0,0.0,"[0.0, 0.0, 0.0]",0.0,0.0,0.0,0.7878711945689596,10012145
9b4bca1a63ee,bdh_cq,propagate,5000,1,interp,"{""dim"": 1, ""distance"": 4, ""length"": 12, ""n_sources"": 1}",3,True,False,0,0.0,0.0,0.0,0.0,"[0.0, 0.0, 0.0]",0.0,0.0,0.0,0.7831998555897712,10012145
9b4bca1a63ee,bdh_cq,propagate,7500,1,interp,"{""dim"": 1, ""distance"": 1, ""length"": 12, ""n_sources"": 1}",3,True,False,0,0.021956087824351295,0.015716582582857904,0.0,0.03592814371257485,"[0.03592814371257485, 0.0, 0.029940119760479042]",0.0,0.03592814371257485,0.021956087824351295,0.8314204868412541,10012145
9b4bca1a63ee,bdh_cq,propagate,7500,1,interp,"{""dim"": 1, ""distance"": 2, ""length"": 12, ""n_sources"": 1}",3,True,False,0,0.04504504504504505,0.024148824988618256,0.012012012012012012,0.06906906906906907,"[0.05405405405405406, 0.012012012012012012, 0.06906906906906907]",0.012012012012012012,0.06906906906906907,0.04504504504504505,0.8495161785437418,10012145
9b4bca1a63ee,bdh_cq,propagate,7500,1,interp,"{""dim"": 1, ""distance"": 4, ""length"": 12, ""n_sources"": 1}",3,True,False,0,0.007007007007007006,0.0037454027895635045,0.003003003003003003,0.012012012012012012,"[0.006006006006006006, 0.003003003003003003, 0.012012012012012012]",0.003003003003003003,0.012012012012012012,0.007007007007007006,0.8249916492460726,10012145
9b4bca1a63ee,bdh_cq,propagate,10000,1,interp,"{""dim"": 1, ""distance"": 1, ""length"": 12, ""n_sources"": 1}",3,True,False,0,0.5978043912175649,0.10826388520814863,0.44610778443113774,0.6916167664670658,"[0.6916167664670658, 0.44610778443113774, 0.655688622754491]",0.4461077844311377,0.6916167664670659,0.5978043912175649,0.9603293467900472,10012145
9b4bca1a63ee,bdh_cq,propagate,10000,1,interp,"{""dim"": 1, ""distance"": 2, ""length"": 12, ""n_sources"": 1}",3,True,False,0,0.6236236236236237,0.09738047252865113,0.4894894894894895,0.7177177177177178,"[0.6636636636636637, 0.4894894894894895, 0.7177177177177178]",0.4894894894894895,0.7177177177177178,0.6236236236236237,0.9642976365528546,10012145
9b4bca1a63ee,bdh_cq,propagate,10000,1,interp,"{""dim"": 1, ""distance"": 4, ""length"": 12, ""n_sources"": 1}",3,True,False,0,0.6416416416416416,0.05646568478947128,0.5705705705705706,0.7087087087087087,"[0.6456456456456456, 0.5705705705705706, 0.7087087087087087]",0.5705705705705706,0.7087087087087087,0.6416416416416416,0.9662996384951922,10012145
9b4bca1a63ee,bdh_cq,propagate,12500,1,interp,"{""dim"": 1, ""distance"": 1, ""length"": 12, ""n_sources"": 1}",3,True,False,0,0.8722554890219559,0.014936756035025743,0.8562874251497006,0.8922155688622755,"[0.8682634730538922, 0.8562874251497006, 0.8922155688622755]",0.8562874251497007,0.8922155688622754,0.8722554890219559,0.9881071210978275,10012145
9b4bca1a63ee,bdh_cq,propagate,12500,1,interp,"{""dim"": 1, ""distance"": 2, ""length"": 12, ""n_sources"": 1}",3,True,False,0,0.8998998998998999,0.01595333078129052,0.8798798798798799,0.918918918918919,"[0.8798798798798799, 0.9009009009009009, 0.918918918918919]",0.8798798798798799,0.918918918918919,0.8998998998998999,0.9911578262413109,10012145
9b4bca1a63ee,bdh_cq,propagate,12500,1,interp,"{""dim"": 1, ""distance"": 4, ""length"": 12, ""n_sources"": 1}",3,True,False,0,0.906906906906907,0.04897749678768796,0.8378378378378378,0.9459459459459459,"[0.8378378378378378, 0.9369369369369369, 0.9459459459459459]",0.8378378378378378,0.9459459459459459,0.906906906906907,0.9920754105121166,10012145
9b4bca1a63ee,bdh_cq,propagate,15000,1,interp,"{""dim"": 1, ""distance"": 1, ""length"": 12, ""n_sources"": 1}",3,True,False,0,0.9231536926147704,0.03898607781362199,0.8832335329341318,0.9760479041916168,"[0.9101796407185628, 0.8832335329341318, 0.9760479041916168]",0.8832335329341318,0.9760479041916167,0.9231536926147704,0.9928476392865894,10012145
9b4bca1a63ee,bdh_cq,propagate,15000,1,interp,"{""dim"": 1, ""distance"": 2, ""length"": 12, ""n_sources"": 1}",3,True,False,0,0.9579579579579581,0.030624741823380104,0.9159159159159159,0.987987987987988,"[0.9159159159159159, 0.96996996996997, 0.987987987987988]",0.9159159159159159,0.9879879879879881,0.9579579579579581,0.9964964973317968,10012145
9b4bca1a63ee,bdh_cq,propagate,15000,1,interp,"{""dim"": 1, ""distance"": 4, ""length"": 12, ""n_sources"": 1}",3,True,False,0,0.955955955955956,0.03894910201870613,0.9009009009009009,0.984984984984985,"[0.9009009009009009, 0.984984984984985, 0.9819819819819819]",0.9009009009009009,0.984984984984985,0.955955955955956,0.9963296638714062,10012145
9b4bca1a63ee,bdh_cq,propagate,17500,1,interp,"{""dim"": 1, ""distance"": 1, ""length"": 12, ""n_sources"": 1}",3,True,False,0,0.9610778443113772,0.00646780508823138,0.9550898203592815,0.9700598802395209,"[0.9700598802395209, 0.9550898203592815, 0.9580838323353293]",0.9550898203592815,0.9700598802395209,0.9610778443113772,0.9964238197622661,10012145
9b4bca1a63ee,bdh_cq,propagate,17500,1,interp,"{""dim"": 1, ""distance"": 2, ""length"": 12, ""n_sources"": 1}",3,True,False,0,0.974974974974975,0.016325832262562682,0.9519519519519519,0.987987987987988,"[0.987987987987988, 0.9519519519519519, 0.984984984984985]",0.9519519519519518,0.9879879879879881,0.974974974974975,0.9977477482250622,10012145
9b4bca1a63ee,bdh_cq,propagate,17500,1,interp,"{""dim"": 1, ""distance"": 4, ""length"": 12, ""n_sources"": 1}",3,True,False,0,0.993993993993994,0.004903883368935272,0.987987987987988,1.0,"[0.993993993993994, 0.987987987987988, 1.0]",0.9879879879879881,1.0,0.993993993993994,0.9992492493089135,10012145
9b4bca1a63ee,bdh_cq,propagate,20000,1,interp,"{""dim"": 1, ""distance"": 1, ""length"": 12, ""n_sources"": 1}",3,True,False,0,0.9750499001996008,0.012544715658659222,0.9580838323353293,0.9880239520958084,"[0.9790419161676647, 0.9580838323353293, 0.9880239520958084]",0.9580838323353293,0.9880239520958084,0.9750499001996008,0.9977544914343638,10012145
9b4bca1a63ee,bdh_cq,propagate,20000,1,interp,"{""dim"": 1, ""distance"": 2, ""length"": 12, ""n_sources"": 1}",3,True,False,0,0.9829829829829829,0.005104123637230038,0.975975975975976,0.987987987987988,"[0.987987987987988, 0.975975975975976, 0.984984984984985]",0.975975975975976,0.9879879879879881,0.9829829829829829,0.9984984987968201,10012145
9b4bca1a63ee,bdh_cq,propagate,20000,1,interp,"{""dim"": 1, ""distance"": 4, ""length"": 12, ""n_sources"": 1}",3,True,False,0,0.990990990990991,0.008493775149387924,0.978978978978979,0.996996996996997,"[0.978978978978979, 0.996996996996997, 0.996996996996997]",0.978978978978979,0.9969969969969968,0.990990990990991,0.9992492494282422,10012145
9b4bca1a63ee,bdh_cq,propagate,22500,1,interp,"{""dim"": 1, ""distance"": 1, ""length"": 12, ""n_sources"": 1}",3,True,False,0,0.9740518962075848,0.016276952525249605,0.9520958083832335,0.9910179640718563,"[0.9910179640718563, 0.9520958083832335, 0.9790419161676647]",0.9520958083832335,0.9910179640718563,0.9740518962075848,0.9977544914938495,10012145
9b4bca1a63ee,bdh_cq,propagate,22500,1,interp,"{""dim"": 1, ""distance"": 2, ""length"": 12, ""n_sources"": 1}",3,True,False,0,0.983983983983984,0.009909404340952605,0.96996996996997,0.990990990990991,"[0.990990990990991, 0.990990990990991, 0.96996996996997]",0.96996996996997,0.990990990990991,0.983983983983984,0.9985819155270154,10012145
9b4bca1a63ee,bdh_cq,propagate,22500,1,interp,"{""dim"": 1, ""distance"": 4, ""length"": 12, ""n_sources"": 1}",3,True,False,0,0.9919919919919918,0.0070781459578232965,0.9819819819819819,0.996996996996997,"[0.996996996996997, 0.996996996996997, 0.9819819819819819]",0.9819819819819818,0.9969969969969968,0.9919919919919918,0.9993326661584375,10012145
9b4bca1a63ee,bdh_cq,propagate,25000,1,interp,"{""dim"": 1, ""distance"": 1, ""length"": 12, ""n_sources"": 1}",3,True,False,0,0.9820359281437127,0.019092940588531906,0.9550898203592815,0.9970059880239521,"[0.9940119760479041, 0.9550898203592815, 0.9970059880239521]",0.9550898203592815,0.9970059880239521,0.9820359281437127,0.9985029943688901,10012145
9b4bca1a63ee,bdh_cq,propagate,25000,1,interp,"{""dim"": 1, ""distance"": 2, ""length"": 12, ""n_sources"": 1}",3,True,False,0,0.990990990990991,0.004246887574693988,0.984984984984985,0.993993993993994,"[0.993993993993994, 0.984984984984985, 0.993993993993994]",0.984984984984985,0.993993993993994,0.990990990990991,0.9992492494282422,10012145
9b4bca1a63ee,bdh_cq,propagate,25000,1,interp,"{""dim"": 1, ""distance"": 4, ""length"": 12, ""n_sources"": 1}",3,True,False,0,0.9969969969969971,0.002451941684467636,0.993993993993994,1.0,"[0.996996996996997, 1.0, 0.993993993993994]",0.993993993993994,1.0,0.9969969969969971,0.9997497498094141,10012145
9b4bca1a63ee,bdh_cq,propagate,27500,1,interp,"{""dim"": 1, ""distance"": 1, ""length"": 12, ""n_sources"": 1}",3,True,False,0,0.9880239520958084,0.012702517027303269,0.9700598802395209,0.9970059880239521,"[0.9970059880239521, 0.9700598802395209, 0.9970059880239521]",0.9700598802395209,0.9970059880239521,0.9880239520958084,0.9990019962459268,10012145
9b4bca1a63ee,bdh_cq,propagate,27500,1,interp,"{""dim"": 1, ""distance"": 2, ""length"": 12, ""n_sources"": 1}",3,True,False,0,0.9919919919919921,0.0014156291915646802,0.990990990990991,0.993993993993994,"[0.990990990990991, 0.990990990990991, 0.993993993993994]",0.990990990990991,0.993993993993994,0.9919919919919921,0.9993326661584375,10012145
9b4bca1a63ee,bdh_cq,propagate,27500,1,interp,"{""dim"": 1, ""distance"": 4, ""length"": 12, ""n_sources"": 1}",3,True,False,0,0.998998998998999,0.0014156291915646802,0.996996996996997,1.0,"[1.0, 1.0, 0.996996996996997]",0.9969969969969968,1.0,0.998998998998999,0.9999165832698047,10012145
9b4bca1a63ee,bdh_cq,propagate,30000,1,interp,"{""dim"": 1, ""distance"": 1, ""length"": 12, ""n_sources"": 1}",3,True,False,0,0.9870259481037924,0.016276952525249574,0.9640718562874252,1.0,"[1.0, 0.9640718562874252, 0.9970059880239521]",0.9640718562874252,1.0,0.9870259481037924,0.9989188292664206,10012145
9b4bca1a63ee,bdh_cq,propagate,30000,1,interp,"{""dim"": 1, ""distance"": 2, ""length"": 12, ""n_sources"": 1}",3,True,False,0,0.998998998998999,0.0014156291915646802,0.996996996996997,1.0,"[1.0, 1.0, 0.996996996996997]",0.9969969969969968,1.0,0.998998998998999,0.9999165832698047,10012145
9b4bca1a63ee,bdh_cq,propagate,30000,1,interp,"{""dim"": 1, ""distance"": 4, ""length"": 12, ""n_sources"": 1}",3,True,False,0,0.9979979979979979,0.0014156291915646802,0.996996996996997,1.0,"[1.0, 0.996996996996997, 0.996996996996997]",0.9969969969969968,1.0,0.9979979979979979,0.9998331665396094,10012145
9b4bca1a63ee,bdh_cq,propagate,32500,1,interp,"{""dim"": 1, ""distance"": 1, ""length"": 12, ""n_sources"": 1}",3,True,False,0,0.9920159680638724,0.011291126246491761,0.9760479041916168,1.0,"[1.0, 0.9760479041916168, 1.0]",0.9760479041916167,1.0,0.9920159680638724,0.9993346641639511,10012145
9b4bca1a63ee,bdh_cq,propagate,32500,1,interp,"{""dim"": 1, ""distance"": 2, ""length"": 12, ""n_sources"": 1}",3,True,False,0,1.0,0.0,1.0,1.0,"[1.0, 1.0, 1.0]",1.0,1.0,1.0,1.0,10012145
9b4bca1a63ee,bdh_cq,propagate,32500,1,interp,"{""dim"": 1, ""distance"": 4, ""length"": 12, ""n_sources"": 1}",3,True,False,0,0.998998998998999,0.0014156291915646802,0.996996996996997,1.0,"[1.0, 0.996996996996997, 1.0]",0.9969969969969968,1.0,0.998998998998999,0.9999165832698047,10012145
9b4bca1a63ee,bdh_cq,propagate,35000,1,interp,"{""dim"": 1, ""distance"": 1, ""length"": 12, ""n_sources"": 1}",3,True,False,0,0.9950099800399202,0.005088841829932916,0.9880239520958084,1.0,"[1.0, 0.9880239520958084, 0.9970059880239521]",0.9880239520958084,1.0,0.9950099800399202,0.9995841651024695,10012145
9b4bca1a63ee,bdh_cq,propagate,35000,1,interp,"{""dim"": 1, ""distance"": 2, ""length"": 12, ""n_sources"": 1}",3,True,False,0,0.998998998998999,0.0014156291915646802,0.996996996996997,1.0,"[1.0, 1.0, 0.996996996996997]",0.9969969969969968,1.0,0.998998998998999,0.9999165832698047,10012145
9b4bca1a63ee,bdh_cq,propagate,35000,1,interp,"{""dim"": 1, ""distance"": 4, ""length"": 12, ""n_sources"": 1}",3,True,False,0,1.0,0.0,1.0,1.0,"[1.0, 1.0, 1.0]",1.0,1.0,1.0,1.0,10012145
9b4bca1a63ee,bdh_cq,propagate,37500,1,interp,"{""dim"": 1, ""distance"": 1, ""length"": 12, ""n_sources"": 1}",3,True,False,0,0.9950099800399202,0.005088841829932916,0.9880239520958084,1.0,"[1.0, 0.9880239520958084, 0.9970059880239521]",0.9880239520958084,1.0,0.9950099800399202,0.9995841651024695,10012145
9b4bca1a63ee,bdh_cq,propagate,37500,1,interp,"{""dim"": 1, ""distance"": 2, ""length"": 12, ""n_sources"": 1}",3,True,False,0,1.0,0.0,1.0,1.0,"[1.0, 1.0, 1.0]",1.0,1.0,1.0,1.0,10012145
9b4bca1a63ee,bdh_cq,propagate,37500,1,interp,"{""dim"": 1, ""distance"": 4, ""length"": 12, ""n_sources"": 1}",3,True,False,0,1.0,0.0,1.0,1.0,"[1.0, 1.0, 1.0]",1.0,1.0,1.0,1.0,10012145
9b4bca1a63ee,bdh_cq,propagate,40000,1,interp,"{""dim"": 1, ""distance"": 1, ""length"": 12, ""n_sources"": 1}",3,True,False,0,0.9960079840319361,0.0037341890087564385,0.9910179640718563,1.0,"[1.0, 0.9910179640718563, 0.9970059880239521]",0.9910179640718563,1.0,0.9960079840319361,0.9996673320819757,10012145
9b4bca1a63ee,bdh_cq,propagate,40000,1,interp,"{""dim"": 1, ""distance"": 2, ""length"": 12, ""n_sources"": 1}",3,True,False,0,1.0,0.0,1.0,1.0,"[1.0, 1.0, 1.0]",1.0,1.0,1.0,1.0,10012145
9b4bca1a63ee,bdh_cq,propagate,40000,1,interp,"{""dim"": 1, ""distance"": 4, ""length"": 12, ""n_sources"": 1}",3,True,False,0,1.0,0.0,1.0,1.0,"[1.0, 1.0, 1.0]",1.0,1.0,1.0,1.0,10012145
a976f5e26896,bdh_cq,propagate,2500,1,interp,"{""dim"": 1, ""distance"": 1, ""length"": 12, ""n_sources"": 1}",1,True,True,0,0.0,0.0,0.0,0.0,[0.0],0.0,0.0,0.0,0.8009950127174605,10012145
a976f5e26896,bdh_cq,propagate,2500,1,interp,"{""dim"": 1, ""distance"": 2, ""length"": 12, ""n_sources"": 1}",1,True,True,0,0.0,0.0,0.0,0.0,[0.0],0.0,0.0,0.0,0.7985074511214868,10012145
a976f5e26896,bdh_cq,propagate,2500,1,interp,"{""dim"": 1, ""distance"": 4, ""length"": 12, ""n_sources"": 1}",1,True,True,0,0.0,0.0,0.0,0.0,[0.0],0.0,0.0,0.0,0.8017676617159988,10012145
a976f5e26896,bdh_cq,propagate,5000,1,interp,"{""dim"": 1, ""distance"": 1, ""length"": 12, ""n_sources"": 1}",1,True,True,0,0.0,0.0,0.0,0.0,[0.0],0.0,0.0,0.0,0.8084576966157601,10012145
a976f5e26896,bdh_cq,propagate,5000,1,interp,"{""dim"": 1, ""distance"": 2, ""length"": 12, ""n_sources"": 1}",1,True,True,0,0.0,0.0,0.0,0.0,[0.0],0.0,0.0,0.0,0.8009950127174605,10012145
a976f5e26896,bdh_cq,propagate,5000,1,interp,"{""dim"": 1, ""distance"": 4, ""length"": 12, ""n_sources"": 1}",1,True,True,0,0.0,0.0,0.0,0.0,[0.0],0.0,0.0,0.0,0.8068181682716716,10012145
a976f5e26896,bdh_cq,propagate,7500,1,interp,"{""dim"": 1, ""distance"": 1, ""length"": 12, ""n_sources"": 1}",1,True,True,0,0.0,0.0,0.0,0.0,[0.0],0.0,0.0,0.0,0.8221392916209662,10012145
a976f5e26896,bdh_cq,propagate,7500,1,interp,"{""dim"": 1, ""distance"": 2, ""length"": 12, ""n_sources"": 1}",1,True,True,0,0.0,0.0,0.0,0.0,[0.0],0.0,0.0,0.0,0.8184079447788979,10012145
a976f5e26896,bdh_cq,propagate,7500,1,interp,"{""dim"": 1, ""distance"": 4, ""length"": 12, ""n_sources"": 1}",1,True,True,0,0.0,0.0,0.0,0.0,[0.0],0.0,0.0,0.0,0.8106060488657518,10012145
a976f5e26896,bdh_cq,propagate,8000,1,interp,"{""dim"": 1, ""distance"": 1, ""length"": 12, ""n_sources"": 1}",1,True,True,0,0.0,0.0,0.0,0.0,[0.0],0.0,0.0,0.0,0.8208955090437362,10012145
a976f5e26896,bdh_cq,propagate,8000,1,interp,"{""dim"": 1, ""distance"": 2, ""length"": 12, ""n_sources"": 1}",1,True,True,0,0.0,0.0,0.0,0.0,[0.0],0.0,0.0,0.0,0.8184079438892763,10012145
a976f5e26896,bdh_cq,propagate,8000,1,interp,"{""dim"": 1, ""distance"": 4, ""length"": 12, ""n_sources"": 1}",1,True,True,0,0.0,0.0,0.0,0.0,[0.0],0.0,0.0,0.0,0.8093434229041591,10012145
cb0b76097aaf,bdh_cq,propagate,2500,1,interp,"{""dim"": 1, ""distance"": 1, ""length"": 12, ""n_sources"": 1}",3,True,False,0,0.0,0.0,0.0,0.0,"[0.0, 0.0, 0.0]",0.0,0.0,0.0,0.8003160226606799,10010880
cb0b76097aaf,bdh_cq,propagate,2500,1,interp,"{""dim"": 1, ""distance"": 2, ""length"": 12, ""n_sources"": 1}",3,True,False,0,0.0,0.0,0.0,0.0,"[0.0, 0.0, 0.0]",0.0,0.0,0.0,0.7927927825305315,10010880
cb0b76097aaf,bdh_cq,propagate,2500,1,interp,"{""dim"": 1, ""distance"": 4, ""length"": 12, ""n_sources"": 1}",3,True,False,0,0.0,0.0,0.0,0.0,"[0.0, 0.0, 0.0]",0.0,0.0,0.0,0.7926259474293724,10010880
cb0b76097aaf,bdh_cq,propagate,5000,1,interp,"{""dim"": 1, ""distance"": 1, ""length"": 12, ""n_sources"": 1}",3,True,False,0,0.0019960079840319364,0.0028227815616229442,0.0,0.005988023952095809,"[0.0, 0.005988023952095809, 0.0]",0.0,0.00598802395209581,0.0019960079840319364,0.7931636613970269,10010880
cb0b76097aaf,bdh_cq,propagate,5000,1,interp,"{""dim"": 1, ""distance"": 2, ""length"": 12, ""n_sources"": 1}",3,True,False,0,0.001001001001001001,0.0014156291915646596,0.0,0.003003003003003003,"[0.0, 0.003003003003003003, 0.0]",0.0,0.003003003003003003,0.001001001001001001,0.7966299522686769,10010880
cb0b76097aaf,bdh_cq,propagate,5000,1,interp,"{""dim"": 1, ""distance"": 4, ""length"": 12, ""n_sources"": 1}",3,True,False,0,0.0,0.0,0.0,0.0,"[0.0, 0.0, 0.0]",0.0,0.0,0.0,0.799049036310719,10010880
cb0b76097aaf,bdh_cq,propagate,7500,1,interp,"{""dim"": 1, ""distance"": 1, ""length"": 12, ""n_sources"": 1}",3,True,False,0,0.006986027944111777,0.0037341890087564285,0.0029940119760479044,0.011976047904191617,"[0.005988023952095809, 0.0029940119760479044, 0.011976047904191617]",0.002994011976047905,0.01197604790419162,0.006986027944111777,0.8209414427984737,10010880
cb0b76097aaf,bdh_cq,propagate,7500,1,interp,"{""dim"": 1, ""distance"": 2, ""length"": 12, ""n_sources"": 1}",3,True,False,0,0.011011011011011011,0.007881889763775586,0.0,0.018018018018018018,"[0.0, 0.018018018018018018, 0.015015015015015015]",0.0,0.018018018018018018,0.011011011011011011,0.8234901484605427,10010880
cb0b76097aaf,bdh_cq,propagate,7500,1,interp,"{""dim"": 1, ""distance"": 4, ""length"": 12, ""n_sources"": 1}",3,True,False,0,0.002002002002002002,0.0014156291915646596,0.0,0.003003003003003003,"[0.003003003003003003, 0.003003003003003003, 0.0]",0.0,0.003003003003003003,0.002002002002002002,0.8112278848260015,10010880
cb0b76097aaf,bdh_cq,propagate,10000,1,interp,"{""dim"": 1, ""distance"": 1, ""length"": 12, ""n_sources"": 1}",3,True,False,0,0.06986027944111776,0.023490224143592458,0.038922155688622756,0.09580838323353294,"[0.038922155688622756, 0.0748502994011976, 0.09580838323353294]",0.038922155688622756,0.09580838323353295,0.06986027944111776,0.8602794402849652,10010880
cb0b76097aaf,bdh_cq,propagate,10000,1,interp,"{""dim"": 1, ""distance"": 2, ""length"": 12, ""n_sources"": 1}",3,True,False,0,0.06106106106106105,0.019666549253642144,0.036036036036036036,0.08408408408408409,"[0.036036036036036036, 0.06306306306306306, 0.08408408408408409]",0.036036036036036036,0.08408408408408409,0.06106106106106105,0.8657824472264126,10010880
cb0b76097aaf,bdh_cq,propagate,10000,1,interp,"{""dim"": 1, ""distance"": 4, ""length"": 12, ""n_sources"": 1}",3,True,False,0,0.020020020020020023,0.0014156291915646605,0.018018018018018018,0.021021021021021023,"[0.021021021021021023, 0.018018018018018018, 0.021021021021021023]",0.018018018018018018,0.021021021021021023,0.020020020020020023,0.8351684982354218,10010880
cb0b76097aaf,bdh_cq,propagate,12500,1,interp,"{""dim"": 1, ""distance"": 1, ""length"": 12, ""n_sources"": 1}",3,True,False,0,0.40618762475049897,0.2559758647452886,0.10479041916167664,0.7305389221556886,"[0.10479041916167664, 0.7305389221556886, 0.38323353293413176]",0.10479041916167664,0.7305389221556885,0.40618762475049897,0.9255655399577586,10010880
cb0b76097aaf,bdh_cq,propagate,12500,1,interp,"{""dim"": 1, ""distance"": 2, ""length"": 12, ""n_sources"": 1}",3,True,False,0,0.4094094094094094,0.27016273395443097,0.09009009009009009,0.7507507507507507,"[0.09009009009009009, 0.7507507507507507, 0.38738738738738737]",0.0900900900900901,0.7507507507507508,0.4094094094094094,0.930764102243685,10010880
cb0b76097aaf,bdh_cq,propagate,12500,1,interp,"{""dim"": 1, ""distance"": 4, ""length"": 12, ""n_sources"": 1}",3,True,False,0,0.3843843843843844,0.2942738649933573,0.05405405405405406,0.7687687687687688,"[0.05405405405405406, 0.7687687687687688, 0.3303303303303303]",0.05405405405405406,0.7687687687687688,0.3843843843843844,0.9269269310437642,10010880
cb0b76097aaf,bdh_cq,propagate,15000,1,interp,"{""dim"": 1, ""distance"": 1, ""length"": 12, ""n_sources"": 1}",3,True,False,0,0.7864271457085829,0.23656273679202336,0.45209580838323354,0.9640718562874252,"[0.45209580838323354, 0.9640718562874252, 0.9431137724550899]",0.45209580838323354,0.9640718562874252,0.7864271457085829,0.9762974076880191,10010880
cb0b76097aaf,bdh_cq,propagate,15000,1,interp,"{""dim"": 1, ""distance"": 2, ""length"": 12, ""n_sources"": 1}",3,True,False,0,0.8298298298298299,0.2048557780823808,0.5405405405405406,0.987987987987988,"[0.5405405405405406, 0.987987987987988, 0.960960960960961]",0.5405405405405406,0.9879879879879881,0.8298298298298299,0.9830664019804219,10010880
cb0b76097aaf,bdh_cq,propagate,15000,1,interp,"{""dim"": 1, ""distance"": 4, ""length"": 12, ""n_sources"": 1}",3,True,False,0,0.8258258258258259,0.22508504145878092,0.5075075075075075,0.984984984984985,"[0.5075075075075075, 0.984984984984985, 0.984984984984985]",0.5075075075075075,0.984984984984985,0.8258258258258259,0.9847347378372788,10010880
cb0b76097aaf,bdh_cq,propagate,17500,1,interp,"{""dim"": 1, ""distance"": 1, ""length"": 12, ""n_sources"": 1}",3,True,False,0,0.9550898203592815,0.01603031776867168,0.937125748502994,0.9760479041916168,"[0.937125748502994, 0.9760479041916168, 0.9520958083832335]",0.9371257485029941,0.9760479041916167,0.9550898203592815,0.9961743188832335,10010880
cb0b76097aaf,bdh_cq,propagate,17500,1,interp,"{""dim"": 1, ""distance"": 2, ""length"": 12, ""n_sources"": 1}",3,True,False,0,0.9429429429429429,0.02247241673738104,0.9129129129129129,0.9669669669669669,"[0.9129129129129129, 0.9669669669669669, 0.948948948948949]",0.9129129129129129,0.9669669669669668,0.9429429429429429,0.9944110786592638,10010880
cb0b76097aaf,bdh_cq,propagate,17500,1,interp,"{""dim"": 1, ""distance"": 4, ""length"": 12, ""n_sources"": 1}",3,True,False,0,0.978978978978979,0.008493775149387976,0.9669669669669669,0.984984984984985,"[0.9669669669669669, 0.984984984984985, 0.984984984984985]",0.9669669669669668,0.984984984984985,0.978978978978979,0.9981648318760389,10010880
cb0b76097aaf,bdh_cq,propagate,20000,1,interp,"{""dim"": 1, ""distance"": 1, ""length"": 12, ""n_sources"": 1}",3,True,False,0,0.9770459081836327,0.019759470931360608,0.9491017964071856,0.9910179640718563,"[0.9491017964071856, 0.9910179640718563, 0.9910179640718563]",0.9491017964071856,0.9910179640718563,0.9770459081836327,0.9980871594713596,10010880
cb0b76097aaf,bdh_cq,propagate,20000,1,interp,"{""dim"": 1, ""distance"": 2, ""length"": 12, ""n_sources"": 1}",3,True,False,0,0.975975975975976,0.019150276746455433,0.948948948948949,0.990990990990991,"[0.948948948948949, 0.990990990990991, 0.987987987987988]",0.948948948948949,0.990990990990991,0.975975975975976,0.997580914645343,10010880
cb0b76097aaf,bdh_cq,propagate,20000,1,interp,"{""dim"": 1, ""distance"": 4, ""length"": 12, ""n_sources"": 1}",3,True,False,0,0.988988988988989,0.009282901396892593,0.975975975975976,0.996996996996997,"[0.975975975975976, 0.993993993993994, 0.996996996996997]",0.975975975975976,0.9969969969969968,0.988988988988989,0.9990824159678516,10010880
cb0b76097aaf,bdh_cq,propagate,22500,1,interp,"{""dim"": 1, ""distance"": 1, ""length"": 12, ""n_sources"": 1}",3,True,False,0,0.9840319361277445,0.01102331438841046,0.9700598802395209,0.9970059880239521,"[0.9700598802395209, 0.9970059880239521, 0.9850299401197605]",0.9700598802395209,0.9970059880239521,0.9840319361277445,0.9985861612889105,10010880
cb0b76097aaf,bdh_cq,propagate,22500,1,interp,"{""dim"": 1, ""distance"": 2, ""length"": 12, ""n_sources"": 1}",3,True,False,0,0.9779779779779779,0.002831258383129308,0.975975975975976,0.9819819819819819,"[0.975975975975976, 0.9819819819819819, 0.975975975975976]",0.975975975975976,0.9819819819819818,0.9779779779779779,0.9979145815661242,10010880
cb0b76097aaf,bdh_cq,propagate,22500,1,interp,"{""dim"": 1, ""distance"": 4, ""length"": 12, ""n_sources"": 1}",3,True,False,0,0.9969969969969971,0.002451941684467636,0.993993993993994,1.0,"[0.993993993993994, 0.996996996996997, 1.0]",0.993993993993994,1.0,0.9969969969969971,0.9997497498094141,10010880
cb0b76097aaf,bdh_cq,propagate,25000,1,interp,"{""dim"": 1, ""distance"": 1, ""length"": 12, ""n_sources"": 1}",3,True,False,0,0.9910179640718563,0.004234172342434371,0.9850299401197605,0.9940119760479041,"[0.9850299401197605, 0.9940119760479041, 0.9940119760479041]",0.9850299401197605,0.9940119760479041,0.9910179640718563,0.9990851631659471,10010880
cb0b76097aaf,bdh_cq,propagate,25000,1,interp,"{""dim"": 1, ""distance"": 2, ""length"": 12, ""n_sources"": 1}",3,True,False,0,0.9879879879879879,0.004246887574693988,0.984984984984985,0.993993993993994,"[0.984984984984985, 0.993993993993994, 0.984984984984985]",0.984984984984985,0.993993993993994,0.9879879879879879,0.9989155824477965,10010880
cb0b76097aaf,bdh_cq,propagate,25000,1,interp,"{""dim"": 1, ""distance"": 4, ""length"": 12, ""n_sources"": 1}",3,True,False,0,0.9969969969969968,0.002451941684467636,0.993993993993994,1.0,"[0.993993993993994, 1.0, 0.996996996996997]",0.993993993993994,1.0,0.9969969969969968,0.9996663330195545,10010880
cb0b76097aaf,bdh_cq,propagate,27500,1,interp,"{""dim"": 1, ""distance"": 1, ""length"": 12, ""n_sources"": 1}",3,True,False,0,0.9950099800399202,0.005088841829932915,0.9880239520958084,1.0,"[0.9880239520958084, 0.9970059880239521, 1.0]",0.9880239520958084,1.0,0.9950099800399202,0.9995841651024695,10010880
cb0b76097aaf,bdh_cq,propagate,27500,1,interp,"{""dim"": 1, ""distance"": 2, ""length"": 12, ""n_sources"": 1}",3,True,False,0,0.988988988988989,0.009282901396892593,0.975975975975976,0.996996996996997,"[0.975975975975976, 0.993993993993994, 0.996996996996997]",0.975975975975976,0.9969969969969968,0.988988988988989,0.9989989991779918,10010880
cb0b76097aaf,bdh_cq,propagate,27500,1,interp,"{""dim"": 1, ""distance"": 4, ""length"": 12, ""n_sources"": 1}",3,True,False,0,0.998998998998999,0.0014156291915646802,0.996996996996997,1.0,"[0.996996996996997, 1.0, 1.0]",0.9969969969969968,1.0,0.998998998998999,0.9999165832698047,10010880
cb0b76097aaf,bdh_cq,propagate,30000,1,interp,"{""dim"": 1, ""distance"": 1, ""length"": 12, ""n_sources"": 1}",3,True,False,0,0.9960079840319361,0.0028227815616229664,0.9940119760479041,1.0,"[0.9940119760479041, 0.9940119760479041, 1.0]",0.9940119760479041,1.0,0.9960079840319361,0.9996673320819754,10010880
cb0b76097aaf,bdh_cq,propagate,30000,1,interp,"{""dim"": 1, ""distance"": 2, ""length"": 12, ""n_sources"": 1}",3,True,False,0,0.9919919919919918,0.0070781459578232965,0.9819819819819819,0.996996996996997,"[0.9819819819819819, 0.996996996996997, 0.996996996996997]",0.9819819819819818,0.9969969969969968,0.9919919919919918,0.999249249368578,10010880
cb0b76097aaf,bdh_cq,propagate,30000,1,interp,"{""dim"": 1, ""distance"": 4, ""length"": 12, ""n_sources"": 1}",3,True,False,0,1.0,0.0,1.0,1.0,"[1.0, 1.0, 1.0]",1.0,1.0,1.0,1.0,10010880
cb0b76097aaf,bdh_cq,propagate,32500,1,interp,"{""dim"": 1, ""distance"": 1, ""length"": 12, ""n_sources"": 1}",3,True,False,0,0.999001996007984,0.0014113907808114572,0.9970059880239521,1.0,"[0.9970059880239521, 1.0, 1.0]",0.9970059880239521,1.0,0.999001996007984,0.9999168330204938,10010880
cb0b76097aaf,bdh_cq,propagate,32500,1,interp,"{""dim"": 1, ""distance"": 2, ""length"": 12, ""n_sources"": 1}",3,True,False,0,0.993993993993994,0.0064872279263341855,0.984984984984985,1.0,"[0.984984984984985, 1.0, 0.996996996996997]",0.984984984984985,1.0,0.993993993993994,0.9992492493089135,10010880
cb0b76097aaf,bdh_cq,propagate,32500,1,interp,"{""dim"": 1, ""distance"": 4, ""length"": 12, ""n_sources"": 1}",3,True,False,0,0.998998998998999,0.0014156291915646802,0.996996996996997,1.0,"[0.996996996996997, 1.0, 1.0]",0.9969969969969968,1.0,0.998998998998999,0.9999165832698047,10010880
cb0b76097aaf,bdh_cq,propagate,35000,1,interp,"{""dim"": 1, ""distance"": 1, ""length"": 12, ""n_sources"": 1}",3,True,False,0,0.9980039920159681,0.002822781561622967,0.9940119760479041,1.0,"[0.9940119760479041, 1.0, 1.0]",0.9940119760479041,1.0,0.9980039920159681,0.9998336660409878,10010880
cb0b76097aaf,bdh_cq,propagate,35000,1,interp,"{""dim"": 1, ""distance"": 2, ""length"": 12, ""n_sources"": 1}",3,True,False,0,0.9929929929929929,0.009909404340952605,0.978978978978979,1.0,"[0.978978978978979, 1.0, 1.0]",0.978978978978979,1.0,0.9929929929929929,0.9991658325787182,10010880
cb0b76097aaf,bdh_cq,propagate,35000,1,interp,"{""dim"": 1, ""distance"": 4, ""length"": 12, ""n_sources"": 1}",3,True,False,0,1.0,0.0,1.0,1.0,"[1.0, 1.0, 1.0]",1.0,1.0,1.0,1.0,10010880
cb0b76097aaf,bdh_cq,propagate,37500,1,interp,"{""dim"": 1, ""distance"": 1, ""length"": 12, ""n_sources"": 1}",3,True,False,0,1.0,0.0,1.0,1.0,"[1.0, 1.0, 1.0]",1.0,1.0,1.0,1.0,10010880
cb0b76097aaf,bdh_cq,propagate,37500,1,interp,"{""dim"": 1, ""distance"": 2, ""length"": 12, ""n_sources"": 1}",3,True,False,0,0.993993993993994,0.008493775149387976,0.9819819819819819,1.0,"[0.9819819819819819, 1.0, 1.0]",0.9819819819819818,1.0,0.993993993993994,0.9994160828289685,10010880
cb0b76097aaf,bdh_cq,propagate,37500,1,interp,"{""dim"": 1, ""distance"": 4, ""length"": 12, ""n_sources"": 1}",3,True,False,0,1.0,0.0,1.0,1.0,"[1.0, 1.0, 1.0]",1.0,1.0,1.0,1.0,10010880
cb0b76097aaf,bdh_cq,propagate,40000,1,interp,"{""dim"": 1, ""distance"": 1, ""length"": 12, ""n_sources"": 1}",3,True,False,0,1.0,0.0,1.0,1.0,"[1.0, 1.0, 1.0]",1.0,1.0,1.0,1.0,10010880
cb0b76097aaf,bdh_cq,propagate,40000,1,interp,"{""dim"": 1, ""distance"": 2, ""length"": 12, ""n_sources"": 1}",3,True,False,0,0.994994994994995,0.0070781459578232965,0.984984984984985,1.0,"[0.984984984984985, 1.0, 1.0]",0.984984984984985,1.0,0.994994994994995,0.9994160827693043,10010880
cb0b76097aaf,bdh_cq,propagate,40000,1,interp,"{""dim"": 1, ""distance"": 4, ""length"": 12, ""n_sources"": 1}",3,True,False,0,1.0,0.0,1.0,1.0,"[1.0, 1.0, 1.0]",1.0,1.0,1.0,1.0,10010880
eca47f97dfa3,bdh_cq,propagate,2500,1,interp,"{""dim"": 1, ""distance"": 1, ""length"": 12, ""n_sources"": 1}",1,True,True,0,0.0,0.0,0.0,0.0,[0.0],0.0,0.0,0.0,0.8047263551114211,10010888
eca47f97dfa3,bdh_cq,propagate,2500,1,interp,"{""dim"": 1, ""distance"": 2, ""length"": 12, ""n_sources"": 1}",1,True,True,0,0.0,0.0,0.0,0.0,[0.0],0.0,0.0,0.0,0.7947761087275264,10010888
eca47f97dfa3,bdh_cq,propagate,2500,1,interp,"{""dim"": 1, ""distance"": 4, ""length"": 12, ""n_sources"": 1}",1,True,True,0,0.0,0.0,0.0,0.0,[0.0],0.0,0.0,0.0,0.7916666531201565,10010888
eca47f97dfa3,bdh_cq,propagate,5000,1,interp,"{""dim"": 1, ""distance"": 1, ""length"": 12, ""n_sources"": 1}",1,True,True,0,0.0,0.0,0.0,0.0,[0.0],0.0,0.0,0.0,0.8109452599909768,10010888
eca47f97dfa3,bdh_cq,propagate,5000,1,interp,"{""dim"": 1, ""distance"": 2, ""length"": 12, ""n_sources"": 1}",1,True,True,0,0.0,0.0,0.0,0.0,[0.0],0.0,0.0,0.0,0.8072139175970163,10010888
eca47f97dfa3,bdh_cq,propagate,5000,1,interp,"{""dim"": 1, ""distance"": 4, ""length"": 12, ""n_sources"": 1}",1,True,True,0,0.0,0.0,0.0,0.0,[0.0],0.0,0.0,0.0,0.8042929136391842,10010888
eca47f97dfa3,bdh_cq,propagate,7500,1,interp,"{""dim"": 1, ""distance"": 1, ""length"": 12, ""n_sources"": 1}",1,True,True,0,0.0,0.0,0.0,0.0,[0.0],0.0,0.0,0.0,0.8034825740910289,10010888
eca47f97dfa3,bdh_cq,propagate,7500,1,interp,"{""dim"": 1, ""distance"": 2, ""length"": 12, ""n_sources"": 1}",1,True,True,0,0.0,0.0,0.0,0.0,[0.0],0.0,0.0,0.0,0.8159203831829241,10010888
eca47f97dfa3,bdh_cq,propagate,7500,1,interp,"{""dim"": 1, ""distance"": 4, ""length"": 12, ""n_sources"": 1}",1,True,True,0,0.0,0.0,0.0,0.0,[0.0],0.0,0.0,0.0,0.7904040289647651,10010888
eca47f97dfa3,bdh_cq,propagate,8000,1,interp,"{""dim"": 1, ""distance"": 1, ""length"": 12, ""n_sources"": 1}",1,True,True,0,0.0,0.0,0.0,0.0,[0.0],0.0,0.0,0.0,0.8047263548890157,10010888
eca47f97dfa3,bdh_cq,propagate,8000,1,interp,"{""dim"": 1, ""distance"": 2, ""length"": 12, ""n_sources"": 1}",1,True,True,0,0.0,0.0,0.0,0.0,[0.0],0.0,0.0,0.0,0.8196517264665063,10010888
eca47f97dfa3,bdh_cq,propagate,8000,1,interp,"{""dim"": 1, ""distance"": 4, ""length"": 12, ""n_sources"": 1}",1,True,True,0,0.0,0.0,0.0,0.0,[0.0],0.0,0.0,0.0,0.7916666558294585,10010888
f0b8b7c55f92,bdh_cq,propagate,2500,1,interp,"{""dim"": 1, ""distance"": 1, ""length"": 12, ""n_sources"": 1}",3,True,False,0,0.0,0.0,0.0,0.0,"[0.0, 0.0, 0.0]",0.0,0.0,0.0,0.7953260038308279,10010880
f0b8b7c55f92,bdh_cq,propagate,2500,1,interp,"{""dim"": 1, ""distance"": 2, ""length"": 12, ""n_sources"": 1}",3,True,False,0,0.0,0.0,0.0,0.0,"[0.0, 0.0, 0.0]",0.0,0.0,0.0,0.7904571138464056,10010880
f0b8b7c55f92,bdh_cq,propagate,2500,1,interp,"{""dim"": 1, ""distance"": 4, ""length"": 12, ""n_sources"": 1}",3,True,False,0,0.0,0.0,0.0,0.0,"[0.0, 0.0, 0.0]",0.0,0.0,0.0,0.7859526083872721,10010880
f0b8b7c55f92,bdh_cq,propagate,5000,1,interp,"{""dim"": 1, ""distance"": 1, ""length"": 12, ""n_sources"": 1}",3,True,False,0,0.0,0.0,0.0,0.0,"[0.0, 0.0, 0.0]",0.0,0.0,0.0,0.7960745048915555,10010880
f0b8b7c55f92,bdh_cq,propagate,5000,1,interp,"{""dim"": 1, ""distance"": 2, ""length"": 12, ""n_sources"": 1}",3,True,False,0,0.0,0.0,0.0,0.0,"[0.0, 0.0, 0.0]",0.0,0.0,0.0,0.7977143688662514,10010880
f0b8b7c55f92,bdh_cq,propagate,5000,1,interp,"{""dim"": 1, ""distance"": 4, ""length"": 12, ""n_sources"": 1}",3,True,False,0,0.0,0.0,0.0,0.0,"[0.0, 0.0, 0.0]",0.0,0.0,0.0,0.799883203403847,10010880
f0b8b7c55f92,bdh_cq,propagate,7500,1,interp,"{""dim"": 1, ""distance"": 1, ""length"": 12, ""n_sources"": 1}",3,True,False,0,0.016966067864271458,0.011291126246491779,0.008982035928143712,0.03293413173652695,"[0.03293413173652695, 0.008982035928143712, 0.008982035928143712]",0.008982035928143712,0.03293413173652695,0.016966067864271458,0.8171989274417569,10010880
f0b8b7c55f92,bdh_cq,propagate,7500,1,interp,"{""dim"": 1, ""distance"": 2, ""length"": 12, ""n_sources"": 1}",3,True,False,0,0.008008008008008008,0.0037454027895635045,0.003003003003003003,0.012012012012012012,"[0.009009009009009009, 0.012012012012012012, 0.003003003003003003]",0.003003003003003003,0.012012012012012012,0.008008008008008008,0.8190690608652265,10010880
f0b8b7c55f92,bdh_cq,propagate,7500,1,interp,"{""dim"": 1, ""distance"": 4, ""length"": 12, ""n_sources"": 1}",3,True,False,0,0.004004004004004004,0.0014156291915646596,0.003003003003003003,0.006006006006006006,"[0.006006006006006006, 0.003003003003003003, 0.003003003003003003]",0.003003003003003003,0.006006006006006006,0.004004004004004004,0.8046379632599003,10010880
f0b8b7c55f92,bdh_cq,propagate,10000,1,interp,"{""dim"": 1, ""distance"": 1, ""length"": 12, ""n_sources"": 1}",3,True,False,0,0.05788423153692615,0.0425060667446045,0.017964071856287425,0.11676646706586827,"[0.11676646706586827, 0.038922155688622756, 0.017964071856287425]",0.017964071856287425,0.11676646706586828,0.05788423153692615,0.855372586441849,10010880
f0b8b7c55f92,bdh_cq,propagate,10000,1,interp,"{""dim"": 1, ""distance"": 2, ""length"": 12, ""n_sources"": 1}",3,True,False,0,0.049049049049049054,0.042208545830446476,0.012012012012012012,0.10810810810810811,"[0.10810810810810811, 0.02702702702702703, 0.012012012012012012]",0.012012012012012012,0.10810810810810811,0.049049049049049054,0.855271934567987,10010880
f0b8b7c55f92,bdh_cq,propagate,10000,1,interp,"{""dim"": 1, ""distance"": 4, ""length"": 12, ""n_sources"": 1}",3,True,False,0,0.016016016016016012,0.01209514111470928,0.006006006006006006,0.03303303303303303,"[0.03303303303303303, 0.006006006006006006, 0.009009009009009009]",0.006006006006006006,0.03303303303303303,0.016016016016016012,0.8279946569923883,10010880
f0b8b7c55f92,bdh_cq,propagate,12500,1,interp,"{""dim"": 1, ""distance"": 1, ""length"": 12, ""n_sources"": 1}",3,True,False,0,0.12574850299401197,0.019403415264694197,0.10778443113772455,0.15269461077844312,"[0.15269461077844312, 0.10778443113772455, 0.11676646706586827]",0.10778443113772455,0.15269461077844312,0.12574850299401197,0.8764138420720301,10010880
f0b8b7c55f92,bdh_cq,propagate,12500,1,interp,"{""dim"": 1, ""distance"": 2, ""length"": 12, ""n_sources"": 1}",3,True,False,0,0.12612612612612614,0.014711650106805873,0.10810810810810811,0.14414414414414414,"[0.14414414414414414, 0.12612612612612611, 0.10810810810810811]",0.10810810810810811,0.14414414414414414,0.12612612612612614,0.883383386187606,10010880
f0b8b7c55f92,bdh_cq,propagate,12500,1,interp,"{""dim"": 1, ""distance"": 4, ""length"": 12, ""n_sources"": 1}",3,True,False,0,0.05205205205205205,0.009909404340952615,0.03903903903903904,0.06306306306306306,"[0.03903903903903904, 0.05405405405405406, 0.06306306306306306]",0.03903903903903904,0.06306306306306306,0.05205205205205205,0.8635301988821728,10010880
f0b8b7c55f92,bdh_cq,propagate,15000,1,interp,"{""dim"": 1, ""distance"": 1, ""length"": 12, ""n_sources"": 1}",3,True,False,0,0.5269461077844312,0.08742651681866578,0.41317365269461076,0.625748502994012,"[0.625748502994012, 0.5419161676646707, 0.41317365269461076]",0.41317365269461076,0.625748502994012,0.5269461077844312,0.9486027995864313,10010880
f0b8b7c55f92,bdh_cq,propagate,15000,1,interp,"{""dim"": 1, ""distance"": 2, ""length"": 12, ""n_sources"": 1}",3,True,False,0,0.5185185185185185,0.10938884711810333,0.4144144144144144,0.6696696696696697,"[0.6696696696696697, 0.47147147147147145, 0.4144144144144144]",0.4144144144144144,0.6696696696696697,0.5185185185185185,0.9490323707506105,10010880
f0b8b7c55f92,bdh_cq,propagate,15000,1,interp,"{""dim"": 1, ""distance"": 4, ""length"": 12, ""n_sources"": 1}",3,True,False,0,0.5045045045045045,0.19211397307202926,0.30930930930930933,0.7657657657657657,"[0.7657657657657657, 0.43843843843843844, 0.30930930930930933]",0.30930930930930933,0.7657657657657658,0.5045045045045045,0.9493660389243423,10010880
f0b8b7c55f92,bdh_cq,propagate,17500,1,interp,"{""dim"": 1, ""distance"": 1, ""length"": 12, ""n_sources"": 1}",3,True,False,0,0.9001996007984032,0.0162769525252496,0.8772455089820359,0.9131736526946108,"[0.9131736526946108, 0.9101796407185628, 0.8772455089820359]",0.8772455089820359,0.9131736526946108,0.9001996007984032,0.9908516316594715,10010880
f0b8b7c55f92,bdh_cq,propagate,17500,1,interp,"{""dim"": 1, ""distance"": 2, ""length"": 12, ""n_sources"": 1}",3,True,False,0,0.8998998998998999,0.02575511577631354,0.8678678678678678,0.9309309309309309,"[0.9009009009009009, 0.9309309309309309, 0.8678678678678678]",0.8678678678678678,0.9309309309309309,0.8998998998998999,0.9908241590818725,10010880
f0b8b7c55f92,bdh_cq,propagate,17500,1,interp,"{""dim"": 1, ""distance"": 4, ""length"": 12, ""n_sources"": 1}",3,True,False,0,0.9219219219219218,0.044609169079393794,0.8588588588588588,0.954954954954955,"[0.954954954954955, 0.9519519519519519, 0.8588588588588588]",0.8588588588588588,0.954954954954955,0.9219219219219218,0.9934100782549059,10010880
f0b8b7c55f92,bdh_cq,propagate,20000,1,interp,"{""dim"": 1, ""distance"": 1, ""length"": 12, ""n_sources"": 1}",3,True,False,0,0.9510978043912176,0.0074683780175128275,0.9431137724550899,0.9610778443113772,"[0.9431137724550899, 0.9610778443113772, 0.9491017964071856]",0.9431137724550899,0.9610778443113772,0.9510978043912176,0.9956753168872255,10010880
f0b8b7c55f92,bdh_cq,propagate,20000,1,interp,"{""dim"": 1, ""distance"": 2, ""length"": 12, ""n_sources"": 1}",3,True,False,0,0.96996996996997,0.008840601467795682,0.9579579579579579,0.978978978978979,"[0.972972972972973, 0.978978978978979, 0.9579579579579579]",0.9579579579579579,0.978978978978979,0.96996996996997,0.9974974980941406,10010880
f0b8b7c55f92,bdh_cq,propagate,20000,1,interp,"{""dim"": 1, ""distance"": 4, ""length"": 12, ""n_sources"": 1}",3,True,False,0,0.985985985985986,0.005104123637230002,0.978978978978979,0.990990990990991,"[0.987987987987988, 0.990990990990991, 0.978978978978979]",0.978978978978979,0.990990990990991,0.985985985985986,0.998748748987406,10010880
f0b8b7c55f92,bdh_cq,propagate,22500,1,interp,"{""dim"": 1, ""distance"": 1, ""length"": 12, ""n_sources"": 1}",3,True,False,0,0.9770459081836327,0.0014113907808114572,0.9760479041916168,0.9790419161676647,"[0.9760479041916168, 0.9790419161676647, 0.9760479041916168]",0.9760479041916167,0.9790419161676646,0.9770459081836327,0.9980871594713595,10010880
f0b8b7c55f92,bdh_cq,propagate,22500,1,interp,"{""dim"": 1, ""distance"": 2, ""length"": 12, ""n_sources"": 1}",3,True,False,0,0.98998998998999,0.005662516766258668,0.9819819819819819,0.993993993993994,"[0.993993993993994, 0.993993993993994, 0.9819819819819819]",0.9819819819819818,0.993993993993994,0.98998998998999,0.9991658326980469,10010880
f0b8b7c55f92,bdh_cq,propagate,22500,1,interp,"{""dim"": 1, ""distance"": 4, ""length"": 12, ""n_sources"": 1}",3,True,False,0,0.9929929929929929,0.0014156291915646802,0.990990990990991,0.993993993993994,"[0.990990990990991, 0.993993993993994, 0.993993993993994]",0.990990990990991,0.993993993993994,0.9929929929929929,0.9994160828886328,10010880
f0b8b7c55f92,bdh_cq,propagate,25000,1,interp,"{""dim"": 1, ""distance"": 1, ""length"": 12, ""n_sources"": 1}",3,True,False,0,0.9820359281437124,0.0024446005416997978,0.9790419161676647,0.9850299401197605,"[0.9850299401197605, 0.9790419161676647, 0.9820359281437125]",0.9790419161676646,0.9850299401197605,0.9820359281437124,0.9984198273298984,10010880
f0b8b7c55f92,bdh_cq,propagate,25000,1,interp,"{""dim"": 1, ""distance"": 2, ""length"": 12, ""n_sources"": 1}",3,True,False,0,0.984984984984985,0.002451941684467681,0.9819819819819819,0.987987987987988,"[0.987987987987988, 0.9819819819819819, 0.984984984984985]",0.9819819819819818,0.9879879879879881,0.984984984984985,0.9986653322572107,10010880
f0b8b7c55f92,bdh_cq,propagate,25000,1,interp,"{""dim"": 1, ""distance"": 4, ""length"": 12, ""n_sources"": 1}",3,True,False,0,0.993993993993994,0.004246887574693936,0.987987987987988,0.996996996996997,"[0.996996996996997, 0.987987987987988, 0.996996996996997]",0.9879879879879881,0.9969969969969968,0.993993993993994,0.9994994996188282,10010880
f0b8b7c55f92,bdh_cq,propagate,27500,1,interp,"{""dim"": 1, ""distance"": 1, ""length"": 12, ""n_sources"": 1}",3,True,False,0,0.9880239520958084,0.004234172342434371,0.9850299401197605,0.9940119760479041,"[0.9850299401197605, 0.9850299401197605, 0.9940119760479041]",0.9850299401197605,0.9940119760479041,0.9880239520958084,0.9990019962459268,10010880
f0b8b7c55f92,bdh_cq,propagate,27500,1,interp,"{""dim"": 1, ""distance"": 2, ""length"": 12, ""n_sources"": 1}",3,True,False,0,0.994994994994995,0.0037454027895635097,0.990990990990991,1.0,"[0.993993993993994, 1.0, 0.990990990990991]",0.990990990990991,1.0,0.994994994994995,0.9994994995591638,10010880
f0b8b7c55f92,bdh_cq,propagate,27500,1,interp,"{""dim"": 1, ""distance"": 4, ""length"": 12, ""n_sources"": 1}",3,True,False,0,0.998998998998999,0.0014156291915646802,0.996996996996997,1.0,"[1.0, 0.996996996996997, 1.0]",0.9969969969969968,1.0,0.998998998998999,0.9999165832698047,10010880
f0b8b7c55f92,bdh_cq,propagate,30000,1,interp,"{""dim"": 1, ""distance"": 1, ""length"": 12, ""n_sources"": 1}",3,True,False,0,0.9900199600798403,0.006152109783402197,0.9820359281437125,0.9970059880239521,"[0.9820359281437125, 0.9910179640718563, 0.9970059880239521]",0.9820359281437124,0.9970059880239521,0.9900199600798403,0.9990851631659471,10010880
f0b8b7c55f92,bdh_cq,propagate,30000,1,interp,"{""dim"": 1, ""distance"": 2, ""length"": 12, ""n_sources"": 1}",3,True,False,0,0.995995995995996,0.0014156291915646277,0.993993993993994,0.996996996996997,"[0.996996996996997, 0.996996996996997, 0.993993993993994]",0.993993993993994,0.9969969969969968,0.995995995995996,0.9995829162893591,10010880
f0b8b7c55f92,bdh_cq,propagate,30000,1,interp,"{""dim"": 1, ""distance"": 4, ""length"": 12, ""n_sources"": 1}",3,True,False,0,1.0,0.0,1.0,1.0,"[1.0, 1.0, 1.0]",1.0,1.0,1.0,1.0,10010880
f0b8b7c55f92,bdh_cq,propagate,32500,1,interp,"{""dim"": 1, ""distance"": 1, ""length"": 12, ""n_sources"": 1}",3,True,False,0,0.9940119760479043,0.0024446005416997978,0.9910179640718563,0.9970059880239521,"[0.9910179640718563, 0.9970059880239521, 0.9940119760479041]",0.9910179640718563,0.9970059880239521,0.9940119760479043,0.9994178310839715,10010880
f0b8b7c55f92,bdh_cq,propagate,32500,1,interp,"{""dim"": 1, ""distance"": 2, ""length"": 12, ""n_sources"": 1}",3,True,False,0,0.9969969969969971,0.004246887574693988,0.990990990990991,1.0,"[1.0, 1.0, 0.990990990990991]",0.990990990990991,1.0,0.9969969969969971,0.9997497498094141,10010880
f0b8b7c55f92,bdh_cq,propagate,32500,1,interp,"{""dim"": 1, ""distance"": 4, ""length"": 12, ""n_sources"": 1}",3,True,False,0,1.0,0.0,1.0,1.0,"[1.0, 1.0, 1.0]",1.0,1.0,1.0,1.0,10010880
f0b8b7c55f92,bdh_cq,propagate,35000,1,interp,"{""dim"": 1, ""distance"": 1, ""length"": 12, ""n_sources"": 1}",3,True,False,0,0.9980039920159681,0.0014113907808114572,0.9970059880239521,1.0,"[0.9970059880239521, 0.9970059880239521, 1.0]",0.9970059880239521,1.0,0.9980039920159681,0.9998336660409878,10010880
f0b8b7c55f92,bdh_cq,propagate,35000,1,interp,"{""dim"": 1, ""distance"": 2, ""length"": 12, ""n_sources"": 1}",3,True,False,0,0.9969969969969971,0.004246887574693988,0.990990990990991,1.0,"[1.0, 1.0, 0.990990990990991]",0.990990990990991,1.0,0.9969969969969971,0.9997497498094141,10010880
f0b8b7c55f92,bdh_cq,propagate,35000,1,interp,"{""dim"": 1, ""distance"": 4, ""length"": 12, ""n_sources"": 1}",3,True,False,0,1.0,0.0,1.0,1.0,"[1.0, 1.0, 1.0]",1.0,1.0,1.0,1.0,10010880
f0b8b7c55f92,bdh_cq,propagate,37500,1,interp,"{""dim"": 1, ""distance"": 1, ""length"": 12, ""n_sources"": 1}",3,True,False,0,0.9980039920159681,0.0014113907808114572,0.9970059880239521,1.0,"[0.9970059880239521, 0.9970059880239521, 1.0]",0.9970059880239521,1.0,0.9980039920159681,0.9998336660409878,10010880
f0b8b7c55f92,bdh_cq,propagate,37500,1,interp,"{""dim"": 1, ""distance"": 2, ""length"": 12, ""n_sources"": 1}",3,True,False,0,0.9969969969969971,0.004246887574693988,0.990990990990991,1.0,"[1.0, 1.0, 0.990990990990991]",0.990990990990991,1.0,0.9969969969969971,0.9997497498094141,10010880
f0b8b7c55f92,bdh_cq,propagate,37500,1,interp,"{""dim"": 1, ""distance"": 4, ""length"": 12, ""n_sources"": 1}",3,True,False,0,1.0,0.0,1.0,1.0,"[1.0, 1.0, 1.0]",1.0,1.0,1.0,1.0,10010880
f0b8b7c55f92,bdh_cq,propagate,40000,1,interp,"{""dim"": 1, ""distance"": 1, ""length"": 12, ""n_sources"": 1}",3,True,False,0,0.9980039920159681,0.0014113907808114572,0.9970059880239521,1.0,"[0.9970059880239521, 0.9970059880239521, 1.0]",0.9970059880239521,1.0,0.9980039920159681,0.9998336660409878,10010880
f0b8b7c55f92,bdh_cq,propagate,40000,1,interp,"{""dim"": 1, ""distance"": 2, ""length"": 12, ""n_sources"": 1}",3,True,False,0,0.9969969969969971,0.004246887574693988,0.990990990990991,1.0,"[1.0, 1.0, 0.990990990990991]",0.990990990990991,1.0,0.9969969969969971,0.9997497498094141,10010880
f0b8b7c55f92,bdh_cq,propagate,40000,1,interp,"{""dim"": 1, ""distance"": 4, ""length"": 12, ""n_sources"": 1}",3,True,False,0,1.0,0.0,1.0,1.0,"[1.0, 1.0, 1.0]",1.0,1.0,1.0,1.0,10010880
79d948f95c7e,bdh_cq,propagate,40000,2,interp,"{""dim"": 1, ""distance"": 1, ""length"": 12, ""n_sources"": 1}",3,True,False,0,1.0,0.0,1.0,1.0,"[1.0, 1.0, 1.0]",1.0,1.0,1.0,1.0,10010888
79d948f95c7e,bdh_cq,propagate,40000,2,interp,"{""dim"": 1, ""distance"": 2, ""length"": 12, ""n_sources"": 1}",3,True,False,0,0.9919919919919918,0.0070781459578232965,0.9819819819819819,0.996996996996997,"[0.996996996996997, 0.996996996996997, 0.9819819819819819]",0.9819819819819818,0.9969969969969968,0.9919919919919918,0.9993326661584375,10010888
79d948f95c7e,bdh_cq,propagate,40000,2,interp,"{""dim"": 1, ""distance"": 4, ""length"": 12, ""n_sources"": 1}",3,True,False,0,0.998998998998999,0.0014156291915646802,0.996996996996997,1.0,"[1.0, 1.0, 0.996996996996997]",0.9969969969969968,1.0,0.998998998998999,0.9999165832698047,10010888
9b4bca1a63ee,bdh_cq,propagate,40000,2,interp,"{""dim"": 1, ""distance"": 1, ""length"": 12, ""n_sources"": 1}",3,True,False,0,0.9970059880239521,0.0024446005416997978,0.9940119760479041,1.0,"[1.0, 0.9940119760479041, 0.9970059880239521]",0.9940119760479041,1.0,0.9970059880239521,0.9997504990614816,10012145
9b4bca1a63ee,bdh_cq,propagate,40000,2,interp,"{""dim"": 1, ""distance"": 2, ""length"": 12, ""n_sources"": 1}",3,True,False,0,0.9929929929929929,0.007881889763775598,0.9819819819819819,1.0,"[0.9819819819819819, 0.996996996996997, 1.0]",0.9819819819819818,1.0,0.9929929929929929,0.9994160828886328,10012145
9b4bca1a63ee,bdh_cq,propagate,40000,2,interp,"{""dim"": 1, ""distance"": 4, ""length"": 12, ""n_sources"": 1}",3,True,False,0,1.0,0.0,1.0,1.0,"[1.0, 1.0, 1.0]",1.0,1.0,1.0,1.0,10012145
cb0b76097aaf,bdh_cq,propagate,40000,2,interp,"{""dim"": 1, ""distance"": 1, ""length"": 12, ""n_sources"": 1}",3,True,False,0,1.0,0.0,1.0,1.0,"[1.0, 1.0, 1.0]",1.0,1.0,1.0,1.0,10010880
cb0b76097aaf,bdh_cq,propagate,40000,2,interp,"{""dim"": 1, ""distance"": 2, ""length"": 12, ""n_sources"": 1}",3,True,False,0,0.995995995995996,0.0037454027895635093,0.990990990990991,1.0,"[0.990990990990991, 1.0, 0.996996996996997]",0.990990990990991,1.0,0.995995995995996,0.9994994994994996,10010880
cb0b76097aaf,bdh_cq,propagate,40000,2,interp,"{""dim"": 1, ""distance"": 4, ""length"": 12, ""n_sources"": 1}",3,True,False,0,1.0,0.0,1.0,1.0,"[1.0, 1.0, 1.0]",1.0,1.0,1.0,1.0,10010880
f0b8b7c55f92,bdh_cq,propagate,40000,2,interp,"{""dim"": 1, ""distance"": 1, ""length"": 12, ""n_sources"": 1}",3,True,False,0,0.999001996007984,0.0014113907808114572,0.9970059880239521,1.0,"[1.0, 0.9970059880239521, 1.0]",0.9970059880239521,1.0,0.999001996007984,0.9999168330204938,10010880
f0b8b7c55f92,bdh_cq,propagate,40000,2,interp,"{""dim"": 1, ""distance"": 2, ""length"": 12, ""n_sources"": 1}",3,True,False,0,0.9869869869869871,0.010208247274459988,0.972972972972973,0.996996996996997,"[0.996996996996997, 0.972972972972973, 0.990990990990991]",0.9729729729729731,0.9969969969969968,0.9869869869869871,0.998915582507461,10010880
f0b8b7c55f92,bdh_cq,propagate,40000,2,interp,"{""dim"": 1, ""distance"": 4, ""length"": 12, ""n_sources"": 1}",3,True,False,0,1.0,0.0,1.0,1.0,"[1.0, 1.0, 1.0]",1.0,1.0,1.0,1.0,10010880
3d6407474980,bdh_cq,propagate,2500,4,interp,"{""dim"": 1, ""distance"": 1, ""length"": 12, ""n_sources"": 1}",1,True,True,0,0.0,0.0,0.0,0.0,[0.0],0.0,0.0,0.0,0.8022387935154474,10010880
3d6407474980,bdh_cq,propagate,2500,4,interp,"{""dim"": 1, ""distance"": 2, ""length"": 12, ""n_sources"": 1}",1,True,True,0,0.0,0.0,0.0,0.0,[0.0],0.0,0.0,0.0,0.7960198895255132,10010880
3d6407474980,bdh_cq,propagate,2500,4,interp,"{""dim"": 1, ""distance"": 4, ""length"": 12, ""n_sources"": 1}",1,True,True,0,0.0,0.0,0.0,0.0,[0.0],0.0,0.0,0.0,0.7891414011969711,10010880
3d6407474980,bdh_cq,propagate,5000,4,interp,"{""dim"": 1, ""distance"": 1, ""length"": 12, ""n_sources"": 1}",1,True,True,0,0.0,0.0,0.0,0.0,[0.0],0.0,0.0,0.0,0.8097014774137469,10010880
3d6407474980,bdh_cq,propagate,5000,4,interp,"{""dim"": 1, ""distance"": 2, ""length"": 12, ""n_sources"": 1}",1,True,True,0,0.0,0.0,0.0,0.0,[0.0],0.0,0.0,0.0,0.8109452591013553,10010880
3d6407474980,bdh_cq,propagate,5000,4,interp,"{""dim"": 1, ""distance"": 4, ""length"": 12, ""n_sources"": 1}",1,True,True,0,0.0,0.0,0.0,0.0,[0.0],0.0,0.0,0.0,0.7967171560634266,10010880
3d6407474980,bdh_cq,propagate,7500,4,interp,"{""dim"": 1, ""distance"": 1, ""length"": 12, ""n_sources"": 1}",1,True,True,0,0.0,0.0,0.0,0.0,[0.0],0.0,0.0,0.0,0.8022387935154474,10010880
3d6407474980,bdh_cq,propagate,7500,4,interp,"{""dim"": 1, ""distance"": 2, ""length"": 12, ""n_sources"": 1}",1,True,True,0,0.0,0.0,0.0,0.0,[0.0],0.0,0.0,0.0,0.8059701350197863,10010880
3d6407474980,bdh_cq,propagate,7500,4,interp,"{""dim"": 1, ""distance"": 4, ""length"": 12, ""n_sources"": 1}",1,True,True,0,0.0,0.0,0.0,0.0,[0.0],0.0,0.0,0.0,0.7916666522170558,10010880
3d6407474980,bdh_cq,propagate,8000,4,interp,"{""dim"": 1, ""distance"": 1, ""length"": 12, ""n_sources"": 1}",1,True,True,0,0.0,0.0,0.0,0.0,[0.0],0.0,0.0,0.0,0.8047263560010426,10010880
3d6407474980,bdh_cq,propagate,8000,4,interp,"{""dim"": 1, ""distance"": 2, ""length"": 12, ""n_sources"": 1}",1,True,True,0,0.0,0.0,0.0,0.0,[0.0],0.0,0.0,0.0,0.8059701341301647,10010880
3d6407474980,bdh_cq,propagate,8000,4,interp,"{""dim"": 1, ""distance"": 4, ""length"": 12, ""n_sources"": 1}",1,True,True,0,0.0,0.0,0.0,0.0,[0.0],0.0,0.0,0.0,0.7891413993907698,10010880
79d948f95c7e,bdh_cq,propagate,2500,4,interp,"{""dim"": 1, ""distance"": 1, ""length"": 12, ""n_sources"": 1}",3,True,False,0,0.0,0.0,0.0,0.0,"[0.0, 0.0, 0.0]",0.0,0.0,0.0,0.7952428368513217,10010888
79d948f95c7e,bdh_cq,propagate,2500,4,interp,"{""dim"": 1, ""distance"": 2, ""length"": 12, ""n_sources"": 1}",3,True,False,0,0.0,0.0,0.0,0.0,"[0.0, 0.0, 0.0]",0.0,0.0,0.0,0.7882882786823345,10010888
79d948f95c7e,bdh_cq,propagate,2500,4,interp,"{""dim"": 1, ""distance"": 4, ""length"": 12, ""n_sources"": 1}",3,True,False,0,0.0,0.0,0.0,0.0,"[0.0, 0.0, 0.0]",0.0,0.0,0.0,0.7818651872652548,10010888
79d948f95c7e,bdh_cq,propagate,5000,4,interp,"{""dim"": 1, ""distance"": 1, ""length"": 12, ""n_sources"": 1}",3,True,False,0,0.0,0.0,0.0,0.0,"[0.0, 0.0, 0.0]",0.0,0.0,0.0,0.7886726430909125,10010888
79d948f95c7e,bdh_cq,propagate,5000,4,interp,"{""dim"": 1, ""distance"": 2, ""length"": 12, ""n_sources"": 1}",3,True,False,0,0.0,0.0,0.0,0.0,"[0.0, 0.0, 0.0]",0.0,0.0,0.0,0.7839506077575492,10010888
79d948f95c7e,bdh_cq,propagate,5000,4,interp,"{""dim"": 1, ""distance"": 4, ""length"": 12, ""n_sources"": 1}",3,True,False,0,0.0,0.0,0.0,0.0,"[0.0, 0.0, 0.0]",0.0,0.0,0.0,0.786202858160208,10010888
79d948f95c7e,bdh_cq,propagate,7500,4,interp,"{""dim"": 1, ""distance"": 1, ""length"": 12, ""n_sources"": 1}",3,True,False,0,0.003992015968063873,0.0028227815616229442,0.0,0.005988023952095809,"[0.005988023952095809, 0.005988023952095809, 0.0]",0.0,0.00598802395209581,0.003992015968063873,0.8065535510014631,10010888
79d948f95c7e,bdh_cq,propagate,7500,4,interp,"{""dim"": 1, ""distance"": 2, ""length"": 12, ""n_sources"": 1}",3,True,False,0,0.006006006006006006,0.0,0.006006006006006006,0.006006006006006006,"[0.006006006006006006, 0.006006006006006006, 0.006006006006006006]",0.006006006006006006,0.006006006006006006,0.006006006006006006,0.8148148059844971,10010888
79d948f95c7e,bdh_cq,propagate,7500,4,interp,"{""dim"": 1, ""distance"": 4, ""length"": 12, ""n_sources"": 1}",3,True,False,0,0.001001001001001001,0.0014156291915646596,0.0,0.003003003003003003,"[0.003003003003003003, 0.0, 0.0]",0.0,0.003003003003003003,0.001001001001001001,0.7997997912976357,10010888
79d948f95c7e,bdh_cq,propagate,10000,4,interp,"{""dim"": 1, ""distance"": 1, ""length"": 12, ""n_sources"": 1}",3,True,False,0,0.03293413173652695,0.008468344684868834,0.020958083832335328,0.038922155688622756,"[0.038922155688622756, 0.020958083832335328, 0.038922155688622756]",0.020958083832335328,0.038922155688622756,0.03293413173652695,0.8106287404775857,10010888
79d948f95c7e,bdh_cq,propagate,10000,4,interp,"{""dim"": 1, ""distance"": 2, ""length"": 12, ""n_sources"": 1}",3,True,False,0,0.016016016016016016,0.005662516766258638,0.012012012012012012,0.024024024024024024,"[0.012012012012012012, 0.024024024024024024, 0.012012012012012012]",0.012012012012012012,0.024024024024024024,0.016016016016016016,0.8016349628522947,10010888
79d948f95c7e,bdh_cq,propagate,10000,4,interp,"{""dim"": 1, ""distance"": 4, ""length"": 12, ""n_sources"": 1}",3,True,False,0,0.01001001001001001,0.002831258383129319,0.006006006006006006,0.012012012012012012,"[0.012012012012012012, 0.006006006006006006, 0.012012012012012012]",0.006006006006006006,0.012012012012012012,0.01001001001001001,0.7862028663043862,10010888
79d948f95c7e,bdh_cq,propagate,12500,4,interp,"{""dim"": 1, ""distance"": 1, ""length"": 12, ""n_sources"": 1}",3,True,False,0,0.1437125748502994,0.029639206397040912,0.11077844311377245,0.18263473053892215,"[0.18263473053892215, 0.1377245508982036, 0.11077844311377245]",0.11077844311377245,0.18263473053892212,0.1437125748502994,0.8918829039780203,10010888
79d948f95c7e,bdh_cq,propagate,12500,4,interp,"{""dim"": 1, ""distance"": 2, ""length"": 12, ""n_sources"": 1}",3,True,False,0,0.09309309309309309,0.04433880798868889,0.042042042042042045,0.15015015015015015,"[0.15015015015015015, 0.08708708708708708, 0.042042042042042045]",0.042042042042042045,0.15015015015015015,0.09309309309309309,0.8771271265901484,10010888
79d948f95c7e,bdh_cq,propagate,12500,4,interp,"{""dim"": 1, ""distance"": 4, ""length"": 12, ""n_sources"": 1}",3,True,False,0,0.02702702702702703,0.007355825053402937,0.018018018018018018,0.036036036036036036,"[0.036036036036036036, 0.018018018018018018, 0.02702702702702703]",0.018018018018018018,0.036036036036036036,0.02702702702702703,0.854521182802943,10010888
79d948f95c7e,bdh_cq,propagate,15000,4,interp,"{""dim"": 1, ""distance"": 1, ""length"": 12, ""n_sources"": 1}",3,True,False,0,0.48403193612774453,0.11393866767674712,0.3502994011976048,0.6287425149700598,"[0.47305389221556887, 0.6287425149700598, 0.3502994011976048]",0.3502994011976048,0.6287425149700598,0.48403193612774453,0.9475216295071943,10010888
79d948f95c7e,bdh_cq,propagate,15000,4,interp,"{""dim"": 1, ""distance"": 2, ""length"": 12, ""n_sources"": 1}",3,True,False,0,0.40640640640640635,0.15257961133471373,0.2852852852852853,0.6216216216216216,"[0.3123123123123123, 0.6216216216216216, 0.2852852852852853]",0.2852852852852853,0.6216216216216216,0.40640640640640635,0.9362696087038195,10010888
79d948f95c7e,bdh_cq,propagate,15000,4,interp,"{""dim"": 1, ""distance"": 4, ""length"": 12, ""n_sources"": 1}",3,True,False,0,0.3033033033033033,0.17413965347733845,0.17717717717717718,0.5495495495495496,"[0.17717717717717718, 0.5495495495495496, 0.1831831831831832]",0.17717717717717718,0.5495495495495496,0.3033033033033033,0.924007346799543,10010888
79d948f95c7e,bdh_cq,propagate,17500,4,interp,"{""dim"": 1, ""distance"": 1, ""length"": 12, ""n_sources"": 1}",3,True,False,0,0.7944111776447107,0.013900587102978203,0.7754491017964071,0.8083832335329342,"[0.7994011976047904, 0.8083832335329342, 0.7754491017964071]",0.7754491017964072,0.8083832335329341,0.7944111776447107,0.9817032637353429,10010888
79d948f95c7e,bdh_cq,propagate,17500,4,interp,"{""dim"": 1, ""distance"": 2, ""length"": 12, ""n_sources"": 1}",3,True,False,0,0.7507507507507508,0.14447742584719694,0.5585585585585585,0.9069069069069069,"[0.7867867867867868, 0.9069069069069069, 0.5585585585585585]",0.5585585585585585,0.9069069069069068,0.7507507507507508,0.9761428130162252,10010888
79d948f95c7e,bdh_cq,propagate,17500,4,interp,"{""dim"": 1, ""distance"": 4, ""length"": 12, ""n_sources"": 1}",3,True,False,0,0.6596596596596597,0.1321624620148069,0.48348348348348347,0.8018018018018018,"[0.6936936936936937, 0.8018018018018018, 0.48348348348348347]",0.4834834834834834,0.8018018018018017,0.6596596596596597,0.9700533928455891,10010888
79d948f95c7e,bdh_cq,propagate,20000,4,interp,"{""dim"": 1, ""distance"": 1, ""length"": 12, ""n_sources"": 1}",3,True,False,0,0.8512974051896208,0.08872698910536073,0.7275449101796407,0.9311377245508982,"[0.9311377245508982, 0.8952095808383234, 0.7275449101796407]",0.7275449101796406,0.9311377245508982,0.8512974051896208,0.9870259507806477,10010888
79d948f95c7e,bdh_cq,propagate,20000,4,interp,"{""dim"": 1, ""distance"": 2, ""length"": 12, ""n_sources"": 1}",3,True,False,0,0.9329329329329329,0.02085352017617584,0.9039039039039038,0.9519519519519519,"[0.9519519519519519, 0.9429429429429429, 0.9039039039039038]",0.9039039039039038,0.9519519519519518,0.9329329329329329,0.9931598272886838,10010888
79d948f95c7e,bdh_cq,propagate,20000,4,interp,"{""dim"": 1, ""distance"": 4, ""length"": 12, ""n_sources"": 1}",3,True,False,0,0.933933933933934,0.029829158009512177,0.8918918918918919,0.9579579579579579,"[0.9519519519519519, 0.9579579579579579, 0.8918918918918919]",0.8918918918918918,0.9579579579579579,0.933933933933934,0.9939939951872802,10010888
79d948f95c7e,bdh_cq,propagate,22500,4,interp,"{""dim"": 1, ""distance"": 1, ""length"": 12, ""n_sources"": 1}",3,True,False,0,0.9371257485029941,0.00881413260112559,0.9251497005988024,0.9461077844311377,"[0.9251497005988024, 0.9401197604790419, 0.9461077844311377]",0.9251497005988024,0.9461077844311377,0.9371257485029941,0.9947604802911153,10010888
79d948f95c7e,bdh_cq,propagate,22500,4,interp,"{""dim"": 1, ""distance"": 2, ""length"": 12, ""n_sources"": 1}",3,True,False,0,0.9719719719719718,0.01632583226256266,0.954954954954955,0.993993993993994,"[0.954954954954955, 0.993993993993994, 0.9669669669669669]",0.954954954954955,0.993993993993994,0.9719719719719718,0.9973306643950927,10010888
79d948f95c7e,bdh_cq,propagate,22500,4,interp,"{""dim"": 1, ""distance"": 4, ""length"": 12, ""n_sources"": 1}",3,True,False,0,0.9629629629629629,0.0120951411147093,0.9459459459459459,0.972972972972973,"[0.972972972972973, 0.96996996996997, 0.9459459459459459]",0.9459459459459459,0.9729729729729731,0.9629629629629629,0.9968301641929139,10010888
79d948f95c7e,bdh_cq,propagate,25000,4,interp,"{""dim"": 1, ""distance"": 1, ""length"": 12, ""n_sources"": 1}",3,True,False,0,0.9620758483033932,0.009255108278937833,0.9491017964071856,0.9700598802395209,"[0.9670658682634731, 0.9700598802395209, 0.9491017964071856]",0.9491017964071856,0.9700598802395209,0.9620758483033932,0.996839654778768,10010888
79d948f95c7e,bdh_cq,propagate,25000,4,interp,"{""dim"": 1, ""distance"": 2, ""length"": 12, ""n_sources"": 1}",3,True,False,0,0.9859859859859861,0.007490805579127029,0.975975975975976,0.993993993993994,"[0.987987987987988, 0.993993993993994, 0.975975975975976]",0.975975975975976,0.993993993993994,0.9859859859859861,0.9985819154076867,10010888
79d948f95c7e,bdh_cq,propagate,25000,4,interp,"{""dim"": 1, ""distance"": 4, ""length"": 12, ""n_sources"": 1}",3,True,False,0,0.97997997997998,0.017737782929598944,0.954954954954955,0.993993993993994,"[0.993993993993994, 0.990990990990991, 0.954954954954955]",0.954954954954955,0.993993993993994,0.97997997997998,0.9983316653960937,10010888
79d948f95c7e,bdh_cq,propagate,27500,4,interp,"{""dim"": 1, ""distance"": 1, ""length"": 12, ""n_sources"": 1}",3,True,False,0,0.9580838323353293,0.021311533437188255,0.9281437125748503,0.9760479041916168,"[0.9700598802395209, 0.9281437125748503, 0.9760479041916168]",0.9281437125748503,0.9760479041916167,0.9580838323353293,0.9965069868607435,10010888
79d948f95c7e,bdh_cq,propagate,27500,4,interp,"{""dim"": 1, ""distance"": 2, ""length"": 12, ""n_sources"": 1}",3,True,False,0,0.984984984984985,0.004903883368935272,0.978978978978979,0.990990990990991,"[0.990990990990991, 0.984984984984985, 0.978978978978979]",0.978978978978979,0.990990990990991,0.984984984984985,0.9987487490470702,10010888
79d948f95c7e,bdh_cq,propagate,27500,4,interp,"{""dim"": 1, ""distance"": 4, ""length"": 12, ""n_sources"": 1}",3,True,False,0,0.984984984984985,0.017163591791273528,0.960960960960961,1.0,"[1.0, 0.993993993993994, 0.960960960960961]",0.960960960960961,1.0,0.984984984984985,0.9987487490470702,10010888
79d948f95c7e,bdh_cq,propagate,30000,4,interp,"{""dim"": 1, ""distance"": 1, ""length"": 12, ""n_sources"": 1}",3,True,False,0,0.9650698602794412,0.024486714863044535,0.9311377245508982,0.9880239520958084,"[0.9880239520958084, 0.9311377245508982, 0.9760479041916168]",0.9311377245508982,0.9880239520958084,0.9650698602794412,0.9970891557172862,10010888
79d948f95c7e,bdh_cq,propagate,30000,4,interp,"{""dim"": 1, ""distance"": 2, ""length"": 12, ""n_sources"": 1}",3,True,False,0,0.9979979979979979,0.002831258383129308,0.993993993993994,1.0,"[1.0, 0.993993993993994, 1.0]",0.993993993993994,1.0,0.9979979979979979,0.9998331665396094,10010888
79d948f95c7e,bdh_cq,propagate,30000,4,interp,"{""dim"": 1, ""distance"": 4, ""length"": 12, ""n_sources"": 1}",3,True,False,0,0.9919919919919921,0.006170584587556532,0.984984984984985,1.0,"[0.990990990990991, 1.0, 0.984984984984985]",0.984984984984985,1.0,0.9919919919919921,0.9993326661584376,10010888
79d948f95c7e,bdh_cq,propagate,32500,4,interp,"{""dim"": 1, ""distance"": 1, ""length"": 12, ""n_sources"": 1}",3,True,False,0,0.9690618762475051,0.02725848360029474,0.9311377245508982,0.9940119760479041,"[0.9940119760479041, 0.9311377245508982, 0.9820359281437125]",0.9311377245508982,0.9940119760479041,0.9690618762475051,0.9974218236353107,10010888
79d948f95c7e,bdh_cq,propagate,32500,4,interp,"{""dim"": 1, ""distance"": 2, ""length"": 12, ""n_sources"": 1}",3,True,False,0,0.998998998998999,0.0014156291915646802,0.996996996996997,1.0,"[1.0, 0.996996996996997, 1.0]",0.9969969969969968,1.0,0.998998998998999,0.9999165832698047,10010888
79d948f95c7e,bdh_cq,propagate,32500,4,interp,"{""dim"": 1, ""distance"": 4, ""length"": 12, ""n_sources"": 1}",3,True,False,0,0.990990990990991,0.01068776601804936,0.975975975975976,1.0,"[1.0, 0.996996996996997, 0.975975975975976]",0.975975975975976,1.0,0.990990990990991,0.9992492494282422,10010888
79d948f95c7e,bdh_cq,propagate,35000,4,interp,"{""dim"": 1, ""distance"": 1, ""length"": 12, ""n_sources"": 1}",3,True,False,0,0.9780439121756487,0.0173434602764299,0.9550898203592815,0.9970059880239521,"[0.9970059880239521, 0.9550898203592815, 0.9820359281437125]",0.9550898203592815,0.9970059880239521,0.9780439121756487,0.9981703264508658,10010888
79d948f95c7e,bdh_cq,propagate,35000,4,interp,"{""dim"": 1, ""distance"": 2, ""length"": 12, ""n_sources"": 1}",3,True,False,0,1.0,0.0,1.0,1.0,"[1.0, 1.0, 1.0]",1.0,1.0,1.0,1.0,10010888
79d948f95c7e,bdh_cq,propagate,35000,4,interp,"{""dim"": 1, ""distance"": 4, ""length"": 12, ""n_sources"": 1}",3,True,False,0,0.990990990990991,0.0064872279263341855,0.984984984984985,1.0,"[1.0, 0.987987987987988, 0.984984984984985]",0.984984984984985,1.0,0.990990990990991,0.9992492494282422,10010888
79d948f95c7e,bdh_cq,propagate,37500,4,interp,"{""dim"": 1, ""distance"": 1, ""length"": 12, ""n_sources"": 1}",3,True,False,0,0.9740518962075848,0.018670945043782132,0.9491017964071856,0.9940119760479041,"[0.9940119760479041, 0.9491017964071856, 0.9790419161676647]",0.9491017964071856,0.9940119760479041,0.9740518962075848,0.9978376585328412,10010888
79d948f95c7e,bdh_cq,propagate,37500,4,interp,"{""dim"": 1, ""distance"": 2, ""length"": 12, ""n_sources"": 1}",3,True,False,0,1.0,0.0,1.0,1.0,"[1.0, 1.0, 1.0]",1.0,1.0,1.0,1.0,10010888
79d948f95c7e,bdh_cq,propagate,37500,4,interp,"{""dim"": 1, ""distance"": 4, ""length"": 12, ""n_sources"": 1}",3,True,False,0,0.9969969969969971,0.002451941684467636,0.993993993993994,1.0,"[1.0, 0.996996996996997, 0.993993993993994]",0.993993993993994,1.0,0.9969969969969971,0.9997497498094141,10010888
79d948f95c7e,bdh_cq,propagate,40000,4,interp,"{""dim"": 1, ""distance"": 1, ""length"": 12, ""n_sources"": 1}",3,True,False,0,0.9740518962075848,0.018670945043782132,0.9491017964071856,0.9940119760479041,"[0.9940119760479041, 0.9491017964071856, 0.9790419161676647]",0.9491017964071856,0.9940119760479041,0.9740518962075848,0.9978376585328412,10010888
79d948f95c7e,bdh_cq,propagate,40000,4,interp,"{""dim"": 1, ""distance"": 2, ""length"": 12, ""n_sources"": 1}",3,True,False,0,1.0,0.0,1.0,1.0,"[1.0, 1.0, 1.0]",1.0,1.0,1.0,1.0,10010888
79d948f95c7e,bdh_cq,propagate,40000,4,interp,"{""dim"": 1, ""distance"": 4, ""length"": 12, ""n_sources"": 1}",3,True,False,0,0.9969969969969971,0.002451941684467636,0.993993993993994,1.0,"[1.0, 0.996996996996997, 0.993993993993994]",0.993993993993994,1.0,0.9969969969969971,0.9997497498094141,10010888
9b4bca1a63ee,bdh_cq,propagate,2500,4,interp,"{""dim"": 1, ""distance"": 1, ""length"": 12, ""n_sources"": 1}",3,True,False,0,0.0,0.0,0.0,0.0,"[0.0, 0.0, 0.0]",0.0,0.0,0.0,0.8020625290221083,10012145
9b4bca1a63ee,bdh_cq,propagate,2500,4,interp,"{""dim"": 1, ""distance"": 2, ""length"": 12, ""n_sources"": 1}",3,True,False,0,0.0,0.0,0.0,0.0,"[0.0, 0.0, 0.0]",0.0,0.0,0.0,0.7916249481586366,10012145
9b4bca1a63ee,bdh_cq,propagate,2500,4,interp,"{""dim"": 1, ""distance"": 4, ""length"": 12, ""n_sources"": 1}",3,True,False,0,0.0,0.0,0.0,0.0,"[0.0, 0.0, 0.0]",0.0,0.0,0.0,0.7844511054836594,10012145
9b4bca1a63ee,bdh_cq,propagate,5000,4,interp,"{""dim"": 1, ""distance"": 1, ""length"": 12, ""n_sources"": 1}",3,True,False,0,0.0,0.0,0.0,0.0,"[0.0, 0.0, 0.0]",0.0,0.0,0.0,0.7793579385086091,10012145
9b4bca1a63ee,bdh_cq,propagate,5000,4,interp,"{""dim"": 1, ""distance"": 2, ""length"": 12, ""n_sources"": 1}",3,True,False,0,0.0,0.0,0.0,0.0,"[0.0, 0.0, 0.0]",0.0,0.0,0.0,0.7816983546998287,10012145
9b4bca1a63ee,bdh_cq,propagate,5000,4,interp,"{""dim"": 1, ""distance"": 4, ""length"": 12, ""n_sources"": 1}",3,True,False,0,0.0,0.0,0.0,0.0,"[0.0, 0.0, 0.0]",0.0,0.0,0.0,0.7761928474640585,10012145
9b4bca1a63ee,bdh_cq,propagate,7500,4,interp,"{""dim"": 1, ""distance"": 1, ""length"": 12, ""n_sources"": 1}",3,True,False,0,0.018962075848303395,0.01898832094854336,0.0,0.04491017964071856,"[0.011976047904191617, 0.0, 0.04491017964071856]",0.0,0.04491017964071856,0.018962075848303395,0.823685957420015,10012145
9b4bca1a63ee,bdh_cq,propagate,7500,4,interp,"{""dim"": 1, ""distance"": 2, ""length"": 12, ""n_sources"": 1}",3,True,False,0,0.01901901901901902,0.016325832262562654,0.006006006006006006,0.042042042042042045,"[0.009009009009009009, 0.006006006006006006, 0.042042042042042045]",0.006006006006006006,0.042042042042042045,0.01901901901901902,0.8268268189809702,10012145
9b4bca1a63ee,bdh_cq,propagate,7500,4,interp,"{""dim"": 1, ""distance"": 4, ""length"": 12, ""n_sources"": 1}",3,True,False,0,0.001001001001001001,0.0014156291915646596,0.0,0.003003003003003003,"[0.003003003003003003, 0.0, 0.0]",0.0,0.003003003003003003,0.001001001001001001,0.7942942871942416,10012145
9b4bca1a63ee,bdh_cq,propagate,10000,4,interp,"{""dim"": 1, ""distance"": 1, ""length"": 12, ""n_sources"": 1}",3,True,False,0,0.23153692614770457,0.0960057016671955,0.09580838323353294,0.3023952095808383,"[0.09580838323353294, 0.3023952095808383, 0.2964071856287425]",0.09580838323353295,0.3023952095808383,0.23153692614770457,0.9023619475597869,10012145
9b4bca1a63ee,bdh_cq,propagate,10000,4,interp,"{""dim"": 1, ""distance"": 2, ""length"": 12, ""n_sources"": 1}",3,True,False,0,0.16816816816816815,0.11214785644973709,0.012012012012012012,0.2702702702702703,"[0.012012012012012012, 0.2702702702702703, 0.2222222222222222]",0.012012012012012012,0.2702702702702703,0.16816816816816815,0.8873873906092601,10012145
9b4bca1a63ee,bdh_cq,propagate,10000,4,interp,"{""dim"": 1, ""distance"": 4, ""length"": 12, ""n_sources"": 1}",3,True,False,0,0.12112112112112113,0.09201589745170288,0.006006006006006006,0.23123123123123124,"[0.006006006006006006, 0.12612612612612611, 0.23123123123123124]",0.006006006006006006,0.23123123123123124,0.12112112112112113,0.8816316342866933,10012145
9b4bca1a63ee,bdh_cq,propagate,12500,4,interp,"{""dim"": 1, ""distance"": 1, ""length"": 12, ""n_sources"": 1}",3,True,False,0,0.7864271457085827,0.099760471054689,0.6526946107784432,0.8922155688622755,"[0.6526946107784432, 0.8922155688622755, 0.8143712574850299]",0.6526946107784432,0.8922155688622754,0.7864271457085827,0.9804557586858372,10012145
9b4bca1a63ee,bdh_cq,propagate,12500,4,interp,"{""dim"": 1, ""distance"": 2, ""length"": 12, ""n_sources"": 1}",3,True,False,0,0.7917917917917917,0.06400147092350661,0.7177177177177178,0.8738738738738738,"[0.7837837837837838, 0.8738738738738738, 0.7177177177177178]",0.7177177177177178,0.8738738738738738,0.7917917917917917,0.9803136501822983,10012145
9b4bca1a63ee,bdh_cq,propagate,12500,4,interp,"{""dim"": 1, ""distance"": 4, ""length"": 12, ""n_sources"": 1}",3,True,False,0,0.7807807807807808,0.04897749678768797,0.7147147147147147,0.8318318318318318,"[0.7147147147147147, 0.7957957957957958, 0.8318318318318318]",0.7147147147147147,0.8318318318318317,0.7807807807807808,0.979562899550876,10012145
9b4bca1a63ee,bdh_cq,propagate,15000,4,interp,"{""dim"": 1, ""distance"": 1, ""length"": 12, ""n_sources"": 1}",3,True,False,0,0.9371257485029941,0.012935610176462812,0.9251497005988024,0.9550898203592815,"[0.9251497005988024, 0.9311377245508982, 0.9550898203592815]",0.9251497005988024,0.9550898203592815,0.9371257485029941,0.9940119770591607,10012145
9b4bca1a63ee,bdh_cq,propagate,15000,4,interp,"{""dim"": 1, ""distance"": 2, ""length"": 12, ""n_sources"": 1}",3,True,False,0,0.928928928928929,0.01840317949034057,0.9069069069069069,0.9519519519519519,"[0.9279279279279279, 0.9519519519519519, 0.9069069069069069]",0.9069069069069068,0.9519519519519518,0.928928928928929,0.9937437449966943,10012145
9b4bca1a63ee,bdh_cq,propagate,15000,4,interp,"{""dim"": 1, ""distance"": 4, ""length"": 12, ""n_sources"": 1}",3,True,False,0,0.9429429429429429,0.032436139631670996,0.8978978978978979,0.972972972972973,"[0.8978978978978979, 0.9579579579579579, 0.972972972972973]",0.8978978978978979,0.9729729729729731,0.9429429429429429,0.9950784127991478,10012145
9b4bca1a63ee,bdh_cq,propagate,17500,4,interp,"{""dim"": 1, ""distance"": 1, ""length"": 12, ""n_sources"": 1}",3,True,False,0,0.9371257485029939,0.006467805088231414,0.9281437125748503,0.9431137724550899,"[0.9401197604790419, 0.9431137724550899, 0.9281437125748503]",0.9281437125748503,0.9431137724550899,0.9371257485029939,0.9944278121351481,10012145
9b4bca1a63ee,bdh_cq,propagate,17500,4,interp,"{""dim"": 1, ""distance"": 2, ""length"": 12, ""n_sources"": 1}",3,True,False,0,0.931931931931932,0.047818101751736466,0.8648648648648649,0.972972972972973,"[0.8648648648648649, 0.972972972972973, 0.9579579579579579]",0.8648648648648649,0.9729729729729731,0.931931931931932,0.9939939951872802,10012145
9b4bca1a63ee,bdh_cq,propagate,17500,4,interp,"{""dim"": 1, ""distance"": 4, ""length"": 12, ""n_sources"": 1}",3,True,False,0,0.978978978978979,0.012974455852668388,0.960960960960961,0.990990990990991,"[0.990990990990991, 0.960960960960961, 0.984984984984985]",0.960960960960961,0.990990990990991,0.978978978978979,0.9979145815661242,10012145
9b4bca1a63ee,bdh_cq,propagate,20000,4,interp,"{""dim"": 1, ""distance"": 1, ""length"": 12, ""n_sources"": 1}",3,True,False,0,0.9700598802395209,0.004234172342434371,0.9640718562874252,0.9730538922155688,"[0.9640718562874252, 0.9730538922155688, 0.9730538922155688]",0.9640718562874252,0.9730538922155688,0.9700598802395209,0.9974218235758251,10012145
9b4bca1a63ee,bdh_cq,propagate,20000,4,interp,"{""dim"": 1, ""distance"": 2, ""length"": 12, ""n_sources"": 1}",3,True,False,0,0.970970970970971,0.013504241805037088,0.9519519519519519,0.9819819819819819,"[0.9519519519519519, 0.978978978978979, 0.9819819819819819]",0.9519519519519518,0.9819819819819818,0.970970970970971,0.9973306645144212,10012145
9b4bca1a63ee,bdh_cq,propagate,20000,4,interp,"{""dim"": 1, ""distance"": 4, ""length"": 12, ""n_sources"": 1}",3,True,False,0,0.98998998998999,0.005104123637229987,0.984984984984985,0.996996996996997,"[0.984984984984985, 0.987987987987988, 0.996996996996997]",0.984984984984985,0.9969969969969968,0.98998998998999,0.9990824159081874,10012145
9b4bca1a63ee,bdh_cq,propagate,22500,4,interp,"{""dim"": 1, ""distance"": 1, ""length"": 12, ""n_sources"": 1}",3,True,False,0,0.9860279441117764,0.0037341890087564285,0.9820359281437125,0.9910179640718563,"[0.9910179640718563, 0.9820359281437125, 0.9850299401197605]",0.9820359281437124,0.9910179640718563,0.9860279441117764,0.9988356622869144,10012145
9b4bca1a63ee,bdh_cq,propagate,22500,4,interp,"{""dim"": 1, ""distance"": 2, ""length"": 12, ""n_sources"": 1}",3,True,False,0,0.988988988988989,0.005104123637230038,0.9819819819819819,0.993993993993994,"[0.9819819819819819, 0.993993993993994, 0.990990990990991]",0.9819819819819818,0.993993993993994,0.988988988988989,0.9990824159678516,10012145
9b4bca1a63ee,bdh_cq,propagate,22500,4,interp,"{""dim"": 1, ""distance"": 4, ""length"": 12, ""n_sources"": 1}",3,True,False,0,0.9919919919919921,0.002831258383129308,0.987987987987988,0.993993993993994,"[0.993993993993994, 0.987987987987988, 0.993993993993994]",0.9879879879879881,0.993993993993994,0.9919919919919921,0.9993326661584375,10012145
9b4bca1a63ee,bdh_cq,propagate,25000,4,interp,"{""dim"": 1, ""distance"": 1, ""length"": 12, ""n_sources"": 1}",3,True,False,0,0.9770459081836327,0.01017768365986583,0.9670658682634731,0.9910179640718563,"[0.9730538922155688, 0.9670658682634731, 0.9910179640718563]",0.9670658682634731,0.9910179640718563,0.9770459081836327,0.9980871594713596,10012145
9b4bca1a63ee,bdh_cq,propagate,25000,4,interp,"{""dim"": 1, ""distance"": 2, ""length"": 12, ""n_sources"": 1}",3,True,False,0,0.990990990990991,0.004246887574693936,0.987987987987988,0.996996996996997,"[0.987987987987988, 0.987987987987988, 0.996996996996997]",0.9879879879879881,0.9969969969969968,0.990990990990991,0.9992492494282422,10012145
9b4bca1a63ee,bdh_cq,propagate,25000,4,interp,"{""dim"": 1, ""distance"": 4, ""length"": 12, ""n_sources"": 1}",3,True,False,0,0.993993993993994,0.004246887574693936,0.987987987987988,0.996996996996997,"[0.987987987987988, 0.996996996996997, 0.996996996996997]",0.9879879879879881,0.9969969969969968,0.993993993993994,0.9994994996188282,10012145
9b4bca1a63ee,bdh_cq,propagate,27500,4,interp,"{""dim"": 1, ""distance"": 1, ""length"": 12, ""n_sources"": 1}",3,True,False,0,0.9900199600798403,0.007858291291428954,0.9790419161676647,0.9970059880239521,"[0.9940119760479041, 0.9790419161676647, 0.9970059880239521]",0.9790419161676646,0.9970059880239521,0.9900199600798403,0.9991683302049389,10012145
9b4bca1a63ee,bdh_cq,propagate,27500,4,interp,"{""dim"": 1, ""distance"": 2, ""length"": 12, ""n_sources"": 1}",3,True,False,0,0.96996996996997,0.03822198817224579,0.9159159159159159,0.996996996996997,"[0.9159159159159159, 0.996996996996997, 0.996996996996997]",0.9159159159159159,0.9969969969969968,0.96996996996997,0.997414081304281,10012145
9b4bca1a63ee,bdh_cq,propagate,27500,4,interp,"{""dim"": 1, ""distance"": 4, ""length"": 12, ""n_sources"": 1}",3,True,False,0,0.9919919919919918,0.0070781459578232965,0.9819819819819819,0.996996996996997,"[0.9819819819819819, 0.996996996996997, 0.996996996996997]",0.9819819819819818,0.9969969969969968,0.9919919919919918,0.9993326661584375,10012145
9b4bca1a63ee,bdh_cq,propagate,30000,4,interp,"{""dim"": 1, ""distance"": 1, ""length"": 12, ""n_sources"": 1}",3,True,False,0,0.9890219560878243,0.006152109783402197,0.9820359281437125,0.9970059880239521,"[0.9970059880239521, 0.9820359281437125, 0.9880239520958084]",0.9820359281437124,0.9970059880239521,0.9890219560878243,0.9990851632254328,10012145
9b4bca1a63ee,bdh_cq,propagate,30000,4,interp,"{""dim"": 1, ""distance"": 2, ""length"": 12, ""n_sources"": 1}",3,True,False,0,0.995995995995996,0.0014156291915646277,0.993993993993994,0.996996996996997,"[0.996996996996997, 0.996996996996997, 0.993993993993994]",0.993993993993994,0.9969969969969968,0.995995995995996,0.9996663330792188,10012145
9b4bca1a63ee,bdh_cq,propagate,30000,4,interp,"{""dim"": 1, ""distance"": 4, ""length"": 12, ""n_sources"": 1}",3,True,False,0,0.998998998998999,0.0014156291915646802,0.996996996996997,1.0,"[1.0, 1.0, 0.996996996996997]",0.9969969969969968,1.0,0.998998998998999,0.9999165832698047,10012145
9b4bca1a63ee,bdh_cq,propagate,32500,4,interp,"{""dim"": 1, ""distance"": 1, ""length"": 12, ""n_sources"": 1}",3,True,False,0,0.9920159680638724,0.005088841829932901,0.9850299401197605,0.9970059880239521,"[0.9970059880239521, 0.9850299401197605, 0.9940119760479041]",0.9850299401197605,0.9970059880239521,0.9920159680638724,0.9993346641639511,10012145
9b4bca1a63ee,bdh_cq,propagate,32500,4,interp,"{""dim"": 1, ""distance"": 2, ""length"": 12, ""n_sources"": 1}",3,True,False,0,0.9979979979979979,0.0014156291915646802,0.996996996996997,1.0,"[0.996996996996997, 0.996996996996997, 1.0]",0.9969969969969968,1.0,0.9979979979979979,0.9998331665396094,10012145
9b4bca1a63ee,bdh_cq,propagate,32500,4,interp,"{""dim"": 1, ""distance"": 4, ""length"": 12, ""n_sources"": 1}",3,True,False,0,0.998998998998999,0.0014156291915646802,0.996996996996997,1.0,"[1.0, 1.0, 0.996996996996997]",0.9969969969969968,1.0,0.998998998998999,0.9999165832698047,10012145
9b4bca1a63ee,bdh_cq,propagate,35000,4,interp,"{""dim"": 1, ""distance"": 1, ""length"": 12, ""n_sources"": 1}",3,True,False,0,0.9960079840319361,0.002822781561622967,0.9940119760479041,1.0,"[1.0, 0.9940119760479041, 0.9940119760479041]",0.9940119760479041,1.0,0.9960079840319361,0.9996673320819754,10012145
9b4bca1a63ee,bdh_cq,propagate,35000,4,interp,"{""dim"": 1, ""distance"": 2, ""length"": 12, ""n_sources"": 1}",3,True,False,0,1.0,0.0,1.0,1.0,"[1.0, 1.0, 1.0]",1.0,1.0,1.0,1.0,10012145
9b4bca1a63ee,bdh_cq,propagate,35000,4,interp,"{""dim"": 1, ""distance"": 4, ""length"": 12, ""n_sources"": 1}",3,True,False,0,1.0,0.0,1.0,1.0,"[1.0, 1.0, 1.0]",1.0,1.0,1.0,1.0,10012145
9b4bca1a63ee,bdh_cq,propagate,37500,4,interp,"{""dim"": 1, ""distance"": 1, ""length"": 12, ""n_sources"": 1}",3,True,False,0,0.9960079840319361,0.002822781561622967,0.9940119760479041,1.0,"[1.0, 0.9940119760479041, 0.9940119760479041]",0.9940119760479041,1.0,0.9960079840319361,0.9996673320819754,10012145
9b4bca1a63ee,bdh_cq,propagate,37500,4,interp,"{""dim"": 1, ""distance"": 2, ""length"": 12, ""n_sources"": 1}",3,True,False,0,0.998998998998999,0.0014156291915646802,0.996996996996997,1.0,"[0.996996996996997, 1.0, 1.0]",0.9969969969969968,1.0,0.998998998998999,0.9999165832698047,10012145
9b4bca1a63ee,bdh_cq,propagate,37500,4,interp,"{""dim"": 1, ""distance"": 4, ""length"": 12, ""n_sources"": 1}",3,True,False,0,1.0,0.0,1.0,1.0,"[1.0, 1.0, 1.0]",1.0,1.0,1.0,1.0,10012145
9b4bca1a63ee,bdh_cq,propagate,40000,4,interp,"{""dim"": 1, ""distance"": 1, ""length"": 12, ""n_sources"": 1}",3,True,False,0,0.9960079840319361,0.002822781561622967,0.9940119760479041,1.0,"[1.0, 0.9940119760479041, 0.9940119760479041]",0.9940119760479041,1.0,0.9960079840319361,0.9996673320819754,10012145
9b4bca1a63ee,bdh_cq,propagate,40000,4,interp,"{""dim"": 1, ""distance"": 2, ""length"": 12, ""n_sources"": 1}",3,True,False,0,0.998998998998999,0.0014156291915646802,0.996996996996997,1.0,"[0.996996996996997, 1.0, 1.0]",0.9969969969969968,1.0,0.998998998998999,0.9999165832698047,10012145
9b4bca1a63ee,bdh_cq,propagate,40000,4,interp,"{""dim"": 1, ""distance"": 4, ""length"": 12, ""n_sources"": 1}",3,True,False,0,1.0,0.0,1.0,1.0,"[1.0, 1.0, 1.0]",1.0,1.0,1.0,1.0,10012145
a976f5e26896,bdh_cq,propagate,2500,4,interp,"{""dim"": 1, ""distance"": 1, ""length"": 12, ""n_sources"": 1}",1,True,True,0,0.0,0.0,0.0,0.0,[0.0],0.0,0.0,0.0,0.8009950127174605,10012145
a976f5e26896,bdh_cq,propagate,2500,4,interp,"{""dim"": 1, ""distance"": 2, ""length"": 12, ""n_sources"": 1}",1,True,True,0,0.0,0.0,0.0,0.0,[0.0],0.0,0.0,0.0,0.8022387935154474,10012145
a976f5e26896,bdh_cq,propagate,2500,4,interp,"{""dim"": 1, ""distance"": 4, ""length"": 12, ""n_sources"": 1}",1,True,True,0,0.0,0.0,0.0,0.0,[0.0],0.0,0.0,0.0,0.7891414011969711,10012145
a976f5e26896,bdh_cq,propagate,5000,4,interp,"{""dim"": 1, ""distance"": 1, ""length"": 12, ""n_sources"": 1}",1,True,True,0,0.0,0.0,0.0,0.0,[0.0],0.0,0.0,0.0,0.8009950087141635,10012145
a976f5e26896,bdh_cq,propagate,5000,4,interp,"{""dim"": 1, ""distance"": 2, ""length"": 12, ""n_sources"": 1}",1,True,True,0,0.0,0.0,0.0,0.0,[0.0],0.0,0.0,0.0,0.8059701367990294,10012145
a976f5e26896,bdh_cq,propagate,5000,4,interp,"{""dim"": 1, ""distance"": 4, ""length"": 12, ""n_sources"": 1}",1,True,True,0,0.0,0.0,0.0,0.0,[0.0],0.0,0.0,0.0,0.7992424097928134,10012145
a976f5e26896,bdh_cq,propagate,7500,4,interp,"{""dim"": 1, ""distance"": 1, ""length"": 12, ""n_sources"": 1}",1,True,True,0,0.0,0.0,0.0,0.0,[0.0],0.0,0.0,0.0,0.8059701350197863,10012145
a976f5e26896,bdh_cq,propagate,7500,4,interp,"{""dim"": 1, ""distance"": 2, ""length"": 12, ""n_sources"": 1}",1,True,True,0,0.0,0.0,0.0,0.0,[0.0],0.0,0.0,0.0,0.8109452608805984,10012145
a976f5e26896,bdh_cq,propagate,7500,4,interp,"{""dim"": 1, ""distance"": 4, ""length"": 12, ""n_sources"": 1}",1,True,True,0,0.0,0.0,0.0,0.0,[0.0],0.0,0.0,0.0,0.8068181682716716,10012145
a976f5e26896,bdh_cq,propagate,8000,4,interp,"{""dim"": 1, ""distance"": 1, ""length"": 12, ""n_sources"": 1}",1,True,True,0,0.0,0.0,0.0,0.0,[0.0],0.0,0.0,0.0,0.8059701350197863,10012145
a976f5e26896,bdh_cq,propagate,8000,4,interp,"{""dim"": 1, ""distance"": 2, ""length"": 12, ""n_sources"": 1}",1,True,True,0,0.0,0.0,0.0,0.0,[0.0],0.0,0.0,0.0,0.8121890407889637,10012145
a976f5e26896,bdh_cq,propagate,8000,4,interp,"{""dim"": 1, ""distance"": 4, ""length"": 12, ""n_sources"": 1}",1,True,True,0,0.0,0.0,0.0,0.0,[0.0],0.0,0.0,0.0,0.8118686730211432,10012145
cb0b76097aaf,bdh_cq,propagate,2500,4,interp,"{""dim"": 1, ""distance"": 1, ""length"": 12, ""n_sources"": 1}",3,True,False,0,0.0,0.0,0.0,0.0,"[0.0, 0.0, 0.0]",0.0,0.0,0.0,0.7992348519271005,10010880
cb0b76097aaf,bdh_cq,propagate,2500,4,interp,"{""dim"": 1, ""distance"": 2, ""length"": 12, ""n_sources"": 1}",3,True,False,0,0.0,0.0,0.0,0.0,"[0.0, 0.0, 0.0]",0.0,0.0,0.0,0.792375698879555,10010880
cb0b76097aaf,bdh_cq,propagate,2500,4,interp,"{""dim"": 1, ""distance"": 4, ""length"": 12, ""n_sources"": 1}",3,True,False,0,0.0,0.0,0.0,0.0,"[0.0, 0.0, 0.0]",0.0,0.0,0.0,0.7916249466073645,10010880
cb0b76097aaf,bdh_cq,propagate,5000,4,interp,"{""dim"": 1, ""distance"": 1, ""length"": 12, ""n_sources"": 1}",3,True,False,0,0.0,0.0,0.0,0.0,"[0.0, 0.0, 0.0]",0.0,0.0,0.0,0.7914171540838278,10010880
cb0b76097aaf,bdh_cq,propagate,5000,4,interp,"{""dim"": 1, ""distance"": 2, ""length"": 12, ""n_sources"": 1}",3,True,False,0,0.0,0.0,0.0,0.0,"[0.0, 0.0, 0.0]",0.0,0.0,0.0,0.7866199436011138,10010880
cb0b76097aaf,bdh_cq,propagate,5000,4,interp,"{""dim"": 1, ""distance"": 4, ""length"": 12, ""n_sources"": 1}",3,True,False,0,0.0,0.0,0.0,0.0,"[0.0, 0.0, 0.0]",0.0,0.0,0.0,0.7892892774906722,10010880
cb0b76097aaf,bdh_cq,propagate,7500,4,interp,"{""dim"": 1, ""distance"": 1, ""length"": 12, ""n_sources"": 1}",3,True,False,0,0.0,0.0,0.0,0.0,"[0.0, 0.0, 0.0]",0.0,0.0,0.0,0.8016466963404191,10010880
cb0b76097aaf,bdh_cq,propagate,7500,4,interp,"{""dim"": 1, ""distance"": 2, ""length"": 12, ""n_sources"": 1}",3,True,False,0,0.006006006006006006,0.0042468875746939794,0.0,0.009009009009009009,"[0.009009009009009009, 0.0, 0.009009009009009009]",0.0,0.009009009009009009,0.006006006006006006,0.8156489734654432,10010880
cb0b76097aaf,bdh_cq,propagate,7500,4,interp,"{""dim"": 1, ""distance"": 4, ""length"": 12, ""n_sources"": 1}",3,True,False,0,0.001001001001001001,0.0014156291915646596,0.0,0.003003003003003003,"[0.0, 0.0, 0.003003003003003003]",0.0,0.003003003003003003,0.001001001001001001,0.801801792583666,10010880
cb0b76097aaf,bdh_cq,propagate,10000,4,interp,"{""dim"": 1, ""distance"": 1, ""length"": 12, ""n_sources"": 1}",3,True,False,0,0.016966067864271458,0.01346380994334535,0.005988023952095809,0.03592814371257485,"[0.005988023952095809, 0.008982035928143712, 0.03592814371257485]",0.00598802395209581,0.03592814371257485,0.016966067864271458,0.833499661551978,10010880
cb0b76097aaf,bdh_cq,propagate,10000,4,interp,"{""dim"": 1, ""distance"": 2, ""length"": 12, ""n_sources"": 1}",3,True,False,0,0.009009009009009009,0.006487227926334194,0.003003003003003003,0.018018018018018018,"[0.003003003003003003, 0.006006006006006006, 0.018018018018018018]",0.003003003003003003,0.018018018018018018,0.009009009009009009,0.8332499070866808,10010880
cb0b76097aaf,bdh_cq,propagate,10000,4,interp,"{""dim"": 1, ""distance"": 4, ""length"": 12, ""n_sources"": 1}",3,True,False,0,0.005005005005005005,0.0037454027895635045,0.0,0.009009009009009009,"[0.006006006006006006, 0.009009009009009009, 0.0]",0.0,0.009009009009009009,0.005005005005005005,0.8148148065214759,10010880
cb0b76097aaf,bdh_cq,propagate,12500,4,interp,"{""dim"": 1, ""distance"": 1, ""length"": 12, ""n_sources"": 1}",3,True,False,0,0.2305389221556886,0.15424247751366776,0.04790419161676647,0.4251497005988024,"[0.04790419161676647, 0.4251497005988024, 0.218562874251497]",0.04790419161676648,0.42514970059880247,0.2305389221556886,0.8961244207358884,10010880
cb0b76097aaf,bdh_cq,propagate,12500,4,interp,"{""dim"": 1, ""distance"": 2, ""length"": 12, ""n_sources"": 1}",3,True,False,0,0.2132132132132132,0.1508093637175942,0.02702702702702703,0.3963963963963964,"[0.02702702702702703, 0.3963963963963964, 0.21621621621621623]",0.02702702702702703,0.3963963963963964,0.2132132132132132,0.8951451471737317,10010880
cb0b76097aaf,bdh_cq,propagate,12500,4,interp,"{""dim"": 1, ""distance"": 4, ""length"": 12, ""n_sources"": 1}",3,True,False,0,0.14314314314314314,0.146591119867103,0.015015015015015015,0.3483483483483483,"[0.015015015015015015, 0.3483483483483483, 0.06606606606606606]",0.015015015015015015,0.3483483483483483,0.14314314314314314,0.8738738754251459,10010880
cb0b76097aaf,bdh_cq,propagate,15000,4,interp,"{""dim"": 1, ""distance"": 1, ""length"": 12, ""n_sources"": 1}",3,True,False,0,0.6766467065868262,0.20966636407199518,0.39520958083832336,0.8982035928143712,"[0.39520958083832336, 0.7365269461077845, 0.8982035928143712]",0.39520958083832336,0.8982035928143711,0.6766467065868262,0.9703093864127785,10010880
cb0b76097aaf,bdh_cq,propagate,15000,4,interp,"{""dim"": 1, ""distance"": 2, ""length"": 12, ""n_sources"": 1}",3,True,False,0,0.6876876876876876,0.18029692580831874,0.5165165165165165,0.9369369369369369,"[0.5165165165165165, 0.6096096096096096, 0.9369369369369369]",0.5165165165165165,0.9369369369369368,0.6876876876876876,0.9703036417235603,10010880
cb0b76097aaf,bdh_cq,propagate,15000,4,interp,"{""dim"": 1, ""distance"": 4, ""length"": 12, ""n_sources"": 1}",3,True,False,0,0.7037037037037037,0.237222454061434,0.36936936936936937,0.8948948948948949,"[0.36936936936936937, 0.8948948948948949, 0.8468468468468469]",0.36936936936936937,0.8948948948948949,0.7037037037037037,0.9669669704871612,10010880
cb0b76097aaf,bdh_cq,propagate,17500,4,interp,"{""dim"": 1, ""distance"": 1, ""length"": 12, ""n_sources"": 1}",3,True,False,0,0.934131736526946,0.03288873663330159,0.8892215568862275,0.9670658682634731,"[0.8892215568862275, 0.9461077844311377, 0.9670658682634731]",0.8892215568862275,0.9670658682634731,0.934131736526946,0.9942614782356216,10010880
cb0b76097aaf,bdh_cq,propagate,17500,4,interp,"{""dim"": 1, ""distance"": 2, ""length"": 12, ""n_sources"": 1}",3,True,False,0,0.8178178178178178,0.06460916741983953,0.7297297297297297,0.8828828828828829,"[0.7297297297297297, 0.8828828828828829, 0.8408408408408409]",0.7297297297297297,0.8828828828828829,0.8178178178178178,0.9839005704756613,10010880
cb0b76097aaf,bdh_cq,propagate,17500,4,interp,"{""dim"": 1, ""distance"": 4, ""length"": 12, ""n_sources"": 1}",3,True,False,0,0.8698698698698699,0.07283271176609109,0.7987987987987988,0.96996996996997,"[0.7987987987987988, 0.96996996996997, 0.8408408408408409]",0.7987987987987988,0.96996996996997,0.8698698698698699,0.9886553243354514,10010880
cb0b76097aaf,bdh_cq,propagate,20000,4,interp,"{""dim"": 1, ""distance"": 1, ""length"": 12, ""n_sources"": 1}",3,True,False,0,0.9221556886227544,0.06481649852746314,0.8353293413173652,0.9910179640718563,"[0.9401197604790419, 0.9910179640718563, 0.8353293413173652]",0.8353293413173652,0.9910179640718563,0.9221556886227544,0.9932634744815484,10010880
cb0b76097aaf,bdh_cq,propagate,20000,4,interp,"{""dim"": 1, ""distance"": 2, ""length"": 12, ""n_sources"": 1}",3,True,False,0,0.9359359359359359,0.03801168677887394,0.8828828828828829,0.96996996996997,"[0.954954954954955, 0.96996996996997, 0.8828828828828829]",0.8828828828828829,0.96996996996997,0.9359359359359359,0.9945779124776403,10010880
cb0b76097aaf,bdh_cq,propagate,20000,4,interp,"{""dim"": 1, ""distance"": 4, ""length"": 12, ""n_sources"": 1}",3,True,False,0,0.8928928928928929,0.10351531347983994,0.7477477477477478,0.9819819819819819,"[0.948948948948949, 0.9819819819819819, 0.7477477477477478]",0.7477477477477478,0.9819819819819818,0.8928928928928929,0.9906573259198033,10010880
cb0b76097aaf,bdh_cq,propagate,22500,4,interp,"{""dim"": 1, ""distance"": 1, ""length"": 12, ""n_sources"": 1}",3,True,False,0,0.9910179640718563,0.0,0.9910179640718563,0.9910179640718563,"[0.9910179640718563, 0.9910179640718563, 0.9910179640718563]",0.9910179640718563,0.9910179640718563,0.9910179640718563,0.9991683301454533,10010880
cb0b76097aaf,bdh_cq,propagate,22500,4,interp,"{""dim"": 1, ""distance"": 2, ""length"": 12, ""n_sources"": 1}",3,True,False,0,0.965965965965966,0.014981611158254008,0.9459459459459459,0.9819819819819819,"[0.96996996996997, 0.9819819819819819, 0.9459459459459459]",0.9459459459459459,0.9819819819819818,0.965965965965966,0.9971638311733594,10010880
cb0b76097aaf,bdh_cq,propagate,22500,4,interp,"{""dim"": 1, ""distance"": 4, ""length"": 12, ""n_sources"": 1}",3,True,False,0,0.978978978978979,0.007355825053402953,0.96996996996997,0.987987987987988,"[0.987987987987988, 0.978978978978979, 0.96996996996997]",0.96996996996997,0.9879879879879881,0.978978978978979,0.9981648318760389,10010880
cb0b76097aaf,bdh_cq,propagate,25000,4,interp,"{""dim"": 1, ""distance"": 1, ""length"": 12, ""n_sources"": 1}",3,True,False,0,0.9940119760479043,0.0024446005416997978,0.9910179640718563,0.9970059880239521,"[0.9910179640718563, 0.9970059880239521, 0.9940119760479041]",0.9910179640718563,0.9970059880239521,0.9940119760479043,0.9995009981229633,10010880
cb0b76097aaf,bdh_cq,propagate,25000,4,interp,"{""dim"": 1, ""distance"": 2, ""length"": 12, ""n_sources"": 1}",3,True,False,0,0.985985985985986,0.013504241805037088,0.9669669669669669,0.996996996996997,"[0.9669669669669669, 0.996996996996997, 0.993993993993994]",0.9669669669669668,0.9969969969969968,0.985985985985986,0.9988321657772657,10010880
cb0b76097aaf,bdh_cq,propagate,25000,4,interp,"{""dim"": 1, ""distance"": 4, ""length"": 12, ""n_sources"": 1}",3,True,False,0,0.978978978978979,0.014914579004756125,0.9579579579579579,0.990990990990991,"[0.9579579579579579, 0.990990990990991, 0.987987987987988]",0.9579579579579579,0.990990990990991,0.978978978978979,0.9982482486658985,10010880
cb0b76097aaf,bdh_cq,propagate,27500,4,interp,"{""dim"": 1, ""distance"": 1, ""length"": 12, ""n_sources"": 1}",3,True,False,0,0.9950099800399202,0.0014113907808115094,0.9940119760479041,0.9970059880239521,"[0.9940119760479041, 0.9940119760479041, 0.9970059880239521]",0.9940119760479041,0.9970059880239521,0.9950099800399202,0.9995841651024695,10010880
cb0b76097aaf,bdh_cq,propagate,27500,4,interp,"{""dim"": 1, ""distance"": 2, ""length"": 12, ""n_sources"": 1}",3,True,False,0,0.988988988988989,0.007490805579126979,0.978978978978979,0.996996996996997,"[0.978978978978979, 0.996996996996997, 0.990990990990991]",0.978978978978979,0.9969969969969968,0.988988988988989,0.9989989991779921,10010880
cb0b76097aaf,bdh_cq,propagate,27500,4,interp,"{""dim"": 1, ""distance"": 4, ""length"": 12, ""n_sources"": 1}",3,True,False,0,0.993993993993994,0.004246887574693936,0.987987987987988,0.996996996996997,"[0.996996996996997, 0.996996996996997, 0.987987987987988]",0.9879879879879881,0.9969969969969968,0.993993993993994,0.9994994996188282,10010880
cb0b76097aaf,bdh_cq,propagate,30000,4,interp,"{""dim"": 1, ""distance"": 1, ""length"": 12, ""n_sources"": 1}",3,True,False,0,1.0,0.0,1.0,1.0,"[1.0, 1.0, 1.0]",1.0,1.0,1.0,1.0,10010880
cb0b76097aaf,bdh_cq,propagate,30000,4,interp,"{""dim"": 1, ""distance"": 2, ""length"": 12, ""n_sources"": 1}",3,True,False,0,0.995995995995996,0.002831258383129308,0.993993993993994,1.0,"[0.993993993993994, 0.993993993993994, 1.0]",0.993993993993994,1.0,0.995995995995996,0.9996663330792188,10010880
cb0b76097aaf,bdh_cq,propagate,30000,4,interp,"{""dim"": 1, ""distance"": 4, ""length"": 12, ""n_sources"": 1}",3,True,False,0,0.9979979979979979,0.002831258383129308,0.993993993993994,1.0,"[0.993993993993994, 1.0, 1.0]",0.993993993993994,1.0,0.9979979979979979,0.9998331665396094,10010880
cb0b76097aaf,bdh_cq,propagate,32500,4,interp,"{""dim"": 1, ""distance"": 1, ""length"": 12, ""n_sources"": 1}",3,True,False,0,0.999001996007984,0.0014113907808114572,0.9970059880239521,1.0,"[1.0, 0.9970059880239521, 1.0]",0.9970059880239521,1.0,0.999001996007984,0.9999168330204938,10010880
cb0b76097aaf,bdh_cq,propagate,32500,4,interp,"{""dim"": 1, ""distance"": 2, ""length"": 12, ""n_sources"": 1}",3,True,False,0,0.995995995995996,0.0037454027895635097,0.990990990990991,1.0,"[0.990990990990991, 0.996996996996997, 1.0]",0.990990990990991,1.0,0.995995995995996,0.9996663330792188,10010880
cb0b76097aaf,bdh_cq,propagate,32500,4,interp,"{""dim"": 1, ""distance"": 4, ""length"": 12, ""n_sources"": 1}",3,True,False,0,0.9939939939939939,0.002451941684467636,0.990990990990991,0.996996996996997,"[0.990990990990991, 0.996996996996997, 0.993993993993994]",0.990990990990991,0.9969969969969968,0.9939939939939939,0.9994994996188282,10010880
cb0b76097aaf,bdh_cq,propagate,35000,4,interp,"{""dim"": 1, ""distance"": 1, ""length"": 12, ""n_sources"": 1}",3,True,False,0,1.0,0.0,1.0,1.0,"[1.0, 1.0, 1.0]",1.0,1.0,1.0,1.0,10010880
cb0b76097aaf,bdh_cq,propagate,35000,4,interp,"{""dim"": 1, ""distance"": 2, ""length"": 12, ""n_sources"": 1}",3,True,False,0,0.995995995995996,0.002831258383129308,0.993993993993994,1.0,"[0.993993993993994, 0.993993993993994, 1.0]",0.993993993993994,1.0,0.995995995995996,0.9996663330792188,10010880
cb0b76097aaf,bdh_cq,propagate,35000,4,interp,"{""dim"": 1, ""distance"": 4, ""length"": 12, ""n_sources"": 1}",3,True,False,0,1.0,0.0,1.0,1.0,"[1.0, 1.0, 1.0]",1.0,1.0,1.0,1.0,10010880
cb0b76097aaf,bdh_cq,propagate,37500,4,interp,"{""dim"": 1, ""distance"": 1, ""length"": 12, ""n_sources"": 1}",3,True,False,0,1.0,0.0,1.0,1.0,"[1.0, 1.0, 1.0]",1.0,1.0,1.0,1.0,10010880
cb0b76097aaf,bdh_cq,propagate,37500,4,interp,"{""dim"": 1, ""distance"": 2, ""length"": 12, ""n_sources"": 1}",3,True,False,0,0.998998998998999,0.0014156291915646802,0.996996996996997,1.0,"[0.996996996996997, 1.0, 1.0]",0.9969969969969968,1.0,0.998998998998999,0.9999165832698047,10010880
cb0b76097aaf,bdh_cq,propagate,37500,4,interp,"{""dim"": 1, ""distance"": 4, ""length"": 12, ""n_sources"": 1}",3,True,False,0,1.0,0.0,1.0,1.0,"[1.0, 1.0, 1.0]",1.0,1.0,1.0,1.0,10010880
cb0b76097aaf,bdh_cq,propagate,40000,4,interp,"{""dim"": 1, ""distance"": 1, ""length"": 12, ""n_sources"": 1}",3,True,False,0,1.0,0.0,1.0,1.0,"[1.0, 1.0, 1.0]",1.0,1.0,1.0,1.0,10010880
cb0b76097aaf,bdh_cq,propagate,40000,4,interp,"{""dim"": 1, ""distance"": 2, ""length"": 12, ""n_sources"": 1}",3,True,False,0,0.998998998998999,0.0014156291915646802,0.996996996996997,1.0,"[0.996996996996997, 1.0, 1.0]",0.9969969969969968,1.0,0.998998998998999,0.9999165832698047,10010880
cb0b76097aaf,bdh_cq,propagate,40000,4,interp,"{""dim"": 1, ""distance"": 4, ""length"": 12, ""n_sources"": 1}",3,True,False,0,1.0,0.0,1.0,1.0,"[1.0, 1.0, 1.0]",1.0,1.0,1.0,1.0,10010880
eca47f97dfa3,bdh_cq,propagate,2500,4,interp,"{""dim"": 1, ""distance"": 1, ""length"": 12, ""n_sources"": 1}",1,True,True,0,0.0,0.0,0.0,0.0,[0.0],0.0,0.0,0.0,0.8059701359094079,10010888
eca47f97dfa3,bdh_cq,propagate,2500,4,interp,"{""dim"": 1, ""distance"": 2, ""length"": 12, ""n_sources"": 1}",1,True,True,0,0.0,0.0,0.0,0.0,[0.0],0.0,0.0,0.0,0.7910447663335658,10010888
eca47f97dfa3,bdh_cq,propagate,2500,4,interp,"{""dim"": 1, ""distance"": 4, ""length"": 12, ""n_sources"": 1}",1,True,True,0,0.0,0.0,0.0,0.0,[0.0],0.0,0.0,0.0,0.7790403916980281,10010888
eca47f97dfa3,bdh_cq,propagate,5000,4,interp,"{""dim"": 1, ""distance"": 1, ""length"": 12, ""n_sources"": 1}",1,True,True,0,0.0,0.0,0.0,0.0,[0.0],0.0,0.0,0.0,0.8059701367990294,10010888
eca47f97dfa3,bdh_cq,propagate,5000,4,interp,"{""dim"": 1, ""distance"": 2, ""length"": 12, ""n_sources"": 1}",1,True,True,0,0.0,0.0,0.0,0.0,[0.0],0.0,0.0,0.0,0.7985074520111084,10010888
eca47f97dfa3,bdh_cq,propagate,5000,4,interp,"{""dim"": 1, ""distance"": 4, ""length"": 12, ""n_sources"": 1}",1,True,True,0,0.0,0.0,0.0,0.0,[0.0],0.0,0.0,0.0,0.7840908932866473,10010888
eca47f97dfa3,bdh_cq,propagate,7500,4,interp,"{""dim"": 1, ""distance"": 1, ""length"": 12, ""n_sources"": 1}",1,True,True,0,0.0,0.0,0.0,0.0,[0.0],0.0,0.0,0.0,0.7997512328090952,10010888
eca47f97dfa3,bdh_cq,propagate,7500,4,interp,"{""dim"": 1, ""distance"": 2, ""length"": 12, ""n_sources"": 1}",1,True,True,0,0.0,0.0,0.0,0.0,[0.0],0.0,0.0,0.0,0.8121890425682068,10010888
eca47f97dfa3,bdh_cq,propagate,7500,4,interp,"{""dim"": 1, ""distance"": 4, ""length"": 12, ""n_sources"": 1}",1,True,True,0,0.0,0.0,0.0,0.0,[0.0],0.0,0.0,0.0,0.7689393831021858,10010888
eca47f97dfa3,bdh_cq,propagate,8000,4,interp,"{""dim"": 1, ""distance"": 1, ""length"": 12, ""n_sources"": 1}",1,True,True,0,0.0,0.0,0.0,0.0,[0.0],0.0,0.0,0.0,0.7972636703235,10010888
eca47f97dfa3,bdh_cq,propagate,8000,4,interp,"{""dim"": 1, ""distance"": 2, ""length"": 12, ""n_sources"": 1}",1,True,True,0,0.0,0.0,0.0,0.0,[0.0],0.0,0.0,0.0,0.8146766059434236,10010888
eca47f97dfa3,bdh_cq,propagate,8000,4,interp,"{""dim"": 1, ""distance"": 4, ""length"": 12, ""n_sources"": 1}",1,True,True,0,0.0,0.0,0.0,0.0,[0.0],0.0,0.0,0.0,0.763888877901164,10010888
f0b8b7c55f92,bdh_cq,propagate,2500,4,interp,"{""dim"": 1, ""distance"": 1, ""length"": 12, ""n_sources"": 1}",3,True,False,0,0.0,0.0,0.0,0.0,"[0.0, 0.0, 0.0]",0.0,0.0,0.0,0.7982368481135417,10010880
f0b8b7c55f92,bdh_cq,propagate,2500,4,interp,"{""dim"": 1, ""distance"": 2, ""length"": 12, ""n_sources"": 1}",3,True,False,0,0.0,0.0,0.0,0.0,"[0.0, 0.0, 0.0]",0.0,0.0,0.0,0.7895395296949285,10010880
f0b8b7c55f92,bdh_cq,propagate,2500,4,interp,"{""dim"": 1, ""distance"": 4, ""length"": 12, ""n_sources"": 1}",3,True,False,0,0.0,0.0,0.0,0.0,"[0.0, 0.0, 0.0]",0.0,0.0,0.0,0.7826159378071805,10010880
f0b8b7c55f92,bdh_cq,propagate,5000,4,interp,"{""dim"": 1, ""distance"": 1, ""length"": 12, ""n_sources"": 1}",3,True,False,0,0.0,0.0,0.0,0.0,"[0.0, 0.0, 0.0]",0.0,0.0,0.0,0.7971556757143633,10010880
f0b8b7c55f92,bdh_cq,propagate,5000,4,interp,"{""dim"": 1, ""distance"": 2, ""length"": 12, ""n_sources"": 1}",3,True,False,0,0.0,0.0,0.0,0.0,"[0.0, 0.0, 0.0]",0.0,0.0,0.0,0.7946279503860034,10010880
f0b8b7c55f92,bdh_cq,propagate,5000,4,interp,"{""dim"": 1, ""distance"": 4, ""length"": 12, ""n_sources"": 1}",3,True,False,0,0.0,0.0,0.0,0.0,"[0.0, 0.0, 0.0]",0.0,0.0,0.0,0.7913746951339959,10010880
f0b8b7c55f92,bdh_cq,propagate,7500,4,interp,"{""dim"": 1, ""distance"": 1, ""length"": 12, ""n_sources"": 1}",3,True,False,0,0.006986027944111777,0.0037341890087564285,0.0029940119760479044,0.011976047904191617,"[0.011976047904191617, 0.005988023952095809, 0.0029940119760479044]",0.002994011976047905,0.01197604790419162,0.006986027944111777,0.8056387136766535,10010880
f0b8b7c55f92,bdh_cq,propagate,7500,4,interp,"{""dim"": 1, ""distance"": 2, ""length"": 12, ""n_sources"": 1}",3,True,False,0,0.007007007007007006,0.002831258383129319,0.003003003003003003,0.009009009009009009,"[0.009009009009009009, 0.009009009009009009, 0.003003003003003003]",0.003003003003003003,0.009009009009009009,0.007007007007007006,0.8112278862579448,10010880
f0b8b7c55f92,bdh_cq,propagate,7500,4,interp,"{""dim"": 1, ""distance"": 4, ""length"": 12, ""n_sources"": 1}",3,True,False,0,0.003003003003003003,0.0024519416844676458,0.0,0.006006006006006006,"[0.0, 0.006006006006006006, 0.003003003003003003]",0.0,0.006006006006006006,0.003003003003003003,0.7865365298243017,10010880
f0b8b7c55f92,bdh_cq,propagate,10000,4,interp,"{""dim"": 1, ""distance"": 1, ""length"": 12, ""n_sources"": 1}",3,True,False,0,0.016966067864271458,0.003734189008756427,0.011976047904191617,0.020958083832335328,"[0.017964071856287425, 0.020958083832335328, 0.011976047904191617]",0.01197604790419162,0.020958083832335328,0.016966067864271458,0.8319194909341321,10010880
f0b8b7c55f92,bdh_cq,propagate,10000,4,interp,"{""dim"": 1, ""distance"": 2, ""length"": 12, ""n_sources"": 1}",3,True,False,0,0.011011011011011013,0.005104123637230015,0.006006006006006006,0.018018018018018018,"[0.009009009009009009, 0.018018018018018018, 0.006006006006006006]",0.006006006006006006,0.018018018018018018,0.011011011011011013,0.8312479075905798,10010880
f0b8b7c55f92,bdh_cq,propagate,10000,4,interp,"{""dim"": 1, ""distance"": 4, ""length"": 12, ""n_sources"": 1}",3,True,False,0,0.004004004004004004,0.005662516766258638,0.0,0.012012012012012012,"[0.012012012012012012, 0.0, 0.0]",0.0,0.012012012012012012,0.004004004004004004,0.8038872149852184,10010880
f0b8b7c55f92,bdh_cq,propagate,12500,4,interp,"{""dim"": 1, ""distance"": 1, ""length"": 12, ""n_sources"": 1}",3,True,False,0,0.10978043912175649,0.08330793115652378,0.04790419161676647,0.2275449101796407,"[0.2275449101796407, 0.05389221556886228, 0.04790419161676647]",0.04790419161676648,0.2275449101796407,0.10978043912175649,0.8716733212956411,10010880
f0b8b7c55f92,bdh_cq,propagate,12500,4,interp,"{""dim"": 1, ""distance"": 2, ""length"": 12, ""n_sources"": 1}",3,True,False,0,0.037037037037037035,0.003745402789563507,0.03303303303303303,0.042042042042042045,"[0.042042042042042045, 0.03303303303303303, 0.036036036036036036]",0.03303303303303303,0.042042042042042045,0.037037037037037035,0.8536870154413255,10010880
f0b8b7c55f92,bdh_cq,propagate,12500,4,interp,"{""dim"": 1, ""distance"": 4, ""length"": 12, ""n_sources"": 1}",3,True,False,0,0.016016016016016016,0.009909404340952619,0.003003003003003003,0.02702702702702703,"[0.003003003003003003, 0.02702702702702703, 0.018018018018018018]",0.003003003003003003,0.02702702702702703,0.016016016016016016,0.8325825760195086,10010880
f0b8b7c55f92,bdh_cq,propagate,15000,4,interp,"{""dim"": 1, ""distance"": 1, ""length"": 12, ""n_sources"": 1}",3,True,False,0,0.2904191616766467,0.11895939661278515,0.19461077844311378,0.45808383233532934,"[0.45808383233532934, 0.19461077844311378, 0.218562874251497]",0.19461077844311378,0.45808383233532934,0.2904191616766467,0.9189953479819194,10010880
f0b8b7c55f92,bdh_cq,propagate,15000,4,interp,"{""dim"": 1, ""distance"": 2, ""length"": 12, ""n_sources"": 1}",3,True,False,0,0.27127127127127126,0.14410938297351686,0.13813813813813813,0.47147147147147145,"[0.47147147147147145, 0.13813813813813813, 0.2042042042042042]",0.13813813813813813,0.47147147147147145,0.27127127127127126,0.9167500884683283,10010880
f0b8b7c55f92,bdh_cq,propagate,15000,4,interp,"{""dim"": 1, ""distance"": 4, ""length"": 12, ""n_sources"": 1}",3,True,False,0,0.13313313313313313,0.08074051984014327,0.06306306306306306,0.24624624624624625,"[0.24624624624624625, 0.06306306306306306, 0.09009009009009009]",0.06306306306306306,0.24624624624624625,0.13313313313313313,0.8917250602214305,10010880
f0b8b7c55f92,bdh_cq,propagate,17500,4,interp,"{""dim"": 1, ""distance"": 1, ""length"": 12, ""n_sources"": 1}",3,True,False,0,0.7844311377245509,0.12361559616116577,0.6377245508982036,0.9401197604790419,"[0.9401197604790419, 0.6377245508982036, 0.7754491017964071]",0.6377245508982036,0.940119760479042,0.7844311377245509,0.9812042620367633,10010880
f0b8b7c55f92,bdh_cq,propagate,17500,4,interp,"{""dim"": 1, ""distance"": 2, ""length"": 12, ""n_sources"": 1}",3,True,False,0,0.6696696696696697,0.1191401466959602,0.5765765765765766,0.8378378378378378,"[0.8378378378378378, 0.5945945945945946, 0.5765765765765766]",0.5765765765765766,0.8378378378378378,0.6696696696696697,0.9686353069406611,10010880
f0b8b7c55f92,bdh_cq,propagate,17500,4,interp,"{""dim"": 1, ""distance"": 4, ""length"": 12, ""n_sources"": 1}",3,True,False,0,0.6416416416416416,0.088621101016582,0.5645645645645646,0.7657657657657657,"[0.7657657657657657, 0.5945945945945946, 0.5645645645645646]",0.5645645645645646,0.7657657657657658,0.6416416416416416,0.9657991376963703,10010880
f0b8b7c55f92,bdh_cq,propagate,20000,4,interp,"{""dim"": 1, ""distance"": 1, ""length"": 12, ""n_sources"": 1}",3,True,False,0,0.9011976047904192,0.06140766492181703,0.8143712574850299,0.9461077844311377,"[0.9431137724550899, 0.9461077844311377, 0.8143712574850299]",0.8143712574850298,0.9461077844311377,0.9011976047904192,0.9912674667949447,10010880
f0b8b7c55f92,bdh_cq,propagate,20000,4,interp,"{""dim"": 1, ""distance"": 2, ""length"": 12, ""n_sources"": 1}",3,True,False,0,0.9359359359359359,0.014779602662896282,0.918918918918919,0.954954954954955,"[0.954954954954955, 0.918918918918919, 0.933933933933934]",0.918918918918919,0.954954954954955,0.9359359359359359,0.9946613292674998,10010880
f0b8b7c55f92,bdh_cq,propagate,20000,4,interp,"{""dim"": 1, ""distance"": 4, ""length"": 12, ""n_sources"": 1}",3,True,False,0,0.8428428428428427,0.09827158771791697,0.7057057057057057,0.9309309309309309,"[0.8918918918918919, 0.9309309309309309, 0.7057057057057057]",0.7057057057057058,0.9309309309309309,0.8428428428428427,0.9865699061998973,10010880
f0b8b7c55f92,bdh_cq,propagate,22500,4,interp,"{""dim"": 1, ""distance"": 1, ""length"": 12, ""n_sources"": 1}",3,True,False,0,0.9760479041916167,0.010655766718594145,0.9610778443113772,0.9850299401197605,"[0.9850299401197605, 0.9610778443113772, 0.9820359281437125]",0.9610778443113772,0.9850299401197605,0.9760479041916167,0.9979208254528616,10010880
f0b8b7c55f92,bdh_cq,propagate,22500,4,interp,"{""dim"": 1, ""distance"": 2, ""length"": 12, ""n_sources"": 1}",3,True,False,0,0.9779779779779779,0.0014156291915646802,0.975975975975976,0.978978978978979,"[0.978978978978979, 0.978978978978979, 0.975975975975976]",0.975975975975976,0.978978978978979,0.9779779779779779,0.9981648319357032,10010880
f0b8b7c55f92,bdh_cq,propagate,22500,4,interp,"{""dim"": 1, ""distance"": 4, ""length"": 12, ""n_sources"": 1}",3,True,False,0,0.971971971971972,0.006170584587556531,0.963963963963964,0.978978978978979,"[0.972972972972973, 0.978978978978979, 0.963963963963964]",0.963963963963964,0.978978978978979,0.971971971971972,0.9975809147646716,10010880
f0b8b7c55f92,bdh_cq,propagate,25000,4,interp,"{""dim"": 1, ""distance"": 1, ""length"": 12, ""n_sources"": 1}",3,True,False,0,0.9830339321357285,0.0028227815616229664,0.9790419161676647,0.9850299401197605,"[0.9850299401197605, 0.9850299401197605, 0.9790419161676647]",0.9790419161676646,0.9850299401197605,0.9830339321357285,0.9985861613483961,10010880
f0b8b7c55f92,bdh_cq,propagate,25000,4,interp,"{""dim"": 1, ""distance"": 2, ""length"": 12, ""n_sources"": 1}",3,True,False,0,0.9729729729729729,0.021793334391468733,0.9429429429429429,0.993993993993994,"[0.993993993993994, 0.9429429429429429, 0.9819819819819819]",0.9429429429429429,0.993993993993994,0.9729729729729729,0.9976643314948669,10010880
f0b8b7c55f92,bdh_cq,propagate,25000,4,interp,"{""dim"": 1, ""distance"": 4, ""length"": 12, ""n_sources"": 1}",3,True,False,0,0.978978978978979,0.002451941684467636,0.975975975975976,0.9819819819819819,"[0.9819819819819819, 0.978978978978979, 0.975975975975976]",0.975975975975976,0.9819819819819818,0.978978978978979,0.9982482486658985,10010880
f0b8b7c55f92,bdh_cq,propagate,27500,4,interp,"{""dim"": 1, ""distance"": 1, ""length"": 12, ""n_sources"": 1}",3,True,False,0,0.9880239520958084,0.008814132601125589,0.9760479041916168,0.9970059880239521,"[0.9910179640718563, 0.9760479041916168, 0.9970059880239521]",0.9760479041916167,0.9970059880239521,0.9880239520958084,0.9990019962459268,10010880
f0b8b7c55f92,bdh_cq,propagate,27500,4,interp,"{""dim"": 1, ""distance"": 2, ""length"": 12, ""n_sources"": 1}",3,True,False,0,0.985985985985986,0.006170584587556532,0.978978978978979,0.993993993993994,"[0.993993993993994, 0.984984984984985, 0.978978978978979]",0.978978978978979,0.993993993993994,0.985985985985986,0.998748748987406,10010880
f0b8b7c55f92,bdh_cq,propagate,27500,4,interp,"{""dim"": 1, ""distance"": 4, ""length"": 12, ""n_sources"": 1}",3,True,False,0,0.984984984984985,0.007355825053402953,0.975975975975976,0.993993993993994,"[0.984984984984985, 0.993993993993994, 0.975975975975976]",0.975975975975976,0.993993993993994,0.984984984984985,0.9987487490470702,10010880
f0b8b7c55f92,bdh_cq,propagate,30000,4,interp,"{""dim"": 1, ""distance"": 1, ""length"": 12, ""n_sources"": 1}",3,True,False,0,0.9950099800399202,0.0014113907808115094,0.9940119760479041,0.9970059880239521,"[0.9970059880239521, 0.9940119760479041, 0.9940119760479041]",0.9940119760479041,0.9970059880239521,0.9950099800399202,0.9995841651024695,10010880
f0b8b7c55f92,bdh_cq,propagate,30000,4,interp,"{""dim"": 1, ""distance"": 2, ""length"": 12, ""n_sources"": 1}",3,True,False,0,0.993993993993994,0.0,0.993993993993994,0.993993993993994,"[0.993993993993994, 0.993993993993994, 0.993993993993994]",0.993993993993994,0.993993993993994,0.993993993993994,0.9994994996188281,10010880
f0b8b7c55f92,bdh_cq,propagate,30000,4,interp,"{""dim"": 1, ""distance"": 4, ""length"": 12, ""n_sources"": 1}",3,True,False,0,0.9869869869869871,0.005104123637230038,0.9819819819819819,0.993993993993994,"[0.9819819819819819, 0.993993993993994, 0.984984984984985]",0.9819819819819818,0.993993993993994,0.9869869869869871,0.9989155825074608,10010880
f0b8b7c55f92,bdh_cq,propagate,32500,4,interp,"{""dim"": 1, ""distance"": 1, ""length"": 12, ""n_sources"": 1}",3,True,False,0,0.9970059880239521,0.004234172342434423,0.9910179640718563,1.0,"[1.0, 0.9910179640718563, 1.0]",0.9910179640718563,1.0,0.9970059880239521,0.9996673320224899,10010880
f0b8b7c55f92,bdh_cq,propagate,32500,4,interp,"{""dim"": 1, ""distance"": 2, ""length"": 12, ""n_sources"": 1}",3,True,False,0,0.9919919919919918,0.00374540278956347,0.987987987987988,0.996996996996997,"[0.987987987987988, 0.990990990990991, 0.996996996996997]",0.9879879879879881,0.9969969969969968,0.9919919919919918,0.9993326661584375,10010880
f0b8b7c55f92,bdh_cq,propagate,32500,4,interp,"{""dim"": 1, ""distance"": 4, ""length"": 12, ""n_sources"": 1}",3,True,False,0,0.9879879879879881,0.002451941684467636,0.984984984984985,0.990990990990991,"[0.984984984984985, 0.990990990990991, 0.987987987987988]",0.984984984984985,0.990990990990991,0.9879879879879881,0.9989989992376561,10010880
f0b8b7c55f92,bdh_cq,propagate,35000,4,interp,"{""dim"": 1, ""distance"": 1, ""length"": 12, ""n_sources"": 1}",3,True,False,0,0.9970059880239521,0.0024446005416997978,0.9940119760479041,1.0,"[1.0, 0.9940119760479041, 0.9970059880239521]",0.9940119760479041,1.0,0.9970059880239521,0.9996673320224899,10010880
f0b8b7c55f92,bdh_cq,propagate,35000,4,interp,"{""dim"": 1, ""distance"": 2, ""length"": 12, ""n_sources"": 1}",3,True,False,0,0.9979979979979979,0.0014156291915646802,0.996996996996997,1.0,"[1.0, 0.996996996996997, 0.996996996996997]",0.9969969969969968,1.0,0.9979979979979979,0.9998331665396094,10010880
f0b8b7c55f92,bdh_cq,propagate,35000,4,interp,"{""dim"": 1, ""distance"": 4, ""length"": 12, ""n_sources"": 1}",3,True,False,0,0.994994994994995,0.001415629191564628,0.993993993993994,0.996996996996997,"[0.996996996996997, 0.993993993993994, 0.993993993993994]",0.993993993993994,0.9969969969969968,0.994994994994995,0.9995829163490235,10010880
f0b8b7c55f92,bdh_cq,propagate,37500,4,interp,"{""dim"": 1, ""distance"": 1, ""length"": 12, ""n_sources"": 1}",3,True,False,0,0.9980039920159681,0.002822781561622967,0.9940119760479041,1.0,"[1.0, 0.9940119760479041, 1.0]",0.9940119760479041,1.0,0.9980039920159681,0.999750499001996,10010880
f0b8b7c55f92,bdh_cq,propagate,37500,4,interp,"{""dim"": 1, ""distance"": 2, ""length"": 12, ""n_sources"": 1}",3,True,False,0,0.9969969969969968,0.002451941684467636,0.993993993993994,1.0,"[1.0, 0.993993993993994, 0.996996996996997]",0.993993993993994,1.0,0.9969969969969968,0.9997497498094141,10010880
f0b8b7c55f92,bdh_cq,propagate,37500,4,interp,"{""dim"": 1, ""distance"": 4, ""length"": 12, ""n_sources"": 1}",3,True,False,0,0.995995995995996,0.001415629191564628,0.993993993993994,0.996996996996997,"[0.993993993993994, 0.996996996996997, 0.996996996996997]",0.993993993993994,0.9969969969969968,0.995995995995996,0.9996663330792188,10010880
f0b8b7c55f92,bdh_cq,propagate,40000,4,interp,"{""dim"": 1, ""distance"": 1, ""length"": 12, ""n_sources"": 1}",3,True,False,0,0.9970059880239521,0.0024446005416997978,0.9940119760479041,1.0,"[0.9970059880239521, 0.9940119760479041, 1.0]",0.9940119760479041,1.0,0.9970059880239521,0.9996673320224899,10010880
f0b8b7c55f92,bdh_cq,propagate,40000,4,interp,"{""dim"": 1, ""distance"": 2, ""length"": 12, ""n_sources"": 1}",3,True,False,0,0.998998998998999,0.0014156291915646802,0.996996996996997,1.0,"[1.0, 1.0, 0.996996996996997]",0.9969969969969968,1.0,0.998998998998999,0.9999165832698047,10010880
f0b8b7c55f92,bdh_cq,propagate,40000,4,interp,"{""dim"": 1, ""distance"": 4, ""length"": 12, ""n_sources"": 1}",3,True,False,0,0.995995995995996,0.001415629191564628,0.993993993993994,0.996996996996997,"[0.993993993993994, 0.996996996996997, 0.996996996996997]",0.993993993993994,0.9969969969969968,0.995995995995996,0.9996663330792188,10010880
3d6407474980,bdh_cq,propagate,8000,8,interp,"{""dim"": 1, ""distance"": 1, ""length"": 12, ""n_sources"": 1}",1,True,True,0,0.0,0.0,0.0,0.0,[0.0],0.0,0.0,0.0,0.7674129338406804,10010880
3d6407474980,bdh_cq,propagate,8000,8,interp,"{""dim"": 1, ""distance"": 2, ""length"": 12, ""n_sources"": 1}",1,True,True,0,0.0,0.0,0.0,0.0,[0.0],0.0,0.0,0.0,0.7773631820038184,10010880
3d6407474980,bdh_cq,propagate,8000,8,interp,"{""dim"": 1, ""distance"": 4, ""length"": 12, ""n_sources"": 1}",1,True,True,0,0.0,0.0,0.0,0.0,[0.0],0.0,0.0,0.0,0.7512626259615927,10010880
79d948f95c7e,bdh_cq,propagate,40000,8,interp,"{""dim"": 1, ""distance"": 1, ""length"": 12, ""n_sources"": 1}",3,True,False,0,0.0,0.0,0.0,0.0,"[0.0, 0.0, 0.0]",0.0,0.0,0.0,0.6924484325740151,10010888
79d948f95c7e,bdh_cq,propagate,40000,8,interp,"{""dim"": 1, ""distance"": 2, ""length"": 12, ""n_sources"": 1}",3,True,False,0,0.0,0.0,0.0,0.0,"[0.0, 0.0, 0.0]",0.0,0.0,0.0,0.6197864495448999,10010888
79d948f95c7e,bdh_cq,propagate,40000,8,interp,"{""dim"": 1, ""distance"": 4, ""length"": 12, ""n_sources"": 1}",3,True,False,0,0.0,0.0,0.0,0.0,"[0.0, 0.0, 0.0]",0.0,0.0,0.0,0.6127794451183742,10010888
9b4bca1a63ee,bdh_cq,propagate,40000,8,interp,"{""dim"": 1, ""distance"": 1, ""length"": 12, ""n_sources"": 1}",3,True,False,0,0.0,0.0,0.0,0.0,"[0.0, 0.0, 0.0]",0.0,0.0,0.0,0.644627407371641,10012145
9b4bca1a63ee,bdh_cq,propagate,40000,8,interp,"{""dim"": 1, ""distance"": 2, ""length"": 12, ""n_sources"": 1}",3,True,False,0,0.0,0.0,0.0,0.0,"[0.0, 0.0, 0.0]",0.0,0.0,0.0,0.677093758925542,10012145
9b4bca1a63ee,bdh_cq,propagate,40000,8,interp,"{""dim"": 1, ""distance"": 4, ""length"": 12, ""n_sources"": 1}",3,True,False,0,0.0,0.0,0.0,0.0,"[0.0, 0.0, 0.0]",0.0,0.0,0.0,0.716966966400156,10012145
a976f5e26896,bdh_cq,propagate,8000,8,interp,"{""dim"": 1, ""distance"": 1, ""length"": 12, ""n_sources"": 1}",1,True,True,0,0.0,0.0,0.0,0.0,[0.0],0.0,0.0,0.0,0.7860696364694567,10012145
a976f5e26896,bdh_cq,propagate,8000,8,interp,"{""dim"": 1, ""distance"": 2, ""length"": 12, ""n_sources"": 1}",1,True,True,0,0.0,0.0,0.0,0.0,[0.0],0.0,0.0,0.0,0.794776107393094,10012145
a976f5e26896,bdh_cq,propagate,8000,8,interp,"{""dim"": 1, ""distance"": 4, ""length"": 12, ""n_sources"": 1}",1,True,True,0,0.0,0.0,0.0,0.0,[0.0],0.0,0.0,0.0,0.7752525124585989,10012145
cb0b76097aaf,bdh_cq,propagate,40000,8,interp,"{""dim"": 1, ""distance"": 1, ""length"": 12, ""n_sources"": 1}",3,True,False,0,0.0,0.0,0.0,0.0,"[0.0, 0.0, 0.0]",0.0,0.0,0.0,0.7603958720813493,10010880
cb0b76097aaf,bdh_cq,propagate,40000,8,interp,"{""dim"": 1, ""distance"": 2, ""length"": 12, ""n_sources"": 1}",3,True,False,0,0.0,0.0,0.0,0.0,"[0.0, 0.0, 0.0]",0.0,0.0,0.0,0.7720220171892129,10010880
cb0b76097aaf,bdh_cq,propagate,40000,8,interp,"{""dim"": 1, ""distance"": 4, ""length"": 12, ""n_sources"": 1}",3,True,False,0,0.0,0.0,0.0,0.0,"[0.0, 0.0, 0.0]",0.0,0.0,0.0,0.7920420319587738,10010880
eca47f97dfa3,bdh_cq,propagate,8000,8,interp,"{""dim"": 1, ""distance"": 1, ""length"": 12, ""n_sources"": 1}",1,True,True,0,0.0,0.0,0.0,0.0,[0.0],0.0,0.0,0.0,0.759950249942381,10010888
eca47f97dfa3,bdh_cq,propagate,8000,8,interp,"{""dim"": 1, ""distance"": 2, ""length"": 12, ""n_sources"": 1}",1,True,True,0,0.0,0.0,0.0,0.0,[0.0],0.0,0.0,0.0,0.7686567181971535,10010888
eca47f97dfa3,bdh_cq,propagate,8000,8,interp,"{""dim"": 1, ""distance"": 4, ""length"": 12, ""n_sources"": 1}",1,True,True,0,0.0,0.0,0.0,0.0,[0.0],0.0,0.0,0.0,0.7020202021707188,10010888
f0b8b7c55f92,bdh_cq,propagate,40000,8,interp,"{""dim"": 1, ""distance"": 1, ""length"": 12, ""n_sources"": 1}",3,True,False,0,0.0,0.0,0.0,0.0,"[0.0, 0.0, 0.0]",0.0,0.0,0.0,0.7420991299276105,10010880
f0b8b7c55f92,bdh_cq,propagate,40000,8,interp,"{""dim"": 1, ""distance"": 2, ""length"": 12, ""n_sources"": 1}",3,True,False,0,0.0,0.0,0.0,0.0,"[0.0, 0.0, 0.0]",0.0,0.0,0.0,0.6940273572136094,10010880
f0b8b7c55f92,bdh_cq,propagate,40000,8,interp,"{""dim"": 1, ""distance"": 4, ""length"": 12, ""n_sources"": 1}",3,True,False,0,0.0,0.0,0.0,0.0,"[0.0, 0.0, 0.0]",0.0,0.0,0.0,0.5838338352657773,10010880
79d948f95c7e,bdh_cq,propagate,2500,16,interp,"{""dim"": 1, ""distance"": 1, ""length"": 12, ""n_sources"": 1}",3,True,False,0,0.0,0.0,0.0,0.0,"[0.0, 0.0, 0.0]",0.0,0.0,0.0,0.7939953321587301,10010888
79d948f95c7e,bdh_cq,propagate,2500,16,interp,"{""dim"": 1, ""distance"": 2, ""length"": 12, ""n_sources"": 1}",3,True,False,0,0.0,0.0,0.0,0.0,"[0.0, 0.0, 0.0]",0.0,0.0,0.0,0.7817817734884428,10010888
79d948f95c7e,bdh_cq,propagate,2500,16,interp,"{""dim"": 1, ""distance"": 4, ""length"": 12, ""n_sources"": 1}",3,True,False,0,0.0,0.0,0.0,0.0,"[0.0, 0.0, 0.0]",0.0,0.0,0.0,0.7653486713453814,10010888
79d948f95c7e,bdh_cq,propagate,5000,16,interp,"{""dim"": 1, ""distance"": 1, ""length"": 12, ""n_sources"": 1}",3,True,False,0,0.0009980039920159682,0.0014113907808114721,0.0,0.0029940119760479044,"[0.0029940119760479044, 0.0, 0.0]",0.0,0.002994011976047905,0.0009980039920159682,0.7658848949297221,10010888
79d948f95c7e,bdh_cq,propagate,5000,16,interp,"{""dim"": 1, ""distance"": 2, ""length"": 12, ""n_sources"": 1}",3,True,False,0,0.001001001001001001,0.0014156291915646596,0.0,0.003003003003003003,"[0.003003003003003003, 0.0, 0.0]",0.0,0.003003003003003003,0.001001001001001001,0.7465799138829992,10010888
79d948f95c7e,bdh_cq,propagate,5000,16,interp,"{""dim"": 1, ""distance"": 4, ""length"": 12, ""n_sources"": 1}",3,True,False,0,0.0,0.0,0.0,0.0,"[0.0, 0.0, 0.0]",0.0,0.0,0.0,0.7273106401687389,10010888
79d948f95c7e,bdh_cq,propagate,7500,16,interp,"{""dim"": 1, ""distance"": 1, ""length"": 12, ""n_sources"": 1}",3,True,False,0,0.0,0.0,0.0,0.0,"[0.0, 0.0, 0.0]",0.0,0.0,0.0,0.7824351233160662,10010888
79d948f95c7e,bdh_cq,propagate,7500,16,interp,"{""dim"": 1, ""distance"": 2, ""length"": 12, ""n_sources"": 1}",3,True,False,0,0.0,0.0,0.0,0.0,"[0.0, 0.0, 0.0]",0.0,0.0,0.0,0.7579245888166599,10010888
79d948f95c7e,bdh_cq,propagate,7500,16,interp,"{""dim"": 1, ""distance"": 4, ""length"": 12, ""n_sources"": 1}",3,True,False,0,0.0,0.0,0.0,0.0,"[0.0, 0.0, 0.0]",0.0,0.0,0.0,0.7302302243234636,10010888
79d948f95c7e,bdh_cq,propagate,10000,16,interp,"{""dim"": 1, ""distance"": 1, ""length"": 12, ""n_sources"": 1}",3,True,False,0,0.0,0.0,0.0,0.0,"[0.0, 0.0, 0.0]",0.0,0.0,0.0,0.769793739694797,10010888
79d948f95c7e,bdh_cq,propagate,10000,16,interp,"{""dim"": 1, ""distance"": 2, ""length"": 12, ""n_sources"": 1}",3,True,False,0,0.0,0.0,0.0,0.0,"[0.0, 0.0, 0.0]",0.0,0.0,0.0,0.7391558198539823,10010888
79d948f95c7e,bdh_cq,propagate,10000,16,interp,"{""dim"": 1, ""distance"": 4, ""length"": 12, ""n_sources"": 1}",3,True,False,0,0.0,0.0,0.0,0.0,"[0.0, 0.0, 0.0]",0.0,0.0,0.0,0.6966966902529513,10010888
79d948f95c7e,bdh_cq,propagate,12500,16,interp,"{""dim"": 1, ""distance"": 1, ""length"": 12, ""n_sources"": 1}",3,True,False,0,0.0019960079840319364,0.0028227815616229442,0.0,0.005988023952095809,"[0.005988023952095809, 0.0, 0.0]",0.0,0.00598802395209581,0.0019960079840319364,0.7694610730854574,10010888
79d948f95c7e,bdh_cq,propagate,12500,16,interp,"{""dim"": 1, ""distance"": 2, ""length"": 12, ""n_sources"": 1}",3,True,False,0,0.001001001001001001,0.0014156291915646596,0.0,0.003003003003003003,"[0.0, 0.003003003003003003, 0.0]",0.0,0.003003003003003003,0.001001001001001001,0.7362362334618459,10010888
79d948f95c7e,bdh_cq,propagate,12500,16,interp,"{""dim"": 1, ""distance"": 4, ""length"": 12, ""n_sources"": 1}",3,True,False,0,0.0,0.0,0.0,0.0,"[0.0, 0.0, 0.0]",0.0,0.0,0.0,0.6822655938110791,10010888
79d948f95c7e,bdh_cq,propagate,15000,16,interp,"{""dim"": 1, ""distance"": 1, ""length"": 12, ""n_sources"": 1}",3,True,False,0,0.0,0.0,0.0,0.0,"[0.0, 0.0, 0.0]",0.0,0.0,0.0,0.7702095750979558,10010888
79d948f95c7e,bdh_cq,propagate,15000,16,interp,"{""dim"": 1, ""distance"": 2, ""length"": 12, ""n_sources"": 1}",3,True,False,0,0.0,0.0,0.0,0.0,"[0.0, 0.0, 0.0]",0.0,0.0,0.0,0.7353186514582838,10010888
79d948f95c7e,bdh_cq,propagate,15000,16,interp,"{""dim"": 1, ""distance"": 4, ""length"": 12, ""n_sources"": 1}",3,True,False,0,0.0,0.0,0.0,0.0,"[0.0, 0.0, 0.0]",0.0,0.0,0.0,0.689189185311009,10010888
79d948f95c7e,bdh_cq,propagate,17500,16,interp,"{""dim"": 1, ""distance"": 1, ""length"": 12, ""n_sources"": 1}",3,True,False,0,0.0,0.0,0.0,0.0,"[0.0, 0.0, 0.0]",0.0,0.0,0.0,0.7806886131772975,10010888
79d948f95c7e,bdh_cq,propagate,17500,16,interp,"{""dim"": 1, ""distance"": 2, ""length"": 12, ""n_sources"": 1}",3,True,False,0,0.0,0.0,0.0,0.0,"[0.0, 0.0, 0.0]",0.0,0.0,0.0,0.768268261854355,10010888
79d948f95c7e,bdh_cq,propagate,17500,16,interp,"{""dim"": 1, ""distance"": 4, ""length"": 12, ""n_sources"": 1}",3,True,False,0,0.0,0.0,0.0,0.0,"[0.0, 0.0, 0.0]",0.0,0.0,0.0,0.7135468744957172,10010888
79d948f95c7e,bdh_cq,propagate,20000,16,interp,"{""dim"": 1, ""distance"": 1, ""length"": 12, ""n_sources"": 1}",3,True,False,0,0.0,0.0,0.0,0.0,"[0.0, 0.0, 0.0]",0.0,0.0,0.0,0.7481703201751272,10010888
79d948f95c7e,bdh_cq,propagate,20000,16,interp,"{""dim"": 1, ""distance"": 2, ""length"": 12, ""n_sources"": 1}",3,True,False,0,0.0,0.0,0.0,0.0,"[0.0, 0.0, 0.0]",0.0,0.0,0.0,0.7277277250130015,10010888
79d948f95c7e,bdh_cq,propagate,20000,16,interp,"{""dim"": 1, ""distance"": 4, ""length"": 12, ""n_sources"": 1}",3,True,False,0,0.0,0.0,0.0,0.0,"[0.0, 0.0, 0.0]",0.0,0.0,0.0,0.699366029228892,10010888
79d948f95c7e,bdh_cq,propagate,22500,16,interp,"{""dim"": 1, ""distance"": 1, ""length"": 12, ""n_sources"": 1}",3,True,False,0,0.0,0.0,0.0,0.0,"[0.0, 0.0, 0.0]",0.0,0.0,0.0,0.744427805799924,10010888
79d948f95c7e,bdh_cq,propagate,22500,16,interp,"{""dim"": 1, ""distance"": 2, ""length"": 12, ""n_sources"": 1}",3,True,False,0,0.0,0.0,0.0,0.0,"[0.0, 0.0, 0.0]",0.0,0.0,0.0,0.7359025653776105,10010888
79d948f95c7e,bdh_cq,propagate,22500,16,interp,"{""dim"": 1, ""distance"": 4, ""length"": 12, ""n_sources"": 1}",3,True,False,0,0.0,0.0,0.0,0.0,"[0.0, 0.0, 0.0]",0.0,0.0,0.0,0.7093760409691671,10010888
79d948f95c7e,bdh_cq,propagate,25000,16,interp,"{""dim"": 1, ""distance"": 1, ""length"": 12, ""n_sources"": 1}",3,True,False,0,0.0,0.0,0.0,0.0,"[0.0, 0.0, 0.0]",0.0,0.0,0.0,0.7202262092612224,10010888
79d948f95c7e,bdh_cq,propagate,25000,16,interp,"{""dim"": 1, ""distance"": 2, ""length"": 12, ""n_sources"": 1}",3,True,False,0,0.0,0.0,0.0,0.0,"[0.0, 0.0, 0.0]",0.0,0.0,0.0,0.7034534525584887,10010888
79d948f95c7e,bdh_cq,propagate,25000,16,interp,"{""dim"": 1, ""distance"": 4, ""length"": 12, ""n_sources"": 1}",3,True,False,0,0.0,0.0,0.0,0.0,"[0.0, 0.0, 0.0]",0.0,0.0,0.0,0.6899399368970602,10010888
79d948f95c7e,bdh_cq,propagate,27500,16,interp,"{""dim"": 1, ""distance"": 1, ""length"": 12, ""n_sources"": 1}",3,True,False,0,0.0,0.0,0.0,0.0,"[0.0, 0.0, 0.0]",0.0,0.0,0.0,0.7032601415456649,10010888
79d948f95c7e,bdh_cq,propagate,27500,16,interp,"{""dim"": 1, ""distance"": 2, ""length"": 12, ""n_sources"": 1}",3,True,False,0,0.0,0.0,0.0,0.0,"[0.0, 0.0, 0.0]",0.0,0.0,0.0,0.6940273587350493,10010888
79d948f95c7e,bdh_cq,propagate,27500,16,interp,"{""dim"": 1, ""distance"": 4, ""length"": 12, ""n_sources"": 1}",3,True,False,0,0.0,0.0,0.0,0.0,"[0.0, 0.0, 0.0]",0.0,0.0,0.0,0.6966966936836491,10010888
79d948f95c7e,bdh_cq,propagate,30000,16,interp,"{""dim"": 1, ""distance"": 1, ""length"": 12, ""n_sources"": 1}",3,True,False,0,0.0,0.0,0.0,0.0,"[0.0, 0.0, 0.0]",0.0,0.0,0.0,0.6995176264566337,10010888
79d948f95c7e,bdh_cq,propagate,30000,16,interp,"{""dim"": 1, ""distance"": 2, ""length"": 12, ""n_sources"": 1}",3,True,False,0,0.0,0.0,0.0,0.0,"[0.0, 0.0, 0.0]",0.0,0.0,0.0,0.6901067719683871,10010888
79d948f95c7e,bdh_cq,propagate,30000,16,interp,"{""dim"": 1, ""distance"": 4, ""length"": 12, ""n_sources"": 1}",3,True,False,0,0.0,0.0,0.0,0.0,"[0.0, 0.0, 0.0]",0.0,0.0,0.0,0.698615282296657,10010888
79d948f95c7e,bdh_cq,propagate,32500,16,interp,"{""dim"": 1, ""distance"": 1, ""length"": 12, ""n_sources"": 1}",3,True,False,0,0.0,0.0,0.0,0.0,"[0.0, 0.0, 0.0]",0.0,0.0,0.0,0.6964404476200511,10010888
79d948f95c7e,bdh_cq,propagate,32500,16,interp,"{""dim"": 1, ""distance"": 2, ""length"": 12, ""n_sources"": 1}",3,True,False,0,0.0,0.0,0.0,0.0,"[0.0, 0.0, 0.0]",0.0,0.0,0.0,0.6850183500243617,10010888
79d948f95c7e,bdh_cq,propagate,32500,16,interp,"{""dim"": 1, ""distance"": 4, ""length"": 12, ""n_sources"": 1}",3,True,False,0,0.0,0.0,0.0,0.0,"[0.0, 0.0, 0.0]",0.0,0.0,0.0,0.7028695344626605,10010888
79d948f95c7e,bdh_cq,propagate,35000,16,interp,"{""dim"": 1, ""distance"": 1, ""length"": 12, ""n_sources"": 1}",3,True,False,0,0.0,0.0,0.0,0.0,"[0.0, 0.0, 0.0]",0.0,0.0,0.0,0.6956919450721818,10010888
79d948f95c7e,bdh_cq,propagate,35000,16,interp,"{""dim"": 1, ""distance"": 2, ""length"": 12, ""n_sources"": 1}",3,True,False,0,0.0,0.0,0.0,0.0,"[0.0, 0.0, 0.0]",0.0,0.0,0.0,0.6834334320611544,10010888
79d948f95c7e,bdh_cq,propagate,35000,16,interp,"{""dim"": 1, ""distance"": 4, ""length"": 12, ""n_sources"": 1}",3,True,False,0,0.0,0.0,0.0,0.0,"[0.0, 0.0, 0.0]",0.0,0.0,0.0,0.7029529525054706,10010888
79d948f95c7e,bdh_cq,propagate,37500,16,interp,"{""dim"": 1, ""distance"": 1, ""length"": 12, ""n_sources"": 1}",3,True,False,0,0.0,0.0,0.0,0.0,"[0.0, 0.0, 0.0]",0.0,0.0,0.0,0.6991849591037232,10010888
79d948f95c7e,bdh_cq,propagate,37500,16,interp,"{""dim"": 1, ""distance"": 2, ""length"": 12, ""n_sources"": 1}",3,True,False,0,0.0,0.0,0.0,0.0,"[0.0, 0.0, 0.0]",0.0,0.0,0.0,0.6856022680903578,10010888
79d948f95c7e,bdh_cq,propagate,37500,16,interp,"{""dim"": 1, ""distance"": 4, ""length"": 12, ""n_sources"": 1}",3,True,False,0,0.0,0.0,0.0,0.0,"[0.0, 0.0, 0.0]",0.0,0.0,0.0,0.6999499488461601,10010888
79d948f95c7e,bdh_cq,propagate,40000,16,interp,"{""dim"": 1, ""distance"": 1, ""length"": 12, ""n_sources"": 1}",3,True,False,0,0.0,0.0,0.0,0.0,"[0.0, 0.0, 0.0]",0.0,0.0,0.0,0.6962741142558956,10010888
79d948f95c7e,bdh_cq,propagate,40000,16,interp,"{""dim"": 1, ""distance"": 2, ""length"": 12, ""n_sources"": 1}",3,True,False,0,0.0,0.0,0.0,0.0,"[0.0, 0.0, 0.0]",0.0,0.0,0.0,0.686269601275613,10010888
79d948f95c7e,bdh_cq,propagate,40000,16,interp,"{""dim"": 1, ""distance"": 4, ""length"": 12, ""n_sources"": 1}",3,True,False,0,0.0,0.0,0.0,0.0,"[0.0, 0.0, 0.0]",0.0,0.0,0.0,0.7000333660238378,10010888
9b4bca1a63ee,bdh_cq,propagate,2500,16,interp,"{""dim"": 1, ""distance"": 1, ""length"": 12, ""n_sources"": 1}",3,True,False,0,0.0,0.0,0.0,0.0,"[0.0, 0.0, 0.0]",0.0,0.0,0.0,0.7967398424824318,10012145
9b4bca1a63ee,bdh_cq,propagate,2500,16,interp,"{""dim"": 1, ""distance"": 2, ""length"": 12, ""n_sources"": 1}",3,True,False,0,0.0,0.0,0.0,0.0,"[0.0, 0.0, 0.0]",0.0,0.0,0.0,0.7722722666638272,10012145
9b4bca1a63ee,bdh_cq,propagate,2500,16,interp,"{""dim"": 1, ""distance"": 4, ""length"": 12, ""n_sources"": 1}",3,True,False,0,0.0,0.0,0.0,0.0,"[0.0, 0.0, 0.0]",0.0,0.0,0.0,0.7525024924192344,10012145
9b4bca1a63ee,bdh_cq,propagate,5000,16,interp,"{""dim"": 1, ""distance"": 1, ""length"": 12, ""n_sources"": 1}",3,True,False,0,0.0,0.0,0.0,0.0,"[0.0, 0.0, 0.0]",0.0,0.0,0.0,0.7754490940707054,10012145
9b4bca1a63ee,bdh_cq,propagate,5000,16,interp,"{""dim"": 1, ""distance"": 2, ""length"": 12, ""n_sources"": 1}",3,True,False,0,0.0,0.0,0.0,0.0,"[0.0, 0.0, 0.0]",0.0,0.0,0.0,0.7519185831238916,10012145
9b4bca1a63ee,bdh_cq,propagate,5000,16,interp,"{""dim"": 1, ""distance"": 4, ""length"": 12, ""n_sources"": 1}",3,True,False,0,0.0,0.0,0.0,0.0,"[0.0, 0.0, 0.0]",0.0,0.0,0.0,0.7080413687217223,10012145
9b4bca1a63ee,bdh_cq,propagate,7500,16,interp,"{""dim"": 1, ""distance"": 1, ""length"": 12, ""n_sources"": 1}",3,True,False,0,0.0009980039920159682,0.0014113907808114721,0.0,0.0029940119760479044,"[0.0029940119760479044, 0.0, 0.0]",0.0,0.002994011976047905,0.0009980039920159682,0.7834331270106537,10012145
9b4bca1a63ee,bdh_cq,propagate,7500,16,interp,"{""dim"": 1, ""distance"": 2, ""length"": 12, ""n_sources"": 1}",3,True,False,0,0.0,0.0,0.0,0.0,"[0.0, 0.0, 0.0]",0.0,0.0,0.0,0.775275270024816,10012145
9b4bca1a63ee,bdh_cq,propagate,7500,16,interp,"{""dim"": 1, ""distance"": 4, ""length"": 12, ""n_sources"": 1}",3,True,False,0,0.0,0.0,0.0,0.0,"[0.0, 0.0, 0.0]",0.0,0.0,0.0,0.744577905258259,10012145
9b4bca1a63ee,bdh_cq,propagate,10000,16,interp,"{""dim"": 1, ""distance"": 1, ""length"": 12, ""n_sources"": 1}",3,True,False,0,0.0,0.0,0.0,0.0,"[0.0, 0.0, 0.0]",0.0,0.0,0.0,0.7352794349461259,10012145
9b4bca1a63ee,bdh_cq,propagate,10000,16,interp,"{""dim"": 1, ""distance"": 2, ""length"": 12, ""n_sources"": 1}",3,True,False,0,0.0,0.0,0.0,0.0,"[0.0, 0.0, 0.0]",0.0,0.0,0.0,0.7518351621873625,10012145
9b4bca1a63ee,bdh_cq,propagate,10000,16,interp,"{""dim"": 1, ""distance"": 4, ""length"": 12, ""n_sources"": 1}",3,True,False,0,0.0,0.0,0.0,0.0,"[0.0, 0.0, 0.0]",0.0,0.0,0.0,0.7697697630575351,10012145
9b4bca1a63ee,bdh_cq,propagate,12500,16,interp,"{""dim"": 1, ""distance"": 1, ""length"": 12, ""n_sources"": 1}",3,True,False,0,0.0,0.0,0.0,0.0,"[0.0, 0.0, 0.0]",0.0,0.0,0.0,0.71798069911178,10012145
9b4bca1a63ee,bdh_cq,propagate,12500,16,interp,"{""dim"": 1, ""distance"": 2, ""length"": 12, ""n_sources"": 1}",3,True,False,0,0.0,0.0,0.0,0.0,"[0.0, 0.0, 0.0]",0.0,0.0,0.0,0.717634295498406,10012145
9b4bca1a63ee,bdh_cq,propagate,12500,16,interp,"{""dim"": 1, ""distance"": 4, ""length"": 12, ""n_sources"": 1}",3,True,False,0,0.0,0.0,0.0,0.0,"[0.0, 0.0, 0.0]",0.0,0.0,0.0,0.777777770498732,10012145
9b4bca1a63ee,bdh_cq,propagate,15000,16,interp,"{""dim"": 1, ""distance"": 1, ""length"": 12, ""n_sources"": 1}",3,True,False,0,0.0,0.0,0.0,0.0,"[0.0, 0.0, 0.0]",0.0,0.0,0.0,0.6701596762442185,10012145
9b4bca1a63ee,bdh_cq,propagate,15000,16,interp,"{""dim"": 1, ""distance"": 2, ""length"": 12, ""n_sources"": 1}",3,True,False,0,0.0,0.0,0.0,0.0,"[0.0, 0.0, 0.0]",0.0,0.0,0.0,0.6577410704425505,10012145
9b4bca1a63ee,bdh_cq,propagate,15000,16,interp,"{""dim"": 1, ""distance"": 4, ""length"": 12, ""n_sources"": 1}",3,True,False,0,0.0,0.0,0.0,0.0,"[0.0, 0.0, 0.0]",0.0,0.0,0.0,0.730397056948554,10012145
9b4bca1a63ee,bdh_cq,propagate,17500,16,interp,"{""dim"": 1, ""distance"": 1, ""length"": 12, ""n_sources"": 1}",3,True,False,0,0.0,0.0,0.0,0.0,"[0.0, 0.0, 0.0]",0.0,0.0,0.0,0.6665834965939056,10012145
9b4bca1a63ee,bdh_cq,propagate,17500,16,interp,"{""dim"": 1, ""distance"": 2, ""length"": 12, ""n_sources"": 1}",3,True,False,0,0.0,0.0,0.0,0.0,"[0.0, 0.0, 0.0]",0.0,0.0,0.0,0.6487320622464677,10012145
9b4bca1a63ee,bdh_cq,propagate,17500,16,interp,"{""dim"": 1, ""distance"": 4, ""length"": 12, ""n_sources"": 1}",3,True,False,0,0.0,0.0,0.0,0.0,"[0.0, 0.0, 0.0]",0.0,0.0,0.0,0.7213046323131392,10012145
9b4bca1a63ee,bdh_cq,propagate,20000,16,interp,"{""dim"": 1, ""distance"": 1, ""length"": 12, ""n_sources"": 1}",3,True,False,0,0.0,0.0,0.0,0.0,"[0.0, 0.0, 0.0]",0.0,0.0,0.0,0.6841317337608622,10012145
9b4bca1a63ee,bdh_cq,propagate,20000,16,interp,"{""dim"": 1, ""distance"": 2, ""length"": 12, ""n_sources"": 1}",3,True,False,0,0.0,0.0,0.0,0.0,"[0.0, 0.0, 0.0]",0.0,0.0,0.0,0.6777610912904128,10012145
9b4bca1a63ee,bdh_cq,propagate,20000,16,interp,"{""dim"": 1, ""distance"": 4, ""length"": 12, ""n_sources"": 1}",3,True,False,0,0.0,0.0,0.0,0.0,"[0.0, 0.0, 0.0]",0.0,0.0,0.0,0.7375708995042024,10012145
9b4bca1a63ee,bdh_cq,propagate,22500,16,interp,"{""dim"": 1, ""distance"": 1, ""length"": 12, ""n_sources"": 1}",3,True,False,0,0.0,0.0,0.0,0.0,"[0.0, 0.0, 0.0]",0.0,0.0,0.0,0.6669993312237507,10012145
9b4bca1a63ee,bdh_cq,propagate,22500,16,interp,"{""dim"": 1, ""distance"": 2, ""length"": 12, ""n_sources"": 1}",3,True,False,0,0.0,0.0,0.0,0.0,"[0.0, 0.0, 0.0]",0.0,0.0,0.0,0.6592425726823978,10012145
9b4bca1a63ee,bdh_cq,propagate,22500,16,interp,"{""dim"": 1, ""distance"": 4, ""length"": 12, ""n_sources"": 1}",3,True,False,0,0.0,0.0,0.0,0.0,"[0.0, 0.0, 0.0]",0.0,0.0,0.0,0.7278111387003171,10012145
9b4bca1a63ee,bdh_cq,propagate,25000,16,interp,"{""dim"": 1, ""distance"": 1, ""length"": 12, ""n_sources"": 1}",3,True,False,0,0.0,0.0,0.0,0.0,"[0.0, 0.0, 0.0]",0.0,0.0,0.0,0.6630073160587432,10012145
9b4bca1a63ee,bdh_cq,propagate,25000,16,interp,"{""dim"": 1, ""distance"": 2, ""length"": 12, ""n_sources"": 1}",3,True,False,0,0.0,0.0,0.0,0.0,"[0.0, 0.0, 0.0]",0.0,0.0,0.0,0.641891888834096,10012145
9b4bca1a63ee,bdh_cq,propagate,25000,16,interp,"{""dim"": 1, ""distance"": 4, ""length"": 12, ""n_sources"": 1}",3,True,False,0,0.0,0.0,0.0,0.0,"[0.0, 0.0, 0.0]",0.0,0.0,0.0,0.7260593866800761,10012145
9b4bca1a63ee,bdh_cq,propagate,27500,16,interp,"{""dim"": 1, ""distance"": 1, ""length"": 12, ""n_sources"": 1}",3,True,False,0,0.0,0.0,0.0,0.0,"[0.0, 0.0, 0.0]",0.0,0.0,0.0,0.6723220199049115,10012145
9b4bca1a63ee,bdh_cq,propagate,27500,16,interp,"{""dim"": 1, ""distance"": 2, ""length"": 12, ""n_sources"": 1}",3,True,False,0,0.0,0.0,0.0,0.0,"[0.0, 0.0, 0.0]",0.0,0.0,0.0,0.6532365663780704,10012145
9b4bca1a63ee,bdh_cq,propagate,27500,16,interp,"{""dim"": 1, ""distance"": 4, ""length"": 12, ""n_sources"": 1}",3,True,False,0,0.0,0.0,0.0,0.0,"[0.0, 0.0, 0.0]",0.0,0.0,0.0,0.7290623891759324,10012145
9b4bca1a63ee,bdh_cq,propagate,30000,16,interp,"{""dim"": 1, ""distance"": 1, ""length"": 12, ""n_sources"": 1}",3,True,False,0,0.0,0.0,0.0,0.0,"[0.0, 0.0, 0.0]",0.0,0.0,0.0,0.6710745154948768,10012145
9b4bca1a63ee,bdh_cq,propagate,30000,16,interp,"{""dim"": 1, ""distance"": 2, ""length"": 12, ""n_sources"": 1}",3,True,False,0,0.0,0.0,0.0,0.0,"[0.0, 0.0, 0.0]",0.0,0.0,0.0,0.6531531495583786,10012145
9b4bca1a63ee,bdh_cq,propagate,30000,16,interp,"{""dim"": 1, ""distance"": 4, ""length"": 12, ""n_sources"": 1}",3,True,False,0,0.0,0.0,0.0,0.0,"[0.0, 0.0, 0.0]",0.0,0.0,0.0,0.7326493093797991,10012145
9b4bca1a63ee,bdh_cq,propagate,32500,16,interp,"{""dim"": 1, ""distance"": 1, ""length"": 12, ""n_sources"": 1}",3,True,False,0,0.0,0.0,0.0,0.0,"[0.0, 0.0, 0.0]",0.0,0.0,0.0,0.7015968042754842,10012145
9b4bca1a63ee,bdh_cq,propagate,32500,16,interp,"{""dim"": 1, ""distance"": 2, ""length"": 12, ""n_sources"": 1}",3,True,False,0,0.0,0.0,0.0,0.0,"[0.0, 0.0, 0.0]",0.0,0.0,0.0,0.6897731037051589,10012145
9b4bca1a63ee,bdh_cq,propagate,32500,16,interp,"{""dim"": 1, ""distance"": 4, ""length"": 12, ""n_sources"": 1}",3,True,False,0,0.0,0.0,0.0,0.0,"[0.0, 0.0, 0.0]",0.0,0.0,0.0,0.7468301554222604,10012145
9b4bca1a63ee,bdh_cq,propagate,35000,16,interp,"{""dim"": 1, ""distance"": 1, ""length"": 12, ""n_sources"": 1}",3,True,False,0,0.0,0.0,0.0,0.0,"[0.0, 0.0, 0.0]",0.0,0.0,0.0,0.6870425786979184,10012145
9b4bca1a63ee,bdh_cq,propagate,35000,16,interp,"{""dim"": 1, ""distance"": 2, ""length"": 12, ""n_sources"": 1}",3,True,False,0,0.0,0.0,0.0,0.0,"[0.0, 0.0, 0.0]",0.0,0.0,0.0,0.6743410035624757,10012145
9b4bca1a63ee,bdh_cq,propagate,35000,16,interp,"{""dim"": 1, ""distance"": 4, ""length"": 12, ""n_sources"": 1}",3,True,False,0,0.0,0.0,0.0,0.0,"[0.0, 0.0, 0.0]",0.0,0.0,0.0,0.7383216469734162,10012145
9b4bca1a63ee,bdh_cq,propagate,37500,16,interp,"{""dim"": 1, ""distance"": 1, ""length"": 12, ""n_sources"": 1}",3,True,False,0,0.0,0.0,0.0,0.0,"[0.0, 0.0, 0.0]",0.0,0.0,0.0,0.6878742495191074,10012145
9b4bca1a63ee,bdh_cq,propagate,37500,16,interp,"{""dim"": 1, ""distance"": 2, ""length"": 12, ""n_sources"": 1}",3,True,False,0,0.0,0.0,0.0,0.0,"[0.0, 0.0, 0.0]",0.0,0.0,0.0,0.6755922553656218,10012145
9b4bca1a63ee,bdh_cq,propagate,37500,16,interp,"{""dim"": 1, ""distance"": 4, ""length"": 12, ""n_sources"": 1}",3,True,False,0,0.0,0.0,0.0,0.0,"[0.0, 0.0, 0.0]",0.0,0.0,0.0,0.7401568152465381,10012145
9b4bca1a63ee,bdh_cq,propagate,40000,16,interp,"{""dim"": 1, ""distance"": 1, ""length"": 12, ""n_sources"": 1}",3,True,False,0,0.0,0.0,0.0,0.0,"[0.0, 0.0, 0.0]",0.0,0.0,0.0,0.6925316012488629,10012145
9b4bca1a63ee,bdh_cq,propagate,40000,16,interp,"{""dim"": 1, ""distance"": 2, ""length"": 12, ""n_sources"": 1}",3,True,False,0,0.0,0.0,0.0,0.0,"[0.0, 0.0, 0.0]",0.0,0.0,0.0,0.6796796757418352,10012145
9b4bca1a63ee,bdh_cq,propagate,40000,16,interp,"{""dim"": 1, ""distance"": 4, ""length"": 12, ""n_sources"": 1}",3,True,False,0,0.0,0.0,0.0,0.0,"[0.0, 0.0, 0.0]",0.0,0.0,0.0,0.7423256505896022,10012145
cb0b76097aaf,bdh_cq,propagate,2500,16,interp,"{""dim"": 1, ""distance"": 1, ""length"": 12, ""n_sources"": 1}",3,True,False,0,0.0,0.0,0.0,0.0,"[0.0, 0.0, 0.0]",0.0,0.0,0.0,0.7703759100384818,10010880
cb0b76097aaf,bdh_cq,propagate,2500,16,interp,"{""dim"": 1, ""distance"": 2, ""length"": 12, ""n_sources"": 1}",3,True,False,0,0.0,0.0,0.0,0.0,"[0.0, 0.0, 0.0]",0.0,0.0,0.0,0.7656823446800759,10010880
cb0b76097aaf,bdh_cq,propagate,2500,16,interp,"{""dim"": 1, ""distance"": 4, ""length"": 12, ""n_sources"": 1}",3,True,False,0,0.0,0.0,0.0,0.0,"[0.0, 0.0, 0.0]",0.0,0.0,0.0,0.7650984258981081,10010880
cb0b76097aaf,bdh_cq,propagate,5000,16,interp,"{""dim"": 1, ""distance"": 1, ""length"": 12, ""n_sources"": 1}",3,True,False,0,0.0,0.0,0.0,0.0,"[0.0, 0.0, 0.0]",0.0,0.0,0.0,0.7543246827558606,10010880
cb0b76097aaf,bdh_cq,propagate,5000,16,interp,"{""dim"": 1, ""distance"": 2, ""length"": 12, ""n_sources"": 1}",3,True,False,0,0.0,0.0,0.0,0.0,"[0.0, 0.0, 0.0]",0.0,0.0,0.0,0.7480814135945715,10010880
cb0b76097aaf,bdh_cq,propagate,5000,16,interp,"{""dim"": 1, ""distance"": 4, ""length"": 12, ""n_sources"": 1}",3,True,False,0,0.0,0.0,0.0,0.0,"[0.0, 0.0, 0.0]",0.0,0.0,0.0,0.7436603248358011,10010880
cb0b76097aaf,bdh_cq,propagate,7500,16,interp,"{""dim"": 1, ""distance"": 1, ""length"": 12, ""n_sources"": 1}",3,True,False,0,0.0,0.0,0.0,0.0,"[0.0, 0.0, 0.0]",0.0,0.0,0.0,0.7501663340184979,10010880
cb0b76097aaf,bdh_cq,propagate,7500,16,interp,"{""dim"": 1, ""distance"": 2, ""length"": 12, ""n_sources"": 1}",3,True,False,0,0.0,0.0,0.0,0.0,"[0.0, 0.0, 0.0]",0.0,0.0,0.0,0.7478311649552575,10010880
cb0b76097aaf,bdh_cq,propagate,7500,16,interp,"{""dim"": 1, ""distance"": 4, ""length"": 12, ""n_sources"": 1}",3,True,False,0,0.0,0.0,0.0,0.0,"[0.0, 0.0, 0.0]",0.0,0.0,0.0,0.7552552538829761,10010880
cb0b76097aaf,bdh_cq,propagate,10000,16,interp,"{""dim"": 1, ""distance"": 1, ""length"": 12, ""n_sources"": 1}",3,True,False,0,0.0,0.0,0.0,0.0,"[0.0, 0.0, 0.0]",0.0,0.0,0.0,0.7504990018770367,10010880
cb0b76097aaf,bdh_cq,propagate,10000,16,interp,"{""dim"": 1, ""distance"": 2, ""length"": 12, ""n_sources"": 1}",3,True,False,0,0.0,0.0,0.0,0.0,"[0.0, 0.0, 0.0]",0.0,0.0,0.0,0.7518351679449683,10010880
cb0b76097aaf,bdh_cq,propagate,10000,16,interp,"{""dim"": 1, ""distance"": 4, ""length"": 12, ""n_sources"": 1}",3,True,False,0,0.0,0.0,0.0,0.0,"[0.0, 0.0, 0.0]",0.0,0.0,0.0,0.7596763407623207,10010880
cb0b76097aaf,bdh_cq,propagate,12500,16,interp,"{""dim"": 1, ""distance"": 1, ""length"": 12, ""n_sources"": 1}",3,True,False,0,0.0,0.0,0.0,0.0,"[0.0, 0.0, 0.0]",0.0,0.0,0.0,0.7603958722300636,10010880
cb0b76097aaf,bdh_cq,propagate,12500,16,interp,"{""dim"": 1, ""distance"": 2, ""length"": 12, ""n_sources"": 1}",3,True,False,0,0.0,0.0,0.0,0.0,"[0.0, 0.0, 0.0]",0.0,0.0,0.0,0.7596763401060133,10010880
cb0b76097aaf,bdh_cq,propagate,12500,16,interp,"{""dim"": 1, ""distance"": 4, ""length"": 12, ""n_sources"": 1}",3,True,False,0,0.0,0.0,0.0,0.0,"[0.0, 0.0, 0.0]",0.0,0.0,0.0,0.7612612572935847,10010880
cb0b76097aaf,bdh_cq,propagate,15000,16,interp,"{""dim"": 1, ""distance"": 1, ""length"": 12, ""n_sources"": 1}",3,True,False,0,0.0,0.0,0.0,0.0,"[0.0, 0.0, 0.0]",0.0,0.0,0.0,0.765385891149144,10010880
cb0b76097aaf,bdh_cq,propagate,15000,16,interp,"{""dim"": 1, ""distance"": 2, ""length"": 12, ""n_sources"": 1}",3,True,False,0,0.0,0.0,0.0,0.0,"[0.0, 0.0, 0.0]",0.0,0.0,0.0,0.766016011958843,10010880
cb0b76097aaf,bdh_cq,propagate,15000,16,interp,"{""dim"": 1, ""distance"": 4, ""length"": 12, ""n_sources"": 1}",3,True,False,0,0.0,0.0,0.0,0.0,"[0.0, 0.0, 0.0]",0.0,0.0,0.0,0.7721888500529605,10010880
cb0b76097aaf,bdh_cq,propagate,17500,16,interp,"{""dim"": 1, ""distance"": 1, ""length"": 12, ""n_sources"": 1}",3,True,False,0,0.0,0.0,0.0,0.0,"[0.0, 0.0, 0.0]",0.0,0.0,0.0,0.7668828968397395,10010880
cb0b76097aaf,bdh_cq,propagate,17500,16,interp,"{""dim"": 1, ""distance"": 2, ""length"": 12, ""n_sources"": 1}",3,True,False,0,0.0,0.0,0.0,0.0,"[0.0, 0.0, 0.0]",0.0,0.0,0.0,0.7679345969323282,10010880
cb0b76097aaf,bdh_cq,propagate,17500,16,interp,"{""dim"": 1, ""distance"": 4, ""length"": 12, ""n_sources"": 1}",3,True,False,0,0.0,0.0,0.0,0.0,"[0.0, 0.0, 0.0]",0.0,0.0,0.0,0.773440101363876,10010880
cb0b76097aaf,bdh_cq,propagate,20000,16,interp,"{""dim"": 1, ""distance"": 1, ""length"": 12, ""n_sources"": 1}",3,True,False,0,0.0,0.0,0.0,0.0,"[0.0, 0.0, 0.0]",0.0,0.0,0.0,0.7669660638192456,10010880
cb0b76097aaf,bdh_cq,propagate,20000,16,interp,"{""dim"": 1, ""distance"": 2, ""length"": 12, ""n_sources"": 1}",3,True,False,0,0.0,0.0,0.0,0.0,"[0.0, 0.0, 0.0]",0.0,0.0,0.0,0.7685185140436953,10010880
cb0b76097aaf,bdh_cq,propagate,20000,16,interp,"{""dim"": 1, ""distance"": 4, ""length"": 12, ""n_sources"": 1}",3,True,False,0,0.0,0.0,0.0,0.0,"[0.0, 0.0, 0.0]",0.0,0.0,0.0,0.7744411018875627,10010880
cb0b76097aaf,bdh_cq,propagate,22500,16,interp,"{""dim"": 1, ""distance"": 1, ""length"": 12, ""n_sources"": 1}",3,True,False,0,0.0,0.0,0.0,0.0,"[0.0, 0.0, 0.0]",0.0,0.0,0.0,0.7667997298602334,10010880
cb0b76097aaf,bdh_cq,propagate,22500,16,interp,"{""dim"": 1, ""distance"": 2, ""length"": 12, ""n_sources"": 1}",3,True,False,0,0.0,0.0,0.0,0.0,"[0.0, 0.0, 0.0]",0.0,0.0,0.0,0.7683516805833047,10010880
cb0b76097aaf,bdh_cq,propagate,22500,16,interp,"{""dim"": 1, ""distance"": 4, ""length"": 12, ""n_sources"": 1}",3,True,False,0,0.0,0.0,0.0,0.0,"[0.0, 0.0, 0.0]",0.0,0.0,0.0,0.7761928535796501,10010880
cb0b76097aaf,bdh_cq,propagate,25000,16,interp,"{""dim"": 1, ""distance"": 1, ""length"": 12, ""n_sources"": 1}",3,True,False,0,0.0,0.0,0.0,0.0,"[0.0, 0.0, 0.0]",0.0,0.0,0.0,0.7667165628807274,10010880
cb0b76097aaf,bdh_cq,propagate,25000,16,interp,"{""dim"": 1, ""distance"": 2, ""length"": 12, ""n_sources"": 1}",3,True,False,0,0.0,0.0,0.0,0.0,"[0.0, 0.0, 0.0]",0.0,0.0,0.0,0.7686853475637503,10010880
cb0b76097aaf,bdh_cq,propagate,25000,16,interp,"{""dim"": 1, ""distance"": 4, ""length"": 12, ""n_sources"": 1}",3,True,False,0,0.0,0.0,0.0,0.0,"[0.0, 0.0, 0.0]",0.0,0.0,0.0,0.7758591865395402,10010880
cb0b76097aaf,bdh_cq,propagate,27500,16,interp,"{""dim"": 1, ""distance"": 1, ""length"": 12, ""n_sources"": 1}",3,True,False,0,0.0,0.0,0.0,0.0,"[0.0, 0.0, 0.0]",0.0,0.0,0.0,0.7669660638192456,10010880
cb0b76097aaf,bdh_cq,propagate,27500,16,interp,"{""dim"": 1, ""distance"": 2, ""length"": 12, ""n_sources"": 1}",3,True,False,0,0.0,0.0,0.0,0.0,"[0.0, 0.0, 0.0]",0.0,0.0,0.0,0.7686019307738906,10010880
cb0b76097aaf,bdh_cq,propagate,27500,16,interp,"{""dim"": 1, ""distance"": 4, ""length"": 12, ""n_sources"": 1}",3,True,False,0,0.0,0.0,0.0,0.0,"[0.0, 0.0, 0.0]",0.0,0.0,0.0,0.7761928534006571,10010880
cb0b76097aaf,bdh_cq,propagate,30000,16,interp,"{""dim"": 1, ""distance"": 1, ""length"": 12, ""n_sources"": 1}",3,True,False,0,0.0,0.0,0.0,0.0,"[0.0, 0.0, 0.0]",0.0,0.0,0.0,0.7667165628807274,10010880
cb0b76097aaf,bdh_cq,propagate,30000,16,interp,"{""dim"": 1, ""distance"": 2, ""length"": 12, ""n_sources"": 1}",3,True,False,0,0.0,0.0,0.0,0.0,"[0.0, 0.0, 0.0]",0.0,0.0,0.0,0.7680180136625233,10010880
cb0b76097aaf,bdh_cq,propagate,30000,16,interp,"{""dim"": 1, ""distance"": 4, ""length"": 12, ""n_sources"": 1}",3,True,False,0,0.0,0.0,0.0,0.0,"[0.0, 0.0, 0.0]",0.0,0.0,0.0,0.7756089361699613,10010880
cb0b76097aaf,bdh_cq,propagate,32500,16,interp,"{""dim"": 1, ""distance"": 1, ""length"": 12, ""n_sources"": 1}",3,True,False,0,0.0,0.0,0.0,0.0,"[0.0, 0.0, 0.0]",0.0,0.0,0.0,0.7669660638787313,10010880
cb0b76097aaf,bdh_cq,propagate,32500,16,interp,"{""dim"": 1, ""distance"": 2, ""length"": 12, ""n_sources"": 1}",3,True,False,0,0.0,0.0,0.0,0.0,"[0.0, 0.0, 0.0]",0.0,0.0,0.0,0.7682682639127737,10010880
cb0b76097aaf,bdh_cq,propagate,32500,16,interp,"{""dim"": 1, ""distance"": 4, ""length"": 12, ""n_sources"": 1}",3,True,False,0,0.0,0.0,0.0,0.0,"[0.0, 0.0, 0.0]",0.0,0.0,0.0,0.7756923529598209,10010880
cb0b76097aaf,bdh_cq,propagate,35000,16,interp,"{""dim"": 1, ""distance"": 1, ""length"": 12, ""n_sources"": 1}",3,True,False,0,0.0,0.0,0.0,0.0,"[0.0, 0.0, 0.0]",0.0,0.0,0.0,0.7666333959012213,10010880
cb0b76097aaf,bdh_cq,propagate,35000,16,interp,"{""dim"": 1, ""distance"": 2, ""length"": 12, ""n_sources"": 1}",3,True,False,0,0.0,0.0,0.0,0.0,"[0.0, 0.0, 0.0]",0.0,0.0,0.0,0.768351680642969,10010880
cb0b76097aaf,bdh_cq,propagate,35000,16,interp,"{""dim"": 1, ""distance"": 4, ""length"": 12, ""n_sources"": 1}",3,True,False,0,0.0,0.0,0.0,0.0,"[0.0, 0.0, 0.0]",0.0,0.0,0.0,0.7761928533409929,10010880
cb0b76097aaf,bdh_cq,propagate,37500,16,interp,"{""dim"": 1, ""distance"": 1, ""length"": 12, ""n_sources"": 1}",3,True,False,0,0.0,0.0,0.0,0.0,"[0.0, 0.0, 0.0]",0.0,0.0,0.0,0.7667165628807274,10010880
cb0b76097aaf,bdh_cq,propagate,37500,16,interp,"{""dim"": 1, ""distance"": 2, ""length"": 12, ""n_sources"": 1}",3,True,False,0,0.0,0.0,0.0,0.0,"[0.0, 0.0, 0.0]",0.0,0.0,0.0,0.768351680642969,10010880
cb0b76097aaf,bdh_cq,propagate,37500,16,interp,"{""dim"": 1, ""distance"": 4, ""length"": 12, ""n_sources"": 1}",3,True,False,0,0.0,0.0,0.0,0.0,"[0.0, 0.0, 0.0]",0.0,0.0,0.0,0.7766099370516337,10010880
cb0b76097aaf,bdh_cq,propagate,40000,16,interp,"{""dim"": 1, ""distance"": 1, ""length"": 12, ""n_sources"": 1}",3,True,False,0,0.0,0.0,0.0,0.0,"[0.0, 0.0, 0.0]",0.0,0.0,0.0,0.7666333959012213,10010880
cb0b76097aaf,bdh_cq,propagate,40000,16,interp,"{""dim"": 1, ""distance"": 2, ""length"": 12, ""n_sources"": 1}",3,True,False,0,0.0,0.0,0.0,0.0,"[0.0, 0.0, 0.0]",0.0,0.0,0.0,0.768351680642969,10010880
cb0b76097aaf,bdh_cq,propagate,40000,16,interp,"{""dim"": 1, ""distance"": 4, ""length"": 12, ""n_sources"": 1}",3,True,False,0,0.0,0.0,0.0,0.0,"[0.0, 0.0, 0.0]",0.0,0.0,0.0,0.7769436040320792,10010880
f0b8b7c55f92,bdh_cq,propagate,2500,16,interp,"{""dim"": 1, ""distance"": 1, ""length"": 12, ""n_sources"": 1}",3,True,False,0,0.0,0.0,0.0,0.0,"[0.0, 0.0, 0.0]",0.0,0.0,0.0,0.7958250057078645,10010880
f0b8b7c55f92,bdh_cq,propagate,2500,16,interp,"{""dim"": 1, ""distance"": 2, ""length"": 12, ""n_sources"": 1}",3,True,False,0,0.0,0.0,0.0,0.0,"[0.0, 0.0, 0.0]",0.0,0.0,0.0,0.7814481065079972,10010880
f0b8b7c55f92,bdh_cq,propagate,2500,16,interp,"{""dim"": 1, ""distance"": 4, ""length"": 12, ""n_sources"": 1}",3,True,False,0,0.0,0.0,0.0,0.0,"[0.0, 0.0, 0.0]",0.0,0.0,0.0,0.7640974196466478,10010880
f0b8b7c55f92,bdh_cq,propagate,5000,16,interp,"{""dim"": 1, ""distance"": 1, ""length"": 12, ""n_sources"": 1}",3,True,False,0,0.0,0.0,0.0,0.0,"[0.0, 0.0, 0.0]",0.0,0.0,0.0,0.7663838968365017,10010880
f0b8b7c55f92,bdh_cq,propagate,5000,16,interp,"{""dim"": 1, ""distance"": 2, ""length"": 12, ""n_sources"": 1}",3,True,False,0,0.0,0.0,0.0,0.0,"[0.0, 0.0, 0.0]",0.0,0.0,0.0,0.7548381710672999,10010880
f0b8b7c55f92,bdh_cq,propagate,5000,16,interp,"{""dim"": 1, ""distance"": 4, ""length"": 12, ""n_sources"": 1}",3,True,False,0,0.0,0.0,0.0,0.0,"[0.0, 0.0, 0.0]",0.0,0.0,0.0,0.7347347316321907,10010880
f0b8b7c55f92,bdh_cq,propagate,7500,16,interp,"{""dim"": 1, ""distance"": 1, ""length"": 12, ""n_sources"": 1}",3,True,False,0,0.0,0.0,0.0,0.0,"[0.0, 0.0, 0.0]",0.0,0.0,0.0,0.7831004591521151,10010880
f0b8b7c55f92,bdh_cq,propagate,7500,16,interp,"{""dim"": 1, ""distance"": 2, ""length"": 12, ""n_sources"": 1}",3,True,False,0,0.001001001001001001,0.0014156291915646596,0.0,0.003003003003003003,"[0.003003003003003003, 0.0, 0.0]",0.0,0.003003003003003003,0.001001001001001001,0.7742742699784441,10010880
f0b8b7c55f92,bdh_cq,propagate,7500,16,interp,"{""dim"": 1, ""distance"": 4, ""length"": 12, ""n_sources"": 1}",3,True,False,0,0.0,0.0,0.0,0.0,"[0.0, 0.0, 0.0]",0.0,0.0,0.0,0.7545879145522972,10010880
f0b8b7c55f92,bdh_cq,propagate,10000,16,interp,"{""dim"": 1, ""distance"": 1, ""length"": 12, ""n_sources"": 1}",3,True,False,0,0.0009980039920159682,0.0014113907808114721,0.0,0.0029940119760479044,"[0.0029940119760479044, 0.0, 0.0]",0.0,0.002994011976047905,0.0009980039920159682,0.7791916114424993,10010880
f0b8b7c55f92,bdh_cq,propagate,10000,16,interp,"{""dim"": 1, ""distance"": 2, ""length"": 12, ""n_sources"": 1}",3,True,False,0,0.0,0.0,0.0,0.0,"[0.0, 0.0, 0.0]",0.0,0.0,0.0,0.7771938561617553,10010880
f0b8b7c55f92,bdh_cq,propagate,10000,16,interp,"{""dim"": 1, ""distance"": 4, ""length"": 12, ""n_sources"": 1}",3,True,False,0,0.0,0.0,0.0,0.0,"[0.0, 0.0, 0.0]",0.0,0.0,0.0,0.7631798408351265,10010880
f0b8b7c55f92,bdh_cq,propagate,12500,16,interp,"{""dim"": 1, ""distance"": 1, ""length"": 12, ""n_sources"": 1}",3,True,False,0,0.0,0.0,0.0,0.0,"[0.0, 0.0, 0.0]",0.0,0.0,0.0,0.773037255018533,10010880
f0b8b7c55f92,bdh_cq,propagate,12500,16,interp,"{""dim"": 1, ""distance"": 2, ""length"": 12, ""n_sources"": 1}",3,True,False,0,0.0,0.0,0.0,0.0,"[0.0, 0.0, 0.0]",0.0,0.0,0.0,0.7635135108882839,10010880
f0b8b7c55f92,bdh_cq,propagate,12500,16,interp,"{""dim"": 1, ""distance"": 4, ""length"": 12, ""n_sources"": 1}",3,True,False,0,0.0,0.0,0.0,0.0,"[0.0, 0.0, 0.0]",0.0,0.0,0.0,0.7349015643766096,10010880
f0b8b7c55f92,bdh_cq,propagate,15000,16,interp,"{""dim"": 1, ""distance"": 1, ""length"": 12, ""n_sources"": 1}",3,True,False,0,0.0,0.0,0.0,0.0,"[0.0, 0.0, 0.0]",0.0,0.0,0.0,0.7464238166318324,10010880
f0b8b7c55f92,bdh_cq,propagate,15000,16,interp,"{""dim"": 1, ""distance"": 2, ""length"": 12, ""n_sources"": 1}",3,True,False,0,0.0,0.0,0.0,0.0,"[0.0, 0.0, 0.0]",0.0,0.0,0.0,0.7284784785530588,10010880
f0b8b7c55f92,bdh_cq,propagate,15000,16,interp,"{""dim"": 1, ""distance"": 4, ""length"": 12, ""n_sources"": 1}",3,True,False,0,0.0,0.0,0.0,0.0,"[0.0, 0.0, 0.0]",0.0,0.0,0.0,0.668168165453442,10010880
f0b8b7c55f92,bdh_cq,propagate,17500,16,interp,"{""dim"": 1, ""distance"": 1, ""length"": 12, ""n_sources"": 1}",3,True,False,0,0.0,0.0,0.0,0.0,"[0.0, 0.0, 0.0]",0.0,0.0,0.0,0.7712907476458483,10010880
f0b8b7c55f92,bdh_cq,propagate,17500,16,interp,"{""dim"": 1, ""distance"": 2, ""length"": 12, ""n_sources"": 1}",3,True,False,0,0.0,0.0,0.0,0.0,"[0.0, 0.0, 0.0]",0.0,0.0,0.0,0.7506673333045836,10010880
f0b8b7c55f92,bdh_cq,propagate,17500,16,interp,"{""dim"": 1, ""distance"": 4, ""length"": 12, ""n_sources"": 1}",3,True,False,0,0.0,0.0,0.0,0.0,"[0.0, 0.0, 0.0]",0.0,0.0,0.0,0.6826826786255097,10010880
f0b8b7c55f92,bdh_cq,propagate,20000,16,interp,"{""dim"": 1, ""distance"": 1, ""length"": 12, ""n_sources"": 1}",3,True,False,0,0.0,0.0,0.0,0.0,"[0.0, 0.0, 0.0]",0.0,0.0,0.0,0.7345309303311293,10010880
f0b8b7c55f92,bdh_cq,propagate,20000,16,interp,"{""dim"": 1, ""distance"": 2, ""length"": 12, ""n_sources"": 1}",3,True,False,0,0.0,0.0,0.0,0.0,"[0.0, 0.0, 0.0]",0.0,0.0,0.0,0.7243910538362669,10010880
f0b8b7c55f92,bdh_cq,propagate,20000,16,interp,"{""dim"": 1, ""distance"": 4, ""length"": 12, ""n_sources"": 1}",3,True,False,0,0.0,0.0,0.0,0.0,"[0.0, 0.0, 0.0]",0.0,0.0,0.0,0.679929924321485,10010880
f0b8b7c55f92,bdh_cq,propagate,22500,16,interp,"{""dim"": 1, ""distance"": 1, ""length"": 12, ""n_sources"": 1}",3,True,False,0,0.0,0.0,0.0,0.0,"[0.0, 0.0, 0.0]",0.0,0.0,0.0,0.728376575186105,10010880
f0b8b7c55f92,bdh_cq,propagate,22500,16,interp,"{""dim"": 1, ""distance"": 2, ""length"": 12, ""n_sources"": 1}",3,True,False,0,0.0,0.0,0.0,0.0,"[0.0, 0.0, 0.0]",0.0,0.0,0.0,0.7303136431419098,10010880
f0b8b7c55f92,bdh_cq,propagate,22500,16,interp,"{""dim"": 1, ""distance"": 4, ""length"": 12, ""n_sources"": 1}",3,True,False,0,0.0,0.0,0.0,0.0,"[0.0, 0.0, 0.0]",0.0,0.0,0.0,0.7039539464064188,10010880
f0b8b7c55f92,bdh_cq,propagate,25000,16,interp,"{""dim"": 1, ""distance"": 1, ""length"": 12, ""n_sources"": 1}",3,True,False,0,0.0,0.0,0.0,0.0,"[0.0, 0.0, 0.0]",0.0,0.0,0.0,0.7380239463554409,10010880
f0b8b7c55f92,bdh_cq,propagate,25000,16,interp,"{""dim"": 1, ""distance"": 2, ""length"": 12, ""n_sources"": 1}",3,True,False,0,0.0,0.0,0.0,0.0,"[0.0, 0.0, 0.0]",0.0,0.0,0.0,0.7463296565625285,10010880
f0b8b7c55f92,bdh_cq,propagate,25000,16,interp,"{""dim"": 1, ""distance"": 4, ""length"": 12, ""n_sources"": 1}",3,True,False,0,0.0,0.0,0.0,0.0,"[0.0, 0.0, 0.0]",0.0,0.0,0.0,0.71871871278212,10010880
f0b8b7c55f92,bdh_cq,propagate,27500,16,interp,"{""dim"": 1, ""distance"": 1, ""length"": 12, ""n_sources"": 1}",3,True,False,0,0.0,0.0,0.0,0.0,"[0.0, 0.0, 0.0]",0.0,0.0,0.0,0.7457584755684801,10010880
f0b8b7c55f92,bdh_cq,propagate,27500,16,interp,"{""dim"": 1, ""distance"": 2, ""length"": 12, ""n_sources"": 1}",3,True,False,0,0.0,0.0,0.0,0.0,"[0.0, 0.0, 0.0]",0.0,0.0,0.0,0.7545044971956266,10010880
f0b8b7c55f92,bdh_cq,propagate,27500,16,interp,"{""dim"": 1, ""distance"": 4, ""length"": 12, ""n_sources"": 1}",3,True,False,0,0.0,0.0,0.0,0.0,"[0.0, 0.0, 0.0]",0.0,0.0,0.0,0.7239739684550255,10010880
f0b8b7c55f92,bdh_cq,propagate,30000,16,interp,"{""dim"": 1, ""distance"": 1, ""length"": 12, ""n_sources"": 1}",3,True,False,0,0.0,0.0,0.0,0.0,"[0.0, 0.0, 0.0]",0.0,0.0,0.0,0.7399367864974243,10010880
f0b8b7c55f92,bdh_cq,propagate,30000,16,interp,"{""dim"": 1, ""distance"": 2, ""length"": 12, ""n_sources"": 1}",3,True,False,0,0.0,0.0,0.0,0.0,"[0.0, 0.0, 0.0]",0.0,0.0,0.0,0.7496663264266482,10010880
f0b8b7c55f92,bdh_cq,propagate,30000,16,interp,"{""dim"": 1, ""distance"": 4, ""length"": 12, ""n_sources"": 1}",3,True,False,0,0.0,0.0,0.0,0.0,"[0.0, 0.0, 0.0]",0.0,0.0,0.0,0.7333166435495153,10010880
f0b8b7c55f92,bdh_cq,propagate,32500,16,interp,"{""dim"": 1, ""distance"": 1, ""length"": 12, ""n_sources"": 1}",3,True,False,0,0.0,0.0,0.0,0.0,"[0.0, 0.0, 0.0]",0.0,0.0,0.0,0.741932794927599,10010880
f0b8b7c55f92,bdh_cq,propagate,32500,16,interp,"{""dim"": 1, ""distance"": 2, ""length"": 12, ""n_sources"": 1}",3,True,False,0,0.0,0.0,0.0,0.0,"[0.0, 0.0, 0.0]",0.0,0.0,0.0,0.7554220811979429,10010880
f0b8b7c55f92,bdh_cq,propagate,32500,16,interp,"{""dim"": 1, ""distance"": 4, ""length"": 12, ""n_sources"": 1}",3,True,False,0,0.0,0.0,0.0,0.0,"[0.0, 0.0, 0.0]",0.0,0.0,0.0,0.753002994709664,10010880
f0b8b7c55f92,bdh_cq,propagate,35000,16,interp,"{""dim"": 1, ""distance"": 1, ""length"": 12, ""n_sources"": 1}",3,True,False,0,0.0,0.0,0.0,0.0,"[0.0, 0.0, 0.0]",0.0,0.0,0.0,0.7470891491143764,10010880
f0b8b7c55f92,bdh_cq,propagate,35000,16,interp,"{""dim"": 1, ""distance"": 2, ""length"": 12, ""n_sources"": 1}",3,True,False,0,0.0,0.0,0.0,0.0,"[0.0, 0.0, 0.0]",0.0,0.0,0.0,0.7567567495970396,10010880
f0b8b7c55f92,bdh_cq,propagate,35000,16,interp,"{""dim"": 1, ""distance"": 4, ""length"": 12, ""n_sources"": 1}",3,True,False,0,0.0,0.0,0.0,0.0,"[0.0, 0.0, 0.0]",0.0,0.0,0.0,0.7350683953310991,10010880
f0b8b7c55f92,bdh_cq,propagate,37500,16,interp,"{""dim"": 1, ""distance"": 1, ""length"": 12, ""n_sources"": 1}",3,True,False,0,0.0,0.0,0.0,0.0,"[0.0, 0.0, 0.0]",0.0,0.0,0.0,0.7436793015864556,10010880
f0b8b7c55f92,bdh_cq,propagate,37500,16,interp,"{""dim"": 1, ""distance"": 2, ""length"": 12, ""n_sources"": 1}",3,True,False,0,0.0,0.0,0.0,0.0,"[0.0, 0.0, 0.0]",0.0,0.0,0.0,0.7526693286241831,10010880
f0b8b7c55f92,bdh_cq,propagate,37500,16,interp,"{""dim"": 1, ""distance"": 4, ""length"": 12, ""n_sources"": 1}",3,True,False,0,0.0,0.0,0.0,0.0,"[0.0, 0.0, 0.0]",0.0,0.0,0.0,0.7374874806857562,10010880
f0b8b7c55f92,bdh_cq,propagate,40000,16,interp,"{""dim"": 1, ""distance"": 1, ""length"": 12, ""n_sources"": 1}",3,True,False,0,0.0,0.0,0.0,0.0,"[0.0, 0.0, 0.0]",0.0,0.0,0.0,0.7458416432023286,10010880
f0b8b7c55f92,bdh_cq,propagate,40000,16,interp,"{""dim"": 1, ""distance"": 2, ""length"": 12, ""n_sources"": 1}",3,True,False,0,0.0,0.0,0.0,0.0,"[0.0, 0.0, 0.0]",0.0,0.0,0.0,0.7552552482446989,10010880
f0b8b7c55f92,bdh_cq,propagate,40000,16,interp,"{""dim"": 1, ""distance"": 4, ""length"": 12, ""n_sources"": 1}",3,True,False,0,0.0,0.0,0.0,0.0,"[0.0, 0.0, 0.0]",0.0,0.0,0.0,0.7386553153858051,10010880
3d6407474980,bdh_cq,propagate,8000,32,interp,"{""dim"": 1, ""distance"": 1, ""length"": 12, ""n_sources"": 1}",1,True,True,0,0.0,0.0,0.0,0.0,[0.0],0.0,0.0,0.0,0.7437810995685521,10010880
3d6407474980,bdh_cq,propagate,8000,32,interp,"{""dim"": 1, ""distance"": 2, ""length"": 12, ""n_sources"": 1}",1,True,True,0,0.0,0.0,0.0,0.0,[0.0],0.0,0.0,0.0,0.7549751285296767,10010880
3d6407474980,bdh_cq,propagate,8000,32,interp,"{""dim"": 1, ""distance"": 4, ""length"": 12, ""n_sources"": 1}",1,True,True,0,0.0,0.0,0.0,0.0,[0.0],0.0,0.0,0.0,0.7247474771557432,10010880
79d948f95c7e,bdh_cq,propagate,2500,32,interp,"{""dim"": 1, ""distance"": 1, ""length"": 12, ""n_sources"": 1}",3,True,False,0,0.0,0.0,0.0,0.0,"[0.0, 0.0, 0.0]",0.0,0.0,0.0,0.7900864841219432,10010888
79d948f95c7e,bdh_cq,propagate,2500,32,interp,"{""dim"": 1, ""distance"": 2, ""length"": 12, ""n_sources"": 1}",3,True,False,0,0.0,0.0,0.0,0.0,"[0.0, 0.0, 0.0]",0.0,0.0,0.0,0.7776943535298795,10010888
79d948f95c7e,bdh_cq,propagate,2500,32,interp,"{""dim"": 1, ""distance"": 4, ""length"": 12, ""n_sources"": 1}",3,True,False,0,0.0,0.0,0.0,0.0,"[0.0, 0.0, 0.0]",0.0,0.0,0.0,0.757257247561807,10010888
79d948f95c7e,bdh_cq,propagate,5000,32,interp,"{""dim"": 1, ""distance"": 1, ""length"": 12, ""n_sources"": 1}",3,True,False,0,0.0,0.0,0.0,0.0,"[0.0, 0.0, 0.0]",0.0,0.0,0.0,0.7342814428958588,10010888
79d948f95c7e,bdh_cq,propagate,5000,32,interp,"{""dim"": 1, ""distance"": 2, ""length"": 12, ""n_sources"": 1}",3,True,False,0,0.0,0.0,0.0,0.0,"[0.0, 0.0, 0.0]",0.0,0.0,0.0,0.7015348685396327,10010888
79d948f95c7e,bdh_cq,propagate,5000,32,interp,"{""dim"": 1, ""distance"": 4, ""length"": 12, ""n_sources"": 1}",3,True,False,0,0.0,0.0,0.0,0.0,"[0.0, 0.0, 0.0]",0.0,0.0,0.0,0.6462295607284263,10010888
79d948f95c7e,bdh_cq,propagate,7500,32,interp,"{""dim"": 1, ""distance"": 1, ""length"": 12, ""n_sources"": 1}",3,True,False,0,0.0,0.0,0.0,0.0,"[0.0, 0.0, 0.0]",0.0,0.0,0.0,0.7276280849220272,10010888
79d948f95c7e,bdh_cq,propagate,7500,32,interp,"{""dim"": 1, ""distance"": 2, ""length"": 12, ""n_sources"": 1}",3,True,False,0,0.002002002002002002,0.002831258383129319,0.0,0.006006006006006006,"[0.006006006006006006, 0.0, 0.0]",0.0,0.006006006006006006,0.002002002002002002,0.6965298613494223,10010888
79d948f95c7e,bdh_cq,propagate,7500,32,interp,"{""dim"": 1, ""distance"": 4, ""length"": 12, ""n_sources"": 1}",3,True,False,0,0.0,0.0,0.0,0.0,"[0.0, 0.0, 0.0]",0.0,0.0,0.0,0.6466466447523048,10010888
79d948f95c7e,bdh_cq,propagate,10000,32,interp,"{""dim"": 1, ""distance"": 1, ""length"": 12, ""n_sources"": 1}",3,True,False,0,0.0,0.0,0.0,0.0,"[0.0, 0.0, 0.0]",0.0,0.0,0.0,0.7254657431276973,10010888
79d948f95c7e,bdh_cq,propagate,10000,32,interp,"{""dim"": 1, ""distance"": 2, ""length"": 12, ""n_sources"": 1}",3,True,False,0,0.001001001001001001,0.0014156291915646596,0.0,0.003003003003003003,"[0.003003003003003003, 0.0, 0.0]",0.0,0.003003003003003003,0.001001001001001001,0.6783450096696466,10010888
79d948f95c7e,bdh_cq,propagate,10000,32,interp,"{""dim"": 1, ""distance"": 4, ""length"": 12, ""n_sources"": 1}",3,True,False,0,0.0,0.0,0.0,0.0,"[0.0, 0.0, 0.0]",0.0,0.0,0.0,0.6041041002557561,10010888
79d948f95c7e,bdh_cq,propagate,12500,32,interp,"{""dim"": 1, ""distance"": 1, ""length"": 12, ""n_sources"": 1}",3,True,False,0,0.0,0.0,0.0,0.0,"[0.0, 0.0, 0.0]",0.0,0.0,0.0,0.7241350704443431,10010888
79d948f95c7e,bdh_cq,propagate,12500,32,interp,"{""dim"": 1, ""distance"": 2, ""length"": 12, ""n_sources"": 1}",3,True,False,0,0.001001001001001001,0.0014156291915646596,0.0,0.003003003003003003,"[0.003003003003003003, 0.0, 0.0]",0.0,0.003003003003003003,0.001001001001001001,0.6752585892204767,10010888
79d948f95c7e,bdh_cq,propagate,12500,32,interp,"{""dim"": 1, ""distance"": 4, ""length"": 12, ""n_sources"": 1}",3,True,False,0,0.0,0.0,0.0,0.0,"[0.0, 0.0, 0.0]",0.0,0.0,0.0,0.5907574209036889,10010888
79d948f95c7e,bdh_cq,propagate,15000,32,interp,"{""dim"": 1, ""distance"": 1, ""length"": 12, ""n_sources"": 1}",3,True,False,0,0.0009980039920159682,0.0014113907808114721,0.0,0.0029940119760479044,"[0.0, 0.0, 0.0029940119760479044]",0.0,0.002994011976047905,0.0009980039920159682,0.7341151051595064,10010888
79d948f95c7e,bdh_cq,propagate,15000,32,interp,"{""dim"": 1, ""distance"": 2, ""length"": 12, ""n_sources"": 1}",3,True,False,0,0.0,0.0,0.0,0.0,"[0.0, 0.0, 0.0]",0.0,0.0,0.0,0.6850183539920383,10010888
79d948f95c7e,bdh_cq,propagate,15000,32,interp,"{""dim"": 1, ""distance"": 4, ""length"": 12, ""n_sources"": 1}",3,True,False,0,0.0,0.0,0.0,0.0,"[0.0, 0.0, 0.0]",0.0,0.0,0.0,0.5849182483729897,10010888
79d948f95c7e,bdh_cq,propagate,17500,32,interp,"{""dim"": 1, ""distance"": 1, ""length"": 12, ""n_sources"": 1}",3,True,False,0,0.0,0.0,0.0,0.0,"[0.0, 0.0, 0.0]",0.0,0.0,0.0,0.737940787376758,10010888
79d948f95c7e,bdh_cq,propagate,17500,32,interp,"{""dim"": 1, ""distance"": 2, ""length"": 12, ""n_sources"": 1}",3,True,False,0,0.0,0.0,0.0,0.0,"[0.0, 0.0, 0.0]",0.0,0.0,0.0,0.6748415128485458,10010888
79d948f95c7e,bdh_cq,propagate,17500,32,interp,"{""dim"": 1, ""distance"": 4, ""length"": 12, ""n_sources"": 1}",3,True,False,0,0.0,0.0,0.0,0.0,"[0.0, 0.0, 0.0]",0.0,0.0,0.0,0.5581414709399054,10010888
79d948f95c7e,bdh_cq,propagate,20000,32,interp,"{""dim"": 1, ""distance"": 1, ""length"": 12, ""n_sources"": 1}",3,True,False,0,0.0,0.0,0.0,0.0,"[0.0, 0.0, 0.0]",0.0,0.0,0.0,0.7375249514084853,10010888
79d948f95c7e,bdh_cq,propagate,20000,32,interp,"{""dim"": 1, ""distance"": 2, ""length"": 12, ""n_sources"": 1}",3,True,False,0,0.0,0.0,0.0,0.0,"[0.0, 0.0, 0.0]",0.0,0.0,0.0,0.6746746834154959,10010888
79d948f95c7e,bdh_cq,propagate,20000,32,interp,"{""dim"": 1, ""distance"": 4, ""length"": 12, ""n_sources"": 1}",3,True,False,0,0.0,0.0,0.0,0.0,"[0.0, 0.0, 0.0]",0.0,0.0,0.0,0.5699032337756248,10010888
79d948f95c7e,bdh_cq,propagate,22500,32,interp,"{""dim"": 1, ""distance"": 1, ""length"": 12, ""n_sources"": 1}",3,True,False,0,0.0,0.0,0.0,0.0,"[0.0, 0.0, 0.0]",0.0,0.0,0.0,0.7334497680147728,10010888
79d948f95c7e,bdh_cq,propagate,22500,32,interp,"{""dim"": 1, ""distance"": 2, ""length"": 12, ""n_sources"": 1}",3,True,False,0,0.0,0.0,0.0,0.0,"[0.0, 0.0, 0.0]",0.0,0.0,0.0,0.6915248641678998,10010888
79d948f95c7e,bdh_cq,propagate,22500,32,interp,"{""dim"": 1, ""distance"": 4, ""length"": 12, ""n_sources"": 1}",3,True,False,0,0.0,0.0,0.0,0.0,"[0.0, 0.0, 0.0]",0.0,0.0,0.0,0.6154487785753665,10010888
79d948f95c7e,bdh_cq,propagate,25000,32,interp,"{""dim"": 1, ""distance"": 1, ""length"": 12, ""n_sources"": 1}",3,True,False,0,0.0,0.0,0.0,0.0,"[0.0, 0.0, 0.0]",0.0,0.0,0.0,0.7317032614451445,10010888
79d948f95c7e,bdh_cq,propagate,25000,32,interp,"{""dim"": 1, ""distance"": 2, ""length"": 12, ""n_sources"": 1}",3,True,False,0,0.0,0.0,0.0,0.0,"[0.0, 0.0, 0.0]",0.0,0.0,0.0,0.6777611018062473,10010888
79d948f95c7e,bdh_cq,propagate,25000,32,interp,"{""dim"": 1, ""distance"": 4, ""length"": 12, ""n_sources"": 1}",3,True,False,0,0.0,0.0,0.0,0.0,"[0.0, 0.0, 0.0]",0.0,0.0,0.0,0.5847514157478994,10010888
79d948f95c7e,bdh_cq,propagate,27500,32,interp,"{""dim"": 1, ""distance"": 1, ""length"": 12, ""n_sources"": 1}",3,True,False,0,0.0,0.0,0.0,0.0,"[0.0, 0.0, 0.0]",0.0,0.0,0.0,0.7226380582995519,10010888
79d948f95c7e,bdh_cq,propagate,27500,32,interp,"{""dim"": 1, ""distance"": 2, ""length"": 12, ""n_sources"": 1}",3,True,False,0,0.0,0.0,0.0,0.0,"[0.0, 0.0, 0.0]",0.0,0.0,0.0,0.6678345065575103,10010888
79d948f95c7e,bdh_cq,propagate,27500,32,interp,"{""dim"": 1, ""distance"": 4, ""length"": 12, ""n_sources"": 1}",3,True,False,0,0.0,0.0,0.0,0.0,"[0.0, 0.0, 0.0]",0.0,0.0,0.0,0.5804971618217988,10010888
79d948f95c7e,bdh_cq,propagate,30000,32,interp,"{""dim"": 1, ""distance"": 1, ""length"": 12, ""n_sources"": 1}",3,True,False,0,0.0,0.0,0.0,0.0,"[0.0, 0.0, 0.0]",0.0,0.0,0.0,0.7218063887126908,10010888
79d948f95c7e,bdh_cq,propagate,30000,32,interp,"{""dim"": 1, ""distance"": 2, ""length"": 12, ""n_sources"": 1}",3,True,False,0,0.0,0.0,0.0,0.0,"[0.0, 0.0, 0.0]",0.0,0.0,0.0,0.6658325059799938,10010888
79d948f95c7e,bdh_cq,propagate,30000,32,interp,"{""dim"": 1, ""distance"": 4, ""length"": 12, ""n_sources"": 1}",3,True,False,0,0.0,0.0,0.0,0.0,"[0.0, 0.0, 0.0]",0.0,0.0,0.0,0.5833333303202857,10010888
79d948f95c7e,bdh_cq,propagate,32500,32,interp,"{""dim"": 1, ""distance"": 1, ""length"": 12, ""n_sources"": 1}",3,True,False,0,0.0,0.0,0.0,0.0,"[0.0, 0.0, 0.0]",0.0,0.0,0.0,0.7259647384910526,10010888
79d948f95c7e,bdh_cq,propagate,32500,32,interp,"{""dim"": 1, ""distance"": 2, ""length"": 12, ""n_sources"": 1}",3,True,False,0,0.0,0.0,0.0,0.0,"[0.0, 0.0, 0.0]",0.0,0.0,0.0,0.6690023433980162,10010888
79d948f95c7e,bdh_cq,propagate,32500,32,interp,"{""dim"": 1, ""distance"": 4, ""length"": 12, ""n_sources"": 1}",3,True,False,0,0.0,0.0,0.0,0.0,"[0.0, 0.0, 0.0]",0.0,0.0,0.0,0.5739072377647126,10010888
79d948f95c7e,bdh_cq,propagate,35000,32,interp,"{""dim"": 1, ""distance"": 1, ""length"": 12, ""n_sources"": 1}",3,True,False,0,0.0,0.0,0.0,0.0,"[0.0, 0.0, 0.0]",0.0,0.0,0.0,0.7233033950873716,10010888
79d948f95c7e,bdh_cq,propagate,35000,32,interp,"{""dim"": 1, ""distance"": 2, ""length"": 12, ""n_sources"": 1}",3,True,False,0,0.0,0.0,0.0,0.0,"[0.0, 0.0, 0.0]",0.0,0.0,0.0,0.6663330078453154,10010888
79d948f95c7e,bdh_cq,propagate,35000,32,interp,"{""dim"": 1, ""distance"": 4, ""length"": 12, ""n_sources"": 1}",3,True,False,0,0.0,0.0,0.0,0.0,"[0.0, 0.0, 0.0]",0.0,0.0,0.0,0.5652318958853101,10010888
79d948f95c7e,bdh_cq,propagate,37500,32,interp,"{""dim"": 1, ""distance"": 1, ""length"": 12, ""n_sources"": 1}",3,True,False,0,0.0,0.0,0.0,0.0,"[0.0, 0.0, 0.0]",0.0,0.0,0.0,0.7272954099252077,10010888
79d948f95c7e,bdh_cq,propagate,37500,32,interp,"{""dim"": 1, ""distance"": 2, ""length"": 12, ""n_sources"": 1}",3,True,False,0,0.0,0.0,0.0,0.0,"[0.0, 0.0, 0.0]",0.0,0.0,0.0,0.6682515931767864,10010888
79d948f95c7e,bdh_cq,propagate,37500,32,interp,"{""dim"": 1, ""distance"": 4, ""length"": 12, ""n_sources"": 1}",3,True,False,0,0.0,0.0,0.0,0.0,"[0.0, 0.0, 0.0]",0.0,0.0,0.0,0.5657323961322372,10010888
79d948f95c7e,bdh_cq,propagate,40000,32,interp,"{""dim"": 1, ""distance"": 1, ""length"": 12, ""n_sources"": 1}",3,True,False,0,0.0,0.0,0.0,0.0,"[0.0, 0.0, 0.0]",0.0,0.0,0.0,0.7238855636167432,10010888
79d948f95c7e,bdh_cq,propagate,40000,32,interp,"{""dim"": 1, ""distance"": 2, ""length"": 12, ""n_sources"": 1}",3,True,False,0,0.0,0.0,0.0,0.0,"[0.0, 0.0, 0.0]",0.0,0.0,0.0,0.6643310061640091,10010888
79d948f95c7e,bdh_cq,propagate,40000,32,interp,"{""dim"": 1, ""distance"": 4, ""length"": 12, ""n_sources"": 1}",3,True,False,0,0.0,0.0,0.0,0.0,"[0.0, 0.0, 0.0]",0.0,0.0,0.0,0.5657323958935799,10010888
9b4bca1a63ee,bdh_cq,propagate,2500,32,interp,"{""dim"": 1, ""distance"": 1, ""length"": 12, ""n_sources"": 1}",3,True,False,0,0.0,0.0,0.0,0.0,"[0.0, 0.0, 0.0]",0.0,0.0,0.0,0.7900864840624574,10012145
9b4bca1a63ee,bdh_cq,propagate,2500,32,interp,"{""dim"": 1, ""distance"": 2, ""length"": 12, ""n_sources"": 1}",3,True,False,0,0.0,0.0,0.0,0.0,"[0.0, 0.0, 0.0]",0.0,0.0,0.0,0.7671004290337319,10012145
9b4bca1a63ee,bdh_cq,propagate,2500,32,interp,"{""dim"": 1, ""distance"": 4, ""length"": 12, ""n_sources"": 1}",3,True,False,0,0.0,0.0,0.0,0.0,"[0.0, 0.0, 0.0]",0.0,0.0,0.0,0.7396563125384582,10012145
9b4bca1a63ee,bdh_cq,propagate,5000,32,interp,"{""dim"": 1, ""distance"": 1, ""length"": 12, ""n_sources"": 1}",3,True,False,0,0.0,0.0,0.0,0.0,"[0.0, 0.0, 0.0]",0.0,0.0,0.0,0.7292082458883226,10012145
9b4bca1a63ee,bdh_cq,propagate,5000,32,interp,"{""dim"": 1, ""distance"": 2, ""length"": 12, ""n_sources"": 1}",3,True,False,0,0.0,0.0,0.0,0.0,"[0.0, 0.0, 0.0]",0.0,0.0,0.0,0.7203036343102699,10012145
9b4bca1a63ee,bdh_cq,propagate,5000,32,interp,"{""dim"": 1, ""distance"": 4, ""length"": 12, ""n_sources"": 1}",3,True,False,0,0.0,0.0,0.0,0.0,"[0.0, 0.0, 0.0]",0.0,0.0,0.0,0.7170503777903955,10012145
9b4bca1a63ee,bdh_cq,propagate,7500,32,interp,"{""dim"": 1, ""distance"": 1, ""length"": 12, ""n_sources"": 1}",3,True,False,0,0.0,0.0,0.0,0.0,"[0.0, 0.0, 0.0]",0.0,0.0,0.0,0.7502494993324053,10012145
9b4bca1a63ee,bdh_cq,propagate,7500,32,interp,"{""dim"": 1, ""distance"": 2, ""length"": 12, ""n_sources"": 1}",3,True,False,0,0.0,0.0,0.0,0.0,"[0.0, 0.0, 0.0]",0.0,0.0,0.0,0.743326658705572,10012145
9b4bca1a63ee,bdh_cq,propagate,7500,32,interp,"{""dim"": 1, ""distance"": 4, ""length"": 12, ""n_sources"": 1}",3,True,False,0,0.0,0.0,0.0,0.0,"[0.0, 0.0, 0.0]",0.0,0.0,0.0,0.7247247211597823,10012145
9b4bca1a63ee,bdh_cq,propagate,10000,32,interp,"{""dim"": 1, ""distance"": 1, ""length"": 12, ""n_sources"": 1}",3,True,False,0,0.0,0.0,0.0,0.0,"[0.0, 0.0, 0.0]",0.0,0.0,0.0,0.7291250809164579,10012145
9b4bca1a63ee,bdh_cq,propagate,10000,32,interp,"{""dim"": 1, ""distance"": 2, ""length"": 12, ""n_sources"": 1}",3,True,False,0,0.0,0.0,0.0,0.0,"[0.0, 0.0, 0.0]",0.0,0.0,0.0,0.7467467451059783,10012145
9b4bca1a63ee,bdh_cq,propagate,10000,32,interp,"{""dim"": 1, ""distance"": 4, ""length"": 12, ""n_sources"": 1}",3,True,False,0,0.0,0.0,0.0,0.0,"[0.0, 0.0, 0.0]",0.0,0.0,0.0,0.7369035670647511,10012145
9b4bca1a63ee,bdh_cq,propagate,12500,32,interp,"{""dim"": 1, ""distance"": 1, ""length"": 12, ""n_sources"": 1}",3,True,False,0,0.0,0.0,0.0,0.0,"[0.0, 0.0, 0.0]",0.0,0.0,0.0,0.6469560863669522,10012145
9b4bca1a63ee,bdh_cq,propagate,12500,32,interp,"{""dim"": 1, ""distance"": 2, ""length"": 12, ""n_sources"": 1}",3,True,False,0,0.0,0.0,0.0,0.0,"[0.0, 0.0, 0.0]",0.0,0.0,0.0,0.6721721706059841,10012145
9b4bca1a63ee,bdh_cq,propagate,12500,32,interp,"{""dim"": 1, ""distance"": 4, ""length"": 12, ""n_sources"": 1}",3,True,False,0,0.0,0.0,0.0,0.0,"[0.0, 0.0, 0.0]",0.0,0.0,0.0,0.7069569550775312,10012145
9b4bca1a63ee,bdh_cq,propagate,15000,32,interp,"{""dim"": 1, ""distance"": 1, ""length"": 12, ""n_sources"": 1}",3,True,False,0,0.0,0.0,0.0,0.0,"[0.0, 0.0, 0.0]",0.0,0.0,0.0,0.3873087165955298,10012145
9b4bca1a63ee,bdh_cq,propagate,15000,32,interp,"{""dim"": 1, ""distance"": 2, ""length"": 12, ""n_sources"": 1}",3,True,False,0,0.0,0.0,0.0,0.0,"[0.0, 0.0, 0.0]",0.0,0.0,0.0,0.427010343791367,10012145
9b4bca1a63ee,bdh_cq,propagate,15000,32,interp,"{""dim"": 1, ""distance"": 4, ""length"": 12, ""n_sources"": 1}",3,True,False,0,0.0,0.0,0.0,0.0,"[0.0, 0.0, 0.0]",0.0,0.0,0.0,0.5233566907418145,10012145
9b4bca1a63ee,bdh_cq,propagate,17500,32,interp,"{""dim"": 1, ""distance"": 1, ""length"": 12, ""n_sources"": 1}",3,True,False,0,0.0,0.0,0.0,0.0,"[0.0, 0.0, 0.0]",0.0,0.0,0.0,0.41126081313261253,10012145
9b4bca1a63ee,bdh_cq,propagate,17500,32,interp,"{""dim"": 1, ""distance"": 2, ""length"": 12, ""n_sources"": 1}",3,True,False,0,0.0,0.0,0.0,0.0,"[0.0, 0.0, 0.0]",0.0,0.0,0.0,0.45286953643158273,10012145
9b4bca1a63ee,bdh_cq,propagate,17500,32,interp,"{""dim"": 1, ""distance"": 4, ""length"": 12, ""n_sources"": 1}",3,True,False,0,0.0,0.0,0.0,0.0,"[0.0, 0.0, 0.0]",0.0,0.0,0.0,0.5673173155497623,10012145
9b4bca1a63ee,bdh_cq,propagate,20000,32,interp,"{""dim"": 1, ""distance"": 1, ""length"": 12, ""n_sources"": 1}",3,True,False,0,0.0,0.0,0.0,0.0,"[0.0, 0.0, 0.0]",0.0,0.0,0.0,0.45259481079564123,10012145
9b4bca1a63ee,bdh_cq,propagate,20000,32,interp,"{""dim"": 1, ""distance"": 2, ""length"": 12, ""n_sources"": 1}",3,True,False,0,0.0,0.0,0.0,0.0,"[0.0, 0.0, 0.0]",0.0,0.0,0.0,0.49491157819767734,10012145
9b4bca1a63ee,bdh_cq,propagate,20000,32,interp,"{""dim"": 1, ""distance"": 4, ""length"": 12, ""n_sources"": 1}",3,True,False,0,0.0,0.0,0.0,0.0,"[0.0, 0.0, 0.0]",0.0,0.0,0.0,0.5956790104538232,10012145
9b4bca1a63ee,bdh_cq,propagate,22500,32,interp,"{""dim"": 1, ""distance"": 1, ""length"": 12, ""n_sources"": 1}",3,True,False,0,0.0,0.0,0.0,0.0,"[0.0, 0.0, 0.0]",0.0,0.0,0.0,0.4677312052148783,10012145
9b4bca1a63ee,bdh_cq,propagate,22500,32,interp,"{""dim"": 1, ""distance"": 2, ""length"": 12, ""n_sources"": 1}",3,True,False,0,0.0,0.0,0.0,0.0,"[0.0, 0.0, 0.0]",0.0,0.0,0.0,0.5028361697738116,10012145
9b4bca1a63ee,bdh_cq,propagate,22500,32,interp,"{""dim"": 1, ""distance"": 4, ""length"": 12, ""n_sources"": 1}",3,True,False,0,0.0,0.0,0.0,0.0,"[0.0, 0.0, 0.0]",0.0,0.0,0.0,0.5992659313662035,10012145
9b4bca1a63ee,bdh_cq,propagate,25000,32,interp,"{""dim"": 1, ""distance"": 1, ""length"": 12, ""n_sources"": 1}",3,True,False,0,0.0,0.0,0.0,0.0,"[0.0, 0.0, 0.0]",0.0,0.0,0.0,0.4747172328169474,10012145
9b4bca1a63ee,bdh_cq,propagate,25000,32,interp,"{""dim"": 1, ""distance"": 2, ""length"": 12, ""n_sources"": 1}",3,True,False,0,0.0,0.0,0.0,0.0,"[0.0, 0.0, 0.0]",0.0,0.0,0.0,0.5052552552477972,10012145
9b4bca1a63ee,bdh_cq,propagate,25000,32,interp,"{""dim"": 1, ""distance"": 4, ""length"": 12, ""n_sources"": 1}",3,True,False,0,0.0,0.0,0.0,0.0,"[0.0, 0.0, 0.0]",0.0,0.0,0.0,0.6056056048598019,10012145
9b4bca1a63ee,bdh_cq,propagate,27500,32,interp,"{""dim"": 1, ""distance"": 1, ""length"": 12, ""n_sources"": 1}",3,True,False,0,0.0,0.0,0.0,0.0,"[0.0, 0.0, 0.0]",0.0,0.0,0.0,0.5247837657075443,10012145
9b4bca1a63ee,bdh_cq,propagate,27500,32,interp,"{""dim"": 1, ""distance"": 2, ""length"": 12, ""n_sources"": 1}",3,True,False,0,0.0,0.0,0.0,0.0,"[0.0, 0.0, 0.0]",0.0,0.0,0.0,0.557640972005593,10012145
9b4bca1a63ee,bdh_cq,propagate,27500,32,interp,"{""dim"": 1, ""distance"": 4, ""length"": 12, ""n_sources"": 1}",3,True,False,0,0.0,0.0,0.0,0.0,"[0.0, 0.0, 0.0]",0.0,0.0,0.0,0.641307972132921,10012145
9b4bca1a63ee,bdh_cq,propagate,30000,32,interp,"{""dim"": 1, ""distance"": 1, ""length"": 12, ""n_sources"": 1}",3,True,False,0,0.0,0.0,0.0,0.0,"[0.0, 0.0, 0.0]",0.0,0.0,0.0,0.5128908846861945,10012145
9b4bca1a63ee,bdh_cq,propagate,30000,32,interp,"{""dim"": 1, ""distance"": 2, ""length"": 12, ""n_sources"": 1}",3,True,False,0,0.0,0.0,0.0,0.0,"[0.0, 0.0, 0.0]",0.0,0.0,0.0,0.5444611272997446,10012145
9b4bca1a63ee,bdh_cq,propagate,30000,32,interp,"{""dim"": 1, ""distance"": 4, ""length"": 12, ""n_sources"": 1}",3,True,False,0,0.0,0.0,0.0,0.0,"[0.0, 0.0, 0.0]",0.0,0.0,0.0,0.6441441422274282,10012145
9b4bca1a63ee,bdh_cq,propagate,32500,32,interp,"{""dim"": 1, ""distance"": 1, ""length"": 12, ""n_sources"": 1}",3,True,False,0,0.0,0.0,0.0,0.0,"[0.0, 0.0, 0.0]",0.0,0.0,0.0,0.5224550896270309,10012145
9b4bca1a63ee,bdh_cq,propagate,32500,32,interp,"{""dim"": 1, ""distance"": 2, ""length"": 12, ""n_sources"": 1}",3,True,False,0,0.0,0.0,0.0,0.0,"[0.0, 0.0, 0.0]",0.0,0.0,0.0,0.5532198858123881,10012145
9b4bca1a63ee,bdh_cq,propagate,32500,32,interp,"{""dim"": 1, ""distance"": 4, ""length"": 12, ""n_sources"": 1}",3,True,False,0,0.0,0.0,0.0,0.0,"[0.0, 0.0, 0.0]",0.0,0.0,0.0,0.6533199850026074,10012145
9b4bca1a63ee,bdh_cq,propagate,35000,32,interp,"{""dim"": 1, ""distance"": 1, ""length"": 12, ""n_sources"": 1}",3,True,False,0,0.0,0.0,0.0,0.0,"[0.0, 0.0, 0.0]",0.0,0.0,0.0,0.5285262813096394,10012145
9b4bca1a63ee,bdh_cq,propagate,35000,32,interp,"{""dim"": 1, ""distance"": 2, ""length"": 12, ""n_sources"": 1}",3,True,False,0,0.0,0.0,0.0,0.0,"[0.0, 0.0, 0.0]",0.0,0.0,0.0,0.5566399734433708,10012145
9b4bca1a63ee,bdh_cq,propagate,35000,32,interp,"{""dim"": 1, ""distance"": 4, ""length"": 12, ""n_sources"": 1}",3,True,False,0,0.0,0.0,0.0,0.0,"[0.0, 0.0, 0.0]",0.0,0.0,0.0,0.6542375696537731,10012145
9b4bca1a63ee,bdh_cq,propagate,37500,32,interp,"{""dim"": 1, ""distance"": 1, ""length"": 12, ""n_sources"": 1}",3,True,False,0,0.0,0.0,0.0,0.0,"[0.0, 0.0, 0.0]",0.0,0.0,0.0,0.5331004657401534,10012145
9b4bca1a63ee,bdh_cq,propagate,37500,32,interp,"{""dim"": 1, ""distance"": 2, ""length"": 12, ""n_sources"": 1}",3,True,False,0,0.0,0.0,0.0,0.0,"[0.0, 0.0, 0.0]",0.0,0.0,0.0,0.5597263926097581,10012145
9b4bca1a63ee,bdh_cq,propagate,37500,32,interp,"{""dim"": 1, ""distance"": 4, ""length"": 12, ""n_sources"": 1}",3,True,False,0,0.0,0.0,0.0,0.0,"[0.0, 0.0, 0.0]",0.0,0.0,0.0,0.6596596580860136,10012145
9b4bca1a63ee,bdh_cq,propagate,40000,32,interp,"{""dim"": 1, ""distance"": 1, ""length"": 12, ""n_sources"": 1}",3,True,False,0,0.0,0.0,0.0,0.0,"[0.0, 0.0, 0.0]",0.0,0.0,0.0,0.535013306752115,10012145
9b4bca1a63ee,bdh_cq,propagate,40000,32,interp,"{""dim"": 1, ""distance"": 2, ""length"": 12, ""n_sources"": 1}",3,True,False,0,0.0,0.0,0.0,0.0,"[0.0, 0.0, 0.0]",0.0,0.0,0.0,0.5619786449216746,10012145
9b4bca1a63ee,bdh_cq,propagate,40000,32,interp,"{""dim"": 1, ""distance"": 4, ""length"": 12, ""n_sources"": 1}",3,True,False,0,0.0,0.0,0.0,0.0,"[0.0, 0.0, 0.0]",0.0,0.0,0.0,0.6614948268364499,10012145
a976f5e26896,bdh_cq,propagate,8000,32,interp,"{""dim"": 1, ""distance"": 1, ""length"": 12, ""n_sources"": 1}",1,True,True,0,0.0,0.0,0.0,0.0,[0.0],0.0,0.0,0.0,0.7624378044213822,10012145
a976f5e26896,bdh_cq,propagate,8000,32,interp,"{""dim"": 1, ""distance"": 2, ""length"": 12, ""n_sources"": 1}",1,True,True,0,0.0,0.0,0.0,0.0,[0.0],0.0,0.0,0.0,0.7587064586913408,10012145
a976f5e26896,bdh_cq,propagate,8000,32,interp,"{""dim"": 1, ""distance"": 4, ""length"": 12, ""n_sources"": 1}",1,True,True,0,0.0,0.0,0.0,0.0,[0.0],0.0,0.0,0.0,0.7891414002938704,10012145
cb0b76097aaf,bdh_cq,propagate,2500,32,interp,"{""dim"": 1, ""distance"": 1, ""length"": 12, ""n_sources"": 1}",3,True,False,0,0.0,0.0,0.0,0.0,"[0.0, 0.0, 0.0]",0.0,0.0,0.0,0.7548236848708397,10010880
cb0b76097aaf,bdh_cq,propagate,2500,32,interp,"{""dim"": 1, ""distance"": 2, ""length"": 12, ""n_sources"": 1}",3,True,False,0,0.0,0.0,0.0,0.0,"[0.0, 0.0, 0.0]",0.0,0.0,0.0,0.7533366681786032,10010880
cb0b76097aaf,bdh_cq,propagate,2500,32,interp,"{""dim"": 1, ""distance"": 4, ""length"": 12, ""n_sources"": 1}",3,True,False,0,0.0,0.0,0.0,0.0,"[0.0, 0.0, 0.0]",0.0,0.0,0.0,0.75642308685276,10010880
cb0b76097aaf,bdh_cq,propagate,5000,32,interp,"{""dim"": 1, ""distance"": 1, ""length"": 12, ""n_sources"": 1}",3,True,False,0,0.0,0.0,0.0,0.0,"[0.0, 0.0, 0.0]",0.0,0.0,0.0,0.742265470192104,10010880
cb0b76097aaf,bdh_cq,propagate,5000,32,interp,"{""dim"": 1, ""distance"": 2, ""length"": 12, ""n_sources"": 1}",3,True,False,0,0.0,0.0,0.0,0.0,"[0.0, 0.0, 0.0]",0.0,0.0,0.0,0.7424090760307865,10010880
cb0b76097aaf,bdh_cq,propagate,5000,32,interp,"{""dim"": 1, ""distance"": 4, ""length"": 12, ""n_sources"": 1}",3,True,False,0,0.0,0.0,0.0,0.0,"[0.0, 0.0, 0.0]",0.0,0.0,0.0,0.7416583241314978,10010880
cb0b76097aaf,bdh_cq,propagate,7500,32,interp,"{""dim"": 1, ""distance"": 1, ""length"": 12, ""n_sources"": 1}",3,True,False,0,0.0,0.0,0.0,0.0,"[0.0, 0.0, 0.0]",0.0,0.0,0.0,0.7463406526117385,10010880
cb0b76097aaf,bdh_cq,propagate,7500,32,interp,"{""dim"": 1, ""distance"": 2, ""length"": 12, ""n_sources"": 1}",3,True,False,0,0.0,0.0,0.0,0.0,"[0.0, 0.0, 0.0]",0.0,0.0,0.0,0.7449115790553518,10010880
cb0b76097aaf,bdh_cq,propagate,7500,32,interp,"{""dim"": 1, ""distance"": 4, ""length"": 12, ""n_sources"": 1}",3,True,False,0,0.0,0.0,0.0,0.0,"[0.0, 0.0, 0.0]",0.0,0.0,0.0,0.7539205861401866,10010880
cb0b76097aaf,bdh_cq,propagate,10000,32,interp,"{""dim"": 1, ""distance"": 1, ""length"": 12, ""n_sources"": 1}",3,True,False,0,0.0,0.0,0.0,0.0,"[0.0, 0.0, 0.0]",0.0,0.0,0.0,0.7490851631064613,10010880
cb0b76097aaf,bdh_cq,propagate,10000,32,interp,"{""dim"": 1, ""distance"": 2, ""length"": 12, ""n_sources"": 1}",3,True,False,0,0.0,0.0,0.0,0.0,"[0.0, 0.0, 0.0]",0.0,0.0,0.0,0.7499165832698047,10010880
cb0b76097aaf,bdh_cq,propagate,10000,32,interp,"{""dim"": 1, ""distance"": 4, ""length"": 12, ""n_sources"": 1}",3,True,False,0,0.0,0.0,0.0,0.0,"[0.0, 0.0, 0.0]",0.0,0.0,0.0,0.7583416729598671,10010880
cb0b76097aaf,bdh_cq,propagate,12500,32,interp,"{""dim"": 1, ""distance"": 1, ""length"": 12, ""n_sources"": 1}",3,True,False,0,0.0,0.0,0.0,0.0,"[0.0, 0.0, 0.0]",0.0,0.0,0.0,0.75723552709806,10010880
cb0b76097aaf,bdh_cq,propagate,12500,32,interp,"{""dim"": 1, ""distance"": 2, ""length"": 12, ""n_sources"": 1}",3,True,False,0,0.0,0.0,0.0,0.0,"[0.0, 0.0, 0.0]",0.0,0.0,0.0,0.7599265908932424,10010880
cb0b76097aaf,bdh_cq,propagate,12500,32,interp,"{""dim"": 1, ""distance"": 4, ""length"": 12, ""n_sources"": 1}",3,True,False,0,0.0,0.0,0.0,0.0,"[0.0, 0.0, 0.0]",0.0,0.0,0.0,0.7660994288680311,10010880
cb0b76097aaf,bdh_cq,propagate,15000,32,interp,"{""dim"": 1, ""distance"": 1, ""length"": 12, ""n_sources"": 1}",3,True,False,0,0.0,0.0,0.0,0.0,"[0.0, 0.0, 0.0]",0.0,0.0,0.0,0.7666333959012213,10010880
cb0b76097aaf,bdh_cq,propagate,15000,32,interp,"{""dim"": 1, ""distance"": 2, ""length"": 12, ""n_sources"": 1}",3,True,False,0,0.0,0.0,0.0,0.0,"[0.0, 0.0, 0.0]",0.0,0.0,0.0,0.768601930833555,10010880
cb0b76097aaf,bdh_cq,propagate,15000,32,interp,"{""dim"": 1, ""distance"": 4, ""length"": 12, ""n_sources"": 1}",3,True,False,0,0.0,0.0,0.0,0.0,"[0.0, 0.0, 0.0]",0.0,0.0,0.0,0.7746079354076175,10010880
cb0b76097aaf,bdh_cq,propagate,17500,32,interp,"{""dim"": 1, ""distance"": 1, ""length"": 12, ""n_sources"": 1}",3,True,False,0,0.0,0.0,0.0,0.0,"[0.0, 0.0, 0.0]",0.0,0.0,0.0,0.7665502288027438,10010880
cb0b76097aaf,bdh_cq,propagate,17500,32,interp,"{""dim"": 1, ""distance"": 2, ""length"": 12, ""n_sources"": 1}",3,True,False,0,0.0,0.0,0.0,0.0,"[0.0, 0.0, 0.0]",0.0,0.0,0.0,0.7686853475637503,10010880
cb0b76097aaf,bdh_cq,propagate,17500,32,interp,"{""dim"": 1, ""distance"": 4, ""length"": 12, ""n_sources"": 1}",3,True,False,0,0.0,0.0,0.0,0.0,"[0.0, 0.0, 0.0]",0.0,0.0,0.0,0.77527526924918,10010880
cb0b76097aaf,bdh_cq,propagate,20000,32,interp,"{""dim"": 1, ""distance"": 1, ""length"": 12, ""n_sources"": 1}",3,True,False,0,0.0,0.0,0.0,0.0,"[0.0, 0.0, 0.0]",0.0,0.0,0.0,0.7669660638192456,10010880
cb0b76097aaf,bdh_cq,propagate,20000,32,interp,"{""dim"": 1, ""distance"": 2, ""length"": 12, ""n_sources"": 1}",3,True,False,0,0.0,0.0,0.0,0.0,"[0.0, 0.0, 0.0]",0.0,0.0,0.0,0.7687687642939456,10010880
cb0b76097aaf,bdh_cq,propagate,20000,32,interp,"{""dim"": 1, ""distance"": 4, ""length"": 12, ""n_sources"": 1}",3,True,False,0,0.0,0.0,0.0,0.0,"[0.0, 0.0, 0.0]",0.0,0.0,0.0,0.7753586859793753,10010880
cb0b76097aaf,bdh_cq,propagate,22500,32,interp,"{""dim"": 1, ""distance"": 1, ""length"": 12, ""n_sources"": 1}",3,True,False,0,0.0,0.0,0.0,0.0,"[0.0, 0.0, 0.0]",0.0,0.0,0.0,0.7669660638192456,10010880
cb0b76097aaf,bdh_cq,propagate,22500,32,interp,"{""dim"": 1, ""distance"": 2, ""length"": 12, ""n_sources"": 1}",3,True,False,0,0.0,0.0,0.0,0.0,"[0.0, 0.0, 0.0]",0.0,0.0,0.0,0.768601930833555,10010880
cb0b76097aaf,bdh_cq,propagate,22500,32,interp,"{""dim"": 1, ""distance"": 4, ""length"": 12, ""n_sources"": 1}",3,True,False,0,0.0,0.0,0.0,0.0,"[0.0, 0.0, 0.0]",0.0,0.0,0.0,0.775525519439766,10010880
cb0b76097aaf,bdh_cq,propagate,25000,32,interp,"{""dim"": 1, ""distance"": 1, ""length"": 12, ""n_sources"": 1}",3,True,False,0,0.0,0.0,0.0,0.0,"[0.0, 0.0, 0.0]",0.0,0.0,0.0,0.7667997298602335,10010880
cb0b76097aaf,bdh_cq,propagate,25000,32,interp,"{""dim"": 1, ""distance"": 2, ""length"": 12, ""n_sources"": 1}",3,True,False,0,0.0,0.0,0.0,0.0,"[0.0, 0.0, 0.0]",0.0,0.0,0.0,0.7687687642939456,10010880
cb0b76097aaf,bdh_cq,propagate,25000,32,interp,"{""dim"": 1, ""distance"": 4, ""length"": 12, ""n_sources"": 1}",3,True,False,0,0.0,0.0,0.0,0.0,"[0.0, 0.0, 0.0]",0.0,0.0,0.0,0.7753586859793753,10010880
cb0b76097aaf,bdh_cq,propagate,27500,32,interp,"{""dim"": 1, ""distance"": 1, ""length"": 12, ""n_sources"": 1}",3,True,False,0,0.0,0.0,0.0,0.0,"[0.0, 0.0, 0.0]",0.0,0.0,0.0,0.7668828968397395,10010880
cb0b76097aaf,bdh_cq,propagate,27500,32,interp,"{""dim"": 1, ""distance"": 2, ""length"": 12, ""n_sources"": 1}",3,True,False,0,0.0,0.0,0.0,0.0,"[0.0, 0.0, 0.0]",0.0,0.0,0.0,0.768601930833555,10010880
cb0b76097aaf,bdh_cq,propagate,27500,32,interp,"{""dim"": 1, ""distance"": 4, ""length"": 12, ""n_sources"": 1}",3,True,False,0,0.0,0.0,0.0,0.0,"[0.0, 0.0, 0.0]",0.0,0.0,0.0,0.775525519439766,10010880
cb0b76097aaf,bdh_cq,propagate,30000,32,interp,"{""dim"": 1, ""distance"": 1, ""length"": 12, ""n_sources"": 1}",3,True,False,0,0.0,0.0,0.0,0.0,"[0.0, 0.0, 0.0]",0.0,0.0,0.0,0.7666333958417356,10010880
cb0b76097aaf,bdh_cq,propagate,30000,32,interp,"{""dim"": 1, ""distance"": 2, ""length"": 12, ""n_sources"": 1}",3,True,False,0,0.0,0.0,0.0,0.0,"[0.0, 0.0, 0.0]",0.0,0.0,0.0,0.7686019307738906,10010880
cb0b76097aaf,bdh_cq,propagate,30000,32,interp,"{""dim"": 1, ""distance"": 4, ""length"": 12, ""n_sources"": 1}",3,True,False,0,0.0,0.0,0.0,0.0,"[0.0, 0.0, 0.0]",0.0,0.0,0.0,0.7754421027095707,10010880
cb0b76097aaf,bdh_cq,propagate,32500,32,interp,"{""dim"": 1, ""distance"": 1, ""length"": 12, ""n_sources"": 1}",3,True,False,0,0.0,0.0,0.0,0.0,"[0.0, 0.0, 0.0]",0.0,0.0,0.0,0.7669660638192456,10010880
cb0b76097aaf,bdh_cq,propagate,32500,32,interp,"{""dim"": 1, ""distance"": 2, ""length"": 12, ""n_sources"": 1}",3,True,False,0,0.0,0.0,0.0,0.0,"[0.0, 0.0, 0.0]",0.0,0.0,0.0,0.7686853475637503,10010880
cb0b76097aaf,bdh_cq,propagate,32500,32,interp,"{""dim"": 1, ""distance"": 4, ""length"": 12, ""n_sources"": 1}",3,True,False,0,0.0,0.0,0.0,0.0,"[0.0, 0.0, 0.0]",0.0,0.0,0.0,0.7754421027095707,10010880
cb0b76097aaf,bdh_cq,propagate,35000,32,interp,"{""dim"": 1, ""distance"": 1, ""length"": 12, ""n_sources"": 1}",3,True,False,0,0.0,0.0,0.0,0.0,"[0.0, 0.0, 0.0]",0.0,0.0,0.0,0.7669660638192456,10010880
cb0b76097aaf,bdh_cq,propagate,35000,32,interp,"{""dim"": 1, ""distance"": 2, ""length"": 12, ""n_sources"": 1}",3,True,False,0,0.0,0.0,0.0,0.0,"[0.0, 0.0, 0.0]",0.0,0.0,0.0,0.7687687642939456,10010880
cb0b76097aaf,bdh_cq,propagate,35000,32,interp,"{""dim"": 1, ""distance"": 4, ""length"": 12, ""n_sources"": 1}",3,True,False,0,0.0,0.0,0.0,0.0,"[0.0, 0.0, 0.0]",0.0,0.0,0.0,0.775525519439766,10010880
cb0b76097aaf,bdh_cq,propagate,37500,32,interp,"{""dim"": 1, ""distance"": 1, ""length"": 12, ""n_sources"": 1}",3,True,False,0,0.0,0.0,0.0,0.0,"[0.0, 0.0, 0.0]",0.0,0.0,0.0,0.7669660638192456,10010880
cb0b76097aaf,bdh_cq,propagate,37500,32,interp,"{""dim"": 1, ""distance"": 2, ""length"": 12, ""n_sources"": 1}",3,True,False,0,0.0,0.0,0.0,0.0,"[0.0, 0.0, 0.0]",0.0,0.0,0.0,0.7688521810241409,10010880
cb0b76097aaf,bdh_cq,propagate,37500,32,interp,"{""dim"": 1, ""distance"": 4, ""length"": 12, ""n_sources"": 1}",3,True,False,0,0.0,0.0,0.0,0.0,"[0.0, 0.0, 0.0]",0.0,0.0,0.0,0.775525519439766,10010880
cb0b76097aaf,bdh_cq,propagate,40000,32,interp,"{""dim"": 1, ""distance"": 1, ""length"": 12, ""n_sources"": 1}",3,True,False,0,0.0,0.0,0.0,0.0,"[0.0, 0.0, 0.0]",0.0,0.0,0.0,0.7669660638192456,10010880
cb0b76097aaf,bdh_cq,propagate,40000,32,interp,"{""dim"": 1, ""distance"": 2, ""length"": 12, ""n_sources"": 1}",3,True,False,0,0.0,0.0,0.0,0.0,"[0.0, 0.0, 0.0]",0.0,0.0,0.0,0.7688521810241409,10010880
cb0b76097aaf,bdh_cq,propagate,40000,32,interp,"{""dim"": 1, ""distance"": 4, ""length"": 12, ""n_sources"": 1}",3,True,False,0,0.0,0.0,0.0,0.0,"[0.0, 0.0, 0.0]",0.0,0.0,0.0,0.775525519439766,10010880
eca47f97dfa3,bdh_cq,propagate,8000,32,interp,"{""dim"": 1, ""distance"": 1, ""length"": 12, ""n_sources"": 1}",1,True,True,0,0.0,0.0,0.0,0.0,[0.0],0.0,0.0,0.0,0.7375621982474825,10010888
eca47f97dfa3,bdh_cq,propagate,8000,32,interp,"{""dim"": 1, ""distance"": 2, ""length"": 12, ""n_sources"": 1}",1,True,True,0,0.0,0.0,0.0,0.0,[0.0],0.0,0.0,0.0,0.7176616921353696,10010888
eca47f97dfa3,bdh_cq,propagate,8000,32,interp,"{""dim"": 1, ""distance"": 4, ""length"": 12, ""n_sources"": 1}",1,True,True,0,0.0,0.0,0.0,0.0,[0.0],0.0,0.0,0.0,0.623737373586857,10010888
f0b8b7c55f92,bdh_cq,propagate,40000,32,interp,"{""dim"": 1, ""distance"": 1, ""length"": 12, ""n_sources"": 1}",3,True,False,0,0.0,0.0,0.0,0.0,"[0.0, 0.0, 0.0]",0.0,0.0,0.0,0.7470891561931717,10010880
f0b8b7c55f92,bdh_cq,propagate,40000,32,interp,"{""dim"": 1, ""distance"": 2, ""length"": 12, ""n_sources"": 1}",3,True,False,0,0.0,0.0,0.0,0.0,"[0.0, 0.0, 0.0]",0.0,0.0,0.0,0.6839339447331739,10010880
f0b8b7c55f92,bdh_cq,propagate,40000,32,interp,"{""dim"": 1, ""distance"": 4, ""length"": 12, ""n_sources"": 1}",3,True,False,0,0.0,0.0,0.0,0.0,"[0.0, 0.0, 0.0]",0.0,0.0,0.0,0.5600600575839912,10010880
3d6407474980,bdh_cq,propagate,2500,1,mild,"{""dim"": 1, ""distance"": 6, ""length"": 12, ""n_sources"": 1}",1,True,True,0,0.0,0.0,0.0,0.0,[0.0],0.0,0.0,0.0,0.7974999874830246,10010880
3d6407474980,bdh_cq,propagate,2500,1,mild,"{""dim"": 1, ""distance"": 8, ""length"": 12, ""n_sources"": 1}",1,True,True,0,0.0,0.0,0.0,0.0,[0.0],0.0,0.0,0.0,0.7983333206176758,10010880
3d6407474980,bdh_cq,propagate,5000,1,mild,"{""dim"": 1, ""distance"": 6, ""length"": 12, ""n_sources"": 1}",1,True,True,0,0.0,0.0,0.0,0.0,[0.0],0.0,0.0,0.0,0.8149999845027923,10010880
3d6407474980,bdh_cq,propagate,5000,1,mild,"{""dim"": 1, ""distance"": 8, ""length"": 12, ""n_sources"": 1}",1,True,True,0,0.0,0.0,0.0,0.0,[0.0],0.0,0.0,0.0,0.81083331823349,10010880
3d6407474980,bdh_cq,propagate,7500,1,mild,"{""dim"": 1, ""distance"": 6, ""length"": 12, ""n_sources"": 1}",1,True,True,0,0.0,0.0,0.0,0.0,[0.0],0.0,0.0,0.0,0.8049999862909317,10010880
3d6407474980,bdh_cq,propagate,7500,1,mild,"{""dim"": 1, ""distance"": 8, ""length"": 12, ""n_sources"": 1}",1,True,True,0,0.0,0.0,0.0,0.0,[0.0],0.0,0.0,0.0,0.7924999868869782,10010880
3d6407474980,bdh_cq,propagate,8000,1,mild,"{""dim"": 1, ""distance"": 6, ""length"": 12, ""n_sources"": 1}",1,True,True,0,0.0,0.0,0.0,0.0,[0.0],0.0,0.0,0.0,0.8016666531562805,10010880
3d6407474980,bdh_cq,propagate,8000,1,mild,"{""dim"": 1, ""distance"": 8, ""length"": 12, ""n_sources"": 1}",1,True,True,0,0.0,0.0,0.0,0.0,[0.0],0.0,0.0,0.0,0.7916666534543038,10010880
79d948f95c7e,bdh_cq,propagate,2500,1,mild,"{""dim"": 1, ""distance"": 6, ""length"": 12, ""n_sources"": 1}",3,True,False,0,0.0,0.0,0.0,0.0,"[0.0, 0.0, 0.0]",0.0,0.0,0.0,0.7858333224256834,10010888
79d948f95c7e,bdh_cq,propagate,2500,1,mild,"{""dim"": 1, ""distance"": 8, ""length"": 12, ""n_sources"": 1}",3,True,False,0,0.0,0.0,0.0,0.0,"[0.0, 0.0, 0.0]",0.0,0.0,0.0,0.7904444326410691,10010888
79d948f95c7e,bdh_cq,propagate,5000,1,mild,"{""dim"": 1, ""distance"": 6, ""length"": 12, ""n_sources"": 1}",3,True,False,0,0.0006666666666666666,0.0009428090415820634,0.0,0.002,"[0.0, 0.0, 0.002]",0.0,0.002,0.0006666666666666666,0.7986110979119937,10010888
79d948f95c7e,bdh_cq,propagate,5000,1,mild,"{""dim"": 1, ""distance"": 8, ""length"": 12, ""n_sources"": 1}",3,True,False,0,0.0,0.0,0.0,0.0,"[0.0, 0.0, 0.0]",0.0,0.0,0.0,0.800888874868552,10010888
79d948f95c7e,bdh_cq,propagate,7500,1,mild,"{""dim"": 1, ""distance"": 6, ""length"": 12, ""n_sources"": 1}",3,True,False,0,0.0033333333333333335,0.0033993463423951896,0.0,0.008,"[0.002, 0.008, 0.0]",0.0,0.008,0.0033333333333333335,0.7840555456678073,10010888
79d948f95c7e,bdh_cq,propagate,7500,1,mild,"{""dim"": 1, ""distance"": 8, ""length"": 12, ""n_sources"": 1}",3,True,False,0,0.0,0.0,0.0,0.0,"[0.0, 0.0, 0.0]",0.0,0.0,0.0,0.7523888781368733,10010888
79d948f95c7e,bdh_cq,propagate,10000,1,mild,"{""dim"": 1, ""distance"": 6, ""length"": 12, ""n_sources"": 1}",3,True,False,0,0.01,0.005887840577551897,0.004,0.018,"[0.018, 0.008, 0.004]",0.004,0.018,0.01,0.7761666614611943,10010888
79d948f95c7e,bdh_cq,propagate,10000,1,mild,"{""dim"": 1, ""distance"": 8, ""length"": 12, ""n_sources"": 1}",3,True,False,0,0.0013333333333333333,0.0009428090415820634,0.0,0.002,"[0.002, 0.0, 0.002]",0.0,0.002,0.0013333333333333333,0.6801666606366634,10010888
79d948f95c7e,bdh_cq,propagate,12500,1,mild,"{""dim"": 1, ""distance"": 6, ""length"": 12, ""n_sources"": 1}",3,True,False,0,0.08,0.03278210894171799,0.052,0.126,"[0.052, 0.126, 0.062]",0.052,0.126,0.08,0.8647777780294419,10010888
79d948f95c7e,bdh_cq,propagate,12500,1,mild,"{""dim"": 1, ""distance"": 8, ""length"": 12, ""n_sources"": 1}",3,True,False,0,0.006666666666666667,0.005734883511361751,0.0,0.014,"[0.0, 0.014, 0.006]",0.0,0.014,0.006666666666666667,0.7913333278695743,10010888
79d948f95c7e,bdh_cq,propagate,15000,1,mild,"{""dim"": 1, ""distance"": 6, ""length"": 12, ""n_sources"": 1}",3,True,False,0,0.3133333333333333,0.05600793594562194,0.266,0.392,"[0.266, 0.392, 0.282]",0.266,0.39200000000000007,0.3133333333333333,0.9232222286462783,10010888
79d948f95c7e,bdh_cq,propagate,15000,1,mild,"{""dim"": 1, ""distance"": 8, ""length"": 12, ""n_sources"": 1}",3,True,False,0,0.06666666666666667,0.039541820336898445,0.032,0.122,"[0.032, 0.122, 0.046]",0.032,0.122,0.06666666666666667,0.8348333327372869,10010888
79d948f95c7e,bdh_cq,propagate,17500,1,mild,"{""dim"": 1, ""distance"": 6, ""length"": 12, ""n_sources"": 1}",3,True,False,0,0.4586666666666666,0.27194770739161517,0.192,0.832,"[0.192, 0.352, 0.832]",0.19200000000000003,0.832,0.4586666666666666,0.9442222285668055,10010888
79d948f95c7e,bdh_cq,propagate,17500,1,mild,"{""dim"": 1, ""distance"": 8, ""length"": 12, ""n_sources"": 1}",3,True,False,0,0.26533333333333337,0.14578827875457692,0.124,0.466,"[0.124, 0.206, 0.466]",0.124,0.466,0.26533333333333337,0.8997222266991933,10010888
79d948f95c7e,bdh_cq,propagate,20000,1,mild,"{""dim"": 1, ""distance"": 6, ""length"": 12, ""n_sources"": 1}",3,True,False,0,0.5606666666666666,0.25935989581189217,0.226,0.858,"[0.226, 0.598, 0.858]",0.226,0.858,0.5606666666666666,0.9537222269773483,10010888
79d948f95c7e,bdh_cq,propagate,20000,1,mild,"{""dim"": 1, ""distance"": 8, ""length"": 12, ""n_sources"": 1}",3,True,False,0,0.3953333333333333,0.19333103446909108,0.138,0.604,"[0.138, 0.604, 0.444]",0.138,0.604,0.3953333333333333,0.9324444507757823,10010888
79d948f95c7e,bdh_cq,propagate,22500,1,mild,"{""dim"": 1, ""distance"": 6, ""length"": 12, ""n_sources"": 1}",3,True,False,0,0.6026666666666667,0.33211376899423417,0.136,0.882,"[0.136, 0.79, 0.882]",0.136,0.882,0.6026666666666667,0.9596111155748367,10010888
79d948f95c7e,bdh_cq,propagate,22500,1,mild,"{""dim"": 1, ""distance"": 8, ""length"": 12, ""n_sources"": 1}",3,True,False,0,0.4493333333333333,0.2676183019816761,0.092,0.736,"[0.092, 0.736, 0.52]",0.09200000000000001,0.7360000000000001,0.4493333333333333,0.938055560708046,10010888
79d948f95c7e,bdh_cq,propagate,25000,1,mild,"{""dim"": 1, ""distance"": 6, ""length"": 12, ""n_sources"": 1}",3,True,False,0,0.582,0.32882822263303374,0.134,0.914,"[0.134, 0.698, 0.914]",0.134,0.914,0.582,0.9555000038544336,10010888
79d948f95c7e,bdh_cq,propagate,25000,1,mild,"{""dim"": 1, ""distance"": 8, ""length"": 12, ""n_sources"": 1}",3,True,False,0,0.3866666666666667,0.22604620963176728,0.068,0.568,"[0.068, 0.524, 0.568]",0.068,0.568,0.3866666666666667,0.9298888951539993,10010888
79d948f95c7e,bdh_cq,propagate,27500,1,mild,"{""dim"": 1, ""distance"": 6, ""length"": 12, ""n_sources"": 1}",3,True,False,0,0.6326666666666667,0.35063878216129424,0.138,0.91,"[0.138, 0.85, 0.91]",0.138,0.91,0.6326666666666667,0.9602222252686818,10010888
79d948f95c7e,bdh_cq,propagate,27500,1,mild,"{""dim"": 1, ""distance"": 8, ""length"": 12, ""n_sources"": 1}",3,True,False,0,0.4133333333333334,0.2647279526020796,0.054,0.684,"[0.054, 0.684, 0.502]",0.054,0.684,0.4133333333333334,0.9376111178000768,10010888
79d948f95c7e,bdh_cq,propagate,30000,1,mild,"{""dim"": 1, ""distance"": 6, ""length"": 12, ""n_sources"": 1}",3,True,False,0,0.612,0.37634381443922615,0.084,0.934,"[0.084, 0.818, 0.934]",0.084,0.934,0.612,0.9578333364725112,10010888
79d948f95c7e,bdh_cq,propagate,30000,1,mild,"{""dim"": 1, ""distance"": 8, ""length"": 12, ""n_sources"": 1}",3,True,False,0,0.4266666666666667,0.2908439826130536,0.016,0.652,"[0.016, 0.612, 0.652]",0.016,0.652,0.4266666666666667,0.938833339770635,10010888
79d948f95c7e,bdh_cq,propagate,32500,1,mild,"{""dim"": 1, ""distance"": 6, ""length"": 12, ""n_sources"": 1}",3,True,False,0,0.6053333333333333,0.37438067376520506,0.084,0.946,"[0.084, 0.786, 0.946]",0.084,0.9460000000000001,0.6053333333333333,0.9563333361148834,10010888
79d948f95c7e,bdh_cq,propagate,32500,1,mild,"{""dim"": 1, ""distance"": 8, ""length"": 12, ""n_sources"": 1}",3,True,False,0,0.3866666666666667,0.26262436207548523,0.022,0.63,"[0.022, 0.63, 0.508]",0.022000000000000002,0.63,0.3866666666666667,0.9342777849038443,10010888
79d948f95c7e,bdh_cq,propagate,35000,1,mild,"{""dim"": 1, ""distance"": 6, ""length"": 12, ""n_sources"": 1}",3,True,False,0,0.628,0.38873469959172247,0.08,0.94,"[0.08, 0.864, 0.94]",0.08,0.94,0.628,0.9562777791420619,10010888
79d948f95c7e,bdh_cq,propagate,35000,1,mild,"{""dim"": 1, ""distance"": 8, ""length"": 12, ""n_sources"": 1}",3,True,False,0,0.3913333333333333,0.26763324822517015,0.024,0.654,"[0.024, 0.654, 0.496]",0.024000000000000004,0.654,0.3913333333333333,0.9341111184755961,10010888
79d948f95c7e,bdh_cq,propagate,37500,1,mild,"{""dim"": 1, ""distance"": 6, ""length"": 12, ""n_sources"": 1}",3,True,False,0,0.6193333333333334,0.400181070128122,0.056,0.948,"[0.056, 0.854, 0.948]",0.056,0.948,0.6193333333333334,0.9553888903061548,10010888
79d948f95c7e,bdh_cq,propagate,37500,1,mild,"{""dim"": 1, ""distance"": 8, ""length"": 12, ""n_sources"": 1}",3,True,False,0,0.414,0.28733720028333726,0.016,0.684,"[0.016, 0.684, 0.542]",0.016,0.684,0.414,0.9383888961871465,10010888
79d948f95c7e,bdh_cq,propagate,40000,1,mild,"{""dim"": 1, ""distance"": 6, ""length"": 12, ""n_sources"": 1}",3,True,False,0,0.6186666666666666,0.3961761673240271,0.062,0.952,"[0.062, 0.842, 0.952]",0.062,0.952,0.6186666666666666,0.9564444464047751,10010888
79d948f95c7e,bdh_cq,propagate,40000,1,mild,"{""dim"": 1, ""distance"": 8, ""length"": 12, ""n_sources"": 1}",3,True,False,0,0.41733333333333333,0.2904907724677135,0.016,0.694,"[0.016, 0.694, 0.542]",0.016,0.694,0.41733333333333333,0.9391111183563868,10010888
9b4bca1a63ee,bdh_cq,propagate,2500,1,mild,"{""dim"": 1, ""distance"": 6, ""length"": 12, ""n_sources"": 1}",3,True,False,0,0.0,0.0,0.0,0.0,"[0.0, 0.0, 0.0]",0.0,0.0,0.0,0.7836666561166447,10012145
9b4bca1a63ee,bdh_cq,propagate,2500,1,mild,"{""dim"": 1, ""distance"": 8, ""length"": 12, ""n_sources"": 1}",3,True,False,0,0.0,0.0,0.0,0.0,"[0.0, 0.0, 0.0]",0.0,0.0,0.0,0.7809444339970747,10012145
9b4bca1a63ee,bdh_cq,propagate,5000,1,mild,"{""dim"": 1, ""distance"": 6, ""length"": 12, ""n_sources"": 1}",3,True,False,0,0.0,0.0,0.0,0.0,"[0.0, 0.0, 0.0]",0.0,0.0,0.0,0.7792777674396834,10012145
9b4bca1a63ee,bdh_cq,propagate,5000,1,mild,"{""dim"": 1, ""distance"": 8, ""length"": 12, ""n_sources"": 1}",3,True,False,0,0.0,0.0,0.0,0.0,"[0.0, 0.0, 0.0]",0.0,0.0,0.0,0.7707777678271134,10012145
9b4bca1a63ee,bdh_cq,propagate,7500,1,mild,"{""dim"": 1, ""distance"": 6, ""length"": 12, ""n_sources"": 1}",3,True,False,0,0.0,0.0,0.0,0.0,"[0.0, 0.0, 0.0]",0.0,0.0,0.0,0.7784999878406524,10012145
9b4bca1a63ee,bdh_cq,propagate,7500,1,mild,"{""dim"": 1, ""distance"": 8, ""length"": 12, ""n_sources"": 1}",3,True,False,0,0.0,0.0,0.0,0.0,"[0.0, 0.0, 0.0]",0.0,0.0,0.0,0.7294444332420826,10012145
9b4bca1a63ee,bdh_cq,propagate,10000,1,mild,"{""dim"": 1, ""distance"": 6, ""length"": 12, ""n_sources"": 1}",3,True,False,0,0.2133333333333333,0.1293092761130805,0.038,0.346,"[0.038, 0.256, 0.346]",0.038,0.3459999999999999,0.2133333333333333,0.8927777826388678,10012145
9b4bca1a63ee,bdh_cq,propagate,10000,1,mild,"{""dim"": 1, ""distance"": 8, ""length"": 12, ""n_sources"": 1}",3,True,False,0,0.004,0.00282842712474619,0.0,0.006,"[0.0, 0.006, 0.006]",0.0,0.006000000000000001,0.004,0.7446111093759537,10012145
9b4bca1a63ee,bdh_cq,propagate,12500,1,mild,"{""dim"": 1, ""distance"": 6, ""length"": 12, ""n_sources"": 1}",3,True,False,0,0.3213333333333333,0.21481982114217382,0.024,0.524,"[0.024, 0.416, 0.524]",0.024000000000000004,0.524,0.3213333333333333,0.9205000062783558,10012145
9b4bca1a63ee,bdh_cq,propagate,12500,1,mild,"{""dim"": 1, ""distance"": 8, ""length"": 12, ""n_sources"": 1}",3,True,False,0,0.074,0.06895409100747153,0.0,0.166,"[0.0, 0.166, 0.056]",0.0,0.166,0.074,0.7946111137072246,10012145
9b4bca1a63ee,bdh_cq,propagate,15000,1,mild,"{""dim"": 1, ""distance"": 6, ""length"": 12, ""n_sources"": 1}",3,True,False,0,0.40399999999999997,0.27115063464182904,0.046,0.702,"[0.046, 0.464, 0.702]",0.046000000000000006,0.702,0.40399999999999997,0.9373333405256271,10012145
9b4bca1a63ee,bdh_cq,propagate,15000,1,mild,"{""dim"": 1, ""distance"": 8, ""length"": 12, ""n_sources"": 1}",3,True,False,0,0.07533333333333332,0.05357445494097184,0.0,0.12,"[0.0, 0.106, 0.12]",0.0,0.12,0.07533333333333332,0.8110555573304494,10012145
9b4bca1a63ee,bdh_cq,propagate,17500,1,mild,"{""dim"": 1, ""distance"": 6, ""length"": 12, ""n_sources"": 1}",3,True,False,0,0.38666666666666666,0.24103296224560009,0.098,0.688,"[0.098, 0.374, 0.688]",0.09800000000000002,0.6880000000000001,0.38666666666666666,0.9277777828375499,10012145
9b4bca1a63ee,bdh_cq,propagate,17500,1,mild,"{""dim"": 1, ""distance"": 8, ""length"": 12, ""n_sources"": 1}",3,True,False,0,0.08466666666666667,0.051674193000202935,0.03,0.154,"[0.03, 0.07, 0.154]",0.03,0.154,0.08466666666666667,0.8191111130317053,10012145
9b4bca1a63ee,bdh_cq,propagate,20000,1,mild,"{""dim"": 1, ""distance"": 6, ""length"": 12, ""n_sources"": 1}",3,True,False,0,0.4013333333333333,0.24723178508346283,0.112,0.716,"[0.112, 0.376, 0.716]",0.112,0.7159999999999999,0.4013333333333333,0.9255555609464645,10012145
9b4bca1a63ee,bdh_cq,propagate,20000,1,mild,"{""dim"": 1, ""distance"": 8, ""length"": 12, ""n_sources"": 1}",3,True,False,0,0.126,0.06368673331236263,0.048,0.204,"[0.048, 0.126, 0.204]",0.04800000000000001,0.204,0.126,0.8248888900677364,10012145
9b4bca1a63ee,bdh_cq,propagate,22500,1,mild,"{""dim"": 1, ""distance"": 6, ""length"": 12, ""n_sources"": 1}",3,True,False,0,0.48866666666666675,0.23625033803620732,0.228,0.8,"[0.228, 0.438, 0.8]",0.228,0.8000000000000002,0.48866666666666675,0.9454444510539372,10012145
9b4bca1a63ee,bdh_cq,propagate,22500,1,mild,"{""dim"": 1, ""distance"": 8, ""length"": 12, ""n_sources"": 1}",3,True,False,0,0.1386666666666667,0.1000577610960567,0.062,0.28,"[0.074, 0.062, 0.28]",0.062,0.28,0.1386666666666667,0.8556111146608988,10012145
9b4bca1a63ee,bdh_cq,propagate,25000,1,mild,"{""dim"": 1, ""distance"": 6, ""length"": 12, ""n_sources"": 1}",3,True,False,0,0.5146666666666667,0.15055748256249357,0.354,0.716,"[0.354, 0.474, 0.716]",0.3539999999999999,0.7159999999999999,0.5146666666666667,0.9481111171245575,10012145
9b4bca1a63ee,bdh_cq,propagate,25000,1,mild,"{""dim"": 1, ""distance"": 8, ""length"": 12, ""n_sources"": 1}",3,True,False,0,0.18200000000000002,0.09064215354899728,0.112,0.31,"[0.124, 0.112, 0.31]",0.112,0.31,0.18200000000000002,0.8726111146807671,10012145
9b4bca1a63ee,bdh_cq,propagate,27500,1,mild,"{""dim"": 1, ""distance"": 6, ""length"": 12, ""n_sources"": 1}",3,True,False,0,0.4446666666666667,0.18253279766174135,0.268,0.696,"[0.37, 0.268, 0.696]",0.268,0.6960000000000001,0.4446666666666667,0.943000007947286,10012145
9b4bca1a63ee,bdh_cq,propagate,27500,1,mild,"{""dim"": 1, ""distance"": 8, ""length"": 12, ""n_sources"": 1}",3,True,False,0,0.18666666666666668,0.15469827263274646,0.038,0.4,"[0.122, 0.038, 0.4]",0.038,0.4000000000000001,0.18666666666666668,0.8821666706403097,10012145
9b4bca1a63ee,bdh_cq,propagate,30000,1,mild,"{""dim"": 1, ""distance"": 6, ""length"": 12, ""n_sources"": 1}",3,True,False,0,0.5766666666666667,0.0878534132644954,0.502,0.7,"[0.528, 0.502, 0.7]",0.502,0.6999999999999998,0.5766666666666667,0.9555000055233637,10012145
9b4bca1a63ee,bdh_cq,propagate,30000,1,mild,"{""dim"": 1, ""distance"": 8, ""length"": 12, ""n_sources"": 1}",3,True,False,0,0.20466666666666666,0.1537559393613427,0.09,0.422,"[0.102, 0.09, 0.422]",0.09000000000000001,0.422,0.20466666666666666,0.8812777809699376,10012145
9b4bca1a63ee,bdh_cq,propagate,32500,1,mild,"{""dim"": 1, ""distance"": 6, ""length"": 12, ""n_sources"": 1}",3,True,False,0,0.47733333333333333,0.19847641897436805,0.298,0.754,"[0.298, 0.38, 0.754]",0.298,0.754,0.47733333333333333,0.9453888956308365,10012145
9b4bca1a63ee,bdh_cq,propagate,32500,1,mild,"{""dim"": 1, ""distance"": 8, ""length"": 12, ""n_sources"": 1}",3,True,False,0,0.16133333333333336,0.12937112849816565,0.046,0.342,"[0.096, 0.046, 0.342]",0.046000000000000006,0.342,0.16133333333333336,0.8763888927300773,10012145
9b4bca1a63ee,bdh_cq,propagate,35000,1,mild,"{""dim"": 1, ""distance"": 6, ""length"": 12, ""n_sources"": 1}",3,True,False,0,0.488,0.20105720578979505,0.268,0.754,"[0.268, 0.442, 0.754]",0.268,0.754,0.488,0.9456666734615963,10012145
9b4bca1a63ee,bdh_cq,propagate,35000,1,mild,"{""dim"": 1, ""distance"": 8, ""length"": 12, ""n_sources"": 1}",3,True,False,0,0.168,0.13589211407093005,0.048,0.358,"[0.098, 0.048, 0.358]",0.04800000000000001,0.35799999999999993,0.168,0.8759444487492244,10012145
9b4bca1a63ee,bdh_cq,propagate,37500,1,mild,"{""dim"": 1, ""distance"": 6, ""length"": 12, ""n_sources"": 1}",3,True,False,0,0.4706666666666666,0.2183595404118833,0.278,0.776,"[0.278, 0.358, 0.776]",0.278,0.7760000000000001,0.4706666666666666,0.9460555630127588,10012145
9b4bca1a63ee,bdh_cq,propagate,37500,1,mild,"{""dim"": 1, ""distance"": 8, ""length"": 12, ""n_sources"": 1}",3,True,False,0,0.16333333333333333,0.14319528235556117,0.03,0.362,"[0.098, 0.03, 0.362]",0.03,0.36199999999999993,0.16333333333333333,0.8742777812480927,10012145
9b4bca1a63ee,bdh_cq,propagate,40000,1,mild,"{""dim"": 1, ""distance"": 6, ""length"": 12, ""n_sources"": 1}",3,True,False,0,0.4673333333333334,0.2160390911129023,0.27,0.768,"[0.27, 0.364, 0.768]",0.27,0.7680000000000001,0.4673333333333334,0.9449444518089295,10012145
9b4bca1a63ee,bdh_cq,propagate,40000,1,mild,"{""dim"": 1, ""distance"": 8, ""length"": 12, ""n_sources"": 1}",3,True,False,0,0.16533333333333333,0.1456693363599751,0.032,0.368,"[0.096, 0.032, 0.368]",0.032,0.36800000000000005,0.16533333333333333,0.8737777816255887,10012145
a976f5e26896,bdh_cq,propagate,2500,1,mild,"{""dim"": 1, ""distance"": 6, ""length"": 12, ""n_sources"": 1}",1,True,True,0,0.0,0.0,0.0,0.0,[0.0],0.0,0.0,0.0,0.7949999886751175,10012145
a976f5e26896,bdh_cq,propagate,2500,1,mild,"{""dim"": 1, ""distance"": 8, ""length"": 12, ""n_sources"": 1}",1,True,True,0,0.0,0.0,0.0,0.0,[0.0],0.0,0.0,0.0,0.7874999898672104,10012145
a976f5e26896,bdh_cq,propagate,5000,1,mild,"{""dim"": 1, ""distance"": 6, ""length"": 12, ""n_sources"": 1}",1,True,True,0,0.0,0.0,0.0,0.0,[0.0],0.0,0.0,0.0,0.8033333212137223,10012145
a976f5e26896,bdh_cq,propagate,5000,1,mild,"{""dim"": 1, ""distance"": 8, ""length"": 12, ""n_sources"": 1}",1,True,True,0,0.0,0.0,0.0,0.0,[0.0],0.0,0.0,0.0,0.7983333224058151,10012145
a976f5e26896,bdh_cq,propagate,7500,1,mild,"{""dim"": 1, ""distance"": 6, ""length"": 12, ""n_sources"": 1}",1,True,True,0,0.0,0.0,0.0,0.0,[0.0],0.0,0.0,0.0,0.8041666543483734,10012145
a976f5e26896,bdh_cq,propagate,7500,1,mild,"{""dim"": 1, ""distance"": 8, ""length"": 12, ""n_sources"": 1}",1,True,True,0,0.0,0.0,0.0,0.0,[0.0],0.0,0.0,0.0,0.7941666555404663,10012145
a976f5e26896,bdh_cq,propagate,8000,1,mild,"{""dim"": 1, ""distance"": 6, ""length"": 12, ""n_sources"": 1}",1,True,True,0,0.0,0.0,0.0,0.0,[0.0],0.0,0.0,0.0,0.8074999874830247,10012145
a976f5e26896,bdh_cq,propagate,8000,1,mild,"{""dim"": 1, ""distance"": 8, ""length"": 12, ""n_sources"": 1}",1,True,True,0,0.0,0.0,0.0,0.0,[0.0],0.0,0.0,0.0,0.7949999886751175,10012145
cb0b76097aaf,bdh_cq,propagate,2500,1,mild,"{""dim"": 1, ""distance"": 6, ""length"": 12, ""n_sources"": 1}",3,True,False,0,0.0,0.0,0.0,0.0,"[0.0, 0.0, 0.0]",0.0,0.0,0.0,0.7946666547258695,10010880
cb0b76097aaf,bdh_cq,propagate,2500,1,mild,"{""dim"": 1, ""distance"": 8, ""length"": 12, ""n_sources"": 1}",3,True,False,0,0.0,0.0,0.0,0.0,"[0.0, 0.0, 0.0]",0.0,0.0,0.0,0.7976110985477766,10010880
cb0b76097aaf,bdh_cq,propagate,5000,1,mild,"{""dim"": 1, ""distance"": 6, ""length"": 12, ""n_sources"": 1}",3,True,False,0,0.0,0.0,0.0,0.0,"[0.0, 0.0, 0.0]",0.0,0.0,0.0,0.8003333197633425,10010880
cb0b76097aaf,bdh_cq,propagate,5000,1,mild,"{""dim"": 1, ""distance"": 8, ""length"": 12, ""n_sources"": 1}",3,True,False,0,0.0,0.0,0.0,0.0,"[0.0, 0.0, 0.0]",0.0,0.0,0.0,0.8026110972166062,10010880
cb0b76097aaf,bdh_cq,propagate,7500,1,mild,"{""dim"": 1, ""distance"": 6, ""length"": 12, ""n_sources"": 1}",3,True,False,0,0.0006666666666666666,0.0009428090415820634,0.0,0.002,"[0.002, 0.0, 0.0]",0.0,0.002,0.0006666666666666666,0.7791110998392106,10010880
cb0b76097aaf,bdh_cq,propagate,7500,1,mild,"{""dim"": 1, ""distance"": 8, ""length"": 12, ""n_sources"": 1}",3,True,False,0,0.0,0.0,0.0,0.0,"[0.0, 0.0, 0.0]",0.0,0.0,0.0,0.747333322217067,10010880
cb0b76097aaf,bdh_cq,propagate,10000,1,mild,"{""dim"": 1, ""distance"": 6, ""length"": 12, ""n_sources"": 1}",3,True,False,0,0.0026666666666666666,0.0024944382578492943,0.0,0.006,"[0.006, 0.0, 0.002]",0.0,0.006000000000000001,0.0026666666666666666,0.7646666596929234,10010880
cb0b76097aaf,bdh_cq,propagate,10000,1,mild,"{""dim"": 1, ""distance"": 8, ""length"": 12, ""n_sources"": 1}",3,True,False,0,0.0006666666666666666,0.0009428090415820634,0.0,0.002,"[0.0, 0.002, 0.0]",0.0,0.002,0.0006666666666666666,0.6758333266278108,10010880
cb0b76097aaf,bdh_cq,propagate,12500,1,mild,"{""dim"": 1, ""distance"": 6, ""length"": 12, ""n_sources"": 1}",3,True,False,0,0.09666666666666668,0.05144144459696114,0.024,0.136,"[0.024, 0.13, 0.136]",0.024000000000000004,0.136,0.09666666666666668,0.8521111104885737,10010880
cb0b76097aaf,bdh_cq,propagate,12500,1,mild,"{""dim"": 1, ""distance"": 8, ""length"": 12, ""n_sources"": 1}",3,True,False,0,0.0026666666666666666,0.0009428090415820634,0.002,0.004,"[0.002, 0.002, 0.004]",0.002,0.004,0.0026666666666666666,0.7053333326180775,10010880
cb0b76097aaf,bdh_cq,propagate,15000,1,mild,"{""dim"": 1, ""distance"": 6, ""length"": 12, ""n_sources"": 1}",3,True,False,0,0.030666666666666665,0.02229100466306732,0.012,0.062,"[0.012, 0.018, 0.062]",0.012000000000000002,0.062,0.030666666666666665,0.8462222216924031,10010880
cb0b76097aaf,bdh_cq,propagate,15000,1,mild,"{""dim"": 1, ""distance"": 8, ""length"": 12, ""n_sources"": 1}",3,True,False,0,0.0,0.0,0.0,0.0,"[0.0, 0.0, 0.0]",0.0,0.0,0.0,0.7040555588801701,10010880
cb0b76097aaf,bdh_cq,propagate,17500,1,mild,"{""dim"": 1, ""distance"": 6, ""length"": 12, ""n_sources"": 1}",3,True,False,0,0.166,0.14218298069740976,0.014,0.356,"[0.356, 0.014, 0.128]",0.014,0.35600000000000004,0.166,0.878555557290713,10010880
cb0b76097aaf,bdh_cq,propagate,17500,1,mild,"{""dim"": 1, ""distance"": 8, ""length"": 12, ""n_sources"": 1}",3,True,False,0,0.034,0.04667618950457146,0.0,0.1,"[0.1, 0.0, 0.002]",0.0,0.10000000000000002,0.034,0.7597777805725734,10010880
cb0b76097aaf,bdh_cq,propagate,20000,1,mild,"{""dim"": 1, ""distance"": 6, ""length"": 12, ""n_sources"": 1}",3,True,False,0,0.19733333333333336,0.11600383135435179,0.058,0.342,"[0.342, 0.058, 0.192]",0.058,0.342,0.19733333333333336,0.8960555582443873,10010880
cb0b76097aaf,bdh_cq,propagate,20000,1,mild,"{""dim"": 1, ""distance"": 8, ""length"": 12, ""n_sources"": 1}",3,True,False,0,0.04133333333333333,0.05845416057808793,0.0,0.124,"[0.124, 0.0, 0.0]",0.0,0.124,0.04133333333333333,0.757055557847023,10010880
cb0b76097aaf,bdh_cq,propagate,22500,1,mild,"{""dim"": 1, ""distance"": 6, ""length"": 12, ""n_sources"": 1}",3,True,False,0,0.25666666666666665,0.23243828332603805,0.036,0.578,"[0.578, 0.036, 0.156]",0.036,0.578,0.25666666666666665,0.8985000001192093,10010880
cb0b76097aaf,bdh_cq,propagate,22500,1,mild,"{""dim"": 1, ""distance"": 8, ""length"": 12, ""n_sources"": 1}",3,True,False,0,0.07733333333333334,0.10936584882351937,0.0,0.232,"[0.232, 0.0, 0.0]",0.0,0.232,0.07733333333333334,0.7756111164490381,10010880
cb0b76097aaf,bdh_cq,propagate,25000,1,mild,"{""dim"": 1, ""distance"": 6, ""length"": 12, ""n_sources"": 1}",3,True,False,0,0.3213333333333333,0.2239186360166468,0.054,0.602,"[0.602, 0.054, 0.308]",0.054,0.602,0.3213333333333333,0.9133333353201548,10010880
cb0b76097aaf,bdh_cq,propagate,25000,1,mild,"{""dim"": 1, ""distance"": 8, ""length"": 12, ""n_sources"": 1}",3,True,False,0,0.08466666666666667,0.11832535184350347,0.0,0.252,"[0.252, 0.0, 0.002]",0.0,0.252,0.08466666666666667,0.7885555587212245,10010880
cb0b76097aaf,bdh_cq,propagate,27500,1,mild,"{""dim"": 1, ""distance"": 6, ""length"": 12, ""n_sources"": 1}",3,True,False,0,0.27466666666666667,0.20657417285054996,0.042,0.544,"[0.544, 0.042, 0.238]",0.042,0.544,0.27466666666666667,0.9022222239176432,10010880
cb0b76097aaf,bdh_cq,propagate,27500,1,mild,"{""dim"": 1, ""distance"": 8, ""length"": 12, ""n_sources"": 1}",3,True,False,0,0.07266666666666667,0.1027661855324449,0.0,0.218,"[0.218, 0.0, 0.0]",0.0,0.218,0.07266666666666667,0.7821111144224803,10010880
cb0b76097aaf,bdh_cq,propagate,30000,1,mild,"{""dim"": 1, ""distance"": 6, ""length"": 12, ""n_sources"": 1}",3,True,False,0,0.28933333333333333,0.21846332008422423,0.04,0.572,"[0.572, 0.04, 0.256]",0.04,0.572,0.28933333333333333,0.9066666692495345,10010880
cb0b76097aaf,bdh_cq,propagate,30000,1,mild,"{""dim"": 1, ""distance"": 8, ""length"": 12, ""n_sources"": 1}",3,True,False,0,0.08866666666666667,0.12539360253041443,0.0,0.266,"[0.266, 0.0, 0.0]",0.0,0.266,0.08866666666666667,0.7872777816454569,10010880
cb0b76097aaf,bdh_cq,propagate,32500,1,mild,"{""dim"": 1, ""distance"": 6, ""length"": 12, ""n_sources"": 1}",3,True,False,0,0.22666666666666666,0.15114084674751413,0.038,0.408,"[0.408, 0.038, 0.234]",0.038,0.408,0.22666666666666666,0.8982777802149454,10010880
cb0b76097aaf,bdh_cq,propagate,32500,1,mild,"{""dim"": 1, ""distance"": 8, ""length"": 12, ""n_sources"": 1}",3,True,False,0,0.076,0.10748023074035523,0.0,0.228,"[0.228, 0.0, 0.0]",0.0,0.228,0.076,0.780722226579984,10010880
cb0b76097aaf,bdh_cq,propagate,35000,1,mild,"{""dim"": 1, ""distance"": 6, ""length"": 12, ""n_sources"": 1}",3,True,False,0,0.27,0.1774560978570944,0.046,0.48,"[0.48, 0.046, 0.284]",0.046000000000000006,0.48,0.27,0.9066666692097982,10010880
cb0b76097aaf,bdh_cq,propagate,35000,1,mild,"{""dim"": 1, ""distance"": 8, ""length"": 12, ""n_sources"": 1}",3,True,False,0,0.084,0.11879393923933998,0.0,0.252,"[0.252, 0.0, 0.0]",0.0,0.252,0.084,0.7866111141840616,10010880
cb0b76097aaf,bdh_cq,propagate,37500,1,mild,"{""dim"": 1, ""distance"": 6, ""length"": 12, ""n_sources"": 1}",3,True,False,0,0.25533333333333336,0.17594190960528863,0.032,0.462,"[0.462, 0.032, 0.272]",0.032,0.462,0.25533333333333336,0.9030000027815501,10010880
cb0b76097aaf,bdh_cq,propagate,37500,1,mild,"{""dim"": 1, ""distance"": 8, ""length"": 12, ""n_sources"": 1}",3,True,False,0,0.06999999999999999,0.09899494936611665,0.0,0.21,"[0.21, 0.0, 0.0]",0.0,0.21,0.06999999999999999,0.7792777816851933,10010880
cb0b76097aaf,bdh_cq,propagate,40000,1,mild,"{""dim"": 1, ""distance"": 6, ""length"": 12, ""n_sources"": 1}",3,True,False,0,0.26066666666666666,0.1845306358184341,0.034,0.486,"[0.486, 0.034, 0.262]",0.034,0.486,0.26066666666666666,0.903611113667488,10010880
cb0b76097aaf,bdh_cq,propagate,40000,1,mild,"{""dim"": 1, ""distance"": 8, ""length"": 12, ""n_sources"": 1}",3,True,False,0,0.07333333333333333,0.10370899457402698,0.0,0.22,"[0.22, 0.0, 0.0]",0.0,0.22,0.07333333333333333,0.7807222259044647,10010880
eca47f97dfa3,bdh_cq,propagate,2500,1,mild,"{""dim"": 1, ""distance"": 6, ""length"": 12, ""n_sources"": 1}",1,True,True,0,0.0,0.0,0.0,0.0,[0.0],0.0,0.0,0.0,0.7941666546463967,10010888
eca47f97dfa3,bdh_cq,propagate,2500,1,mild,"{""dim"": 1, ""distance"": 8, ""length"": 12, ""n_sources"": 1}",1,True,True,0,0.0,0.0,0.0,0.0,[0.0],0.0,0.0,0.0,0.7833333221077919,10010888
eca47f97dfa3,bdh_cq,propagate,5000,1,mild,"{""dim"": 1, ""distance"": 6, ""length"": 12, ""n_sources"": 1}",1,True,True,0,0.0,0.0,0.0,0.0,[0.0],0.0,0.0,0.0,0.8033333194255828,10010888
eca47f97dfa3,bdh_cq,propagate,5000,1,mild,"{""dim"": 1, ""distance"": 8, ""length"": 12, ""n_sources"": 1}",1,True,True,0,0.0,0.0,0.0,0.0,[0.0],0.0,0.0,0.0,0.7983333191275597,10010888
eca47f97dfa3,bdh_cq,propagate,7500,1,mild,"{""dim"": 1, ""distance"": 6, ""length"": 12, ""n_sources"": 1}",1,True,True,0,0.0,0.0,0.0,0.0,[0.0],0.0,0.0,0.0,0.7824999871850014,10010888
eca47f97dfa3,bdh_cq,propagate,7500,1,mild,"{""dim"": 1, ""distance"": 8, ""length"": 12, ""n_sources"": 1}",1,True,True,0,0.0,0.0,0.0,0.0,[0.0],0.0,0.0,0.0,0.7816666515171528,10010888
eca47f97dfa3,bdh_cq,propagate,8000,1,mild,"{""dim"": 1, ""distance"": 6, ""length"": 12, ""n_sources"": 1}",1,True,True,0,0.0,0.0,0.0,0.0,[0.0],0.0,0.0,0.0,0.7841666543483734,10010888
eca47f97dfa3,bdh_cq,propagate,8000,1,mild,"{""dim"": 1, ""distance"": 8, ""length"": 12, ""n_sources"": 1}",1,True,True,0,0.0,0.0,0.0,0.0,[0.0],0.0,0.0,0.0,0.7841666515171528,10010888
f0b8b7c55f92,bdh_cq,propagate,2500,1,mild,"{""dim"": 1, ""distance"": 6, ""length"": 12, ""n_sources"": 1}",3,True,False,0,0.0,0.0,0.0,0.0,"[0.0, 0.0, 0.0]",0.0,0.0,0.0,0.7853333224256834,10010880
f0b8b7c55f92,bdh_cq,propagate,2500,1,mild,"{""dim"": 1, ""distance"": 8, ""length"": 12, ""n_sources"": 1}",3,True,False,0,0.0,0.0,0.0,0.0,"[0.0, 0.0, 0.0]",0.0,0.0,0.0,0.7908333209405343,10010880
f0b8b7c55f92,bdh_cq,propagate,5000,1,mild,"{""dim"": 1, ""distance"": 6, ""length"": 12, ""n_sources"": 1}",3,True,False,0,0.0,0.0,0.0,0.0,"[0.0, 0.0, 0.0]",0.0,0.0,0.0,0.8004444313247999,10010880
f0b8b7c55f92,bdh_cq,propagate,5000,1,mild,"{""dim"": 1, ""distance"": 8, ""length"": 12, ""n_sources"": 1}",3,True,False,0,0.0,0.0,0.0,0.0,"[0.0, 0.0, 0.0]",0.0,0.0,0.0,0.8067222079833348,10010880
f0b8b7c55f92,bdh_cq,propagate,7500,1,mild,"{""dim"": 1, ""distance"": 6, ""length"": 12, ""n_sources"": 1}",3,True,False,0,0.0006666666666666666,0.0009428090415820634,0.0,0.002,"[0.0, 0.002, 0.0]",0.0,0.002,0.0006666666666666666,0.7789999890128773,10010880
f0b8b7c55f92,bdh_cq,propagate,7500,1,mild,"{""dim"": 1, ""distance"": 8, ""length"": 12, ""n_sources"": 1}",3,True,False,0,0.0013333333333333333,0.0009428090415820634,0.0,0.002,"[0.0, 0.002, 0.002]",0.0,0.002,0.0013333333333333333,0.7427777667343617,10010880
f0b8b7c55f92,bdh_cq,propagate,10000,1,mild,"{""dim"": 1, ""distance"": 6, ""length"": 12, ""n_sources"": 1}",3,True,False,0,0.004,0.001632993161855452,0.002,0.006,"[0.004, 0.006, 0.002]",0.002,0.006000000000000001,0.004,0.7754444376428923,10010880
f0b8b7c55f92,bdh_cq,propagate,10000,1,mild,"{""dim"": 1, ""distance"": 8, ""length"": 12, ""n_sources"": 1}",3,True,False,0,0.0006666666666666666,0.0009428090415820634,0.0,0.002,"[0.0, 0.002, 0.0]",0.0,0.002,0.0006666666666666666,0.6791666590770085,10010880
f0b8b7c55f92,bdh_cq,propagate,12500,1,mild,"{""dim"": 1, ""distance"": 6, ""length"": 12, ""n_sources"": 1}",3,True,False,0,0.016666666666666666,0.006798692684790379,0.01,0.026,"[0.01, 0.026, 0.014]",0.01,0.026,0.016666666666666666,0.8119999978741009,10010880
f0b8b7c55f92,bdh_cq,propagate,12500,1,mild,"{""dim"": 1, ""distance"": 8, ""length"": 12, ""n_sources"": 1}",3,True,False,0,0.0026666666666666666,0.0024944382578492943,0.0,0.006,"[0.0, 0.002, 0.006]",0.0,0.006000000000000001,0.0026666666666666666,0.7023333280881245,10010880
f0b8b7c55f92,bdh_cq,propagate,15000,1,mild,"{""dim"": 1, ""distance"": 6, ""length"": 12, ""n_sources"": 1}",3,True,False,0,0.17200000000000001,0.052179178478265316,0.1,0.222,"[0.1, 0.222, 0.194]",0.10000000000000002,0.222,0.17200000000000001,0.9011111160914104,10010880
f0b8b7c55f92,bdh_cq,propagate,15000,1,mild,"{""dim"": 1, ""distance"": 8, ""length"": 12, ""n_sources"": 1}",3,True,False,0,0.027999999999999997,0.015577761927397233,0.006,0.04,"[0.006, 0.038, 0.04]",0.006000000000000001,0.04,0.027999999999999997,0.7993333335320155,10010880
f0b8b7c55f92,bdh_cq,propagate,17500,1,mild,"{""dim"": 1, ""distance"": 6, ""length"": 12, ""n_sources"": 1}",3,True,False,0,0.5553333333333333,0.23480109785849718,0.224,0.74,"[0.224, 0.702, 0.74]",0.224,0.7399999999999999,0.5553333333333333,0.9481111147801081,10010880
f0b8b7c55f92,bdh_cq,propagate,17500,1,mild,"{""dim"": 1, ""distance"": 8, ""length"": 12, ""n_sources"": 1}",3,True,False,0,0.22799999999999998,0.154220621189256,0.018,0.384,"[0.018, 0.384, 0.282]",0.018,0.38400000000000006,0.22799999999999998,0.8378888931473097,10010880
f0b8b7c55f92,bdh_cq,propagate,20000,1,mild,"{""dim"": 1, ""distance"": 6, ""length"": 12, ""n_sources"": 1}",3,True,False,0,0.6946666666666667,0.17348454942411698,0.46,0.874,"[0.46, 0.75, 0.874]",0.46,0.874,0.6946666666666667,0.969888893008232,10010880
f0b8b7c55f92,bdh_cq,propagate,20000,1,mild,"{""dim"": 1, ""distance"": 8, ""length"": 12, ""n_sources"": 1}",3,True,False,0,0.242,0.1979360165979569,0.038,0.51,"[0.038, 0.178, 0.51]",0.038,0.51,0.242,0.8742222230037053,10010880
f0b8b7c55f92,bdh_cq,propagate,22500,1,mild,"{""dim"": 1, ""distance"": 6, ""length"": 12, ""n_sources"": 1}",3,True,False,0,0.7000000000000001,0.17030169308220827,0.468,0.872,"[0.468, 0.76, 0.872]",0.468,0.872,0.7000000000000001,0.9700555595556896,10010880
f0b8b7c55f92,bdh_cq,propagate,22500,1,mild,"{""dim"": 1, ""distance"": 8, ""length"": 12, ""n_sources"": 1}",3,True,False,0,0.2813333333333334,0.25307355101278806,0.044,0.632,"[0.044, 0.168, 0.632]",0.044000000000000004,0.632,0.2813333333333334,0.8905000007549922,10010880
f0b8b7c55f92,bdh_cq,propagate,25000,1,mild,"{""dim"": 1, ""distance"": 6, ""length"": 12, ""n_sources"": 1}",3,True,False,0,0.7000000000000001,0.19383154198083105,0.43,0.876,"[0.43, 0.794, 0.876]",0.43,0.876,0.7000000000000001,0.9701111150185268,10010880
f0b8b7c55f92,bdh_cq,propagate,25000,1,mild,"{""dim"": 1, ""distance"": 8, ""length"": 12, ""n_sources"": 1}",3,True,False,0,0.296,0.2679452680430589,0.028,0.662,"[0.028, 0.198, 0.662]",0.028,0.662,0.296,0.8947777789831162,10010880
f0b8b7c55f92,bdh_cq,propagate,27500,1,mild,"{""dim"": 1, ""distance"": 6, ""length"": 12, ""n_sources"": 1}",3,True,False,0,0.7013333333333334,0.1405923974552757,0.542,0.884,"[0.542, 0.678, 0.884]",0.542,0.884,0.7013333333333334,0.9717777822812398,10010880
f0b8b7c55f92,bdh_cq,propagate,27500,1,mild,"{""dim"": 1, ""distance"": 8, ""length"": 12, ""n_sources"": 1}",3,True,False,0,0.29,0.2688097220464072,0.018,0.656,"[0.018, 0.196, 0.656]",0.018,0.656,0.29,0.9014444464047751,10010880
f0b8b7c55f92,bdh_cq,propagate,30000,1,mild,"{""dim"": 1, ""distance"": 6, ""length"": 12, ""n_sources"": 1}",3,True,False,0,0.7173333333333334,0.1936135899729722,0.468,0.94,"[0.468, 0.744, 0.94]",0.468,0.94,0.7173333333333334,0.9743888935248056,10010880
f0b8b7c55f92,bdh_cq,propagate,30000,1,mild,"{""dim"": 1, ""distance"": 8, ""length"": 12, ""n_sources"": 1}",3,True,False,0,0.2966666666666667,0.2981379248304754,0.036,0.714,"[0.036, 0.14, 0.714]",0.036,0.714,0.2966666666666667,0.9012777788241705,10010880
f0b8b7c55f92,bdh_cq,propagate,32500,1,mild,"{""dim"": 1, ""distance"": 6, ""length"": 12, ""n_sources"": 1}",3,True,False,0,0.684,0.21673947494630505,0.404,0.932,"[0.404, 0.716, 0.932]",0.4040000000000001,0.932,0.684,0.9701111158927281,10010880
f0b8b7c55f92,bdh_cq,propagate,32500,1,mild,"{""dim"": 1, ""distance"": 8, ""length"": 12, ""n_sources"": 1}",3,True,False,0,0.286,0.2913737576836093,0.022,0.692,"[0.022, 0.144, 0.692]",0.022000000000000002,0.6919999999999998,0.286,0.8971666674216588,10010880
f0b8b7c55f92,bdh_cq,propagate,35000,1,mild,"{""dim"": 1, ""distance"": 6, ""length"": 12, ""n_sources"": 1}",3,True,False,0,0.7120000000000001,0.1713320363115628,0.52,0.936,"[0.52, 0.68, 0.936]",0.52,0.936,0.7120000000000001,0.9731111155748368,10010880
f0b8b7c55f92,bdh_cq,propagate,35000,1,mild,"{""dim"": 1, ""distance"": 8, ""length"": 12, ""n_sources"": 1}",3,True,False,0,0.25333333333333335,0.2602067553995391,0.018,0.616,"[0.018, 0.126, 0.616]",0.018,0.616,0.25333333333333335,0.8931666678190231,10010880
f0b8b7c55f92,bdh_cq,propagate,37500,1,mild,"{""dim"": 1, ""distance"": 6, ""length"": 12, ""n_sources"": 1}",3,True,False,0,0.6900000000000001,0.18397825958520211,0.472,0.922,"[0.472, 0.676, 0.922]",0.472,0.922,0.6900000000000001,0.9712777827183405,10010880
f0b8b7c55f92,bdh_cq,propagate,37500,1,mild,"{""dim"": 1, ""distance"": 8, ""length"": 12, ""n_sources"": 1}",3,True,False,0,0.238,0.26450456832853886,0.018,0.61,"[0.018, 0.086, 0.61]",0.018,0.61,0.238,0.8913333340883255,10010880
f0b8b7c55f92,bdh_cq,propagate,40000,1,mild,"{""dim"": 1, ""distance"": 6, ""length"": 12, ""n_sources"": 1}",3,True,False,0,0.6926666666666668,0.18631395248045407,0.47,0.926,"[0.47, 0.682, 0.926]",0.47,0.926,0.6926666666666668,0.9712777825196585,10010880
f0b8b7c55f92,bdh_cq,propagate,40000,1,mild,"{""dim"": 1, ""distance"": 8, ""length"": 12, ""n_sources"": 1}",3,True,False,0,0.24933333333333332,0.2725500973317668,0.018,0.632,"[0.018, 0.098, 0.632]",0.018,0.632,0.24933333333333332,0.8907222229639689,10010880
79d948f95c7e,bdh_cq,propagate,40000,2,mild,"{""dim"": 1, ""distance"": 6, ""length"": 12, ""n_sources"": 1}",3,True,False,0,0.5553333333333333,0.39626702557184285,0.006,0.926,"[0.006, 0.734, 0.926]",0.006000000000000001,0.926,0.5553333333333333,0.9495000024239223,10010888
79d948f95c7e,bdh_cq,propagate,40000,2,mild,"{""dim"": 1, ""distance"": 8, ""length"": 12, ""n_sources"": 1}",3,True,False,0,0.18200000000000002,0.15121728296285006,0.002,0.372,"[0.002, 0.172, 0.372]",0.002,0.37200000000000005,0.18200000000000002,0.9056666708389919,10010888
9b4bca1a63ee,bdh_cq,propagate,40000,2,mild,"{""dim"": 1, ""distance"": 6, ""length"": 12, ""n_sources"": 1}",3,True,False,0,0.7360000000000001,0.19763265587110512,0.482,0.964,"[0.482, 0.762, 0.964]",0.482,0.964,0.7360000000000001,0.9741111147403716,10012145
9b4bca1a63ee,bdh_cq,propagate,40000,2,mild,"{""dim"": 1, ""distance"": 8, ""length"": 12, ""n_sources"": 1}",3,True,False,0,0.07466666666666667,0.09855398971573341,0.002,0.214,"[0.008, 0.002, 0.214]",0.002,0.214,0.07466666666666667,0.8692222267389297,10012145
cb0b76097aaf,bdh_cq,propagate,40000,2,mild,"{""dim"": 1, ""distance"": 6, ""length"": 12, ""n_sources"": 1}",3,True,False,0,0.31666666666666665,0.2434438105372344,0.0,0.592,"[0.0, 0.592, 0.358]",0.0,0.592,0.31666666666666665,0.939555567463239,10010880
cb0b76097aaf,bdh_cq,propagate,40000,2,mild,"{""dim"": 1, ""distance"": 8, ""length"": 12, ""n_sources"": 1}",3,True,False,0,0.07266666666666667,0.0859353762363841,0.006,0.194,"[0.006, 0.018, 0.194]",0.006000000000000001,0.19400000000000003,0.07266666666666667,0.8747777786652247,10010880
f0b8b7c55f92,bdh_cq,propagate,40000,2,mild,"{""dim"": 1, ""distance"": 6, ""length"": 12, ""n_sources"": 1}",3,True,False,0,0.42799999999999994,0.20375148261219267,0.14,0.58,"[0.14, 0.564, 0.58]",0.14,0.58,0.42799999999999994,0.9426666734218596,10010880
f0b8b7c55f92,bdh_cq,propagate,40000,2,mild,"{""dim"": 1, ""distance"": 8, ""length"": 12, ""n_sources"": 1}",3,True,False,0,0.12466666666666666,0.08944768800192036,0.022,0.24,"[0.022, 0.112, 0.24]",0.022000000000000002,0.24,0.12466666666666666,0.8895000009139379,10010880
3d6407474980,bdh_cq,propagate,2500,4,mild,"{""dim"": 1, ""distance"": 6, ""length"": 12, ""n_sources"": 1}",1,True,True,0,0.0,0.0,0.0,0.0,[0.0],0.0,0.0,0.0,0.7983333191275597,10010880
3d6407474980,bdh_cq,propagate,2500,4,mild,"{""dim"": 1, ""distance"": 8, ""length"": 12, ""n_sources"": 1}",1,True,True,0,0.0,0.0,0.0,0.0,[0.0],0.0,0.0,0.0,0.7958333203196526,10010880
3d6407474980,bdh_cq,propagate,5000,4,mild,"{""dim"": 1, ""distance"": 6, ""length"": 12, ""n_sources"": 1}",1,True,True,0,0.0,0.0,0.0,0.0,[0.0],0.0,0.0,0.0,0.8158333164453506,10010880
3d6407474980,bdh_cq,propagate,5000,4,mild,"{""dim"": 1, ""distance"": 8, ""length"": 12, ""n_sources"": 1}",1,True,True,0,0.0,0.0,0.0,0.0,[0.0],0.0,0.0,0.0,0.8091666525602341,10010880
3d6407474980,bdh_cq,propagate,7500,4,mild,"{""dim"": 1, ""distance"": 6, ""length"": 12, ""n_sources"": 1}",1,True,True,0,0.0,0.0,0.0,0.0,[0.0],0.0,0.0,0.0,0.7958333200216293,10010880
3d6407474980,bdh_cq,propagate,7500,4,mild,"{""dim"": 1, ""distance"": 8, ""length"": 12, ""n_sources"": 1}",1,True,True,0,0.0,0.0,0.0,0.0,[0.0],0.0,0.0,0.0,0.7791666543483734,10010880
3d6407474980,bdh_cq,propagate,8000,4,mild,"{""dim"": 1, ""distance"": 6, ""length"": 12, ""n_sources"": 1}",1,True,True,0,0.0,0.0,0.0,0.0,[0.0],0.0,0.0,0.0,0.7941666534543037,10010880
3d6407474980,bdh_cq,propagate,8000,4,mild,"{""dim"": 1, ""distance"": 8, ""length"": 12, ""n_sources"": 1}",1,True,True,0,0.0,0.0,0.0,0.0,[0.0],0.0,0.0,0.0,0.7783333212137222,10010880
79d948f95c7e,bdh_cq,propagate,2500,4,mild,"{""dim"": 1, ""distance"": 6, ""length"": 12, ""n_sources"": 1}",3,True,False,0,0.0,0.0,0.0,0.0,"[0.0, 0.0, 0.0]",0.0,0.0,0.0,0.783555543700854,10010888
79d948f95c7e,bdh_cq,propagate,2500,4,mild,"{""dim"": 1, ""distance"": 8, ""length"": 12, ""n_sources"": 1}",3,True,False,0,0.0,0.0,0.0,0.0,"[0.0, 0.0, 0.0]",0.0,0.0,0.0,0.7864999873191119,10010888
79d948f95c7e,bdh_cq,propagate,5000,4,mild,"{""dim"": 1, ""distance"": 6, ""length"": 12, ""n_sources"": 1}",3,True,False,0,0.0,0.0,0.0,0.0,"[0.0, 0.0, 0.0]",0.0,0.0,0.0,0.7866666539510092,10010888
79d948f95c7e,bdh_cq,propagate,5000,4,mild,"{""dim"": 1, ""distance"": 8, ""length"": 12, ""n_sources"": 1}",3,True,False,0,0.0,0.0,0.0,0.0,"[0.0, 0.0, 0.0]",0.0,0.0,0.0,0.7906110972513756,10010888
79d948f95c7e,bdh_cq,propagate,7500,4,mild,"{""dim"": 1, ""distance"": 6, ""length"": 12, ""n_sources"": 1}",3,True,False,0,0.0,0.0,0.0,0.0,"[0.0, 0.0, 0.0]",0.0,0.0,0.0,0.7774999902248383,10010888
79d948f95c7e,bdh_cq,propagate,7500,4,mild,"{""dim"": 1, ""distance"": 8, ""length"": 12, ""n_sources"": 1}",3,True,False,0,0.0006666666666666666,0.0009428090415820634,0.0,0.002,"[0.0, 0.002, 0.0]",0.0,0.002,0.0006666666666666666,0.7657777669231097,10010888
79d948f95c7e,bdh_cq,propagate,10000,4,mild,"{""dim"": 1, ""distance"": 6, ""length"": 12, ""n_sources"": 1}",3,True,False,0,0.004,0.003265986323710904,0.0,0.008,"[0.008, 0.004, 0.0]",0.0,0.008,0.004,0.7752222171823183,10010888
79d948f95c7e,bdh_cq,propagate,10000,4,mild,"{""dim"": 1, ""distance"": 8, ""length"": 12, ""n_sources"": 1}",3,True,False,0,0.0026666666666666666,0.0024944382578492943,0.0,0.006,"[0.006, 0.0, 0.002]",0.0,0.006000000000000001,0.0026666666666666666,0.7547222168048223,10010888
79d948f95c7e,bdh_cq,propagate,12500,4,mild,"{""dim"": 1, ""distance"": 6, ""length"": 12, ""n_sources"": 1}",3,True,False,0,0.006666666666666667,0.0024944382578492943,0.004,0.01,"[0.006, 0.01, 0.004]",0.004,0.01,0.006666666666666667,0.8314999925295513,10010888
79d948f95c7e,bdh_cq,propagate,12500,4,mild,"{""dim"": 1, ""distance"": 8, ""length"": 12, ""n_sources"": 1}",3,True,False,0,0.0006666666666666666,0.0009428090415820634,0.0,0.002,"[0.0, 0.002, 0.0]",0.0,0.002,0.0006666666666666666,0.7951111028591792,10010888
79d948f95c7e,bdh_cq,propagate,15000,4,mild,"{""dim"": 1, ""distance"": 6, ""length"": 12, ""n_sources"": 1}",3,True,False,0,0.25199999999999995,0.22067170185594706,0.09,0.564,"[0.09, 0.564, 0.102]",0.09000000000000001,0.564,0.25199999999999995,0.9086666687329611,10010888
79d948f95c7e,bdh_cq,propagate,15000,4,mild,"{""dim"": 1, ""distance"": 8, ""length"": 12, ""n_sources"": 1}",3,True,False,0,0.007333333333333333,0.0037712361663282535,0.002,0.01,"[0.002, 0.01, 0.01]",0.002,0.01,0.007333333333333333,0.8417222147782644,10010888
79d948f95c7e,bdh_cq,propagate,17500,4,mild,"{""dim"": 1, ""distance"": 6, ""length"": 12, ""n_sources"": 1}",3,True,False,0,0.68,0.12779149684805585,0.576,0.86,"[0.576, 0.86, 0.604]",0.576,0.86,0.68,0.9710555608669917,10010888
79d948f95c7e,bdh_cq,propagate,17500,4,mild,"{""dim"": 1, ""distance"": 8, ""length"": 12, ""n_sources"": 1}",3,True,False,0,0.013999999999999999,0.012328828005937952,0.0,0.03,"[0.012, 0.03, 0.0]",0.0,0.03,0.013999999999999999,0.8627777751286825,10010888
79d948f95c7e,bdh_cq,propagate,20000,4,mild,"{""dim"": 1, ""distance"": 6, ""length"": 12, ""n_sources"": 1}",3,True,False,0,0.762,0.11870411394162661,0.602,0.886,"[0.602, 0.886, 0.798]",0.602,0.886,0.762,0.9783888927698136,10010888
79d948f95c7e,bdh_cq,propagate,20000,4,mild,"{""dim"": 1, ""distance"": 8, ""length"": 12, ""n_sources"": 1}",3,True,False,0,0.016,0.017281975195754296,0.0,0.04,"[0.008, 0.04, 0.0]",0.0,0.04,0.016,0.8691666664282481,10010888
79d948f95c7e,bdh_cq,propagate,22500,4,mild,"{""dim"": 1, ""distance"": 6, ""length"": 12, ""n_sources"": 1}",3,True,False,0,0.82,0.05844655678480983,0.738,0.87,"[0.738, 0.852, 0.87]",0.738,0.87,0.82,0.9842222254276275,10010888
79d948f95c7e,bdh_cq,propagate,22500,4,mild,"{""dim"": 1, ""distance"": 8, ""length"": 12, ""n_sources"": 1}",3,True,False,0,0.021333333333333333,0.023456816114345577,0.0,0.054,"[0.01, 0.054, 0.0]",0.0,0.054,0.021333333333333333,0.8627777759631474,10010888
79d948f95c7e,bdh_cq,propagate,25000,4,mild,"{""dim"": 1, ""distance"": 6, ""length"": 12, ""n_sources"": 1}",3,True,False,0,0.7986666666666666,0.179646566593656,0.546,0.948,"[0.546, 0.948, 0.902]",0.546,0.948,0.7986666666666666,0.9815000031789144,10010888
79d948f95c7e,bdh_cq,propagate,25000,4,mild,"{""dim"": 1, ""distance"": 8, ""length"": 12, ""n_sources"": 1}",3,True,False,0,0.023333333333333334,0.032998316455372226,0.0,0.07,"[0.0, 0.07, 0.0]",0.0,0.07,0.023333333333333334,0.8589444399078688,10010888
79d948f95c7e,bdh_cq,propagate,27500,4,mild,"{""dim"": 1, ""distance"": 6, ""length"": 12, ""n_sources"": 1}",3,True,False,0,0.8393333333333334,0.11020385151567474,0.684,0.928,"[0.684, 0.928, 0.906]",0.684,0.928,0.8393333333333334,0.9855555582443873,10010888
79d948f95c7e,bdh_cq,propagate,27500,4,mild,"{""dim"": 1, ""distance"": 8, ""length"": 12, ""n_sources"": 1}",3,True,False,0,0.035333333333333335,0.04716872787015661,0.0,0.102,"[0.004, 0.102, 0.0]",0.0,0.102,0.035333333333333335,0.8596666605472564,10010888
79d948f95c7e,bdh_cq,propagate,30000,4,mild,"{""dim"": 1, ""distance"": 6, ""length"": 12, ""n_sources"": 1}",3,True,False,0,0.8586666666666667,0.09647567338741697,0.728,0.958,"[0.728, 0.958, 0.89]",0.7280000000000001,0.9579999999999999,0.8586666666666667,0.986666668732961,10010888
79d948f95c7e,bdh_cq,propagate,30000,4,mild,"{""dim"": 1, ""distance"": 8, ""length"": 12, ""n_sources"": 1}",3,True,False,0,0.03666666666666667,0.05185449728701349,0.0,0.11,"[0.0, 0.11, 0.0]",0.0,0.11,0.03666666666666667,0.8621666616598764,10010888
79d948f95c7e,bdh_cq,propagate,32500,4,mild,"{""dim"": 1, ""distance"": 6, ""length"": 12, ""n_sources"": 1}",3,True,False,0,0.8446666666666668,0.10003110627311002,0.704,0.928,"[0.704, 0.928, 0.902]",0.7040000000000001,0.928,0.8446666666666668,0.9852777800559998,10010888
79d948f95c7e,bdh_cq,propagate,32500,4,mild,"{""dim"": 1, ""distance"": 8, ""length"": 12, ""n_sources"": 1}",3,True,False,0,0.026,0.03676955262170047,0.0,0.078,"[0.0, 0.078, 0.0]",0.0,0.078,0.026,0.8558333267370859,10010888
79d948f95c7e,bdh_cq,propagate,35000,4,mild,"{""dim"": 1, ""distance"": 6, ""length"": 12, ""n_sources"": 1}",3,True,False,0,0.8706666666666667,0.09946970504742747,0.73,0.942,"[0.73, 0.942, 0.94]",0.73,0.9419999999999998,0.8706666666666667,0.9878333352406821,10010888
79d948f95c7e,bdh_cq,propagate,35000,4,mild,"{""dim"": 1, ""distance"": 8, ""length"": 12, ""n_sources"": 1}",3,True,False,0,0.026,0.03676955262170047,0.0,0.078,"[0.0, 0.078, 0.0]",0.0,0.078,0.026,0.8572222149769465,10010888
79d948f95c7e,bdh_cq,propagate,37500,4,mild,"{""dim"": 1, ""distance"": 6, ""length"": 12, ""n_sources"": 1}",3,True,False,0,0.8593333333333334,0.13570883865426334,0.668,0.968,"[0.668, 0.968, 0.942]",0.668,0.968,0.8593333333333334,0.986500001947085,10010888
79d948f95c7e,bdh_cq,propagate,37500,4,mild,"{""dim"": 1, ""distance"": 8, ""length"": 12, ""n_sources"": 1}",3,True,False,0,0.023333333333333334,0.032998316455372226,0.0,0.07,"[0.0, 0.07, 0.0]",0.0,0.07,0.023333333333333334,0.8574999929666518,10010888
79d948f95c7e,bdh_cq,propagate,40000,4,mild,"{""dim"": 1, ""distance"": 6, ""length"": 12, ""n_sources"": 1}",3,True,False,0,0.8546666666666667,0.1397553417782503,0.658,0.97,"[0.658, 0.97, 0.936]",0.658,0.9700000000000001,0.8546666666666667,0.9862222243150076,10010888
79d948f95c7e,bdh_cq,propagate,40000,4,mild,"{""dim"": 1, ""distance"": 8, ""length"": 12, ""n_sources"": 1}",3,True,False,0,0.028666666666666663,0.04054078878802872,0.0,0.086,"[0.0, 0.086, 0.0]",0.0,0.08600000000000001,0.028666666666666663,0.8594999936024347,10010888
9b4bca1a63ee,bdh_cq,propagate,2500,4,mild,"{""dim"": 1, ""distance"": 6, ""length"": 12, ""n_sources"": 1}",3,True,False,0,0.0,0.0,0.0,0.0,"[0.0, 0.0, 0.0]",0.0,0.0,0.0,0.7873888772328694,10012145
9b4bca1a63ee,bdh_cq,propagate,2500,4,mild,"{""dim"": 1, ""distance"": 8, ""length"": 12, ""n_sources"": 1}",3,True,False,0,0.0,0.0,0.0,0.0,"[0.0, 0.0, 0.0]",0.0,0.0,0.0,0.7833888773322105,10012145
9b4bca1a63ee,bdh_cq,propagate,5000,4,mild,"{""dim"": 1, ""distance"": 6, ""length"": 12, ""n_sources"": 1}",3,True,False,0,0.0,0.0,0.0,0.0,"[0.0, 0.0, 0.0]",0.0,0.0,0.0,0.7822222105065982,10012145
9b4bca1a63ee,bdh_cq,propagate,5000,4,mild,"{""dim"": 1, ""distance"": 8, ""length"": 12, ""n_sources"": 1}",3,True,False,0,0.0,0.0,0.0,0.0,"[0.0, 0.0, 0.0]",0.0,0.0,0.0,0.7774444323579471,10012145
9b4bca1a63ee,bdh_cq,propagate,7500,4,mild,"{""dim"": 1, ""distance"": 6, ""length"": 12, ""n_sources"": 1}",3,True,False,0,0.0,0.0,0.0,0.0,"[0.0, 0.0, 0.0]",0.0,0.0,0.0,0.7805555465022723,10012145
9b4bca1a63ee,bdh_cq,propagate,7500,4,mild,"{""dim"": 1, ""distance"": 8, ""length"": 12, ""n_sources"": 1}",3,True,False,0,0.0,0.0,0.0,0.0,"[0.0, 0.0, 0.0]",0.0,0.0,0.0,0.7807222090760867,10012145
9b4bca1a63ee,bdh_cq,propagate,10000,4,mild,"{""dim"": 1, ""distance"": 6, ""length"": 12, ""n_sources"": 1}",3,True,False,0,0.024666666666666667,0.02811089152307735,0.0,0.064,"[0.0, 0.01, 0.064]",0.0,0.064,0.024666666666666667,0.8303333281874656,10012145
9b4bca1a63ee,bdh_cq,propagate,10000,4,mild,"{""dim"": 1, ""distance"": 8, ""length"": 12, ""n_sources"": 1}",3,True,False,0,0.0,0.0,0.0,0.0,"[0.0, 0.0, 0.0]",0.0,0.0,0.0,0.7866666607658068,10012145
9b4bca1a63ee,bdh_cq,propagate,12500,4,mild,"{""dim"": 1, ""distance"": 6, ""length"": 12, ""n_sources"": 1}",3,True,False,0,0.021333333333333333,0.02604269997949948,0.0,0.058,"[0.058, 0.006, 0.0]",0.0,0.058,0.021333333333333333,0.8632222214539845,10012145
9b4bca1a63ee,bdh_cq,propagate,12500,4,mild,"{""dim"": 1, ""distance"": 8, ""length"": 12, ""n_sources"": 1}",3,True,False,0,0.0006666666666666666,0.0009428090415820634,0.0,0.002,"[0.0, 0.002, 0.0]",0.0,0.002,0.0006666666666666666,0.7997777711947759,10012145
9b4bca1a63ee,bdh_cq,propagate,15000,4,mild,"{""dim"": 1, ""distance"": 6, ""length"": 12, ""n_sources"": 1}",3,True,False,0,0.02666666666666667,0.026449112566503164,0.006,0.064,"[0.006, 0.064, 0.01]",0.006000000000000001,0.064,0.02666666666666667,0.8666111112435658,10012145
9b4bca1a63ee,bdh_cq,propagate,15000,4,mild,"{""dim"": 1, ""distance"": 8, ""length"": 12, ""n_sources"": 1}",3,True,False,0,0.0,0.0,0.0,0.0,"[0.0, 0.0, 0.0]",0.0,0.0,0.0,0.7946111039717992,10012145
9b4bca1a63ee,bdh_cq,propagate,17500,4,mild,"{""dim"": 1, ""distance"": 6, ""length"": 12, ""n_sources"": 1}",3,True,False,0,0.032,0.03102687007525359,0.0,0.074,"[0.0, 0.074, 0.022]",0.0,0.074,0.032,0.8751111122369766,10012145
9b4bca1a63ee,bdh_cq,propagate,17500,4,mild,"{""dim"": 1, ""distance"": 8, ""length"": 12, ""n_sources"": 1}",3,True,False,0,0.0,0.0,0.0,0.0,"[0.0, 0.0, 0.0]",0.0,0.0,0.0,0.8119444352587064,10012145
9b4bca1a63ee,bdh_cq,propagate,20000,4,mild,"{""dim"": 1, ""distance"": 6, ""length"": 12, ""n_sources"": 1}",3,True,False,0,0.038,0.048194052191807515,0.0,0.106,"[0.0, 0.106, 0.008]",0.0,0.106,0.038,0.8771666686137517,10012145
9b4bca1a63ee,bdh_cq,propagate,20000,4,mild,"{""dim"": 1, ""distance"": 8, ""length"": 12, ""n_sources"": 1}",3,True,False,0,0.0,0.0,0.0,0.0,"[0.0, 0.0, 0.0]",0.0,0.0,0.0,0.814888877471288,10012145
9b4bca1a63ee,bdh_cq,propagate,22500,4,mild,"{""dim"": 1, ""distance"": 6, ""length"": 12, ""n_sources"": 1}",3,True,False,0,0.04,0.030506829836393464,0.0,0.074,"[0.0, 0.074, 0.046]",0.0,0.074,0.04,0.8845000041723251,10012145
9b4bca1a63ee,bdh_cq,propagate,22500,4,mild,"{""dim"": 1, ""distance"": 8, ""length"": 12, ""n_sources"": 1}",3,True,False,0,0.0,0.0,0.0,0.0,"[0.0, 0.0, 0.0]",0.0,0.0,0.0,0.8175555451313654,10012145
9b4bca1a63ee,bdh_cq,propagate,25000,4,mild,"{""dim"": 1, ""distance"": 6, ""length"": 12, ""n_sources"": 1}",3,True,False,0,0.05266666666666667,0.062189674026767144,0.0,0.14,"[0.0, 0.14, 0.018]",0.0,0.14,0.05266666666666667,0.8792222244342168,10012145
9b4bca1a63ee,bdh_cq,propagate,25000,4,mild,"{""dim"": 1, ""distance"": 8, ""length"": 12, ""n_sources"": 1}",3,True,False,0,0.0006666666666666666,0.0009428090415820634,0.0,0.002,"[0.002, 0.0, 0.0]",0.0,0.002,0.0006666666666666666,0.8144444338083267,10012145
9b4bca1a63ee,bdh_cq,propagate,27500,4,mild,"{""dim"": 1, ""distance"": 6, ""length"": 12, ""n_sources"": 1}",3,True,False,0,0.06,0.05559376463837169,0.0,0.134,"[0.0, 0.134, 0.046]",0.0,0.134,0.06,0.8845555586417516,10012145
9b4bca1a63ee,bdh_cq,propagate,27500,4,mild,"{""dim"": 1, ""distance"": 8, ""length"": 12, ""n_sources"": 1}",3,True,False,0,0.0006666666666666666,0.0009428090415820634,0.0,0.002,"[0.002, 0.0, 0.0]",0.0,0.002,0.0006666666666666666,0.8114444325764975,10012145
9b4bca1a63ee,bdh_cq,propagate,30000,4,mild,"{""dim"": 1, ""distance"": 6, ""length"": 12, ""n_sources"": 1}",3,True,False,0,0.06533333333333334,0.05018189137749017,0.0,0.122,"[0.0, 0.122, 0.074]",0.0,0.122,0.06533333333333334,0.8919444503386815,10012145
9b4bca1a63ee,bdh_cq,propagate,30000,4,mild,"{""dim"": 1, ""distance"": 8, ""length"": 12, ""n_sources"": 1}",3,True,False,0,0.0013333333333333333,0.0018856180831641268,0.0,0.004,"[0.004, 0.0, 0.0]",0.0,0.004,0.0013333333333333333,0.8193333200613657,10012145
9b4bca1a63ee,bdh_cq,propagate,32500,4,mild,"{""dim"": 1, ""distance"": 6, ""length"": 12, ""n_sources"": 1}",3,True,False,0,0.08,0.059352056970813284,0.0,0.142,"[0.0, 0.142, 0.098]",0.0,0.142,0.08,0.8921666713555654,10012145
9b4bca1a63ee,bdh_cq,propagate,32500,4,mild,"{""dim"": 1, ""distance"": 8, ""length"": 12, ""n_sources"": 1}",3,True,False,0,0.0,0.0,0.0,0.0,"[0.0, 0.0, 0.0]",0.0,0.0,0.0,0.8224444322188695,10012145
9b4bca1a63ee,bdh_cq,propagate,35000,4,mild,"{""dim"": 1, ""distance"": 6, ""length"": 12, ""n_sources"": 1}",3,True,False,0,0.104,0.08836288813749808,0.0,0.216,"[0.0, 0.216, 0.096]",0.0,0.216,0.104,0.8913333371082942,10012145
9b4bca1a63ee,bdh_cq,propagate,35000,4,mild,"{""dim"": 1, ""distance"": 8, ""length"": 12, ""n_sources"": 1}",3,True,False,0,0.0,0.0,0.0,0.0,"[0.0, 0.0, 0.0]",0.0,0.0,0.0,0.8146666544675827,10012145
9b4bca1a63ee,bdh_cq,propagate,37500,4,mild,"{""dim"": 1, ""distance"": 6, ""length"": 12, ""n_sources"": 1}",3,True,False,0,0.08,0.07591223002037725,0.0,0.182,"[0.0, 0.182, 0.058]",0.0,0.18200000000000002,0.08,0.8883888926506044,10012145
9b4bca1a63ee,bdh_cq,propagate,37500,4,mild,"{""dim"": 1, ""distance"": 8, ""length"": 12, ""n_sources"": 1}",3,True,False,0,0.0,0.0,0.0,0.0,"[0.0, 0.0, 0.0]",0.0,0.0,0.0,0.8175555429061254,10012145
9b4bca1a63ee,bdh_cq,propagate,40000,4,mild,"{""dim"": 1, ""distance"": 6, ""length"": 12, ""n_sources"": 1}",3,True,False,0,0.08800000000000001,0.08231646250902672,0.0,0.198,"[0.0, 0.198, 0.066]",0.0,0.19800000000000004,0.08800000000000001,0.8891666703224183,10012145
9b4bca1a63ee,bdh_cq,propagate,40000,4,mild,"{""dim"": 1, ""distance"": 8, ""length"": 12, ""n_sources"": 1}",3,True,False,0,0.0,0.0,0.0,0.0,"[0.0, 0.0, 0.0]",0.0,0.0,0.0,0.8180555426279703,10012145
a976f5e26896,bdh_cq,propagate,2500,4,mild,"{""dim"": 1, ""distance"": 6, ""length"": 12, ""n_sources"": 1}",1,True,True,0,0.0,0.0,0.0,0.0,[0.0],0.0,0.0,0.0,0.7983333206176758,10012145
a976f5e26896,bdh_cq,propagate,2500,4,mild,"{""dim"": 1, ""distance"": 8, ""length"": 12, ""n_sources"": 1}",1,True,True,0,0.0,0.0,0.0,0.0,[0.0],0.0,0.0,0.0,0.7874999898672104,10012145
a976f5e26896,bdh_cq,propagate,5000,4,mild,"{""dim"": 1, ""distance"": 6, ""length"": 12, ""n_sources"": 1}",1,True,True,0,0.0,0.0,0.0,0.0,[0.0],0.0,0.0,0.0,0.8116666531562805,10012145
a976f5e26896,bdh_cq,propagate,5000,4,mild,"{""dim"": 1, ""distance"": 8, ""length"": 12, ""n_sources"": 1}",1,True,True,0,0.0,0.0,0.0,0.0,[0.0],0.0,0.0,0.0,0.8024999874830246,10012145
a976f5e26896,bdh_cq,propagate,7500,4,mild,"{""dim"": 1, ""distance"": 6, ""length"": 12, ""n_sources"": 1}",1,True,True,0,0.0,0.0,0.0,0.0,[0.0],0.0,0.0,0.0,0.8116666531562805,10012145
a976f5e26896,bdh_cq,propagate,7500,4,mild,"{""dim"": 1, ""distance"": 8, ""length"": 12, ""n_sources"": 1}",1,True,True,0,0.0,0.0,0.0,0.0,[0.0],0.0,0.0,0.0,0.8016666537523269,10012145
a976f5e26896,bdh_cq,propagate,8000,4,mild,"{""dim"": 1, ""distance"": 6, ""length"": 12, ""n_sources"": 1}",1,True,True,0,0.0,0.0,0.0,0.0,[0.0],0.0,0.0,0.0,0.814166652560234,10012145
a976f5e26896,bdh_cq,propagate,8000,4,mild,"{""dim"": 1, ""distance"": 8, ""length"": 12, ""n_sources"": 1}",1,True,True,0,0.0,0.0,0.0,0.0,[0.0],0.0,0.0,0.0,0.804166653752327,10012145
cb0b76097aaf,bdh_cq,propagate,2500,4,mild,"{""dim"": 1, ""distance"": 6, ""length"": 12, ""n_sources"": 1}",3,True,False,0,0.0,0.0,0.0,0.0,"[0.0, 0.0, 0.0]",0.0,0.0,0.0,0.7943333216905594,10010880
cb0b76097aaf,bdh_cq,propagate,2500,4,mild,"{""dim"": 1, ""distance"": 8, ""length"": 12, ""n_sources"": 1}",3,True,False,0,0.0,0.0,0.0,0.0,"[0.0, 0.0, 0.0]",0.0,0.0,0.0,0.7978888766169548,10010880
cb0b76097aaf,bdh_cq,propagate,5000,4,mild,"{""dim"": 1, ""distance"": 6, ""length"": 12, ""n_sources"": 1}",3,True,False,0,0.0,0.0,0.0,0.0,"[0.0, 0.0, 0.0]",0.0,0.0,0.0,0.7901110989054043,10010880
cb0b76097aaf,bdh_cq,propagate,5000,4,mild,"{""dim"": 1, ""distance"": 8, ""length"": 12, ""n_sources"": 1}",3,True,False,0,0.0,0.0,0.0,0.0,"[0.0, 0.0, 0.0]",0.0,0.0,0.0,0.7968333208064239,10010880
cb0b76097aaf,bdh_cq,propagate,7500,4,mild,"{""dim"": 1, ""distance"": 6, ""length"": 12, ""n_sources"": 1}",3,True,False,0,0.0,0.0,0.0,0.0,"[0.0, 0.0, 0.0]",0.0,0.0,0.0,0.7868333237369854,10010880
cb0b76097aaf,bdh_cq,propagate,7500,4,mild,"{""dim"": 1, ""distance"": 8, ""length"": 12, ""n_sources"": 1}",3,True,False,0,0.0,0.0,0.0,0.0,"[0.0, 0.0, 0.0]",0.0,0.0,0.0,0.7713333222866058,10010880
cb0b76097aaf,bdh_cq,propagate,10000,4,mild,"{""dim"": 1, ""distance"": 6, ""length"": 12, ""n_sources"": 1}",3,True,False,0,0.002,0.00282842712474619,0.0,0.006,"[0.006, 0.0, 0.0]",0.0,0.006000000000000001,0.002,0.7934999927679698,10010880
cb0b76097aaf,bdh_cq,propagate,10000,4,mild,"{""dim"": 1, ""distance"": 8, ""length"": 12, ""n_sources"": 1}",3,True,False,0,0.0006666666666666666,0.0009428090415820634,0.0,0.002,"[0.002, 0.0, 0.0]",0.0,0.002,0.0006666666666666666,0.7751111013094585,10010880
cb0b76097aaf,bdh_cq,propagate,12500,4,mild,"{""dim"": 1, ""distance"": 6, ""length"": 12, ""n_sources"": 1}",3,True,False,0,0.14066666666666666,0.16877861897237523,0.0,0.378,"[0.0, 0.378, 0.044]",0.0,0.37799999999999995,0.14066666666666666,0.862333333114783,10010880
cb0b76097aaf,bdh_cq,propagate,12500,4,mild,"{""dim"": 1, ""distance"": 8, ""length"": 12, ""n_sources"": 1}",3,True,False,0,0.014,0.019798989873223333,0.0,0.042,"[0.0, 0.042, 0.0]",0.0,0.042,0.014,0.805611104309559,10010880
cb0b76097aaf,bdh_cq,propagate,15000,4,mild,"{""dim"": 1, ""distance"": 6, ""length"": 12, ""n_sources"": 1}",3,True,False,0,0.4573333333333333,0.3225412979587093,0.008,0.75,"[0.008, 0.614, 0.75]",0.008,0.75,0.4573333333333333,0.9180555590391158,10010880
cb0b76097aaf,bdh_cq,propagate,15000,4,mild,"{""dim"": 1, ""distance"": 8, ""length"": 12, ""n_sources"": 1}",3,True,False,0,0.05666666666666667,0.07455348564770277,0.0,0.162,"[0.0, 0.162, 0.008]",0.0,0.162,0.05666666666666667,0.8008333370685577,10010880
cb0b76097aaf,bdh_cq,propagate,17500,4,mild,"{""dim"": 1, ""distance"": 6, ""length"": 12, ""n_sources"": 1}",3,True,False,0,0.48666666666666664,0.29147136318265565,0.11,0.82,"[0.11, 0.53, 0.82]",0.11,0.82,0.48666666666666664,0.9445555609862009,10010880
cb0b76097aaf,bdh_cq,propagate,17500,4,mild,"{""dim"": 1, ""distance"": 8, ""length"": 12, ""n_sources"": 1}",3,True,False,0,0.02,0.017663521732655695,0.002,0.044,"[0.002, 0.014, 0.044]",0.002,0.044000000000000004,0.02,0.8200555572311083,10010880
cb0b76097aaf,bdh_cq,propagate,20000,4,mild,"{""dim"": 1, ""distance"": 6, ""length"": 12, ""n_sources"": 1}",3,True,False,0,0.4073333333333333,0.2784448878244231,0.064,0.746,"[0.064, 0.746, 0.412]",0.064,0.746,0.4073333333333333,0.9333888937632242,10010880
cb0b76097aaf,bdh_cq,propagate,20000,4,mild,"{""dim"": 1, ""distance"": 8, ""length"": 12, ""n_sources"": 1}",3,True,False,0,0.02733333333333333,0.031846855766656496,0.0,0.072,"[0.0, 0.072, 0.01]",0.0,0.072,0.02733333333333333,0.8013888886968296,10010880
cb0b76097aaf,bdh_cq,propagate,22500,4,mild,"{""dim"": 1, ""distance"": 6, ""length"": 12, ""n_sources"": 1}",3,True,False,0,0.5579999999999999,0.3652323461396411,0.042,0.836,"[0.042, 0.796, 0.836]",0.042,0.836,0.5579999999999999,0.956944450656573,10010880
cb0b76097aaf,bdh_cq,propagate,22500,4,mild,"{""dim"": 1, ""distance"": 8, ""length"": 12, ""n_sources"": 1}",3,True,False,0,0.03466666666666667,0.027776888874666214,0.0,0.068,"[0.0, 0.036, 0.068]",0.0,0.068,0.03466666666666667,0.8180555579264959,10010880
cb0b76097aaf,bdh_cq,propagate,25000,4,mild,"{""dim"": 1, ""distance"": 6, ""length"": 12, ""n_sources"": 1}",3,True,False,0,0.586,0.2791463176663211,0.196,0.834,"[0.196, 0.834, 0.728]",0.19600000000000004,0.834,0.586,0.956555559873581,10010880
cb0b76097aaf,bdh_cq,propagate,25000,4,mild,"{""dim"": 1, ""distance"": 8, ""length"": 12, ""n_sources"": 1}",3,True,False,0,0.07400000000000001,0.06513575566972926,0.012,0.164,"[0.012, 0.164, 0.046]",0.012000000000000002,0.164,0.07400000000000001,0.8393333364129066,10010880
cb0b76097aaf,bdh_cq,propagate,27500,4,mild,"{""dim"": 1, ""distance"": 6, ""length"": 12, ""n_sources"": 1}",3,True,False,0,0.6213333333333333,0.38164672436983166,0.084,0.934,"[0.084, 0.846, 0.934]",0.084,0.934,0.6213333333333333,0.9637222277323406,10010880
cb0b76097aaf,bdh_cq,propagate,27500,4,mild,"{""dim"": 1, ""distance"": 8, ""length"": 12, ""n_sources"": 1}",3,True,False,0,0.07333333333333333,0.051880203888916586,0.0,0.112,"[0.0, 0.112, 0.108]",0.0,0.112,0.07333333333333333,0.8242777799566587,10010880
cb0b76097aaf,bdh_cq,propagate,30000,4,mild,"{""dim"": 1, ""distance"": 6, ""length"": 12, ""n_sources"": 1}",3,True,False,0,0.5726666666666667,0.3875610346197816,0.028,0.898,"[0.028, 0.792, 0.898]",0.028,0.898,0.5726666666666667,0.9572222276528676,10010880
cb0b76097aaf,bdh_cq,propagate,30000,4,mild,"{""dim"": 1, ""distance"": 8, ""length"": 12, ""n_sources"": 1}",3,True,False,0,0.06866666666666667,0.05402057221302105,0.0,0.132,"[0.0, 0.132, 0.074]",0.0,0.132,0.06866666666666667,0.8190000000397365,10010880
cb0b76097aaf,bdh_cq,propagate,32500,4,mild,"{""dim"": 1, ""distance"": 6, ""length"": 12, ""n_sources"": 1}",3,True,False,0,0.5973333333333333,0.3662506731127679,0.08,0.878,"[0.08, 0.834, 0.878]",0.08,0.878,0.5973333333333333,0.9615555614630381,10010880
cb0b76097aaf,bdh_cq,propagate,32500,4,mild,"{""dim"": 1, ""distance"": 8, ""length"": 12, ""n_sources"": 1}",3,True,False,0,0.04466666666666667,0.033875589375766665,0.0,0.082,"[0.0, 0.082, 0.052]",0.0,0.082,0.04466666666666667,0.8152777780890466,10010880
cb0b76097aaf,bdh_cq,propagate,35000,4,mild,"{""dim"": 1, ""distance"": 6, ""length"": 12, ""n_sources"": 1}",3,True,False,0,0.5693333333333334,0.3474491169781395,0.078,0.82,"[0.078, 0.82, 0.81]",0.078,0.82,0.5693333333333334,0.9566666721900304,10010880
cb0b76097aaf,bdh_cq,propagate,35000,4,mild,"{""dim"": 1, ""distance"": 8, ""length"": 12, ""n_sources"": 1}",3,True,False,0,0.051333333333333335,0.05774272440941995,0.0,0.132,"[0.0, 0.132, 0.022]",0.0,0.132,0.051333333333333335,0.8173333332538606,10010880
cb0b76097aaf,bdh_cq,propagate,37500,4,mild,"{""dim"": 1, ""distance"": 6, ""length"": 12, ""n_sources"": 1}",3,True,False,0,0.574,0.32541665599658537,0.114,0.816,"[0.114, 0.816, 0.792]",0.114,0.816,0.574,0.9558333384593327,10010880
cb0b76097aaf,bdh_cq,propagate,37500,4,mild,"{""dim"": 1, ""distance"": 8, ""length"": 12, ""n_sources"": 1}",3,True,False,0,0.05133333333333334,0.06014057606050086,0.002,0.136,"[0.002, 0.136, 0.016]",0.002,0.136,0.05133333333333334,0.8167777774731318,10010880
cb0b76097aaf,bdh_cq,propagate,40000,4,mild,"{""dim"": 1, ""distance"": 6, ""length"": 12, ""n_sources"": 1}",3,True,False,0,0.5633333333333334,0.32055923356256993,0.11,0.792,"[0.11, 0.792, 0.788]",0.11,0.7920000000000001,0.5633333333333334,0.9558333390156428,10010880
cb0b76097aaf,bdh_cq,propagate,40000,4,mild,"{""dim"": 1, ""distance"": 8, ""length"": 12, ""n_sources"": 1}",3,True,False,0,0.05333333333333334,0.060317677526760115,0.002,0.138,"[0.002, 0.138, 0.02]",0.002,0.138,0.05333333333333334,0.8173333328167597,10010880
eca47f97dfa3,bdh_cq,propagate,2500,4,mild,"{""dim"": 1, ""distance"": 6, ""length"": 12, ""n_sources"": 1}",1,True,True,0,0.0,0.0,0.0,0.0,[0.0],0.0,0.0,0.0,0.7916666528582573,10010888
eca47f97dfa3,bdh_cq,propagate,2500,4,mild,"{""dim"": 1, ""distance"": 8, ""length"": 12, ""n_sources"": 1}",1,True,True,0,0.0,0.0,0.0,0.0,[0.0],0.0,0.0,0.0,0.7799999862909317,10010888
eca47f97dfa3,bdh_cq,propagate,5000,4,mild,"{""dim"": 1, ""distance"": 6, ""length"": 12, ""n_sources"": 1}",1,True,True,0,0.0,0.0,0.0,0.0,[0.0],0.0,0.0,0.0,0.8008333200216293,10010888
eca47f97dfa3,bdh_cq,propagate,5000,4,mild,"{""dim"": 1, ""distance"": 8, ""length"": 12, ""n_sources"": 1}",1,True,True,0,0.0,0.0,0.0,0.0,[0.0],0.0,0.0,0.0,0.7833333207666874,10010888
eca47f97dfa3,bdh_cq,propagate,7500,4,mild,"{""dim"": 1, ""distance"": 6, ""length"": 12, ""n_sources"": 1}",1,True,True,0,0.0,0.0,0.0,0.0,[0.0],0.0,0.0,0.0,0.7808333197236061,10010888
eca47f97dfa3,bdh_cq,propagate,7500,4,mild,"{""dim"": 1, ""distance"": 8, ""length"": 12, ""n_sources"": 1}",1,True,True,0,0.0,0.0,0.0,0.0,[0.0],0.0,0.0,0.0,0.7683333194255829,10010888
eca47f97dfa3,bdh_cq,propagate,8000,4,mild,"{""dim"": 1, ""distance"": 6, ""length"": 12, ""n_sources"": 1}",1,True,True,0,0.0,0.0,0.0,0.0,[0.0],0.0,0.0,0.0,0.7808333188295364,10010888
eca47f97dfa3,bdh_cq,propagate,8000,4,mild,"{""dim"": 1, ""distance"": 8, ""length"": 12, ""n_sources"": 1}",1,True,True,0,0.0,0.0,0.0,0.0,[0.0],0.0,0.0,0.0,0.7683333194255829,10010888
f0b8b7c55f92,bdh_cq,propagate,2500,4,mild,"{""dim"": 1, ""distance"": 6, ""length"": 12, ""n_sources"": 1}",3,True,False,0,0.0,0.0,0.0,0.0,"[0.0, 0.0, 0.0]",0.0,0.0,0.0,0.7829999883373578,10010880
f0b8b7c55f92,bdh_cq,propagate,2500,4,mild,"{""dim"": 1, ""distance"": 8, ""length"": 12, ""n_sources"": 1}",3,True,False,0,0.0,0.0,0.0,0.0,"[0.0, 0.0, 0.0]",0.0,0.0,0.0,0.7877222094337145,10010880
f0b8b7c55f92,bdh_cq,propagate,5000,4,mild,"{""dim"": 1, ""distance"": 6, ""length"": 12, ""n_sources"": 1}",3,True,False,0,0.0,0.0,0.0,0.0,"[0.0, 0.0, 0.0]",0.0,0.0,0.0,0.7928333195845285,10010880
f0b8b7c55f92,bdh_cq,propagate,5000,4,mild,"{""dim"": 1, ""distance"": 8, ""length"": 12, ""n_sources"": 1}",3,True,False,0,0.0,0.0,0.0,0.0,"[0.0, 0.0, 0.0]",0.0,0.0,0.0,0.7988333183825015,10010880
f0b8b7c55f92,bdh_cq,propagate,7500,4,mild,"{""dim"": 1, ""distance"": 6, ""length"": 12, ""n_sources"": 1}",3,True,False,0,0.0,0.0,0.0,0.0,"[0.0, 0.0, 0.0]",0.0,0.0,0.0,0.7663888801137606,10010880
f0b8b7c55f92,bdh_cq,propagate,7500,4,mild,"{""dim"": 1, ""distance"": 8, ""length"": 12, ""n_sources"": 1}",3,True,False,0,0.0,0.0,0.0,0.0,"[0.0, 0.0, 0.0]",0.0,0.0,0.0,0.7507777669827144,10010880
f0b8b7c55f92,bdh_cq,propagate,10000,4,mild,"{""dim"": 1, ""distance"": 6, ""length"": 12, ""n_sources"": 1}",3,True,False,0,0.002,0.001632993161855452,0.0,0.004,"[0.004, 0.002, 0.0]",0.0,0.004,0.002,0.7909999918540319,10010880
f0b8b7c55f92,bdh_cq,propagate,10000,4,mild,"{""dim"": 1, ""distance"": 8, ""length"": 12, ""n_sources"": 1}",3,True,False,0,0.0,0.0,0.0,0.0,"[0.0, 0.0, 0.0]",0.0,0.0,0.0,0.7699444355567296,10010880
f0b8b7c55f92,bdh_cq,propagate,12500,4,mild,"{""dim"": 1, ""distance"": 6, ""length"": 12, ""n_sources"": 1}",3,True,False,0,0.005333333333333333,0.0061824123303304696,0.0,0.014,"[0.0, 0.002, 0.014]",0.0,0.014,0.005333333333333333,0.8183888801336288,10010880
f0b8b7c55f92,bdh_cq,propagate,12500,4,mild,"{""dim"": 1, ""distance"": 8, ""length"": 12, ""n_sources"": 1}",3,True,False,0,0.0013333333333333333,0.0018856180831641268,0.0,0.004,"[0.0, 0.0, 0.004]",0.0,0.004,0.0013333333333333333,0.7892777710358302,10010880
f0b8b7c55f92,bdh_cq,propagate,15000,4,mild,"{""dim"": 1, ""distance"": 6, ""length"": 12, ""n_sources"": 1}",3,True,False,0,0.11333333333333334,0.10684984271812893,0.028,0.264,"[0.264, 0.028, 0.048]",0.028,0.264,0.11333333333333334,0.8825555555820465,10010880
f0b8b7c55f92,bdh_cq,propagate,15000,4,mild,"{""dim"": 1, ""distance"": 8, ""length"": 12, ""n_sources"": 1}",3,True,False,0,0.006000000000000001,0.007118052168020874,0.0,0.016,"[0.0, 0.002, 0.016]",0.0,0.016,0.006000000000000001,0.8158333236376444,10010880
f0b8b7c55f92,bdh_cq,propagate,17500,4,mild,"{""dim"": 1, ""distance"": 6, ""length"": 12, ""n_sources"": 1}",3,True,False,0,0.45199999999999996,0.22289608939294261,0.214,0.75,"[0.75, 0.214, 0.392]",0.214,0.75,0.45199999999999996,0.945222229083379,10010880
f0b8b7c55f92,bdh_cq,propagate,17500,4,mild,"{""dim"": 1, ""distance"": 8, ""length"": 12, ""n_sources"": 1}",3,True,False,0,0.011999999999999999,0.009092121131323903,0.0,0.022,"[0.022, 0.0, 0.014]",0.0,0.022000000000000002,0.011999999999999999,0.8575555564959844,10010880
f0b8b7c55f92,bdh_cq,propagate,20000,4,mild,"{""dim"": 1, ""distance"": 6, ""length"": 12, ""n_sources"": 1}",3,True,False,0,0.684,0.2124209656946947,0.396,0.902,"[0.902, 0.754, 0.396]",0.3960000000000001,0.902,0.684,0.9718333387374877,10010880
f0b8b7c55f92,bdh_cq,propagate,20000,4,mild,"{""dim"": 1, ""distance"": 8, ""length"": 12, ""n_sources"": 1}",3,True,False,0,0.050666666666666665,0.04208985098043892,0.004,0.106,"[0.106, 0.004, 0.042]",0.004,0.106,0.050666666666666665,0.8790000048875809,10010880
f0b8b7c55f92,bdh_cq,propagate,22500,4,mild,"{""dim"": 1, ""distance"": 6, ""length"": 12, ""n_sources"": 1}",3,True,False,0,0.8893333333333334,0.027920522121829255,0.85,0.912,"[0.912, 0.85, 0.906]",0.85,0.912,0.8893333333333334,0.9903888909022013,10010880
f0b8b7c55f92,bdh_cq,propagate,22500,4,mild,"{""dim"": 1, ""distance"": 8, ""length"": 12, ""n_sources"": 1}",3,True,False,0,0.056,0.03532704346531139,0.008,0.092,"[0.068, 0.008, 0.092]",0.008,0.09200000000000001,0.056,0.8818333376646041,10010880
f0b8b7c55f92,bdh_cq,propagate,25000,4,mild,"{""dim"": 1, ""distance"": 6, ""length"": 12, ""n_sources"": 1}",3,True,False,0,0.904,0.02039607805437116,0.876,0.924,"[0.924, 0.876, 0.912]",0.876,0.924,0.904,0.9918333351612091,10010880
f0b8b7c55f92,bdh_cq,propagate,25000,4,mild,"{""dim"": 1, ""distance"": 8, ""length"": 12, ""n_sources"": 1}",3,True,False,0,0.12533333333333332,0.10402991022884825,0.042,0.272,"[0.062, 0.042, 0.272]",0.042,0.272,0.12533333333333332,0.8902777830759684,10010880
f0b8b7c55f92,bdh_cq,propagate,27500,4,mild,"{""dim"": 1, ""distance"": 6, ""length"": 12, ""n_sources"": 1}",3,True,False,0,0.9659999999999999,0.015748015748023637,0.952,0.988,"[0.952, 0.958, 0.988]",0.952,0.988,0.9659999999999999,0.9971111117601396,10010880
f0b8b7c55f92,bdh_cq,propagate,27500,4,mild,"{""dim"": 1, ""distance"": 8, ""length"": 12, ""n_sources"": 1}",3,True,False,0,0.124,0.07301141463269059,0.04,0.218,"[0.04, 0.114, 0.218]",0.04,0.218,0.124,0.895055560429891,10010880
f0b8b7c55f92,bdh_cq,propagate,30000,4,mild,"{""dim"": 1, ""distance"": 6, ""length"": 12, ""n_sources"": 1}",3,True,False,0,0.9253333333333332,0.05228979080300688,0.86,0.988,"[0.928, 0.86, 0.988]",0.86,0.988,0.9253333333333332,0.9934444457689922,10010880
f0b8b7c55f92,bdh_cq,propagate,30000,4,mild,"{""dim"": 1, ""distance"": 8, ""length"": 12, ""n_sources"": 1}",3,True,False,0,0.142,0.1287167432776327,0.02,0.32,"[0.02, 0.086, 0.32]",0.02,0.32,0.142,0.8937222261826197,10010880
f0b8b7c55f92,bdh_cq,propagate,32500,4,mild,"{""dim"": 1, ""distance"": 6, ""length"": 12, ""n_sources"": 1}",3,True,False,0,0.9606666666666666,0.025525586292102175,0.932,0.994,"[0.956, 0.932, 0.994]",0.932,0.9940000000000001,0.9606666666666666,0.9967222230037054,10010880
f0b8b7c55f92,bdh_cq,propagate,32500,4,mild,"{""dim"": 1, ""distance"": 8, ""length"": 12, ""n_sources"": 1}",3,True,False,0,0.17066666666666666,0.10146044658990133,0.042,0.29,"[0.042, 0.18, 0.29]",0.042,0.29,0.17066666666666666,0.9004444485108057,10010880
f0b8b7c55f92,bdh_cq,propagate,35000,4,mild,"{""dim"": 1, ""distance"": 6, ""length"": 12, ""n_sources"": 1}",3,True,False,0,0.9739999999999999,0.015748015748023637,0.952,0.988,"[0.982, 0.952, 0.988]",0.952,0.988,0.9739999999999999,0.9978333338499069,10010880
f0b8b7c55f92,bdh_cq,propagate,35000,4,mild,"{""dim"": 1, ""distance"": 8, ""length"": 12, ""n_sources"": 1}",3,True,False,0,0.146,0.08769644614616186,0.03,0.242,"[0.03, 0.166, 0.242]",0.03,0.242,0.146,0.9023888952732085,10010880
f0b8b7c55f92,bdh_cq,propagate,37500,4,mild,"{""dim"": 1, ""distance"": 6, ""length"": 12, ""n_sources"": 1}",3,True,False,0,0.9713333333333333,0.014817407180595259,0.952,0.988,"[0.974, 0.952, 0.988]",0.952,0.988,0.9713333333333333,0.9976111116806666,10010880
f0b8b7c55f92,bdh_cq,propagate,37500,4,mild,"{""dim"": 1, ""distance"": 8, ""length"": 12, ""n_sources"": 1}",3,True,False,0,0.17400000000000002,0.10009328981838227,0.038,0.276,"[0.038, 0.208, 0.276]",0.038,0.276,0.17400000000000002,0.9058888949950535,10010880
f0b8b7c55f92,bdh_cq,propagate,40000,4,mild,"{""dim"": 1, ""distance"": 6, ""length"": 12, ""n_sources"": 1}",3,True,False,0,0.972,0.01925270543759155,0.946,0.992,"[0.978, 0.946, 0.992]",0.9460000000000001,0.992,0.972,0.9976666672229767,10010880
f0b8b7c55f92,bdh_cq,propagate,40000,4,mild,"{""dim"": 1, ""distance"": 8, ""length"": 12, ""n_sources"": 1}",3,True,False,0,0.18533333333333335,0.1190779389960859,0.028,0.316,"[0.028, 0.212, 0.316]",0.028,0.316,0.18533333333333335,0.9066111166874569,10010880
3d6407474980,bdh_cq,propagate,8000,8,mild,"{""dim"": 1, ""distance"": 6, ""length"": 12, ""n_sources"": 1}",1,True,True,0,0.0,0.0,0.0,0.0,[0.0],0.0,0.0,0.0,0.7566666629910469,10010880
3d6407474980,bdh_cq,propagate,8000,8,mild,"{""dim"": 1, ""distance"": 8, ""length"": 12, ""n_sources"": 1}",1,True,True,0,0.0,0.0,0.0,0.0,[0.0],0.0,0.0,0.0,0.7474999964237213,10010880
79d948f95c7e,bdh_cq,propagate,40000,8,mild,"{""dim"": 1, ""distance"": 6, ""length"": 12, ""n_sources"": 1}",3,True,False,0,0.0,0.0,0.0,0.0,"[0.0, 0.0, 0.0]",0.0,0.0,0.0,0.626111111720403,10010888
79d948f95c7e,bdh_cq,propagate,40000,8,mild,"{""dim"": 1, ""distance"": 8, ""length"": 12, ""n_sources"": 1}",3,True,False,0,0.0,0.0,0.0,0.0,"[0.0, 0.0, 0.0]",0.0,0.0,0.0,0.6671666636864345,10010888
9b4bca1a63ee,bdh_cq,propagate,40000,8,mild,"{""dim"": 1, ""distance"": 6, ""length"": 12, ""n_sources"": 1}",3,True,False,0,0.0,0.0,0.0,0.0,"[0.0, 0.0, 0.0]",0.0,0.0,0.0,0.842388875802358,10012145
9b4bca1a63ee,bdh_cq,propagate,40000,8,mild,"{""dim"": 1, ""distance"": 8, ""length"": 12, ""n_sources"": 1}",3,True,False,0,0.0,0.0,0.0,0.0,"[0.0, 0.0, 0.0]",0.0,0.0,0.0,0.82838887099425,10012145
a976f5e26896,bdh_cq,propagate,8000,8,mild,"{""dim"": 1, ""distance"": 6, ""length"": 12, ""n_sources"": 1}",1,True,True,0,0.0,0.0,0.0,0.0,[0.0],0.0,0.0,0.0,0.7908333203196526,10012145
a976f5e26896,bdh_cq,propagate,8000,8,mild,"{""dim"": 1, ""distance"": 8, ""length"": 12, ""n_sources"": 1}",1,True,True,0,0.0,0.0,0.0,0.0,[0.0],0.0,0.0,0.0,0.7974999862909317,10012145
cb0b76097aaf,bdh_cq,propagate,40000,8,mild,"{""dim"": 1, ""distance"": 6, ""length"": 12, ""n_sources"": 1}",3,True,False,0,0.0,0.0,0.0,0.0,"[0.0, 0.0, 0.0]",0.0,0.0,0.0,0.773722215572993,10010880
cb0b76097aaf,bdh_cq,propagate,40000,8,mild,"{""dim"": 1, ""distance"": 8, ""length"": 12, ""n_sources"": 1}",3,True,False,0,0.0,0.0,0.0,0.0,"[0.0, 0.0, 0.0]",0.0,0.0,0.0,0.7497777761618297,10010880
eca47f97dfa3,bdh_cq,propagate,8000,8,mild,"{""dim"": 1, ""distance"": 6, ""length"": 12, ""n_sources"": 1}",1,True,True,0,0.0,0.0,0.0,0.0,[0.0],0.0,0.0,0.0,0.6958333340287208,10010888
eca47f97dfa3,bdh_cq,propagate,8000,8,mild,"{""dim"": 1, ""distance"": 8, ""length"": 12, ""n_sources"": 1}",1,True,True,0,0.0,0.0,0.0,0.0,[0.0],0.0,0.0,0.0,0.7150000052899123,10010888
f0b8b7c55f92,bdh_cq,propagate,40000,8,mild,"{""dim"": 1, ""distance"": 6, ""length"": 12, ""n_sources"": 1}",3,True,False,0,0.0,0.0,0.0,0.0,"[0.0, 0.0, 0.0]",0.0,0.0,0.0,0.6132777781883876,10010880
f0b8b7c55f92,bdh_cq,propagate,40000,8,mild,"{""dim"": 1, ""distance"": 8, ""length"": 12, ""n_sources"": 1}",3,True,False,0,0.0,0.0,0.0,0.0,"[0.0, 0.0, 0.0]",0.0,0.0,0.0,0.5793333282272021,10010880
79d948f95c7e,bdh_cq,propagate,2500,16,mild,"{""dim"": 1, ""distance"": 6, ""length"": 12, ""n_sources"": 1}",3,True,False,0,0.0,0.0,0.0,0.0,"[0.0, 0.0, 0.0]",0.0,0.0,0.0,0.7698888776103655,10010888
79d948f95c7e,bdh_cq,propagate,2500,16,mild,"{""dim"": 1, ""distance"": 8, ""length"": 12, ""n_sources"": 1}",3,True,False,0,0.0,0.0,0.0,0.0,"[0.0, 0.0, 0.0]",0.0,0.0,0.0,0.7697222097764413,10010888
79d948f95c7e,bdh_cq,propagate,5000,16,mild,"{""dim"": 1, ""distance"": 6, ""length"": 12, ""n_sources"": 1}",3,True,False,0,0.0,0.0,0.0,0.0,"[0.0, 0.0, 0.0]",0.0,0.0,0.0,0.7157222194671631,10010888
79d948f95c7e,bdh_cq,propagate,5000,16,mild,"{""dim"": 1, ""distance"": 8, ""length"": 12, ""n_sources"": 1}",3,True,False,0,0.0,0.0,0.0,0.0,"[0.0, 0.0, 0.0]",0.0,0.0,0.0,0.720444441229105,10010888
79d948f95c7e,bdh_cq,propagate,7500,16,mild,"{""dim"": 1, ""distance"": 6, ""length"": 12, ""n_sources"": 1}",3,True,False,0,0.0,0.0,0.0,0.0,"[0.0, 0.0, 0.0]",0.0,0.0,0.0,0.7126666616002719,10010888
79d948f95c7e,bdh_cq,propagate,7500,16,mild,"{""dim"": 1, ""distance"": 8, ""length"": 12, ""n_sources"": 1}",3,True,False,0,0.0,0.0,0.0,0.0,"[0.0, 0.0, 0.0]",0.0,0.0,0.0,0.6949999959419171,10010888
79d948f95c7e,bdh_cq,propagate,10000,16,mild,"{""dim"": 1, ""distance"": 6, ""length"": 12, ""n_sources"": 1}",3,True,False,0,0.0,0.0,0.0,0.0,"[0.0, 0.0, 0.0]",0.0,0.0,0.0,0.648166662444671,10010888
79d948f95c7e,bdh_cq,propagate,10000,16,mild,"{""dim"": 1, ""distance"": 8, ""length"": 12, ""n_sources"": 1}",3,True,False,0,0.0,0.0,0.0,0.0,"[0.0, 0.0, 0.0]",0.0,0.0,0.0,0.6017222191989422,10010888
79d948f95c7e,bdh_cq,propagate,12500,16,mild,"{""dim"": 1, ""distance"": 6, ""length"": 12, ""n_sources"": 1}",3,True,False,0,0.0,0.0,0.0,0.0,"[0.0, 0.0, 0.0]",0.0,0.0,0.0,0.652833329131206,10010888
79d948f95c7e,bdh_cq,propagate,12500,16,mild,"{""dim"": 1, ""distance"": 8, ""length"": 12, ""n_sources"": 1}",3,True,False,0,0.0,0.0,0.0,0.0,"[0.0, 0.0, 0.0]",0.0,0.0,0.0,0.6297222187022368,10010888
79d948f95c7e,bdh_cq,propagate,15000,16,mild,"{""dim"": 1, ""distance"": 6, ""length"": 12, ""n_sources"": 1}",3,True,False,0,0.0,0.0,0.0,0.0,"[0.0, 0.0, 0.0]",0.0,0.0,0.0,0.6929999947150548,10010888
79d948f95c7e,bdh_cq,propagate,15000,16,mild,"{""dim"": 1, ""distance"": 8, ""length"": 12, ""n_sources"": 1}",3,True,False,0,0.0,0.0,0.0,0.0,"[0.0, 0.0, 0.0]",0.0,0.0,0.0,0.680277775545915,10010888
79d948f95c7e,bdh_cq,propagate,17500,16,mild,"{""dim"": 1, ""distance"": 6, ""length"": 12, ""n_sources"": 1}",3,True,False,0,0.0,0.0,0.0,0.0,"[0.0, 0.0, 0.0]",0.0,0.0,0.0,0.7128888812859854,10010888
79d948f95c7e,bdh_cq,propagate,17500,16,mild,"{""dim"": 1, ""distance"": 8, ""length"": 12, ""n_sources"": 1}",3,True,False,0,0.0,0.0,0.0,0.0,"[0.0, 0.0, 0.0]",0.0,0.0,0.0,0.7138888826966285,10010888
79d948f95c7e,bdh_cq,propagate,20000,16,mild,"{""dim"": 1, ""distance"": 6, ""length"": 12, ""n_sources"": 1}",3,True,False,0,0.0,0.0,0.0,0.0,"[0.0, 0.0, 0.0]",0.0,0.0,0.0,0.6896111048261324,10010888
79d948f95c7e,bdh_cq,propagate,20000,16,mild,"{""dim"": 1, ""distance"": 8, ""length"": 12, ""n_sources"": 1}",3,True,False,0,0.0,0.0,0.0,0.0,"[0.0, 0.0, 0.0]",0.0,0.0,0.0,0.6726666636615993,10010888
79d948f95c7e,bdh_cq,propagate,22500,16,mild,"{""dim"": 1, ""distance"": 6, ""length"": 12, ""n_sources"": 1}",3,True,False,0,0.0,0.0,0.0,0.0,"[0.0, 0.0, 0.0]",0.0,0.0,0.0,0.7209999935428302,10010888
79d948f95c7e,bdh_cq,propagate,22500,16,mild,"{""dim"": 1, ""distance"": 8, ""length"": 12, ""n_sources"": 1}",3,True,False,0,0.0,0.0,0.0,0.0,"[0.0, 0.0, 0.0]",0.0,0.0,0.0,0.752055548419555,10010888
79d948f95c7e,bdh_cq,propagate,25000,16,mild,"{""dim"": 1, ""distance"": 6, ""length"": 12, ""n_sources"": 1}",3,True,False,0,0.0,0.0,0.0,0.0,"[0.0, 0.0, 0.0]",0.0,0.0,0.0,0.7030555492838224,10010888
79d948f95c7e,bdh_cq,propagate,25000,16,mild,"{""dim"": 1, ""distance"": 8, ""length"": 12, ""n_sources"": 1}",3,True,False,0,0.0,0.0,0.0,0.0,"[0.0, 0.0, 0.0]",0.0,0.0,0.0,0.7277777704298497,10010888
79d948f95c7e,bdh_cq,propagate,27500,16,mild,"{""dim"": 1, ""distance"": 6, ""length"": 12, ""n_sources"": 1}",3,True,False,0,0.0,0.0,0.0,0.0,"[0.0, 0.0, 0.0]",0.0,0.0,0.0,0.7190555477142334,10010888
79d948f95c7e,bdh_cq,propagate,27500,16,mild,"{""dim"": 1, ""distance"": 8, ""length"": 12, ""n_sources"": 1}",3,True,False,0,0.0,0.0,0.0,0.0,"[0.0, 0.0, 0.0]",0.0,0.0,0.0,0.7601666584461929,10010888
79d948f95c7e,bdh_cq,propagate,30000,16,mild,"{""dim"": 1, ""distance"": 6, ""length"": 12, ""n_sources"": 1}",3,True,False,0,0.0,0.0,0.0,0.0,"[0.0, 0.0, 0.0]",0.0,0.0,0.0,0.7302222147385279,10010888
79d948f95c7e,bdh_cq,propagate,30000,16,mild,"{""dim"": 1, ""distance"": 8, ""length"": 12, ""n_sources"": 1}",3,True,False,0,0.0,0.0,0.0,0.0,"[0.0, 0.0, 0.0]",0.0,0.0,0.0,0.7734999904731911,10010888
79d948f95c7e,bdh_cq,propagate,32500,16,mild,"{""dim"": 1, ""distance"": 6, ""length"": 12, ""n_sources"": 1}",3,True,False,0,0.0,0.0,0.0,0.0,"[0.0, 0.0, 0.0]",0.0,0.0,0.0,0.7194999929269154,10010888
79d948f95c7e,bdh_cq,propagate,32500,16,mild,"{""dim"": 1, ""distance"": 8, ""length"": 12, ""n_sources"": 1}",3,True,False,0,0.0,0.0,0.0,0.0,"[0.0, 0.0, 0.0]",0.0,0.0,0.0,0.7651111018955709,10010888
79d948f95c7e,bdh_cq,propagate,35000,16,mild,"{""dim"": 1, ""distance"": 6, ""length"": 12, ""n_sources"": 1}",3,True,False,0,0.0,0.0,0.0,0.0,"[0.0, 0.0, 0.0]",0.0,0.0,0.0,0.7230555477142335,10010888
79d948f95c7e,bdh_cq,propagate,35000,16,mild,"{""dim"": 1, ""distance"": 8, ""length"": 12, ""n_sources"": 1}",3,True,False,0,0.0,0.0,0.0,0.0,"[0.0, 0.0, 0.0]",0.0,0.0,0.0,0.7666666571696599,10010888
79d948f95c7e,bdh_cq,propagate,37500,16,mild,"{""dim"": 1, ""distance"": 6, ""length"": 12, ""n_sources"": 1}",3,True,False,0,0.0,0.0,0.0,0.0,"[0.0, 0.0, 0.0]",0.0,0.0,0.0,0.7161666587591172,10010888
79d948f95c7e,bdh_cq,propagate,37500,16,mild,"{""dim"": 1, ""distance"": 8, ""length"": 12, ""n_sources"": 1}",3,True,False,0,0.0,0.0,0.0,0.0,"[0.0, 0.0, 0.0]",0.0,0.0,0.0,0.7585555464227994,10010888
79d948f95c7e,bdh_cq,propagate,40000,16,mild,"{""dim"": 1, ""distance"": 6, ""length"": 12, ""n_sources"": 1}",3,True,False,0,0.0,0.0,0.0,0.0,"[0.0, 0.0, 0.0]",0.0,0.0,0.0,0.7221111032565434,10010888
79d948f95c7e,bdh_cq,propagate,40000,16,mild,"{""dim"": 1, ""distance"": 8, ""length"": 12, ""n_sources"": 1}",3,True,False,0,0.0,0.0,0.0,0.0,"[0.0, 0.0, 0.0]",0.0,0.0,0.0,0.7675555463433265,10010888
9b4bca1a63ee,bdh_cq,propagate,2500,16,mild,"{""dim"": 1, ""distance"": 6, ""length"": 12, ""n_sources"": 1}",3,True,False,0,0.0,0.0,0.0,0.0,"[0.0, 0.0, 0.0]",0.0,0.0,0.0,0.7518888782461485,10012145
9b4bca1a63ee,bdh_cq,propagate,2500,16,mild,"{""dim"": 1, ""distance"": 8, ""length"": 12, ""n_sources"": 1}",3,True,False,0,0.0,0.0,0.0,0.0,"[0.0, 0.0, 0.0]",0.0,0.0,0.0,0.7447222114205361,10012145
9b4bca1a63ee,bdh_cq,propagate,5000,16,mild,"{""dim"": 1, ""distance"": 6, ""length"": 12, ""n_sources"": 1}",3,True,False,0,0.0,0.0,0.0,0.0,"[0.0, 0.0, 0.0]",0.0,0.0,0.0,0.6867777726054193,10012145
9b4bca1a63ee,bdh_cq,propagate,5000,16,mild,"{""dim"": 1, ""distance"": 8, ""length"": 12, ""n_sources"": 1}",3,True,False,0,0.0,0.0,0.0,0.0,"[0.0, 0.0, 0.0]",0.0,0.0,0.0,0.6813888836652041,10012145
9b4bca1a63ee,bdh_cq,propagate,7500,16,mild,"{""dim"": 1, ""distance"": 6, ""length"": 12, ""n_sources"": 1}",3,True,False,0,0.0,0.0,0.0,0.0,"[0.0, 0.0, 0.0]",0.0,0.0,0.0,0.7388888823886712,10012145
9b4bca1a63ee,bdh_cq,propagate,7500,16,mild,"{""dim"": 1, ""distance"": 8, ""length"": 12, ""n_sources"": 1}",3,True,False,0,0.0,0.0,0.0,0.0,"[0.0, 0.0, 0.0]",0.0,0.0,0.0,0.7376666593203942,10012145
9b4bca1a63ee,bdh_cq,propagate,10000,16,mild,"{""dim"": 1, ""distance"": 6, ""length"": 12, ""n_sources"": 1}",3,True,False,0,0.0,0.0,0.0,0.0,"[0.0, 0.0, 0.0]",0.0,0.0,0.0,0.7821666587988535,10012145
9b4bca1a63ee,bdh_cq,propagate,10000,16,mild,"{""dim"": 1, ""distance"": 8, ""length"": 12, ""n_sources"": 1}",3,True,False,0,0.0,0.0,0.0,0.0,"[0.0, 0.0, 0.0]",0.0,0.0,0.0,0.7866111016074817,10012145
9b4bca1a63ee,bdh_cq,propagate,12500,16,mild,"{""dim"": 1, ""distance"": 6, ""length"": 12, ""n_sources"": 1}",3,True,False,0,0.0,0.0,0.0,0.0,"[0.0, 0.0, 0.0]",0.0,0.0,0.0,0.7902777693669001,10012145
9b4bca1a63ee,bdh_cq,propagate,12500,16,mild,"{""dim"": 1, ""distance"": 8, ""length"": 12, ""n_sources"": 1}",3,True,False,0,0.0,0.0,0.0,0.0,"[0.0, 0.0, 0.0]",0.0,0.0,0.0,0.7893888795375824,10012145
9b4bca1a63ee,bdh_cq,propagate,15000,16,mild,"{""dim"": 1, ""distance"": 6, ""length"": 12, ""n_sources"": 1}",3,True,False,0,0.0,0.0,0.0,0.0,"[0.0, 0.0, 0.0]",0.0,0.0,0.0,0.7868888810276985,10012145
9b4bca1a63ee,bdh_cq,propagate,15000,16,mild,"{""dim"": 1, ""distance"": 8, ""length"": 12, ""n_sources"": 1}",3,True,False,0,0.0,0.0,0.0,0.0,"[0.0, 0.0, 0.0]",0.0,0.0,0.0,0.7856111024220785,10012145
9b4bca1a63ee,bdh_cq,propagate,17500,16,mild,"{""dim"": 1, ""distance"": 6, ""length"": 12, ""n_sources"": 1}",3,True,False,0,0.0,0.0,0.0,0.0,"[0.0, 0.0, 0.0]",0.0,0.0,0.0,0.7698888839085898,10012145
9b4bca1a63ee,bdh_cq,propagate,17500,16,mild,"{""dim"": 1, ""distance"": 8, ""length"": 12, ""n_sources"": 1}",3,True,False,0,0.0,0.0,0.0,0.0,"[0.0, 0.0, 0.0]",0.0,0.0,0.0,0.7706111046274503,10012145
9b4bca1a63ee,bdh_cq,propagate,20000,16,mild,"{""dim"": 1, ""distance"": 6, ""length"": 12, ""n_sources"": 1}",3,True,False,0,0.0,0.0,0.0,0.0,"[0.0, 0.0, 0.0]",0.0,0.0,0.0,0.75672221916914,10012145
9b4bca1a63ee,bdh_cq,propagate,20000,16,mild,"{""dim"": 1, ""distance"": 8, ""length"": 12, ""n_sources"": 1}",3,True,False,0,0.0,0.0,0.0,0.0,"[0.0, 0.0, 0.0]",0.0,0.0,0.0,0.7608333273132643,10012145
9b4bca1a63ee,bdh_cq,propagate,22500,16,mild,"{""dim"": 1, ""distance"": 6, ""length"": 12, ""n_sources"": 1}",3,True,False,0,0.0,0.0,0.0,0.0,"[0.0, 0.0, 0.0]",0.0,0.0,0.0,0.7647777738968532,10012145
9b4bca1a63ee,bdh_cq,propagate,22500,16,mild,"{""dim"": 1, ""distance"": 8, ""length"": 12, ""n_sources"": 1}",3,True,False,0,0.0,0.0,0.0,0.0,"[0.0, 0.0, 0.0]",0.0,0.0,0.0,0.7641111049850782,10012145
9b4bca1a63ee,bdh_cq,propagate,25000,16,mild,"{""dim"": 1, ""distance"": 6, ""length"": 12, ""n_sources"": 1}",3,True,False,0,0.0,0.0,0.0,0.0,"[0.0, 0.0, 0.0]",0.0,0.0,0.0,0.7548333284854888,10012145
9b4bca1a63ee,bdh_cq,propagate,25000,16,mild,"{""dim"": 1, ""distance"": 8, ""length"": 12, ""n_sources"": 1}",3,True,False,0,0.0,0.0,0.0,0.0,"[0.0, 0.0, 0.0]",0.0,0.0,0.0,0.7577222159107526,10012145
9b4bca1a63ee,bdh_cq,propagate,27500,16,mild,"{""dim"": 1, ""distance"": 6, ""length"": 12, ""n_sources"": 1}",3,True,False,0,0.0,0.0,0.0,0.0,"[0.0, 0.0, 0.0]",0.0,0.0,0.0,0.7691111055811247,10012145
9b4bca1a63ee,bdh_cq,propagate,27500,16,mild,"{""dim"": 1, ""distance"": 8, ""length"": 12, ""n_sources"": 1}",3,True,False,0,0.0,0.0,0.0,0.0,"[0.0, 0.0, 0.0]",0.0,0.0,0.0,0.7816666585206985,10012145
9b4bca1a63ee,bdh_cq,propagate,30000,16,mild,"{""dim"": 1, ""distance"": 6, ""length"": 12, ""n_sources"": 1}",3,True,False,0,0.0,0.0,0.0,0.0,"[0.0, 0.0, 0.0]",0.0,0.0,0.0,0.7686666607260704,10012145
9b4bca1a63ee,bdh_cq,propagate,30000,16,mild,"{""dim"": 1, ""distance"": 8, ""length"": 12, ""n_sources"": 1}",3,True,False,0,0.0,0.0,0.0,0.0,"[0.0, 0.0, 0.0]",0.0,0.0,0.0,0.7717777701020241,10012145
9b4bca1a63ee,bdh_cq,propagate,32500,16,mild,"{""dim"": 1, ""distance"": 6, ""length"": 12, ""n_sources"": 1}",3,True,False,0,0.0,0.0,0.0,0.0,"[0.0, 0.0, 0.0]",0.0,0.0,0.0,0.7689999940395356,10012145
9b4bca1a63ee,bdh_cq,propagate,32500,16,mild,"{""dim"": 1, ""distance"": 8, ""length"": 12, ""n_sources"": 1}",3,True,False,0,0.0,0.0,0.0,0.0,"[0.0, 0.0, 0.0]",0.0,0.0,0.0,0.775999992330869,10012145
9b4bca1a63ee,bdh_cq,propagate,35000,16,mild,"{""dim"": 1, ""distance"": 6, ""length"": 12, ""n_sources"": 1}",3,True,False,0,0.0,0.0,0.0,0.0,"[0.0, 0.0, 0.0]",0.0,0.0,0.0,0.766055549442768,10012145
9b4bca1a63ee,bdh_cq,propagate,35000,16,mild,"{""dim"": 1, ""distance"": 8, ""length"": 12, ""n_sources"": 1}",3,True,False,0,0.0,0.0,0.0,0.0,"[0.0, 0.0, 0.0]",0.0,0.0,0.0,0.7748333259423573,10012145
9b4bca1a63ee,bdh_cq,propagate,37500,16,mild,"{""dim"": 1, ""distance"": 6, ""length"": 12, ""n_sources"": 1}",3,True,False,0,0.0,0.0,0.0,0.0,"[0.0, 0.0, 0.0]",0.0,0.0,0.0,0.76666666050752,10012145
9b4bca1a63ee,bdh_cq,propagate,37500,16,mild,"{""dim"": 1, ""distance"": 8, ""length"": 12, ""n_sources"": 1}",3,True,False,0,0.0,0.0,0.0,0.0,"[0.0, 0.0, 0.0]",0.0,0.0,0.0,0.7708888819217682,10012145
9b4bca1a63ee,bdh_cq,propagate,40000,16,mild,"{""dim"": 1, ""distance"": 6, ""length"": 12, ""n_sources"": 1}",3,True,False,0,0.0,0.0,0.0,0.0,"[0.0, 0.0, 0.0]",0.0,0.0,0.0,0.7691111047267913,10012145
9b4bca1a63ee,bdh_cq,propagate,40000,16,mild,"{""dim"": 1, ""distance"": 8, ""length"": 12, ""n_sources"": 1}",3,True,False,0,0.0,0.0,0.0,0.0,"[0.0, 0.0, 0.0]",0.0,0.0,0.0,0.7724444371461869,10012145
cb0b76097aaf,bdh_cq,propagate,2500,16,mild,"{""dim"": 1, ""distance"": 6, ""length"": 12, ""n_sources"": 1}",3,True,False,0,0.0,0.0,0.0,0.0,"[0.0, 0.0, 0.0]",0.0,0.0,0.0,0.7664999940395355,10010880
cb0b76097aaf,bdh_cq,propagate,2500,16,mild,"{""dim"": 1, ""distance"": 8, ""length"": 12, ""n_sources"": 1}",3,True,False,0,0.0,0.0,0.0,0.0,"[0.0, 0.0, 0.0]",0.0,0.0,0.0,0.7738333250383537,10010880
cb0b76097aaf,bdh_cq,propagate,5000,16,mild,"{""dim"": 1, ""distance"": 6, ""length"": 12, ""n_sources"": 1}",3,True,False,0,0.0,0.0,0.0,0.0,"[0.0, 0.0, 0.0]",0.0,0.0,0.0,0.7472222195267677,10010880
cb0b76097aaf,bdh_cq,propagate,5000,16,mild,"{""dim"": 1, ""distance"": 8, ""length"": 12, ""n_sources"": 1}",3,True,False,0,0.0,0.0,0.0,0.0,"[0.0, 0.0, 0.0]",0.0,0.0,0.0,0.7612222173909347,10010880
cb0b76097aaf,bdh_cq,propagate,7500,16,mild,"{""dim"": 1, ""distance"": 6, ""length"": 12, ""n_sources"": 1}",3,True,False,0,0.0,0.0,0.0,0.0,"[0.0, 0.0, 0.0]",0.0,0.0,0.0,0.7595555531978607,10010880
cb0b76097aaf,bdh_cq,propagate,7500,16,mild,"{""dim"": 1, ""distance"": 8, ""length"": 12, ""n_sources"": 1}",3,True,False,0,0.0,0.0,0.0,0.0,"[0.0, 0.0, 0.0]",0.0,0.0,0.0,0.7723888834913571,10010880
cb0b76097aaf,bdh_cq,propagate,10000,16,mild,"{""dim"": 1, ""distance"": 6, ""length"": 12, ""n_sources"": 1}",3,True,False,0,0.0,0.0,0.0,0.0,"[0.0, 0.0, 0.0]",0.0,0.0,0.0,0.7614444416761398,10010880
cb0b76097aaf,bdh_cq,propagate,10000,16,mild,"{""dim"": 1, ""distance"": 8, ""length"": 12, ""n_sources"": 1}",3,True,False,0,0.0,0.0,0.0,0.0,"[0.0, 0.0, 0.0]",0.0,0.0,0.0,0.7753333272933961,10010880
cb0b76097aaf,bdh_cq,propagate,12500,16,mild,"{""dim"": 1, ""distance"": 6, ""length"": 12, ""n_sources"": 1}",3,True,False,0,0.0,0.0,0.0,0.0,"[0.0, 0.0, 0.0]",0.0,0.0,0.0,0.7689999948740005,10010880
cb0b76097aaf,bdh_cq,propagate,12500,16,mild,"{""dim"": 1, ""distance"": 8, ""length"": 12, ""n_sources"": 1}",3,True,False,0,0.0,0.0,0.0,0.0,"[0.0, 0.0, 0.0]",0.0,0.0,0.0,0.7734444383382798,10010880
cb0b76097aaf,bdh_cq,propagate,15000,16,mild,"{""dim"": 1, ""distance"": 6, ""length"": 12, ""n_sources"": 1}",3,True,False,0,0.0,0.0,0.0,0.0,"[0.0, 0.0, 0.0]",0.0,0.0,0.0,0.7766666601896285,10010880
cb0b76097aaf,bdh_cq,propagate,15000,16,mild,"{""dim"": 1, ""distance"": 8, ""length"": 12, ""n_sources"": 1}",3,True,False,0,0.0,0.0,0.0,0.0,"[0.0, 0.0, 0.0]",0.0,0.0,0.0,0.7793333262999852,10010880
cb0b76097aaf,bdh_cq,propagate,17500,16,mild,"{""dim"": 1, ""distance"": 6, ""length"": 12, ""n_sources"": 1}",3,True,False,0,0.0,0.0,0.0,0.0,"[0.0, 0.0, 0.0]",0.0,0.0,0.0,0.7803888816436132,10010880
cb0b76097aaf,bdh_cq,propagate,17500,16,mild,"{""dim"": 1, ""distance"": 8, ""length"": 12, ""n_sources"": 1}",3,True,False,0,0.0,0.0,0.0,0.0,"[0.0, 0.0, 0.0]",0.0,0.0,0.0,0.7848888805707296,10010880
cb0b76097aaf,bdh_cq,propagate,20000,16,mild,"{""dim"": 1, ""distance"": 6, ""length"": 12, ""n_sources"": 1}",3,True,False,0,0.0,0.0,0.0,0.0,"[0.0, 0.0, 0.0]",0.0,0.0,0.0,0.7798888817230859,10010880
cb0b76097aaf,bdh_cq,propagate,20000,16,mild,"{""dim"": 1, ""distance"": 8, ""length"": 12, ""n_sources"": 1}",3,True,False,0,0.0,0.0,0.0,0.0,"[0.0, 0.0, 0.0]",0.0,0.0,0.0,0.7792222151358922,10010880
cb0b76097aaf,bdh_cq,propagate,22500,16,mild,"{""dim"": 1, ""distance"": 6, ""length"": 12, ""n_sources"": 1}",3,True,False,0,0.0,0.0,0.0,0.0,"[0.0, 0.0, 0.0]",0.0,0.0,0.0,0.7811666592359542,10010880
cb0b76097aaf,bdh_cq,propagate,22500,16,mild,"{""dim"": 1, ""distance"": 8, ""length"": 12, ""n_sources"": 1}",3,True,False,0,0.0,0.0,0.0,0.0,"[0.0, 0.0, 0.0]",0.0,0.0,0.0,0.7837222141424816,10010880
cb0b76097aaf,bdh_cq,propagate,25000,16,mild,"{""dim"": 1, ""distance"": 6, ""length"": 12, ""n_sources"": 1}",3,True,False,0,0.0,0.0,0.0,0.0,"[0.0, 0.0, 0.0]",0.0,0.0,0.0,0.7822222145398458,10010880
cb0b76097aaf,bdh_cq,propagate,25000,16,mild,"{""dim"": 1, ""distance"": 8, ""length"": 12, ""n_sources"": 1}",3,True,False,0,0.0,0.0,0.0,0.0,"[0.0, 0.0, 0.0]",0.0,0.0,0.0,0.7807777704397837,10010880
cb0b76097aaf,bdh_cq,propagate,27500,16,mild,"{""dim"": 1, ""distance"": 6, ""length"": 12, ""n_sources"": 1}",3,True,False,0,0.0,0.0,0.0,0.0,"[0.0, 0.0, 0.0]",0.0,0.0,0.0,0.7812222147385279,10010880
cb0b76097aaf,bdh_cq,propagate,27500,16,mild,"{""dim"": 1, ""distance"": 8, ""length"": 12, ""n_sources"": 1}",3,True,False,0,0.0,0.0,0.0,0.0,"[0.0, 0.0, 0.0]",0.0,0.0,0.0,0.7832222142616908,10010880
cb0b76097aaf,bdh_cq,propagate,30000,16,mild,"{""dim"": 1, ""distance"": 6, ""length"": 12, ""n_sources"": 1}",3,True,False,0,0.0,0.0,0.0,0.0,"[0.0, 0.0, 0.0]",0.0,0.0,0.0,0.7799444373448688,10010880
cb0b76097aaf,bdh_cq,propagate,30000,16,mild,"{""dim"": 1, ""distance"": 8, ""length"": 12, ""n_sources"": 1}",3,True,False,0,0.0,0.0,0.0,0.0,"[0.0, 0.0, 0.0]",0.0,0.0,0.0,0.7866111023426057,10010880
cb0b76097aaf,bdh_cq,propagate,32500,16,mild,"{""dim"": 1, ""distance"": 6, ""length"": 12, ""n_sources"": 1}",3,True,False,0,0.0,0.0,0.0,0.0,"[0.0, 0.0, 0.0]",0.0,0.0,0.0,0.7808888815244038,10010880
cb0b76097aaf,bdh_cq,propagate,32500,16,mild,"{""dim"": 1, ""distance"": 8, ""length"": 12, ""n_sources"": 1}",3,True,False,0,0.0,0.0,0.0,0.0,"[0.0, 0.0, 0.0]",0.0,0.0,0.0,0.784388880689939,10010880
cb0b76097aaf,bdh_cq,propagate,35000,16,mild,"{""dim"": 1, ""distance"": 6, ""length"": 12, ""n_sources"": 1}",3,True,False,0,0.0,0.0,0.0,0.0,"[0.0, 0.0, 0.0]",0.0,0.0,0.0,0.781055548151334,10010880
cb0b76097aaf,bdh_cq,propagate,35000,16,mild,"{""dim"": 1, ""distance"": 8, ""length"": 12, ""n_sources"": 1}",3,True,False,0,0.0,0.0,0.0,0.0,"[0.0, 0.0, 0.0]",0.0,0.0,0.0,0.7829999921321869,10010880
cb0b76097aaf,bdh_cq,propagate,37500,16,mild,"{""dim"": 1, ""distance"": 6, ""length"": 12, ""n_sources"": 1}",3,True,False,0,0.0,0.0,0.0,0.0,"[0.0, 0.0, 0.0]",0.0,0.0,0.0,0.7808888815244038,10010880
cb0b76097aaf,bdh_cq,propagate,37500,16,mild,"{""dim"": 1, ""distance"": 8, ""length"": 12, ""n_sources"": 1}",3,True,False,0,0.0,0.0,0.0,0.0,"[0.0, 0.0, 0.0]",0.0,0.0,0.0,0.7836666586001715,10010880
cb0b76097aaf,bdh_cq,propagate,40000,16,mild,"{""dim"": 1, ""distance"": 6, ""length"": 12, ""n_sources"": 1}",3,True,False,0,0.0,0.0,0.0,0.0,"[0.0, 0.0, 0.0]",0.0,0.0,0.0,0.7808888815641403,10010880
cb0b76097aaf,bdh_cq,propagate,40000,16,mild,"{""dim"": 1, ""distance"": 8, ""length"": 12, ""n_sources"": 1}",3,True,False,0,0.0,0.0,0.0,0.0,"[0.0, 0.0, 0.0]",0.0,0.0,0.0,0.7843888806502024,10010880
f0b8b7c55f92,bdh_cq,propagate,2500,16,mild,"{""dim"": 1, ""distance"": 6, ""length"": 12, ""n_sources"": 1}",3,True,False,0,0.0,0.0,0.0,0.0,"[0.0, 0.0, 0.0]",0.0,0.0,0.0,0.7666666551033656,10010880
f0b8b7c55f92,bdh_cq,propagate,2500,16,mild,"{""dim"": 1, ""distance"": 8, ""length"": 12, ""n_sources"": 1}",3,True,False,0,0.0,0.0,0.0,0.0,"[0.0, 0.0, 0.0]",0.0,0.0,0.0,0.76711109859248,10010880
f0b8b7c55f92,bdh_cq,propagate,5000,16,mild,"{""dim"": 1, ""distance"": 6, ""length"": 12, ""n_sources"": 1}",3,True,False,0,0.0,0.0,0.0,0.0,"[0.0, 0.0, 0.0]",0.0,0.0,0.0,0.7337222203314303,10010880
f0b8b7c55f92,bdh_cq,propagate,5000,16,mild,"{""dim"": 1, ""distance"": 8, ""length"": 12, ""n_sources"": 1}",3,True,False,0,0.0,0.0,0.0,0.0,"[0.0, 0.0, 0.0]",0.0,0.0,0.0,0.743944441696008,10010880
f0b8b7c55f92,bdh_cq,propagate,7500,16,mild,"{""dim"": 1, ""distance"": 6, ""length"": 12, ""n_sources"": 1}",3,True,False,0,0.0,0.0,0.0,0.0,"[0.0, 0.0, 0.0]",0.0,0.0,0.0,0.749777772396803,10010880
f0b8b7c55f92,bdh_cq,propagate,7500,16,mild,"{""dim"": 1, ""distance"": 8, ""length"": 12, ""n_sources"": 1}",3,True,False,0,0.0,0.0,0.0,0.0,"[0.0, 0.0, 0.0]",0.0,0.0,0.0,0.7487222167601187,10010880
f0b8b7c55f92,bdh_cq,propagate,10000,16,mild,"{""dim"": 1, ""distance"": 6, ""length"": 12, ""n_sources"": 1}",3,True,False,0,0.0,0.0,0.0,0.0,"[0.0, 0.0, 0.0]",0.0,0.0,0.0,0.7731666611631711,10010880
f0b8b7c55f92,bdh_cq,propagate,10000,16,mild,"{""dim"": 1, ""distance"": 8, ""length"": 12, ""n_sources"": 1}",3,True,False,0,0.0,0.0,0.0,0.0,"[0.0, 0.0, 0.0]",0.0,0.0,0.0,0.7708888831535975,10010880
f0b8b7c55f92,bdh_cq,propagate,12500,16,mild,"{""dim"": 1, ""distance"": 6, ""length"": 12, ""n_sources"": 1}",3,True,False,0,0.0,0.0,0.0,0.0,"[0.0, 0.0, 0.0]",0.0,0.0,0.0,0.7407222191492716,10010880
f0b8b7c55f92,bdh_cq,propagate,12500,16,mild,"{""dim"": 1, ""distance"": 8, ""length"": 12, ""n_sources"": 1}",3,True,False,0,0.0,0.0,0.0,0.0,"[0.0, 0.0, 0.0]",0.0,0.0,0.0,0.746111106445392,10010880
f0b8b7c55f92,bdh_cq,propagate,15000,16,mild,"{""dim"": 1, ""distance"": 6, ""length"": 12, ""n_sources"": 1}",3,True,False,0,0.0,0.0,0.0,0.0,"[0.0, 0.0, 0.0]",0.0,0.0,0.0,0.6601111084123453,10010880
f0b8b7c55f92,bdh_cq,propagate,15000,16,mild,"{""dim"": 1, ""distance"": 8, ""length"": 12, ""n_sources"": 1}",3,True,False,0,0.0,0.0,0.0,0.0,"[0.0, 0.0, 0.0]",0.0,0.0,0.0,0.6687777752081553,10010880
f0b8b7c55f92,bdh_cq,propagate,17500,16,mild,"{""dim"": 1, ""distance"": 6, ""length"": 12, ""n_sources"": 1}",3,True,False,0,0.0,0.0,0.0,0.0,"[0.0, 0.0, 0.0]",0.0,0.0,0.0,0.6515555516282717,10010880
f0b8b7c55f92,bdh_cq,propagate,17500,16,mild,"{""dim"": 1, ""distance"": 8, ""length"": 12, ""n_sources"": 1}",3,True,False,0,0.0,0.0,0.0,0.0,"[0.0, 0.0, 0.0]",0.0,0.0,0.0,0.6297222194721303,10010880
f0b8b7c55f92,bdh_cq,propagate,20000,16,mild,"{""dim"": 1, ""distance"": 6, ""length"": 12, ""n_sources"": 1}",3,True,False,0,0.0,0.0,0.0,0.0,"[0.0, 0.0, 0.0]",0.0,0.0,0.0,0.6346666624645392,10010880
f0b8b7c55f92,bdh_cq,propagate,20000,16,mild,"{""dim"": 1, ""distance"": 8, ""length"": 12, ""n_sources"": 1}",3,True,False,0,0.0,0.0,0.0,0.0,"[0.0, 0.0, 0.0]",0.0,0.0,0.0,0.6108888853142659,10010880
f0b8b7c55f92,bdh_cq,propagate,22500,16,mild,"{""dim"": 1, ""distance"": 6, ""length"": 12, ""n_sources"": 1}",3,True,False,0,0.0,0.0,0.0,0.0,"[0.0, 0.0, 0.0]",0.0,0.0,0.0,0.6501111064950625,10010880
f0b8b7c55f92,bdh_cq,propagate,22500,16,mild,"{""dim"": 1, ""distance"": 8, ""length"": 12, ""n_sources"": 1}",3,True,False,0,0.0,0.0,0.0,0.0,"[0.0, 0.0, 0.0]",0.0,0.0,0.0,0.6151666616996129,10010880
f0b8b7c55f92,bdh_cq,propagate,25000,16,mild,"{""dim"": 1, ""distance"": 6, ""length"": 12, ""n_sources"": 1}",3,True,False,0,0.0,0.0,0.0,0.0,"[0.0, 0.0, 0.0]",0.0,0.0,0.0,0.6676111062169076,10010880
f0b8b7c55f92,bdh_cq,propagate,25000,16,mild,"{""dim"": 1, ""distance"": 8, ""length"": 12, ""n_sources"": 1}",3,True,False,0,0.0,0.0,0.0,0.0,"[0.0, 0.0, 0.0]",0.0,0.0,0.0,0.6371666611681381,10010880
f0b8b7c55f92,bdh_cq,propagate,27500,16,mild,"{""dim"": 1, ""distance"": 6, ""length"": 12, ""n_sources"": 1}",3,True,False,0,0.0,0.0,0.0,0.0,"[0.0, 0.0, 0.0]",0.0,0.0,0.0,0.6772222160696982,10010880
f0b8b7c55f92,bdh_cq,propagate,27500,16,mild,"{""dim"": 1, ""distance"": 8, ""length"": 12, ""n_sources"": 1}",3,True,False,0,0.0,0.0,0.0,0.0,"[0.0, 0.0, 0.0]",0.0,0.0,0.0,0.6596666597326597,10010880
f0b8b7c55f92,bdh_cq,propagate,30000,16,mild,"{""dim"": 1, ""distance"": 6, ""length"": 12, ""n_sources"": 1}",3,True,False,0,0.0,0.0,0.0,0.0,"[0.0, 0.0, 0.0]",0.0,0.0,0.0,0.6836111046870549,10010880
f0b8b7c55f92,bdh_cq,propagate,30000,16,mild,"{""dim"": 1, ""distance"": 8, ""length"": 12, ""n_sources"": 1}",3,True,False,0,0.0,0.0,0.0,0.0,"[0.0, 0.0, 0.0]",0.0,0.0,0.0,0.6652777700821558,10010880
f0b8b7c55f92,bdh_cq,propagate,32500,16,mild,"{""dim"": 1, ""distance"": 6, ""length"": 12, ""n_sources"": 1}",3,True,False,0,0.0,0.0,0.0,0.0,"[0.0, 0.0, 0.0]",0.0,0.0,0.0,0.6976666595339776,10010880
f0b8b7c55f92,bdh_cq,propagate,32500,16,mild,"{""dim"": 1, ""distance"": 8, ""length"": 12, ""n_sources"": 1}",3,True,False,0,0.0,0.0,0.0,0.0,"[0.0, 0.0, 0.0]",0.0,0.0,0.0,0.6857222135762374,10010880
f0b8b7c55f92,bdh_cq,propagate,35000,16,mild,"{""dim"": 1, ""distance"": 6, ""length"": 12, ""n_sources"": 1}",3,True,False,0,0.0,0.0,0.0,0.0,"[0.0, 0.0, 0.0]",0.0,0.0,0.0,0.6819444377223651,10010880
f0b8b7c55f92,bdh_cq,propagate,35000,16,mild,"{""dim"": 1, ""distance"": 8, ""length"": 12, ""n_sources"": 1}",3,True,False,0,0.0,0.0,0.0,0.0,"[0.0, 0.0, 0.0]",0.0,0.0,0.0,0.666277769729495,10010880
f0b8b7c55f92,bdh_cq,propagate,37500,16,mild,"{""dim"": 1, ""distance"": 6, ""length"": 12, ""n_sources"": 1}",3,True,False,0,0.0,0.0,0.0,0.0,"[0.0, 0.0, 0.0]",0.0,0.0,0.0,0.6839999934037526,10010880
f0b8b7c55f92,bdh_cq,propagate,37500,16,mild,"{""dim"": 1, ""distance"": 8, ""length"": 12, ""n_sources"": 1}",3,True,False,0,0.0,0.0,0.0,0.0,"[0.0, 0.0, 0.0]",0.0,0.0,0.0,0.6682777695705493,10010880
f0b8b7c55f92,bdh_cq,propagate,40000,16,mild,"{""dim"": 1, ""distance"": 6, ""length"": 12, ""n_sources"": 1}",3,True,False,0,0.0,0.0,0.0,0.0,"[0.0, 0.0, 0.0]",0.0,0.0,0.0,0.6833333264986674,10010880
f0b8b7c55f92,bdh_cq,propagate,40000,16,mild,"{""dim"": 1, ""distance"": 8, ""length"": 12, ""n_sources"": 1}",3,True,False,0,0.0,0.0,0.0,0.0,"[0.0, 0.0, 0.0]",0.0,0.0,0.0,0.6656666586647431,10010880
3d6407474980,bdh_cq,propagate,8000,32,mild,"{""dim"": 1, ""distance"": 6, ""length"": 12, ""n_sources"": 1}",1,True,True,0,0.0,0.0,0.0,0.0,[0.0],0.0,0.0,0.0,0.7491666692495346,10010880
3d6407474980,bdh_cq,propagate,8000,32,mild,"{""dim"": 1, ""distance"": 8, ""length"": 12, ""n_sources"": 1}",1,True,True,0,0.0,0.0,0.0,0.0,[0.0],0.0,0.0,0.0,0.75750000461936,10010880
79d948f95c7e,bdh_cq,propagate,2500,32,mild,"{""dim"": 1, ""distance"": 6, ""length"": 12, ""n_sources"": 1}",3,True,False,0,0.0,0.0,0.0,0.0,"[0.0, 0.0, 0.0]",0.0,0.0,0.0,0.7596111008524895,10010888
79d948f95c7e,bdh_cq,propagate,2500,32,mild,"{""dim"": 1, ""distance"": 8, ""length"": 12, ""n_sources"": 1}",3,True,False,0,0.0,0.0,0.0,0.0,"[0.0, 0.0, 0.0]",0.0,0.0,0.0,0.7593888770242532,10010888
79d948f95c7e,bdh_cq,propagate,5000,32,mild,"{""dim"": 1, ""distance"": 6, ""length"": 12, ""n_sources"": 1}",3,True,False,0,0.0,0.0,0.0,0.0,"[0.0, 0.0, 0.0]",0.0,0.0,0.0,0.6500555556019147,10010888
79d948f95c7e,bdh_cq,propagate,5000,32,mild,"{""dim"": 1, ""distance"": 8, ""length"": 12, ""n_sources"": 1}",3,True,False,0,0.0,0.0,0.0,0.0,"[0.0, 0.0, 0.0]",0.0,0.0,0.0,0.6688888891935348,10010888
79d948f95c7e,bdh_cq,propagate,7500,32,mild,"{""dim"": 1, ""distance"": 6, ""length"": 12, ""n_sources"": 1}",3,True,False,0,0.0,0.0,0.0,0.0,"[0.0, 0.0, 0.0]",0.0,0.0,0.0,0.6667777788043022,10010888
79d948f95c7e,bdh_cq,propagate,7500,32,mild,"{""dim"": 1, ""distance"": 8, ""length"": 12, ""n_sources"": 1}",3,True,False,0,0.0,0.0,0.0,0.0,"[0.0, 0.0, 0.0]",0.0,0.0,0.0,0.6767222231924533,10010888
79d948f95c7e,bdh_cq,propagate,10000,32,mild,"{""dim"": 1, ""distance"": 6, ""length"": 12, ""n_sources"": 1}",3,True,False,0,0.0,0.0,0.0,0.0,"[0.0, 0.0, 0.0]",0.0,0.0,0.0,0.5807777785658836,10010888
79d948f95c7e,bdh_cq,propagate,10000,32,mild,"{""dim"": 1, ""distance"": 8, ""length"": 12, ""n_sources"": 1}",3,True,False,0,0.0,0.0,0.0,0.0,"[0.0, 0.0, 0.0]",0.0,0.0,0.0,0.5628333336412906,10010888
79d948f95c7e,bdh_cq,propagate,12500,32,mild,"{""dim"": 1, ""distance"": 6, ""length"": 12, ""n_sources"": 1}",3,True,False,0,0.0,0.0,0.0,0.0,"[0.0, 0.0, 0.0]",0.0,0.0,0.0,0.5658333342572054,10010888
79d948f95c7e,bdh_cq,propagate,12500,32,mild,"{""dim"": 1, ""distance"": 8, ""length"": 12, ""n_sources"": 1}",3,True,False,0,0.0,0.0,0.0,0.0,"[0.0, 0.0, 0.0]",0.0,0.0,0.0,0.5586666681071123,10010888
79d948f95c7e,bdh_cq,propagate,15000,32,mild,"{""dim"": 1, ""distance"": 6, ""length"": 12, ""n_sources"": 1}",3,True,False,0,0.0013333333333333333,0.0009428090415820634,0.0,0.002,"[0.0, 0.002, 0.002]",0.0,0.002,0.0013333333333333333,0.5562777774234613,10010888
79d948f95c7e,bdh_cq,propagate,15000,32,mild,"{""dim"": 1, ""distance"": 8, ""length"": 12, ""n_sources"": 1}",3,True,False,0,0.002,0.00282842712474619,0.0,0.006,"[0.0, 0.006, 0.0]",0.0,0.006000000000000001,0.002,0.5267777768025795,10010888
79d948f95c7e,bdh_cq,propagate,17500,32,mild,"{""dim"": 1, ""distance"": 6, ""length"": 12, ""n_sources"": 1}",3,True,False,0,0.0,0.0,0.0,0.0,"[0.0, 0.0, 0.0]",0.0,0.0,0.0,0.5143333318829536,10010888
79d948f95c7e,bdh_cq,propagate,17500,32,mild,"{""dim"": 1, ""distance"": 8, ""length"": 12, ""n_sources"": 1}",3,True,False,0,0.0006666666666666666,0.0009428090415820634,0.0,0.002,"[0.0, 0.002, 0.0]",0.0,0.002,0.0006666666666666666,0.48366666592657565,10010888
79d948f95c7e,bdh_cq,propagate,20000,32,mild,"{""dim"": 1, ""distance"": 6, ""length"": 12, ""n_sources"": 1}",3,True,False,0,0.0,0.0,0.0,0.0,"[0.0, 0.0, 0.0]",0.0,0.0,0.0,0.5064444440801938,10010888
79d948f95c7e,bdh_cq,propagate,20000,32,mild,"{""dim"": 1, ""distance"": 8, ""length"": 12, ""n_sources"": 1}",3,True,False,0,0.0,0.0,0.0,0.0,"[0.0, 0.0, 0.0]",0.0,0.0,0.0,0.4272777771353722,10010888
79d948f95c7e,bdh_cq,propagate,22500,32,mild,"{""dim"": 1, ""distance"": 6, ""length"": 12, ""n_sources"": 1}",3,True,False,0,0.0006666666666666666,0.0009428090415820634,0.0,0.002,"[0.0, 0.002, 0.0]",0.0,0.002,0.0006666666666666666,0.5767777760724226,10010888
79d948f95c7e,bdh_cq,propagate,22500,32,mild,"{""dim"": 1, ""distance"": 8, ""length"": 12, ""n_sources"": 1}",3,True,False,0,0.0,0.0,0.0,0.0,"[0.0, 0.0, 0.0]",0.0,0.0,0.0,0.5486111094454924,10010888
79d948f95c7e,bdh_cq,propagate,25000,32,mild,"{""dim"": 1, ""distance"": 6, ""length"": 12, ""n_sources"": 1}",3,True,False,0,0.0,0.0,0.0,0.0,"[0.0, 0.0, 0.0]",0.0,0.0,0.0,0.5541111095348995,10010888
79d948f95c7e,bdh_cq,propagate,25000,32,mild,"{""dim"": 1, ""distance"": 8, ""length"": 12, ""n_sources"": 1}",3,True,False,0,0.0,0.0,0.0,0.0,"[0.0, 0.0, 0.0]",0.0,0.0,0.0,0.5377222210069498,10010888
79d948f95c7e,bdh_cq,propagate,27500,32,mild,"{""dim"": 1, ""distance"": 6, ""length"": 12, ""n_sources"": 1}",3,True,False,0,0.0,0.0,0.0,0.0,"[0.0, 0.0, 0.0]",0.0,0.0,0.0,0.5553888872861862,10010888
79d948f95c7e,bdh_cq,propagate,27500,32,mild,"{""dim"": 1, ""distance"": 8, ""length"": 12, ""n_sources"": 1}",3,True,False,0,0.0006666666666666666,0.0009428090415820634,0.0,0.002,"[0.0, 0.0, 0.002]",0.0,0.002,0.0006666666666666666,0.5337222210069498,10010888
79d948f95c7e,bdh_cq,propagate,30000,32,mild,"{""dim"": 1, ""distance"": 6, ""length"": 12, ""n_sources"": 1}",3,True,False,0,0.0,0.0,0.0,0.0,"[0.0, 0.0, 0.0]",0.0,0.0,0.0,0.5448888871868452,10010888
79d948f95c7e,bdh_cq,propagate,30000,32,mild,"{""dim"": 1, ""distance"": 8, ""length"": 12, ""n_sources"": 1}",3,True,False,0,0.0,0.0,0.0,0.0,"[0.0, 0.0, 0.0]",0.0,0.0,0.0,0.5206666650126378,10010888
79d948f95c7e,bdh_cq,propagate,32500,32,mild,"{""dim"": 1, ""distance"": 6, ""length"": 12, ""n_sources"": 1}",3,True,False,0,0.0,0.0,0.0,0.0,"[0.0, 0.0, 0.0]",0.0,0.0,0.0,0.5309999986390274,10010888
79d948f95c7e,bdh_cq,propagate,32500,32,mild,"{""dim"": 1, ""distance"": 8, ""length"": 12, ""n_sources"": 1}",3,True,False,0,0.0,0.0,0.0,0.0,"[0.0, 0.0, 0.0]",0.0,0.0,0.0,0.49772222119569776,10010888
79d948f95c7e,bdh_cq,propagate,35000,32,mild,"{""dim"": 1, ""distance"": 6, ""length"": 12, ""n_sources"": 1}",3,True,False,0,0.0006666666666666666,0.0009428090415820634,0.0,0.002,"[0.0, 0.002, 0.0]",0.0,0.002,0.0006666666666666666,0.5057777768572171,10010888
79d948f95c7e,bdh_cq,propagate,35000,32,mild,"{""dim"": 1, ""distance"": 8, ""length"": 12, ""n_sources"": 1}",3,True,False,0,0.0,0.0,0.0,0.0,"[0.0, 0.0, 0.0]",0.0,0.0,0.0,0.4619444439907869,10010888
79d948f95c7e,bdh_cq,propagate,37500,32,mild,"{""dim"": 1, ""distance"": 6, ""length"": 12, ""n_sources"": 1}",3,True,False,0,0.0,0.0,0.0,0.0,"[0.0, 0.0, 0.0]",0.0,0.0,0.0,0.4963888885875543,10010888
79d948f95c7e,bdh_cq,propagate,37500,32,mild,"{""dim"": 1, ""distance"": 8, ""length"": 12, ""n_sources"": 1}",3,True,False,0,0.0,0.0,0.0,0.0,"[0.0, 0.0, 0.0]",0.0,0.0,0.0,0.44844444410502904,10010888
79d948f95c7e,bdh_cq,propagate,40000,32,mild,"{""dim"": 1, ""distance"": 6, ""length"": 12, ""n_sources"": 1}",3,True,False,0,0.0,0.0,0.0,0.0,"[0.0, 0.0, 0.0]",0.0,0.0,0.0,0.5064999995132288,10010888
79d948f95c7e,bdh_cq,propagate,40000,32,mild,"{""dim"": 1, ""distance"": 8, ""length"": 12, ""n_sources"": 1}",3,True,False,0,0.0,0.0,0.0,0.0,"[0.0, 0.0, 0.0]",0.0,0.0,0.0,0.46461111085116863,10010888
9b4bca1a63ee,bdh_cq,propagate,2500,32,mild,"{""dim"": 1, ""distance"": 6, ""length"": 12, ""n_sources"": 1}",3,True,False,0,0.0,0.0,0.0,0.0,"[0.0, 0.0, 0.0]",0.0,0.0,0.0,0.7416111007730167,10012145
9b4bca1a63ee,bdh_cq,propagate,2500,32,mild,"{""dim"": 1, ""distance"": 8, ""length"": 12, ""n_sources"": 1}",3,True,False,0,0.0,0.0,0.0,0.0,"[0.0, 0.0, 0.0]",0.0,0.0,0.0,0.7322222116440534,10012145
9b4bca1a63ee,bdh_cq,propagate,5000,32,mild,"{""dim"": 1, ""distance"": 6, ""length"": 12, ""n_sources"": 1}",3,True,False,0,0.0,0.0,0.0,0.0,"[0.0, 0.0, 0.0]",0.0,0.0,0.0,0.729111105064551,10012145
9b4bca1a63ee,bdh_cq,propagate,5000,32,mild,"{""dim"": 1, ""distance"": 8, ""length"": 12, ""n_sources"": 1}",3,True,False,0,0.0,0.0,0.0,0.0,"[0.0, 0.0, 0.0]",0.0,0.0,0.0,0.7493333283464114,10012145
9b4bca1a63ee,bdh_cq,propagate,7500,32,mild,"{""dim"": 1, ""distance"": 6, ""length"": 12, ""n_sources"": 1}",3,True,False,0,0.0,0.0,0.0,0.0,"[0.0, 0.0, 0.0]",0.0,0.0,0.0,0.7309999961008629,10012145
9b4bca1a63ee,bdh_cq,propagate,7500,32,mild,"{""dim"": 1, ""distance"": 8, ""length"": 12, ""n_sources"": 1}",3,True,False,0,0.0,0.0,0.0,0.0,"[0.0, 0.0, 0.0]",0.0,0.0,0.0,0.7389444394359986,10012145
9b4bca1a63ee,bdh_cq,propagate,10000,32,mild,"{""dim"": 1, ""distance"": 6, ""length"": 12, ""n_sources"": 1}",3,True,False,0,0.0,0.0,0.0,0.0,"[0.0, 0.0, 0.0]",0.0,0.0,0.0,0.7507777739961942,10012145
9b4bca1a63ee,bdh_cq,propagate,10000,32,mild,"{""dim"": 1, ""distance"": 8, ""length"": 12, ""n_sources"": 1}",3,True,False,0,0.0,0.0,0.0,0.0,"[0.0, 0.0, 0.0]",0.0,0.0,0.0,0.7645555496414502,10012145
9b4bca1a63ee,bdh_cq,propagate,12500,32,mild,"{""dim"": 1, ""distance"": 6, ""length"": 12, ""n_sources"": 1}",3,True,False,0,0.0,0.0,0.0,0.0,"[0.0, 0.0, 0.0]",0.0,0.0,0.0,0.7492777743935585,10012145
9b4bca1a63ee,bdh_cq,propagate,12500,32,mild,"{""dim"": 1, ""distance"": 8, ""length"": 12, ""n_sources"": 1}",3,True,False,0,0.0,0.0,0.0,0.0,"[0.0, 0.0, 0.0]",0.0,0.0,0.0,0.7728888829151789,10012145
9b4bca1a63ee,bdh_cq,propagate,15000,32,mild,"{""dim"": 1, ""distance"": 6, ""length"": 12, ""n_sources"": 1}",3,True,False,0,0.0,0.0,0.0,0.0,"[0.0, 0.0, 0.0]",0.0,0.0,0.0,0.6159999959667525,10012145
9b4bca1a63ee,bdh_cq,propagate,15000,32,mild,"{""dim"": 1, ""distance"": 8, ""length"": 12, ""n_sources"": 1}",3,True,False,0,0.0,0.0,0.0,0.0,"[0.0, 0.0, 0.0]",0.0,0.0,0.0,0.7256111117800076,10012145
9b4bca1a63ee,bdh_cq,propagate,17500,32,mild,"{""dim"": 1, ""distance"": 6, ""length"": 12, ""n_sources"": 1}",3,True,False,0,0.0,0.0,0.0,0.0,"[0.0, 0.0, 0.0]",0.0,0.0,0.0,0.6514999937017758,10012145
9b4bca1a63ee,bdh_cq,propagate,17500,32,mild,"{""dim"": 1, ""distance"": 8, ""length"": 12, ""n_sources"": 1}",3,True,False,0,0.0,0.0,0.0,0.0,"[0.0, 0.0, 0.0]",0.0,0.0,0.0,0.7352777773141862,10012145
9b4bca1a63ee,bdh_cq,propagate,20000,32,mild,"{""dim"": 1, ""distance"": 6, ""length"": 12, ""n_sources"": 1}",3,True,False,0,0.0,0.0,0.0,0.0,"[0.0, 0.0, 0.0]",0.0,0.0,0.0,0.6772777728835742,10012145
9b4bca1a63ee,bdh_cq,propagate,20000,32,mild,"{""dim"": 1, ""distance"": 8, ""length"": 12, ""n_sources"": 1}",3,True,False,0,0.0,0.0,0.0,0.0,"[0.0, 0.0, 0.0]",0.0,0.0,0.0,0.7364999978144965,10012145
9b4bca1a63ee,bdh_cq,propagate,22500,32,mild,"{""dim"": 1, ""distance"": 6, ""length"": 12, ""n_sources"": 1}",3,True,False,0,0.0,0.0,0.0,0.0,"[0.0, 0.0, 0.0]",0.0,0.0,0.0,0.6748888876239459,10012145
9b4bca1a63ee,bdh_cq,propagate,22500,32,mild,"{""dim"": 1, ""distance"": 8, ""length"": 12, ""n_sources"": 1}",3,True,False,0,0.0,0.0,0.0,0.0,"[0.0, 0.0, 0.0]",0.0,0.0,0.0,0.7364444434245428,10012145
9b4bca1a63ee,bdh_cq,propagate,25000,32,mild,"{""dim"": 1, ""distance"": 6, ""length"": 12, ""n_sources"": 1}",3,True,False,0,0.0,0.0,0.0,0.0,"[0.0, 0.0, 0.0]",0.0,0.0,0.0,0.6804999974370003,10012145
9b4bca1a63ee,bdh_cq,propagate,25000,32,mild,"{""dim"": 1, ""distance"": 8, ""length"": 12, ""n_sources"": 1}",3,True,False,0,0.0,0.0,0.0,0.0,"[0.0, 0.0, 0.0]",0.0,0.0,0.0,0.7359999985694885,10012145
9b4bca1a63ee,bdh_cq,propagate,27500,32,mild,"{""dim"": 1, ""distance"": 6, ""length"": 12, ""n_sources"": 1}",3,True,False,0,0.0,0.0,0.0,0.0,"[0.0, 0.0, 0.0]",0.0,0.0,0.0,0.7092222205201786,10012145
9b4bca1a63ee,bdh_cq,propagate,27500,32,mild,"{""dim"": 1, ""distance"": 8, ""length"": 12, ""n_sources"": 1}",3,True,False,0,0.0,0.0,0.0,0.0,"[0.0, 0.0, 0.0]",0.0,0.0,0.0,0.7478333328167598,10012145
9b4bca1a63ee,bdh_cq,propagate,30000,32,mild,"{""dim"": 1, ""distance"": 6, ""length"": 12, ""n_sources"": 1}",3,True,False,0,0.0,0.0,0.0,0.0,"[0.0, 0.0, 0.0]",0.0,0.0,0.0,0.7091111087600389,10012145
9b4bca1a63ee,bdh_cq,propagate,30000,32,mild,"{""dim"": 1, ""distance"": 8, ""length"": 12, ""n_sources"": 1}",3,True,False,0,0.0,0.0,0.0,0.0,"[0.0, 0.0, 0.0]",0.0,0.0,0.0,0.7548333311875662,10012145
9b4bca1a63ee,bdh_cq,propagate,32500,32,mild,"{""dim"": 1, ""distance"": 6, ""length"": 12, ""n_sources"": 1}",3,True,False,0,0.0,0.0,0.0,0.0,"[0.0, 0.0, 0.0]",0.0,0.0,0.0,0.7186111083626748,10012145
9b4bca1a63ee,bdh_cq,propagate,32500,32,mild,"{""dim"": 1, ""distance"": 8, ""length"": 12, ""n_sources"": 1}",3,True,False,0,0.0,0.0,0.0,0.0,"[0.0, 0.0, 0.0]",0.0,0.0,0.0,0.7572222196857133,10012145
9b4bca1a63ee,bdh_cq,propagate,35000,32,mild,"{""dim"": 1, ""distance"": 6, ""length"": 12, ""n_sources"": 1}",3,True,False,0,0.0,0.0,0.0,0.0,"[0.0, 0.0, 0.0]",0.0,0.0,0.0,0.7136111095150312,10012145
9b4bca1a63ee,bdh_cq,propagate,35000,32,mild,"{""dim"": 1, ""distance"": 8, ""length"": 12, ""n_sources"": 1}",3,True,False,0,0.0,0.0,0.0,0.0,"[0.0, 0.0, 0.0]",0.0,0.0,0.0,0.753944442053636,10012145
9b4bca1a63ee,bdh_cq,propagate,37500,32,mild,"{""dim"": 1, ""distance"": 6, ""length"": 12, ""n_sources"": 1}",3,True,False,0,0.0,0.0,0.0,0.0,"[0.0, 0.0, 0.0]",0.0,0.0,0.0,0.7214999976158142,10012145
9b4bca1a63ee,bdh_cq,propagate,37500,32,mild,"{""dim"": 1, ""distance"": 8, ""length"": 12, ""n_sources"": 1}",3,True,False,0,0.0,0.0,0.0,0.0,"[0.0, 0.0, 0.0]",0.0,0.0,0.0,0.7577777746717135,10012145
9b4bca1a63ee,bdh_cq,propagate,40000,32,mild,"{""dim"": 1, ""distance"": 6, ""length"": 12, ""n_sources"": 1}",3,True,False,0,0.0,0.0,0.0,0.0,"[0.0, 0.0, 0.0]",0.0,0.0,0.0,0.723722219745318,10012145
9b4bca1a63ee,bdh_cq,propagate,40000,32,mild,"{""dim"": 1, ""distance"": 8, ""length"": 12, ""n_sources"": 1}",3,True,False,0,0.0,0.0,0.0,0.0,"[0.0, 0.0, 0.0]",0.0,0.0,0.0,0.7599444410006205,10012145
a976f5e26896,bdh_cq,propagate,8000,32,mild,"{""dim"": 1, ""distance"": 6, ""length"": 12, ""n_sources"": 1}",1,True,True,0,0.0,0.0,0.0,0.0,[0.0],0.0,0.0,0.0,0.7866666555404663,10012145
a976f5e26896,bdh_cq,propagate,8000,32,mild,"{""dim"": 1, ""distance"": 8, ""length"": 12, ""n_sources"": 1}",1,True,True,0,0.0,0.0,0.0,0.0,[0.0],0.0,0.0,0.0,0.8049999874830246,10012145
cb0b76097aaf,bdh_cq,propagate,2500,32,mild,"{""dim"": 1, ""distance"": 6, ""length"": 12, ""n_sources"": 1}",3,True,False,0,0.0,0.0,0.0,0.0,"[0.0, 0.0, 0.0]",0.0,0.0,0.0,0.7551666630407174,10010880
cb0b76097aaf,bdh_cq,propagate,2500,32,mild,"{""dim"": 1, ""distance"": 8, ""length"": 12, ""n_sources"": 1}",3,True,False,0,0.0,0.0,0.0,0.0,"[0.0, 0.0, 0.0]",0.0,0.0,0.0,0.7676666602740685,10010880
cb0b76097aaf,bdh_cq,propagate,5000,32,mild,"{""dim"": 1, ""distance"": 6, ""length"": 12, ""n_sources"": 1}",3,True,False,0,0.0,0.0,0.0,0.0,"[0.0, 0.0, 0.0]",0.0,0.0,0.0,0.7481111088146766,10010880
cb0b76097aaf,bdh_cq,propagate,5000,32,mild,"{""dim"": 1, ""distance"": 8, ""length"": 12, ""n_sources"": 1}",3,True,False,0,0.0,0.0,0.0,0.0,"[0.0, 0.0, 0.0]",0.0,0.0,0.0,0.7651666616549094,10010880
cb0b76097aaf,bdh_cq,propagate,7500,32,mild,"{""dim"": 1, ""distance"": 6, ""length"": 12, ""n_sources"": 1}",3,True,False,0,0.0,0.0,0.0,0.0,"[0.0, 0.0, 0.0]",0.0,0.0,0.0,0.7569999980131786,10010880
cb0b76097aaf,bdh_cq,propagate,7500,32,mild,"{""dim"": 1, ""distance"": 8, ""length"": 12, ""n_sources"": 1}",3,True,False,0,0.0,0.0,0.0,0.0,"[0.0, 0.0, 0.0]",0.0,0.0,0.0,0.7711111058890819,10010880
cb0b76097aaf,bdh_cq,propagate,10000,32,mild,"{""dim"": 1, ""distance"": 6, ""length"": 12, ""n_sources"": 1}",3,True,False,0,0.0,0.0,0.0,0.0,"[0.0, 0.0, 0.0]",0.0,0.0,0.0,0.7605555529991785,10010880
cb0b76097aaf,bdh_cq,propagate,10000,32,mild,"{""dim"": 1, ""distance"": 8, ""length"": 12, ""n_sources"": 1}",3,True,False,0,0.0,0.0,0.0,0.0,"[0.0, 0.0, 0.0]",0.0,0.0,0.0,0.7733333276708921,10010880
cb0b76097aaf,bdh_cq,propagate,12500,32,mild,"{""dim"": 1, ""distance"": 6, ""length"": 12, ""n_sources"": 1}",3,True,False,0,0.0,0.0,0.0,0.0,"[0.0, 0.0, 0.0]",0.0,0.0,0.0,0.7706666616400083,10010880
cb0b76097aaf,bdh_cq,propagate,12500,32,mild,"{""dim"": 1, ""distance"": 8, ""length"": 12, ""n_sources"": 1}",3,True,False,0,0.0,0.0,0.0,0.0,"[0.0, 0.0, 0.0]",0.0,0.0,0.0,0.7748888828754424,10010880
cb0b76097aaf,bdh_cq,propagate,15000,32,mild,"{""dim"": 1, ""distance"": 6, ""length"": 12, ""n_sources"": 1}",3,True,False,0,0.0,0.0,0.0,0.0,"[0.0, 0.0, 0.0]",0.0,0.0,0.0,0.7782777710358303,10010880
cb0b76097aaf,bdh_cq,propagate,15000,32,mild,"{""dim"": 1, ""distance"": 8, ""length"": 12, ""n_sources"": 1}",3,True,False,0,0.0,0.0,0.0,0.0,"[0.0, 0.0, 0.0]",0.0,0.0,0.0,0.7802777705589931,10010880
cb0b76097aaf,bdh_cq,propagate,17500,32,mild,"{""dim"": 1, ""distance"": 6, ""length"": 12, ""n_sources"": 1}",3,True,False,0,0.0,0.0,0.0,0.0,"[0.0, 0.0, 0.0]",0.0,0.0,0.0,0.7804444370865822,10010880
cb0b76097aaf,bdh_cq,propagate,17500,32,mild,"{""dim"": 1, ""distance"": 8, ""length"": 12, ""n_sources"": 1}",3,True,False,0,0.0,0.0,0.0,0.0,"[0.0, 0.0, 0.0]",0.0,0.0,0.0,0.7844999917745591,10010880
cb0b76097aaf,bdh_cq,propagate,20000,32,mild,"{""dim"": 1, ""distance"": 6, ""length"": 12, ""n_sources"": 1}",3,True,False,0,0.0,0.0,0.0,0.0,"[0.0, 0.0, 0.0]",0.0,0.0,0.0,0.779833326180776,10010880
cb0b76097aaf,bdh_cq,propagate,20000,32,mild,"{""dim"": 1, ""distance"": 8, ""length"": 12, ""n_sources"": 1}",3,True,False,0,0.0,0.0,0.0,0.0,"[0.0, 0.0, 0.0]",0.0,0.0,0.0,0.7793888818820318,10010880
cb0b76097aaf,bdh_cq,propagate,22500,32,mild,"{""dim"": 1, ""distance"": 6, ""length"": 12, ""n_sources"": 1}",3,True,False,0,0.0,0.0,0.0,0.0,"[0.0, 0.0, 0.0]",0.0,0.0,0.0,0.7812222147782645,10010880
cb0b76097aaf,bdh_cq,propagate,22500,32,mild,"{""dim"": 1, ""distance"": 8, ""length"": 12, ""n_sources"": 1}",3,True,False,0,0.0,0.0,0.0,0.0,"[0.0, 0.0, 0.0]",0.0,0.0,0.0,0.7835555475552877,10010880
cb0b76097aaf,bdh_cq,propagate,25000,32,mild,"{""dim"": 1, ""distance"": 6, ""length"": 12, ""n_sources"": 1}",3,True,False,0,0.0,0.0,0.0,0.0,"[0.0, 0.0, 0.0]",0.0,0.0,0.0,0.782444436709086,10010880
cb0b76097aaf,bdh_cq,propagate,25000,32,mild,"{""dim"": 1, ""distance"": 8, ""length"": 12, ""n_sources"": 1}",3,True,False,0,0.0,0.0,0.0,0.0,"[0.0, 0.0, 0.0]",0.0,0.0,0.0,0.7807222148974736,10010880
cb0b76097aaf,bdh_cq,propagate,27500,32,mild,"{""dim"": 1, ""distance"": 6, ""length"": 12, ""n_sources"": 1}",3,True,False,0,0.0,0.0,0.0,0.0,"[0.0, 0.0, 0.0]",0.0,0.0,0.0,0.7812777703205743,10010880
cb0b76097aaf,bdh_cq,propagate,27500,32,mild,"{""dim"": 1, ""distance"": 8, ""length"": 12, ""n_sources"": 1}",3,True,False,0,0.0,0.0,0.0,0.0,"[0.0, 0.0, 0.0]",0.0,0.0,0.0,0.7832777698437372,10010880
cb0b76097aaf,bdh_cq,propagate,30000,32,mild,"{""dim"": 1, ""distance"": 6, ""length"": 12, ""n_sources"": 1}",3,True,False,0,0.0,0.0,0.0,0.0,"[0.0, 0.0, 0.0]",0.0,0.0,0.0,0.7799444373051326,10010880
cb0b76097aaf,bdh_cq,propagate,30000,32,mild,"{""dim"": 1, ""distance"": 8, ""length"": 12, ""n_sources"": 1}",3,True,False,0,0.0,0.0,0.0,0.0,"[0.0, 0.0, 0.0]",0.0,0.0,0.0,0.7866666579246521,10010880
cb0b76097aaf,bdh_cq,propagate,32500,32,mild,"{""dim"": 1, ""distance"": 6, ""length"": 12, ""n_sources"": 1}",3,True,False,0,0.0,0.0,0.0,0.0,"[0.0, 0.0, 0.0]",0.0,0.0,0.0,0.7811666592359542,10010880
cb0b76097aaf,bdh_cq,propagate,32500,32,mild,"{""dim"": 1, ""distance"": 8, ""length"": 12, ""n_sources"": 1}",3,True,False,0,0.0,0.0,0.0,0.0,"[0.0, 0.0, 0.0]",0.0,0.0,0.0,0.7843333251476289,10010880
cb0b76097aaf,bdh_cq,propagate,35000,32,mild,"{""dim"": 1, ""distance"": 6, ""length"": 12, ""n_sources"": 1}",3,True,False,0,0.0,0.0,0.0,0.0,"[0.0, 0.0, 0.0]",0.0,0.0,0.0,0.7809999926090242,10010880
cb0b76097aaf,bdh_cq,propagate,35000,32,mild,"{""dim"": 1, ""distance"": 8, ""length"": 12, ""n_sources"": 1}",3,True,False,0,0.0,0.0,0.0,0.0,"[0.0, 0.0, 0.0]",0.0,0.0,0.0,0.7830555476744969,10010880
cb0b76097aaf,bdh_cq,propagate,37500,32,mild,"{""dim"": 1, ""distance"": 6, ""length"": 12, ""n_sources"": 1}",3,True,False,0,0.0,0.0,0.0,0.0,"[0.0, 0.0, 0.0]",0.0,0.0,0.0,0.7808333259820938,10010880
cb0b76097aaf,bdh_cq,propagate,37500,32,mild,"{""dim"": 1, ""distance"": 8, ""length"": 12, ""n_sources"": 1}",3,True,False,0,0.0,0.0,0.0,0.0,"[0.0, 0.0, 0.0]",0.0,0.0,0.0,0.783833325266838,10010880
cb0b76097aaf,bdh_cq,propagate,40000,32,mild,"{""dim"": 1, ""distance"": 6, ""length"": 12, ""n_sources"": 1}",3,True,False,0,0.0,0.0,0.0,0.0,"[0.0, 0.0, 0.0]",0.0,0.0,0.0,0.7809999926090242,10010880
cb0b76097aaf,bdh_cq,propagate,40000,32,mild,"{""dim"": 1, ""distance"": 8, ""length"": 12, ""n_sources"": 1}",3,True,False,0,0.0,0.0,0.0,0.0,"[0.0, 0.0, 0.0]",0.0,0.0,0.0,0.784388880689939,10010880
eca47f97dfa3,bdh_cq,propagate,8000,32,mild,"{""dim"": 1, ""distance"": 6, ""length"": 12, ""n_sources"": 1}",1,True,True,0,0.0,0.0,0.0,0.0,[0.0],0.0,0.0,0.0,0.6533333361148834,10010888
eca47f97dfa3,bdh_cq,propagate,8000,32,mild,"{""dim"": 1, ""distance"": 8, ""length"": 12, ""n_sources"": 1}",1,True,True,0,0.0,0.0,0.0,0.0,[0.0],0.0,0.0,0.0,0.6708333360403776,10010888
f0b8b7c55f92,bdh_cq,propagate,40000,32,mild,"{""dim"": 1, ""distance"": 6, ""length"": 12, ""n_sources"": 1}",3,True,False,0,0.0,0.0,0.0,0.0,"[0.0, 0.0, 0.0]",0.0,0.0,0.0,0.4850555570622285,10010880
f0b8b7c55f92,bdh_cq,propagate,40000,32,mild,"{""dim"": 1, ""distance"": 8, ""length"": 12, ""n_sources"": 1}",3,True,False,0,0.0,0.0,0.0,0.0,"[0.0, 0.0, 0.0]",0.0,0.0,0.0,0.4369444431960583,10010880
3d6407474980,bdh_cq,propagate,2500,1,strong,"{""dim"": 1, ""distance"": 12, ""length"": 48, ""n_sources"": 1}",1,True,True,0,0.0,0.0,0.0,0.0,[0.0],0.0,0.0,0.0,0.7724999916553498,10010880
3d6407474980,bdh_cq,propagate,2500,1,strong,"{""dim"": 1, ""distance"": 24, ""length"": 48, ""n_sources"": 1}",1,True,True,0,0.0,0.0,0.0,0.0,[0.0],0.0,0.0,0.0,0.7218750002980232,10010880
3d6407474980,bdh_cq,propagate,5000,1,strong,"{""dim"": 1, ""distance"": 12, ""length"": 48, ""n_sources"": 1}",1,True,True,0,0.0,0.0,0.0,0.0,[0.0],0.0,0.0,0.0,0.7258333200216294,10010880
3d6407474980,bdh_cq,propagate,5000,1,strong,"{""dim"": 1, ""distance"": 24, ""length"": 48, ""n_sources"": 1}",1,True,True,0,0.0,0.0,0.0,0.0,[0.0],0.0,0.0,0.0,0.6116666689515113,10010880
3d6407474980,bdh_cq,propagate,7500,1,strong,"{""dim"": 1, ""distance"": 12, ""length"": 48, ""n_sources"": 1}",1,True,True,0,0.0,0.0,0.0,0.0,[0.0],0.0,0.0,0.0,0.7185416531562805,10010880
3d6407474980,bdh_cq,propagate,7500,1,strong,"{""dim"": 1, ""distance"": 24, ""length"": 48, ""n_sources"": 1}",1,True,True,0,0.0,0.0,0.0,0.0,[0.0],0.0,0.0,0.0,0.5891666668653488,10010880
3d6407474980,bdh_cq,propagate,8000,1,strong,"{""dim"": 1, ""distance"": 12, ""length"": 48, ""n_sources"": 1}",1,True,True,0,0.0,0.0,0.0,0.0,[0.0],0.0,0.0,0.0,0.7183333206176757,10010880
3d6407474980,bdh_cq,propagate,8000,1,strong,"{""dim"": 1, ""distance"": 24, ""length"": 48, ""n_sources"": 1}",1,True,True,0,0.0,0.0,0.0,0.0,[0.0],0.0,0.0,0.0,0.5885416668653488,10010880
79d948f95c7e,bdh_cq,propagate,2500,1,strong,"{""dim"": 1, ""distance"": 12, ""length"": 48, ""n_sources"": 1}",3,True,False,0,0.0,0.0,0.0,0.0,"[0.0, 0.0, 0.0]",0.0,0.0,0.0,0.7478055410385132,10010888
79d948f95c7e,bdh_cq,propagate,2500,1,strong,"{""dim"": 1, ""distance"": 24, ""length"": 48, ""n_sources"": 1}",3,True,False,0,0.0,0.0,0.0,0.0,"[0.0, 0.0, 0.0]",0.0,0.0,0.0,0.6179305569330852,10010888
79d948f95c7e,bdh_cq,propagate,5000,1,strong,"{""dim"": 1, ""distance"": 12, ""length"": 48, ""n_sources"": 1}",3,True,False,0,0.0,0.0,0.0,0.0,"[0.0, 0.0, 0.0]",0.0,0.0,0.0,0.7216249835888545,10010888
79d948f95c7e,bdh_cq,propagate,5000,1,strong,"{""dim"": 1, ""distance"": 24, ""length"": 48, ""n_sources"": 1}",3,True,False,0,0.0,0.0,0.0,0.0,"[0.0, 0.0, 0.0]",0.0,0.0,0.0,0.5525555582245191,10010888
79d948f95c7e,bdh_cq,propagate,7500,1,strong,"{""dim"": 1, ""distance"": 12, ""length"": 48, ""n_sources"": 1}",3,True,False,0,0.0,0.0,0.0,0.0,"[0.0, 0.0, 0.0]",0.0,0.0,0.0,0.7369305409590403,10010888
79d948f95c7e,bdh_cq,propagate,7500,1,strong,"{""dim"": 1, ""distance"": 24, ""length"": 48, ""n_sources"": 1}",3,True,False,0,0.0,0.0,0.0,0.0,"[0.0, 0.0, 0.0]",0.0,0.0,0.0,0.5950555572311084,10010888
79d948f95c7e,bdh_cq,propagate,10000,1,strong,"{""dim"": 1, ""distance"": 12, ""length"": 48, ""n_sources"": 1}",3,True,False,0,0.0,0.0,0.0,0.0,"[0.0, 0.0, 0.0]",0.0,0.0,0.0,0.7519444315036138,10010888
79d948f95c7e,bdh_cq,propagate,10000,1,strong,"{""dim"": 1, ""distance"": 24, ""length"": 48, ""n_sources"": 1}",3,True,False,0,0.0,0.0,0.0,0.0,"[0.0, 0.0, 0.0]",0.0,0.0,0.0,0.6350277783075969,10010888
79d948f95c7e,bdh_cq,propagate,12500,1,strong,"{""dim"": 1, ""distance"": 12, ""length"": 48, ""n_sources"": 1}",3,True,False,0,0.0,0.0,0.0,0.0,"[0.0, 0.0, 0.0]",0.0,0.0,0.0,0.7507083198229472,10010888
79d948f95c7e,bdh_cq,propagate,12500,1,strong,"{""dim"": 1, ""distance"": 24, ""length"": 48, ""n_sources"": 1}",3,True,False,0,0.0,0.0,0.0,0.0,"[0.0, 0.0, 0.0]",0.0,0.0,0.0,0.6175833344260852,10010888
79d948f95c7e,bdh_cq,propagate,15000,1,strong,"{""dim"": 1, ""distance"": 12, ""length"": 48, ""n_sources"": 1}",3,True,False,0,0.0,0.0,0.0,0.0,"[0.0, 0.0, 0.0]",0.0,0.0,0.0,0.7619999869267146,10010888
79d948f95c7e,bdh_cq,propagate,15000,1,strong,"{""dim"": 1, ""distance"": 24, ""length"": 48, ""n_sources"": 1}",3,True,False,0,0.0,0.0,0.0,0.0,"[0.0, 0.0, 0.0]",0.0,0.0,0.0,0.6084166689117749,10010888
79d948f95c7e,bdh_cq,propagate,17500,1,strong,"{""dim"": 1, ""distance"": 12, ""length"": 48, ""n_sources"": 1}",3,True,False,0,0.0,0.0,0.0,0.0,"[0.0, 0.0, 0.0]",0.0,0.0,0.0,0.7657777641216913,10010888
79d948f95c7e,bdh_cq,propagate,17500,1,strong,"{""dim"": 1, ""distance"": 24, ""length"": 48, ""n_sources"": 1}",3,True,False,0,0.0,0.0,0.0,0.0,"[0.0, 0.0, 0.0]",0.0,0.0,0.0,0.6214722237288952,10010888
79d948f95c7e,bdh_cq,propagate,20000,1,strong,"{""dim"": 1, ""distance"": 12, ""length"": 48, ""n_sources"": 1}",3,True,False,0,0.0,0.0,0.0,0.0,"[0.0, 0.0, 0.0]",0.0,0.0,0.0,0.7653472086985905,10010888
79d948f95c7e,bdh_cq,propagate,20000,1,strong,"{""dim"": 1, ""distance"": 24, ""length"": 48, ""n_sources"": 1}",3,True,False,0,0.0,0.0,0.0,0.0,"[0.0, 0.0, 0.0]",0.0,0.0,0.0,0.6279583347638448,10010888
79d948f95c7e,bdh_cq,propagate,22500,1,strong,"{""dim"": 1, ""distance"": 12, ""length"": 48, ""n_sources"": 1}",3,True,False,0,0.0,0.0,0.0,0.0,"[0.0, 0.0, 0.0]",0.0,0.0,0.0,0.7725138763984044,10010888
79d948f95c7e,bdh_cq,propagate,22500,1,strong,"{""dim"": 1, ""distance"": 24, ""length"": 48, ""n_sources"": 1}",3,True,False,0,0.0,0.0,0.0,0.0,"[0.0, 0.0, 0.0]",0.0,0.0,0.0,0.6524722212553025,10010888
79d948f95c7e,bdh_cq,propagate,25000,1,strong,"{""dim"": 1, ""distance"": 12, ""length"": 48, ""n_sources"": 1}",3,True,False,0,0.0,0.0,0.0,0.0,"[0.0, 0.0, 0.0]",0.0,0.0,0.0,0.7794999868075053,10010888
79d948f95c7e,bdh_cq,propagate,25000,1,strong,"{""dim"": 1, ""distance"": 24, ""length"": 48, ""n_sources"": 1}",3,True,False,0,0.0,0.0,0.0,0.0,"[0.0, 0.0, 0.0]",0.0,0.0,0.0,0.654236111442248,10010888
79d948f95c7e,bdh_cq,propagate,27500,1,strong,"{""dim"": 1, ""distance"": 12, ""length"": 48, ""n_sources"": 1}",3,True,False,0,0.0,0.0,0.0,0.0,"[0.0, 0.0, 0.0]",0.0,0.0,0.0,0.7838472093343735,10010888
79d948f95c7e,bdh_cq,propagate,27500,1,strong,"{""dim"": 1, ""distance"": 24, ""length"": 48, ""n_sources"": 1}",3,True,False,0,0.0,0.0,0.0,0.0,"[0.0, 0.0, 0.0]",0.0,0.0,0.0,0.6638194441994031,10010888
79d948f95c7e,bdh_cq,propagate,30000,1,strong,"{""dim"": 1, ""distance"": 12, ""length"": 48, ""n_sources"": 1}",3,True,False,0,0.0,0.0,0.0,0.0,"[0.0, 0.0, 0.0]",0.0,0.0,0.0,0.773305541753769,10010888
79d948f95c7e,bdh_cq,propagate,30000,1,strong,"{""dim"": 1, ""distance"": 24, ""length"": 48, ""n_sources"": 1}",3,True,False,0,0.0,0.0,0.0,0.0,"[0.0, 0.0, 0.0]",0.0,0.0,0.0,0.6418611116210619,10010888
79d948f95c7e,bdh_cq,propagate,32500,1,strong,"{""dim"": 1, ""distance"": 12, ""length"": 48, ""n_sources"": 1}",3,True,False,0,0.0,0.0,0.0,0.0,"[0.0, 0.0, 0.0]",0.0,0.0,0.0,0.775513875524203,10010888
79d948f95c7e,bdh_cq,propagate,32500,1,strong,"{""dim"": 1, ""distance"": 24, ""length"": 48, ""n_sources"": 1}",3,True,False,0,0.0,0.0,0.0,0.0,"[0.0, 0.0, 0.0]",0.0,0.0,0.0,0.645,10010888
79d948f95c7e,bdh_cq,propagate,35000,1,strong,"{""dim"": 1, ""distance"": 12, ""length"": 48, ""n_sources"": 1}",3,True,False,0,0.0,0.0,0.0,0.0,"[0.0, 0.0, 0.0]",0.0,0.0,0.0,0.7732222086191177,10010888
79d948f95c7e,bdh_cq,propagate,35000,1,strong,"{""dim"": 1, ""distance"": 24, ""length"": 48, ""n_sources"": 1}",3,True,False,0,0.0,0.0,0.0,0.0,"[0.0, 0.0, 0.0]",0.0,0.0,0.0,0.6383333343664805,10010888
79d948f95c7e,bdh_cq,propagate,37500,1,strong,"{""dim"": 1, ""distance"": 12, ""length"": 48, ""n_sources"": 1}",3,True,False,0,0.0,0.0,0.0,0.0,"[0.0, 0.0, 0.0]",0.0,0.0,0.0,0.7728055421908696,10010888
79d948f95c7e,bdh_cq,propagate,37500,1,strong,"{""dim"": 1, ""distance"": 24, ""length"": 48, ""n_sources"": 1}",3,True,False,0,0.0,0.0,0.0,0.0,"[0.0, 0.0, 0.0]",0.0,0.0,0.0,0.6379305565158526,10010888
79d948f95c7e,bdh_cq,propagate,40000,1,strong,"{""dim"": 1, ""distance"": 12, ""length"": 48, ""n_sources"": 1}",3,True,False,0,0.0,0.0,0.0,0.0,"[0.0, 0.0, 0.0]",0.0,0.0,0.0,0.7729305422703425,10010888
79d948f95c7e,bdh_cq,propagate,40000,1,strong,"{""dim"": 1, ""distance"": 24, ""length"": 48, ""n_sources"": 1}",3,True,False,0,0.0,0.0,0.0,0.0,"[0.0, 0.0, 0.0]",0.0,0.0,0.0,0.638236111998558,10010888
9b4bca1a63ee,bdh_cq,propagate,2500,1,strong,"{""dim"": 1, ""distance"": 12, ""length"": 48, ""n_sources"": 1}",3,True,False,0,0.0,0.0,0.0,0.0,"[0.0, 0.0, 0.0]",0.0,0.0,0.0,0.7304444320512316,10012145
9b4bca1a63ee,bdh_cq,propagate,2500,1,strong,"{""dim"": 1, ""distance"": 24, ""length"": 48, ""n_sources"": 1}",3,True,False,0,0.0,0.0,0.0,0.0,"[0.0, 0.0, 0.0]",0.0,0.0,0.0,0.6183750006916623,10012145
9b4bca1a63ee,bdh_cq,propagate,5000,1,strong,"{""dim"": 1, ""distance"": 12, ""length"": 48, ""n_sources"": 1}",3,True,False,0,0.0,0.0,0.0,0.0,"[0.0, 0.0, 0.0]",0.0,0.0,0.0,0.7275694289691746,10012145
9b4bca1a63ee,bdh_cq,propagate,5000,1,strong,"{""dim"": 1, ""distance"": 24, ""length"": 48, ""n_sources"": 1}",3,True,False,0,0.0,0.0,0.0,0.0,"[0.0, 0.0, 0.0]",0.0,0.0,0.0,0.5597638925760985,10012145
9b4bca1a63ee,bdh_cq,propagate,7500,1,strong,"{""dim"": 1, ""distance"": 12, ""length"": 48, ""n_sources"": 1}",3,True,False,0,0.0,0.0,0.0,0.0,"[0.0, 0.0, 0.0]",0.0,0.0,0.0,0.7059583139307796,10012145
9b4bca1a63ee,bdh_cq,propagate,7500,1,strong,"{""dim"": 1, ""distance"": 24, ""length"": 48, ""n_sources"": 1}",3,True,False,0,0.0,0.0,0.0,0.0,"[0.0, 0.0, 0.0]",0.0,0.0,0.0,0.4626944533288479,10012145
9b4bca1a63ee,bdh_cq,propagate,10000,1,strong,"{""dim"": 1, ""distance"": 12, ""length"": 48, ""n_sources"": 1}",3,True,False,0,0.0,0.0,0.0,0.0,"[0.0, 0.0, 0.0]",0.0,0.0,0.0,0.7213055389324824,10012145
9b4bca1a63ee,bdh_cq,propagate,10000,1,strong,"{""dim"": 1, ""distance"": 24, ""length"": 48, ""n_sources"": 1}",3,True,False,0,0.0,0.0,0.0,0.0,"[0.0, 0.0, 0.0]",0.0,0.0,0.0,0.5154027804632981,10012145
9b4bca1a63ee,bdh_cq,propagate,12500,1,strong,"{""dim"": 1, ""distance"": 12, ""length"": 48, ""n_sources"": 1}",3,True,False,0,0.0,0.0,0.0,0.0,"[0.0, 0.0, 0.0]",0.0,0.0,0.0,0.7353055471579234,10012145
9b4bca1a63ee,bdh_cq,propagate,12500,1,strong,"{""dim"": 1, ""distance"": 24, ""length"": 48, ""n_sources"": 1}",3,True,False,0,0.0,0.0,0.0,0.0,"[0.0, 0.0, 0.0]",0.0,0.0,0.0,0.6121111106524865,10012145
9b4bca1a63ee,bdh_cq,propagate,15000,1,strong,"{""dim"": 1, ""distance"": 12, ""length"": 48, ""n_sources"": 1}",3,True,False,0,0.0,0.0,0.0,0.0,"[0.0, 0.0, 0.0]",0.0,0.0,0.0,0.7543611050446829,10012145
9b4bca1a63ee,bdh_cq,propagate,15000,1,strong,"{""dim"": 1, ""distance"": 24, ""length"": 48, ""n_sources"": 1}",3,True,False,0,0.0,0.0,0.0,0.0,"[0.0, 0.0, 0.0]",0.0,0.0,0.0,0.6524027764846881,10012145
9b4bca1a63ee,bdh_cq,propagate,17500,1,strong,"{""dim"": 1, ""distance"": 12, ""length"": 48, ""n_sources"": 1}",3,True,False,0,0.0,0.0,0.0,0.0,"[0.0, 0.0, 0.0]",0.0,0.0,0.0,0.7806944400171439,10012145
9b4bca1a63ee,bdh_cq,propagate,17500,1,strong,"{""dim"": 1, ""distance"": 24, ""length"": 48, ""n_sources"": 1}",3,True,False,0,0.0,0.0,0.0,0.0,"[0.0, 0.0, 0.0]",0.0,0.0,0.0,0.7055972214738527,10012145
9b4bca1a63ee,bdh_cq,propagate,20000,1,strong,"{""dim"": 1, ""distance"": 12, ""length"": 48, ""n_sources"": 1}",3,True,False,0,0.0,0.0,0.0,0.0,"[0.0, 0.0, 0.0]",0.0,0.0,0.0,0.8111666644215584,10012145
9b4bca1a63ee,bdh_cq,propagate,20000,1,strong,"{""dim"": 1, ""distance"": 24, ""length"": 48, ""n_sources"": 1}",3,True,False,0,0.0,0.0,0.0,0.0,"[0.0, 0.0, 0.0]",0.0,0.0,0.0,0.764555554519097,10012145
9b4bca1a63ee,bdh_cq,propagate,22500,1,strong,"{""dim"": 1, ""distance"": 12, ""length"": 48, ""n_sources"": 1}",3,True,False,0,0.0,0.0,0.0,0.0,"[0.0, 0.0, 0.0]",0.0,0.0,0.0,0.7915277744630972,10012145
9b4bca1a63ee,bdh_cq,propagate,22500,1,strong,"{""dim"": 1, ""distance"": 24, ""length"": 48, ""n_sources"": 1}",3,True,False,0,0.0,0.0,0.0,0.0,"[0.0, 0.0, 0.0]",0.0,0.0,0.0,0.7279166658495863,10012145
9b4bca1a63ee,bdh_cq,propagate,25000,1,strong,"{""dim"": 1, ""distance"": 12, ""length"": 48, ""n_sources"": 1}",3,True,False,0,0.0,0.0,0.0,0.0,"[0.0, 0.0, 0.0]",0.0,0.0,0.0,0.7910972191989423,10012145
9b4bca1a63ee,bdh_cq,propagate,25000,1,strong,"{""dim"": 1, ""distance"": 24, ""length"": 48, ""n_sources"": 1}",3,True,False,0,0.0,0.0,0.0,0.0,"[0.0, 0.0, 0.0]",0.0,0.0,0.0,0.7250277772247791,10012145
9b4bca1a63ee,bdh_cq,propagate,27500,1,strong,"{""dim"": 1, ""distance"": 12, ""length"": 48, ""n_sources"": 1}",3,True,False,0,0.0,0.0,0.0,0.0,"[0.0, 0.0, 0.0]",0.0,0.0,0.0,0.8396527758638065,10012145
9b4bca1a63ee,bdh_cq,propagate,27500,1,strong,"{""dim"": 1, ""distance"": 24, ""length"": 48, ""n_sources"": 1}",3,True,False,0,0.0,0.0,0.0,0.0,"[0.0, 0.0, 0.0]",0.0,0.0,0.0,0.8001805550555389,10012145
9b4bca1a63ee,bdh_cq,propagate,30000,1,strong,"{""dim"": 1, ""distance"": 12, ""length"": 48, ""n_sources"": 1}",3,True,False,0,0.0,0.0,0.0,0.0,"[0.0, 0.0, 0.0]",0.0,0.0,0.0,0.8314305536448957,10012145
9b4bca1a63ee,bdh_cq,propagate,30000,1,strong,"{""dim"": 1, ""distance"": 24, ""length"": 48, ""n_sources"": 1}",3,True,False,0,0.0,0.0,0.0,0.0,"[0.0, 0.0, 0.0]",0.0,0.0,0.0,0.7840694434642792,10012145
9b4bca1a63ee,bdh_cq,propagate,32500,1,strong,"{""dim"": 1, ""distance"": 12, ""length"": 48, ""n_sources"": 1}",3,True,False,0,0.0,0.0,0.0,0.0,"[0.0, 0.0, 0.0]",0.0,0.0,0.0,0.8164305526117485,10012145
9b4bca1a63ee,bdh_cq,propagate,32500,1,strong,"{""dim"": 1, ""distance"": 24, ""length"": 48, ""n_sources"": 1}",3,True,False,0,0.0,0.0,0.0,0.0,"[0.0, 0.0, 0.0]",0.0,0.0,0.0,0.7604583330949147,10012145
9b4bca1a63ee,bdh_cq,propagate,35000,1,strong,"{""dim"": 1, ""distance"": 12, ""length"": 48, ""n_sources"": 1}",3,True,False,0,0.0,0.0,0.0,0.0,"[0.0, 0.0, 0.0]",0.0,0.0,0.0,0.8159027745525043,10012145
9b4bca1a63ee,bdh_cq,propagate,35000,1,strong,"{""dim"": 1, ""distance"": 24, ""length"": 48, ""n_sources"": 1}",3,True,False,0,0.0,0.0,0.0,0.0,"[0.0, 0.0, 0.0]",0.0,0.0,0.0,0.7585555553187926,10012145
9b4bca1a63ee,bdh_cq,propagate,37500,1,strong,"{""dim"": 1, ""distance"": 12, ""length"": 48, ""n_sources"": 1}",3,True,False,0,0.0,0.0,0.0,0.0,"[0.0, 0.0, 0.0]",0.0,0.0,0.0,0.8165972186128299,10012145
9b4bca1a63ee,bdh_cq,propagate,37500,1,strong,"{""dim"": 1, ""distance"": 24, ""length"": 48, ""n_sources"": 1}",3,True,False,0,0.0,0.0,0.0,0.0,"[0.0, 0.0, 0.0]",0.0,0.0,0.0,0.7560138884733121,10012145
9b4bca1a63ee,bdh_cq,propagate,40000,1,strong,"{""dim"": 1, ""distance"": 12, ""length"": 48, ""n_sources"": 1}",3,True,False,0,0.0,0.0,0.0,0.0,"[0.0, 0.0, 0.0]",0.0,0.0,0.0,0.8155833296577134,10012145
9b4bca1a63ee,bdh_cq,propagate,40000,1,strong,"{""dim"": 1, ""distance"": 24, ""length"": 48, ""n_sources"": 1}",3,True,False,0,0.0,0.0,0.0,0.0,"[0.0, 0.0, 0.0]",0.0,0.0,0.0,0.7540694440255562,10012145
a976f5e26896,bdh_cq,propagate,2500,1,strong,"{""dim"": 1, ""distance"": 12, ""length"": 48, ""n_sources"": 1}",1,True,True,0,0.0,0.0,0.0,0.0,[0.0],0.0,0.0,0.0,0.756458320915699,10012145
a976f5e26896,bdh_cq,propagate,2500,1,strong,"{""dim"": 1, ""distance"": 24, ""length"": 48, ""n_sources"": 1}",1,True,True,0,0.0,0.0,0.0,0.0,[0.0],0.0,0.0,0.0,0.6974999995529652,10012145
a976f5e26896,bdh_cq,propagate,5000,1,strong,"{""dim"": 1, ""distance"": 12, ""length"": 48, ""n_sources"": 1}",1,True,True,0,0.0,0.0,0.0,0.0,[0.0],0.0,0.0,0.0,0.5960416519269347,10012145
a976f5e26896,bdh_cq,propagate,5000,1,strong,"{""dim"": 1, ""distance"": 24, ""length"": 48, ""n_sources"": 1}",1,True,True,0,0.0,0.0,0.0,0.0,[0.0],0.0,0.0,0.0,0.4593750044517219,10012145
a976f5e26896,bdh_cq,propagate,7500,1,strong,"{""dim"": 1, ""distance"": 12, ""length"": 48, ""n_sources"": 1}",1,True,True,0,0.0,0.0,0.0,0.0,[0.0],0.0,0.0,0.0,0.5885416536591948,10012145
a976f5e26896,bdh_cq,propagate,7500,1,strong,"{""dim"": 1, ""distance"": 24, ""length"": 48, ""n_sources"": 1}",1,True,True,0,0.0,0.0,0.0,0.0,[0.0],0.0,0.0,0.0,0.4495833371207118,10012145
a976f5e26896,bdh_cq,propagate,8000,1,strong,"{""dim"": 1, ""distance"": 12, ""length"": 48, ""n_sources"": 1}",1,True,True,0,0.0,0.0,0.0,0.0,[0.0],0.0,0.0,0.0,0.5908333200775087,10012145
a976f5e26896,bdh_cq,propagate,8000,1,strong,"{""dim"": 1, ""distance"": 24, ""length"": 48, ""n_sources"": 1}",1,True,True,0,0.0,0.0,0.0,0.0,[0.0],0.0,0.0,0.0,0.4481250050291419,10012145
cb0b76097aaf,bdh_cq,propagate,2500,1,strong,"{""dim"": 1, ""distance"": 12, ""length"": 48, ""n_sources"": 1}",3,True,False,0,0.0,0.0,0.0,0.0,"[0.0, 0.0, 0.0]",0.0,0.0,0.0,0.7827361001173655,10010880
cb0b76097aaf,bdh_cq,propagate,2500,1,strong,"{""dim"": 1, ""distance"": 24, ""length"": 48, ""n_sources"": 1}",3,True,False,0,0.0,0.0,0.0,0.0,"[0.0, 0.0, 0.0]",0.0,0.0,0.0,0.703763888378938,10010880
cb0b76097aaf,bdh_cq,propagate,5000,1,strong,"{""dim"": 1, ""distance"": 12, ""length"": 48, ""n_sources"": 1}",3,True,False,0,0.0,0.0,0.0,0.0,"[0.0, 0.0, 0.0]",0.0,0.0,0.0,0.7129583146572113,10010880
cb0b76097aaf,bdh_cq,propagate,5000,1,strong,"{""dim"": 1, ""distance"": 24, ""length"": 48, ""n_sources"": 1}",3,True,False,0,0.0,0.0,0.0,0.0,"[0.0, 0.0, 0.0]",0.0,0.0,0.0,0.5007083389163017,10010880
cb0b76097aaf,bdh_cq,propagate,7500,1,strong,"{""dim"": 1, ""distance"": 12, ""length"": 48, ""n_sources"": 1}",3,True,False,0,0.0,0.0,0.0,0.0,"[0.0, 0.0, 0.0]",0.0,0.0,0.0,0.7296388734181721,10010880
cb0b76097aaf,bdh_cq,propagate,7500,1,strong,"{""dim"": 1, ""distance"": 24, ""length"": 48, ""n_sources"": 1}",3,True,False,0,0.0,0.0,0.0,0.0,"[0.0, 0.0, 0.0]",0.0,0.0,0.0,0.5772916692296665,10010880
cb0b76097aaf,bdh_cq,propagate,10000,1,strong,"{""dim"": 1, ""distance"": 12, ""length"": 48, ""n_sources"": 1}",3,True,False,0,0.0,0.0,0.0,0.0,"[0.0, 0.0, 0.0]",0.0,0.0,0.0,0.7488333193461102,10010880
cb0b76097aaf,bdh_cq,propagate,10000,1,strong,"{""dim"": 1, ""distance"": 24, ""length"": 48, ""n_sources"": 1}",3,True,False,0,0.0,0.0,0.0,0.0,"[0.0, 0.0, 0.0]",0.0,0.0,0.0,0.6130000030994415,10010880
cb0b76097aaf,bdh_cq,propagate,12500,1,strong,"{""dim"": 1, ""distance"": 12, ""length"": 48, ""n_sources"": 1}",3,True,False,0,0.0,0.0,0.0,0.0,"[0.0, 0.0, 0.0]",0.0,0.0,0.0,0.7397083185513814,10010880
cb0b76097aaf,bdh_cq,propagate,12500,1,strong,"{""dim"": 1, ""distance"": 24, ""length"": 48, ""n_sources"": 1}",3,True,False,0,0.0,0.0,0.0,0.0,"[0.0, 0.0, 0.0]",0.0,0.0,0.0,0.5877638910015425,10010880
cb0b76097aaf,bdh_cq,propagate,15000,1,strong,"{""dim"": 1, ""distance"": 12, ""length"": 48, ""n_sources"": 1}",3,True,False,0,0.0,0.0,0.0,0.0,"[0.0, 0.0, 0.0]",0.0,0.0,0.0,0.7146805374622346,10010880
cb0b76097aaf,bdh_cq,propagate,15000,1,strong,"{""dim"": 1, ""distance"": 24, ""length"": 48, ""n_sources"": 1}",3,True,False,0,0.0,0.0,0.0,0.0,"[0.0, 0.0, 0.0]",0.0,0.0,0.0,0.5100277833541235,10010880
cb0b76097aaf,bdh_cq,propagate,17500,1,strong,"{""dim"": 1, ""distance"": 12, ""length"": 48, ""n_sources"": 1}",3,True,False,0,0.0,0.0,0.0,0.0,"[0.0, 0.0, 0.0]",0.0,0.0,0.0,0.7169166488647462,10010880
cb0b76097aaf,bdh_cq,propagate,17500,1,strong,"{""dim"": 1, ""distance"": 24, ""length"": 48, ""n_sources"": 1}",3,True,False,0,0.0,0.0,0.0,0.0,"[0.0, 0.0, 0.0]",0.0,0.0,0.0,0.5174166716734568,10010880
cb0b76097aaf,bdh_cq,propagate,20000,1,strong,"{""dim"": 1, ""distance"": 12, ""length"": 48, ""n_sources"": 1}",3,True,False,0,0.0,0.0,0.0,0.0,"[0.0, 0.0, 0.0]",0.0,0.0,0.0,0.7241944279273351,10010880
cb0b76097aaf,bdh_cq,propagate,20000,1,strong,"{""dim"": 1, ""distance"": 24, ""length"": 48, ""n_sources"": 1}",3,True,False,0,0.0,0.0,0.0,0.0,"[0.0, 0.0, 0.0]",0.0,0.0,0.0,0.5473194482723872,10010880
cb0b76097aaf,bdh_cq,propagate,22500,1,strong,"{""dim"": 1, ""distance"": 12, ""length"": 48, ""n_sources"": 1}",3,True,False,0,0.0,0.0,0.0,0.0,"[0.0, 0.0, 0.0]",0.0,0.0,0.0,0.7224027611017227,10010880
cb0b76097aaf,bdh_cq,propagate,22500,1,strong,"{""dim"": 1, ""distance"": 24, ""length"": 48, ""n_sources"": 1}",3,True,False,0,0.0,0.0,0.0,0.0,"[0.0, 0.0, 0.0]",0.0,0.0,0.0,0.5447638927102089,10010880
cb0b76097aaf,bdh_cq,propagate,25000,1,strong,"{""dim"": 1, ""distance"": 12, ""length"": 48, ""n_sources"": 1}",3,True,False,0,0.0,0.0,0.0,0.0,"[0.0, 0.0, 0.0]",0.0,0.0,0.0,0.7217499836285909,10010880
cb0b76097aaf,bdh_cq,propagate,25000,1,strong,"{""dim"": 1, ""distance"": 24, ""length"": 48, ""n_sources"": 1}",3,True,False,0,0.0,0.0,0.0,0.0,"[0.0, 0.0, 0.0]",0.0,0.0,0.0,0.538513892531395,10010880
cb0b76097aaf,bdh_cq,propagate,27500,1,strong,"{""dim"": 1, ""distance"": 12, ""length"": 48, ""n_sources"": 1}",3,True,False,0,0.0,0.0,0.0,0.0,"[0.0, 0.0, 0.0]",0.0,0.0,0.0,0.7266944287220637,10010880
cb0b76097aaf,bdh_cq,propagate,27500,1,strong,"{""dim"": 1, ""distance"": 24, ""length"": 48, ""n_sources"": 1}",3,True,False,0,0.0,0.0,0.0,0.0,"[0.0, 0.0, 0.0]",0.0,0.0,0.0,0.5585555587410926,10010880
cb0b76097aaf,bdh_cq,propagate,30000,1,strong,"{""dim"": 1, ""distance"": 12, ""length"": 48, ""n_sources"": 1}",3,True,False,0,0.0,0.0,0.0,0.0,"[0.0, 0.0, 0.0]",0.0,0.0,0.0,0.719194427450498,10010880
cb0b76097aaf,bdh_cq,propagate,30000,1,strong,"{""dim"": 1, ""distance"": 24, ""length"": 48, ""n_sources"": 1}",3,True,False,0,0.0,0.0,0.0,0.0,"[0.0, 0.0, 0.0]",0.0,0.0,0.0,0.5251250036160151,10010880
cb0b76097aaf,bdh_cq,propagate,32500,1,strong,"{""dim"": 1, ""distance"": 12, ""length"": 48, ""n_sources"": 1}",3,True,False,0,0.0,0.0,0.0,0.0,"[0.0, 0.0, 0.0]",0.0,0.0,0.0,0.7191805384159089,10010880
cb0b76097aaf,bdh_cq,propagate,32500,1,strong,"{""dim"": 1, ""distance"": 24, ""length"": 48, ""n_sources"": 1}",3,True,False,0,0.0,0.0,0.0,0.0,"[0.0, 0.0, 0.0]",0.0,0.0,0.0,0.5253750039140384,10010880
cb0b76097aaf,bdh_cq,propagate,35000,1,strong,"{""dim"": 1, ""distance"": 12, ""length"": 48, ""n_sources"": 1}",3,True,False,0,0.0,0.0,0.0,0.0,"[0.0, 0.0, 0.0]",0.0,0.0,0.0,0.7187083159287769,10010880
cb0b76097aaf,bdh_cq,propagate,35000,1,strong,"{""dim"": 1, ""distance"": 24, ""length"": 48, ""n_sources"": 1}",3,True,False,0,0.0,0.0,0.0,0.0,"[0.0, 0.0, 0.0]",0.0,0.0,0.0,0.5263333373665809,10010880
cb0b76097aaf,bdh_cq,propagate,37500,1,strong,"{""dim"": 1, ""distance"": 12, ""length"": 48, ""n_sources"": 1}",3,True,False,0,0.0,0.0,0.0,0.0,"[0.0, 0.0, 0.0]",0.0,0.0,0.0,0.7188055383364359,10010880
cb0b76097aaf,bdh_cq,propagate,37500,1,strong,"{""dim"": 1, ""distance"": 24, ""length"": 48, ""n_sources"": 1}",3,True,False,0,0.0,0.0,0.0,0.0,"[0.0, 0.0, 0.0]",0.0,0.0,0.0,0.5258472263813019,10010880
cb0b76097aaf,bdh_cq,propagate,40000,1,strong,"{""dim"": 1, ""distance"": 12, ""length"": 48, ""n_sources"": 1}",3,True,False,0,0.0,0.0,0.0,0.0,"[0.0, 0.0, 0.0]",0.0,0.0,0.0,0.7184722049633662,10010880
cb0b76097aaf,bdh_cq,propagate,40000,1,strong,"{""dim"": 1, ""distance"": 24, ""length"": 48, ""n_sources"": 1}",3,True,False,0,0.0,0.0,0.0,0.0,"[0.0, 0.0, 0.0]",0.0,0.0,0.0,0.5244861149986586,10010880
eca47f97dfa3,bdh_cq,propagate,2500,1,strong,"{""dim"": 1, ""distance"": 12, ""length"": 48, ""n_sources"": 1}",1,True,True,0,0.0,0.0,0.0,0.0,[0.0],0.0,0.0,0.0,0.7616666549444199,10010888
eca47f97dfa3,bdh_cq,propagate,2500,1,strong,"{""dim"": 1, ""distance"": 24, ""length"": 48, ""n_sources"": 1}",1,True,True,0,0.0,0.0,0.0,0.0,[0.0],0.0,0.0,0.0,0.7077083337306976,10010888
eca47f97dfa3,bdh_cq,propagate,5000,1,strong,"{""dim"": 1, ""distance"": 12, ""length"": 48, ""n_sources"": 1}",1,True,True,0,0.0,0.0,0.0,0.0,[0.0],0.0,0.0,0.0,0.7116666495800018,10010888
eca47f97dfa3,bdh_cq,propagate,5000,1,strong,"{""dim"": 1, ""distance"": 24, ""length"": 48, ""n_sources"": 1}",1,True,True,0,0.0,0.0,0.0,0.0,[0.0],0.0,0.0,0.0,0.5562499988079072,10010888
eca47f97dfa3,bdh_cq,propagate,7500,1,strong,"{""dim"": 1, ""distance"": 12, ""length"": 48, ""n_sources"": 1}",1,True,True,0,0.0,0.0,0.0,0.0,[0.0],0.0,0.0,0.0,0.7095833152532578,10010888
eca47f97dfa3,bdh_cq,propagate,7500,1,strong,"{""dim"": 1, ""distance"": 24, ""length"": 48, ""n_sources"": 1}",1,True,True,0,0.0,0.0,0.0,0.0,[0.0],0.0,0.0,0.0,0.5414583334326744,10010888
eca47f97dfa3,bdh_cq,propagate,8000,1,strong,"{""dim"": 1, ""distance"": 12, ""length"": 48, ""n_sources"": 1}",1,True,True,0,0.0,0.0,0.0,0.0,[0.0],0.0,0.0,0.0,0.7095833152532578,10010888
eca47f97dfa3,bdh_cq,propagate,8000,1,strong,"{""dim"": 1, ""distance"": 24, ""length"": 48, ""n_sources"": 1}",1,True,True,0,0.0,0.0,0.0,0.0,[0.0],0.0,0.0,0.0,0.5406250005960465,10010888
f0b8b7c55f92,bdh_cq,propagate,2500,1,strong,"{""dim"": 1, ""distance"": 12, ""length"": 48, ""n_sources"": 1}",3,True,False,0,0.0,0.0,0.0,0.0,"[0.0, 0.0, 0.0]",0.0,0.0,0.0,0.7422083179155985,10010880
f0b8b7c55f92,bdh_cq,propagate,2500,1,strong,"{""dim"": 1, ""distance"": 24, ""length"": 48, ""n_sources"": 1}",3,True,False,0,0.0,0.0,0.0,0.0,"[0.0, 0.0, 0.0]",0.0,0.0,0.0,0.6021250027815501,10010880
f0b8b7c55f92,bdh_cq,propagate,5000,1,strong,"{""dim"": 1, ""distance"": 12, ""length"": 48, ""n_sources"": 1}",3,True,False,0,0.0,0.0,0.0,0.0,"[0.0, 0.0, 0.0]",0.0,0.0,0.0,0.7284722067515054,10010880
f0b8b7c55f92,bdh_cq,propagate,5000,1,strong,"{""dim"": 1, ""distance"": 24, ""length"": 48, ""n_sources"": 1}",3,True,False,0,0.0,0.0,0.0,0.0,"[0.0, 0.0, 0.0]",0.0,0.0,0.0,0.5704861126939456,10010880
f0b8b7c55f92,bdh_cq,propagate,7500,1,strong,"{""dim"": 1, ""distance"": 12, ""length"": 48, ""n_sources"": 1}",3,True,False,0,0.0,0.0,0.0,0.0,"[0.0, 0.0, 0.0]",0.0,0.0,0.0,0.7345694299936295,10010880
f0b8b7c55f92,bdh_cq,propagate,7500,1,strong,"{""dim"": 1, ""distance"": 24, ""length"": 48, ""n_sources"": 1}",3,True,False,0,0.0,0.0,0.0,0.0,"[0.0, 0.0, 0.0]",0.0,0.0,0.0,0.5896111118197441,10010880
f0b8b7c55f92,bdh_cq,propagate,10000,1,strong,"{""dim"": 1, ""distance"": 12, ""length"": 48, ""n_sources"": 1}",3,True,False,0,0.0,0.0,0.0,0.0,"[0.0, 0.0, 0.0]",0.0,0.0,0.0,0.750874987880389,10010880
f0b8b7c55f92,bdh_cq,propagate,10000,1,strong,"{""dim"": 1, ""distance"": 24, ""length"": 48, ""n_sources"": 1}",3,True,False,0,0.0,0.0,0.0,0.0,"[0.0, 0.0, 0.0]",0.0,0.0,0.0,0.6342777782877286,10010880
f0b8b7c55f92,bdh_cq,propagate,12500,1,strong,"{""dim"": 1, ""distance"": 12, ""length"": 48, ""n_sources"": 1}",3,True,False,0,0.0,0.0,0.0,0.0,"[0.0, 0.0, 0.0]",0.0,0.0,0.0,0.7350833189090094,10010880
f0b8b7c55f92,bdh_cq,propagate,12500,1,strong,"{""dim"": 1, ""distance"": 24, ""length"": 48, ""n_sources"": 1}",3,True,False,0,0.0,0.0,0.0,0.0,"[0.0, 0.0, 0.0]",0.0,0.0,0.0,0.5868194454809029,10010880
f0b8b7c55f92,bdh_cq,propagate,15000,1,strong,"{""dim"": 1, ""distance"": 12, ""length"": 48, ""n_sources"": 1}",3,True,False,0,0.0,0.0,0.0,0.0,"[0.0, 0.0, 0.0]",0.0,0.0,0.0,0.7247222066720327,10010880
f0b8b7c55f92,bdh_cq,propagate,15000,1,strong,"{""dim"": 1, ""distance"": 24, ""length"": 48, ""n_sources"": 1}",3,True,False,0,0.0,0.0,0.0,0.0,"[0.0, 0.0, 0.0]",0.0,0.0,0.0,0.5471111119886239,10010880
f0b8b7c55f92,bdh_cq,propagate,17500,1,strong,"{""dim"": 1, ""distance"": 12, ""length"": 48, ""n_sources"": 1}",3,True,False,0,0.0,0.0,0.0,0.0,"[0.0, 0.0, 0.0]",0.0,0.0,0.0,0.7262777626514435,10010880
f0b8b7c55f92,bdh_cq,propagate,17500,1,strong,"{""dim"": 1, ""distance"": 24, ""length"": 48, ""n_sources"": 1}",3,True,False,0,0.0,0.0,0.0,0.0,"[0.0, 0.0, 0.0]",0.0,0.0,0.0,0.5385416689217091,10010880
f0b8b7c55f92,bdh_cq,propagate,20000,1,strong,"{""dim"": 1, ""distance"": 12, ""length"": 48, ""n_sources"": 1}",3,True,False,0,0.0,0.0,0.0,0.0,"[0.0, 0.0, 0.0]",0.0,0.0,0.0,0.7186110944946607,10010880
f0b8b7c55f92,bdh_cq,propagate,20000,1,strong,"{""dim"": 1, ""distance"": 24, ""length"": 48, ""n_sources"": 1}",3,True,False,0,0.0,0.0,0.0,0.0,"[0.0, 0.0, 0.0]",0.0,0.0,0.0,0.5018472256213427,10010880
f0b8b7c55f92,bdh_cq,propagate,22500,1,strong,"{""dim"": 1, ""distance"": 12, ""length"": 48, ""n_sources"": 1}",3,True,False,0,0.0,0.0,0.0,0.0,"[0.0, 0.0, 0.0]",0.0,0.0,0.0,0.7227222069501877,10010880
f0b8b7c55f92,bdh_cq,propagate,22500,1,strong,"{""dim"": 1, ""distance"": 24, ""length"": 48, ""n_sources"": 1}",3,True,False,0,0.0,0.0,0.0,0.0,"[0.0, 0.0, 0.0]",0.0,0.0,0.0,0.5169722253580887,10010880
f0b8b7c55f92,bdh_cq,propagate,25000,1,strong,"{""dim"": 1, ""distance"": 12, ""length"": 48, ""n_sources"": 1}",3,True,False,0,0.0,0.0,0.0,0.0,"[0.0, 0.0, 0.0]",0.0,0.0,0.0,0.7238888736565908,10010880
f0b8b7c55f92,bdh_cq,propagate,25000,1,strong,"{""dim"": 1, ""distance"": 24, ""length"": 48, ""n_sources"": 1}",3,True,False,0,0.0,0.0,0.0,0.0,"[0.0, 0.0, 0.0]",0.0,0.0,0.0,0.5245416693091393,10010880
f0b8b7c55f92,bdh_cq,propagate,27500,1,strong,"{""dim"": 1, ""distance"": 12, ""length"": 48, ""n_sources"": 1}",3,True,False,0,0.0,0.0,0.0,0.0,"[0.0, 0.0, 0.0]",0.0,0.0,0.0,0.7305694299141566,10010880
f0b8b7c55f92,bdh_cq,propagate,27500,1,strong,"{""dim"": 1, ""distance"": 24, ""length"": 48, ""n_sources"": 1}",3,True,False,0,0.0,0.0,0.0,0.0,"[0.0, 0.0, 0.0]",0.0,0.0,0.0,0.546541668454806,10010880
f0b8b7c55f92,bdh_cq,propagate,30000,1,strong,"{""dim"": 1, ""distance"": 12, ""length"": 48, ""n_sources"": 1}",3,True,False,0,0.0,0.0,0.0,0.0,"[0.0, 0.0, 0.0]",0.0,0.0,0.0,0.7345694304307302,10010880
f0b8b7c55f92,bdh_cq,propagate,30000,1,strong,"{""dim"": 1, ""distance"": 24, ""length"": 48, ""n_sources"": 1}",3,True,False,0,0.0,0.0,0.0,0.0,"[0.0, 0.0, 0.0]",0.0,0.0,0.0,0.5601527793506781,10010880
f0b8b7c55f92,bdh_cq,propagate,32500,1,strong,"{""dim"": 1, ""distance"": 12, ""length"": 48, ""n_sources"": 1}",3,True,False,0,0.0,0.0,0.0,0.0,"[0.0, 0.0, 0.0]",0.0,0.0,0.0,0.7307083192666372,10010880
f0b8b7c55f92,bdh_cq,propagate,32500,1,strong,"{""dim"": 1, ""distance"": 24, ""length"": 48, ""n_sources"": 1}",3,True,False,0,0.0,0.0,0.0,0.0,"[0.0, 0.0, 0.0]",0.0,0.0,0.0,0.5446527801156044,10010880
f0b8b7c55f92,bdh_cq,propagate,35000,1,strong,"{""dim"": 1, ""distance"": 12, ""length"": 48, ""n_sources"": 1}",3,True,False,0,0.0,0.0,0.0,0.0,"[0.0, 0.0, 0.0]",0.0,0.0,0.0,0.7298472075859705,10010880
f0b8b7c55f92,bdh_cq,propagate,35000,1,strong,"{""dim"": 1, ""distance"": 24, ""length"": 48, ""n_sources"": 1}",3,True,False,0,0.0,0.0,0.0,0.0,"[0.0, 0.0, 0.0]",0.0,0.0,0.0,0.5424722248117129,10010880
f0b8b7c55f92,bdh_cq,propagate,37500,1,strong,"{""dim"": 1, ""distance"": 12, ""length"": 48, ""n_sources"": 1}",3,True,False,0,0.0,0.0,0.0,0.0,"[0.0, 0.0, 0.0]",0.0,0.0,0.0,0.7287083186308543,10010880
f0b8b7c55f92,bdh_cq,propagate,37500,1,strong,"{""dim"": 1, ""distance"": 24, ""length"": 48, ""n_sources"": 1}",3,True,False,0,0.0,0.0,0.0,0.0,"[0.0, 0.0, 0.0]",0.0,0.0,0.0,0.5396527798970542,10010880
f0b8b7c55f92,bdh_cq,propagate,40000,1,strong,"{""dim"": 1, ""distance"": 12, ""length"": 48, ""n_sources"": 1}",3,True,False,0,0.0,0.0,0.0,0.0,"[0.0, 0.0, 0.0]",0.0,0.0,0.0,0.7282083184719085,10010880
f0b8b7c55f92,bdh_cq,propagate,40000,1,strong,"{""dim"": 1, ""distance"": 24, ""length"": 48, ""n_sources"": 1}",3,True,False,0,0.0,0.0,0.0,0.0,"[0.0, 0.0, 0.0]",0.0,0.0,0.0,0.5387500024835269,10010880
79d948f95c7e,bdh_cq,propagate,40000,2,strong,"{""dim"": 1, ""distance"": 12, ""length"": 48, ""n_sources"": 1}",3,True,False,0,0.0,0.0,0.0,0.0,"[0.0, 0.0, 0.0]",0.0,0.0,0.0,0.771499985853831,10010888
79d948f95c7e,bdh_cq,propagate,40000,2,strong,"{""dim"": 1, ""distance"": 24, ""length"": 48, ""n_sources"": 1}",3,True,False,0,0.0,0.0,0.0,0.0,"[0.0, 0.0, 0.0]",0.0,0.0,0.0,0.6344166677594184,10010888
9b4bca1a63ee,bdh_cq,propagate,40000,2,strong,"{""dim"": 1, ""distance"": 12, ""length"": 48, ""n_sources"": 1}",3,True,False,0,0.0,0.0,0.0,0.0,"[0.0, 0.0, 0.0]",0.0,0.0,0.0,0.8116805531084538,10012145
9b4bca1a63ee,bdh_cq,propagate,40000,2,strong,"{""dim"": 1, ""distance"": 24, ""length"": 48, ""n_sources"": 1}",3,True,False,0,0.0,0.0,0.0,0.0,"[0.0, 0.0, 0.0]",0.0,0.0,0.0,0.7538333327944081,10012145
cb0b76097aaf,bdh_cq,propagate,40000,2,strong,"{""dim"": 1, ""distance"": 12, ""length"": 48, ""n_sources"": 1}",3,True,False,0,0.0,0.0,0.0,0.0,"[0.0, 0.0, 0.0]",0.0,0.0,0.0,0.7158055378198623,10010880
cb0b76097aaf,bdh_cq,propagate,40000,2,strong,"{""dim"": 1, ""distance"": 24, ""length"": 48, ""n_sources"": 1}",3,True,False,0,0.0,0.0,0.0,0.0,"[0.0, 0.0, 0.0]",0.0,0.0,0.0,0.5138472266991934,10010880
f0b8b7c55f92,bdh_cq,propagate,40000,2,strong,"{""dim"": 1, ""distance"": 12, ""length"": 48, ""n_sources"": 1}",3,True,False,0,0.0,0.0,0.0,0.0,"[0.0, 0.0, 0.0]",0.0,0.0,0.0,0.7266805406014125,10010880
f0b8b7c55f92,bdh_cq,propagate,40000,2,strong,"{""dim"": 1, ""distance"": 24, ""length"": 48, ""n_sources"": 1}",3,True,False,0,0.0,0.0,0.0,0.0,"[0.0, 0.0, 0.0]",0.0,0.0,0.0,0.5356388909518719,10010880
3d6407474980,bdh_cq,propagate,2500,4,strong,"{""dim"": 1, ""distance"": 12, ""length"": 48, ""n_sources"": 1}",1,True,True,0,0.0,0.0,0.0,0.0,[0.0],0.0,0.0,0.0,0.7729166573286057,10010880
3d6407474980,bdh_cq,propagate,2500,4,strong,"{""dim"": 1, ""distance"": 24, ""length"": 48, ""n_sources"": 1}",1,True,True,0,0.0,0.0,0.0,0.0,[0.0],0.0,0.0,0.0,0.7206250008940697,10010880
3d6407474980,bdh_cq,propagate,5000,4,strong,"{""dim"": 1, ""distance"": 12, ""length"": 48, ""n_sources"": 1}",1,True,True,0,0.0,0.0,0.0,0.0,[0.0],0.0,0.0,0.0,0.7195833164453507,10010880
3d6407474980,bdh_cq,propagate,5000,4,strong,"{""dim"": 1, ""distance"": 24, ""length"": 48, ""n_sources"": 1}",1,True,True,0,0.0,0.0,0.0,0.0,[0.0],0.0,0.0,0.0,0.5906250002980232,10010880
3d6407474980,bdh_cq,propagate,7500,4,strong,"{""dim"": 1, ""distance"": 12, ""length"": 48, ""n_sources"": 1}",1,True,True,0,0.0,0.0,0.0,0.0,[0.0],0.0,0.0,0.0,0.7095833176374435,10010880
3d6407474980,bdh_cq,propagate,7500,4,strong,"{""dim"": 1, ""distance"": 24, ""length"": 48, ""n_sources"": 1}",1,True,True,0,0.0,0.0,0.0,0.0,[0.0],0.0,0.0,0.0,0.5566666659712791,10010880
3d6407474980,bdh_cq,propagate,8000,4,strong,"{""dim"": 1, ""distance"": 12, ""length"": 48, ""n_sources"": 1}",1,True,True,0,0.0,0.0,0.0,0.0,[0.0],0.0,0.0,0.0,0.7093749845027923,10010880
3d6407474980,bdh_cq,propagate,8000,4,strong,"{""dim"": 1, ""distance"": 24, ""length"": 48, ""n_sources"": 1}",1,True,True,0,0.0,0.0,0.0,0.0,[0.0],0.0,0.0,0.0,0.5570833322405815,10010880
79d948f95c7e,bdh_cq,propagate,2500,4,strong,"{""dim"": 1, ""distance"": 12, ""length"": 48, ""n_sources"": 1}",3,True,False,0,0.0,0.0,0.0,0.0,"[0.0, 0.0, 0.0]",0.0,0.0,0.0,0.7448888743718465,10010888
79d948f95c7e,bdh_cq,propagate,2500,4,strong,"{""dim"": 1, ""distance"": 24, ""length"": 48, ""n_sources"": 1}",3,True,False,0,0.0,0.0,0.0,0.0,"[0.0, 0.0, 0.0]",0.0,0.0,0.0,0.6100277794996898,10010888
79d948f95c7e,bdh_cq,propagate,5000,4,strong,"{""dim"": 1, ""distance"": 12, ""length"": 48, ""n_sources"": 1}",3,True,False,0,0.0,0.0,0.0,0.0,"[0.0, 0.0, 0.0]",0.0,0.0,0.0,0.7178333156506221,10010888
79d948f95c7e,bdh_cq,propagate,5000,4,strong,"{""dim"": 1, ""distance"": 24, ""length"": 48, ""n_sources"": 1}",3,True,False,0,0.0,0.0,0.0,0.0,"[0.0, 0.0, 0.0]",0.0,0.0,0.0,0.5316805590589841,10010888
79d948f95c7e,bdh_cq,propagate,7500,4,strong,"{""dim"": 1, ""distance"": 12, ""length"": 48, ""n_sources"": 1}",3,True,False,0,0.0,0.0,0.0,0.0,"[0.0, 0.0, 0.0]",0.0,0.0,0.0,0.7273472063541412,10010888
79d948f95c7e,bdh_cq,propagate,7500,4,strong,"{""dim"": 1, ""distance"": 24, ""length"": 48, ""n_sources"": 1}",3,True,False,0,0.0,0.0,0.0,0.0,"[0.0, 0.0, 0.0]",0.0,0.0,0.0,0.5689722246130308,10010888
79d948f95c7e,bdh_cq,propagate,10000,4,strong,"{""dim"": 1, ""distance"": 12, ""length"": 48, ""n_sources"": 1}",3,True,False,0,0.0,0.0,0.0,0.0,"[0.0, 0.0, 0.0]",0.0,0.0,0.0,0.7430277630090713,10010888
79d948f95c7e,bdh_cq,propagate,10000,4,strong,"{""dim"": 1, ""distance"": 24, ""length"": 48, ""n_sources"": 1}",3,True,False,0,0.0,0.0,0.0,0.0,"[0.0, 0.0, 0.0]",0.0,0.0,0.0,0.6111805567145346,10010888
79d948f95c7e,bdh_cq,propagate,12500,4,strong,"{""dim"": 1, ""distance"": 12, ""length"": 48, ""n_sources"": 1}",3,True,False,0,0.0,0.0,0.0,0.0,"[0.0, 0.0, 0.0]",0.0,0.0,0.0,0.7449027630090713,10010888
79d948f95c7e,bdh_cq,propagate,12500,4,strong,"{""dim"": 1, ""distance"": 24, ""length"": 48, ""n_sources"": 1}",3,True,False,0,0.0,0.0,0.0,0.0,"[0.0, 0.0, 0.0]",0.0,0.0,0.0,0.6008611128926278,10010888
79d948f95c7e,bdh_cq,propagate,15000,4,strong,"{""dim"": 1, ""distance"": 12, ""length"": 48, ""n_sources"": 1}",3,True,False,0,0.0,0.0,0.0,0.0,"[0.0, 0.0, 0.0]",0.0,0.0,0.0,0.7587083199421564,10010888
79d948f95c7e,bdh_cq,propagate,15000,4,strong,"{""dim"": 1, ""distance"": 24, ""length"": 48, ""n_sources"": 1}",3,True,False,0,0.0,0.0,0.0,0.0,"[0.0, 0.0, 0.0]",0.0,0.0,0.0,0.6062222241957982,10010888
79d948f95c7e,bdh_cq,propagate,17500,4,strong,"{""dim"": 1, ""distance"": 12, ""length"": 48, ""n_sources"": 1}",3,True,False,0,0.0,0.0,0.0,0.0,"[0.0, 0.0, 0.0]",0.0,0.0,0.0,0.7612499863704046,10010888
79d948f95c7e,bdh_cq,propagate,17500,4,strong,"{""dim"": 1, ""distance"": 24, ""length"": 48, ""n_sources"": 1}",3,True,False,0,0.0,0.0,0.0,0.0,"[0.0, 0.0, 0.0]",0.0,0.0,0.0,0.6158611122667789,10010888
79d948f95c7e,bdh_cq,propagate,20000,4,strong,"{""dim"": 1, ""distance"": 12, ""length"": 48, ""n_sources"": 1}",3,True,False,0,0.0,0.0,0.0,0.0,"[0.0, 0.0, 0.0]",0.0,0.0,0.0,0.7615555418332418,10010888
79d948f95c7e,bdh_cq,propagate,20000,4,strong,"{""dim"": 1, ""distance"": 24, ""length"": 48, ""n_sources"": 1}",3,True,False,0,0.0,0.0,0.0,0.0,"[0.0, 0.0, 0.0]",0.0,0.0,0.0,0.6203611130813758,10010888
79d948f95c7e,bdh_cq,propagate,22500,4,strong,"{""dim"": 1, ""distance"": 12, ""length"": 48, ""n_sources"": 1}",3,True,False,0,0.0,0.0,0.0,0.0,"[0.0, 0.0, 0.0]",0.0,0.0,0.0,0.7689860978523889,10010888
79d948f95c7e,bdh_cq,propagate,22500,4,strong,"{""dim"": 1, ""distance"": 24, ""length"": 48, ""n_sources"": 1}",3,True,False,0,0.0,0.0,0.0,0.0,"[0.0, 0.0, 0.0]",0.0,0.0,0.0,0.6384444445371628,10010888
79d948f95c7e,bdh_cq,propagate,25000,4,strong,"{""dim"": 1, ""distance"": 12, ""length"": 48, ""n_sources"": 1}",3,True,False,0,0.0,0.0,0.0,0.0,"[0.0, 0.0, 0.0]",0.0,0.0,0.0,0.7763333202203114,10010888
79d948f95c7e,bdh_cq,propagate,25000,4,strong,"{""dim"": 1, ""distance"": 24, ""length"": 48, ""n_sources"": 1}",3,True,False,0,0.0,0.0,0.0,0.0,"[0.0, 0.0, 0.0]",0.0,0.0,0.0,0.6446527780095735,10010888
79d948f95c7e,bdh_cq,propagate,27500,4,strong,"{""dim"": 1, ""distance"": 12, ""length"": 48, ""n_sources"": 1}",3,True,False,0,0.0,0.0,0.0,0.0,"[0.0, 0.0, 0.0]",0.0,0.0,0.0,0.7785972089370091,10010888
79d948f95c7e,bdh_cq,propagate,27500,4,strong,"{""dim"": 1, ""distance"": 24, ""length"": 48, ""n_sources"": 1}",3,True,False,0,0.0,0.0,0.0,0.0,"[0.0, 0.0, 0.0]",0.0,0.0,0.0,0.6508750001986822,10010888
79d948f95c7e,bdh_cq,propagate,30000,4,strong,"{""dim"": 1, ""distance"": 12, ""length"": 48, ""n_sources"": 1}",3,True,False,0,0.0,0.0,0.0,0.0,"[0.0, 0.0, 0.0]",0.0,0.0,0.0,0.7713333196242651,10010888
79d948f95c7e,bdh_cq,propagate,30000,4,strong,"{""dim"": 1, ""distance"": 24, ""length"": 48, ""n_sources"": 1}",3,True,False,0,0.0,0.0,0.0,0.0,"[0.0, 0.0, 0.0]",0.0,0.0,0.0,0.6325138900478681,10010888
79d948f95c7e,bdh_cq,propagate,32500,4,strong,"{""dim"": 1, ""distance"": 12, ""length"": 48, ""n_sources"": 1}",3,True,False,0,0.0,0.0,0.0,0.0,"[0.0, 0.0, 0.0]",0.0,0.0,0.0,0.7730833194653193,10010888
79d948f95c7e,bdh_cq,propagate,32500,4,strong,"{""dim"": 1, ""distance"": 24, ""length"": 48, ""n_sources"": 1}",3,True,False,0,0.0,0.0,0.0,0.0,"[0.0, 0.0, 0.0]",0.0,0.0,0.0,0.6387499999403953,10010888
79d948f95c7e,bdh_cq,propagate,35000,4,strong,"{""dim"": 1, ""distance"": 12, ""length"": 48, ""n_sources"": 1}",3,True,False,0,0.0,0.0,0.0,0.0,"[0.0, 0.0, 0.0]",0.0,0.0,0.0,0.7714305415153504,10010888
79d948f95c7e,bdh_cq,propagate,35000,4,strong,"{""dim"": 1, ""distance"": 24, ""length"": 48, ""n_sources"": 1}",3,True,False,0,0.0,0.0,0.0,0.0,"[0.0, 0.0, 0.0]",0.0,0.0,0.0,0.6322500004967054,10010888
79d948f95c7e,bdh_cq,propagate,37500,4,strong,"{""dim"": 1, ""distance"": 12, ""length"": 48, ""n_sources"": 1}",3,True,False,0,0.0,0.0,0.0,0.0,"[0.0, 0.0, 0.0]",0.0,0.0,0.0,0.7709722081025442,10010888
79d948f95c7e,bdh_cq,propagate,37500,4,strong,"{""dim"": 1, ""distance"": 24, ""length"": 48, ""n_sources"": 1}",3,True,False,0,0.0,0.0,0.0,0.0,"[0.0, 0.0, 0.0]",0.0,0.0,0.0,0.6310694449742634,10010888
79d948f95c7e,bdh_cq,propagate,40000,4,strong,"{""dim"": 1, ""distance"": 12, ""length"": 48, ""n_sources"": 1}",3,True,False,0,0.0,0.0,0.0,0.0,"[0.0, 0.0, 0.0]",0.0,0.0,0.0,0.7712222079833349,10010888
79d948f95c7e,bdh_cq,propagate,40000,4,strong,"{""dim"": 1, ""distance"": 24, ""length"": 48, ""n_sources"": 1}",3,True,False,0,0.0,0.0,0.0,0.0,"[0.0, 0.0, 0.0]",0.0,0.0,0.0,0.6313194453716278,10010888
9b4bca1a63ee,bdh_cq,propagate,2500,4,strong,"{""dim"": 1, ""distance"": 12, ""length"": 48, ""n_sources"": 1}",3,True,False,0,0.0,0.0,0.0,0.0,"[0.0, 0.0, 0.0]",0.0,0.0,0.0,0.7318610988457998,10012145
9b4bca1a63ee,bdh_cq,propagate,2500,4,strong,"{""dim"": 1, ""distance"": 24, ""length"": 48, ""n_sources"": 1}",3,True,False,0,0.0,0.0,0.0,0.0,"[0.0, 0.0, 0.0]",0.0,0.0,0.0,0.6225555559371908,10012145
9b4bca1a63ee,bdh_cq,propagate,5000,4,strong,"{""dim"": 1, ""distance"": 12, ""length"": 48, ""n_sources"": 1}",3,True,False,0,0.0,0.0,0.0,0.0,"[0.0, 0.0, 0.0]",0.0,0.0,0.0,0.7227916503734887,10012145
9b4bca1a63ee,bdh_cq,propagate,5000,4,strong,"{""dim"": 1, ""distance"": 24, ""length"": 48, ""n_sources"": 1}",3,True,False,0,0.0,0.0,0.0,0.0,"[0.0, 0.0, 0.0]",0.0,0.0,0.0,0.5468055600474279,10012145
9b4bca1a63ee,bdh_cq,propagate,7500,4,strong,"{""dim"": 1, ""distance"": 12, ""length"": 48, ""n_sources"": 1}",3,True,False,0,0.0,0.0,0.0,0.0,"[0.0, 0.0, 0.0]",0.0,0.0,0.0,0.7059444249868393,10012145
9b4bca1a63ee,bdh_cq,propagate,7500,4,strong,"{""dim"": 1, ""distance"": 24, ""length"": 48, ""n_sources"": 1}",3,True,False,0,0.0,0.0,0.0,0.0,"[0.0, 0.0, 0.0]",0.0,0.0,0.0,0.4617500091890494,10012145
9b4bca1a63ee,bdh_cq,propagate,10000,4,strong,"{""dim"": 1, ""distance"": 12, ""length"": 48, ""n_sources"": 1}",3,True,False,0,0.0,0.0,0.0,0.0,"[0.0, 0.0, 0.0]",0.0,0.0,0.0,0.717944427827994,10012145
9b4bca1a63ee,bdh_cq,propagate,10000,4,strong,"{""dim"": 1, ""distance"": 24, ""length"": 48, ""n_sources"": 1}",3,True,False,0,0.0,0.0,0.0,0.0,"[0.0, 0.0, 0.0]",0.0,0.0,0.0,0.5151666701411207,10012145
9b4bca1a63ee,bdh_cq,propagate,12500,4,strong,"{""dim"": 1, ""distance"": 12, ""length"": 48, ""n_sources"": 1}",3,True,False,0,0.0,0.0,0.0,0.0,"[0.0, 0.0, 0.0]",0.0,0.0,0.0,0.7290277711252372,10012145
9b4bca1a63ee,bdh_cq,propagate,12500,4,strong,"{""dim"": 1, ""distance"": 24, ""length"": 48, ""n_sources"": 1}",3,True,False,0,0.0,0.0,0.0,0.0,"[0.0, 0.0, 0.0]",0.0,0.0,0.0,0.6065000000794729,10012145
9b4bca1a63ee,bdh_cq,propagate,15000,4,strong,"{""dim"": 1, ""distance"": 12, ""length"": 48, ""n_sources"": 1}",3,True,False,0,0.0,0.0,0.0,0.0,"[0.0, 0.0, 0.0]",0.0,0.0,0.0,0.7396111061473688,10012145
9b4bca1a63ee,bdh_cq,propagate,15000,4,strong,"{""dim"": 1, ""distance"": 24, ""length"": 48, ""n_sources"": 1}",3,True,False,0,0.0,0.0,0.0,0.0,"[0.0, 0.0, 0.0]",0.0,0.0,0.0,0.6469583334475756,10012145
9b4bca1a63ee,bdh_cq,propagate,17500,4,strong,"{""dim"": 1, ""distance"": 12, ""length"": 48, ""n_sources"": 1}",3,True,False,0,0.0,0.0,0.0,0.0,"[0.0, 0.0, 0.0]",0.0,0.0,0.0,0.7716944416165351,10012145
9b4bca1a63ee,bdh_cq,propagate,17500,4,strong,"{""dim"": 1, ""distance"": 24, ""length"": 48, ""n_sources"": 1}",3,True,False,0,0.0,0.0,0.0,0.0,"[0.0, 0.0, 0.0]",0.0,0.0,0.0,0.7005972217147548,10012145
9b4bca1a63ee,bdh_cq,propagate,20000,4,strong,"{""dim"": 1, ""distance"": 12, ""length"": 48, ""n_sources"": 1}",3,True,False,0,0.0,0.0,0.0,0.0,"[0.0, 0.0, 0.0]",0.0,0.0,0.0,0.8001805537343025,10012145
9b4bca1a63ee,bdh_cq,propagate,20000,4,strong,"{""dim"": 1, ""distance"": 24, ""length"": 48, ""n_sources"": 1}",3,True,False,0,0.0,0.0,0.0,0.0,"[0.0, 0.0, 0.0]",0.0,0.0,0.0,0.7642222223977247,10012145
9b4bca1a63ee,bdh_cq,propagate,22500,4,strong,"{""dim"": 1, ""distance"": 12, ""length"": 48, ""n_sources"": 1}",3,True,False,0,0.0,0.0,0.0,0.0,"[0.0, 0.0, 0.0]",0.0,0.0,0.0,0.7801527751286824,10012145
9b4bca1a63ee,bdh_cq,propagate,22500,4,strong,"{""dim"": 1, ""distance"": 24, ""length"": 48, ""n_sources"": 1}",3,True,False,0,0.0,0.0,0.0,0.0,"[0.0, 0.0, 0.0]",0.0,0.0,0.0,0.7246111099968354,10012145
9b4bca1a63ee,bdh_cq,propagate,25000,4,strong,"{""dim"": 1, ""distance"": 12, ""length"": 48, ""n_sources"": 1}",3,True,False,0,0.0,0.0,0.0,0.0,"[0.0, 0.0, 0.0]",0.0,0.0,0.0,0.7795416648685932,10012145
9b4bca1a63ee,bdh_cq,propagate,25000,4,strong,"{""dim"": 1, ""distance"": 24, ""length"": 48, ""n_sources"": 1}",3,True,False,0,0.0,0.0,0.0,0.0,"[0.0, 0.0, 0.0]",0.0,0.0,0.0,0.7166944435139498,10012145
9b4bca1a63ee,bdh_cq,propagate,27500,4,strong,"{""dim"": 1, ""distance"": 12, ""length"": 48, ""n_sources"": 1}",3,True,False,0,0.0,0.0,0.0,0.0,"[0.0, 0.0, 0.0]",0.0,0.0,0.0,0.8294027762611708,10012145
9b4bca1a63ee,bdh_cq,propagate,27500,4,strong,"{""dim"": 1, ""distance"": 24, ""length"": 48, ""n_sources"": 1}",3,True,False,0,0.0,0.0,0.0,0.0,"[0.0, 0.0, 0.0]",0.0,0.0,0.0,0.7979305542012055,10012145
9b4bca1a63ee,bdh_cq,propagate,30000,4,strong,"{""dim"": 1, ""distance"": 12, ""length"": 48, ""n_sources"": 1}",3,True,False,0,0.0,0.0,0.0,0.0,"[0.0, 0.0, 0.0]",0.0,0.0,0.0,0.8222361097037792,10012145
9b4bca1a63ee,bdh_cq,propagate,30000,4,strong,"{""dim"": 1, ""distance"": 24, ""length"": 48, ""n_sources"": 1}",3,True,False,0,0.0,0.0,0.0,0.0,"[0.0, 0.0, 0.0]",0.0,0.0,0.0,0.7772361103842655,10012145
9b4bca1a63ee,bdh_cq,propagate,32500,4,strong,"{""dim"": 1, ""distance"": 12, ""length"": 48, ""n_sources"": 1}",3,True,False,0,0.0,0.0,0.0,0.0,"[0.0, 0.0, 0.0]",0.0,0.0,0.0,0.8072222207685312,10012145
9b4bca1a63ee,bdh_cq,propagate,32500,4,strong,"{""dim"": 1, ""distance"": 24, ""length"": 48, ""n_sources"": 1}",3,True,False,0,0.0,0.0,0.0,0.0,"[0.0, 0.0, 0.0]",0.0,0.0,0.0,0.7584999995678663,10012145
9b4bca1a63ee,bdh_cq,propagate,35000,4,strong,"{""dim"": 1, ""distance"": 12, ""length"": 48, ""n_sources"": 1}",3,True,False,0,0.0,0.0,0.0,0.0,"[0.0, 0.0, 0.0]",0.0,0.0,0.0,0.8077916658023994,10012145
9b4bca1a63ee,bdh_cq,propagate,35000,4,strong,"{""dim"": 1, ""distance"": 24, ""length"": 48, ""n_sources"": 1}",3,True,False,0,0.0,0.0,0.0,0.0,"[0.0, 0.0, 0.0]",0.0,0.0,0.0,0.757999999547998,10012145
9b4bca1a63ee,bdh_cq,propagate,37500,4,strong,"{""dim"": 1, ""distance"": 12, ""length"": 48, ""n_sources"": 1}",3,True,False,0,0.0,0.0,0.0,0.0,"[0.0, 0.0, 0.0]",0.0,0.0,0.0,0.8080555543402831,10012145
9b4bca1a63ee,bdh_cq,propagate,37500,4,strong,"{""dim"": 1, ""distance"": 24, ""length"": 48, ""n_sources"": 1}",3,True,False,0,0.0,0.0,0.0,0.0,"[0.0, 0.0, 0.0]",0.0,0.0,0.0,0.7550833320568006,10012145
9b4bca1a63ee,bdh_cq,propagate,40000,4,strong,"{""dim"": 1, ""distance"": 12, ""length"": 48, ""n_sources"": 1}",3,True,False,0,0.0,0.0,0.0,0.0,"[0.0, 0.0, 0.0]",0.0,0.0,0.0,0.8069999988277754,10012145
9b4bca1a63ee,bdh_cq,propagate,40000,4,strong,"{""dim"": 1, ""distance"": 24, ""length"": 48, ""n_sources"": 1}",3,True,False,0,0.0,0.0,0.0,0.0,"[0.0, 0.0, 0.0]",0.0,0.0,0.0,0.7537916661451259,10012145
a976f5e26896,bdh_cq,propagate,2500,4,strong,"{""dim"": 1, ""distance"": 12, ""length"": 48, ""n_sources"": 1}",1,True,True,0,0.0,0.0,0.0,0.0,[0.0],0.0,0.0,0.0,0.751458320915699,10012145
a976f5e26896,bdh_cq,propagate,2500,4,strong,"{""dim"": 1, ""distance"": 24, ""length"": 48, ""n_sources"": 1}",1,True,True,0,0.0,0.0,0.0,0.0,[0.0],0.0,0.0,0.0,0.7029166668653488,10012145
a976f5e26896,bdh_cq,propagate,5000,4,strong,"{""dim"": 1, ""distance"": 12, ""length"": 48, ""n_sources"": 1}",1,True,True,0,0.0,0.0,0.0,0.0,[0.0],0.0,0.0,0.0,0.6049999849684536,10012145
a976f5e26896,bdh_cq,propagate,5000,4,strong,"{""dim"": 1, ""distance"": 24, ""length"": 48, ""n_sources"": 1}",1,True,True,0,0.0,0.0,0.0,0.0,[0.0],0.0,0.0,0.0,0.4577083371579647,10012145
a976f5e26896,bdh_cq,propagate,7500,4,strong,"{""dim"": 1, ""distance"": 12, ""length"": 48, ""n_sources"": 1}",1,True,True,0,0.0,0.0,0.0,0.0,[0.0],0.0,0.0,0.0,0.6016666522808373,10012145
a976f5e26896,bdh_cq,propagate,7500,4,strong,"{""dim"": 1, ""distance"": 24, ""length"": 48, ""n_sources"": 1}",1,True,True,0,0.0,0.0,0.0,0.0,[0.0],0.0,0.0,0.0,0.4416666704788804,10012145
a976f5e26896,bdh_cq,propagate,8000,4,strong,"{""dim"": 1, ""distance"": 12, ""length"": 48, ""n_sources"": 1}",1,True,True,0,0.0,0.0,0.0,0.0,[0.0],0.0,0.0,0.0,0.6024999862350523,10012145
a976f5e26896,bdh_cq,propagate,8000,4,strong,"{""dim"": 1, ""distance"": 24, ""length"": 48, ""n_sources"": 1}",1,True,True,0,0.0,0.0,0.0,0.0,[0.0],0.0,0.0,0.0,0.4414583388343453,10012145
cb0b76097aaf,bdh_cq,propagate,2500,4,strong,"{""dim"": 1, ""distance"": 12, ""length"": 48, ""n_sources"": 1}",3,True,False,0,0.0,0.0,0.0,0.0,"[0.0, 0.0, 0.0]",0.0,0.0,0.0,0.7858472115596135,10010880
cb0b76097aaf,bdh_cq,propagate,2500,4,strong,"{""dim"": 1, ""distance"": 24, ""length"": 48, ""n_sources"": 1}",3,True,False,0,0.0,0.0,0.0,0.0,"[0.0, 0.0, 0.0]",0.0,0.0,0.0,0.7110972222487132,10010880
cb0b76097aaf,bdh_cq,propagate,5000,4,strong,"{""dim"": 1, ""distance"": 12, ""length"": 48, ""n_sources"": 1}",3,True,False,0,0.0,0.0,0.0,0.0,"[0.0, 0.0, 0.0]",0.0,0.0,0.0,0.7084027579625447,10010880
cb0b76097aaf,bdh_cq,propagate,5000,4,strong,"{""dim"": 1, ""distance"": 24, ""length"": 48, ""n_sources"": 1}",3,True,False,0,0.0,0.0,0.0,0.0,"[0.0, 0.0, 0.0]",0.0,0.0,0.0,0.4600138985315958,10010880
cb0b76097aaf,bdh_cq,propagate,7500,4,strong,"{""dim"": 1, ""distance"": 12, ""length"": 48, ""n_sources"": 1}",3,True,False,0,0.0,0.0,0.0,0.0,"[0.0, 0.0, 0.0]",0.0,0.0,0.0,0.7134444255828857,10010880
cb0b76097aaf,bdh_cq,propagate,7500,4,strong,"{""dim"": 1, ""distance"": 24, ""length"": 48, ""n_sources"": 1}",3,True,False,0,0.0,0.0,0.0,0.0,"[0.0, 0.0, 0.0]",0.0,0.0,0.0,0.4806805633703867,10010880
cb0b76097aaf,bdh_cq,propagate,10000,4,strong,"{""dim"": 1, ""distance"": 12, ""length"": 48, ""n_sources"": 1}",3,True,False,0,0.0,0.0,0.0,0.0,"[0.0, 0.0, 0.0]",0.0,0.0,0.0,0.7163749821186066,10010880
cb0b76097aaf,bdh_cq,propagate,10000,4,strong,"{""dim"": 1, ""distance"": 24, ""length"": 48, ""n_sources"": 1}",3,True,False,0,0.0,0.0,0.0,0.0,"[0.0, 0.0, 0.0]",0.0,0.0,0.0,0.48734722948074344,10010880
cb0b76097aaf,bdh_cq,propagate,12500,4,strong,"{""dim"": 1, ""distance"": 12, ""length"": 48, ""n_sources"": 1}",3,True,False,0,0.0,0.0,0.0,0.0,"[0.0, 0.0, 0.0]",0.0,0.0,0.0,0.7176527600685755,10010880
cb0b76097aaf,bdh_cq,propagate,12500,4,strong,"{""dim"": 1, ""distance"": 24, ""length"": 48, ""n_sources"": 1}",3,True,False,0,0.0,0.0,0.0,0.0,"[0.0, 0.0, 0.0]",0.0,0.0,0.0,0.49140278472503024,10010880
cb0b76097aaf,bdh_cq,propagate,15000,4,strong,"{""dim"": 1, ""distance"": 12, ""length"": 48, ""n_sources"": 1}",3,True,False,0,0.0,0.0,0.0,0.0,"[0.0, 0.0, 0.0]",0.0,0.0,0.0,0.7150555380582809,10010880
cb0b76097aaf,bdh_cq,propagate,15000,4,strong,"{""dim"": 1, ""distance"": 24, ""length"": 48, ""n_sources"": 1}",3,True,False,0,0.0,0.0,0.0,0.0,"[0.0, 0.0, 0.0]",0.0,0.0,0.0,0.48461111815770463,10010880
cb0b76097aaf,bdh_cq,propagate,17500,4,strong,"{""dim"": 1, ""distance"": 12, ""length"": 48, ""n_sources"": 1}",3,True,False,0,0.0,0.0,0.0,0.0,"[0.0, 0.0, 0.0]",0.0,0.0,0.0,0.7144860935211182,10010880
cb0b76097aaf,bdh_cq,propagate,17500,4,strong,"{""dim"": 1, ""distance"": 24, ""length"": 48, ""n_sources"": 1}",3,True,False,0,0.0,0.0,0.0,0.0,"[0.0, 0.0, 0.0]",0.0,0.0,0.0,0.4915277836124103,10010880
cb0b76097aaf,bdh_cq,propagate,20000,4,strong,"{""dim"": 1, ""distance"": 12, ""length"": 48, ""n_sources"": 1}",3,True,False,0,0.0,0.0,0.0,0.0,"[0.0, 0.0, 0.0]",0.0,0.0,0.0,0.7205694280465443,10010880
cb0b76097aaf,bdh_cq,propagate,20000,4,strong,"{""dim"": 1, ""distance"": 24, ""length"": 48, ""n_sources"": 1}",3,True,False,0,0.0,0.0,0.0,0.0,"[0.0, 0.0, 0.0]",0.0,0.0,0.0,0.5230694484909376,10010880
cb0b76097aaf,bdh_cq,propagate,22500,4,strong,"{""dim"": 1, ""distance"": 12, ""length"": 48, ""n_sources"": 1}",3,True,False,0,0.0,0.0,0.0,0.0,"[0.0, 0.0, 0.0]",0.0,0.0,0.0,0.7195416505734126,10010880
cb0b76097aaf,bdh_cq,propagate,22500,4,strong,"{""dim"": 1, ""distance"": 24, ""length"": 48, ""n_sources"": 1}",3,True,False,0,0.0,0.0,0.0,0.0,"[0.0, 0.0, 0.0]",0.0,0.0,0.0,0.5290416700641314,10010880
cb0b76097aaf,bdh_cq,propagate,25000,4,strong,"{""dim"": 1, ""distance"": 12, ""length"": 48, ""n_sources"": 1}",3,True,False,0,0.0,0.0,0.0,0.0,"[0.0, 0.0, 0.0]",0.0,0.0,0.0,0.7210416514873504,10010880
cb0b76097aaf,bdh_cq,propagate,25000,4,strong,"{""dim"": 1, ""distance"": 24, ""length"": 48, ""n_sources"": 1}",3,True,False,0,0.0,0.0,0.0,0.0,"[0.0, 0.0, 0.0]",0.0,0.0,0.0,0.5275138924320539,10010880
cb0b76097aaf,bdh_cq,propagate,27500,4,strong,"{""dim"": 1, ""distance"": 12, ""length"": 48, ""n_sources"": 1}",3,True,False,0,0.0,0.0,0.0,0.0,"[0.0, 0.0, 0.0]",0.0,0.0,0.0,0.7234722069899241,10010880
cb0b76097aaf,bdh_cq,propagate,27500,4,strong,"{""dim"": 1, ""distance"": 24, ""length"": 48, ""n_sources"": 1}",3,True,False,0,0.0,0.0,0.0,0.0,"[0.0, 0.0, 0.0]",0.0,0.0,0.0,0.542944447517395,10010880
cb0b76097aaf,bdh_cq,propagate,30000,4,strong,"{""dim"": 1, ""distance"": 12, ""length"": 48, ""n_sources"": 1}",3,True,False,0,0.0,0.0,0.0,0.0,"[0.0, 0.0, 0.0]",0.0,0.0,0.0,0.7174999840259552,10010880
cb0b76097aaf,bdh_cq,propagate,30000,4,strong,"{""dim"": 1, ""distance"": 24, ""length"": 48, ""n_sources"": 1}",3,True,False,0,0.0,0.0,0.0,0.0,"[0.0, 0.0, 0.0]",0.0,0.0,0.0,0.5113194484114647,10010880
cb0b76097aaf,bdh_cq,propagate,32500,4,strong,"{""dim"": 1, ""distance"": 12, ""length"": 48, ""n_sources"": 1}",3,True,False,0,0.0,0.0,0.0,0.0,"[0.0, 0.0, 0.0]",0.0,0.0,0.0,0.7180555394093195,10010880
cb0b76097aaf,bdh_cq,propagate,32500,4,strong,"{""dim"": 1, ""distance"": 24, ""length"": 48, ""n_sources"": 1}",3,True,False,0,0.0,0.0,0.0,0.0,"[0.0, 0.0, 0.0]",0.0,0.0,0.0,0.5157222257256507,10010880
cb0b76097aaf,bdh_cq,propagate,35000,4,strong,"{""dim"": 1, ""distance"": 12, ""length"": 48, ""n_sources"": 1}",3,True,False,0,0.0,0.0,0.0,0.0,"[0.0, 0.0, 0.0]",0.0,0.0,0.0,0.7173333169221877,10010880
cb0b76097aaf,bdh_cq,propagate,35000,4,strong,"{""dim"": 1, ""distance"": 24, ""length"": 48, ""n_sources"": 1}",3,True,False,0,0.0,0.0,0.0,0.0,"[0.0, 0.0, 0.0]",0.0,0.0,0.0,0.5125000036358833,10010880
cb0b76097aaf,bdh_cq,propagate,37500,4,strong,"{""dim"": 1, ""distance"": 12, ""length"": 48, ""n_sources"": 1}",3,True,False,0,0.0,0.0,0.0,0.0,"[0.0, 0.0, 0.0]",0.0,0.0,0.0,0.7166666501363118,10010880
cb0b76097aaf,bdh_cq,propagate,37500,4,strong,"{""dim"": 1, ""distance"": 24, ""length"": 48, ""n_sources"": 1}",3,True,False,0,0.0,0.0,0.0,0.0,"[0.0, 0.0, 0.0]",0.0,0.0,0.0,0.5111805593371391,10010880
cb0b76097aaf,bdh_cq,propagate,40000,4,strong,"{""dim"": 1, ""distance"": 12, ""length"": 48, ""n_sources"": 1}",3,True,False,0,0.0,0.0,0.0,0.0,"[0.0, 0.0, 0.0]",0.0,0.0,0.0,0.7165416501760483,10010880
cb0b76097aaf,bdh_cq,propagate,40000,4,strong,"{""dim"": 1, ""distance"": 24, ""length"": 48, ""n_sources"": 1}",3,True,False,0,0.0,0.0,0.0,0.0,"[0.0, 0.0, 0.0]",0.0,0.0,0.0,0.5100555593768755,10010880
eca47f97dfa3,bdh_cq,propagate,2500,4,strong,"{""dim"": 1, ""distance"": 12, ""length"": 48, ""n_sources"": 1}",1,True,True,0,0.0,0.0,0.0,0.0,[0.0],0.0,0.0,0.0,0.7577083200216294,10010888
eca47f97dfa3,bdh_cq,propagate,2500,4,strong,"{""dim"": 1, ""distance"": 24, ""length"": 48, ""n_sources"": 1}",1,True,True,0,0.0,0.0,0.0,0.0,[0.0],0.0,0.0,0.0,0.697291667163372,10010888
eca47f97dfa3,bdh_cq,propagate,5000,4,strong,"{""dim"": 1, ""distance"": 12, ""length"": 48, ""n_sources"": 1}",1,True,True,0,0.0,0.0,0.0,0.0,[0.0],0.0,0.0,0.0,0.7089583140611648,10010888
eca47f97dfa3,bdh_cq,propagate,5000,4,strong,"{""dim"": 1, ""distance"": 24, ""length"": 48, ""n_sources"": 1}",1,True,True,0,0.0,0.0,0.0,0.0,[0.0],0.0,0.0,0.0,0.5260416671633721,10010888
eca47f97dfa3,bdh_cq,propagate,7500,4,strong,"{""dim"": 1, ""distance"": 12, ""length"": 48, ""n_sources"": 1}",1,True,True,0,0.0,0.0,0.0,0.0,[0.0],0.0,0.0,0.0,0.708541647195816,10010888
eca47f97dfa3,bdh_cq,propagate,7500,4,strong,"{""dim"": 1, ""distance"": 24, ""length"": 48, ""n_sources"": 1}",1,True,True,0,0.0,0.0,0.0,0.0,[0.0],0.0,0.0,0.0,0.5041666713356971,10010888
eca47f97dfa3,bdh_cq,propagate,8000,4,strong,"{""dim"": 1, ""distance"": 12, ""length"": 48, ""n_sources"": 1}",1,True,True,0,0.0,0.0,0.0,0.0,[0.0],0.0,0.0,0.0,0.708541647195816,10010888
eca47f97dfa3,bdh_cq,propagate,8000,4,strong,"{""dim"": 1, ""distance"": 24, ""length"": 48, ""n_sources"": 1}",1,True,True,0,0.0,0.0,0.0,0.0,[0.0],0.0,0.0,0.0,0.5039583387970924,10010888
f0b8b7c55f92,bdh_cq,propagate,2500,4,strong,"{""dim"": 1, ""distance"": 12, ""length"": 48, ""n_sources"": 1}",3,True,False,0,0.0,0.0,0.0,0.0,"[0.0, 0.0, 0.0]",0.0,0.0,0.0,0.7395694291591645,10010880
f0b8b7c55f92,bdh_cq,propagate,2500,4,strong,"{""dim"": 1, ""distance"": 24, ""length"": 48, ""n_sources"": 1}",3,True,False,0,0.0,0.0,0.0,0.0,"[0.0, 0.0, 0.0]",0.0,0.0,0.0,0.5949166698853174,10010880
f0b8b7c55f92,bdh_cq,propagate,5000,4,strong,"{""dim"": 1, ""distance"": 12, ""length"": 48, ""n_sources"": 1}",3,True,False,0,0.0,0.0,0.0,0.0,"[0.0, 0.0, 0.0]",0.0,0.0,0.0,0.7238749837080638,10010880
f0b8b7c55f92,bdh_cq,propagate,5000,4,strong,"{""dim"": 1, ""distance"": 24, ""length"": 48, ""n_sources"": 1}",3,True,False,0,0.0,0.0,0.0,0.0,"[0.0, 0.0, 0.0]",0.0,0.0,0.0,0.5586250020662944,10010880
f0b8b7c55f92,bdh_cq,propagate,7500,4,strong,"{""dim"": 1, ""distance"": 12, ""length"": 48, ""n_sources"": 1}",3,True,False,0,0.0,0.0,0.0,0.0,"[0.0, 0.0, 0.0]",0.0,0.0,0.0,0.7296527622938157,10010880
f0b8b7c55f92,bdh_cq,propagate,7500,4,strong,"{""dim"": 1, ""distance"": 24, ""length"": 48, ""n_sources"": 1}",3,True,False,0,0.0,0.0,0.0,0.0,"[0.0, 0.0, 0.0]",0.0,0.0,0.0,0.5735000014702479,10010880
f0b8b7c55f92,bdh_cq,propagate,10000,4,strong,"{""dim"": 1, ""distance"": 12, ""length"": 48, ""n_sources"": 1}",3,True,False,0,0.0,0.0,0.0,0.0,"[0.0, 0.0, 0.0]",0.0,0.0,0.0,0.7404305416345597,10010880
f0b8b7c55f92,bdh_cq,propagate,10000,4,strong,"{""dim"": 1, ""distance"": 24, ""length"": 48, ""n_sources"": 1}",3,True,False,0,0.0,0.0,0.0,0.0,"[0.0, 0.0, 0.0]",0.0,0.0,0.0,0.6086250000596046,10010880
f0b8b7c55f92,bdh_cq,propagate,12500,4,strong,"{""dim"": 1, ""distance"": 12, ""length"": 48, ""n_sources"": 1}",3,True,False,0,0.0,0.0,0.0,0.0,"[0.0, 0.0, 0.0]",0.0,0.0,0.0,0.7257222063541412,10010880
f0b8b7c55f92,bdh_cq,propagate,12500,4,strong,"{""dim"": 1, ""distance"": 24, ""length"": 48, ""n_sources"": 1}",3,True,False,0,0.0,0.0,0.0,0.0,"[0.0, 0.0, 0.0]",0.0,0.0,0.0,0.5641805565655232,10010880
f0b8b7c55f92,bdh_cq,propagate,15000,4,strong,"{""dim"": 1, ""distance"": 12, ""length"": 48, ""n_sources"": 1}",3,True,False,0,0.0,0.0,0.0,0.0,"[0.0, 0.0, 0.0]",0.0,0.0,0.0,0.7186249845425287,10010880
f0b8b7c55f92,bdh_cq,propagate,15000,4,strong,"{""dim"": 1, ""distance"": 24, ""length"": 48, ""n_sources"": 1}",3,True,False,0,0.0,0.0,0.0,0.0,"[0.0, 0.0, 0.0]",0.0,0.0,0.0,0.5373750005463759,10010880
f0b8b7c55f92,bdh_cq,propagate,17500,4,strong,"{""dim"": 1, ""distance"": 12, ""length"": 48, ""n_sources"": 1}",3,True,False,0,0.0,0.0,0.0,0.0,"[0.0, 0.0, 0.0]",0.0,0.0,0.0,0.7213749855955441,10010880
f0b8b7c55f92,bdh_cq,propagate,17500,4,strong,"{""dim"": 1, ""distance"": 24, ""length"": 48, ""n_sources"": 1}",3,True,False,0,0.0,0.0,0.0,0.0,"[0.0, 0.0, 0.0]",0.0,0.0,0.0,0.5376944467276336,10010880
f0b8b7c55f92,bdh_cq,propagate,20000,4,strong,"{""dim"": 1, ""distance"": 12, ""length"": 48, ""n_sources"": 1}",3,True,False,0,0.0,0.0,0.0,0.0,"[0.0, 0.0, 0.0]",0.0,0.0,0.0,0.7159166507124901,10010880
f0b8b7c55f92,bdh_cq,propagate,20000,4,strong,"{""dim"": 1, ""distance"": 24, ""length"": 48, ""n_sources"": 1}",3,True,False,0,0.0,0.0,0.0,0.0,"[0.0, 0.0, 0.0]",0.0,0.0,0.0,0.5050833363433679,10010880
f0b8b7c55f92,bdh_cq,propagate,22500,4,strong,"{""dim"": 1, ""distance"": 12, ""length"": 48, ""n_sources"": 1}",3,True,False,0,0.0,0.0,0.0,0.0,"[0.0, 0.0, 0.0]",0.0,0.0,0.0,0.7207222073276838,10010880
f0b8b7c55f92,bdh_cq,propagate,22500,4,strong,"{""dim"": 1, ""distance"": 24, ""length"": 48, ""n_sources"": 1}",3,True,False,0,0.0,0.0,0.0,0.0,"[0.0, 0.0, 0.0]",0.0,0.0,0.0,0.5198888911853233,10010880
f0b8b7c55f92,bdh_cq,propagate,25000,4,strong,"{""dim"": 1, ""distance"": 12, ""length"": 48, ""n_sources"": 1}",3,True,False,0,0.0,0.0,0.0,0.0,"[0.0, 0.0, 0.0]",0.0,0.0,0.0,0.7219027626514435,10010880
f0b8b7c55f92,bdh_cq,propagate,25000,4,strong,"{""dim"": 1, ""distance"": 24, ""length"": 48, ""n_sources"": 1}",3,True,False,0,0.0,0.0,0.0,0.0,"[0.0, 0.0, 0.0]",0.0,0.0,0.0,0.5258055579637487,10010880
f0b8b7c55f92,bdh_cq,propagate,27500,4,strong,"{""dim"": 1, ""distance"": 12, ""length"": 48, ""n_sources"": 1}",3,True,False,0,0.0,0.0,0.0,0.0,"[0.0, 0.0, 0.0]",0.0,0.0,0.0,0.7292360972563426,10010880
f0b8b7c55f92,bdh_cq,propagate,27500,4,strong,"{""dim"": 1, ""distance"": 24, ""length"": 48, ""n_sources"": 1}",3,True,False,0,0.0,0.0,0.0,0.0,"[0.0, 0.0, 0.0]",0.0,0.0,0.0,0.5484166686634223,10010880
f0b8b7c55f92,bdh_cq,propagate,30000,4,strong,"{""dim"": 1, ""distance"": 12, ""length"": 48, ""n_sources"": 1}",3,True,False,0,0.0,0.0,0.0,0.0,"[0.0, 0.0, 0.0]",0.0,0.0,0.0,0.7331110978722574,10010880
f0b8b7c55f92,bdh_cq,propagate,30000,4,strong,"{""dim"": 1, ""distance"": 24, ""length"": 48, ""n_sources"": 1}",3,True,False,0,0.0,0.0,0.0,0.0,"[0.0, 0.0, 0.0]",0.0,0.0,0.0,0.5621111130764086,10010880
f0b8b7c55f92,bdh_cq,propagate,32500,4,strong,"{""dim"": 1, ""distance"": 12, ""length"": 48, ""n_sources"": 1}",3,True,False,0,0.0,0.0,0.0,0.0,"[0.0, 0.0, 0.0]",0.0,0.0,0.0,0.7294999858140945,10010880
f0b8b7c55f92,bdh_cq,propagate,32500,4,strong,"{""dim"": 1, ""distance"": 24, ""length"": 48, ""n_sources"": 1}",3,True,False,0,0.0,0.0,0.0,0.0,"[0.0, 0.0, 0.0]",0.0,0.0,0.0,0.547375001847744,10010880
f0b8b7c55f92,bdh_cq,propagate,35000,4,strong,"{""dim"": 1, ""distance"": 12, ""length"": 48, ""n_sources"": 1}",3,True,False,0,0.0,0.0,0.0,0.0,"[0.0, 0.0, 0.0]",0.0,0.0,0.0,0.7280555410385131,10010880
f0b8b7c55f92,bdh_cq,propagate,35000,4,strong,"{""dim"": 1, ""distance"": 24, ""length"": 48, ""n_sources"": 1}",3,True,False,0,0.0,0.0,0.0,0.0,"[0.0, 0.0, 0.0]",0.0,0.0,0.0,0.5433611131558815,10010880
f0b8b7c55f92,bdh_cq,propagate,37500,4,strong,"{""dim"": 1, ""distance"": 12, ""length"": 48, ""n_sources"": 1}",3,True,False,0,0.0,0.0,0.0,0.0,"[0.0, 0.0, 0.0]",0.0,0.0,0.0,0.7267499856551488,10010880
f0b8b7c55f92,bdh_cq,propagate,37500,4,strong,"{""dim"": 1, ""distance"": 24, ""length"": 48, ""n_sources"": 1}",3,True,False,0,0.0,0.0,0.0,0.0,"[0.0, 0.0, 0.0]",0.0,0.0,0.0,0.5402916685591141,10010880
f0b8b7c55f92,bdh_cq,propagate,40000,4,strong,"{""dim"": 1, ""distance"": 12, ""length"": 48, ""n_sources"": 1}",3,True,False,0,0.0,0.0,0.0,0.0,"[0.0, 0.0, 0.0]",0.0,0.0,0.0,0.7266110965013505,10010880
f0b8b7c55f92,bdh_cq,propagate,40000,4,strong,"{""dim"": 1, ""distance"": 24, ""length"": 48, ""n_sources"": 1}",3,True,False,0,0.0,0.0,0.0,0.0,"[0.0, 0.0, 0.0]",0.0,0.0,0.0,0.5399305576235056,10010880
3d6407474980,bdh_cq,propagate,8000,8,strong,"{""dim"": 1, ""distance"": 12, ""length"": 48, ""n_sources"": 1}",1,True,True,0,0.0,0.0,0.0,0.0,[0.0],0.0,0.0,0.0,0.7070833176374436,10010880
3d6407474980,bdh_cq,propagate,8000,8,strong,"{""dim"": 1, ""distance"": 24, ""length"": 48, ""n_sources"": 1}",1,True,True,0,0.0,0.0,0.0,0.0,[0.0],0.0,0.0,0.0,0.5466666676104068,10010880
79d948f95c7e,bdh_cq,propagate,40000,8,strong,"{""dim"": 1, ""distance"": 12, ""length"": 48, ""n_sources"": 1}",3,True,False,0,0.0,0.0,0.0,0.0,"[0.0, 0.0, 0.0]",0.0,0.0,0.0,0.7638610994815828,10010888
79d948f95c7e,bdh_cq,propagate,40000,8,strong,"{""dim"": 1, ""distance"": 24, ""length"": 48, ""n_sources"": 1}",3,True,False,0,0.0,0.0,0.0,0.0,"[0.0, 0.0, 0.0]",0.0,0.0,0.0,0.6179722263216972,10010888
9b4bca1a63ee,bdh_cq,propagate,40000,8,strong,"{""dim"": 1, ""distance"": 12, ""length"": 48, ""n_sources"": 1}",3,True,False,0,0.0,0.0,0.0,0.0,"[0.0, 0.0, 0.0]",0.0,0.0,0.0,0.8202777762860061,10012145
9b4bca1a63ee,bdh_cq,propagate,40000,8,strong,"{""dim"": 1, ""distance"": 24, ""length"": 48, ""n_sources"": 1}",3,True,False,0,0.0,0.0,0.0,0.0,"[0.0, 0.0, 0.0]",0.0,0.0,0.0,0.7796944446563722,10012145
a976f5e26896,bdh_cq,propagate,8000,8,strong,"{""dim"": 1, ""distance"": 12, ""length"": 48, ""n_sources"": 1}",1,True,True,0,0.0,0.0,0.0,0.0,[0.0],0.0,0.0,0.0,0.6220833190530538,10012145
a976f5e26896,bdh_cq,propagate,8000,8,strong,"{""dim"": 1, ""distance"": 24, ""length"": 48, ""n_sources"": 1}",1,True,True,0,0.0,0.0,0.0,0.0,[0.0],0.0,0.0,0.0,0.44020834006369114,10012145
cb0b76097aaf,bdh_cq,propagate,40000,8,strong,"{""dim"": 1, ""distance"": 12, ""length"": 48, ""n_sources"": 1}",3,True,False,0,0.0,0.0,0.0,0.0,"[0.0, 0.0, 0.0]",0.0,0.0,0.0,0.7319305429855981,10010880
cb0b76097aaf,bdh_cq,propagate,40000,8,strong,"{""dim"": 1, ""distance"": 24, ""length"": 48, ""n_sources"": 1}",3,True,False,0,0.0,0.0,0.0,0.0,"[0.0, 0.0, 0.0]",0.0,0.0,0.0,0.5411250036358833,10010880
eca47f97dfa3,bdh_cq,propagate,8000,8,strong,"{""dim"": 1, ""distance"": 12, ""length"": 48, ""n_sources"": 1}",1,True,True,0,0.0,0.0,0.0,0.0,[0.0],0.0,0.0,0.0,0.708541647195816,10010888
eca47f97dfa3,bdh_cq,propagate,8000,8,strong,"{""dim"": 1, ""distance"": 24, ""length"": 48, ""n_sources"": 1}",1,True,True,0,0.0,0.0,0.0,0.0,[0.0],0.0,0.0,0.0,0.4947916713356972,10010888
f0b8b7c55f92,bdh_cq,propagate,40000,8,strong,"{""dim"": 1, ""distance"": 12, ""length"": 48, ""n_sources"": 1}",3,True,False,0,0.0,0.0,0.0,0.0,"[0.0, 0.0, 0.0]",0.0,0.0,0.0,0.7273472084005673,10010880
f0b8b7c55f92,bdh_cq,propagate,40000,8,strong,"{""dim"": 1, ""distance"": 24, ""length"": 48, ""n_sources"": 1}",3,True,False,0,0.0,0.0,0.0,0.0,"[0.0, 0.0, 0.0]",0.0,0.0,0.0,0.5478333351612091,10010880
79d948f95c7e,bdh_cq,propagate,2500,16,strong,"{""dim"": 1, ""distance"": 12, ""length"": 48, ""n_sources"": 1}",3,True,False,0,0.0,0.0,0.0,0.0,"[0.0, 0.0, 0.0]",0.0,0.0,0.0,0.7403055404027303,10010888
79d948f95c7e,bdh_cq,propagate,2500,16,strong,"{""dim"": 1, ""distance"": 24, ""length"": 48, ""n_sources"": 1}",3,True,False,0,0.0,0.0,0.0,0.0,"[0.0, 0.0, 0.0]",0.0,0.0,0.0,0.5950277809898058,10010888
79d948f95c7e,bdh_cq,propagate,5000,16,strong,"{""dim"": 1, ""distance"": 12, ""length"": 48, ""n_sources"": 1}",3,True,False,0,0.0,0.0,0.0,0.0,"[0.0, 0.0, 0.0]",0.0,0.0,0.0,0.7200555391311645,10010888
79d948f95c7e,bdh_cq,propagate,5000,16,strong,"{""dim"": 1, ""distance"": 24, ""length"": 48, ""n_sources"": 1}",3,True,False,0,0.0,0.0,0.0,0.0,"[0.0, 0.0, 0.0]",0.0,0.0,0.0,0.5487222260634105,10010888
79d948f95c7e,bdh_cq,propagate,7500,16,strong,"{""dim"": 1, ""distance"": 12, ""length"": 48, ""n_sources"": 1}",3,True,False,0,0.0,0.0,0.0,0.0,"[0.0, 0.0, 0.0]",0.0,0.0,0.0,0.7251249887545903,10010888
79d948f95c7e,bdh_cq,propagate,7500,16,strong,"{""dim"": 1, ""distance"": 24, ""length"": 48, ""n_sources"": 1}",3,True,False,0,0.0,0.0,0.0,0.0,"[0.0, 0.0, 0.0]",0.0,0.0,0.0,0.5718750023543834,10010888
79d948f95c7e,bdh_cq,propagate,10000,16,strong,"{""dim"": 1, ""distance"": 12, ""length"": 48, ""n_sources"": 1}",3,True,False,0,0.0,0.0,0.0,0.0,"[0.0, 0.0, 0.0]",0.0,0.0,0.0,0.7412222137451172,10010888
79d948f95c7e,bdh_cq,propagate,10000,16,strong,"{""dim"": 1, ""distance"": 24, ""length"": 48, ""n_sources"": 1}",3,True,False,0,0.0,0.0,0.0,0.0,"[0.0, 0.0, 0.0]",0.0,0.0,0.0,0.6083472242752711,10010888
79d948f95c7e,bdh_cq,propagate,12500,16,strong,"{""dim"": 1, ""distance"": 12, ""length"": 48, ""n_sources"": 1}",3,True,False,0,0.0,0.0,0.0,0.0,"[0.0, 0.0, 0.0]",0.0,0.0,0.0,0.744555546482404,10010888
79d948f95c7e,bdh_cq,propagate,12500,16,strong,"{""dim"": 1, ""distance"": 24, ""length"": 48, ""n_sources"": 1}",3,True,False,0,0.0,0.0,0.0,0.0,"[0.0, 0.0, 0.0]",0.0,0.0,0.0,0.6307916669646899,10010888
79d948f95c7e,bdh_cq,propagate,15000,16,strong,"{""dim"": 1, ""distance"": 12, ""length"": 48, ""n_sources"": 1}",3,True,False,0,0.0,0.0,0.0,0.0,"[0.0, 0.0, 0.0]",0.0,0.0,0.0,0.7594999899466832,10010888
79d948f95c7e,bdh_cq,propagate,15000,16,strong,"{""dim"": 1, ""distance"": 24, ""length"": 48, ""n_sources"": 1}",3,True,False,0,0.0,0.0,0.0,0.0,"[0.0, 0.0, 0.0]",0.0,0.0,0.0,0.6403194475571314,10010888
79d948f95c7e,bdh_cq,propagate,17500,16,strong,"{""dim"": 1, ""distance"": 12, ""length"": 48, ""n_sources"": 1}",3,True,False,0,0.0,0.0,0.0,0.0,"[0.0, 0.0, 0.0]",0.0,0.0,0.0,0.7604027670224508,10010888
79d948f95c7e,bdh_cq,propagate,17500,16,strong,"{""dim"": 1, ""distance"": 24, ""length"": 48, ""n_sources"": 1}",3,True,False,0,0.0,0.0,0.0,0.0,"[0.0, 0.0, 0.0]",0.0,0.0,0.0,0.6320416694581509,10010888
79d948f95c7e,bdh_cq,propagate,20000,16,strong,"{""dim"": 1, ""distance"": 12, ""length"": 48, ""n_sources"": 1}",3,True,False,0,0.0,0.0,0.0,0.0,"[0.0, 0.0, 0.0]",0.0,0.0,0.0,0.755236100236575,10010888
79d948f95c7e,bdh_cq,propagate,20000,16,strong,"{""dim"": 1, ""distance"": 24, ""length"": 48, ""n_sources"": 1}",3,True,False,0,0.0,0.0,0.0,0.0,"[0.0, 0.0, 0.0]",0.0,0.0,0.0,0.6209305590589841,10010888
79d948f95c7e,bdh_cq,propagate,22500,16,strong,"{""dim"": 1, ""distance"": 12, ""length"": 48, ""n_sources"": 1}",3,True,False,0,0.0,0.0,0.0,0.0,"[0.0, 0.0, 0.0]",0.0,0.0,0.0,0.7622916561365128,10010888
79d948f95c7e,bdh_cq,propagate,22500,16,strong,"{""dim"": 1, ""distance"": 24, ""length"": 48, ""n_sources"": 1}",3,True,False,0,0.0,0.0,0.0,0.0,"[0.0, 0.0, 0.0]",0.0,0.0,0.0,0.636375002026558,10010888
79d948f95c7e,bdh_cq,propagate,25000,16,strong,"{""dim"": 1, ""distance"": 12, ""length"": 48, ""n_sources"": 1}",3,True,False,0,0.0,0.0,0.0,0.0,"[0.0, 0.0, 0.0]",0.0,0.0,0.0,0.767944434563319,10010888
79d948f95c7e,bdh_cq,propagate,25000,16,strong,"{""dim"": 1, ""distance"": 24, ""length"": 48, ""n_sources"": 1}",3,True,False,0,0.0,0.0,0.0,0.0,"[0.0, 0.0, 0.0]",0.0,0.0,0.0,0.6398194477160772,10010888
79d948f95c7e,bdh_cq,propagate,27500,16,strong,"{""dim"": 1, ""distance"": 12, ""length"": 48, ""n_sources"": 1}",3,True,False,0,0.0,0.0,0.0,0.0,"[0.0, 0.0, 0.0]",0.0,0.0,0.0,0.7703749887943268,10010888
79d948f95c7e,bdh_cq,propagate,27500,16,strong,"{""dim"": 1, ""distance"": 24, ""length"": 48, ""n_sources"": 1}",3,True,False,0,0.0,0.0,0.0,0.0,"[0.0, 0.0, 0.0]",0.0,0.0,0.0,0.6425833368500075,10010888
79d948f95c7e,bdh_cq,propagate,30000,16,strong,"{""dim"": 1, ""distance"": 12, ""length"": 48, ""n_sources"": 1}",3,True,False,0,0.0,0.0,0.0,0.0,"[0.0, 0.0, 0.0]",0.0,0.0,0.0,0.7644583216905594,10010888
79d948f95c7e,bdh_cq,propagate,30000,16,strong,"{""dim"": 1, ""distance"": 24, ""length"": 48, ""n_sources"": 1}",3,True,False,0,0.0,0.0,0.0,0.0,"[0.0, 0.0, 0.0]",0.0,0.0,0.0,0.6270277812480926,10010888
79d948f95c7e,bdh_cq,propagate,32500,16,strong,"{""dim"": 1, ""distance"": 12, ""length"": 48, ""n_sources"": 1}",3,True,False,0,0.0,0.0,0.0,0.0,"[0.0, 0.0, 0.0]",0.0,0.0,0.0,0.766152766307195,10010888
79d948f95c7e,bdh_cq,propagate,32500,16,strong,"{""dim"": 1, ""distance"": 24, ""length"": 48, ""n_sources"": 1}",3,True,False,0,0.0,0.0,0.0,0.0,"[0.0, 0.0, 0.0]",0.0,0.0,0.0,0.6324166700839996,10010888
79d948f95c7e,bdh_cq,propagate,35000,16,strong,"{""dim"": 1, ""distance"": 12, ""length"": 48, ""n_sources"": 1}",3,True,False,0,0.0,0.0,0.0,0.0,"[0.0, 0.0, 0.0]",0.0,0.0,0.0,0.763652766108513,10010888
79d948f95c7e,bdh_cq,propagate,35000,16,strong,"{""dim"": 1, ""distance"": 24, ""length"": 48, ""n_sources"": 1}",3,True,False,0,0.0,0.0,0.0,0.0,"[0.0, 0.0, 0.0]",0.0,0.0,0.0,0.623027781923612,10010888
79d948f95c7e,bdh_cq,propagate,37500,16,strong,"{""dim"": 1, ""distance"": 12, ""length"": 48, ""n_sources"": 1}",3,True,False,0,0.0,0.0,0.0,0.0,"[0.0, 0.0, 0.0]",0.0,0.0,0.0,0.7632083217700322,10010888
79d948f95c7e,bdh_cq,propagate,37500,16,strong,"{""dim"": 1, ""distance"": 24, ""length"": 48, ""n_sources"": 1}",3,True,False,0,0.0,0.0,0.0,0.0,"[0.0, 0.0, 0.0]",0.0,0.0,0.0,0.6209861151576043,10010888
79d948f95c7e,bdh_cq,propagate,40000,16,strong,"{""dim"": 1, ""distance"": 12, ""length"": 48, ""n_sources"": 1}",3,True,False,0,0.0,0.0,0.0,0.0,"[0.0, 0.0, 0.0]",0.0,0.0,0.0,0.7631249883174895,10010888
79d948f95c7e,bdh_cq,propagate,40000,16,strong,"{""dim"": 1, ""distance"": 24, ""length"": 48, ""n_sources"": 1}",3,True,False,0,0.0,0.0,0.0,0.0,"[0.0, 0.0, 0.0]",0.0,0.0,0.0,0.6211388926108677,10010888
9b4bca1a63ee,bdh_cq,propagate,2500,16,strong,"{""dim"": 1, ""distance"": 12, ""length"": 48, ""n_sources"": 1}",3,True,False,0,0.0,0.0,0.0,0.0,"[0.0, 0.0, 0.0]",0.0,0.0,0.0,0.7370277663866679,10012145
9b4bca1a63ee,bdh_cq,propagate,2500,16,strong,"{""dim"": 1, ""distance"": 24, ""length"": 48, ""n_sources"": 1}",3,True,False,0,0.0,0.0,0.0,0.0,"[0.0, 0.0, 0.0]",0.0,0.0,0.0,0.643805555631717,10012145
9b4bca1a63ee,bdh_cq,propagate,5000,16,strong,"{""dim"": 1, ""distance"": 12, ""length"": 48, ""n_sources"": 1}",3,True,False,0,0.0,0.0,0.0,0.0,"[0.0, 0.0, 0.0]",0.0,0.0,0.0,0.7213610944325725,10012145
9b4bca1a63ee,bdh_cq,propagate,5000,16,strong,"{""dim"": 1, ""distance"": 24, ""length"": 48, ""n_sources"": 1}",3,True,False,0,0.0,0.0,0.0,0.0,"[0.0, 0.0, 0.0]",0.0,0.0,0.0,0.5365138941655556,10012145
9b4bca1a63ee,bdh_cq,propagate,7500,16,strong,"{""dim"": 1, ""distance"": 12, ""length"": 48, ""n_sources"": 1}",3,True,False,0,0.0,0.0,0.0,0.0,"[0.0, 0.0, 0.0]",0.0,0.0,0.0,0.7079999805887539,10012145
9b4bca1a63ee,bdh_cq,propagate,7500,16,strong,"{""dim"": 1, ""distance"": 24, ""length"": 48, ""n_sources"": 1}",3,True,False,0,0.0,0.0,0.0,0.0,"[0.0, 0.0, 0.0]",0.0,0.0,0.0,0.4663611200451851,10012145
9b4bca1a63ee,bdh_cq,propagate,10000,16,strong,"{""dim"": 1, ""distance"": 12, ""length"": 48, ""n_sources"": 1}",3,True,False,0,0.0,0.0,0.0,0.0,"[0.0, 0.0, 0.0]",0.0,0.0,0.0,0.7192638729612032,10012145
9b4bca1a63ee,bdh_cq,propagate,10000,16,strong,"{""dim"": 1, ""distance"": 24, ""length"": 48, ""n_sources"": 1}",3,True,False,0,0.0,0.0,0.0,0.0,"[0.0, 0.0, 0.0]",0.0,0.0,0.0,0.5281250024934611,10012145
9b4bca1a63ee,bdh_cq,propagate,12500,16,strong,"{""dim"": 1, ""distance"": 12, ""length"": 48, ""n_sources"": 1}",3,True,False,0,0.0,0.0,0.0,0.0,"[0.0, 0.0, 0.0]",0.0,0.0,0.0,0.7486666609446209,10012145
9b4bca1a63ee,bdh_cq,propagate,12500,16,strong,"{""dim"": 1, ""distance"": 24, ""length"": 48, ""n_sources"": 1}",3,True,False,0,0.0,0.0,0.0,0.0,"[0.0, 0.0, 0.0]",0.0,0.0,0.0,0.6912083328862986,10012145
9b4bca1a63ee,bdh_cq,propagate,15000,16,strong,"{""dim"": 1, ""distance"": 12, ""length"": 48, ""n_sources"": 1}",3,True,False,0,0.0,0.0,0.0,0.0,"[0.0, 0.0, 0.0]",0.0,0.0,0.0,0.7450416613817215,10012145
9b4bca1a63ee,bdh_cq,propagate,15000,16,strong,"{""dim"": 1, ""distance"": 24, ""length"": 48, ""n_sources"": 1}",3,True,False,0,0.0,0.0,0.0,0.0,"[0.0, 0.0, 0.0]",0.0,0.0,0.0,0.7061944434692462,10012145
9b4bca1a63ee,bdh_cq,propagate,17500,16,strong,"{""dim"": 1, ""distance"": 12, ""length"": 48, ""n_sources"": 1}",3,True,False,0,0.0,0.0,0.0,0.0,"[0.0, 0.0, 0.0]",0.0,0.0,0.0,0.7838194408218065,10012145
9b4bca1a63ee,bdh_cq,propagate,17500,16,strong,"{""dim"": 1, ""distance"": 24, ""length"": 48, ""n_sources"": 1}",3,True,False,0,0.0,0.0,0.0,0.0,"[0.0, 0.0, 0.0]",0.0,0.0,0.0,0.7544722210069498,10012145
9b4bca1a63ee,bdh_cq,propagate,20000,16,strong,"{""dim"": 1, ""distance"": 12, ""length"": 48, ""n_sources"": 1}",3,True,False,0,0.0,0.0,0.0,0.0,"[0.0, 0.0, 0.0]",0.0,0.0,0.0,0.8065138872986038,10012145
9b4bca1a63ee,bdh_cq,propagate,20000,16,strong,"{""dim"": 1, ""distance"": 24, ""length"": 48, ""n_sources"": 1}",3,True,False,0,0.0,0.0,0.0,0.0,"[0.0, 0.0, 0.0]",0.0,0.0,0.0,0.7993888879815737,10012145
9b4bca1a63ee,bdh_cq,propagate,22500,16,strong,"{""dim"": 1, ""distance"": 12, ""length"": 48, ""n_sources"": 1}",3,True,False,0,0.0,0.0,0.0,0.0,"[0.0, 0.0, 0.0]",0.0,0.0,0.0,0.7913333296279111,10012145
9b4bca1a63ee,bdh_cq,propagate,22500,16,strong,"{""dim"": 1, ""distance"": 24, ""length"": 48, ""n_sources"": 1}",3,True,False,0,0.0,0.0,0.0,0.0,"[0.0, 0.0, 0.0]",0.0,0.0,0.0,0.755069443821907,10012145
9b4bca1a63ee,bdh_cq,propagate,25000,16,strong,"{""dim"": 1, ""distance"": 12, ""length"": 48, ""n_sources"": 1}",3,True,False,0,0.0,0.0,0.0,0.0,"[0.0, 0.0, 0.0]",0.0,0.0,0.0,0.7916805530339479,10012145
9b4bca1a63ee,bdh_cq,propagate,25000,16,strong,"{""dim"": 1, ""distance"": 24, ""length"": 48, ""n_sources"": 1}",3,True,False,0,0.0,0.0,0.0,0.0,"[0.0, 0.0, 0.0]",0.0,0.0,0.0,0.7508749992648761,10012145
9b4bca1a63ee,bdh_cq,propagate,27500,16,strong,"{""dim"": 1, ""distance"": 12, ""length"": 48, ""n_sources"": 1}",3,True,False,0,0.0,0.0,0.0,0.0,"[0.0, 0.0, 0.0]",0.0,0.0,0.0,0.8456805541217327,10012145
9b4bca1a63ee,bdh_cq,propagate,27500,16,strong,"{""dim"": 1, ""distance"": 24, ""length"": 48, ""n_sources"": 1}",3,True,False,0,0.0,0.0,0.0,0.0,"[0.0, 0.0, 0.0]",0.0,0.0,0.0,0.8296805544892947,10012145
9b4bca1a63ee,bdh_cq,propagate,30000,16,strong,"{""dim"": 1, ""distance"": 12, ""length"": 48, ""n_sources"": 1}",3,True,False,0,0.0,0.0,0.0,0.0,"[0.0, 0.0, 0.0]",0.0,0.0,0.0,0.8343194424013296,10012145
9b4bca1a63ee,bdh_cq,propagate,30000,16,strong,"{""dim"": 1, ""distance"": 24, ""length"": 48, ""n_sources"": 1}",3,True,False,0,0.0,0.0,0.0,0.0,"[0.0, 0.0, 0.0]",0.0,0.0,0.0,0.8053194434841474,10012145
9b4bca1a63ee,bdh_cq,propagate,32500,16,strong,"{""dim"": 1, ""distance"": 12, ""length"": 48, ""n_sources"": 1}",3,True,False,0,0.0,0.0,0.0,0.0,"[0.0, 0.0, 0.0]",0.0,0.0,0.0,0.819861109862725,10012145
9b4bca1a63ee,bdh_cq,propagate,32500,16,strong,"{""dim"": 1, ""distance"": 24, ""length"": 48, ""n_sources"": 1}",3,True,False,0,0.0,0.0,0.0,0.0,"[0.0, 0.0, 0.0]",0.0,0.0,0.0,0.7955138870080312,10012145
9b4bca1a63ee,bdh_cq,propagate,35000,16,strong,"{""dim"": 1, ""distance"": 12, ""length"": 48, ""n_sources"": 1}",3,True,False,0,0.0,0.0,0.0,0.0,"[0.0, 0.0, 0.0]",0.0,0.0,0.0,0.8226249982019266,10012145
9b4bca1a63ee,bdh_cq,propagate,35000,16,strong,"{""dim"": 1, ""distance"": 24, ""length"": 48, ""n_sources"": 1}",3,True,False,0,0.0,0.0,0.0,0.0,"[0.0, 0.0, 0.0]",0.0,0.0,0.0,0.7952083320816358,10012145
9b4bca1a63ee,bdh_cq,propagate,37500,16,strong,"{""dim"": 1, ""distance"": 12, ""length"": 48, ""n_sources"": 1}",3,True,False,0,0.0,0.0,0.0,0.0,"[0.0, 0.0, 0.0]",0.0,0.0,0.0,0.8211388868391514,10012145
9b4bca1a63ee,bdh_cq,propagate,37500,16,strong,"{""dim"": 1, ""distance"": 24, ""length"": 48, ""n_sources"": 1}",3,True,False,0,0.0,0.0,0.0,0.0,"[0.0, 0.0, 0.0]",0.0,0.0,0.0,0.7898749983509381,10012145
9b4bca1a63ee,bdh_cq,propagate,40000,16,strong,"{""dim"": 1, ""distance"": 12, ""length"": 48, ""n_sources"": 1}",3,True,False,0,0.0,0.0,0.0,0.0,"[0.0, 0.0, 0.0]",0.0,0.0,0.0,0.8207638870477677,10012145
9b4bca1a63ee,bdh_cq,propagate,40000,16,strong,"{""dim"": 1, ""distance"": 24, ""length"": 48, ""n_sources"": 1}",3,True,False,0,0.0,0.0,0.0,0.0,"[0.0, 0.0, 0.0]",0.0,0.0,0.0,0.7890416649977366,10012145
cb0b76097aaf,bdh_cq,propagate,2500,16,strong,"{""dim"": 1, ""distance"": 12, ""length"": 48, ""n_sources"": 1}",3,True,False,0,0.0,0.0,0.0,0.0,"[0.0, 0.0, 0.0]",0.0,0.0,0.0,0.8176666570107143,10010880
cb0b76097aaf,bdh_cq,propagate,2500,16,strong,"{""dim"": 1, ""distance"": 24, ""length"": 48, ""n_sources"": 1}",3,True,False,0,0.0,0.0,0.0,0.0,"[0.0, 0.0, 0.0]",0.0,0.0,0.0,0.7452499960064888,10010880
cb0b76097aaf,bdh_cq,propagate,5000,16,strong,"{""dim"": 1, ""distance"": 12, ""length"": 48, ""n_sources"": 1}",3,True,False,0,0.0,0.0,0.0,0.0,"[0.0, 0.0, 0.0]",0.0,0.0,0.0,0.7112360919713975,10010880
cb0b76097aaf,bdh_cq,propagate,5000,16,strong,"{""dim"": 1, ""distance"": 24, ""length"": 48, ""n_sources"": 1}",3,True,False,0,0.0,0.0,0.0,0.0,"[0.0, 0.0, 0.0]",0.0,0.0,0.0,0.46541667576630913,10010880
cb0b76097aaf,bdh_cq,propagate,7500,16,strong,"{""dim"": 1, ""distance"": 12, ""length"": 48, ""n_sources"": 1}",3,True,False,0,0.0,0.0,0.0,0.0,"[0.0, 0.0, 0.0]",0.0,0.0,0.0,0.7775555435419083,10010880
cb0b76097aaf,bdh_cq,propagate,7500,16,strong,"{""dim"": 1, ""distance"": 24, ""length"": 48, ""n_sources"": 1}",3,True,False,0,0.0,0.0,0.0,0.0,"[0.0, 0.0, 0.0]",0.0,0.0,0.0,0.6140138927698136,10010880
cb0b76097aaf,bdh_cq,propagate,10000,16,strong,"{""dim"": 1, ""distance"": 12, ""length"": 48, ""n_sources"": 1}",3,True,False,0,0.0,0.0,0.0,0.0,"[0.0, 0.0, 0.0]",0.0,0.0,0.0,0.7729444337685902,10010880
cb0b76097aaf,bdh_cq,propagate,10000,16,strong,"{""dim"": 1, ""distance"": 24, ""length"": 48, ""n_sources"": 1}",3,True,False,0,0.0,0.0,0.0,0.0,"[0.0, 0.0, 0.0]",0.0,0.0,0.0,0.5944305601318677,10010880
cb0b76097aaf,bdh_cq,propagate,12500,16,strong,"{""dim"": 1, ""distance"": 12, ""length"": 48, ""n_sources"": 1}",3,True,False,0,0.0,0.0,0.0,0.0,"[0.0, 0.0, 0.0]",0.0,0.0,0.0,0.8074722145795823,10010880
cb0b76097aaf,bdh_cq,propagate,12500,16,strong,"{""dim"": 1, ""distance"": 24, ""length"": 48, ""n_sources"": 1}",3,True,False,0,0.0,0.0,0.0,0.0,"[0.0, 0.0, 0.0]",0.0,0.0,0.0,0.6762361132701238,10010880
cb0b76097aaf,bdh_cq,propagate,15000,16,strong,"{""dim"": 1, ""distance"": 12, ""length"": 48, ""n_sources"": 1}",3,True,False,0,0.0,0.0,0.0,0.0,"[0.0, 0.0, 0.0]",0.0,0.0,0.0,0.8053194397091866,10010880
cb0b76097aaf,bdh_cq,propagate,15000,16,strong,"{""dim"": 1, ""distance"": 24, ""length"": 48, ""n_sources"": 1}",3,True,False,0,0.0,0.0,0.0,0.0,"[0.0, 0.0, 0.0]",0.0,0.0,0.0,0.6785000008692345,10010880
cb0b76097aaf,bdh_cq,propagate,17500,16,strong,"{""dim"": 1, ""distance"": 12, ""length"": 48, ""n_sources"": 1}",3,True,False,0,0.0,0.0,0.0,0.0,"[0.0, 0.0, 0.0]",0.0,0.0,0.0,0.7943333274126053,10010880
cb0b76097aaf,bdh_cq,propagate,17500,16,strong,"{""dim"": 1, ""distance"": 24, ""length"": 48, ""n_sources"": 1}",3,True,False,0,0.0,0.0,0.0,0.0,"[0.0, 0.0, 0.0]",0.0,0.0,0.0,0.6476944449146589,10010880
cb0b76097aaf,bdh_cq,propagate,20000,16,strong,"{""dim"": 1, ""distance"": 12, ""length"": 48, ""n_sources"": 1}",3,True,False,0,0.0,0.0,0.0,0.0,"[0.0, 0.0, 0.0]",0.0,0.0,0.0,0.8048194382190704,10010880
cb0b76097aaf,bdh_cq,propagate,20000,16,strong,"{""dim"": 1, ""distance"": 24, ""length"": 48, ""n_sources"": 1}",3,True,False,0,0.0,0.0,0.0,0.0,"[0.0, 0.0, 0.0]",0.0,0.0,0.0,0.671138889213403,10010880
cb0b76097aaf,bdh_cq,propagate,22500,16,strong,"{""dim"": 1, ""distance"": 12, ""length"": 48, ""n_sources"": 1}",3,True,False,0,0.0,0.0,0.0,0.0,"[0.0, 0.0, 0.0]",0.0,0.0,0.0,0.8104305495818456,10010880
cb0b76097aaf,bdh_cq,propagate,22500,16,strong,"{""dim"": 1, ""distance"": 24, ""length"": 48, ""n_sources"": 1}",3,True,False,0,0.0,0.0,0.0,0.0,"[0.0, 0.0, 0.0]",0.0,0.0,0.0,0.6844444451928139,10010880
cb0b76097aaf,bdh_cq,propagate,25000,16,strong,"{""dim"": 1, ""distance"": 12, ""length"": 48, ""n_sources"": 1}",3,True,False,0,0.0,0.0,0.0,0.0,"[0.0, 0.0, 0.0]",0.0,0.0,0.0,0.8065138839185239,10010880
cb0b76097aaf,bdh_cq,propagate,25000,16,strong,"{""dim"": 1, ""distance"": 24, ""length"": 48, ""n_sources"": 1}",3,True,False,0,0.0,0.0,0.0,0.0,"[0.0, 0.0, 0.0]",0.0,0.0,0.0,0.6838333331644534,10010880
cb0b76097aaf,bdh_cq,propagate,27500,16,strong,"{""dim"": 1, ""distance"": 12, ""length"": 48, ""n_sources"": 1}",3,True,False,0,0.0,0.0,0.0,0.0,"[0.0, 0.0, 0.0]",0.0,0.0,0.0,0.8246944381793341,10010880
cb0b76097aaf,bdh_cq,propagate,27500,16,strong,"{""dim"": 1, ""distance"": 24, ""length"": 48, ""n_sources"": 1}",3,True,False,0,0.0,0.0,0.0,0.0,"[0.0, 0.0, 0.0]",0.0,0.0,0.0,0.7160833337108294,10010880
cb0b76097aaf,bdh_cq,propagate,30000,16,strong,"{""dim"": 1, ""distance"": 12, ""length"": 48, ""n_sources"": 1}",3,True,False,0,0.0,0.0,0.0,0.0,"[0.0, 0.0, 0.0]",0.0,0.0,0.0,0.8038749936819077,10010880
cb0b76097aaf,bdh_cq,propagate,30000,16,strong,"{""dim"": 1, ""distance"": 24, ""length"": 48, ""n_sources"": 1}",3,True,False,0,0.0,0.0,0.0,0.0,"[0.0, 0.0, 0.0]",0.0,0.0,0.0,0.6711388898293178,10010880
cb0b76097aaf,bdh_cq,propagate,32500,16,strong,"{""dim"": 1, ""distance"": 12, ""length"": 48, ""n_sources"": 1}",3,True,False,0,0.0,0.0,0.0,0.0,"[0.0, 0.0, 0.0]",0.0,0.0,0.0,0.8149305492242177,10010880
cb0b76097aaf,bdh_cq,propagate,32500,16,strong,"{""dim"": 1, ""distance"": 24, ""length"": 48, ""n_sources"": 1}",3,True,False,0,0.0,0.0,0.0,0.0,"[0.0, 0.0, 0.0]",0.0,0.0,0.0,0.6895555561383565,10010880
cb0b76097aaf,bdh_cq,propagate,35000,16,strong,"{""dim"": 1, ""distance"": 12, ""length"": 48, ""n_sources"": 1}",3,True,False,0,0.0,0.0,0.0,0.0,"[0.0, 0.0, 0.0]",0.0,0.0,0.0,0.8063611050844193,10010880
cb0b76097aaf,bdh_cq,propagate,35000,16,strong,"{""dim"": 1, ""distance"": 24, ""length"": 48, ""n_sources"": 1}",3,True,False,0,0.0,0.0,0.0,0.0,"[0.0, 0.0, 0.0]",0.0,0.0,0.0,0.6780277794003485,10010880
cb0b76097aaf,bdh_cq,propagate,37500,16,strong,"{""dim"": 1, ""distance"": 12, ""length"": 48, ""n_sources"": 1}",3,True,False,0,0.0,0.0,0.0,0.0,"[0.0, 0.0, 0.0]",0.0,0.0,0.0,0.8050833268165588,10010880
cb0b76097aaf,bdh_cq,propagate,37500,16,strong,"{""dim"": 1, ""distance"": 24, ""length"": 48, ""n_sources"": 1}",3,True,False,0,0.0,0.0,0.0,0.0,"[0.0, 0.0, 0.0]",0.0,0.0,0.0,0.6738611125548681,10010880
cb0b76097aaf,bdh_cq,propagate,40000,16,strong,"{""dim"": 1, ""distance"": 12, ""length"": 48, ""n_sources"": 1}",3,True,False,0,0.0,0.0,0.0,0.0,"[0.0, 0.0, 0.0]",0.0,0.0,0.0,0.8031388828357061,10010880
cb0b76097aaf,bdh_cq,propagate,40000,16,strong,"{""dim"": 1, ""distance"": 24, ""length"": 48, ""n_sources"": 1}",3,True,False,0,0.0,0.0,0.0,0.0,"[0.0, 0.0, 0.0]",0.0,0.0,0.0,0.6711111127932866,10010880
f0b8b7c55f92,bdh_cq,propagate,2500,16,strong,"{""dim"": 1, ""distance"": 12, ""length"": 48, ""n_sources"": 1}",3,True,False,0,0.0,0.0,0.0,0.0,"[0.0, 0.0, 0.0]",0.0,0.0,0.0,0.7347222064336142,10010880
f0b8b7c55f92,bdh_cq,propagate,2500,16,strong,"{""dim"": 1, ""distance"": 24, ""length"": 48, ""n_sources"": 1}",3,True,False,0,0.0,0.0,0.0,0.0,"[0.0, 0.0, 0.0]",0.0,0.0,0.0,0.5774305596152942,10010880
f0b8b7c55f92,bdh_cq,propagate,5000,16,strong,"{""dim"": 1, ""distance"": 12, ""length"": 48, ""n_sources"": 1}",3,True,False,0,0.0,0.0,0.0,0.0,"[0.0, 0.0, 0.0]",0.0,0.0,0.0,0.7227916506528854,10010880
f0b8b7c55f92,bdh_cq,propagate,5000,16,strong,"{""dim"": 1, ""distance"": 24, ""length"": 48, ""n_sources"": 1}",3,True,False,0,0.0,0.0,0.0,0.0,"[0.0, 0.0, 0.0]",0.0,0.0,0.0,0.5617916696667672,10010880
f0b8b7c55f92,bdh_cq,propagate,7500,16,strong,"{""dim"": 1, ""distance"": 12, ""length"": 48, ""n_sources"": 1}",3,True,False,0,0.0,0.0,0.0,0.0,"[0.0, 0.0, 0.0]",0.0,0.0,0.0,0.7239166541894276,10010880
f0b8b7c55f92,bdh_cq,propagate,7500,16,strong,"{""dim"": 1, ""distance"": 24, ""length"": 48, ""n_sources"": 1}",3,True,False,0,0.0,0.0,0.0,0.0,"[0.0, 0.0, 0.0]",0.0,0.0,0.0,0.5806527798970541,10010880
f0b8b7c55f92,bdh_cq,propagate,10000,16,strong,"{""dim"": 1, ""distance"": 12, ""length"": 48, ""n_sources"": 1}",3,True,False,0,0.0,0.0,0.0,0.0,"[0.0, 0.0, 0.0]",0.0,0.0,0.0,0.7313888781865439,10010880
f0b8b7c55f92,bdh_cq,propagate,10000,16,strong,"{""dim"": 1, ""distance"": 24, ""length"": 48, ""n_sources"": 1}",3,True,False,0,0.0,0.0,0.0,0.0,"[0.0, 0.0, 0.0]",0.0,0.0,0.0,0.5879861129522324,10010880
f0b8b7c55f92,bdh_cq,propagate,12500,16,strong,"{""dim"": 1, ""distance"": 12, ""length"": 48, ""n_sources"": 1}",3,True,False,0,0.0,0.0,0.0,0.0,"[0.0, 0.0, 0.0]",0.0,0.0,0.0,0.716680544257164,10010880
f0b8b7c55f92,bdh_cq,propagate,12500,16,strong,"{""dim"": 1, ""distance"": 24, ""length"": 48, ""n_sources"": 1}",3,True,False,0,0.0,0.0,0.0,0.0,"[0.0, 0.0, 0.0]",0.0,0.0,0.0,0.5389861128032208,10010880
f0b8b7c55f92,bdh_cq,propagate,15000,16,strong,"{""dim"": 1, ""distance"": 12, ""length"": 48, ""n_sources"": 1}",3,True,False,0,0.0,0.0,0.0,0.0,"[0.0, 0.0, 0.0]",0.0,0.0,0.0,0.7154722090363502,10010880
f0b8b7c55f92,bdh_cq,propagate,15000,16,strong,"{""dim"": 1, ""distance"": 24, ""length"": 48, ""n_sources"": 1}",3,True,False,0,0.0,0.0,0.0,0.0,"[0.0, 0.0, 0.0]",0.0,0.0,0.0,0.5378611131310463,10010880
f0b8b7c55f92,bdh_cq,propagate,17500,16,strong,"{""dim"": 1, ""distance"": 12, ""length"": 48, ""n_sources"": 1}",3,True,False,0,0.0,0.0,0.0,0.0,"[0.0, 0.0, 0.0]",0.0,0.0,0.0,0.717291653474172,10010880
f0b8b7c55f92,bdh_cq,propagate,17500,16,strong,"{""dim"": 1, ""distance"": 24, ""length"": 48, ""n_sources"": 1}",3,True,False,0,0.0,0.0,0.0,0.0,"[0.0, 0.0, 0.0]",0.0,0.0,0.0,0.5409722253382205,10010880
f0b8b7c55f92,bdh_cq,propagate,20000,16,strong,"{""dim"": 1, ""distance"": 12, ""length"": 48, ""n_sources"": 1}",3,True,False,0,0.0,0.0,0.0,0.0,"[0.0, 0.0, 0.0]",0.0,0.0,0.0,0.715902762512366,10010880
f0b8b7c55f92,bdh_cq,propagate,20000,16,strong,"{""dim"": 1, ""distance"": 24, ""length"": 48, ""n_sources"": 1}",3,True,False,0,0.0,0.0,0.0,0.0,"[0.0, 0.0, 0.0]",0.0,0.0,0.0,0.516472225566705,10010880
f0b8b7c55f92,bdh_cq,propagate,22500,16,strong,"{""dim"": 1, ""distance"": 12, ""length"": 48, ""n_sources"": 1}",3,True,False,0,0.0,0.0,0.0,0.0,"[0.0, 0.0, 0.0]",0.0,0.0,0.0,0.7191805412968,10010880
f0b8b7c55f92,bdh_cq,propagate,22500,16,strong,"{""dim"": 1, ""distance"": 24, ""length"": 48, ""n_sources"": 1}",3,True,False,0,0.0,0.0,0.0,0.0,"[0.0, 0.0, 0.0]",0.0,0.0,0.0,0.5247222247670095,10010880
f0b8b7c55f92,bdh_cq,propagate,25000,16,strong,"{""dim"": 1, ""distance"": 12, ""length"": 48, ""n_sources"": 1}",3,True,False,0,0.0,0.0,0.0,0.0,"[0.0, 0.0, 0.0]",0.0,0.0,0.0,0.7201944302717843,10010880
f0b8b7c55f92,bdh_cq,propagate,25000,16,strong,"{""dim"": 1, ""distance"": 24, ""length"": 48, ""n_sources"": 1}",3,True,False,0,0.0,0.0,0.0,0.0,"[0.0, 0.0, 0.0]",0.0,0.0,0.0,0.5289444474925596,10010880
f0b8b7c55f92,bdh_cq,propagate,27500,16,strong,"{""dim"": 1, ""distance"": 12, ""length"": 48, ""n_sources"": 1}",3,True,False,0,0.0,0.0,0.0,0.0,"[0.0, 0.0, 0.0]",0.0,0.0,0.0,0.7306249864101412,10010880
f0b8b7c55f92,bdh_cq,propagate,27500,16,strong,"{""dim"": 1, ""distance"": 24, ""length"": 48, ""n_sources"": 1}",3,True,False,0,0.0,0.0,0.0,0.0,"[0.0, 0.0, 0.0]",0.0,0.0,0.0,0.5598611136128505,10010880
f0b8b7c55f92,bdh_cq,propagate,30000,16,strong,"{""dim"": 1, ""distance"": 12, ""length"": 48, ""n_sources"": 1}",3,True,False,0,0.0,0.0,0.0,0.0,"[0.0, 0.0, 0.0]",0.0,0.0,0.0,0.7352222092549004,10010880
f0b8b7c55f92,bdh_cq,propagate,30000,16,strong,"{""dim"": 1, ""distance"": 24, ""length"": 48, ""n_sources"": 1}",3,True,False,0,0.0,0.0,0.0,0.0,"[0.0, 0.0, 0.0]",0.0,0.0,0.0,0.579944446320335,10010880
f0b8b7c55f92,bdh_cq,propagate,32500,16,strong,"{""dim"": 1, ""distance"": 12, ""length"": 48, ""n_sources"": 1}",3,True,False,0,0.0,0.0,0.0,0.0,"[0.0, 0.0, 0.0]",0.0,0.0,0.0,0.730874986588955,10010880
f0b8b7c55f92,bdh_cq,propagate,32500,16,strong,"{""dim"": 1, ""distance"": 24, ""length"": 48, ""n_sources"": 1}",3,True,False,0,0.0,0.0,0.0,0.0,"[0.0, 0.0, 0.0]",0.0,0.0,0.0,0.5654583357671896,10010880
f0b8b7c55f92,bdh_cq,propagate,35000,16,strong,"{""dim"": 1, ""distance"": 12, ""length"": 48, ""n_sources"": 1}",3,True,False,0,0.0,0.0,0.0,0.0,"[0.0, 0.0, 0.0]",0.0,0.0,0.0,0.7301805422703426,10010880
f0b8b7c55f92,bdh_cq,propagate,35000,16,strong,"{""dim"": 1, ""distance"": 24, ""length"": 48, ""n_sources"": 1}",3,True,False,0,0.0,0.0,0.0,0.0,"[0.0, 0.0, 0.0]",0.0,0.0,0.0,0.5596388908475638,10010880
f0b8b7c55f92,bdh_cq,propagate,37500,16,strong,"{""dim"": 1, ""distance"": 12, ""length"": 48, ""n_sources"": 1}",3,True,False,0,0.0,0.0,0.0,0.0,"[0.0, 0.0, 0.0]",0.0,0.0,0.0,0.7283472089370092,10010880
f0b8b7c55f92,bdh_cq,propagate,37500,16,strong,"{""dim"": 1, ""distance"": 24, ""length"": 48, ""n_sources"": 1}",3,True,False,0,0.0,0.0,0.0,0.0,"[0.0, 0.0, 0.0]",0.0,0.0,0.0,0.5535694465984902,10010880
f0b8b7c55f92,bdh_cq,propagate,40000,16,strong,"{""dim"": 1, ""distance"": 12, ""length"": 48, ""n_sources"": 1}",3,True,False,0,0.0,0.0,0.0,0.0,"[0.0, 0.0, 0.0]",0.0,0.0,0.0,0.7277222087780634,10010880
f0b8b7c55f92,bdh_cq,propagate,40000,16,strong,"{""dim"": 1, ""distance"": 24, ""length"": 48, ""n_sources"": 1}",3,True,False,0,0.0,0.0,0.0,0.0,"[0.0, 0.0, 0.0]",0.0,0.0,0.0,0.5537777800609668,10010880
3d6407474980,bdh_cq,propagate,8000,32,strong,"{""dim"": 1, ""distance"": 12, ""length"": 48, ""n_sources"": 1}",1,True,True,0,0.0,0.0,0.0,0.0,[0.0],0.0,0.0,0.0,0.7087499821186065,10010880
3d6407474980,bdh_cq,propagate,8000,32,strong,"{""dim"": 1, ""distance"": 24, ""length"": 48, ""n_sources"": 1}",1,True,True,0,0.0,0.0,0.0,0.0,[0.0],0.0,0.0,0.0,0.5300000038743019,10010880
79d948f95c7e,bdh_cq,propagate,2500,32,strong,"{""dim"": 1, ""distance"": 12, ""length"": 48, ""n_sources"": 1}",3,True,False,0,0.0,0.0,0.0,0.0,"[0.0, 0.0, 0.0]",0.0,0.0,0.0,0.7385277618964513,10010888
79d948f95c7e,bdh_cq,propagate,2500,32,strong,"{""dim"": 1, ""distance"": 24, ""length"": 48, ""n_sources"": 1}",3,True,False,0,0.0,0.0,0.0,0.0,"[0.0, 0.0, 0.0]",0.0,0.0,0.0,0.5854861141045888,10010888
79d948f95c7e,bdh_cq,propagate,5000,32,strong,"{""dim"": 1, ""distance"": 12, ""length"": 48, ""n_sources"": 1}",3,True,False,0,0.0,0.0,0.0,0.0,"[0.0, 0.0, 0.0]",0.0,0.0,0.0,0.7206110946734746,10010888
79d948f95c7e,bdh_cq,propagate,5000,32,strong,"{""dim"": 1, ""distance"": 24, ""length"": 48, ""n_sources"": 1}",3,True,False,0,0.0,0.0,0.0,0.0,"[0.0, 0.0, 0.0]",0.0,0.0,0.0,0.5462777817447981,10010888
79d948f95c7e,bdh_cq,propagate,7500,32,strong,"{""dim"": 1, ""distance"": 12, ""length"": 48, ""n_sources"": 1}",3,True,False,0,0.0,0.0,0.0,0.0,"[0.0, 0.0, 0.0]",0.0,0.0,0.0,0.7282499907414118,10010888
79d948f95c7e,bdh_cq,propagate,7500,32,strong,"{""dim"": 1, ""distance"": 24, ""length"": 48, ""n_sources"": 1}",3,True,False,0,0.0,0.0,0.0,0.0,"[0.0, 0.0, 0.0]",0.0,0.0,0.0,0.5665138913989067,10010888
79d948f95c7e,bdh_cq,propagate,10000,32,strong,"{""dim"": 1, ""distance"": 12, ""length"": 48, ""n_sources"": 1}",3,True,False,0,0.0,0.0,0.0,0.0,"[0.0, 0.0, 0.0]",0.0,0.0,0.0,0.7452777709563573,10010888
79d948f95c7e,bdh_cq,propagate,10000,32,strong,"{""dim"": 1, ""distance"": 24, ""length"": 48, ""n_sources"": 1}",3,True,False,0,0.0,0.0,0.0,0.0,"[0.0, 0.0, 0.0]",0.0,0.0,0.0,0.6179166685938835,10010888
79d948f95c7e,bdh_cq,propagate,12500,32,strong,"{""dim"": 1, ""distance"": 12, ""length"": 48, ""n_sources"": 1}",3,True,False,0,0.0,0.0,0.0,0.0,"[0.0, 0.0, 0.0]",0.0,0.0,0.0,0.7544305494228999,10010888
79d948f95c7e,bdh_cq,propagate,12500,32,strong,"{""dim"": 1, ""distance"": 24, ""length"": 48, ""n_sources"": 1}",3,True,False,0,0.0,0.0,0.0,0.0,"[0.0, 0.0, 0.0]",0.0,0.0,0.0,0.6509722233215968,10010888
79d948f95c7e,bdh_cq,propagate,15000,32,strong,"{""dim"": 1, ""distance"": 12, ""length"": 48, ""n_sources"": 1}",3,True,False,0,0.0,0.0,0.0,0.0,"[0.0, 0.0, 0.0]",0.0,0.0,0.0,0.7694583255449929,10010888
79d948f95c7e,bdh_cq,propagate,15000,32,strong,"{""dim"": 1, ""distance"": 24, ""length"": 48, ""n_sources"": 1}",3,True,False,0,0.0,0.0,0.0,0.0,"[0.0, 0.0, 0.0]",0.0,0.0,0.0,0.6646388909816743,10010888
79d948f95c7e,bdh_cq,propagate,17500,32,strong,"{""dim"": 1, ""distance"": 12, ""length"": 48, ""n_sources"": 1}",3,True,False,0,0.0,0.0,0.0,0.0,"[0.0, 0.0, 0.0]",0.0,0.0,0.0,0.7678194362719855,10010888
79d948f95c7e,bdh_cq,propagate,17500,32,strong,"{""dim"": 1, ""distance"": 24, ""length"": 48, ""n_sources"": 1}",3,True,False,0,0.0,0.0,0.0,0.0,"[0.0, 0.0, 0.0]",0.0,0.0,0.0,0.6514027801156045,10010888
79d948f95c7e,bdh_cq,propagate,20000,32,strong,"{""dim"": 1, ""distance"": 12, ""length"": 48, ""n_sources"": 1}",3,True,False,0,0.0,0.0,0.0,0.0,"[0.0, 0.0, 0.0]",0.0,0.0,0.0,0.7600694347222646,10010888
79d948f95c7e,bdh_cq,propagate,20000,32,strong,"{""dim"": 1, ""distance"": 24, ""length"": 48, ""n_sources"": 1}",3,True,False,0,0.0,0.0,0.0,0.0,"[0.0, 0.0, 0.0]",0.0,0.0,0.0,0.631333335707585,10010888
79d948f95c7e,bdh_cq,propagate,22500,32,strong,"{""dim"": 1, ""distance"": 12, ""length"": 48, ""n_sources"": 1}",3,True,False,0,0.0,0.0,0.0,0.0,"[0.0, 0.0, 0.0]",0.0,0.0,0.0,0.7714583245913188,10010888
79d948f95c7e,bdh_cq,propagate,22500,32,strong,"{""dim"": 1, ""distance"": 24, ""length"": 48, ""n_sources"": 1}",3,True,False,0,0.0,0.0,0.0,0.0,"[0.0, 0.0, 0.0]",0.0,0.0,0.0,0.6499027798573177,10010888
79d948f95c7e,bdh_cq,propagate,25000,32,strong,"{""dim"": 1, ""distance"": 12, ""length"": 48, ""n_sources"": 1}",3,True,False,0,0.0,0.0,0.0,0.0,"[0.0, 0.0, 0.0]",0.0,0.0,0.0,0.7737499916553497,10010888
79d948f95c7e,bdh_cq,propagate,25000,32,strong,"{""dim"": 1, ""distance"": 24, ""length"": 48, ""n_sources"": 1}",3,True,False,0,0.0,0.0,0.0,0.0,"[0.0, 0.0, 0.0]",0.0,0.0,0.0,0.6486666692097982,10010888
79d948f95c7e,bdh_cq,propagate,27500,32,strong,"{""dim"": 1, ""distance"": 12, ""length"": 48, ""n_sources"": 1}",3,True,False,0,0.0,0.0,0.0,0.0,"[0.0, 0.0, 0.0]",0.0,0.0,0.0,0.7786111028194428,10010888
79d948f95c7e,bdh_cq,propagate,27500,32,strong,"{""dim"": 1, ""distance"": 24, ""length"": 48, ""n_sources"": 1}",3,True,False,0,0.0,0.0,0.0,0.0,"[0.0, 0.0, 0.0]",0.0,0.0,0.0,0.6560000030398369,10010888
79d948f95c7e,bdh_cq,propagate,30000,32,strong,"{""dim"": 1, ""distance"": 12, ""length"": 48, ""n_sources"": 1}",3,True,False,0,0.0,0.0,0.0,0.0,"[0.0, 0.0, 0.0]",0.0,0.0,0.0,0.770013879497846,10010888
79d948f95c7e,bdh_cq,propagate,30000,32,strong,"{""dim"": 1, ""distance"": 24, ""length"": 48, ""n_sources"": 1}",3,True,False,0,0.0,0.0,0.0,0.0,"[0.0, 0.0, 0.0]",0.0,0.0,0.0,0.6382222248117129,10010888
79d948f95c7e,bdh_cq,propagate,32500,32,strong,"{""dim"": 1, ""distance"": 12, ""length"": 48, ""n_sources"": 1}",3,True,False,0,0.0,0.0,0.0,0.0,"[0.0, 0.0, 0.0]",0.0,0.0,0.0,0.7714027685721715,10010888
79d948f95c7e,bdh_cq,propagate,32500,32,strong,"{""dim"": 1, ""distance"": 24, ""length"": 48, ""n_sources"": 1}",3,True,False,0,0.0,0.0,0.0,0.0,"[0.0, 0.0, 0.0]",0.0,0.0,0.0,0.6415833363334338,10010888
79d948f95c7e,bdh_cq,propagate,35000,32,strong,"{""dim"": 1, ""distance"": 12, ""length"": 48, ""n_sources"": 1}",3,True,False,0,0.0,0.0,0.0,0.0,"[0.0, 0.0, 0.0]",0.0,0.0,0.0,0.7688194346427917,10010888
79d948f95c7e,bdh_cq,propagate,35000,32,strong,"{""dim"": 1, ""distance"": 24, ""length"": 48, ""n_sources"": 1}",3,True,False,0,0.0,0.0,0.0,0.0,"[0.0, 0.0, 0.0]",0.0,0.0,0.0,0.63397222528855,10010888
79d948f95c7e,bdh_cq,propagate,37500,32,strong,"{""dim"": 1, ""distance"": 12, ""length"": 48, ""n_sources"": 1}",3,True,False,0,0.0,0.0,0.0,0.0,"[0.0, 0.0, 0.0]",0.0,0.0,0.0,0.768027768333753,10010888
79d948f95c7e,bdh_cq,propagate,37500,32,strong,"{""dim"": 1, ""distance"": 24, ""length"": 48, ""n_sources"": 1}",3,True,False,0,0.0,0.0,0.0,0.0,"[0.0, 0.0, 0.0]",0.0,0.0,0.0,0.6310694477359454,10010888
79d948f95c7e,bdh_cq,propagate,40000,32,strong,"{""dim"": 1, ""distance"": 12, ""length"": 48, ""n_sources"": 1}",3,True,False,0,0.0,0.0,0.0,0.0,"[0.0, 0.0, 0.0]",0.0,0.0,0.0,0.7680277682940165,10010888
79d948f95c7e,bdh_cq,propagate,40000,32,strong,"{""dim"": 1, ""distance"": 24, ""length"": 48, ""n_sources"": 1}",3,True,False,0,0.0,0.0,0.0,0.0,"[0.0, 0.0, 0.0]",0.0,0.0,0.0,0.6311944479544956,10010888
9b4bca1a63ee,bdh_cq,propagate,2500,32,strong,"{""dim"": 1, ""distance"": 12, ""length"": 48, ""n_sources"": 1}",3,True,False,0,0.0,0.0,0.0,0.0,"[0.0, 0.0, 0.0]",0.0,0.0,0.0,0.7414722107077639,10012145
9b4bca1a63ee,bdh_cq,propagate,2500,32,strong,"{""dim"": 1, ""distance"": 24, ""length"": 48, ""n_sources"": 1}",3,True,False,0,0.0,0.0,0.0,0.0,"[0.0, 0.0, 0.0]",0.0,0.0,0.0,0.6521111117862165,10012145
9b4bca1a63ee,bdh_cq,propagate,5000,32,strong,"{""dim"": 1, ""distance"": 12, ""length"": 48, ""n_sources"": 1}",3,True,False,0,0.0,0.0,0.0,0.0,"[0.0, 0.0, 0.0]",0.0,0.0,0.0,0.712527761751165,10012145
9b4bca1a63ee,bdh_cq,propagate,5000,32,strong,"{""dim"": 1, ""distance"": 24, ""length"": 48, ""n_sources"": 1}",3,True,False,0,0.0,0.0,0.0,0.0,"[0.0, 0.0, 0.0]",0.0,0.0,0.0,0.5220972274641196,10012145
9b4bca1a63ee,bdh_cq,propagate,7500,32,strong,"{""dim"": 1, ""distance"": 12, ""length"": 48, ""n_sources"": 1}",3,True,False,0,0.0,0.0,0.0,0.0,"[0.0, 0.0, 0.0]",0.0,0.0,0.0,0.7054027596165736,10012145
9b4bca1a63ee,bdh_cq,propagate,7500,32,strong,"{""dim"": 1, ""distance"": 24, ""length"": 48, ""n_sources"": 1}",3,True,False,0,0.0,0.0,0.0,0.0,"[0.0, 0.0, 0.0]",0.0,0.0,0.0,0.4710555638571581,10012145
9b4bca1a63ee,bdh_cq,propagate,10000,32,strong,"{""dim"": 1, ""distance"": 12, ""length"": 48, ""n_sources"": 1}",3,True,False,0,0.0,0.0,0.0,0.0,"[0.0, 0.0, 0.0]",0.0,0.0,0.0,0.7215138742923738,10012145
9b4bca1a63ee,bdh_cq,propagate,10000,32,strong,"{""dim"": 1, ""distance"": 24, ""length"": 48, ""n_sources"": 1}",3,True,False,0,0.0,0.0,0.0,0.0,"[0.0, 0.0, 0.0]",0.0,0.0,0.0,0.5535416691700618,10012145
9b4bca1a63ee,bdh_cq,propagate,12500,32,strong,"{""dim"": 1, ""distance"": 12, ""length"": 48, ""n_sources"": 1}",3,True,False,0,0.0,0.0,0.0,0.0,"[0.0, 0.0, 0.0]",0.0,0.0,0.0,0.7653194393267233,10012145
9b4bca1a63ee,bdh_cq,propagate,12500,32,strong,"{""dim"": 1, ""distance"": 24, ""length"": 48, ""n_sources"": 1}",3,True,False,0,0.0,0.0,0.0,0.0,"[0.0, 0.0, 0.0]",0.0,0.0,0.0,0.7261111099521319,10012145
9b4bca1a63ee,bdh_cq,propagate,15000,32,strong,"{""dim"": 1, ""distance"": 12, ""length"": 48, ""n_sources"": 1}",3,True,False,0,0.0,0.0,0.0,0.0,"[0.0, 0.0, 0.0]",0.0,0.0,0.0,0.7052777734287083,10012145
9b4bca1a63ee,bdh_cq,propagate,15000,32,strong,"{""dim"": 1, ""distance"": 24, ""length"": 48, ""n_sources"": 1}",3,True,False,0,0.0,0.0,0.0,0.0,"[0.0, 0.0, 0.0]",0.0,0.0,0.0,0.6983749984204769,10012145
9b4bca1a63ee,bdh_cq,propagate,17500,32,strong,"{""dim"": 1, ""distance"": 12, ""length"": 48, ""n_sources"": 1}",3,True,False,0,0.0,0.0,0.0,0.0,"[0.0, 0.0, 0.0]",0.0,0.0,0.0,0.760624997501572,10012145
9b4bca1a63ee,bdh_cq,propagate,17500,32,strong,"{""dim"": 1, ""distance"": 24, ""length"": 48, ""n_sources"": 1}",3,True,False,0,0.0,0.0,0.0,0.0,"[0.0, 0.0, 0.0]",0.0,0.0,0.0,0.7516111101905505,10012145
9b4bca1a63ee,bdh_cq,propagate,20000,32,strong,"{""dim"": 1, ""distance"": 12, ""length"": 48, ""n_sources"": 1}",3,True,False,0,0.0,0.0,0.0,0.0,"[0.0, 0.0, 0.0]",0.0,0.0,0.0,0.7533333324541648,10012145
9b4bca1a63ee,bdh_cq,propagate,20000,32,strong,"{""dim"": 1, ""distance"": 24, ""length"": 48, ""n_sources"": 1}",3,True,False,0,0.0,0.0,0.0,0.0,"[0.0, 0.0, 0.0]",0.0,0.0,0.0,0.7705694429675738,10012145
9b4bca1a63ee,bdh_cq,propagate,22500,32,strong,"{""dim"": 1, ""distance"": 12, ""length"": 48, ""n_sources"": 1}",3,True,False,0,0.0,0.0,0.0,0.0,"[0.0, 0.0, 0.0]",0.0,0.0,0.0,0.7670694420884053,10012145
9b4bca1a63ee,bdh_cq,propagate,22500,32,strong,"{""dim"": 1, ""distance"": 24, ""length"": 48, ""n_sources"": 1}",3,True,False,0,0.0,0.0,0.0,0.0,"[0.0, 0.0, 0.0]",0.0,0.0,0.0,0.7511111110250156,10012145
9b4bca1a63ee,bdh_cq,propagate,25000,32,strong,"{""dim"": 1, ""distance"": 12, ""length"": 48, ""n_sources"": 1}",3,True,False,0,0.0,0.0,0.0,0.0,"[0.0, 0.0, 0.0]",0.0,0.0,0.0,0.7438472194671631,10012145
9b4bca1a63ee,bdh_cq,propagate,25000,32,strong,"{""dim"": 1, ""distance"": 24, ""length"": 48, ""n_sources"": 1}",3,True,False,0,0.0,0.0,0.0,0.0,"[0.0, 0.0, 0.0]",0.0,0.0,0.0,0.7273888878424962,10012145
9b4bca1a63ee,bdh_cq,propagate,27500,32,strong,"{""dim"": 1, ""distance"": 12, ""length"": 48, ""n_sources"": 1}",3,True,False,0,0.0,0.0,0.0,0.0,"[0.0, 0.0, 0.0]",0.0,0.0,0.0,0.8254583310584227,10012145
9b4bca1a63ee,bdh_cq,propagate,27500,32,strong,"{""dim"": 1, ""distance"": 24, ""length"": 48, ""n_sources"": 1}",3,True,False,0,0.0,0.0,0.0,0.0,"[0.0, 0.0, 0.0]",0.0,0.0,0.0,0.8134999990860621,10012145
9b4bca1a63ee,bdh_cq,propagate,30000,32,strong,"{""dim"": 1, ""distance"": 12, ""length"": 48, ""n_sources"": 1}",3,True,False,0,0.0,0.0,0.0,0.0,"[0.0, 0.0, 0.0]",0.0,0.0,0.0,0.8039166642775138,10012145
9b4bca1a63ee,bdh_cq,propagate,30000,32,strong,"{""dim"": 1, ""distance"": 24, ""length"": 48, ""n_sources"": 1}",3,True,False,0,0.0,0.0,0.0,0.0,"[0.0, 0.0, 0.0]",0.0,0.0,0.0,0.7909722208778064,10012145
9b4bca1a63ee,bdh_cq,propagate,32500,32,strong,"{""dim"": 1, ""distance"": 12, ""length"": 48, ""n_sources"": 1}",3,True,False,0,0.0,0.0,0.0,0.0,"[0.0, 0.0, 0.0]",0.0,0.0,0.0,0.7824722197651863,10012145
9b4bca1a63ee,bdh_cq,propagate,32500,32,strong,"{""dim"": 1, ""distance"": 24, ""length"": 48, ""n_sources"": 1}",3,True,False,0,0.0,0.0,0.0,0.0,"[0.0, 0.0, 0.0]",0.0,0.0,0.0,0.7719722209572794,10012145
9b4bca1a63ee,bdh_cq,propagate,35000,32,strong,"{""dim"": 1, ""distance"": 12, ""length"": 48, ""n_sources"": 1}",3,True,False,0,0.0,0.0,0.0,0.0,"[0.0, 0.0, 0.0]",0.0,0.0,0.0,0.792541664113601,10012145
9b4bca1a63ee,bdh_cq,propagate,35000,32,strong,"{""dim"": 1, ""distance"": 24, ""length"": 48, ""n_sources"": 1}",3,True,False,0,0.0,0.0,0.0,0.0,"[0.0, 0.0, 0.0]",0.0,0.0,0.0,0.7783472205797831,10012145
9b4bca1a63ee,bdh_cq,propagate,37500,32,strong,"{""dim"": 1, ""distance"": 12, ""length"": 48, ""n_sources"": 1}",3,True,False,0,0.0,0.0,0.0,0.0,"[0.0, 0.0, 0.0]",0.0,0.0,0.0,0.7914305533915758,10012145
9b4bca1a63ee,bdh_cq,propagate,37500,32,strong,"{""dim"": 1, ""distance"": 24, ""length"": 48, ""n_sources"": 1}",3,True,False,0,0.0,0.0,0.0,0.0,"[0.0, 0.0, 0.0]",0.0,0.0,0.0,0.7744166644016902,10012145
9b4bca1a63ee,bdh_cq,propagate,40000,32,strong,"{""dim"": 1, ""distance"": 12, ""length"": 48, ""n_sources"": 1}",3,True,False,0,0.0,0.0,0.0,0.0,"[0.0, 0.0, 0.0]",0.0,0.0,0.0,0.7917083312521379,10012145
9b4bca1a63ee,bdh_cq,propagate,40000,32,strong,"{""dim"": 1, ""distance"": 24, ""length"": 48, ""n_sources"": 1}",3,True,False,0,0.0,0.0,0.0,0.0,"[0.0, 0.0, 0.0]",0.0,0.0,0.0,0.7742222198645274,10012145
a976f5e26896,bdh_cq,propagate,8000,32,strong,"{""dim"": 1, ""distance"": 12, ""length"": 48, ""n_sources"": 1}",1,True,True,0,0.0,0.0,0.0,0.0,[0.0],0.0,0.0,0.0,0.632916650660336,10012145
a976f5e26896,bdh_cq,propagate,8000,32,strong,"{""dim"": 1, ""distance"": 24, ""length"": 48, ""n_sources"": 1}",1,True,True,0,0.0,0.0,0.0,0.0,[0.0],0.0,0.0,0.0,0.4304166741669178,10012145
cb0b76097aaf,bdh_cq,propagate,2500,32,strong,"{""dim"": 1, ""distance"": 12, ""length"": 48, ""n_sources"": 1}",3,True,False,0,0.0,0.0,0.0,0.0,"[0.0, 0.0, 0.0]",0.0,0.0,0.0,0.8649444415370624,10010880
cb0b76097aaf,bdh_cq,propagate,2500,32,strong,"{""dim"": 1, ""distance"": 24, ""length"": 48, ""n_sources"": 1}",3,True,False,0,0.0,0.0,0.0,0.0,"[0.0, 0.0, 0.0]",0.0,0.0,0.0,0.7981527765393257,10010880
cb0b76097aaf,bdh_cq,propagate,5000,32,strong,"{""dim"": 1, ""distance"": 12, ""length"": 48, ""n_sources"": 1}",3,True,False,0,0.0,0.0,0.0,0.0,"[0.0, 0.0, 0.0]",0.0,0.0,0.0,0.7198472080528736,10010880
cb0b76097aaf,bdh_cq,propagate,5000,32,strong,"{""dim"": 1, ""distance"": 24, ""length"": 48, ""n_sources"": 1}",3,True,False,0,0.0,0.0,0.0,0.0,"[0.0, 0.0, 0.0]",0.0,0.0,0.0,0.48938889521857104,10010880
cb0b76097aaf,bdh_cq,propagate,7500,32,strong,"{""dim"": 1, ""distance"": 12, ""length"": 48, ""n_sources"": 1}",3,True,False,0,0.0,0.0,0.0,0.0,"[0.0, 0.0, 0.0]",0.0,0.0,0.0,0.7940694372306267,10010880
cb0b76097aaf,bdh_cq,propagate,7500,32,strong,"{""dim"": 1, ""distance"": 24, ""length"": 48, ""n_sources"": 1}",3,True,False,0,0.0,0.0,0.0,0.0,"[0.0, 0.0, 0.0]",0.0,0.0,0.0,0.6523055574037134,10010880
cb0b76097aaf,bdh_cq,propagate,10000,32,strong,"{""dim"": 1, ""distance"": 12, ""length"": 48, ""n_sources"": 1}",3,True,False,0,0.0,0.0,0.0,0.0,"[0.0, 0.0, 0.0]",0.0,0.0,0.0,0.7863749933627745,10010880
cb0b76097aaf,bdh_cq,propagate,10000,32,strong,"{""dim"": 1, ""distance"": 24, ""length"": 48, ""n_sources"": 1}",3,True,False,0,0.0,0.0,0.0,0.0,"[0.0, 0.0, 0.0]",0.0,0.0,0.0,0.6308750030075511,10010880
cb0b76097aaf,bdh_cq,propagate,12500,32,strong,"{""dim"": 1, ""distance"": 12, ""length"": 48, ""n_sources"": 1}",3,True,False,0,0.0,0.0,0.0,0.0,"[0.0, 0.0, 0.0]",0.0,0.0,0.0,0.8415555501580237,10010880
cb0b76097aaf,bdh_cq,propagate,12500,32,strong,"{""dim"": 1, ""distance"": 24, ""length"": 48, ""n_sources"": 1}",3,True,False,0,0.0,0.0,0.0,0.0,"[0.0, 0.0, 0.0]",0.0,0.0,0.0,0.7441250024636586,10010880
cb0b76097aaf,bdh_cq,propagate,15000,32,strong,"{""dim"": 1, ""distance"": 12, ""length"": 48, ""n_sources"": 1}",3,True,False,0,0.0,0.0,0.0,0.0,"[0.0, 0.0, 0.0]",0.0,0.0,0.0,0.8507499969005585,10010880
cb0b76097aaf,bdh_cq,propagate,15000,32,strong,"{""dim"": 1, ""distance"": 24, ""length"": 48, ""n_sources"": 1}",3,True,False,0,0.0,0.0,0.0,0.0,"[0.0, 0.0, 0.0]",0.0,0.0,0.0,0.7632222223977249,10010880
cb0b76097aaf,bdh_cq,propagate,17500,32,strong,"{""dim"": 1, ""distance"": 12, ""length"": 48, ""n_sources"": 1}",3,True,False,0,0.0,0.0,0.0,0.0,"[0.0, 0.0, 0.0]",0.0,0.0,0.0,0.8262777724067369,10010880
cb0b76097aaf,bdh_cq,propagate,17500,32,strong,"{""dim"": 1, ""distance"": 24, ""length"": 48, ""n_sources"": 1}",3,True,False,0,0.0,0.0,0.0,0.0,"[0.0, 0.0, 0.0]",0.0,0.0,0.0,0.7014305564959843,10010880
cb0b76097aaf,bdh_cq,propagate,20000,32,strong,"{""dim"": 1, ""distance"": 12, ""length"": 48, ""n_sources"": 1}",3,True,False,0,0.0,0.0,0.0,0.0,"[0.0, 0.0, 0.0]",0.0,0.0,0.0,0.8324722170432409,10010880
cb0b76097aaf,bdh_cq,propagate,20000,32,strong,"{""dim"": 1, ""distance"": 24, ""length"": 48, ""n_sources"": 1}",3,True,False,0,0.0,0.0,0.0,0.0,"[0.0, 0.0, 0.0]",0.0,0.0,0.0,0.7171527780195078,10010880
cb0b76097aaf,bdh_cq,propagate,22500,32,strong,"{""dim"": 1, ""distance"": 12, ""length"": 48, ""n_sources"": 1}",3,True,False,0,0.0,0.0,0.0,0.0,"[0.0, 0.0, 0.0]",0.0,0.0,0.0,0.8437916613419851,10010880
cb0b76097aaf,bdh_cq,propagate,22500,32,strong,"{""dim"": 1, ""distance"": 24, ""length"": 48, ""n_sources"": 1}",3,True,False,0,0.0,0.0,0.0,0.0,"[0.0, 0.0, 0.0]",0.0,0.0,0.0,0.745458333949248,10010880
cb0b76097aaf,bdh_cq,propagate,25000,32,strong,"{""dim"": 1, ""distance"": 12, ""length"": 48, ""n_sources"": 1}",3,True,False,0,0.0,0.0,0.0,0.0,"[0.0, 0.0, 0.0]",0.0,0.0,0.0,0.8352222183644772,10010880
cb0b76097aaf,bdh_cq,propagate,25000,32,strong,"{""dim"": 1, ""distance"": 24, ""length"": 48, ""n_sources"": 1}",3,True,False,0,0.0,0.0,0.0,0.0,"[0.0, 0.0, 0.0]",0.0,0.0,0.0,0.7421666674017907,10010880
cb0b76097aaf,bdh_cq,propagate,27500,32,strong,"{""dim"": 1, ""distance"": 12, ""length"": 48, ""n_sources"": 1}",3,True,False,0,0.0,0.0,0.0,0.0,"[0.0, 0.0, 0.0]",0.0,0.0,0.0,0.8508749949932097,10010880
cb0b76097aaf,bdh_cq,propagate,27500,32,strong,"{""dim"": 1, ""distance"": 24, ""length"": 48, ""n_sources"": 1}",3,True,False,0,0.0,0.0,0.0,0.0,"[0.0, 0.0, 0.0]",0.0,0.0,0.0,0.7599583347042401,10010880
cb0b76097aaf,bdh_cq,propagate,30000,32,strong,"{""dim"": 1, ""distance"": 12, ""length"": 48, ""n_sources"": 1}",3,True,False,0,0.0,0.0,0.0,0.0,"[0.0, 0.0, 0.0]",0.0,0.0,0.0,0.8408194392522176,10010880
cb0b76097aaf,bdh_cq,propagate,30000,32,strong,"{""dim"": 1, ""distance"": 24, ""length"": 48, ""n_sources"": 1}",3,True,False,0,0.0,0.0,0.0,0.0,"[0.0, 0.0, 0.0]",0.0,0.0,0.0,0.7367500013709068,10010880
cb0b76097aaf,bdh_cq,propagate,32500,32,strong,"{""dim"": 1, ""distance"": 12, ""length"": 48, ""n_sources"": 1}",3,True,False,0,0.0,0.0,0.0,0.0,"[0.0, 0.0, 0.0]",0.0,0.0,0.0,0.8467361062367758,10010880
cb0b76097aaf,bdh_cq,propagate,32500,32,strong,"{""dim"": 1, ""distance"": 24, ""length"": 48, ""n_sources"": 1}",3,True,False,0,0.0,0.0,0.0,0.0,"[0.0, 0.0, 0.0]",0.0,0.0,0.0,0.7492638903260231,10010880
cb0b76097aaf,bdh_cq,propagate,35000,32,strong,"{""dim"": 1, ""distance"": 12, ""length"": 48, ""n_sources"": 1}",3,True,False,0,0.0,0.0,0.0,0.0,"[0.0, 0.0, 0.0]",0.0,0.0,0.0,0.841472216685613,10010880
cb0b76097aaf,bdh_cq,propagate,35000,32,strong,"{""dim"": 1, ""distance"": 24, ""length"": 48, ""n_sources"": 1}",3,True,False,0,0.0,0.0,0.0,0.0,"[0.0, 0.0, 0.0]",0.0,0.0,0.0,0.739444445848465,10010880
cb0b76097aaf,bdh_cq,propagate,37500,32,strong,"{""dim"": 1, ""distance"": 12, ""length"": 48, ""n_sources"": 1}",3,True,False,0,0.0,0.0,0.0,0.0,"[0.0, 0.0, 0.0]",0.0,0.0,0.0,0.8396249940792719,10010880
cb0b76097aaf,bdh_cq,propagate,37500,32,strong,"{""dim"": 1, ""distance"": 24, ""length"": 48, ""n_sources"": 1}",3,True,False,0,0.0,0.0,0.0,0.0,"[0.0, 0.0, 0.0]",0.0,0.0,0.0,0.7380833347340424,10010880
cb0b76097aaf,bdh_cq,propagate,40000,32,strong,"{""dim"": 1, ""distance"": 12, ""length"": 48, ""n_sources"": 1}",3,True,False,0,0.0,0.0,0.0,0.0,"[0.0, 0.0, 0.0]",0.0,0.0,0.0,0.8383055498202642,10010880
cb0b76097aaf,bdh_cq,propagate,40000,32,strong,"{""dim"": 1, ""distance"": 24, ""length"": 48, ""n_sources"": 1}",3,True,False,0,0.0,0.0,0.0,0.0,"[0.0, 0.0, 0.0]",0.0,0.0,0.0,0.7360694458285968,10010880
eca47f97dfa3,bdh_cq,propagate,8000,32,strong,"{""dim"": 1, ""distance"": 12, ""length"": 48, ""n_sources"": 1}",1,True,True,0,0.0,0.0,0.0,0.0,[0.0],0.0,0.0,0.0,0.7083333134651184,10010888
eca47f97dfa3,bdh_cq,propagate,8000,32,strong,"{""dim"": 1, ""distance"": 24, ""length"": 48, ""n_sources"": 1}",1,True,True,0,0.0,0.0,0.0,0.0,[0.0],0.0,0.0,0.0,0.4691666755080223,10010888
f0b8b7c55f92,bdh_cq,propagate,40000,32,strong,"{""dim"": 1, ""distance"": 12, ""length"": 48, ""n_sources"": 1}",3,True,False,0,0.0,0.0,0.0,0.0,"[0.0, 0.0, 0.0]",0.0,0.0,0.0,0.7353333192467689,10010880
f0b8b7c55f92,bdh_cq,propagate,40000,32,strong,"{""dim"": 1, ""distance"": 24, ""length"": 48, ""n_sources"": 1}",3,True,False,0,0.0,0.0,0.0,0.0,"[0.0, 0.0, 0.0]",0.0,0.0,0.0,0.5587222242752711,10010880
2d1c70257fcb,looped_transformer,propagate,2500,1,interp,"{""dim"": 1, ""distance"": 1, ""length"": 12, ""n_sources"": 1}",3,True,False,0,0.9411177644710579,0.018988320948543348,0.9221556886227545,0.9670658682634731,"[0.9341317365269461, 0.9670658682634731, 0.9221556886227545]",0.9221556886227545,0.9670658682634731,0.9411177644710579,0.9948436470921643,9965316
2d1c70257fcb,looped_transformer,propagate,2500,1,interp,"{""dim"": 1, ""distance"": 2, ""length"": 12, ""n_sources"": 1}",3,True,False,0,0.944944944944945,0.014981611158254008,0.924924924924925,0.960960960960961,"[0.948948948948949, 0.960960960960961, 0.924924924924925]",0.924924924924925,0.960960960960961,0.944944944944945,0.9940774114998252,9965316
2d1c70257fcb,looped_transformer,propagate,2500,1,interp,"{""dim"": 1, ""distance"": 4, ""length"": 12, ""n_sources"": 1}",3,True,False,0,0.934934934934935,0.016325832262562626,0.9219219219219219,0.9579579579579579,"[0.9579579579579579, 0.924924924924925, 0.9219219219219219]",0.9219219219219218,0.9579579579579579,0.934934934934935,0.9897397403363829,9965316
2d1c70257fcb,looped_transformer,propagate,5000,1,interp,"{""dim"": 1, ""distance"": 1, ""length"": 12, ""n_sources"": 1}",3,True,False,0,0.9760479041916167,0.00488920108339955,0.9700598802395209,0.9820359281437125,"[0.9760479041916168, 0.9700598802395209, 0.9820359281437125]",0.9700598802395209,0.9820359281437124,0.9760479041916167,0.9978376584138698,9965316
2d1c70257fcb,looped_transformer,propagate,5000,1,interp,"{""dim"": 1, ""distance"": 2, ""length"": 12, ""n_sources"": 1}",3,True,False,0,0.976976976976977,0.0120951411147093,0.9669669669669669,0.993993993993994,"[0.993993993993994, 0.9669669669669669, 0.96996996996997]",0.9669669669669668,0.993993993993994,0.976976976976977,0.9974974977361547,9965316
2d1c70257fcb,looped_transformer,propagate,5000,1,interp,"{""dim"": 1, ""distance"": 4, ""length"": 12, ""n_sources"": 1}",3,True,False,0,0.9729729729729729,0.0064872279263341855,0.9669669669669669,0.9819819819819819,"[0.9669669669669669, 0.96996996996997, 0.9819819819819819]",0.9669669669669668,0.9819819819819818,0.9729729729729729,0.996329663274763,9965316
2d1c70257fcb,looped_transformer,propagate,7500,1,interp,"{""dim"": 1, ""distance"": 1, ""length"": 12, ""n_sources"": 1}",3,True,False,0,0.9830339321357284,0.008585154957128369,0.9730538922155688,0.9940119760479041,"[0.9730538922155688, 0.9940119760479041, 0.9820359281437125]",0.9730538922155688,0.9940119760479041,0.9830339321357284,0.9985861613483963,9965316
2d1c70257fcb,looped_transformer,propagate,7500,1,interp,"{""dim"": 1, ""distance"": 2, ""length"": 12, ""n_sources"": 1}",3,True,False,0,0.98998998998999,0.0037454027895635097,0.984984984984985,0.993993993993994,"[0.990990990990991, 0.993993993993994, 0.984984984984985]",0.984984984984985,0.993993993993994,0.98998998998999,0.9985819153480224,9965316
2d1c70257fcb,looped_transformer,propagate,7500,1,interp,"{""dim"": 1, ""distance"": 4, ""length"": 12, ""n_sources"": 1}",3,True,False,0,0.985985985985986,0.006170584587556531,0.978978978978979,0.993993993993994,"[0.978978978978979, 0.984984984984985, 0.993993993993994]",0.978978978978979,0.993993993993994,0.985985985985986,0.998164831518053,9965316
2d1c70257fcb,looped_transformer,propagate,10000,1,interp,"{""dim"": 1, ""distance"": 1, ""length"": 12, ""n_sources"": 1}",3,True,False,0,0.9880239520958084,0.004234172342434423,0.9820359281437125,0.9910179640718563,"[0.9820359281437125, 0.9910179640718563, 0.9910179640718563]",0.9820359281437124,0.9910179640718563,0.9880239520958084,0.998918829206935,9965316
2d1c70257fcb,looped_transformer,propagate,10000,1,interp,"{""dim"": 1, ""distance"": 2, ""length"": 12, ""n_sources"": 1}",3,True,False,0,0.985985985985986,0.005104123637230002,0.978978978978979,0.990990990990991,"[0.990990990990991, 0.978978978978979, 0.987987987987988]",0.978978978978979,0.990990990990991,0.985985985985986,0.9988321657772655,9965316
2d1c70257fcb,looped_transformer,propagate,10000,1,interp,"{""dim"": 1, ""distance"": 4, ""length"": 12, ""n_sources"": 1}",3,True,False,0,0.990990990990991,0.004903883368935272,0.984984984984985,0.996996996996997,"[0.984984984984985, 0.996996996996997, 0.990990990990991]",0.984984984984985,0.9969969969969968,0.990990990990991,0.9991658326383827,9965316
2d1c70257fcb,looped_transformer,propagate,12500,1,interp,"{""dim"": 1, ""distance"": 1, ""length"": 12, ""n_sources"": 1}",3,True,False,0,0.9900199600798403,0.005645563123245881,0.9820359281437125,0.9940119760479041,"[0.9940119760479041, 0.9940119760479041, 0.9820359281437125]",0.9820359281437124,0.9940119760479041,0.9900199600798403,0.999168330204939,9965316
2d1c70257fcb,looped_transformer,propagate,12500,1,interp,"{""dim"": 1, ""distance"": 2, ""length"": 12, ""n_sources"": 1}",3,True,False,0,0.9929929929929929,0.002831258383129308,0.990990990990991,0.996996996996997,"[0.990990990990991, 0.996996996996997, 0.990990990990991]",0.990990990990991,0.9969969969969968,0.9929929929929929,0.9991658325787182,9965316
2d1c70257fcb,looped_transformer,propagate,12500,1,interp,"{""dim"": 1, ""distance"": 4, ""length"": 12, ""n_sources"": 1}",3,True,False,0,0.9969969969969968,0.002451941684467636,0.993993993993994,1.0,"[1.0, 0.993993993993994, 0.996996996996997]",0.993993993993994,1.0,0.9969969969969968,0.9996663330195545,9965316
2d1c70257fcb,looped_transformer,propagate,15000,1,interp,"{""dim"": 1, ""distance"": 1, ""length"": 12, ""n_sources"": 1}",3,True,False,0,0.9870259481037924,0.005088841829932901,0.9820359281437125,0.9940119760479041,"[0.9820359281437125, 0.9940119760479041, 0.9850299401197605]",0.9820359281437124,0.9940119760479041,0.9870259481037924,0.9989188292664206,9965316
2d1c70257fcb,looped_transformer,propagate,15000,1,interp,"{""dim"": 1, ""distance"": 2, ""length"": 12, ""n_sources"": 1}",3,True,False,0,0.9919919919919921,0.0014156291915646802,0.990990990990991,0.993993993993994,"[0.990990990990991, 0.993993993993994, 0.990990990990991]",0.990990990990991,0.993993993993994,0.9919919919919921,0.9993326661584375,9965316
2d1c70257fcb,looped_transformer,propagate,15000,1,interp,"{""dim"": 1, ""distance"": 4, ""length"": 12, ""n_sources"": 1}",3,True,False,0,0.9969969969969968,0.002451941684467636,0.993993993993994,1.0,"[1.0, 0.993993993993994, 0.996996996996997]",0.993993993993994,1.0,0.9969969969969968,0.9994994994398351,9965316
2d1c70257fcb,looped_transformer,propagate,17500,1,interp,"{""dim"": 1, ""distance"": 1, ""length"": 12, ""n_sources"": 1}",3,True,False,0,0.9950099800399202,0.0037341890087564385,0.9910179640718563,1.0,"[1.0, 0.9910179640718563, 0.9940119760479041]",0.9910179640718563,1.0,0.9950099800399202,0.9995841651024695,9965316
2d1c70257fcb,looped_transformer,propagate,17500,1,interp,"{""dim"": 1, ""distance"": 2, ""length"": 12, ""n_sources"": 1}",3,True,False,0,0.993993993993994,0.004903883368935272,0.987987987987988,1.0,"[0.993993993993994, 1.0, 0.987987987987988]",0.9879879879879881,1.0,0.993993993993994,0.9994994996188282,9965316
2d1c70257fcb,looped_transformer,propagate,17500,1,interp,"{""dim"": 1, ""distance"": 4, ""length"": 12, ""n_sources"": 1}",3,True,False,0,0.9919919919919918,0.00374540278956347,0.987987987987988,0.996996996996997,"[0.990990990990991, 0.996996996996997, 0.987987987987988]",0.9879879879879881,0.9969969969969968,0.9919919919919918,0.9990824158485231,9965316
2d1c70257fcb,looped_transformer,propagate,20000,1,interp,"{""dim"": 1, ""distance"": 1, ""length"": 12, ""n_sources"": 1}",3,True,False,0,0.999001996007984,0.0014113907808114572,0.9970059880239521,1.0,"[1.0, 0.9970059880239521, 1.0]",0.9970059880239521,1.0,0.999001996007984,0.9999168330204938,9965316
2d1c70257fcb,looped_transformer,propagate,20000,1,interp,"{""dim"": 1, ""distance"": 2, ""length"": 12, ""n_sources"": 1}",3,True,False,0,0.9979979979979979,0.0014156291915646802,0.996996996996997,1.0,"[1.0, 0.996996996996997, 0.996996996996997]",0.9969969969969968,1.0,0.9979979979979979,0.9997497497497498,9965316
2d1c70257fcb,looped_transformer,propagate,20000,1,interp,"{""dim"": 1, ""distance"": 4, ""length"": 12, ""n_sources"": 1}",3,True,False,0,0.994994994994995,0.0037454027895635097,0.990990990990991,1.0,"[0.993993993993994, 1.0, 0.990990990990991]",0.990990990990991,1.0,0.994994994994995,0.999332666039109,9965316
2d1c70257fcb,looped_transformer,propagate,22500,1,interp,"{""dim"": 1, ""distance"": 1, ""length"": 12, ""n_sources"": 1}",3,True,False,0,1.0,0.0,1.0,1.0,"[1.0, 1.0, 1.0]",1.0,1.0,1.0,1.0,9965316
2d1c70257fcb,looped_transformer,propagate,22500,1,interp,"{""dim"": 1, ""distance"": 2, ""length"": 12, ""n_sources"": 1}",3,True,False,0,0.998998998998999,0.0014156291915646802,0.996996996996997,1.0,"[1.0, 0.996996996996997, 1.0]",0.9969969969969968,1.0,0.998998998998999,0.9998331664799451,9965316
2d1c70257fcb,looped_transformer,propagate,22500,1,interp,"{""dim"": 1, ""distance"": 4, ""length"": 12, ""n_sources"": 1}",3,True,False,0,0.998998998998999,0.0014156291915646802,0.996996996996997,1.0,"[1.0, 1.0, 0.996996996996997]",0.9969969969969968,1.0,0.998998998998999,0.9998331664799451,9965316
2d1c70257fcb,looped_transformer,propagate,25000,1,interp,"{""dim"": 1, ""distance"": 1, ""length"": 12, ""n_sources"": 1}",3,True,False,0,0.9980039920159681,0.0014113907808114572,0.9970059880239521,1.0,"[1.0, 0.9970059880239521, 0.9970059880239521]",0.9970059880239521,1.0,0.9980039920159681,0.9998336660409878,9965316
2d1c70257fcb,looped_transformer,propagate,25000,1,interp,"{""dim"": 1, ""distance"": 2, ""length"": 12, ""n_sources"": 1}",3,True,False,0,0.998998998998999,0.0014156291915646802,0.996996996996997,1.0,"[0.996996996996997, 1.0, 1.0]",0.9969969969969968,1.0,0.998998998998999,0.9999165832698047,9965316
2d1c70257fcb,looped_transformer,propagate,25000,1,interp,"{""dim"": 1, ""distance"": 4, ""length"": 12, ""n_sources"": 1}",3,True,False,0,0.998998998998999,0.0014156291915646802,0.996996996996997,1.0,"[1.0, 0.996996996996997, 1.0]",0.9969969969969968,1.0,0.998998998998999,0.9999165832698047,9965316
2d1c70257fcb,looped_transformer,propagate,27500,1,interp,"{""dim"": 1, ""distance"": 1, ""length"": 12, ""n_sources"": 1}",3,True,False,0,0.9980039920159681,0.002822781561622967,0.9940119760479041,1.0,"[0.9940119760479041, 1.0, 1.0]",0.9940119760479041,1.0,0.9980039920159681,0.9998336660409878,9965316
2d1c70257fcb,looped_transformer,propagate,27500,1,interp,"{""dim"": 1, ""distance"": 2, ""length"": 12, ""n_sources"": 1}",3,True,False,0,1.0,0.0,1.0,1.0,"[1.0, 1.0, 1.0]",1.0,1.0,1.0,1.0,9965316
2d1c70257fcb,looped_transformer,propagate,27500,1,interp,"{""dim"": 1, ""distance"": 4, ""length"": 12, ""n_sources"": 1}",3,True,False,0,1.0,0.0,1.0,1.0,"[1.0, 1.0, 1.0]",1.0,1.0,1.0,1.0,9965316
2d1c70257fcb,looped_transformer,propagate,30000,1,interp,"{""dim"": 1, ""distance"": 1, ""length"": 12, ""n_sources"": 1}",3,True,False,0,0.999001996007984,0.0014113907808114572,0.9970059880239521,1.0,"[1.0, 0.9970059880239521, 1.0]",0.9970059880239521,1.0,0.999001996007984,0.9999168330204938,9965316
2d1c70257fcb,looped_transformer,propagate,30000,1,interp,"{""dim"": 1, ""distance"": 2, ""length"": 12, ""n_sources"": 1}",3,True,False,0,1.0,0.0,1.0,1.0,"[1.0, 1.0, 1.0]",1.0,1.0,1.0,1.0,9965316
2d1c70257fcb,looped_transformer,propagate,30000,1,interp,"{""dim"": 1, ""distance"": 4, ""length"": 12, ""n_sources"": 1}",3,True,False,0,1.0,0.0,1.0,1.0,"[1.0, 1.0, 1.0]",1.0,1.0,1.0,1.0,9965316
2d1c70257fcb,looped_transformer,propagate,32500,1,interp,"{""dim"": 1, ""distance"": 1, ""length"": 12, ""n_sources"": 1}",3,True,False,0,1.0,0.0,1.0,1.0,"[1.0, 1.0, 1.0]",1.0,1.0,1.0,1.0,9965316
2d1c70257fcb,looped_transformer,propagate,32500,1,interp,"{""dim"": 1, ""distance"": 2, ""length"": 12, ""n_sources"": 1}",3,True,False,0,1.0,0.0,1.0,1.0,"[1.0, 1.0, 1.0]",1.0,1.0,1.0,1.0,9965316
2d1c70257fcb,looped_transformer,propagate,32500,1,interp,"{""dim"": 1, ""distance"": 4, ""length"": 12, ""n_sources"": 1}",3,True,False,0,1.0,0.0,1.0,1.0,"[1.0, 1.0, 1.0]",1.0,1.0,1.0,1.0,9965316
2d1c70257fcb,looped_transformer,propagate,35000,1,interp,"{""dim"": 1, ""distance"": 1, ""length"": 12, ""n_sources"": 1}",3,True,False,0,1.0,0.0,1.0,1.0,"[1.0, 1.0, 1.0]",1.0,1.0,1.0,1.0,9965316
2d1c70257fcb,looped_transformer,propagate,35000,1,interp,"{""dim"": 1, ""distance"": 2, ""length"": 12, ""n_sources"": 1}",3,True,False,0,1.0,0.0,1.0,1.0,"[1.0, 1.0, 1.0]",1.0,1.0,1.0,1.0,9965316
2d1c70257fcb,looped_transformer,propagate,35000,1,interp,"{""dim"": 1, ""distance"": 4, ""length"": 12, ""n_sources"": 1}",3,True,False,0,1.0,0.0,1.0,1.0,"[1.0, 1.0, 1.0]",1.0,1.0,1.0,1.0,9965316
2d1c70257fcb,looped_transformer,propagate,37500,1,interp,"{""dim"": 1, ""distance"": 1, ""length"": 12, ""n_sources"": 1}",3,True,False,0,1.0,0.0,1.0,1.0,"[1.0, 1.0, 1.0]",1.0,1.0,1.0,1.0,9965316
2d1c70257fcb,looped_transformer,propagate,37500,1,interp,"{""dim"": 1, ""distance"": 2, ""length"": 12, ""n_sources"": 1}",3,True,False,0,1.0,0.0,1.0,1.0,"[1.0, 1.0, 1.0]",1.0,1.0,1.0,1.0,9965316
2d1c70257fcb,looped_transformer,propagate,37500,1,interp,"{""dim"": 1, ""distance"": 4, ""length"": 12, ""n_sources"": 1}",3,True,False,0,1.0,0.0,1.0,1.0,"[1.0, 1.0, 1.0]",1.0,1.0,1.0,1.0,9965316
2d1c70257fcb,looped_transformer,propagate,40000,1,interp,"{""dim"": 1, ""distance"": 1, ""length"": 12, ""n_sources"": 1}",3,True,False,0,1.0,0.0,1.0,1.0,"[1.0, 1.0, 1.0]",1.0,1.0,1.0,1.0,9965316
2d1c70257fcb,looped_transformer,propagate,40000,1,interp,"{""dim"": 1, ""distance"": 2, ""length"": 12, ""n_sources"": 1}",3,True,False,0,1.0,0.0,1.0,1.0,"[1.0, 1.0, 1.0]",1.0,1.0,1.0,1.0,9965316
2d1c70257fcb,looped_transformer,propagate,40000,1,interp,"{""dim"": 1, ""distance"": 4, ""length"": 12, ""n_sources"": 1}",3,True,False,0,1.0,0.0,1.0,1.0,"[1.0, 1.0, 1.0]",1.0,1.0,1.0,1.0,9965316
2d1c70257fcb,looped_transformer,propagate,40000,2,interp,"{""dim"": 1, ""distance"": 1, ""length"": 12, ""n_sources"": 1}",3,True,False,0,1.0,0.0,1.0,1.0,"[1.0, 1.0, 1.0]",1.0,1.0,1.0,1.0,9965316
2d1c70257fcb,looped_transformer,propagate,40000,2,interp,"{""dim"": 1, ""distance"": 2, ""length"": 12, ""n_sources"": 1}",3,True,False,0,1.0,0.0,1.0,1.0,"[1.0, 1.0, 1.0]",1.0,1.0,1.0,1.0,9965316
2d1c70257fcb,looped_transformer,propagate,40000,2,interp,"{""dim"": 1, ""distance"": 4, ""length"": 12, ""n_sources"": 1}",3,True,False,0,1.0,0.0,1.0,1.0,"[1.0, 1.0, 1.0]",1.0,1.0,1.0,1.0,9965316
2d1c70257fcb,looped_transformer,propagate,2500,4,interp,"{""dim"": 1, ""distance"": 1, ""length"": 12, ""n_sources"": 1}",3,True,False,0,0.873253493013972,0.04891237826284572,0.8143712574850299,0.9341317365269461,"[0.8143712574850299, 0.9341317365269461, 0.8712574850299402]",0.8143712574850298,0.9341317365269463,0.873253493013972,0.9880239539993498,9965316
2d1c70257fcb,looped_transformer,propagate,2500,4,interp,"{""dim"": 1, ""distance"": 2, ""length"": 12, ""n_sources"": 1}",3,True,False,0,0.8828828828828829,0.04541059548433938,0.8288288288288288,0.93993993993994,"[0.8288288288288288, 0.93993993993994, 0.8798798798798799]",0.8288288288288288,0.93993993993994,0.8828828828828829,0.9856523201391623,9965316
2d1c70257fcb,looped_transformer,propagate,2500,4,interp,"{""dim"": 1, ""distance"": 4, ""length"": 12, ""n_sources"": 1}",3,True,False,0,0.8668668668668668,0.048380564458837136,0.7987987987987988,0.9069069069069069,"[0.7987987987987988, 0.9069069069069069, 0.8948948948948949]",0.7987987987987988,0.9069069069069068,0.8668668668668668,0.9808975656230648,9965316
2d1c70257fcb,looped_transformer,propagate,5000,4,interp,"{""dim"": 1, ""distance"": 1, ""length"": 12, ""n_sources"": 1}",3,True,False,0,0.9780439121756488,0.006152109783402197,0.9700598802395209,0.9850299401197605,"[0.9790419161676647, 0.9700598802395209, 0.9850299401197605]",0.9700598802395209,0.9850299401197605,0.9780439121756488,0.998003992372882,9965316
2d1c70257fcb,looped_transformer,propagate,5000,4,interp,"{""dim"": 1, ""distance"": 2, ""length"": 12, ""n_sources"": 1}",3,True,False,0,0.968968968968969,0.01020824727446004,0.954954954954955,0.978978978978979,"[0.978978978978979, 0.972972972972973, 0.954954954954955]",0.954954954954955,0.978978978978979,0.968968968968969,0.9964130800646228,9965316
2d1c70257fcb,looped_transformer,propagate,5000,4,interp,"{""dim"": 1, ""distance"": 4, ""length"": 12, ""n_sources"": 1}",3,True,False,0,0.964964964964965,0.005104123637230038,0.9579579579579579,0.96996996996997,"[0.9579579579579579, 0.9669669669669669, 0.96996996996997]",0.9579579579579579,0.96996996996997,0.964964964964965,0.9949115785631212,9965316
2d1c70257fcb,looped_transformer,propagate,7500,4,interp,"{""dim"": 1, ""distance"": 1, ""length"": 12, ""n_sources"": 1}",3,True,False,0,0.9720558882235529,0.011552731439910419,0.9610778443113772,0.9880239520958084,"[0.9670658682634731, 0.9610778443113772, 0.9880239520958084]",0.9610778443113772,0.9880239520958084,0.9720558882235529,0.9975049904958455,9965316
2d1c70257fcb,looped_transformer,propagate,7500,4,interp,"{""dim"": 1, ""distance"": 2, ""length"": 12, ""n_sources"": 1}",3,True,False,0,0.96996996996997,0.01365183353051639,0.954954954954955,0.987987987987988,"[0.987987987987988, 0.954954954954955, 0.9669669669669669]",0.954954954954955,0.9879879879879881,0.96996996996997,0.9966633304938659,9965316
2d1c70257fcb,looped_transformer,propagate,7500,4,interp,"{""dim"": 1, ""distance"": 4, ""length"": 12, ""n_sources"": 1}",3,True,False,0,0.970970970970971,0.02873413432313777,0.9309309309309309,0.996996996996997,"[0.984984984984985, 0.9309309309309309, 0.996996996996997]",0.9309309309309309,0.9969969969969968,0.970970970970971,0.9971638308750378,9965316
2d1c70257fcb,looped_transformer,propagate,10000,4,interp,"{""dim"": 1, ""distance"": 1, ""length"": 12, ""n_sources"": 1}",3,True,False,0,0.9900199600798404,0.006152109783402197,0.9820359281437125,0.9970059880239521,"[0.9970059880239521, 0.9910179640718563, 0.9820359281437125]",0.9820359281437124,0.9970059880239521,0.9900199600798404,0.9990851631659471,9965316
2d1c70257fcb,looped_transformer,propagate,10000,4,interp,"{""dim"": 1, ""distance"": 2, ""length"": 12, ""n_sources"": 1}",3,True,False,0,0.9929929929929929,0.00374540278956347,0.987987987987988,0.996996996996997,"[0.996996996996997, 0.987987987987988, 0.993993993993994]",0.9879879879879881,0.9969969969969968,0.9929929929929929,0.9993326660987732,9965316
2d1c70257fcb,looped_transformer,propagate,10000,4,interp,"{""dim"": 1, ""distance"": 4, ""length"": 12, ""n_sources"": 1}",3,True,False,0,0.98998998998999,0.006170584587556532,0.9819819819819819,0.996996996996997,"[0.9819819819819819, 0.990990990990991, 0.996996996996997]",0.9819819819819818,0.9969969969969968,0.98998998998999,0.9990824159081874,9965316
2d1c70257fcb,looped_transformer,propagate,12500,4,interp,"{""dim"": 1, ""distance"": 1, ""length"": 12, ""n_sources"": 1}",3,True,False,0,0.9940119760479043,0.00646780508823138,0.9850299401197605,1.0,"[0.9970059880239521, 1.0, 0.9850299401197605]",0.9850299401197605,1.0,0.9940119760479043,0.9995009981229633,9965316
2d1c70257fcb,looped_transformer,propagate,12500,4,interp,"{""dim"": 1, ""distance"": 2, ""length"": 12, ""n_sources"": 1}",3,True,False,0,0.9929929929929932,0.00374540278956347,0.987987987987988,0.996996996996997,"[0.993993993993994, 0.996996996996997, 0.987987987987988]",0.9879879879879881,0.9969969969969968,0.9929929929929932,0.9992492493685777,9965316
2d1c70257fcb,looped_transformer,propagate,12500,4,interp,"{""dim"": 1, ""distance"": 4, ""length"": 12, ""n_sources"": 1}",3,True,False,0,0.993993993993994,0.004903883368935272,0.987987987987988,1.0,"[1.0, 0.993993993993994, 0.987987987987988]",0.9879879879879881,1.0,0.993993993993994,0.999332666098773,9965316
2d1c70257fcb,looped_transformer,propagate,15000,4,interp,"{""dim"": 1, ""distance"": 1, ""length"": 12, ""n_sources"": 1}",3,True,False,0,0.9920159680638724,0.005088841829932901,0.9850299401197605,0.9970059880239521,"[0.9850299401197605, 0.9970059880239521, 0.9940119760479041]",0.9850299401197605,0.9970059880239521,0.9920159680638724,0.9992514971249594,9965316
2d1c70257fcb,looped_transformer,propagate,15000,4,interp,"{""dim"": 1, ""distance"": 2, ""length"": 12, ""n_sources"": 1}",3,True,False,0,0.993993993993994,0.004246887574693936,0.987987987987988,0.996996996996997,"[0.996996996996997, 0.987987987987988, 0.996996996996997]",0.9879879879879881,0.9969969969969968,0.993993993993994,0.9994994996188282,9965316
2d1c70257fcb,looped_transformer,propagate,15000,4,interp,"{""dim"": 1, ""distance"": 4, ""length"": 12, ""n_sources"": 1}",3,True,False,0,0.998998998998999,0.0014156291915646802,0.996996996996997,1.0,"[1.0, 1.0, 0.996996996996997]",0.9969969969969968,1.0,0.998998998998999,0.9998331664799451,9965316
2d1c70257fcb,looped_transformer,propagate,17500,4,interp,"{""dim"": 1, ""distance"": 1, ""length"": 12, ""n_sources"": 1}",3,True,False,0,1.0,0.0,1.0,1.0,"[1.0, 1.0, 1.0]",1.0,1.0,1.0,1.0,9965316
2d1c70257fcb,looped_transformer,propagate,17500,4,interp,"{""dim"": 1, ""distance"": 2, ""length"": 12, ""n_sources"": 1}",3,True,False,0,0.995995995995996,0.0037454027895635097,0.990990990990991,1.0,"[0.996996996996997, 1.0, 0.990990990990991]",0.990990990990991,1.0,0.995995995995996,0.9996663330792188,9965316
2d1c70257fcb,looped_transformer,propagate,17500,4,interp,"{""dim"": 1, ""distance"": 4, ""length"": 12, ""n_sources"": 1}",3,True,False,0,0.995995995995996,0.0014156291915646277,0.993993993993994,0.996996996996997,"[0.996996996996997, 0.996996996996997, 0.993993993993994]",0.993993993993994,0.9969969969969968,0.995995995995996,0.999332666039109,9965316
2d1c70257fcb,looped_transformer,propagate,20000,4,interp,"{""dim"": 1, ""distance"": 1, ""length"": 12, ""n_sources"": 1}",3,True,False,0,0.999001996007984,0.0014113907808114572,0.9970059880239521,1.0,"[0.9970059880239521, 1.0, 1.0]",0.9970059880239521,1.0,0.999001996007984,0.9999168330204938,9965316
2d1c70257fcb,looped_transformer,propagate,20000,4,interp,"{""dim"": 1, ""distance"": 2, ""length"": 12, ""n_sources"": 1}",3,True,False,0,0.9969969969969971,0.002451941684467636,0.993993993993994,1.0,"[1.0, 0.996996996996997, 0.993993993993994]",0.993993993993994,1.0,0.9969969969969971,0.9996663330195545,9965316
2d1c70257fcb,looped_transformer,propagate,20000,4,interp,"{""dim"": 1, ""distance"": 4, ""length"": 12, ""n_sources"": 1}",3,True,False,0,0.995995995995996,0.005662516766258616,0.987987987987988,1.0,"[1.0, 1.0, 0.987987987987988]",0.9879879879879881,1.0,0.995995995995996,0.9996663330792188,9965316
2d1c70257fcb,looped_transformer,propagate,22500,4,interp,"{""dim"": 1, ""distance"": 1, ""length"": 12, ""n_sources"": 1}",3,True,False,0,1.0,0.0,1.0,1.0,"[1.0, 1.0, 1.0]",1.0,1.0,1.0,1.0,9965316
2d1c70257fcb,looped_transformer,propagate,22500,4,interp,"{""dim"": 1, ""distance"": 2, ""length"": 12, ""n_sources"": 1}",3,True,False,0,1.0,0.0,1.0,1.0,"[1.0, 1.0, 1.0]",1.0,1.0,1.0,1.0,9965316
2d1c70257fcb,looped_transformer,propagate,22500,4,interp,"{""dim"": 1, ""distance"": 4, ""length"": 12, ""n_sources"": 1}",3,True,False,0,0.998998998998999,0.0014156291915646802,0.996996996996997,1.0,"[1.0, 1.0, 0.996996996996997]",0.9969969969969968,1.0,0.998998998998999,0.9999165832698047,9965316
2d1c70257fcb,looped_transformer,propagate,25000,4,interp,"{""dim"": 1, ""distance"": 1, ""length"": 12, ""n_sources"": 1}",3,True,False,0,0.9980039920159681,0.0014113907808114572,0.9970059880239521,1.0,"[0.9970059880239521, 1.0, 0.9970059880239521]",0.9970059880239521,1.0,0.9980039920159681,0.9998336660409878,9965316
2d1c70257fcb,looped_transformer,propagate,25000,4,interp,"{""dim"": 1, ""distance"": 2, ""length"": 12, ""n_sources"": 1}",3,True,False,0,0.998998998998999,0.0014156291915646802,0.996996996996997,1.0,"[0.996996996996997, 1.0, 1.0]",0.9969969969969968,1.0,0.998998998998999,0.9999165832698047,9965316
2d1c70257fcb,looped_transformer,propagate,25000,4,interp,"{""dim"": 1, ""distance"": 4, ""length"": 12, ""n_sources"": 1}",3,True,False,0,1.0,0.0,1.0,1.0,"[1.0, 1.0, 1.0]",1.0,1.0,1.0,1.0,9965316
2d1c70257fcb,looped_transformer,propagate,27500,4,interp,"{""dim"": 1, ""distance"": 1, ""length"": 12, ""n_sources"": 1}",3,True,False,0,1.0,0.0,1.0,1.0,"[1.0, 1.0, 1.0]",1.0,1.0,1.0,1.0,9965316
2d1c70257fcb,looped_transformer,propagate,27500,4,interp,"{""dim"": 1, ""distance"": 2, ""length"": 12, ""n_sources"": 1}",3,True,False,0,1.0,0.0,1.0,1.0,"[1.0, 1.0, 1.0]",1.0,1.0,1.0,1.0,9965316
2d1c70257fcb,looped_transformer,propagate,27500,4,interp,"{""dim"": 1, ""distance"": 4, ""length"": 12, ""n_sources"": 1}",3,True,False,0,1.0,0.0,1.0,1.0,"[1.0, 1.0, 1.0]",1.0,1.0,1.0,1.0,9965316
2d1c70257fcb,looped_transformer,propagate,30000,4,interp,"{""dim"": 1, ""distance"": 1, ""length"": 12, ""n_sources"": 1}",3,True,False,0,1.0,0.0,1.0,1.0,"[1.0, 1.0, 1.0]",1.0,1.0,1.0,1.0,9965316
2d1c70257fcb,looped_transformer,propagate,30000,4,interp,"{""dim"": 1, ""distance"": 2, ""length"": 12, ""n_sources"": 1}",3,True,False,0,1.0,0.0,1.0,1.0,"[1.0, 1.0, 1.0]",1.0,1.0,1.0,1.0,9965316
2d1c70257fcb,looped_transformer,propagate,30000,4,interp,"{""dim"": 1, ""distance"": 4, ""length"": 12, ""n_sources"": 1}",3,True,False,0,1.0,0.0,1.0,1.0,"[1.0, 1.0, 1.0]",1.0,1.0,1.0,1.0,9965316
2d1c70257fcb,looped_transformer,propagate,32500,4,interp,"{""dim"": 1, ""distance"": 1, ""length"": 12, ""n_sources"": 1}",3,True,False,0,1.0,0.0,1.0,1.0,"[1.0, 1.0, 1.0]",1.0,1.0,1.0,1.0,9965316
2d1c70257fcb,looped_transformer,propagate,32500,4,interp,"{""dim"": 1, ""distance"": 2, ""length"": 12, ""n_sources"": 1}",3,True,False,0,1.0,0.0,1.0,1.0,"[1.0, 1.0, 1.0]",1.0,1.0,1.0,1.0,9965316
2d1c70257fcb,looped_transformer,propagate,32500,4,interp,"{""dim"": 1, ""distance"": 4, ""length"": 12, ""n_sources"": 1}",3,True,False,0,1.0,0.0,1.0,1.0,"[1.0, 1.0, 1.0]",1.0,1.0,1.0,1.0,9965316
2d1c70257fcb,looped_transformer,propagate,35000,4,interp,"{""dim"": 1, ""distance"": 1, ""length"": 12, ""n_sources"": 1}",3,True,False,0,1.0,0.0,1.0,1.0,"[1.0, 1.0, 1.0]",1.0,1.0,1.0,1.0,9965316
2d1c70257fcb,looped_transformer,propagate,35000,4,interp,"{""dim"": 1, ""distance"": 2, ""length"": 12, ""n_sources"": 1}",3,True,False,0,1.0,0.0,1.0,1.0,"[1.0, 1.0, 1.0]",1.0,1.0,1.0,1.0,9965316
2d1c70257fcb,looped_transformer,propagate,35000,4,interp,"{""dim"": 1, ""distance"": 4, ""length"": 12, ""n_sources"": 1}",3,True,False,0,1.0,0.0,1.0,1.0,"[1.0, 1.0, 1.0]",1.0,1.0,1.0,1.0,9965316
2d1c70257fcb,looped_transformer,propagate,37500,4,interp,"{""dim"": 1, ""distance"": 1, ""length"": 12, ""n_sources"": 1}",3,True,False,0,1.0,0.0,1.0,1.0,"[1.0, 1.0, 1.0]",1.0,1.0,1.0,1.0,9965316
2d1c70257fcb,looped_transformer,propagate,37500,4,interp,"{""dim"": 1, ""distance"": 2, ""length"": 12, ""n_sources"": 1}",3,True,False,0,1.0,0.0,1.0,1.0,"[1.0, 1.0, 1.0]",1.0,1.0,1.0,1.0,9965316
2d1c70257fcb,looped_transformer,propagate,37500,4,interp,"{""dim"": 1, ""distance"": 4, ""length"": 12, ""n_sources"": 1}",3,True,False,0,1.0,0.0,1.0,1.0,"[1.0, 1.0, 1.0]",1.0,1.0,1.0,1.0,9965316
2d1c70257fcb,looped_transformer,propagate,40000,4,interp,"{""dim"": 1, ""distance"": 1, ""length"": 12, ""n_sources"": 1}",3,True,False,0,1.0,0.0,1.0,1.0,"[1.0, 1.0, 1.0]",1.0,1.0,1.0,1.0,9965316
2d1c70257fcb,looped_transformer,propagate,40000,4,interp,"{""dim"": 1, ""distance"": 2, ""length"": 12, ""n_sources"": 1}",3,True,False,0,1.0,0.0,1.0,1.0,"[1.0, 1.0, 1.0]",1.0,1.0,1.0,1.0,9965316
2d1c70257fcb,looped_transformer,propagate,40000,4,interp,"{""dim"": 1, ""distance"": 4, ""length"": 12, ""n_sources"": 1}",3,True,False,0,1.0,0.0,1.0,1.0,"[1.0, 1.0, 1.0]",1.0,1.0,1.0,1.0,9965316
2d1c70257fcb,looped_transformer,propagate,40000,8,interp,"{""dim"": 1, ""distance"": 1, ""length"": 12, ""n_sources"": 1}",3,True,False,0,0.9790419161676646,0.007333801625099348,0.9700598802395209,0.9880239520958084,"[0.9880239520958084, 0.9790419161676647, 0.9700598802395209]",0.9700598802395209,0.9880239520958084,0.9790419161676646,0.99817032639138,9965316
2d1c70257fcb,looped_transformer,propagate,40000,8,interp,"{""dim"": 1, ""distance"": 2, ""length"": 12, ""n_sources"": 1}",3,True,False,0,0.9769769769769768,0.00374540278956347,0.972972972972973,0.9819819819819819,"[0.9819819819819819, 0.975975975975976, 0.972972972972973]",0.9729729729729731,0.9819819819819818,0.9769769769769768,0.9979979984156482,9965316
2d1c70257fcb,looped_transformer,propagate,40000,8,interp,"{""dim"": 1, ""distance"": 4, ""length"": 12, ""n_sources"": 1}",3,True,False,0,0.9629629629629631,0.01856580279378522,0.9369369369369369,0.978978978978979,"[0.978978978978979, 0.972972972972973, 0.9369369369369369]",0.9369369369369368,0.978978978978979,0.9629629629629631,0.9965799139426634,9965316
2d1c70257fcb,looped_transformer,propagate,2500,16,interp,"{""dim"": 1, ""distance"": 1, ""length"": 12, ""n_sources"": 1}",3,True,False,0,0.35429141716566875,0.14800099730073157,0.18862275449101795,0.5479041916167665,"[0.18862275449101795, 0.3263473053892216, 0.5479041916167665]",0.18862275449101795,0.5479041916167665,0.35429141716566875,0.9228210285633148,9965316
2d1c70257fcb,looped_transformer,propagate,2500,16,interp,"{""dim"": 1, ""distance"": 2, ""length"": 12, ""n_sources"": 1}",3,True,False,0,0.35135135135135137,0.11131383178889273,0.1981981981981982,0.4594594594594595,"[0.1981981981981982, 0.3963963963963964, 0.4594594594594595]",0.1981981981981982,0.4594594594594595,0.35135135135135137,0.90957624633033,9965316
2d1c70257fcb,looped_transformer,propagate,2500,16,interp,"{""dim"": 1, ""distance"": 4, ""length"": 12, ""n_sources"": 1}",3,True,False,0,0.24124124124124124,0.10803393444029662,0.10510510510510511,0.36936936936936937,"[0.10510510510510511, 0.24924924924924924, 0.36936936936936937]",0.10510510510510511,0.36936936936936937,0.24124124124124124,0.8407574257215819,9965316
2d1c70257fcb,looped_transformer,propagate,5000,16,interp,"{""dim"": 1, ""distance"": 1, ""length"": 12, ""n_sources"": 1}",3,True,False,0,0.5508982035928144,0.08742651681866576,0.437125748502994,0.6497005988023952,"[0.437125748502994, 0.5658682634730539, 0.6497005988023952]",0.437125748502994,0.6497005988023952,0.5508982035928144,0.9486027978018611,9965316
2d1c70257fcb,looped_transformer,propagate,5000,16,interp,"{""dim"": 1, ""distance"": 2, ""length"": 12, ""n_sources"": 1}",3,True,False,0,0.5235235235235235,0.07633904290265311,0.43543543543543545,0.6216216216216216,"[0.43543543543543545, 0.5135135135135135, 0.6216216216216216]",0.43543543543543545,0.6216216216216216,0.5235235235235235,0.9375208585231273,9965316
2d1c70257fcb,looped_transformer,propagate,5000,16,interp,"{""dim"": 1, ""distance"": 4, ""length"": 12, ""n_sources"": 1}",3,True,False,0,0.43943943943943947,0.04712153071447377,0.38738738738738737,0.5015015015015015,"[0.38738738738738737, 0.4294294294294294, 0.5015015015015015]",0.38738738738738737,0.5015015015015015,0.43943943943943947,0.896312982351095,9965316
2d1c70257fcb,looped_transformer,propagate,7500,16,interp,"{""dim"": 1, ""distance"": 1, ""length"": 12, ""n_sources"": 1}",3,True,False,0,0.6077844311377245,0.1399200173119512,0.4281437125748503,0.7694610778443114,"[0.4281437125748503, 0.625748502994012, 0.7694610778443114]",0.42814371257485034,0.7694610778443115,0.6077844311377245,0.9584165045363222,9965316
2d1c70257fcb,looped_transformer,propagate,7500,16,interp,"{""dim"": 1, ""distance"": 2, ""length"": 12, ""n_sources"": 1}",3,True,False,0,0.5885885885885886,0.12471203080763982,0.4264264264264264,0.7297297297297297,"[0.4264264264264264, 0.6096096096096096, 0.7297297297297297]",0.4264264264264264,0.7297297297297297,0.5885885885885886,0.9580413799386124,9965316
2d1c70257fcb,looped_transformer,propagate,7500,16,interp,"{""dim"": 1, ""distance"": 4, ""length"": 12, ""n_sources"": 1}",3,True,False,0,0.5675675675675675,0.12504902590784991,0.4144144144144144,0.7207207207207207,"[0.4144144144144144, 0.5675675675675675, 0.7207207207207207]",0.4144144144144144,0.7207207207207208,0.5675675675675675,0.9531197912461526,9965316
2d1c70257fcb,looped_transformer,propagate,10000,16,interp,"{""dim"": 1, ""distance"": 1, ""length"": 12, ""n_sources"": 1}",3,True,False,0,0.5429141716566867,0.12957151590512958,0.38323353293413176,0.7005988023952096,"[0.5449101796407185, 0.7005988023952096, 0.38323353293413176]",0.3832335329341318,0.7005988023952096,0.5429141716566867,0.9502661393550103,9965316
2d1c70257fcb,looped_transformer,propagate,10000,16,interp,"{""dim"": 1, ""distance"": 2, ""length"": 12, ""n_sources"": 1}",3,True,False,0,0.5495495495495496,0.13301642396606667,0.3783783783783784,0.7027027027027027,"[0.5675675675675675, 0.7027027027027027, 0.3783783783783784]",0.37837837837837834,0.7027027027027027,0.5495495495495496,0.9540373763522586,9965316
2d1c70257fcb,looped_transformer,propagate,10000,16,interp,"{""dim"": 1, ""distance"": 4, ""length"": 12, ""n_sources"": 1}",3,True,False,0,0.5225225225225225,0.16968074232829086,0.35135135135135137,0.7537537537537538,"[0.4624624624624625, 0.7537537537537538, 0.35135135135135137]",0.35135135135135137,0.7537537537537538,0.5225225225225225,0.9471972019703419,9965316
2d1c70257fcb,looped_transformer,propagate,12500,16,interp,"{""dim"": 1, ""distance"": 1, ""length"": 12, ""n_sources"": 1}",3,True,False,0,0.6317365269461077,0.24191666172554835,0.2994011976047904,0.8682634730538922,"[0.7275449101796407, 0.8682634730538922, 0.2994011976047904]",0.2994011976047904,0.8682634730538922,0.6317365269461077,0.959081840015457,9965316
2d1c70257fcb,looped_transformer,propagate,12500,16,interp,"{""dim"": 1, ""distance"": 2, ""length"": 12, ""n_sources"": 1}",3,True,False,0,0.6396396396396397,0.22910899015055314,0.32432432432432434,0.8618618618618619,"[0.7327327327327328, 0.8618618618618619, 0.32432432432432434]",0.32432432432432434,0.8618618618618618,0.6396396396396397,0.9597097134685612,9965316
2d1c70257fcb,looped_transformer,propagate,12500,16,interp,"{""dim"": 1, ""distance"": 4, ""length"": 12, ""n_sources"": 1}",3,True,False,0,0.5835835835835835,0.20197412284511052,0.30930930930930933,0.7897897897897898,"[0.6516516516516516, 0.7897897897897898, 0.30930930930930933]",0.30930930930930933,0.7897897897897898,0.5835835835835835,0.9483650355069367,9965316
2d1c70257fcb,looped_transformer,propagate,15000,16,interp,"{""dim"": 1, ""distance"": 1, ""length"": 12, ""n_sources"": 1}",3,True,False,0,0.4810379241516966,0.08200654125418816,0.3652694610778443,0.5449101796407185,"[0.3652694610778443, 0.5449101796407185, 0.5329341317365269]",0.36526946107784425,0.5449101796407185,0.4810379241516966,0.9478542979605898,9965316
2d1c70257fcb,looped_transformer,propagate,15000,16,interp,"{""dim"": 1, ""distance"": 2, ""length"": 12, ""n_sources"": 1}",3,True,False,0,0.5355355355355355,0.0733263125998496,0.43843843843843844,0.6156156156156156,"[0.43843843843843844, 0.5525525525525525, 0.6156156156156156]",0.4384384384384384,0.6156156156156156,0.5355355355355355,0.9545378776283951,9965316
2d1c70257fcb,looped_transformer,propagate,15000,16,interp,"{""dim"": 1, ""distance"": 4, ""length"": 12, ""n_sources"": 1}",3,True,False,0,0.5215215215215215,0.06310277282272066,0.43243243243243246,0.5705705705705706,"[0.43243243243243246, 0.5705705705705706, 0.5615615615615616]",0.43243243243243246,0.5705705705705706,0.5215215215215215,0.9531197932747392,9965316
2d1c70257fcb,looped_transformer,propagate,17500,16,interp,"{""dim"": 1, ""distance"": 1, ""length"": 12, ""n_sources"": 1}",3,True,False,0,0.8193612774451098,0.03562189280953043,0.7694610778443114,0.8502994011976048,"[0.7694610778443114, 0.8502994011976048, 0.8383233532934131]",0.7694610778443115,0.8502994011976049,0.8193612774451098,0.9821190975026456,9965316
2d1c70257fcb,looped_transformer,propagate,17500,16,interp,"{""dim"": 1, ""distance"": 2, ""length"": 12, ""n_sources"": 1}",3,True,False,0,0.8268268268268267,0.05283540828987646,0.7597597597597597,0.8888888888888888,"[0.7597597597597597, 0.8888888888888888, 0.8318318318318318]",0.7597597597597597,0.8888888888888888,0.8268268268268267,0.9828161522074863,9965316
2d1c70257fcb,looped_transformer,propagate,17500,16,interp,"{""dim"": 1, ""distance"": 4, ""length"": 12, ""n_sources"": 1}",3,True,False,0,0.7537537537537538,0.05066686980918424,0.6966966966966966,0.8198198198198198,"[0.6966966966966966, 0.8198198198198198, 0.7447447447447447]",0.6966966966966966,0.8198198198198198,0.7537537537537538,0.9709709743718365,9965316
2d1c70257fcb,looped_transformer,propagate,20000,16,interp,"{""dim"": 1, ""distance"": 1, ""length"": 12, ""n_sources"": 1}",3,True,False,0,0.7864271457085829,0.08855844531528552,0.6676646706586826,0.8802395209580839,"[0.811377245508982, 0.8802395209580839, 0.6676646706586826]",0.6676646706586826,0.8802395209580839,0.7864271457085829,0.9792082531604462,9965316
2d1c70257fcb,looped_transformer,propagate,20000,16,interp,"{""dim"": 1, ""distance"": 2, ""length"": 12, ""n_sources"": 1}",3,True,False,0,0.8038038038038038,0.08565434020132694,0.6906906906906907,0.8978978978978979,"[0.8228228228228228, 0.8978978978978979, 0.6906906906906907]",0.6906906906906908,0.8978978978978979,0.8038038038038038,0.9795628990735618,9965316
2d1c70257fcb,looped_transformer,propagate,20000,16,interp,"{""dim"": 1, ""distance"": 4, ""length"": 12, ""n_sources"": 1}",3,True,False,0,0.7577577577577578,0.06170584587556531,0.6876876876876877,0.8378378378378378,"[0.7477477477477478, 0.8378378378378378, 0.6876876876876877]",0.6876876876876877,0.8378378378378378,0.7577577577577578,0.971554891721861,9965316
2d1c70257fcb,looped_transformer,propagate,22500,16,interp,"{""dim"": 1, ""distance"": 1, ""length"": 12, ""n_sources"": 1}",3,True,False,0,0.7944111776447106,0.06606454755862419,0.7155688622754491,0.8772455089820359,"[0.7155688622754491, 0.8772455089820359, 0.7904191616766467]",0.7155688622754491,0.8772455089820359,0.7944111776447106,0.9802894240724825,9965316
2d1c70257fcb,looped_transformer,propagate,22500,16,interp,"{""dim"": 1, ""distance"": 2, ""length"": 12, ""n_sources"": 1}",3,True,False,0,0.8328328328328327,0.0548453554826936,0.7597597597597597,0.8918918918918919,"[0.7597597597597597, 0.8918918918918919, 0.8468468468468469]",0.7597597597597597,0.8918918918918918,0.8328328328328327,0.9826493182101168,9965316
2d1c70257fcb,looped_transformer,propagate,22500,16,interp,"{""dim"": 1, ""distance"": 4, ""length"": 12, ""n_sources"": 1}",3,True,False,0,0.7567567567567567,0.058999647760926414,0.6876876876876877,0.8318318318318318,"[0.6876876876876877, 0.8318318318318318, 0.7507507507507507]",0.6876876876876877,0.8318318318318317,0.7567567567567567,0.9738071440337777,9965316
2d1c70257fcb,looped_transformer,propagate,25000,16,interp,"{""dim"": 1, ""distance"": 1, ""length"": 12, ""n_sources"": 1}",3,True,False,0,0.7295409181636726,0.18090594585907438,0.47604790419161674,0.8862275449101796,"[0.47604790419161674, 0.8862275449101796, 0.8263473053892215]",0.47604790419161674,0.8862275449101796,0.7295409181636726,0.9709747198099148,9965316
2d1c70257fcb,looped_transformer,propagate,25000,16,interp,"{""dim"": 1, ""distance"": 2, ""length"": 12, ""n_sources"": 1}",3,True,False,0,0.7297297297297298,0.19187912439648022,0.4594594594594595,0.8858858858858859,"[0.4594594594594595, 0.8858858858858859, 0.8438438438438438]",0.4594594594594595,0.8858858858858859,0.7297297297297298,0.9697197225836066,9965316
2d1c70257fcb,looped_transformer,propagate,25000,16,interp,"{""dim"": 1, ""distance"": 4, ""length"": 12, ""n_sources"": 1}",3,True,False,0,0.6596596596596597,0.18489547990863053,0.4024024024024024,0.8288288288288288,"[0.4024024024024024, 0.8288288288288288, 0.7477477477477478]",0.4024024024024024,0.8288288288288288,0.6596596596596597,0.957624294557371,9965316
2d1c70257fcb,looped_transformer,propagate,27500,16,interp,"{""dim"": 1, ""distance"": 1, ""length"": 12, ""n_sources"": 1}",3,True,False,0,0.8233532934131736,0.06237325346107679,0.7455089820359282,0.8982035928143712,"[0.7455089820359282, 0.8982035928143712, 0.8263473053892215]",0.7455089820359282,0.8982035928143711,0.8233532934131736,0.9814537610122543,9965316
2d1c70257fcb,looped_transformer,propagate,27500,16,interp,"{""dim"": 1, ""distance"": 2, ""length"": 12, ""n_sources"": 1}",3,True,False,0,0.8288288288288288,0.06772864794409315,0.7417417417417418,0.9069069069069069,"[0.7417417417417418, 0.9069069069069069, 0.8378378378378378]",0.7417417417417417,0.9069069069069068,0.8288288288288288,0.9798131483095186,9965316
2d1c70257fcb,looped_transformer,propagate,27500,16,interp,"{""dim"": 1, ""distance"": 4, ""length"": 12, ""n_sources"": 1}",3,True,False,0,0.7427427427427428,0.08059146029177315,0.6336336336336337,0.8258258258258259,"[0.6336336336336337, 0.8258258258258259, 0.7687687687687688]",0.6336336336336337,0.8258258258258259,0.7427427427427428,0.959542878934213,9965316
2d1c70257fcb,looped_transformer,propagate,30000,16,interp,"{""dim"": 1, ""distance"": 1, ""length"": 12, ""n_sources"": 1}",3,True,False,0,0.7574850299401197,0.09123961874761995,0.6616766467065869,0.8802395209580839,"[0.6616766467065869, 0.8802395209580839, 0.7305389221556886]",0.6616766467065869,0.8802395209580839,0.7574850299401197,0.9728875604575266,9965316
2d1c70257fcb,looped_transformer,propagate,30000,16,interp,"{""dim"": 1, ""distance"": 2, ""length"": 12, ""n_sources"": 1}",3,True,False,0,0.7737737737737738,0.11538029255991039,0.6216216216216216,0.9009009009009009,"[0.6216216216216216, 0.9009009009009009, 0.7987987987987988]",0.6216216216216216,0.9009009009009009,0.7737737737737738,0.9712212236077935,9965316
2d1c70257fcb,looped_transformer,propagate,30000,16,interp,"{""dim"": 1, ""distance"": 4, ""length"": 12, ""n_sources"": 1}",3,True,False,0,0.6876876876876876,0.11041907694204346,0.5555555555555556,0.8258258258258259,"[0.5555555555555556, 0.8258258258258259, 0.6816816816816816]",0.5555555555555556,0.8258258258258259,0.6876876876876876,0.9513680375254786,9965316
2d1c70257fcb,looped_transformer,propagate,32500,16,interp,"{""dim"": 1, ""distance"": 1, ""length"": 12, ""n_sources"": 1}",3,True,False,0,0.8173652694610779,0.054443839109723946,0.7574850299401198,0.8892215568862275,"[0.7574850299401198, 0.8892215568862275, 0.8053892215568862]",0.7574850299401198,0.8892215568862275,0.8173652694610779,0.9792914187717819,9965316
2d1c70257fcb,looped_transformer,propagate,32500,16,interp,"{""dim"": 1, ""distance"": 2, ""length"": 12, ""n_sources"": 1}",3,True,False,0,0.8298298298298299,0.061314886210664866,0.7537537537537538,0.9039039039039038,"[0.7537537537537538, 0.9039039039039038, 0.8318318318318318]",0.7537537537537538,0.9039039039039038,0.8298298298298299,0.9763096449253438,9965316
2d1c70257fcb,looped_transformer,propagate,32500,16,interp,"{""dim"": 1, ""distance"": 4, ""length"": 12, ""n_sources"": 1}",3,True,False,0,0.7277277277277278,0.09273181644058831,0.6066066066066066,0.8318318318318318,"[0.6066066066066066, 0.8318318318318318, 0.7447447447447447]",0.6066066066066066,0.8318318318318317,0.7277277277277278,0.9513680371078285,9965316
2d1c70257fcb,looped_transformer,propagate,35000,16,interp,"{""dim"": 1, ""distance"": 1, ""length"": 12, ""n_sources"": 1}",3,True,False,0,0.8273453093812376,0.04382135409201625,0.7934131736526946,0.8892215568862275,"[0.7994011976047904, 0.8892215568862275, 0.7934131736526946]",0.7934131736526946,0.8892215568862275,0.8273453093812376,0.9797904205298472,9965316
2d1c70257fcb,looped_transformer,propagate,35000,16,interp,"{""dim"": 1, ""distance"": 2, ""length"": 12, ""n_sources"": 1}",3,True,False,0,0.8558558558558559,0.03611935646179923,0.8288288288288288,0.9069069069069069,"[0.8288288288288288, 0.9069069069069069, 0.8318318318318318]",0.8288288288288288,0.9069069069069068,0.8558558558558559,0.9786453131321554,9965316
2d1c70257fcb,looped_transformer,propagate,35000,16,interp,"{""dim"": 1, ""distance"": 4, ""length"": 12, ""n_sources"": 1}",3,True,False,0,0.7637637637637638,0.04556479149846263,0.7177177177177178,0.8258258258258259,"[0.7177177177177178, 0.8258258258258259, 0.7477477477477478]",0.7177177177177178,0.8258258258258259,0.7637637637637638,0.9539539552069045,9965316
2d1c70257fcb,looped_transformer,propagate,37500,16,interp,"{""dim"": 1, ""distance"": 1, ""length"": 12, ""n_sources"": 1}",3,True,False,0,0.8203592814371258,0.048830857575748766,0.7694610778443114,0.8862275449101796,"[0.7694610778443114, 0.8862275449101796, 0.8053892215568862]",0.7694610778443115,0.8862275449101796,0.8203592814371258,0.9787924165378312,9965316
2d1c70257fcb,looped_transformer,propagate,37500,16,interp,"{""dim"": 1, ""distance"": 2, ""length"": 12, ""n_sources"": 1}",3,True,False,0,0.8438438438438438,0.040955500591549114,0.7987987987987988,0.8978978978978979,"[0.7987987987987988, 0.8978978978978979, 0.8348348348348348]",0.7987987987987988,0.8978978978978979,0.8438438438438438,0.977227228718835,9965316
2d1c70257fcb,looped_transformer,propagate,37500,16,interp,"{""dim"": 1, ""distance"": 4, ""length"": 12, ""n_sources"": 1}",3,True,False,0,0.7567567567567567,0.057659743038697385,0.6846846846846847,0.8258258258258259,"[0.6846846846846847, 0.8258258258258259, 0.7597597597597597]",0.6846846846846847,0.8258258258258259,0.7567567567567567,0.953703705672626,9965316
2d1c70257fcb,looped_transformer,propagate,40000,16,interp,"{""dim"": 1, ""distance"": 1, ""length"": 12, ""n_sources"": 1}",3,True,False,0,0.8233532934131736,0.05260153274692388,0.7604790419161677,0.8892215568862275,"[0.7604790419161677, 0.8892215568862275, 0.8203592814371258]",0.7604790419161677,0.8892215568862275,0.8233532934131736,0.9790419173573781,9965316
2d1c70257fcb,looped_transformer,propagate,40000,16,interp,"{""dim"": 1, ""distance"": 2, ""length"": 12, ""n_sources"": 1}",3,True,False,0,0.8498498498498499,0.03806437105471781,0.8048048048048048,0.8978978978978979,"[0.8048048048048048, 0.8978978978978979, 0.8468468468468469]",0.8048048048048048,0.8978978978978979,0.8498498498498499,0.9778945626797261,9965316
2d1c70257fcb,looped_transformer,propagate,40000,16,interp,"{""dim"": 1, ""distance"": 4, ""length"": 12, ""n_sources"": 1}",3,True,False,0,0.7607607607607608,0.05911841065158518,0.6846846846846847,0.8288288288288288,"[0.6846846846846847, 0.8288288288288288, 0.7687687687687688]",0.6846846846846847,0.8288288288288288,0.7607607607607608,0.9542042061731264,9965316
2d1c70257fcb,looped_transformer,propagate,40000,32,interp,"{""dim"": 1, ""distance"": 1, ""length"": 12, ""n_sources"": 1}",3,True,False,0,0.5249500998003992,0.17225907393526083,0.3532934131736527,0.7604790419161677,"[0.3532934131736527, 0.7604790419161677, 0.46107784431137727]",0.3532934131736527,0.7604790419161677,0.5249500998003992,0.9366267495407555,9965316
2d1c70257fcb,looped_transformer,propagate,40000,32,interp,"{""dim"": 1, ""distance"": 2, ""length"": 12, ""n_sources"": 1}",3,True,False,0,0.5025025025025025,0.23701962033246252,0.26426426426426425,0.8258258258258259,"[0.26426426426426425, 0.8258258258258259, 0.4174174174174174]",0.26426426426426425,0.8258258258258259,0.5025025025025025,0.9280113493119394,9965316
2d1c70257fcb,looped_transformer,propagate,40000,32,interp,"{""dim"": 1, ""distance"": 4, ""length"": 12, ""n_sources"": 1}",3,True,False,0,0.36936936936936937,0.23624047772782467,0.1831831831831832,0.7027027027027027,"[0.1831831831831832, 0.7027027027027027, 0.2222222222222222]",0.1831831831831832,0.7027027027027027,0.36936936936936937,0.8828828861345878,9965316
2d1c70257fcb,looped_transformer,propagate,2500,1,mild,"{""dim"": 1, ""distance"": 6, ""length"": 12, ""n_sources"": 1}",3,True,False,0,0.05000000000000001,0.026280537792569364,0.02,0.084,"[0.046, 0.02, 0.084]",0.02,0.084,0.05000000000000001,0.868833332836628,9965316
2d1c70257fcb,looped_transformer,propagate,2500,1,mild,"{""dim"": 1, ""distance"": 8, ""length"": 12, ""n_sources"": 1}",3,True,False,0,0.0033333333333333335,0.004714045207910317,0.0,0.01,"[0.01, 0.0, 0.0]",0.0,0.01,0.0033333333333333335,0.6982222308119138,9965316
2d1c70257fcb,looped_transformer,propagate,5000,1,mild,"{""dim"": 1, ""distance"": 6, ""length"": 12, ""n_sources"": 1}",3,True,False,0,0.013333333333333334,0.01746106780494506,0.0,0.038,"[0.0, 0.002, 0.038]",0.0,0.038,0.013333333333333334,0.8572222150961558,9965316
2d1c70257fcb,looped_transformer,propagate,5000,1,mild,"{""dim"": 1, ""distance"": 8, ""length"": 12, ""n_sources"": 1}",3,True,False,0,0.0,0.0,0.0,0.0,"[0.0, 0.0, 0.0]",0.0,0.0,0.0,0.6882222335735957,9965316
2d1c70257fcb,looped_transformer,propagate,7500,1,mild,"{""dim"": 1, ""distance"": 6, ""length"": 12, ""n_sources"": 1}",3,True,False,0,0.002,0.001632993161855452,0.0,0.004,"[0.002, 0.0, 0.004]",0.0,0.004,0.002,0.8626666616598765,9965316
2d1c70257fcb,looped_transformer,propagate,7500,1,mild,"{""dim"": 1, ""distance"": 8, ""length"": 12, ""n_sources"": 1}",3,True,False,0,0.0,0.0,0.0,0.0,"[0.0, 0.0, 0.0]",0.0,0.0,0.0,0.6799444548487664,9965316
2d1c70257fcb,looped_transformer,propagate,10000,1,mild,"{""dim"": 1, ""distance"": 6, ""length"": 12, ""n_sources"": 1}",3,True,False,0,0.005333333333333333,0.004714045207910317,0.002,0.012,"[0.002, 0.002, 0.012]",0.002,0.012000000000000002,0.005333333333333333,0.8606666612227758,9965316
2d1c70257fcb,looped_transformer,propagate,10000,1,mild,"{""dim"": 1, ""distance"": 8, ""length"": 12, ""n_sources"": 1}",3,True,False,0,0.0,0.0,0.0,0.0,"[0.0, 0.0, 0.0]",0.0,0.0,0.0,0.6811111215949058,9965316
2d1c70257fcb,looped_transformer,propagate,12500,1,mild,"{""dim"": 1, ""distance"": 6, ""length"": 12, ""n_sources"": 1}",3,True,False,0,0.0013333333333333333,0.0018856180831641268,0.0,0.004,"[0.004, 0.0, 0.0]",0.0,0.004,0.0013333333333333333,0.8626111058394114,9965316
2d1c70257fcb,looped_transformer,propagate,12500,1,mild,"{""dim"": 1, ""distance"": 8, ""length"": 12, ""n_sources"": 1}",3,True,False,0,0.0,0.0,0.0,0.0,"[0.0, 0.0, 0.0]",0.0,0.0,0.0,0.6522777824997902,9965316
2d1c70257fcb,looped_transformer,propagate,15000,1,mild,"{""dim"": 1, ""distance"": 6, ""length"": 12, ""n_sources"": 1}",3,True,False,0,0.0,0.0,0.0,0.0,"[0.0, 0.0, 0.0]",0.0,0.0,0.0,0.8583888817429542,9965316
2d1c70257fcb,looped_transformer,propagate,15000,1,mild,"{""dim"": 1, ""distance"": 8, ""length"": 12, ""n_sources"": 1}",3,True,False,0,0.0,0.0,0.0,0.0,"[0.0, 0.0, 0.0]",0.0,0.0,0.0,0.6547222272753715,9965316
2d1c70257fcb,looped_transformer,propagate,17500,1,mild,"{""dim"": 1, ""distance"": 6, ""length"": 12, ""n_sources"": 1}",3,True,False,0,0.0033333333333333335,0.0033993463423951896,0.0,0.008,"[0.0, 0.002, 0.008]",0.0,0.008,0.0033333333333333335,0.8697777753671011,9965316
2d1c70257fcb,looped_transformer,propagate,17500,1,mild,"{""dim"": 1, ""distance"": 8, ""length"": 12, ""n_sources"": 1}",3,True,False,0,0.0,0.0,0.0,0.0,"[0.0, 0.0, 0.0]",0.0,0.0,0.0,0.674722229719162,9965316
2d1c70257fcb,looped_transformer,propagate,20000,1,mild,"{""dim"": 1, ""distance"": 6, ""length"": 12, ""n_sources"": 1}",3,True,False,0,0.0026666666666666666,0.0037712361663282535,0.0,0.008,"[0.0, 0.008, 0.0]",0.0,0.008,0.0026666666666666666,0.8865555610259374,9965316
2d1c70257fcb,looped_transformer,propagate,20000,1,mild,"{""dim"": 1, ""distance"": 8, ""length"": 12, ""n_sources"": 1}",3,True,False,0,0.0,0.0,0.0,0.0,"[0.0, 0.0, 0.0]",0.0,0.0,0.0,0.6813888958295186,9965316
2d1c70257fcb,looped_transformer,propagate,22500,1,mild,"{""dim"": 1, ""distance"": 6, ""length"": 12, ""n_sources"": 1}",3,True,False,0,0.0006666666666666666,0.0009428090415820634,0.0,0.002,"[0.002, 0.0, 0.0]",0.0,0.002,0.0006666666666666666,0.8738333329757055,9965316
2d1c70257fcb,looped_transformer,propagate,22500,1,mild,"{""dim"": 1, ""distance"": 8, ""length"": 12, ""n_sources"": 1}",3,True,False,0,0.0,0.0,0.0,0.0,"[0.0, 0.0, 0.0]",0.0,0.0,0.0,0.6739444495439528,9965316
2d1c70257fcb,looped_transformer,propagate,25000,1,mild,"{""dim"": 1, ""distance"": 6, ""length"": 12, ""n_sources"": 1}",3,True,False,0,0.0033333333333333335,0.0024944382578492943,0.0,0.006,"[0.004, 0.0, 0.006]",0.0,0.006000000000000001,0.0033333333333333335,0.8922777860959371,9965316
2d1c70257fcb,looped_transformer,propagate,25000,1,mild,"{""dim"": 1, ""distance"": 8, ""length"": 12, ""n_sources"": 1}",3,True,False,0,0.0,0.0,0.0,0.0,"[0.0, 0.0, 0.0]",0.0,0.0,0.0,0.694888896604379,9965316
2d1c70257fcb,looped_transformer,propagate,27500,1,mild,"{""dim"": 1, ""distance"": 6, ""length"": 12, ""n_sources"": 1}",3,True,False,0,0.0006666666666666666,0.0009428090415820634,0.0,0.002,"[0.002, 0.0, 0.0]",0.0,0.002,0.0006666666666666666,0.887666672706604,9965316
2d1c70257fcb,looped_transformer,propagate,27500,1,mild,"{""dim"": 1, ""distance"": 8, ""length"": 12, ""n_sources"": 1}",3,True,False,0,0.0,0.0,0.0,0.0,"[0.0, 0.0, 0.0]",0.0,0.0,0.0,0.6882777842481932,9965316
2d1c70257fcb,looped_transformer,propagate,30000,1,mild,"{""dim"": 1, ""distance"": 6, ""length"": 12, ""n_sources"": 1}",3,True,False,0,0.0006666666666666666,0.0009428090415820634,0.0,0.002,"[0.002, 0.0, 0.0]",0.0,0.002,0.0006666666666666666,0.8986111223300298,9965316
2d1c70257fcb,looped_transformer,propagate,30000,1,mild,"{""dim"": 1, ""distance"": 8, ""length"": 12, ""n_sources"": 1}",3,True,False,0,0.0,0.0,0.0,0.0,"[0.0, 0.0, 0.0]",0.0,0.0,0.0,0.6947777844667434,9965316
2d1c70257fcb,looped_transformer,propagate,32500,1,mild,"{""dim"": 1, ""distance"": 6, ""length"": 12, ""n_sources"": 1}",3,True,False,0,0.004666666666666667,0.0018856180831641268,0.002,0.006,"[0.006, 0.002, 0.006]",0.002,0.006000000000000001,0.004666666666666667,0.8986666777133941,9965316
2d1c70257fcb,looped_transformer,propagate,32500,1,mild,"{""dim"": 1, ""distance"": 8, ""length"": 12, ""n_sources"": 1}",3,True,False,0,0.0,0.0,0.0,0.0,"[0.0, 0.0, 0.0]",0.0,0.0,0.0,0.7087222276131312,9965316
2d1c70257fcb,looped_transformer,propagate,35000,1,mild,"{""dim"": 1, ""distance"": 6, ""length"": 12, ""n_sources"": 1}",3,True,False,0,0.004666666666666667,0.00339934634239519,0.0,0.008,"[0.008, 0.0, 0.006]",0.0,0.008,0.004666666666666667,0.8998333448966344,9965316
2d1c70257fcb,looped_transformer,propagate,35000,1,mild,"{""dim"": 1, ""distance"": 8, ""length"": 12, ""n_sources"": 1}",3,True,False,0,0.0,0.0,0.0,0.0,"[0.0, 0.0, 0.0]",0.0,0.0,0.0,0.7012777843872705,9965316
2d1c70257fcb,looped_transformer,propagate,37500,1,mild,"{""dim"": 1, ""distance"": 6, ""length"": 12, ""n_sources"": 1}",3,True,False,0,0.006000000000000001,0.00282842712474619,0.004,0.01,"[0.01, 0.004, 0.004]",0.004,0.01,0.006000000000000001,0.8990000110864639,9965316
2d1c70257fcb,looped_transformer,propagate,37500,1,mild,"{""dim"": 1, ""distance"": 8, ""length"": 12, ""n_sources"": 1}",3,True,False,0,0.0,0.0,0.0,0.0,"[0.0, 0.0, 0.0]",0.0,0.0,0.0,0.7041666723887126,9965316
2d1c70257fcb,looped_transformer,propagate,40000,1,mild,"{""dim"": 1, ""distance"": 6, ""length"": 12, ""n_sources"": 1}",3,True,False,0,0.006666666666666667,0.004109609335312651,0.002,0.012,"[0.012, 0.002, 0.006]",0.002,0.012000000000000002,0.006666666666666667,0.8994444557030996,9965316
2d1c70257fcb,looped_transformer,propagate,40000,1,mild,"{""dim"": 1, ""distance"": 8, ""length"": 12, ""n_sources"": 1}",3,True,False,0,0.0,0.0,0.0,0.0,"[0.0, 0.0, 0.0]",0.0,0.0,0.0,0.7049444502592087,9965316
2d1c70257fcb,looped_transformer,propagate,40000,2,mild,"{""dim"": 1, ""distance"": 6, ""length"": 12, ""n_sources"": 1}",3,True,False,0,0.036,0.02993325909419153,0.004,0.076,"[0.076, 0.004, 0.028]",0.004,0.076,0.036,0.9047222342491149,9965316
2d1c70257fcb,looped_transformer,propagate,40000,2,mild,"{""dim"": 1, ""distance"": 8, ""length"": 12, ""n_sources"": 1}",3,True,False,0,0.0,0.0,0.0,0.0,"[0.0, 0.0, 0.0]",0.0,0.0,0.0,0.7198333376248677,9965316
2d1c70257fcb,looped_transformer,propagate,2500,4,mild,"{""dim"": 1, ""distance"": 6, ""length"": 12, ""n_sources"": 1}",3,True,False,0,0.164,0.07290176038112293,0.1,0.266,"[0.126, 0.1, 0.266]",0.10000000000000002,0.266,0.164,0.8833888925711314,9965316
2d1c70257fcb,looped_transformer,propagate,2500,4,mild,"{""dim"": 1, ""distance"": 8, ""length"": 12, ""n_sources"": 1}",3,True,False,0,0.05333333333333334,0.03315954697452237,0.026,0.1,"[0.034, 0.026, 0.1]",0.026,0.10000000000000002,0.05333333333333334,0.7502222239772479,9965316
2d1c70257fcb,looped_transformer,propagate,5000,4,mild,"{""dim"": 1, ""distance"": 6, ""length"": 12, ""n_sources"": 1}",3,True,False,0,0.12933333333333333,0.04899886620003455,0.064,0.182,"[0.064, 0.182, 0.142]",0.064,0.18200000000000002,0.12933333333333333,0.8883333348035812,9965316
2d1c70257fcb,looped_transformer,propagate,5000,4,mild,"{""dim"": 1, ""distance"": 8, ""length"": 12, ""n_sources"": 1}",3,True,False,0,0.020666666666666667,0.013695092389449427,0.01,0.04,"[0.04, 0.01, 0.012]",0.01,0.04,0.020666666666666667,0.7453888900677365,9965316
2d1c70257fcb,looped_transformer,propagate,7500,4,mild,"{""dim"": 1, ""distance"": 6, ""length"": 12, ""n_sources"": 1}",3,True,False,0,0.078,0.029977769541222818,0.036,0.104,"[0.036, 0.094, 0.104]",0.036,0.104,0.078,0.8850555572509765,9965316
2d1c70257fcb,looped_transformer,propagate,7500,4,mild,"{""dim"": 1, ""distance"": 8, ""length"": 12, ""n_sources"": 1}",3,True,False,0,0.0026666666666666666,0.0024944382578492943,0.0,0.006,"[0.002, 0.0, 0.006]",0.0,0.006000000000000001,0.0026666666666666666,0.721722225368023,9965316
2d1c70257fcb,looped_transformer,propagate,10000,4,mild,"{""dim"": 1, ""distance"": 6, ""length"": 12, ""n_sources"": 1}",3,True,False,0,0.05266666666666667,0.027920522121829234,0.03,0.092,"[0.03, 0.036, 0.092]",0.03,0.09200000000000001,0.05266666666666667,0.8786111116409302,9965316
2d1c70257fcb,looped_transformer,propagate,10000,4,mild,"{""dim"": 1, ""distance"": 8, ""length"": 12, ""n_sources"": 1}",3,True,False,0,0.002,0.00282842712474619,0.0,0.006,"[0.0, 0.0, 0.006]",0.0,0.006000000000000001,0.002,0.7134444500009219,9965316
2d1c70257fcb,looped_transformer,propagate,12500,4,mild,"{""dim"": 1, ""distance"": 6, ""length"": 12, ""n_sources"": 1}",3,True,False,0,0.04666666666666667,0.03981066300488964,0.01,0.102,"[0.028, 0.102, 0.01]",0.01,0.102,0.04666666666666667,0.8770555555820465,9965316
2d1c70257fcb,looped_transformer,propagate,12500,4,mild,"{""dim"": 1, ""distance"": 8, ""length"": 12, ""n_sources"": 1}",3,True,False,0,0.0,0.0,0.0,0.0,"[0.0, 0.0, 0.0]",0.0,0.0,0.0,0.6867777834733326,9965316
2d1c70257fcb,looped_transformer,propagate,15000,4,mild,"{""dim"": 1, ""distance"": 6, ""length"": 12, ""n_sources"": 1}",3,True,False,0,0.03,0.0139522996909709,0.014,0.048,"[0.014, 0.028, 0.048]",0.014,0.04800000000000001,0.03,0.868499997039636,9965316
2d1c70257fcb,looped_transformer,propagate,15000,4,mild,"{""dim"": 1, ""distance"": 8, ""length"": 12, ""n_sources"": 1}",3,True,False,0,0.0006666666666666666,0.0009428090415820634,0.0,0.002,"[0.002, 0.0, 0.0]",0.0,0.002,0.0006666666666666666,0.678944449186325,9965316
2d1c70257fcb,looped_transformer,propagate,17500,4,mild,"{""dim"": 1, ""distance"": 6, ""length"": 12, ""n_sources"": 1}",3,True,False,0,0.046000000000000006,0.02315167380558045,0.014,0.068,"[0.014, 0.068, 0.056]",0.014,0.068,0.046000000000000006,0.8827222238580387,9965316
2d1c70257fcb,looped_transformer,propagate,17500,4,mild,"{""dim"": 1, ""distance"": 8, ""length"": 12, ""n_sources"": 1}",3,True,False,0,0.0006666666666666666,0.0009428090415820634,0.0,0.002,"[0.0, 0.002, 0.0]",0.0,0.002,0.0006666666666666666,0.7007777837316196,9965316
2d1c70257fcb,looped_transformer,propagate,20000,4,mild,"{""dim"": 1, ""distance"": 6, ""length"": 12, ""n_sources"": 1}",3,True,False,0,0.062,0.043908996800200294,0.0,0.096,"[0.09, 0.096, 0.0]",0.0,0.09600000000000002,0.062,0.9005555646419525,9965316
2d1c70257fcb,looped_transformer,propagate,20000,4,mild,"{""dim"": 1, ""distance"": 8, ""length"": 12, ""n_sources"": 1}",3,True,False,0,0.0,0.0,0.0,0.0,"[0.0, 0.0, 0.0]",0.0,0.0,0.0,0.714722225924333,9965316
2d1c70257fcb,looped_transformer,propagate,22500,4,mild,"{""dim"": 1, ""distance"": 6, ""length"": 12, ""n_sources"": 1}",3,True,False,0,0.03866666666666666,0.015173075568988057,0.026,0.06,"[0.06, 0.03, 0.026]",0.026,0.06,0.03866666666666666,0.885888891975085,9965316
2d1c70257fcb,looped_transformer,propagate,22500,4,mild,"{""dim"": 1, ""distance"": 8, ""length"": 12, ""n_sources"": 1}",3,True,False,0,0.0,0.0,0.0,0.0,"[0.0, 0.0, 0.0]",0.0,0.0,0.0,0.696388894836108,9965316
2d1c70257fcb,looped_transformer,propagate,25000,4,mild,"{""dim"": 1, ""distance"": 6, ""length"": 12, ""n_sources"": 1}",3,True,False,0,0.06,0.007118052168020874,0.05,0.066,"[0.064, 0.05, 0.066]",0.05000000000000001,0.066,0.06,0.9030555655956268,9965316
2d1c70257fcb,looped_transformer,propagate,25000,4,mild,"{""dim"": 1, ""distance"": 8, ""length"": 12, ""n_sources"": 1}",3,True,False,0,0.0,0.0,0.0,0.0,"[0.0, 0.0, 0.0]",0.0,0.0,0.0,0.7178888937036195,9965316
2d1c70257fcb,looped_transformer,propagate,27500,4,mild,"{""dim"": 1, ""distance"": 6, ""length"": 12, ""n_sources"": 1}",3,True,False,0,0.04466666666666667,0.01892675942210452,0.018,0.06,"[0.06, 0.018, 0.056]",0.018,0.06,0.04466666666666667,0.8965000076293945,9965316
2d1c70257fcb,looped_transformer,propagate,27500,4,mild,"{""dim"": 1, ""distance"": 8, ""length"": 12, ""n_sources"": 1}",3,True,False,0,0.0,0.0,0.0,0.0,"[0.0, 0.0, 0.0]",0.0,0.0,0.0,0.7112777828375498,9965316
2d1c70257fcb,looped_transformer,propagate,30000,4,mild,"{""dim"": 1, ""distance"": 6, ""length"": 12, ""n_sources"": 1}",3,True,False,0,0.056666666666666664,0.02542090128658349,0.024,0.086,"[0.086, 0.024, 0.06]",0.024000000000000004,0.08600000000000001,0.056666666666666664,0.9068889007170995,9965316
2d1c70257fcb,looped_transformer,propagate,30000,4,mild,"{""dim"": 1, ""distance"": 8, ""length"": 12, ""n_sources"": 1}",3,True,False,0,0.0,0.0,0.0,0.0,"[0.0, 0.0, 0.0]",0.0,0.0,0.0,0.7173333373864491,9965316
2d1c70257fcb,looped_transformer,propagate,32500,4,mild,"{""dim"": 1, ""distance"": 6, ""length"": 12, ""n_sources"": 1}",3,True,False,0,0.064,0.04013311184877977,0.028,0.12,"[0.12, 0.028, 0.044]",0.028,0.12,0.064,0.9081666786670685,9965316
2d1c70257fcb,looped_transformer,propagate,32500,4,mild,"{""dim"": 1, ""distance"": 8, ""length"": 12, ""n_sources"": 1}",3,True,False,0,0.0,0.0,0.0,0.0,"[0.0, 0.0, 0.0]",0.0,0.0,0.0,0.7270555592775345,9965316
2d1c70257fcb,looped_transformer,propagate,35000,4,mild,"{""dim"": 1, ""distance"": 6, ""length"": 12, ""n_sources"": 1}",3,True,False,0,0.07066666666666667,0.04135483311805553,0.032,0.128,"[0.128, 0.032, 0.052]",0.032,0.128,0.07066666666666667,0.9098333457310995,9965316
2d1c70257fcb,looped_transformer,propagate,35000,4,mild,"{""dim"": 1, ""distance"": 8, ""length"": 12, ""n_sources"": 1}",3,True,False,0,0.0,0.0,0.0,0.0,"[0.0, 0.0, 0.0]",0.0,0.0,0.0,0.7287222252289455,9965316
2d1c70257fcb,looped_transformer,propagate,37500,4,mild,"{""dim"": 1, ""distance"": 6, ""length"": 12, ""n_sources"": 1}",3,True,False,0,0.057999999999999996,0.043297421016345386,0.012,0.116,"[0.116, 0.012, 0.046]",0.012000000000000002,0.116,0.057999999999999996,0.9084444569349289,9965316
2d1c70257fcb,looped_transformer,propagate,37500,4,mild,"{""dim"": 1, ""distance"": 8, ""length"": 12, ""n_sources"": 1}",3,True,False,0,0.0,0.0,0.0,0.0,"[0.0, 0.0, 0.0]",0.0,0.0,0.0,0.7271666697661082,9965316
2d1c70257fcb,looped_transformer,propagate,40000,4,mild,"{""dim"": 1, ""distance"": 6, ""length"": 12, ""n_sources"": 1}",3,True,False,0,0.05733333333333334,0.04694204464609052,0.012,0.122,"[0.122, 0.012, 0.038]",0.012000000000000002,0.122,0.05733333333333334,0.9089444572130839,9965316
2d1c70257fcb,looped_transformer,propagate,40000,4,mild,"{""dim"": 1, ""distance"": 8, ""length"": 12, ""n_sources"": 1}",3,True,False,0,0.0,0.0,0.0,0.0,"[0.0, 0.0, 0.0]",0.0,0.0,0.0,0.7282777806520461,9965316
2d1c70257fcb,looped_transformer,propagate,40000,8,mild,"{""dim"": 1, ""distance"": 6, ""length"": 12, ""n_sources"": 1}",3,True,False,0,0.076,0.014236104336041748,0.064,0.096,"[0.096, 0.064, 0.068]",0.064,0.09600000000000002,0.076,0.9030000100533168,9965316
2d1c70257fcb,looped_transformer,propagate,40000,8,mild,"{""dim"": 1, ""distance"": 8, ""length"": 12, ""n_sources"": 1}",3,True,False,0,0.0,0.0,0.0,0.0,"[0.0, 0.0, 0.0]",0.0,0.0,0.0,0.7167222256064415,9965316
2d1c70257fcb,looped_transformer,propagate,2500,16,mild,"{""dim"": 1, ""distance"": 6, ""length"": 12, ""n_sources"": 1}",3,True,False,0,0.076,0.03536476589299958,0.03,0.116,"[0.03, 0.082, 0.116]",0.03,0.116,0.076,0.7432222217718759,9965316
2d1c70257fcb,looped_transformer,propagate,2500,16,mild,"{""dim"": 1, ""distance"": 8, ""length"": 12, ""n_sources"": 1}",3,True,False,0,0.02666666666666666,0.019067132861433453,0.006,0.052,"[0.006, 0.022, 0.052]",0.006000000000000001,0.052,0.02666666666666666,0.5822222230682771,9965316
2d1c70257fcb,looped_transformer,propagate,5000,16,mild,"{""dim"": 1, ""distance"": 6, ""length"": 12, ""n_sources"": 1}",3,True,False,0,0.07866666666666666,0.047953681355611844,0.026,0.142,"[0.026, 0.142, 0.068]",0.026,0.142,0.07866666666666666,0.7907777764598528,9965316
2d1c70257fcb,looped_transformer,propagate,5000,16,mild,"{""dim"": 1, ""distance"": 8, ""length"": 12, ""n_sources"": 1}",3,True,False,0,0.018666666666666665,0.008993825042154693,0.008,0.03,"[0.008, 0.03, 0.018]",0.008,0.03,0.018666666666666665,0.6022222243994475,9965316
2d1c70257fcb,looped_transformer,propagate,7500,16,mild,"{""dim"": 1, ""distance"": 6, ""length"": 12, ""n_sources"": 1}",3,True,False,0,0.07533333333333334,0.055289138977640886,0.014,0.148,"[0.014, 0.148, 0.064]",0.014,0.148,0.07533333333333334,0.8511111107667286,9965316
2d1c70257fcb,looped_transformer,propagate,7500,16,mild,"{""dim"": 1, ""distance"": 8, ""length"": 12, ""n_sources"": 1}",3,True,False,0,0.012666666666666666,0.00410960933531265,0.008,0.018,"[0.012, 0.018, 0.008]",0.008,0.018,0.012666666666666666,0.7103888891438643,9965316
2d1c70257fcb,looped_transformer,propagate,10000,16,mild,"{""dim"": 1, ""distance"": 6, ""length"": 12, ""n_sources"": 1}",3,True,False,0,0.012666666666666666,0.012256517540566824,0.004,0.03,"[0.004, 0.004, 0.03]",0.004,0.03,0.012666666666666666,0.8336666652957598,9965316
2d1c70257fcb,looped_transformer,propagate,10000,16,mild,"{""dim"": 1, ""distance"": 8, ""length"": 12, ""n_sources"": 1}",3,True,False,0,0.004666666666666667,0.00339934634239519,0.0,0.008,"[0.006, 0.0, 0.008]",0.0,0.008,0.004666666666666667,0.6826666673521201,9965316
2d1c70257fcb,looped_transformer,propagate,12500,16,mild,"{""dim"": 1, ""distance"": 6, ""length"": 12, ""n_sources"": 1}",3,True,False,0,0.02733333333333333,0.02311324776447962,0.01,0.06,"[0.012, 0.06, 0.01]",0.01,0.06,0.02733333333333333,0.8330555539528529,9965316
2d1c70257fcb,looped_transformer,propagate,12500,16,mild,"{""dim"": 1, ""distance"": 8, ""length"": 12, ""n_sources"": 1}",3,True,False,0,0.0006666666666666666,0.0009428090415820634,0.0,0.002,"[0.002, 0.0, 0.0]",0.0,0.002,0.0006666666666666666,0.668277778794368,9965316
2d1c70257fcb,looped_transformer,propagate,15000,16,mild,"{""dim"": 1, ""distance"": 6, ""length"": 12, ""n_sources"": 1}",3,True,False,0,0.012666666666666666,0.008993825042154695,0.002,0.024,"[0.002, 0.012, 0.024]",0.002,0.024000000000000004,0.012666666666666666,0.8416111102898917,9965316
2d1c70257fcb,looped_transformer,propagate,15000,16,mild,"{""dim"": 1, ""distance"": 8, ""length"": 12, ""n_sources"": 1}",3,True,False,0,0.005333333333333333,0.0037712361663282535,0.0,0.008,"[0.008, 0.0, 0.008]",0.0,0.008,0.005333333333333333,0.6934999995827674,9965316
2d1c70257fcb,looped_transformer,propagate,17500,16,mild,"{""dim"": 1, ""distance"": 6, ""length"": 12, ""n_sources"": 1}",3,True,False,0,0.07200000000000001,0.03676955262170047,0.02,0.098,"[0.02, 0.098, 0.098]",0.02,0.09800000000000002,0.07200000000000001,0.8455555568536123,9965316
2d1c70257fcb,looped_transformer,propagate,17500,16,mild,"{""dim"": 1, ""distance"": 8, ""length"": 12, ""n_sources"": 1}",3,True,False,0,0.004,0.004320493798938573,0.0,0.01,"[0.0, 0.002, 0.01]",0.0,0.01,0.004,0.6555000016887983,9965316
2d1c70257fcb,looped_transformer,propagate,20000,16,mild,"{""dim"": 1, ""distance"": 6, ""length"": 12, ""n_sources"": 1}",3,True,False,0,0.054,0.025139610179953066,0.028,0.088,"[0.046, 0.088, 0.028]",0.028,0.08800000000000001,0.054,0.8603888942003252,9965316
2d1c70257fcb,looped_transformer,propagate,20000,16,mild,"{""dim"": 1, ""distance"": 8, ""length"": 12, ""n_sources"": 1}",3,True,False,0,0.0013333333333333333,0.0018856180831641268,0.0,0.004,"[0.0, 0.0, 0.004]",0.0,0.004,0.0013333333333333333,0.6980555580357711,9965316
2d1c70257fcb,looped_transformer,propagate,22500,16,mild,"{""dim"": 1, ""distance"": 6, ""length"": 12, ""n_sources"": 1}",3,True,False,0,0.04733333333333334,0.04434210439550904,0.014,0.11,"[0.014, 0.018, 0.11]",0.014,0.11,0.04733333333333334,0.8464444459279378,9965316
2d1c70257fcb,looped_transformer,propagate,22500,16,mild,"{""dim"": 1, ""distance"": 8, ""length"": 12, ""n_sources"": 1}",3,True,False,0,0.0,0.0,0.0,0.0,"[0.0, 0.0, 0.0]",0.0,0.0,0.0,0.652388892998298,9965316
2d1c70257fcb,looped_transformer,propagate,25000,16,mild,"{""dim"": 1, ""distance"": 6, ""length"": 12, ""n_sources"": 1}",3,True,False,0,0.08,0.04744119166575252,0.02,0.136,"[0.02, 0.136, 0.084]",0.02,0.136,0.08,0.8491111132701238,9965316
2d1c70257fcb,looped_transformer,propagate,25000,16,mild,"{""dim"": 1, ""distance"": 8, ""length"": 12, ""n_sources"": 1}",3,True,False,0,0.0006666666666666666,0.0009428090415820634,0.0,0.002,"[0.0, 0.002, 0.0]",0.0,0.002,0.0006666666666666666,0.652055558398366,9965316
2d1c70257fcb,looped_transformer,propagate,27500,16,mild,"{""dim"": 1, ""distance"": 6, ""length"": 12, ""n_sources"": 1}",3,True,False,0,0.08933333333333332,0.038308687729489706,0.052,0.142,"[0.052, 0.142, 0.074]",0.052,0.142,0.08933333333333332,0.8448333361148835,9965316
2d1c70257fcb,looped_transformer,propagate,27500,16,mild,"{""dim"": 1, ""distance"": 8, ""length"": 12, ""n_sources"": 1}",3,True,False,0,0.0,0.0,0.0,0.0,"[0.0, 0.0, 0.0]",0.0,0.0,0.0,0.6306666691154242,9965316
2d1c70257fcb,looped_transformer,propagate,30000,16,mild,"{""dim"": 1, ""distance"": 6, ""length"": 12, ""n_sources"": 1}",3,True,False,0,0.11599999999999999,0.05687413002997642,0.038,0.172,"[0.038, 0.172, 0.138]",0.038,0.17200000000000001,0.11599999999999999,0.8285000036557516,9965316
2d1c70257fcb,looped_transformer,propagate,30000,16,mild,"{""dim"": 1, ""distance"": 8, ""length"": 12, ""n_sources"": 1}",3,True,False,0,0.0,0.0,0.0,0.0,"[0.0, 0.0, 0.0]",0.0,0.0,0.0,0.6171111138612032,9965316
2d1c70257fcb,looped_transformer,propagate,32500,16,mild,"{""dim"": 1, ""distance"": 6, ""length"": 12, ""n_sources"": 1}",3,True,False,0,0.12066666666666666,0.05526501806950055,0.046,0.178,"[0.046, 0.178, 0.138]",0.046000000000000006,0.17800000000000002,0.12066666666666666,0.8335000043114027,9965316
2d1c70257fcb,looped_transformer,propagate,32500,16,mild,"{""dim"": 1, ""distance"": 8, ""length"": 12, ""n_sources"": 1}",3,True,False,0,0.0,0.0,0.0,0.0,"[0.0, 0.0, 0.0]",0.0,0.0,0.0,0.6223888919452826,9965316
2d1c70257fcb,looped_transformer,propagate,35000,16,mild,"{""dim"": 1, ""distance"": 6, ""length"": 12, ""n_sources"": 1}",3,True,False,0,0.13666666666666666,0.05854532906693373,0.054,0.182,"[0.054, 0.182, 0.174]",0.054,0.18200000000000002,0.13666666666666666,0.833000004331271,9965316
2d1c70257fcb,looped_transformer,propagate,35000,16,mild,"{""dim"": 1, ""distance"": 8, ""length"": 12, ""n_sources"": 1}",3,True,False,0,0.0,0.0,0.0,0.0,"[0.0, 0.0, 0.0]",0.0,0.0,0.0,0.6207222251097361,9965316
2d1c70257fcb,looped_transformer,propagate,37500,16,mild,"{""dim"": 1, ""distance"": 6, ""length"": 12, ""n_sources"": 1}",3,True,False,0,0.10466666666666667,0.06607739569794063,0.054,0.198,"[0.062, 0.054, 0.198]",0.054,0.19800000000000004,0.10466666666666667,0.8493333395719529,9965316
2d1c70257fcb,looped_transformer,propagate,37500,16,mild,"{""dim"": 1, ""distance"": 8, ""length"": 12, ""n_sources"": 1}",3,True,False,0,0.0,0.0,0.0,0.0,"[0.0, 0.0, 0.0]",0.0,0.0,0.0,0.64250000239412,9965316
2d1c70257fcb,looped_transformer,propagate,40000,16,mild,"{""dim"": 1, ""distance"": 6, ""length"": 12, ""n_sources"": 1}",3,True,False,0,0.10999999999999999,0.06837153403768755,0.052,0.206,"[0.072, 0.052, 0.206]",0.052,0.206,0.10999999999999999,0.850111117263635,9965316
2d1c70257fcb,looped_transformer,propagate,40000,16,mild,"{""dim"": 1, ""distance"": 8, ""length"": 12, ""n_sources"": 1}",3,True,False,0,0.0,0.0,0.0,0.0,"[0.0, 0.0, 0.0]",0.0,0.0,0.0,0.6426111134092013,9965316
2d1c70257fcb,looped_transformer,propagate,40000,32,mild,"{""dim"": 1, ""distance"": 6, ""length"": 12, ""n_sources"": 1}",3,True,False,0,0.038,0.01883259585576738,0.02,0.064,"[0.02, 0.064, 0.03]",0.02,0.064,0.038,0.7680555574695269,9965316
2d1c70257fcb,looped_transformer,propagate,40000,32,mild,"{""dim"": 1, ""distance"": 8, ""length"": 12, ""n_sources"": 1}",3,True,False,0,0.0,0.0,0.0,0.0,"[0.0, 0.0, 0.0]",0.0,0.0,0.0,0.5637777797778447,9965316
2d1c70257fcb,looped_transformer,propagate,2500,1,strong,"{""dim"": 1, ""distance"": 12, ""length"": 48, ""n_sources"": 1}",3,True,False,0,0.0,0.0,0.0,0.0,"[0.0, 0.0, 0.0]",0.0,0.0,0.0,0.7129305560390155,9965316
2d1c70257fcb,looped_transformer,propagate,2500,1,strong,"{""dim"": 1, ""distance"": 24, ""length"": 48, ""n_sources"": 1}",3,True,False,0,0.0,0.0,0.0,0.0,"[0.0, 0.0, 0.0]",0.0,0.0,0.0,0.7212361118793487,9965316
2d1c70257fcb,looped_transformer,propagate,5000,1,strong,"{""dim"": 1, ""distance"": 12, ""length"": 48, ""n_sources"": 1}",3,True,False,0,0.0,0.0,0.0,0.0,"[0.0, 0.0, 0.0]",0.0,0.0,0.0,0.6340416664481162,9965316
2d1c70257fcb,looped_transformer,propagate,5000,1,strong,"{""dim"": 1, ""distance"": 24, ""length"": 48, ""n_sources"": 1}",3,True,False,0,0.0,0.0,0.0,0.0,"[0.0, 0.0, 0.0]",0.0,0.0,0.0,0.6522083331346512,9965316
2d1c70257fcb,looped_transformer,propagate,7500,1,strong,"{""dim"": 1, ""distance"": 12, ""length"": 48, ""n_sources"": 1}",3,True,False,0,0.0,0.0,0.0,0.0,"[0.0, 0.0, 0.0]",0.0,0.0,0.0,0.6487083337903022,9965316
2d1c70257fcb,looped_transformer,propagate,7500,1,strong,"{""dim"": 1, ""distance"": 24, ""length"": 48, ""n_sources"": 1}",3,True,False,0,0.0,0.0,0.0,0.0,"[0.0, 0.0, 0.0]",0.0,0.0,0.0,0.6681805553436279,9965316
2d1c70257fcb,looped_transformer,propagate,10000,1,strong,"{""dim"": 1, ""distance"": 12, ""length"": 48, ""n_sources"": 1}",3,True,False,0,0.0,0.0,0.0,0.0,"[0.0, 0.0, 0.0]",0.0,0.0,0.0,0.6542361100713412,9965316
2d1c70257fcb,looped_transformer,propagate,10000,1,strong,"{""dim"": 1, ""distance"": 24, ""length"": 48, ""n_sources"": 1}",3,True,False,0,0.0,0.0,0.0,0.0,"[0.0, 0.0, 0.0]",0.0,0.0,0.0,0.6722361106475194,9965316
2d1c70257fcb,looped_transformer,propagate,12500,1,strong,"{""dim"": 1, ""distance"": 12, ""length"": 48, ""n_sources"": 1}",3,True,False,0,0.0,0.0,0.0,0.0,"[0.0, 0.0, 0.0]",0.0,0.0,0.0,0.6552083331942558,9965316
2d1c70257fcb,looped_transformer,propagate,12500,1,strong,"{""dim"": 1, ""distance"": 24, ""length"": 48, ""n_sources"": 1}",3,True,False,0,0.0,0.0,0.0,0.0,"[0.0, 0.0, 0.0]",0.0,0.0,0.0,0.6720138881603877,9965316
2d1c70257fcb,looped_transformer,propagate,15000,1,strong,"{""dim"": 1, ""distance"": 12, ""length"": 48, ""n_sources"": 1}",3,True,False,0,0.0,0.0,0.0,0.0,"[0.0, 0.0, 0.0]",0.0,0.0,0.0,0.6331249996821086,9965316
2d1c70257fcb,looped_transformer,propagate,15000,1,strong,"{""dim"": 1, ""distance"": 24, ""length"": 48, ""n_sources"": 1}",3,True,False,0,0.0,0.0,0.0,0.0,"[0.0, 0.0, 0.0]",0.0,0.0,0.0,0.6533888894319534,9965316
2d1c70257fcb,looped_transformer,propagate,17500,1,strong,"{""dim"": 1, ""distance"": 12, ""length"": 48, ""n_sources"": 1}",3,True,False,0,0.0,0.0,0.0,0.0,"[0.0, 0.0, 0.0]",0.0,0.0,0.0,0.6495555544694266,9965316
2d1c70257fcb,looped_transformer,propagate,17500,1,strong,"{""dim"": 1, ""distance"": 24, ""length"": 48, ""n_sources"": 1}",3,True,False,0,0.0,0.0,0.0,0.0,"[0.0, 0.0, 0.0]",0.0,0.0,0.0,0.6762916662096977,9965316
2d1c70257fcb,looped_transformer,propagate,20000,1,strong,"{""dim"": 1, ""distance"": 12, ""length"": 48, ""n_sources"": 1}",3,True,False,0,0.0,0.0,0.0,0.0,"[0.0, 0.0, 0.0]",0.0,0.0,0.0,0.6210138872663179,9965316
2d1c70257fcb,looped_transformer,propagate,20000,1,strong,"{""dim"": 1, ""distance"": 24, ""length"": 48, ""n_sources"": 1}",3,True,False,0,0.0,0.0,0.0,0.0,"[0.0, 0.0, 0.0]",0.0,0.0,0.0,0.642208332657814,9965316
2d1c70257fcb,looped_transformer,propagate,22500,1,strong,"{""dim"": 1, ""distance"": 12, ""length"": 48, ""n_sources"": 1}",3,True,False,0,0.0,0.0,0.0,0.0,"[0.0, 0.0, 0.0]",0.0,0.0,0.0,0.6266944426496824,9965316
2d1c70257fcb,looped_transformer,propagate,22500,1,strong,"{""dim"": 1, ""distance"": 24, ""length"": 48, ""n_sources"": 1}",3,True,False,0,0.0,0.0,0.0,0.0,"[0.0, 0.0, 0.0]",0.0,0.0,0.0,0.651611110230287,9965316
2d1c70257fcb,looped_transformer,propagate,25000,1,strong,"{""dim"": 1, ""distance"": 12, ""length"": 48, ""n_sources"": 1}",3,True,False,0,0.0,0.0,0.0,0.0,"[0.0, 0.0, 0.0]",0.0,0.0,0.0,0.6282361099720001,9965316
2d1c70257fcb,looped_transformer,propagate,25000,1,strong,"{""dim"": 1, ""distance"": 24, ""length"": 48, ""n_sources"": 1}",3,True,False,0,0.0,0.0,0.0,0.0,"[0.0, 0.0, 0.0]",0.0,0.0,0.0,0.645972222050031,9965316
2d1c70257fcb,looped_transformer,propagate,27500,1,strong,"{""dim"": 1, ""distance"": 12, ""length"": 48, ""n_sources"": 1}",3,True,False,0,0.0,0.0,0.0,0.0,"[0.0, 0.0, 0.0]",0.0,0.0,0.0,0.6380555551250776,9965316
2d1c70257fcb,looped_transformer,propagate,27500,1,strong,"{""dim"": 1, ""distance"": 24, ""length"": 48, ""n_sources"": 1}",3,True,False,0,0.0,0.0,0.0,0.0,"[0.0, 0.0, 0.0]",0.0,0.0,0.0,0.650152777671814,9965316
2d1c70257fcb,looped_transformer,propagate,30000,1,strong,"{""dim"": 1, ""distance"": 12, ""length"": 48, ""n_sources"": 1}",3,True,False,0,0.0,0.0,0.0,0.0,"[0.0, 0.0, 0.0]",0.0,0.0,0.0,0.6517499999602635,9965316
2d1c70257fcb,looped_transformer,propagate,30000,1,strong,"{""dim"": 1, ""distance"": 24, ""length"": 48, ""n_sources"": 1}",3,True,False,0,0.0,0.0,0.0,0.0,"[0.0, 0.0, 0.0]",0.0,0.0,0.0,0.6629027777512868,9965316
2d1c70257fcb,looped_transformer,propagate,32500,1,strong,"{""dim"": 1, ""distance"": 12, ""length"": 48, ""n_sources"": 1}",3,True,False,0,0.0,0.0,0.0,0.0,"[0.0, 0.0, 0.0]",0.0,0.0,0.0,0.6412638882597288,9965316
2d1c70257fcb,looped_transformer,propagate,32500,1,strong,"{""dim"": 1, ""distance"": 24, ""length"": 48, ""n_sources"": 1}",3,True,False,0,0.0,0.0,0.0,0.0,"[0.0, 0.0, 0.0]",0.0,0.0,0.0,0.6526249991257985,9965316
2d1c70257fcb,looped_transformer,propagate,35000,1,strong,"{""dim"": 1, ""distance"": 12, ""length"": 48, ""n_sources"": 1}",3,True,False,0,0.0,0.0,0.0,0.0,"[0.0, 0.0, 0.0]",0.0,0.0,0.0,0.6423055553038916,9965316
2d1c70257fcb,looped_transformer,propagate,35000,1,strong,"{""dim"": 1, ""distance"": 24, ""length"": 48, ""n_sources"": 1}",3,True,False,0,0.0,0.0,0.0,0.0,"[0.0, 0.0, 0.0]",0.0,0.0,0.0,0.6528611097534498,9965316
2d1c70257fcb,looped_transformer,propagate,37500,1,strong,"{""dim"": 1, ""distance"": 12, ""length"": 48, ""n_sources"": 1}",3,True,False,0,0.0,0.0,0.0,0.0,"[0.0, 0.0, 0.0]",0.0,0.0,0.0,0.6361249992450079,9965316
2d1c70257fcb,looped_transformer,propagate,37500,1,strong,"{""dim"": 1, ""distance"": 24, ""length"": 48, ""n_sources"": 1}",3,True,False,0,0.0,0.0,0.0,0.0,"[0.0, 0.0, 0.0]",0.0,0.0,0.0,0.6478194429079691,9965316
2d1c70257fcb,looped_transformer,propagate,40000,1,strong,"{""dim"": 1, ""distance"": 12, ""length"": 48, ""n_sources"": 1}",3,True,False,0,0.0,0.0,0.0,0.0,"[0.0, 0.0, 0.0]",0.0,0.0,0.0,0.6344999991854031,9965316
2d1c70257fcb,looped_transformer,propagate,40000,1,strong,"{""dim"": 1, ""distance"": 24, ""length"": 48, ""n_sources"": 1}",3,True,False,0,0.0,0.0,0.0,0.0,"[0.0, 0.0, 0.0]",0.0,0.0,0.0,0.6463888873457909,9965316
2d1c70257fcb,looped_transformer,propagate,40000,2,strong,"{""dim"": 1, ""distance"": 12, ""length"": 48, ""n_sources"": 1}",3,True,False,0,0.0,0.0,0.0,0.0,"[0.0, 0.0, 0.0]",0.0,0.0,0.0,0.6549722223480542,9965316
2d1c70257fcb,looped_transformer,propagate,40000,2,strong,"{""dim"": 1, ""distance"": 24, ""length"": 48, ""n_sources"": 1}",3,True,False,0,0.0,0.0,0.0,0.0,"[0.0, 0.0, 0.0]",0.0,0.0,0.0,0.6606944443980852,9965316
2d1c70257fcb,looped_transformer,propagate,2500,4,strong,"{""dim"": 1, ""distance"": 12, ""length"": 48, ""n_sources"": 1}",3,True,False,0,0.0,0.0,0.0,0.0,"[0.0, 0.0, 0.0]",0.0,0.0,0.0,0.7372499995231628,9965316
2d1c70257fcb,looped_transformer,propagate,2500,4,strong,"{""dim"": 1, ""distance"": 24, ""length"": 48, ""n_sources"": 1}",3,True,False,0,0.0,0.0,0.0,0.0,"[0.0, 0.0, 0.0]",0.0,0.0,0.0,0.6963194448649883,9965316
2d1c70257fcb,looped_transformer,propagate,5000,4,strong,"{""dim"": 1, ""distance"": 12, ""length"": 48, ""n_sources"": 1}",3,True,False,0,0.0,0.0,0.0,0.0,"[0.0, 0.0, 0.0]",0.0,0.0,0.0,0.7148888870875041,9965316
2d1c70257fcb,looped_transformer,propagate,5000,4,strong,"{""dim"": 1, ""distance"": 24, ""length"": 48, ""n_sources"": 1}",3,True,False,0,0.0,0.0,0.0,0.0,"[0.0, 0.0, 0.0]",0.0,0.0,0.0,0.6782361103494963,9965316
2d1c70257fcb,looped_transformer,propagate,7500,4,strong,"{""dim"": 1, ""distance"": 12, ""length"": 48, ""n_sources"": 1}",3,True,False,0,0.0,0.0,0.0,0.0,"[0.0, 0.0, 0.0]",0.0,0.0,0.0,0.7212777778307596,9965316
2d1c70257fcb,looped_transformer,propagate,7500,4,strong,"{""dim"": 1, ""distance"": 24, ""length"": 48, ""n_sources"": 1}",3,True,False,0,0.0,0.0,0.0,0.0,"[0.0, 0.0, 0.0]",0.0,0.0,0.0,0.6843611106276514,9965316
2d1c70257fcb,looped_transformer,propagate,10000,4,strong,"{""dim"": 1, ""distance"": 12, ""length"": 48, ""n_sources"": 1}",3,True,False,0,0.0,0.0,0.0,0.0,"[0.0, 0.0, 0.0]",0.0,0.0,0.0,0.7305833332538606,9965316
2d1c70257fcb,looped_transformer,propagate,10000,4,strong,"{""dim"": 1, ""distance"": 24, ""length"": 48, ""n_sources"": 1}",3,True,False,0,0.0,0.0,0.0,0.0,"[0.0, 0.0, 0.0]",0.0,0.0,0.0,0.7071944453318914,9965316
2d1c70257fcb,looped_transformer,propagate,12500,4,strong,"{""dim"": 1, ""distance"": 12, ""length"": 48, ""n_sources"": 1}",3,True,False,0,0.0,0.0,0.0,0.0,"[0.0, 0.0, 0.0]",0.0,0.0,0.0,0.7235694444874922,9965316
2d1c70257fcb,looped_transformer,propagate,12500,4,strong,"{""dim"": 1, ""distance"": 24, ""length"": 48, ""n_sources"": 1}",3,True,False,0,0.0,0.0,0.0,0.0,"[0.0, 0.0, 0.0]",0.0,0.0,0.0,0.7004444442192712,9965316
2d1c70257fcb,looped_transformer,propagate,15000,4,strong,"{""dim"": 1, ""distance"": 12, ""length"": 48, ""n_sources"": 1}",3,True,False,0,0.0,0.0,0.0,0.0,"[0.0, 0.0, 0.0]",0.0,0.0,0.0,0.7257499989469847,9965316
2d1c70257fcb,looped_transformer,propagate,15000,4,strong,"{""dim"": 1, ""distance"": 24, ""length"": 48, ""n_sources"": 1}",3,True,False,0,0.0,0.0,0.0,0.0,"[0.0, 0.0, 0.0]",0.0,0.0,0.0,0.6893055553833644,9965316
2d1c70257fcb,looped_transformer,propagate,17500,4,strong,"{""dim"": 1, ""distance"": 12, ""length"": 48, ""n_sources"": 1}",3,True,False,0,0.0,0.0,0.0,0.0,"[0.0, 0.0, 0.0]",0.0,0.0,0.0,0.7252916655540466,9965316
2d1c70257fcb,looped_transformer,propagate,17500,4,strong,"{""dim"": 1, ""distance"": 24, ""length"": 48, ""n_sources"": 1}",3,True,False,0,0.0,0.0,0.0,0.0,"[0.0, 0.0, 0.0]",0.0,0.0,0.0,0.7107916666269302,9965316
2d1c70257fcb,looped_transformer,propagate,20000,4,strong,"{""dim"": 1, ""distance"": 12, ""length"": 48, ""n_sources"": 1}",3,True,False,0,0.0,0.0,0.0,0.0,"[0.0, 0.0, 0.0]",0.0,0.0,0.0,0.7180138872464498,9965316
2d1c70257fcb,looped_transformer,propagate,20000,4,strong,"{""dim"": 1, ""distance"": 24, ""length"": 48, ""n_sources"": 1}",3,True,False,0,0.0,0.0,0.0,0.0,"[0.0, 0.0, 0.0]",0.0,0.0,0.0,0.6964722207387289,9965316
2d1c70257fcb,looped_transformer,propagate,22500,4,strong,"{""dim"": 1, ""distance"": 12, ""length"": 48, ""n_sources"": 1}",3,True,False,0,0.0,0.0,0.0,0.0,"[0.0, 0.0, 0.0]",0.0,0.0,0.0,0.7133472220102947,9965316
2d1c70257fcb,looped_transformer,propagate,22500,4,strong,"{""dim"": 1, ""distance"": 24, ""length"": 48, ""n_sources"": 1}",3,True,False,0,0.0,0.0,0.0,0.0,"[0.0, 0.0, 0.0]",0.0,0.0,0.0,0.683486110428969,9965316
2d1c70257fcb,looped_transformer,propagate,25000,4,strong,"{""dim"": 1, ""distance"": 12, ""length"": 48, ""n_sources"": 1}",3,True,False,0,0.0,0.0,0.0,0.0,"[0.0, 0.0, 0.0]",0.0,0.0,0.0,0.7218749994834264,9965316
2d1c70257fcb,looped_transformer,propagate,25000,4,strong,"{""dim"": 1, ""distance"": 24, ""length"": 48, ""n_sources"": 1}",3,True,False,0,0.0,0.0,0.0,0.0,"[0.0, 0.0, 0.0]",0.0,0.0,0.0,0.7000555554032326,9965316
2d1c70257fcb,looped_transformer,propagate,27500,4,strong,"{""dim"": 1, ""distance"": 12, ""length"": 48, ""n_sources"": 1}",3,True,False,0,0.0,0.0,0.0,0.0,"[0.0, 0.0, 0.0]",0.0,0.0,0.0,0.7224027776320776,9965316
2d1c70257fcb,looped_transformer,propagate,27500,4,strong,"{""dim"": 1, ""distance"": 24, ""length"": 48, ""n_sources"": 1}",3,True,False,0,0.0,0.0,0.0,0.0,"[0.0, 0.0, 0.0]",0.0,0.0,0.0,0.7014444442192712,9965316
2d1c70257fcb,looped_transformer,propagate,30000,4,strong,"{""dim"": 1, ""distance"": 12, ""length"": 48, ""n_sources"": 1}",3,True,False,0,0.0,0.0,0.0,0.0,"[0.0, 0.0, 0.0]",0.0,0.0,0.0,0.7257222216924032,9965316
2d1c70257fcb,looped_transformer,propagate,30000,4,strong,"{""dim"": 1, ""distance"": 24, ""length"": 48, ""n_sources"": 1}",3,True,False,0,0.0,0.0,0.0,0.0,"[0.0, 0.0, 0.0]",0.0,0.0,0.0,0.7024722218712172,9965316
2d1c70257fcb,looped_transformer,propagate,32500,4,strong,"{""dim"": 1, ""distance"": 12, ""length"": 48, ""n_sources"": 1}",3,True,False,0,0.0,0.0,0.0,0.0,"[0.0, 0.0, 0.0]",0.0,0.0,0.0,0.7180694443782171,9965316
2d1c70257fcb,looped_transformer,propagate,32500,4,strong,"{""dim"": 1, ""distance"": 24, ""length"": 48, ""n_sources"": 1}",3,True,False,0,0.0,0.0,0.0,0.0,"[0.0, 0.0, 0.0]",0.0,0.0,0.0,0.6940138887763023,9965316
2d1c70257fcb,looped_transformer,propagate,35000,4,strong,"{""dim"": 1, ""distance"": 12, ""length"": 48, ""n_sources"": 1}",3,True,False,0,0.0,0.0,0.0,0.0,"[0.0, 0.0, 0.0]",0.0,0.0,0.0,0.7183750003178915,9965316
2d1c70257fcb,looped_transformer,propagate,35000,4,strong,"{""dim"": 1, ""distance"": 24, ""length"": 48, ""n_sources"": 1}",3,True,False,0,0.0,0.0,0.0,0.0,"[0.0, 0.0, 0.0]",0.0,0.0,0.0,0.6941944443980853,9965316
2d1c70257fcb,looped_transformer,propagate,37500,4,strong,"{""dim"": 1, ""distance"": 12, ""length"": 48, ""n_sources"": 1}",3,True,False,0,0.0,0.0,0.0,0.0,"[0.0, 0.0, 0.0]",0.0,0.0,0.0,0.7181805558999379,9965316
2d1c70257fcb,looped_transformer,propagate,37500,4,strong,"{""dim"": 1, ""distance"": 24, ""length"": 48, ""n_sources"": 1}",3,True,False,0,0.0,0.0,0.0,0.0,"[0.0, 0.0, 0.0]",0.0,0.0,0.0,0.693819444557031,9965316
2d1c70257fcb,looped_transformer,propagate,40000,4,strong,"{""dim"": 1, ""distance"": 12, ""length"": 48, ""n_sources"": 1}",3,True,False,0,0.0,0.0,0.0,0.0,"[0.0, 0.0, 0.0]",0.0,0.0,0.0,0.7178472224871317,9965316
2d1c70257fcb,looped_transformer,propagate,40000,4,strong,"{""dim"": 1, ""distance"": 24, ""length"": 48, ""n_sources"": 1}",3,True,False,0,0.0,0.0,0.0,0.0,"[0.0, 0.0, 0.0]",0.0,0.0,0.0,0.6934166669249535,9965316
2d1c70257fcb,looped_transformer,propagate,40000,8,strong,"{""dim"": 1, ""distance"": 12, ""length"": 48, ""n_sources"": 1}",3,True,False,0,0.0,0.0,0.0,0.0,"[0.0, 0.0, 0.0]",0.0,0.0,0.0,0.7372638876835506,9965316
2d1c70257fcb,looped_transformer,propagate,40000,8,strong,"{""dim"": 1, ""distance"": 24, ""length"": 48, ""n_sources"": 1}",3,True,False,0,0.0,0.0,0.0,0.0,"[0.0, 0.0, 0.0]",0.0,0.0,0.0,0.687777777214845,9965316
2d1c70257fcb,looped_transformer,propagate,2500,16,strong,"{""dim"": 1, ""distance"": 12, ""length"": 48, ""n_sources"": 1}",3,True,False,0,0.0,0.0,0.0,0.0,"[0.0, 0.0, 0.0]",0.0,0.0,0.0,0.7261111050049465,9965316
2d1c70257fcb,looped_transformer,propagate,2500,16,strong,"{""dim"": 1, ""distance"": 24, ""length"": 48, ""n_sources"": 1}",3,True,False,0,0.0,0.0,0.0,0.0,"[0.0, 0.0, 0.0]",0.0,0.0,0.0,0.6117083329459031,9965316
2d1c70257fcb,looped_transformer,propagate,5000,16,strong,"{""dim"": 1, ""distance"": 12, ""length"": 48, ""n_sources"": 1}",3,True,False,0,0.0,0.0,0.0,0.0,"[0.0, 0.0, 0.0]",0.0,0.0,0.0,0.72211110552152,9965316
2d1c70257fcb,looped_transformer,propagate,5000,16,strong,"{""dim"": 1, ""distance"": 24, ""length"": 48, ""n_sources"": 1}",3,True,False,0,0.0,0.0,0.0,0.0,"[0.0, 0.0, 0.0]",0.0,0.0,0.0,0.61024999944369,9965316
2d1c70257fcb,looped_transformer,propagate,7500,16,strong,"{""dim"": 1, ""distance"": 12, ""length"": 48, ""n_sources"": 1}",3,True,False,0,0.0,0.0,0.0,0.0,"[0.0, 0.0, 0.0]",0.0,0.0,0.0,0.7283888854185742,9965316
2d1c70257fcb,looped_transformer,propagate,7500,16,strong,"{""dim"": 1, ""distance"": 24, ""length"": 48, ""n_sources"": 1}",3,True,False,0,0.0,0.0,0.0,0.0,"[0.0, 0.0, 0.0]",0.0,0.0,0.0,0.6511944443186124,9965316
2d1c70257fcb,looped_transformer,propagate,10000,16,strong,"{""dim"": 1, ""distance"": 12, ""length"": 48, ""n_sources"": 1}",3,True,False,0,0.0,0.0,0.0,0.0,"[0.0, 0.0, 0.0]",0.0,0.0,0.0,0.745291663368543,9965316
2d1c70257fcb,looped_transformer,propagate,10000,16,strong,"{""dim"": 1, ""distance"": 24, ""length"": 48, ""n_sources"": 1}",3,True,False,0,0.0,0.0,0.0,0.0,"[0.0, 0.0, 0.0]",0.0,0.0,0.0,0.6879861110051473,9965316
2d1c70257fcb,looped_transformer,propagate,12500,16,strong,"{""dim"": 1, ""distance"": 12, ""length"": 48, ""n_sources"": 1}",3,True,False,0,0.0,0.0,0.0,0.0,"[0.0, 0.0, 0.0]",0.0,0.0,0.0,0.7409166643867889,9965316
2d1c70257fcb,looped_transformer,propagate,12500,16,strong,"{""dim"": 1, ""distance"": 24, ""length"": 48, ""n_sources"": 1}",3,True,False,0,0.0,0.0,0.0,0.0,"[0.0, 0.0, 0.0]",0.0,0.0,0.0,0.6771111112833023,9965316
2d1c70257fcb,looped_transformer,propagate,15000,16,strong,"{""dim"": 1, ""distance"": 12, ""length"": 48, ""n_sources"": 1}",3,True,False,0,0.0,0.0,0.0,0.0,"[0.0, 0.0, 0.0]",0.0,0.0,0.0,0.7517638860146204,9965316
2d1c70257fcb,looped_transformer,propagate,15000,16,strong,"{""dim"": 1, ""distance"": 24, ""length"": 48, ""n_sources"": 1}",3,True,False,0,0.0,0.0,0.0,0.0,"[0.0, 0.0, 0.0]",0.0,0.0,0.0,0.6989305550257364,9965316
2d1c70257fcb,looped_transformer,propagate,17500,16,strong,"{""dim"": 1, ""distance"": 12, ""length"": 48, ""n_sources"": 1}",3,True,False,0,0.0,0.0,0.0,0.0,"[0.0, 0.0, 0.0]",0.0,0.0,0.0,0.7459999985694886,9965316
2d1c70257fcb,looped_transformer,propagate,17500,16,strong,"{""dim"": 1, ""distance"": 24, ""length"": 48, ""n_sources"": 1}",3,True,False,0,0.0,0.0,0.0,0.0,"[0.0, 0.0, 0.0]",0.0,0.0,0.0,0.7086527772148449,9965316
2d1c70257fcb,looped_transformer,propagate,20000,16,strong,"{""dim"": 1, ""distance"": 12, ""length"": 48, ""n_sources"": 1}",3,True,False,0,0.0,0.0,0.0,0.0,"[0.0, 0.0, 0.0]",0.0,0.0,0.0,0.7413472203016281,9965316
2d1c70257fcb,looped_transformer,propagate,20000,16,strong,"{""dim"": 1, ""distance"": 24, ""length"": 48, ""n_sources"": 1}",3,True,False,0,0.0,0.0,0.0,0.0,"[0.0, 0.0, 0.0]",0.0,0.0,0.0,0.6749722223679225,9965316
2d1c70257fcb,looped_transformer,propagate,22500,16,strong,"{""dim"": 1, ""distance"": 12, ""length"": 48, ""n_sources"": 1}",3,True,False,0,0.0,0.0,0.0,0.0,"[0.0, 0.0, 0.0]",0.0,0.0,0.0,0.7470694425503414,9965316
2d1c70257fcb,looped_transformer,propagate,22500,16,strong,"{""dim"": 1, ""distance"": 24, ""length"": 48, ""n_sources"": 1}",3,True,False,0,0.0,0.0,0.0,0.0,"[0.0, 0.0, 0.0]",0.0,0.0,0.0,0.6912500003874302,9965316
2d1c70257fcb,looped_transformer,propagate,25000,16,strong,"{""dim"": 1, ""distance"": 12, ""length"": 48, ""n_sources"": 1}",3,True,False,0,0.0,0.0,0.0,0.0,"[0.0, 0.0, 0.0]",0.0,0.0,0.0,0.7472777758439383,9965316
2d1c70257fcb,looped_transformer,propagate,25000,16,strong,"{""dim"": 1, ""distance"": 24, ""length"": 48, ""n_sources"": 1}",3,True,False,0,0.0,0.0,0.0,0.0,"[0.0, 0.0, 0.0]",0.0,0.0,0.0,0.6927222219705582,9965316
2d1c70257fcb,looped_transformer,propagate,27500,16,strong,"{""dim"": 1, ""distance"": 12, ""length"": 48, ""n_sources"": 1}",3,True,False,0,0.0,0.0,0.0,0.0,"[0.0, 0.0, 0.0]",0.0,0.0,0.0,0.7470555539131164,9965316
2d1c70257fcb,looped_transformer,propagate,27500,16,strong,"{""dim"": 1, ""distance"": 24, ""length"": 48, ""n_sources"": 1}",3,True,False,0,0.0,0.0,0.0,0.0,"[0.0, 0.0, 0.0]",0.0,0.0,0.0,0.688916666428248,9965316
2d1c70257fcb,looped_transformer,propagate,30000,16,strong,"{""dim"": 1, ""distance"": 12, ""length"": 48, ""n_sources"": 1}",3,True,False,0,0.0,0.0,0.0,0.0,"[0.0, 0.0, 0.0]",0.0,0.0,0.0,0.7462083315054575,9965316
2d1c70257fcb,looped_transformer,propagate,30000,16,strong,"{""dim"": 1, ""distance"": 24, ""length"": 48, ""n_sources"": 1}",3,True,False,0,0.0,0.0,0.0,0.0,"[0.0, 0.0, 0.0]",0.0,0.0,0.0,0.6763055551052094,9965316
2d1c70257fcb,looped_transformer,propagate,32500,16,strong,"{""dim"": 1, ""distance"": 12, ""length"": 48, ""n_sources"": 1}",3,True,False,0,0.0,0.0,0.0,0.0,"[0.0, 0.0, 0.0]",0.0,0.0,0.0,0.7466527766386668,9965316
2d1c70257fcb,looped_transformer,propagate,32500,16,strong,"{""dim"": 1, ""distance"": 24, ""length"": 48, ""n_sources"": 1}",3,True,False,0,0.0,0.0,0.0,0.0,"[0.0, 0.0, 0.0]",0.0,0.0,0.0,0.6775277779102326,9965316
2d1c70257fcb,looped_transformer,propagate,35000,16,strong,"{""dim"": 1, ""distance"": 12, ""length"": 48, ""n_sources"": 1}",3,True,False,0,0.0,0.0,0.0,0.0,"[0.0, 0.0, 0.0]",0.0,0.0,0.0,0.7454861088991165,9965316
2d1c70257fcb,looped_transformer,propagate,35000,16,strong,"{""dim"": 1, ""distance"": 24, ""length"": 48, ""n_sources"": 1}",3,True,False,0,0.0,0.0,0.0,0.0,"[0.0, 0.0, 0.0]",0.0,0.0,0.0,0.6724861106475194,9965316
2d1c70257fcb,looped_transformer,propagate,37500,16,strong,"{""dim"": 1, ""distance"": 12, ""length"": 48, ""n_sources"": 1}",3,True,False,0,0.0,0.0,0.0,0.0,"[0.0, 0.0, 0.0]",0.0,0.0,0.0,0.7434166647990544,9965316
2d1c70257fcb,looped_transformer,propagate,37500,16,strong,"{""dim"": 1, ""distance"": 24, ""length"": 48, ""n_sources"": 1}",3,True,False,0,0.0,0.0,0.0,0.0,"[0.0, 0.0, 0.0]",0.0,0.0,0.0,0.6648611104091008,9965316
2d1c70257fcb,looped_transformer,propagate,40000,16,strong,"{""dim"": 1, ""distance"": 12, ""length"": 48, ""n_sources"": 1}",3,True,False,0,0.0,0.0,0.0,0.0,"[0.0, 0.0, 0.0]",0.0,0.0,0.0,0.7430138868093491,9965316
2d1c70257fcb,looped_transformer,propagate,40000,16,strong,"{""dim"": 1, ""distance"": 24, ""length"": 48, ""n_sources"": 1}",3,True,False,0,0.0,0.0,0.0,0.0,"[0.0, 0.0, 0.0]",0.0,0.0,0.0,0.6635694435238838,9965316
2d1c70257fcb,looped_transformer,propagate,40000,32,strong,"{""dim"": 1, ""distance"": 12, ""length"": 48, ""n_sources"": 1}",3,True,False,0,0.0,0.0,0.0,0.0,"[0.0, 0.0, 0.0]",0.0,0.0,0.0,0.7458888861735661,9965316
2d1c70257fcb,looped_transformer,propagate,40000,32,strong,"{""dim"": 1, ""distance"": 24, ""length"": 48, ""n_sources"": 1}",3,True,False,0,0.0,0.0,0.0,0.0,"[0.0, 0.0, 0.0]",0.0,0.0,0.0,0.6513750006357829,9965316
