model,arm,config_hash,recurrence_kind,task,split,difficulty,reasoning_steps,step,n_seeds,cos_last,cos_last_vs_seed,cos_min_after_first,token_acc,exact_match
bdh,bdh/plain,5474de1f354e,plain,propagate,interp,"{""dim"": 1, ""distance"": 1, ""length"": 12, ""n_sources"": 1}",1,2500,3,0.4246209152042866,0.0,0.4246209152042866,0.8072188819002011,0.0
bdh,bdh/plain,5474de1f354e,plain,propagate,interp,"{""dim"": 1, ""distance"": 1, ""length"": 12, ""n_sources"": 1}",1,5000,3,0.26207607487837475,0.0,0.26207607487837475,0.798735852682305,0.0019960079840319364
bdh,bdh/plain,5474de1f354e,plain,propagate,interp,"{""dim"": 1, ""distance"": 1, ""length"": 12, ""n_sources"": 1}",1,7500,3,0.18669195783634981,0.0,0.18669195783634981,0.9088489713069207,0.32834331337325345
bdh,bdh/plain,5474de1f354e,plain,propagate,interp,"{""dim"": 1, ""distance"": 1, ""length"": 12, ""n_sources"": 1}",1,10000,3,0.189882455393672,0.0,0.189882455393672,0.9980871594713596,0.9770459081836327
bdh,bdh/plain,5474de1f354e,plain,propagate,interp,"{""dim"": 1, ""distance"": 1, ""length"": 12, ""n_sources"": 1}",1,12500,3,0.19008839254577956,0.0,0.19008839254577956,0.9993346641639511,0.9920159680638722
bdh,bdh/plain,5474de1f354e,plain,propagate,interp,"{""dim"": 1, ""distance"": 1, ""length"": 12, ""n_sources"": 1}",1,15000,3,0.19897134539981684,0.0,0.19897134539981684,0.9993346641044655,0.9930139720558883
bdh,bdh/plain,5474de1f354e,plain,propagate,interp,"{""dim"": 1, ""distance"": 1, ""length"": 12, ""n_sources"": 1}",1,17500,3,0.20165031713744005,0.0,0.20165031713744005,0.9997504990614816,0.9970059880239521
bdh,bdh/plain,5474de1f354e,plain,propagate,interp,"{""dim"": 1, ""distance"": 1, ""length"": 12, ""n_sources"": 1}",1,20000,3,0.21000539138913155,0.0,0.21000539138913155,0.9996673320819757,0.9960079840319361
bdh,bdh/plain,5474de1f354e,plain,propagate,interp,"{""dim"": 1, ""distance"": 1, ""length"": 12, ""n_sources"": 1}",1,22500,3,0.20789912280937037,0.0,0.20789912280937037,0.9996673320819757,0.9960079840319361
bdh,bdh/plain,5474de1f354e,plain,propagate,interp,"{""dim"": 1, ""distance"": 1, ""length"": 12, ""n_sources"": 1}",1,25000,3,0.21141189398864904,0.0,0.21141189398864904,0.9999168330204938,0.999001996007984
bdh,bdh/plain,5474de1f354e,plain,propagate,interp,"{""dim"": 1, ""distance"": 1, ""length"": 12, ""n_sources"": 1}",1,27500,3,0.2114426096280416,0.0,0.2114426096280416,1.0,1.0
bdh,bdh/plain,5474de1f354e,plain,propagate,interp,"{""dim"": 1, ""distance"": 1, ""length"": 12, ""n_sources"": 1}",1,30000,3,0.21316750595966974,0.0,0.21316750595966974,1.0,1.0
bdh,bdh/plain,5474de1f354e,plain,propagate,interp,"{""dim"": 1, ""distance"": 1, ""length"": 12, ""n_sources"": 1}",1,32500,3,0.21332013296584287,0.0,0.21332013296584287,1.0,1.0
bdh,bdh/plain,5474de1f354e,plain,propagate,interp,"{""dim"": 1, ""distance"": 1, ""length"": 12, ""n_sources"": 1}",1,35000,3,0.21439738074938455,0.0,0.21439738074938455,1.0,1.0
bdh,bdh/plain,5474de1f354e,plain,propagate,interp,"{""dim"": 1, ""distance"": 1, ""length"": 12, ""n_sources"": 1}",1,37500,3,0.21411863466103873,0.0,0.21411863466103873,1.0,1.0
bdh,bdh/plain,5474de1f354e,plain,propagate,interp,"{""dim"": 1, ""distance"": 1, ""length"": 12, ""n_sources"": 1}",1,40000,3,0.21434473184247813,0.0,0.21434473184247813,1.0,1.0
bdh,bdh/plain,5474de1f354e,plain,propagate,interp,"{""dim"": 1, ""distance"": 1, ""length"": 12, ""n_sources"": 1}",2,40000,3,0.21434473184247813,0.0,0.21434473184247813,1.0,1.0
bdh,bdh/plain,5474de1f354e,plain,propagate,interp,"{""dim"": 1, ""distance"": 1, ""length"": 12, ""n_sources"": 1}",4,2500,3,0.4246209152042866,0.0,0.4246209152042866,0.8072188819002011,0.0
bdh,bdh/plain,5474de1f354e,plain,propagate,interp,"{""dim"": 1, ""distance"": 1, ""length"": 12, ""n_sources"": 1}",4,5000,3,0.26207607487837475,0.0,0.26207607487837475,0.798735852682305,0.0019960079840319364
bdh,bdh/plain,5474de1f354e,plain,propagate,interp,"{""dim"": 1, ""distance"": 1, ""length"": 12, ""n_sources"": 1}",4,7500,3,0.18669195783634981,0.0,0.18669195783634981,0.9088489713069207,0.32834331337325345
bdh,bdh/plain,5474de1f354e,plain,propagate,interp,"{""dim"": 1, ""distance"": 1, ""length"": 12, ""n_sources"": 1}",4,10000,3,0.189882455393672,0.0,0.189882455393672,0.9980871594713596,0.9770459081836327
bdh,bdh/plain,5474de1f354e,plain,propagate,interp,"{""dim"": 1, ""distance"": 1, ""length"": 12, ""n_sources"": 1}",4,12500,3,0.19008839254577956,0.0,0.19008839254577956,0.9993346641639511,0.9920159680638722
bdh,bdh/plain,5474de1f354e,plain,propagate,interp,"{""dim"": 1, ""distance"": 1, ""length"": 12, ""n_sources"": 1}",4,15000,3,0.19897134539981684,0.0,0.19897134539981684,0.9993346641044655,0.9930139720558883
bdh,bdh/plain,5474de1f354e,plain,propagate,interp,"{""dim"": 1, ""distance"": 1, ""length"": 12, ""n_sources"": 1}",4,17500,3,0.20165031713744005,0.0,0.20165031713744005,0.9997504990614816,0.9970059880239521
bdh,bdh/plain,5474de1f354e,plain,propagate,interp,"{""dim"": 1, ""distance"": 1, ""length"": 12, ""n_sources"": 1}",4,20000,3,0.21000539138913155,0.0,0.21000539138913155,0.9996673320819757,0.9960079840319361
bdh,bdh/plain,5474de1f354e,plain,propagate,interp,"{""dim"": 1, ""distance"": 1, ""length"": 12, ""n_sources"": 1}",4,22500,3,0.20789912280937037,0.0,0.20789912280937037,0.9996673320819757,0.9960079840319361
bdh,bdh/plain,5474de1f354e,plain,propagate,interp,"{""dim"": 1, ""distance"": 1, ""length"": 12, ""n_sources"": 1}",4,25000,3,0.21141189398864904,0.0,0.21141189398864904,0.9999168330204938,0.999001996007984
bdh,bdh/plain,5474de1f354e,plain,propagate,interp,"{""dim"": 1, ""distance"": 1, ""length"": 12, ""n_sources"": 1}",4,27500,3,0.2114426096280416,0.0,0.2114426096280416,1.0,1.0
bdh,bdh/plain,5474de1f354e,plain,propagate,interp,"{""dim"": 1, ""distance"": 1, ""length"": 12, ""n_sources"": 1}",4,30000,3,0.21316750595966974,0.0,0.21316750595966974,1.0,1.0
bdh,bdh/plain,5474de1f354e,plain,propagate,interp,"{""dim"": 1, ""distance"": 1, ""length"": 12, ""n_sources"": 1}",4,32500,3,0.21332013296584287,0.0,0.21332013296584287,1.0,1.0
bdh,bdh/plain,5474de1f354e,plain,propagate,interp,"{""dim"": 1, ""distance"": 1, ""length"": 12, ""n_sources"": 1}",4,35000,3,0.21439738074938455,0.0,0.21439738074938455,1.0,1.0
bdh,bdh/plain,5474de1f354e,plain,propagate,interp,"{""dim"": 1, ""distance"": 1, ""length"": 12, ""n_sources"": 1}",4,37500,3,0.21411863466103873,0.0,0.21411863466103873,1.0,1.0
bdh,bdh/plain,5474de1f354e,plain,propagate,interp,"{""dim"": 1, ""distance"": 1, ""length"": 12, ""n_sources"": 1}",4,40000,3,0.21434473184247813,0.0,0.21434473184247813,1.0,1.0
bdh,bdh/plain,5474de1f354e,plain,propagate,interp,"{""dim"": 1, ""distance"": 1, ""length"": 12, ""n_sources"": 1}",8,40000,3,0.20596118178218603,0.0,0.20596118178218603,1.0,1.0
bdh,bdh/plain,5474de1f354e,plain,propagate,interp,"{""dim"": 1, ""distance"": 1, ""length"": 12, ""n_sources"": 1}",16,2500,3,0.4246209152042866,0.0,0.4246209152042866,0.8072188819002011,0.0
bdh,bdh/plain,5474de1f354e,plain,propagate,interp,"{""dim"": 1, ""distance"": 1, ""length"": 12, ""n_sources"": 1}",16,5000,3,0.26207607487837475,0.0,0.26207607487837475,0.798735852682305,0.0019960079840319364
bdh,bdh/plain,5474de1f354e,plain,propagate,interp,"{""dim"": 1, ""distance"": 1, ""length"": 12, ""n_sources"": 1}",16,7500,3,0.18669195783634981,0.0,0.18669195783634981,0.9088489713069207,0.32834331337325345
bdh,bdh/plain,5474de1f354e,plain,propagate,interp,"{""dim"": 1, ""distance"": 1, ""length"": 12, ""n_sources"": 1}",16,10000,3,0.189882455393672,0.0,0.189882455393672,0.9980871594713596,0.9770459081836327
bdh,bdh/plain,5474de1f354e,plain,propagate,interp,"{""dim"": 1, ""distance"": 1, ""length"": 12, ""n_sources"": 1}",16,12500,3,0.19008839254577956,0.0,0.19008839254577956,0.9993346641639511,0.9920159680638722
bdh,bdh/plain,5474de1f354e,plain,propagate,interp,"{""dim"": 1, ""distance"": 1, ""length"": 12, ""n_sources"": 1}",16,15000,3,0.19897134539981684,0.0,0.19897134539981684,0.9993346641044655,0.9930139720558883
bdh,bdh/plain,5474de1f354e,plain,propagate,interp,"{""dim"": 1, ""distance"": 1, ""length"": 12, ""n_sources"": 1}",16,17500,3,0.20165031713744005,0.0,0.20165031713744005,0.9997504990614816,0.9970059880239521
bdh,bdh/plain,5474de1f354e,plain,propagate,interp,"{""dim"": 1, ""distance"": 1, ""length"": 12, ""n_sources"": 1}",16,20000,3,0.21000539138913155,0.0,0.21000539138913155,0.9996673320819757,0.9960079840319361
bdh,bdh/plain,5474de1f354e,plain,propagate,interp,"{""dim"": 1, ""distance"": 1, ""length"": 12, ""n_sources"": 1}",16,22500,3,0.20789912280937037,0.0,0.20789912280937037,0.9996673320819757,0.9960079840319361
bdh,bdh/plain,5474de1f354e,plain,propagate,interp,"{""dim"": 1, ""distance"": 1, ""length"": 12, ""n_sources"": 1}",16,25000,3,0.21141189398864904,0.0,0.21141189398864904,0.9999168330204938,0.999001996007984
bdh,bdh/plain,5474de1f354e,plain,propagate,interp,"{""dim"": 1, ""distance"": 1, ""length"": 12, ""n_sources"": 1}",16,27500,3,0.2114426096280416,0.0,0.2114426096280416,1.0,1.0
bdh,bdh/plain,5474de1f354e,plain,propagate,interp,"{""dim"": 1, ""distance"": 1, ""length"": 12, ""n_sources"": 1}",16,30000,3,0.21316750595966974,0.0,0.21316750595966974,1.0,1.0
bdh,bdh/plain,5474de1f354e,plain,propagate,interp,"{""dim"": 1, ""distance"": 1, ""length"": 12, ""n_sources"": 1}",16,32500,3,0.21332013296584287,0.0,0.21332013296584287,1.0,1.0
bdh,bdh/plain,5474de1f354e,plain,propagate,interp,"{""dim"": 1, ""distance"": 1, ""length"": 12, ""n_sources"": 1}",16,35000,3,0.21439738074938455,0.0,0.21439738074938455,1.0,1.0
bdh,bdh/plain,5474de1f354e,plain,propagate,interp,"{""dim"": 1, ""distance"": 1, ""length"": 12, ""n_sources"": 1}",16,37500,3,0.21411863466103873,0.0,0.21411863466103873,1.0,1.0
bdh,bdh/plain,5474de1f354e,plain,propagate,interp,"{""dim"": 1, ""distance"": 1, ""length"": 12, ""n_sources"": 1}",16,40000,3,0.21434473184247813,0.0,0.21434473184247813,1.0,1.0
bdh,bdh/plain,5474de1f354e,plain,propagate,interp,"{""dim"": 1, ""distance"": 1, ""length"": 12, ""n_sources"": 1}",32,40000,3,0.20596118178218603,0.0,0.20596118178218603,1.0,1.0
bdh,bdh/plain,5474de1f354e,plain,propagate,interp,"{""dim"": 1, ""distance"": 2, ""length"": 12, ""n_sources"": 1}",1,2500,3,0.43281644210219383,0.0,0.43281644210219383,0.8008007886292817,0.0
bdh,bdh/plain,5474de1f354e,plain,propagate,interp,"{""dim"": 1, ""distance"": 2, ""length"": 12, ""n_sources"": 1}",1,5000,3,0.2565431594848633,0.0,0.2565431594848633,0.8038872123152405,0.011011011011011013
bdh,bdh/plain,5474de1f354e,plain,propagate,interp,"{""dim"": 1, ""distance"": 2, ""length"": 12, ""n_sources"": 1}",1,7500,3,0.19109815141807,0.0,0.19109815141807,0.9083249964513579,0.2942942942942943
bdh,bdh/plain,5474de1f354e,plain,propagate,interp,"{""dim"": 1, ""distance"": 2, ""length"": 12, ""n_sources"": 1}",1,10000,3,0.1881802398711443,0.0,0.1881802398711443,0.9968301641332494,0.963963963963964
bdh,bdh/plain,5474de1f354e,plain,propagate,interp,"{""dim"": 1, ""distance"": 2, ""length"": 12, ""n_sources"": 1}",1,12500,3,0.18753050453960896,0.0,0.18753050453960896,0.9974140812446167,0.970970970970971
bdh,bdh/plain,5474de1f354e,plain,propagate,interp,"{""dim"": 1, ""distance"": 2, ""length"": 12, ""n_sources"": 1}",1,15000,3,0.19847221424182257,0.0,0.19847221424182257,0.9982482486062341,0.97997997997998
bdh,bdh/plain,5474de1f354e,plain,propagate,interp,"{""dim"": 1, ""distance"": 2, ""length"": 12, ""n_sources"": 1}",1,17500,3,0.20251290934781233,0.0,0.20251290934781233,0.9992492493089137,0.993993993993994
bdh,bdh/plain,5474de1f354e,plain,propagate,interp,"{""dim"": 1, ""distance"": 2, ""length"": 12, ""n_sources"": 1}",1,20000,3,0.2083854035784801,0.0,0.2083854035784801,0.9993326661584375,0.9919919919919918
bdh,bdh/plain,5474de1f354e,plain,propagate,interp,"{""dim"": 1, ""distance"": 2, ""length"": 12, ""n_sources"": 1}",1,22500,3,0.20788929301003614,0.0,0.20788929301003614,0.9997497498094141,0.9969969969969971
bdh,bdh/plain,5474de1f354e,plain,propagate,interp,"{""dim"": 1, ""distance"": 2, ""length"": 12, ""n_sources"": 1}",1,25000,3,0.20908887249728045,0.0,0.20908887249728045,0.9998331665396094,0.9979979979979979
bdh,bdh/plain,5474de1f354e,plain,propagate,interp,"{""dim"": 1, ""distance"": 2, ""length"": 12, ""n_sources"": 1}",1,27500,3,0.20932962434987226,0.0,0.20932962434987226,0.9999165832698047,0.998998998998999
bdh,bdh/plain,5474de1f354e,plain,propagate,interp,"{""dim"": 1, ""distance"": 2, ""length"": 12, ""n_sources"": 1}",1,30000,3,0.2111051951845487,0.0,0.2111051951845487,1.0,1.0
bdh,bdh/plain,5474de1f354e,plain,propagate,interp,"{""dim"": 1, ""distance"": 2, ""length"": 12, ""n_sources"": 1}",1,32500,3,0.21206894889473915,0.0,0.21206894889473915,1.0,1.0
bdh,bdh/plain,5474de1f354e,plain,propagate,interp,"{""dim"": 1, ""distance"": 2, ""length"": 12, ""n_sources"": 1}",1,35000,3,0.21340005906919637,0.0,0.21340005906919637,1.0,1.0
bdh,bdh/plain,5474de1f354e,plain,propagate,interp,"{""dim"": 1, ""distance"": 2, ""length"": 12, ""n_sources"": 1}",1,37500,3,0.21313944645226002,0.0,0.21313944645226002,1.0,1.0
bdh,bdh/plain,5474de1f354e,plain,propagate,interp,"{""dim"": 1, ""distance"": 2, ""length"": 12, ""n_sources"": 1}",1,40000,3,0.21333063145478567,0.0,0.21333063145478567,1.0,1.0
bdh,bdh/plain,5474de1f354e,plain,propagate,interp,"{""dim"": 1, ""distance"": 2, ""length"": 12, ""n_sources"": 1}",2,40000,3,0.21333063145478567,0.0,0.21333063145478567,1.0,1.0
bdh,bdh/plain,5474de1f354e,plain,propagate,interp,"{""dim"": 1, ""distance"": 2, ""length"": 12, ""n_sources"": 1}",4,2500,3,0.43281644210219383,0.0,0.43281644210219383,0.8008007886292817,0.0
bdh,bdh/plain,5474de1f354e,plain,propagate,interp,"{""dim"": 1, ""distance"": 2, ""length"": 12, ""n_sources"": 1}",4,5000,3,0.2565431594848633,0.0,0.2565431594848633,0.8038872123152405,0.011011011011011013
bdh,bdh/plain,5474de1f354e,plain,propagate,interp,"{""dim"": 1, ""distance"": 2, ""length"": 12, ""n_sources"": 1}",4,7500,3,0.19109815141807,0.0,0.19109815141807,0.9083249964513579,0.2942942942942943
bdh,bdh/plain,5474de1f354e,plain,propagate,interp,"{""dim"": 1, ""distance"": 2, ""length"": 12, ""n_sources"": 1}",4,10000,3,0.1881802398711443,0.0,0.1881802398711443,0.9968301641332494,0.963963963963964
bdh,bdh/plain,5474de1f354e,plain,propagate,interp,"{""dim"": 1, ""distance"": 2, ""length"": 12, ""n_sources"": 1}",4,12500,3,0.18753050453960896,0.0,0.18753050453960896,0.9974140812446167,0.970970970970971
bdh,bdh/plain,5474de1f354e,plain,propagate,interp,"{""dim"": 1, ""distance"": 2, ""length"": 12, ""n_sources"": 1}",4,15000,3,0.19847221424182257,0.0,0.19847221424182257,0.9982482486062341,0.97997997997998
bdh,bdh/plain,5474de1f354e,plain,propagate,interp,"{""dim"": 1, ""distance"": 2, ""length"": 12, ""n_sources"": 1}",4,17500,3,0.20251290934781233,0.0,0.20251290934781233,0.9992492493089137,0.993993993993994
bdh,bdh/plain,5474de1f354e,plain,propagate,interp,"{""dim"": 1, ""distance"": 2, ""length"": 12, ""n_sources"": 1}",4,20000,3,0.2083854035784801,0.0,0.2083854035784801,0.9993326661584375,0.9919919919919918
bdh,bdh/plain,5474de1f354e,plain,propagate,interp,"{""dim"": 1, ""distance"": 2, ""length"": 12, ""n_sources"": 1}",4,22500,3,0.20788929301003614,0.0,0.20788929301003614,0.9997497498094141,0.9969969969969971
bdh,bdh/plain,5474de1f354e,plain,propagate,interp,"{""dim"": 1, ""distance"": 2, ""length"": 12, ""n_sources"": 1}",4,25000,3,0.20908887249728045,0.0,0.20908887249728045,0.9998331665396094,0.9979979979979979
bdh,bdh/plain,5474de1f354e,plain,propagate,interp,"{""dim"": 1, ""distance"": 2, ""length"": 12, ""n_sources"": 1}",4,27500,3,0.20932962434987226,0.0,0.20932962434987226,0.9999165832698047,0.998998998998999
bdh,bdh/plain,5474de1f354e,plain,propagate,interp,"{""dim"": 1, ""distance"": 2, ""length"": 12, ""n_sources"": 1}",4,30000,3,0.2111051951845487,0.0,0.2111051951845487,1.0,1.0
bdh,bdh/plain,5474de1f354e,plain,propagate,interp,"{""dim"": 1, ""distance"": 2, ""length"": 12, ""n_sources"": 1}",4,32500,3,0.21206894889473915,0.0,0.21206894889473915,1.0,1.0
bdh,bdh/plain,5474de1f354e,plain,propagate,interp,"{""dim"": 1, ""distance"": 2, ""length"": 12, ""n_sources"": 1}",4,35000,3,0.21340005906919637,0.0,0.21340005906919637,1.0,1.0
bdh,bdh/plain,5474de1f354e,plain,propagate,interp,"{""dim"": 1, ""distance"": 2, ""length"": 12, ""n_sources"": 1}",4,37500,3,0.21313944645226002,0.0,0.21313944645226002,1.0,1.0
bdh,bdh/plain,5474de1f354e,plain,propagate,interp,"{""dim"": 1, ""distance"": 2, ""length"": 12, ""n_sources"": 1}",4,40000,3,0.21333063145478567,0.0,0.21333063145478567,1.0,1.0
bdh,bdh/plain,5474de1f354e,plain,propagate,interp,"{""dim"": 1, ""distance"": 2, ""length"": 12, ""n_sources"": 1}",8,40000,3,0.21033594912538925,0.0,0.21033594912538925,1.0,1.0
bdh,bdh/plain,5474de1f354e,plain,propagate,interp,"{""dim"": 1, ""distance"": 2, ""length"": 12, ""n_sources"": 1}",16,2500,3,0.43281644210219383,0.0,0.43281644210219383,0.8008007886292817,0.0
bdh,bdh/plain,5474de1f354e,plain,propagate,interp,"{""dim"": 1, ""distance"": 2, ""length"": 12, ""n_sources"": 1}",16,5000,3,0.2565431594848633,0.0,0.2565431594848633,0.8038872123152405,0.011011011011011013
bdh,bdh/plain,5474de1f354e,plain,propagate,interp,"{""dim"": 1, ""distance"": 2, ""length"": 12, ""n_sources"": 1}",16,7500,3,0.19109815141807,0.0,0.19109815141807,0.9083249964513579,0.2942942942942943
bdh,bdh/plain,5474de1f354e,plain,propagate,interp,"{""dim"": 1, ""distance"": 2, ""length"": 12, ""n_sources"": 1}",16,10000,3,0.1881802398711443,0.0,0.1881802398711443,0.9968301641332494,0.963963963963964
bdh,bdh/plain,5474de1f354e,plain,propagate,interp,"{""dim"": 1, ""distance"": 2, ""length"": 12, ""n_sources"": 1}",16,12500,3,0.18753050453960896,0.0,0.18753050453960896,0.9974140812446167,0.970970970970971
bdh,bdh/plain,5474de1f354e,plain,propagate,interp,"{""dim"": 1, ""distance"": 2, ""length"": 12, ""n_sources"": 1}",16,15000,3,0.19847221424182257,0.0,0.19847221424182257,0.9982482486062341,0.97997997997998
bdh,bdh/plain,5474de1f354e,plain,propagate,interp,"{""dim"": 1, ""distance"": 2, ""length"": 12, ""n_sources"": 1}",16,17500,3,0.20251290934781233,0.0,0.20251290934781233,0.9992492493089137,0.993993993993994
bdh,bdh/plain,5474de1f354e,plain,propagate,interp,"{""dim"": 1, ""distance"": 2, ""length"": 12, ""n_sources"": 1}",16,20000,3,0.2083854035784801,0.0,0.2083854035784801,0.9993326661584375,0.9919919919919918
bdh,bdh/plain,5474de1f354e,plain,propagate,interp,"{""dim"": 1, ""distance"": 2, ""length"": 12, ""n_sources"": 1}",16,22500,3,0.20788929301003614,0.0,0.20788929301003614,0.9997497498094141,0.9969969969969971
bdh,bdh/plain,5474de1f354e,plain,propagate,interp,"{""dim"": 1, ""distance"": 2, ""length"": 12, ""n_sources"": 1}",16,25000,3,0.20908887249728045,0.0,0.20908887249728045,0.9998331665396094,0.9979979979979979
bdh,bdh/plain,5474de1f354e,plain,propagate,interp,"{""dim"": 1, ""distance"": 2, ""length"": 12, ""n_sources"": 1}",16,27500,3,0.20932962434987226,0.0,0.20932962434987226,0.9999165832698047,0.998998998998999
bdh,bdh/plain,5474de1f354e,plain,propagate,interp,"{""dim"": 1, ""distance"": 2, ""length"": 12, ""n_sources"": 1}",16,30000,3,0.2111051951845487,0.0,0.2111051951845487,1.0,1.0
bdh,bdh/plain,5474de1f354e,plain,propagate,interp,"{""dim"": 1, ""distance"": 2, ""length"": 12, ""n_sources"": 1}",16,32500,3,0.21206894889473915,0.0,0.21206894889473915,1.0,1.0
bdh,bdh/plain,5474de1f354e,plain,propagate,interp,"{""dim"": 1, ""distance"": 2, ""length"": 12, ""n_sources"": 1}",16,35000,3,0.21340005906919637,0.0,0.21340005906919637,1.0,1.0
bdh,bdh/plain,5474de1f354e,plain,propagate,interp,"{""dim"": 1, ""distance"": 2, ""length"": 12, ""n_sources"": 1}",16,37500,3,0.21313944645226002,0.0,0.21313944645226002,1.0,1.0
bdh,bdh/plain,5474de1f354e,plain,propagate,interp,"{""dim"": 1, ""distance"": 2, ""length"": 12, ""n_sources"": 1}",16,40000,3,0.21333063145478567,0.0,0.21333063145478567,1.0,1.0
bdh,bdh/plain,5474de1f354e,plain,propagate,interp,"{""dim"": 1, ""distance"": 2, ""length"": 12, ""n_sources"": 1}",32,40000,3,0.21033594912538925,0.0,0.21033594912538925,1.0,1.0
bdh,bdh/plain,5474de1f354e,plain,propagate,interp,"{""dim"": 1, ""distance"": 4, ""length"": 12, ""n_sources"": 1}",1,2500,3,0.4300306911269824,0.0,0.4300306911269824,0.8012178711168042,0.0
bdh,bdh/plain,5474de1f354e,plain,propagate,interp,"{""dim"": 1, ""distance"": 4, ""length"": 12, ""n_sources"": 1}",1,5000,3,0.2716607730835676,0.0,0.2716607730835676,0.7958792040238271,0.003003003003003003
bdh,bdh/plain,5474de1f354e,plain,propagate,interp,"{""dim"": 1, ""distance"": 4, ""length"": 12, ""n_sources"": 1}",1,7500,3,0.19346776604652405,0.0,0.19346776604652405,0.9154154180406451,0.3813813813813814
bdh,bdh/plain,5474de1f354e,plain,propagate,interp,"{""dim"": 1, ""distance"": 4, ""length"": 12, ""n_sources"": 1}",1,10000,3,0.18759947270154953,0.0,0.18759947270154953,0.9974974978554833,0.973973973973974
bdh,bdh/plain,5474de1f354e,plain,propagate,interp,"{""dim"": 1, ""distance"": 4, ""length"": 12, ""n_sources"": 1}",1,12500,3,0.1887169082959493,0.0,0.1887169082959493,0.9986653323168749,0.983983983983984
bdh,bdh/plain,5474de1f354e,plain,propagate,interp,"{""dim"": 1, ""distance"": 4, ""length"": 12, ""n_sources"": 1}",1,15000,3,0.196579085662961,0.0,0.196579085662961,0.9994160828886329,0.9929929929929929
bdh,bdh/plain,5474de1f354e,plain,propagate,interp,"{""dim"": 1, ""distance"": 4, ""length"": 12, ""n_sources"": 1}",1,17500,3,0.20109843835234642,0.0,0.20109843835234642,0.9997497498094141,0.9969969969969971
bdh,bdh/plain,5474de1f354e,plain,propagate,interp,"{""dim"": 1, ""distance"": 4, ""length"": 12, ""n_sources"": 1}",1,20000,3,0.20939881665011248,0.0,0.20939881665011248,0.999332666039109,0.994994994994995
bdh,bdh/plain,5474de1f354e,plain,propagate,interp,"{""dim"": 1, ""distance"": 4, ""length"": 12, ""n_sources"": 1}",1,22500,3,0.2078071062763532,0.0,0.2078071062763532,0.9998331665396094,0.9979979979979979
bdh,bdh/plain,5474de1f354e,plain,propagate,interp,"{""dim"": 1, ""distance"": 4, ""length"": 12, ""n_sources"": 1}",1,25000,3,0.21053142783542475,0.0,0.21053142783542475,0.9998331665396094,0.9979979979979979
bdh,bdh/plain,5474de1f354e,plain,propagate,interp,"{""dim"": 1, ""distance"": 4, ""length"": 12, ""n_sources"": 1}",1,27500,3,0.20991356919209161,0.0,0.20991356919209161,0.9997497497497498,0.998998998998999
bdh,bdh/plain,5474de1f354e,plain,propagate,interp,"{""dim"": 1, ""distance"": 4, ""length"": 12, ""n_sources"": 1}",1,30000,3,0.21055286936461926,0.0,0.21055286936461926,1.0,1.0
bdh,bdh/plain,5474de1f354e,plain,propagate,interp,"{""dim"": 1, ""distance"": 4, ""length"": 12, ""n_sources"": 1}",1,32500,3,0.2108358715971311,0.0,0.2108358715971311,1.0,1.0
bdh,bdh/plain,5474de1f354e,plain,propagate,interp,"{""dim"": 1, ""distance"": 4, ""length"": 12, ""n_sources"": 1}",1,35000,3,0.2117429133504629,0.0,0.2117429133504629,1.0,1.0
bdh,bdh/plain,5474de1f354e,plain,propagate,interp,"{""dim"": 1, ""distance"": 4, ""length"": 12, ""n_sources"": 1}",1,37500,3,0.21141687966883183,0.0,0.21141687966883183,1.0,1.0
bdh,bdh/plain,5474de1f354e,plain,propagate,interp,"{""dim"": 1, ""distance"": 4, ""length"": 12, ""n_sources"": 1}",1,40000,3,0.21159881663819155,0.0,0.21159881663819155,1.0,1.0
bdh,bdh/plain,5474de1f354e,plain,propagate,interp,"{""dim"": 1, ""distance"": 4, ""length"": 12, ""n_sources"": 1}",2,40000,3,0.21159881663819155,0.0,0.21159881663819155,1.0,1.0
bdh,bdh/plain,5474de1f354e,plain,propagate,interp,"{""dim"": 1, ""distance"": 4, ""length"": 12, ""n_sources"": 1}",4,2500,3,0.4300306911269824,0.0,0.4300306911269824,0.8012178711168042,0.0
bdh,bdh/plain,5474de1f354e,plain,propagate,interp,"{""dim"": 1, ""distance"": 4, ""length"": 12, ""n_sources"": 1}",4,5000,3,0.2716607730835676,0.0,0.2716607730835676,0.7958792040238271,0.003003003003003003
bdh,bdh/plain,5474de1f354e,plain,propagate,interp,"{""dim"": 1, ""distance"": 4, ""length"": 12, ""n_sources"": 1}",4,7500,3,0.19346776604652405,0.0,0.19346776604652405,0.9154154180406451,0.3813813813813814
bdh,bdh/plain,5474de1f354e,plain,propagate,interp,"{""dim"": 1, ""distance"": 4, ""length"": 12, ""n_sources"": 1}",4,10000,3,0.18759947270154953,0.0,0.18759947270154953,0.9974974978554833,0.973973973973974
bdh,bdh/plain,5474de1f354e,plain,propagate,interp,"{""dim"": 1, ""distance"": 4, ""length"": 12, ""n_sources"": 1}",4,12500,3,0.1887169082959493,0.0,0.1887169082959493,0.9986653323168749,0.983983983983984
bdh,bdh/plain,5474de1f354e,plain,propagate,interp,"{""dim"": 1, ""distance"": 4, ""length"": 12, ""n_sources"": 1}",4,15000,3,0.196579085662961,0.0,0.196579085662961,0.9994160828886329,0.9929929929929929
bdh,bdh/plain,5474de1f354e,plain,propagate,interp,"{""dim"": 1, ""distance"": 4, ""length"": 12, ""n_sources"": 1}",4,17500,3,0.20109843835234642,0.0,0.20109843835234642,0.9997497498094141,0.9969969969969971
bdh,bdh/plain,5474de1f354e,plain,propagate,interp,"{""dim"": 1, ""distance"": 4, ""length"": 12, ""n_sources"": 1}",4,20000,3,0.20939881665011248,0.0,0.20939881665011248,0.999332666039109,0.994994994994995
bdh,bdh/plain,5474de1f354e,plain,propagate,interp,"{""dim"": 1, ""distance"": 4, ""length"": 12, ""n_sources"": 1}",4,22500,3,0.2078071062763532,0.0,0.2078071062763532,0.9998331665396094,0.9979979979979979
bdh,bdh/plain,5474de1f354e,plain,propagate,interp,"{""dim"": 1, ""distance"": 4, ""length"": 12, ""n_sources"": 1}",4,25000,3,0.21053142783542475,0.0,0.21053142783542475,0.9998331665396094,0.9979979979979979
bdh,bdh/plain,5474de1f354e,plain,propagate,interp,"{""dim"": 1, ""distance"": 4, ""length"": 12, ""n_sources"": 1}",4,27500,3,0.20991356919209161,0.0,0.20991356919209161,0.9997497497497498,0.998998998998999
bdh,bdh/plain,5474de1f354e,plain,propagate,interp,"{""dim"": 1, ""distance"": 4, ""length"": 12, ""n_sources"": 1}",4,30000,3,0.21055286936461926,0.0,0.21055286936461926,1.0,1.0
bdh,bdh/plain,5474de1f354e,plain,propagate,interp,"{""dim"": 1, ""distance"": 4, ""length"": 12, ""n_sources"": 1}",4,32500,3,0.2108358715971311,0.0,0.2108358715971311,1.0,1.0
bdh,bdh/plain,5474de1f354e,plain,propagate,interp,"{""dim"": 1, ""distance"": 4, ""length"": 12, ""n_sources"": 1}",4,35000,3,0.2117429133504629,0.0,0.2117429133504629,1.0,1.0
bdh,bdh/plain,5474de1f354e,plain,propagate,interp,"{""dim"": 1, ""distance"": 4, ""length"": 12, ""n_sources"": 1}",4,37500,3,0.21141687966883183,0.0,0.21141687966883183,1.0,1.0
bdh,bdh/plain,5474de1f354e,plain,propagate,interp,"{""dim"": 1, ""distance"": 4, ""length"": 12, ""n_sources"": 1}",4,40000,3,0.21159881663819155,0.0,0.21159881663819155,1.0,1.0
bdh,bdh/plain,5474de1f354e,plain,propagate,interp,"{""dim"": 1, ""distance"": 4, ""length"": 12, ""n_sources"": 1}",8,40000,3,0.2084648103142778,0.0,0.2084648103142778,1.0,1.0
bdh,bdh/plain,5474de1f354e,plain,propagate,interp,"{""dim"": 1, ""distance"": 4, ""length"": 12, ""n_sources"": 1}",16,2500,3,0.4300306911269824,0.0,0.4300306911269824,0.8012178711168042,0.0
bdh,bdh/plain,5474de1f354e,plain,propagate,interp,"{""dim"": 1, ""distance"": 4, ""length"": 12, ""n_sources"": 1}",16,5000,3,0.2716607730835676,0.0,0.2716607730835676,0.7958792040238271,0.003003003003003003
bdh,bdh/plain,5474de1f354e,plain,propagate,interp,"{""dim"": 1, ""distance"": 4, ""length"": 12, ""n_sources"": 1}",16,7500,3,0.19346776604652405,0.0,0.19346776604652405,0.9154154180406451,0.3813813813813814
bdh,bdh/plain,5474de1f354e,plain,propagate,interp,"{""dim"": 1, ""distance"": 4, ""length"": 12, ""n_sources"": 1}",16,10000,3,0.18759947270154953,0.0,0.18759947270154953,0.9974974978554833,0.973973973973974
bdh,bdh/plain,5474de1f354e,plain,propagate,interp,"{""dim"": 1, ""distance"": 4, ""length"": 12, ""n_sources"": 1}",16,12500,3,0.1887169082959493,0.0,0.1887169082959493,0.9986653323168749,0.983983983983984
bdh,bdh/plain,5474de1f354e,plain,propagate,interp,"{""dim"": 1, ""distance"": 4, ""length"": 12, ""n_sources"": 1}",16,15000,3,0.196579085662961,0.0,0.196579085662961,0.9994160828886329,0.9929929929929929
bdh,bdh/plain,5474de1f354e,plain,propagate,interp,"{""dim"": 1, ""distance"": 4, ""length"": 12, ""n_sources"": 1}",16,17500,3,0.20109843835234642,0.0,0.20109843835234642,0.9997497498094141,0.9969969969969971
bdh,bdh/plain,5474de1f354e,plain,propagate,interp,"{""dim"": 1, ""distance"": 4, ""length"": 12, ""n_sources"": 1}",16,20000,3,0.20939881665011248,0.0,0.20939881665011248,0.999332666039109,0.994994994994995
bdh,bdh/plain,5474de1f354e,plain,propagate,interp,"{""dim"": 1, ""distance"": 4, ""length"": 12, ""n_sources"": 1}",16,22500,3,0.2078071062763532,0.0,0.2078071062763532,0.9998331665396094,0.9979979979979979
bdh,bdh/plain,5474de1f354e,plain,propagate,interp,"{""dim"": 1, ""distance"": 4, ""length"": 12, ""n_sources"": 1}",16,25000,3,0.21053142783542475,0.0,0.21053142783542475,0.9998331665396094,0.9979979979979979
bdh,bdh/plain,5474de1f354e,plain,propagate,interp,"{""dim"": 1, ""distance"": 4, ""length"": 12, ""n_sources"": 1}",16,27500,3,0.20991356919209161,0.0,0.20991356919209161,0.9997497497497498,0.998998998998999
bdh,bdh/plain,5474de1f354e,plain,propagate,interp,"{""dim"": 1, ""distance"": 4, ""length"": 12, ""n_sources"": 1}",16,30000,3,0.21055286936461926,0.0,0.21055286936461926,1.0,1.0
bdh,bdh/plain,5474de1f354e,plain,propagate,interp,"{""dim"": 1, ""distance"": 4, ""length"": 12, ""n_sources"": 1}",16,32500,3,0.2108358715971311,0.0,0.2108358715971311,1.0,1.0
bdh,bdh/plain,5474de1f354e,plain,propagate,interp,"{""dim"": 1, ""distance"": 4, ""length"": 12, ""n_sources"": 1}",16,35000,3,0.2117429133504629,0.0,0.2117429133504629,1.0,1.0
bdh,bdh/plain,5474de1f354e,plain,propagate,interp,"{""dim"": 1, ""distance"": 4, ""length"": 12, ""n_sources"": 1}",16,37500,3,0.21141687966883183,0.0,0.21141687966883183,1.0,1.0
bdh,bdh/plain,5474de1f354e,plain,propagate,interp,"{""dim"": 1, ""distance"": 4, ""length"": 12, ""n_sources"": 1}",16,40000,3,0.21159881663819155,0.0,0.21159881663819155,1.0,1.0
bdh,bdh/plain,5474de1f354e,plain,propagate,interp,"{""dim"": 1, ""distance"": 4, ""length"": 12, ""n_sources"": 1}",32,40000,3,0.2084648103142778,0.0,0.2084648103142778,1.0,1.0
bdh,bdh/plain,5474de1f354e,plain,propagate,mild,"{""dim"": 1, ""distance"": 6, ""length"": 12, ""n_sources"": 1}",1,2500,3,0.42735421657562256,0.0,0.42735421657562256,0.7973333202004432,0.0
bdh,bdh/plain,5474de1f354e,plain,propagate,mild,"{""dim"": 1, ""distance"": 6, ""length"": 12, ""n_sources"": 1}",1,5000,3,0.2532206289470196,0.0,0.2532206289470196,0.7860555473764738,0.0006666666666666666
bdh,bdh/plain,5474de1f354e,plain,propagate,mild,"{""dim"": 1, ""distance"": 6, ""length"": 12, ""n_sources"": 1}",1,7500,3,0.18049346997092167,0.0,0.18049346997092167,0.8861666694482168,0.22066666666666668
bdh,bdh/plain,5474de1f354e,plain,propagate,mild,"{""dim"": 1, ""distance"": 6, ""length"": 12, ""n_sources"": 1}",1,10000,3,0.1837635828802983,0.0,0.1837635828802983,0.904611115415891,0.24666666666666667
bdh,bdh/plain,5474de1f354e,plain,propagate,mild,"{""dim"": 1, ""distance"": 6, ""length"": 12, ""n_sources"": 1}",1,12500,3,0.18455571619172892,0.0,0.18455571619172892,0.8636111142237981,0.10999999999999999
bdh,bdh/plain,5474de1f354e,plain,propagate,mild,"{""dim"": 1, ""distance"": 6, ""length"": 12, ""n_sources"": 1}",1,15000,3,0.1896280888468027,0.0,0.1896280888468027,0.8505555564959844,0.10666666666666667
bdh,bdh/plain,5474de1f354e,plain,propagate,mild,"{""dim"": 1, ""distance"": 6, ""length"": 12, ""n_sources"": 1}",1,17500,3,0.1955676240225633,0.0,0.1955676240225633,0.8379999988476435,0.07333333333333332
bdh,bdh/plain,5474de1f354e,plain,propagate,mild,"{""dim"": 1, ""distance"": 6, ""length"": 12, ""n_sources"": 1}",1,20000,3,0.20212033142646155,0.0,0.20212033142646155,0.823611108024915,0.04533333333333334
bdh,bdh/plain,5474de1f354e,plain,propagate,mild,"{""dim"": 1, ""distance"": 6, ""length"": 12, ""n_sources"": 1}",1,22500,3,0.20222472958266735,0.0,0.20222472958266735,0.8198333327770233,0.06066666666666667
bdh,bdh/plain,5474de1f354e,plain,propagate,mild,"{""dim"": 1, ""distance"": 6, ""length"": 12, ""n_sources"": 1}",1,25000,3,0.20539461572964987,0.0,0.20539461572964987,0.8098333300352097,0.058
bdh,bdh/plain,5474de1f354e,plain,propagate,mild,"{""dim"": 1, ""distance"": 6, ""length"": 12, ""n_sources"": 1}",1,27500,3,0.20524674033125243,0.0,0.20524674033125243,0.8006111082633337,0.032
bdh,bdh/plain,5474de1f354e,plain,propagate,mild,"{""dim"": 1, ""distance"": 6, ""length"": 12, ""n_sources"": 1}",1,30000,3,0.20634962432086468,0.0,0.20634962432086468,0.7992222188711167,0.03666666666666667
bdh,bdh/plain,5474de1f354e,plain,propagate,mild,"{""dim"": 1, ""distance"": 6, ""length"": 12, ""n_sources"": 1}",1,32500,3,0.20641777167717615,0.0,0.20641777167717615,0.7967777730623883,0.02666666666666667
bdh,bdh/plain,5474de1f354e,plain,propagate,mild,"{""dim"": 1, ""distance"": 6, ""length"": 12, ""n_sources"": 1}",1,35000,3,0.20709291597207388,0.0,0.20709291597207388,0.7956666619380316,0.02666666666666667
bdh,bdh/plain,5474de1f354e,plain,propagate,mild,"{""dim"": 1, ""distance"": 6, ""length"": 12, ""n_sources"": 1}",1,37500,3,0.20679751907785734,0.0,0.20679751907785734,0.797222218354543,0.03666666666666666
bdh,bdh/plain,5474de1f354e,plain,propagate,mild,"{""dim"": 1, ""distance"": 6, ""length"": 12, ""n_sources"": 1}",1,40000,3,0.20696878992021084,0.0,0.20696878992021084,0.79666666273276,0.03333333333333333
bdh,bdh/plain,5474de1f354e,plain,propagate,mild,"{""dim"": 1, ""distance"": 6, ""length"": 12, ""n_sources"": 1}",2,40000,3,0.20696878992021084,0.0,0.20696878992021084,0.79666666273276,0.03333333333333333
bdh,bdh/plain,5474de1f354e,plain,propagate,mild,"{""dim"": 1, ""distance"": 6, ""length"": 12, ""n_sources"": 1}",4,2500,3,0.42735421657562256,0.0,0.42735421657562256,0.7973333202004432,0.0
bdh,bdh/plain,5474de1f354e,plain,propagate,mild,"{""dim"": 1, ""distance"": 6, ""length"": 12, ""n_sources"": 1}",4,5000,3,0.2532206289470196,0.0,0.2532206289470196,0.7860555473764738,0.0006666666666666666
bdh,bdh/plain,5474de1f354e,plain,propagate,mild,"{""dim"": 1, ""distance"": 6, ""length"": 12, ""n_sources"": 1}",4,7500,3,0.18049346997092167,0.0,0.18049346997092167,0.8861666694482168,0.22066666666666668
bdh,bdh/plain,5474de1f354e,plain,propagate,mild,"{""dim"": 1, ""distance"": 6, ""length"": 12, ""n_sources"": 1}",4,10000,3,0.1837635828802983,0.0,0.1837635828802983,0.904611115415891,0.24666666666666667
bdh,bdh/plain,5474de1f354e,plain,propagate,mild,"{""dim"": 1, ""distance"": 6, ""length"": 12, ""n_sources"": 1}",4,12500,3,0.18455571619172892,0.0,0.18455571619172892,0.8636111142237981,0.10999999999999999
bdh,bdh/plain,5474de1f354e,plain,propagate,mild,"{""dim"": 1, ""distance"": 6, ""length"": 12, ""n_sources"": 1}",4,15000,3,0.1896280888468027,0.0,0.1896280888468027,0.8505555564959844,0.10666666666666667
bdh,bdh/plain,5474de1f354e,plain,propagate,mild,"{""dim"": 1, ""distance"": 6, ""length"": 12, ""n_sources"": 1}",4,17500,3,0.1955676240225633,0.0,0.1955676240225633,0.8379999988476435,0.07333333333333332
bdh,bdh/plain,5474de1f354e,plain,propagate,mild,"{""dim"": 1, ""distance"": 6, ""length"": 12, ""n_sources"": 1}",4,20000,3,0.20212033142646155,0.0,0.20212033142646155,0.823611108024915,0.04533333333333334
bdh,bdh/plain,5474de1f354e,plain,propagate,mild,"{""dim"": 1, ""distance"": 6, ""length"": 12, ""n_sources"": 1}",4,22500,3,0.20222472958266735,0.0,0.20222472958266735,0.8198333327770233,0.06066666666666667
bdh,bdh/plain,5474de1f354e,plain,propagate,mild,"{""dim"": 1, ""distance"": 6, ""length"": 12, ""n_sources"": 1}",4,25000,3,0.20539461572964987,0.0,0.20539461572964987,0.8098333300352097,0.058
bdh,bdh/plain,5474de1f354e,plain,propagate,mild,"{""dim"": 1, ""distance"": 6, ""length"": 12, ""n_sources"": 1}",4,27500,3,0.20524674033125243,0.0,0.20524674033125243,0.8006111082633337,0.032
bdh,bdh/plain,5474de1f354e,plain,propagate,mild,"{""dim"": 1, ""distance"": 6, ""length"": 12, ""n_sources"": 1}",4,30000,3,0.20634962432086468,0.0,0.20634962432086468,0.7992222188711167,0.03666666666666667
bdh,bdh/plain,5474de1f354e,plain,propagate,mild,"{""dim"": 1, ""distance"": 6, ""length"": 12, ""n_sources"": 1}",4,32500,3,0.20641777167717615,0.0,0.20641777167717615,0.7967777730623883,0.02666666666666667
bdh,bdh/plain,5474de1f354e,plain,propagate,mild,"{""dim"": 1, ""distance"": 6, ""length"": 12, ""n_sources"": 1}",4,35000,3,0.20709291597207388,0.0,0.20709291597207388,0.7956666619380316,0.02666666666666667
bdh,bdh/plain,5474de1f354e,plain,propagate,mild,"{""dim"": 1, ""distance"": 6, ""length"": 12, ""n_sources"": 1}",4,37500,3,0.20679751907785734,0.0,0.20679751907785734,0.797222218354543,0.03666666666666666
bdh,bdh/plain,5474de1f354e,plain,propagate,mild,"{""dim"": 1, ""distance"": 6, ""length"": 12, ""n_sources"": 1}",4,40000,3,0.20696878992021084,0.0,0.20696878992021084,0.79666666273276,0.03333333333333333
bdh,bdh/plain,5474de1f354e,plain,propagate,mild,"{""dim"": 1, ""distance"": 6, ""length"": 12, ""n_sources"": 1}",8,40000,3,0.2081176332818965,0.0,0.2081176332818965,0.79666666273276,0.03333333333333333
bdh,bdh/plain,5474de1f354e,plain,propagate,mild,"{""dim"": 1, ""distance"": 6, ""length"": 12, ""n_sources"": 1}",16,2500,3,0.42735421657562256,0.0,0.42735421657562256,0.7973333202004432,0.0
bdh,bdh/plain,5474de1f354e,plain,propagate,mild,"{""dim"": 1, ""distance"": 6, ""length"": 12, ""n_sources"": 1}",16,5000,3,0.2532206289470196,0.0,0.2532206289470196,0.7860555473764738,0.0006666666666666666
bdh,bdh/plain,5474de1f354e,plain,propagate,mild,"{""dim"": 1, ""distance"": 6, ""length"": 12, ""n_sources"": 1}",16,7500,3,0.18049346997092167,0.0,0.18049346997092167,0.8861666694482168,0.22066666666666668
bdh,bdh/plain,5474de1f354e,plain,propagate,mild,"{""dim"": 1, ""distance"": 6, ""length"": 12, ""n_sources"": 1}",16,10000,3,0.1837635828802983,0.0,0.1837635828802983,0.904611115415891,0.24666666666666667
bdh,bdh/plain,5474de1f354e,plain,propagate,mild,"{""dim"": 1, ""distance"": 6, ""length"": 12, ""n_sources"": 1}",16,12500,3,0.18455571619172892,0.0,0.18455571619172892,0.8636111142237981,0.10999999999999999
bdh,bdh/plain,5474de1f354e,plain,propagate,mild,"{""dim"": 1, ""distance"": 6, ""length"": 12, ""n_sources"": 1}",16,15000,3,0.1896280888468027,0.0,0.1896280888468027,0.8505555564959844,0.10666666666666667
bdh,bdh/plain,5474de1f354e,plain,propagate,mild,"{""dim"": 1, ""distance"": 6, ""length"": 12, ""n_sources"": 1}",16,17500,3,0.1955676240225633,0.0,0.1955676240225633,0.8379999988476435,0.07333333333333332
bdh,bdh/plain,5474de1f354e,plain,propagate,mild,"{""dim"": 1, ""distance"": 6, ""length"": 12, ""n_sources"": 1}",16,20000,3,0.20212033142646155,0.0,0.20212033142646155,0.823611108024915,0.04533333333333334
bdh,bdh/plain,5474de1f354e,plain,propagate,mild,"{""dim"": 1, ""distance"": 6, ""length"": 12, ""n_sources"": 1}",16,22500,3,0.20222472958266735,0.0,0.20222472958266735,0.8198333327770233,0.06066666666666667
bdh,bdh/plain,5474de1f354e,plain,propagate,mild,"{""dim"": 1, ""distance"": 6, ""length"": 12, ""n_sources"": 1}",16,25000,3,0.20539461572964987,0.0,0.20539461572964987,0.8098333300352097,0.058
bdh,bdh/plain,5474de1f354e,plain,propagate,mild,"{""dim"": 1, ""distance"": 6, ""length"": 12, ""n_sources"": 1}",16,27500,3,0.20524674033125243,0.0,0.20524674033125243,0.8006111082633337,0.032
bdh,bdh/plain,5474de1f354e,plain,propagate,mild,"{""dim"": 1, ""distance"": 6, ""length"": 12, ""n_sources"": 1}",16,30000,3,0.20634962432086468,0.0,0.20634962432086468,0.7992222188711167,0.03666666666666667
bdh,bdh/plain,5474de1f354e,plain,propagate,mild,"{""dim"": 1, ""distance"": 6, ""length"": 12, ""n_sources"": 1}",16,32500,3,0.20641777167717615,0.0,0.20641777167717615,0.7967777730623883,0.02666666666666667
bdh,bdh/plain,5474de1f354e,plain,propagate,mild,"{""dim"": 1, ""distance"": 6, ""length"": 12, ""n_sources"": 1}",16,35000,3,0.20709291597207388,0.0,0.20709291597207388,0.7956666619380316,0.02666666666666667
bdh,bdh/plain,5474de1f354e,plain,propagate,mild,"{""dim"": 1, ""distance"": 6, ""length"": 12, ""n_sources"": 1}",16,37500,3,0.20679751907785734,0.0,0.20679751907785734,0.797222218354543,0.03666666666666666
bdh,bdh/plain,5474de1f354e,plain,propagate,mild,"{""dim"": 1, ""distance"": 6, ""length"": 12, ""n_sources"": 1}",16,40000,3,0.20696878992021084,0.0,0.20696878992021084,0.79666666273276,0.03333333333333333
bdh,bdh/plain,5474de1f354e,plain,propagate,mild,"{""dim"": 1, ""distance"": 6, ""length"": 12, ""n_sources"": 1}",32,40000,3,0.2081176332818965,0.0,0.2081176332818965,0.79666666273276,0.03333333333333333
bdh,bdh/plain,5474de1f354e,plain,propagate,mild,"{""dim"": 1, ""distance"": 8, ""length"": 12, ""n_sources"": 1}",1,2500,3,0.44380900760491687,0.0,0.44380900760491687,0.8006666530867417,0.0
bdh,bdh/plain,5474de1f354e,plain,propagate,mild,"{""dim"": 1, ""distance"": 8, ""length"": 12, ""n_sources"": 1}",1,5000,3,0.27836777083575726,0.0,0.27836777083575726,0.7728333243926366,0.0006666666666666666
bdh,bdh/plain,5474de1f354e,plain,propagate,mild,"{""dim"": 1, ""distance"": 8, ""length"": 12, ""n_sources"": 1}",1,7500,3,0.21384968950102726,0.0,0.21384968950102726,0.87172222473224,0.19600000000000004
bdh,bdh/plain,5474de1f354e,plain,propagate,mild,"{""dim"": 1, ""distance"": 8, ""length"": 12, ""n_sources"": 1}",1,10000,3,0.19570673877994219,0.0,0.19570673877994219,0.8547777801752091,0.11533333333333334
bdh,bdh/plain,5474de1f354e,plain,propagate,mild,"{""dim"": 1, ""distance"": 8, ""length"": 12, ""n_sources"": 1}",1,12500,3,0.19768061550954977,0.0,0.19768061550954977,0.8300555563767751,0.07133333333333333
bdh,bdh/plain,5474de1f354e,plain,propagate,mild,"{""dim"": 1, ""distance"": 8, ""length"": 12, ""n_sources"": 1}",1,15000,3,0.1998843171944221,0.0,0.1998843171944221,0.786611110150814,0.018
bdh,bdh/plain,5474de1f354e,plain,propagate,mild,"{""dim"": 1, ""distance"": 8, ""length"": 12, ""n_sources"": 1}",1,17500,3,0.2035648381958405,0.0,0.2035648381958405,0.7729999998410543,0.014666666666666668
bdh,bdh/plain,5474de1f354e,plain,propagate,mild,"{""dim"": 1, ""distance"": 8, ""length"": 12, ""n_sources"": 1}",1,20000,3,0.20985338278114796,0.0,0.20985338278114796,0.776444443186124,0.010666666666666666
bdh,bdh/plain,5474de1f354e,plain,propagate,mild,"{""dim"": 1, ""distance"": 8, ""length"": 12, ""n_sources"": 1}",1,22500,3,0.2107927824060122,0.0,0.2107927824060122,0.7857222199440003,0.007333333333333333
bdh,bdh/plain,5474de1f354e,plain,propagate,mild,"{""dim"": 1, ""distance"": 8, ""length"": 12, ""n_sources"": 1}",1,25000,3,0.21125579439103603,0.0,0.21125579439103603,0.7631111085812251,0.002
bdh,bdh/plain,5474de1f354e,plain,propagate,mild,"{""dim"": 1, ""distance"": 8, ""length"": 12, ""n_sources"": 1}",1,27500,3,0.21078433158497015,0.0,0.21078433158497015,0.7466666664481162,0.002
bdh,bdh/plain,5474de1f354e,plain,propagate,mild,"{""dim"": 1, ""distance"": 8, ""length"": 12, ""n_sources"": 1}",1,30000,3,0.21277915748457113,0.0,0.21277915748457113,0.7569444426496824,0.0006666666666666666
bdh,bdh/plain,5474de1f354e,plain,propagate,mild,"{""dim"": 1, ""distance"": 8, ""length"": 12, ""n_sources"": 1}",1,32500,3,0.21317971932391325,0.0,0.21317971932391325,0.7624444427490235,0.0013333333333333333
bdh,bdh/plain,5474de1f354e,plain,propagate,mild,"{""dim"": 1, ""distance"": 8, ""length"": 12, ""n_sources"": 1}",1,35000,3,0.21470314326385656,0.0,0.21470314326385656,0.7637777759631476,0.002
bdh,bdh/plain,5474de1f354e,plain,propagate,mild,"{""dim"": 1, ""distance"": 8, ""length"": 12, ""n_sources"": 1}",1,37500,3,0.21438753604888916,0.0,0.21438753604888916,0.7708333310683568,0.0013333333333333333
bdh,bdh/plain,5474de1f354e,plain,propagate,mild,"{""dim"": 1, ""distance"": 8, ""length"": 12, ""n_sources"": 1}",1,40000,3,0.21460391456882158,0.0,0.21460391456882158,0.7696666644016901,0.0013333333333333333
bdh,bdh/plain,5474de1f354e,plain,propagate,mild,"{""dim"": 1, ""distance"": 8, ""length"": 12, ""n_sources"": 1}",2,40000,3,0.21460391456882158,0.0,0.21460391456882158,0.7696666644016901,0.0013333333333333333
bdh,bdh/plain,5474de1f354e,plain,propagate,mild,"{""dim"": 1, ""distance"": 8, ""length"": 12, ""n_sources"": 1}",4,2500,3,0.44380900760491687,0.0,0.44380900760491687,0.8006666530867417,0.0
bdh,bdh/plain,5474de1f354e,plain,propagate,mild,"{""dim"": 1, ""distance"": 8, ""length"": 12, ""n_sources"": 1}",4,5000,3,0.27836777083575726,0.0,0.27836777083575726,0.7728333243926366,0.0006666666666666666
bdh,bdh/plain,5474de1f354e,plain,propagate,mild,"{""dim"": 1, ""distance"": 8, ""length"": 12, ""n_sources"": 1}",4,7500,3,0.21384968950102726,0.0,0.21384968950102726,0.87172222473224,0.19600000000000004
bdh,bdh/plain,5474de1f354e,plain,propagate,mild,"{""dim"": 1, ""distance"": 8, ""length"": 12, ""n_sources"": 1}",4,10000,3,0.19570673877994219,0.0,0.19570673877994219,0.8547777801752091,0.11533333333333334
bdh,bdh/plain,5474de1f354e,plain,propagate,mild,"{""dim"": 1, ""distance"": 8, ""length"": 12, ""n_sources"": 1}",4,12500,3,0.19768061550954977,0.0,0.19768061550954977,0.8300555563767751,0.07133333333333333
bdh,bdh/plain,5474de1f354e,plain,propagate,mild,"{""dim"": 1, ""distance"": 8, ""length"": 12, ""n_sources"": 1}",4,15000,3,0.1998843171944221,0.0,0.1998843171944221,0.786611110150814,0.018
bdh,bdh/plain,5474de1f354e,plain,propagate,mild,"{""dim"": 1, ""distance"": 8, ""length"": 12, ""n_sources"": 1}",4,17500,3,0.2035648381958405,0.0,0.2035648381958405,0.7729999998410543,0.014666666666666668
bdh,bdh/plain,5474de1f354e,plain,propagate,mild,"{""dim"": 1, ""distance"": 8, ""length"": 12, ""n_sources"": 1}",4,20000,3,0.20985338278114796,0.0,0.20985338278114796,0.776444443186124,0.010666666666666666
bdh,bdh/plain,5474de1f354e,plain,propagate,mild,"{""dim"": 1, ""distance"": 8, ""length"": 12, ""n_sources"": 1}",4,22500,3,0.2107927824060122,0.0,0.2107927824060122,0.7857222199440003,0.007333333333333333
bdh,bdh/plain,5474de1f354e,plain,propagate,mild,"{""dim"": 1, ""distance"": 8, ""length"": 12, ""n_sources"": 1}",4,25000,3,0.21125579439103603,0.0,0.21125579439103603,0.7631111085812251,0.002
bdh,bdh/plain,5474de1f354e,plain,propagate,mild,"{""dim"": 1, ""distance"": 8, ""length"": 12, ""n_sources"": 1}",4,27500,3,0.21078433158497015,0.0,0.21078433158497015,0.7466666664481162,0.002
bdh,bdh/plain,5474de1f354e,plain,propagate,mild,"{""dim"": 1, ""distance"": 8, ""length"": 12, ""n_sources"": 1}",4,30000,3,0.21277915748457113,0.0,0.21277915748457113,0.7569444426496824,0.0006666666666666666
bdh,bdh/plain,5474de1f354e,plain,propagate,mild,"{""dim"": 1, ""distance"": 8, ""length"": 12, ""n_sources"": 1}",4,32500,3,0.21317971932391325,0.0,0.21317971932391325,0.7624444427490235,0.0013333333333333333
bdh,bdh/plain,5474de1f354e,plain,propagate,mild,"{""dim"": 1, ""distance"": 8, ""length"": 12, ""n_sources"": 1}",4,35000,3,0.21470314326385656,0.0,0.21470314326385656,0.7637777759631476,0.002
bdh,bdh/plain,5474de1f354e,plain,propagate,mild,"{""dim"": 1, ""distance"": 8, ""length"": 12, ""n_sources"": 1}",4,37500,3,0.21438753604888916,0.0,0.21438753604888916,0.7708333310683568,0.0013333333333333333
bdh,bdh/plain,5474de1f354e,plain,propagate,mild,"{""dim"": 1, ""distance"": 8, ""length"": 12, ""n_sources"": 1}",4,40000,3,0.21460391456882158,0.0,0.21460391456882158,0.7696666644016901,0.0013333333333333333
bdh,bdh/plain,5474de1f354e,plain,propagate,mild,"{""dim"": 1, ""distance"": 8, ""length"": 12, ""n_sources"": 1}",8,40000,3,0.21099376678466797,0.0,0.21099376678466797,0.7696666644016901,0.0013333333333333333
bdh,bdh/plain,5474de1f354e,plain,propagate,mild,"{""dim"": 1, ""distance"": 8, ""length"": 12, ""n_sources"": 1}",16,2500,3,0.44380900760491687,0.0,0.44380900760491687,0.8006666530867417,0.0
bdh,bdh/plain,5474de1f354e,plain,propagate,mild,"{""dim"": 1, ""distance"": 8, ""length"": 12, ""n_sources"": 1}",16,5000,3,0.27836777083575726,0.0,0.27836777083575726,0.7728333243926366,0.0006666666666666666
bdh,bdh/plain,5474de1f354e,plain,propagate,mild,"{""dim"": 1, ""distance"": 8, ""length"": 12, ""n_sources"": 1}",16,7500,3,0.21384968950102726,0.0,0.21384968950102726,0.87172222473224,0.19600000000000004
bdh,bdh/plain,5474de1f354e,plain,propagate,mild,"{""dim"": 1, ""distance"": 8, ""length"": 12, ""n_sources"": 1}",16,10000,3,0.19570673877994219,0.0,0.19570673877994219,0.8547777801752091,0.11533333333333334
bdh,bdh/plain,5474de1f354e,plain,propagate,mild,"{""dim"": 1, ""distance"": 8, ""length"": 12, ""n_sources"": 1}",16,12500,3,0.19768061550954977,0.0,0.19768061550954977,0.8300555563767751,0.07133333333333333
bdh,bdh/plain,5474de1f354e,plain,propagate,mild,"{""dim"": 1, ""distance"": 8, ""length"": 12, ""n_sources"": 1}",16,15000,3,0.1998843171944221,0.0,0.1998843171944221,0.786611110150814,0.018
bdh,bdh/plain,5474de1f354e,plain,propagate,mild,"{""dim"": 1, ""distance"": 8, ""length"": 12, ""n_sources"": 1}",16,17500,3,0.2035648381958405,0.0,0.2035648381958405,0.7729999998410543,0.014666666666666668
bdh,bdh/plain,5474de1f354e,plain,propagate,mild,"{""dim"": 1, ""distance"": 8, ""length"": 12, ""n_sources"": 1}",16,20000,3,0.20985338278114796,0.0,0.20985338278114796,0.776444443186124,0.010666666666666666
bdh,bdh/plain,5474de1f354e,plain,propagate,mild,"{""dim"": 1, ""distance"": 8, ""length"": 12, ""n_sources"": 1}",16,22500,3,0.2107927824060122,0.0,0.2107927824060122,0.7857222199440003,0.007333333333333333
bdh,bdh/plain,5474de1f354e,plain,propagate,mild,"{""dim"": 1, ""distance"": 8, ""length"": 12, ""n_sources"": 1}",16,25000,3,0.21125579439103603,0.0,0.21125579439103603,0.7631111085812251,0.002
bdh,bdh/plain,5474de1f354e,plain,propagate,mild,"{""dim"": 1, ""distance"": 8, ""length"": 12, ""n_sources"": 1}",16,27500,3,0.21078433158497015,0.0,0.21078433158497015,0.7466666664481162,0.002
bdh,bdh/plain,5474de1f354e,plain,propagate,mild,"{""dim"": 1, ""distance"": 8, ""length"": 12, ""n_sources"": 1}",16,30000,3,0.21277915748457113,0.0,0.21277915748457113,0.7569444426496824,0.0006666666666666666
bdh,bdh/plain,5474de1f354e,plain,propagate,mild,"{""dim"": 1, ""distance"": 8, ""length"": 12, ""n_sources"": 1}",16,32500,3,0.21317971932391325,0.0,0.21317971932391325,0.7624444427490235,0.0013333333333333333
bdh,bdh/plain,5474de1f354e,plain,propagate,mild,"{""dim"": 1, ""distance"": 8, ""length"": 12, ""n_sources"": 1}",16,35000,3,0.21470314326385656,0.0,0.21470314326385656,0.7637777759631476,0.002
bdh,bdh/plain,5474de1f354e,plain,propagate,mild,"{""dim"": 1, ""distance"": 8, ""length"": 12, ""n_sources"": 1}",16,37500,3,0.21438753604888916,0.0,0.21438753604888916,0.7708333310683568,0.0013333333333333333
bdh,bdh/plain,5474de1f354e,plain,propagate,mild,"{""dim"": 1, ""distance"": 8, ""length"": 12, ""n_sources"": 1}",16,40000,3,0.21460391456882158,0.0,0.21460391456882158,0.7696666644016901,0.0013333333333333333
bdh,bdh/plain,5474de1f354e,plain,propagate,mild,"{""dim"": 1, ""distance"": 8, ""length"": 12, ""n_sources"": 1}",32,40000,3,0.21099376678466797,0.0,0.21099376678466797,0.7696666644016901,0.0013333333333333333
bdh,bdh/plain,5474de1f354e,plain,propagate,strong,"{""dim"": 1, ""distance"": 12, ""length"": 48, ""n_sources"": 1}",1,2500,3,0.38050076986352604,0.0,0.38050076986352604,0.746930542508761,0.0
bdh,bdh/plain,5474de1f354e,plain,propagate,strong,"{""dim"": 1, ""distance"": 12, ""length"": 48, ""n_sources"": 1}",1,5000,3,0.3302274979650974,0.0,0.3302274979650974,0.7211805386543273,0.0
bdh,bdh/plain,5474de1f354e,plain,propagate,strong,"{""dim"": 1, ""distance"": 12, ""length"": 48, ""n_sources"": 1}",1,7500,3,0.32705063931643963,0.0,0.32705063931643963,0.7487360976139703,0.0
bdh,bdh/plain,5474de1f354e,plain,propagate,strong,"{""dim"": 1, ""distance"": 12, ""length"": 48, ""n_sources"": 1}",1,10000,3,0.40885654588540393,0.0,0.40885654588540393,0.7332638736168543,0.0
bdh,bdh/plain,5474de1f354e,plain,propagate,strong,"{""dim"": 1, ""distance"": 12, ""length"": 48, ""n_sources"": 1}",1,12500,3,0.4253364677230517,0.0,0.4253364677230517,0.7525555447737377,0.0
bdh,bdh/plain,5474de1f354e,plain,propagate,strong,"{""dim"": 1, ""distance"": 12, ""length"": 48, ""n_sources"": 1}",1,15000,3,0.41959776108463603,0.0,0.41959776108463603,0.7536944350476066,0.0
bdh,bdh/plain,5474de1f354e,plain,propagate,strong,"{""dim"": 1, ""distance"": 12, ""length"": 48, ""n_sources"": 1}",1,17500,3,0.40619777888059616,0.0,0.40619777888059616,0.7492777698834737,0.0
bdh,bdh/plain,5474de1f354e,plain,propagate,strong,"{""dim"": 1, ""distance"": 12, ""length"": 48, ""n_sources"": 1}",1,20000,3,0.4036707741518815,0.0,0.4036707741518815,0.7774722176392874,0.0
bdh,bdh/plain,5474de1f354e,plain,propagate,strong,"{""dim"": 1, ""distance"": 12, ""length"": 48, ""n_sources"": 1}",1,22500,3,0.402648934473594,0.0,0.402648934473594,0.774013886054357,0.0
bdh,bdh/plain,5474de1f354e,plain,propagate,strong,"{""dim"": 1, ""distance"": 12, ""length"": 48, ""n_sources"": 1}",1,25000,3,0.4075674042105675,0.0,0.4075674042105675,0.7783888857364655,0.0
bdh,bdh/plain,5474de1f354e,plain,propagate,strong,"{""dim"": 1, ""distance"": 12, ""length"": 48, ""n_sources"": 1}",1,27500,3,0.40968364973862964,0.0,0.40968364973862964,0.7665138842662177,0.0
bdh,bdh/plain,5474de1f354e,plain,propagate,strong,"{""dim"": 1, ""distance"": 12, ""length"": 48, ""n_sources"": 1}",1,30000,3,0.412729994704326,0.0,0.412729994704326,0.7744305516878764,0.0
bdh,bdh/plain,5474de1f354e,plain,propagate,strong,"{""dim"": 1, ""distance"": 12, ""length"": 48, ""n_sources"": 1}",1,32500,3,0.4157591238617897,0.0,0.4157591238617897,0.7664999961853027,0.0
bdh,bdh/plain,5474de1f354e,plain,propagate,strong,"{""dim"": 1, ""distance"": 12, ""length"": 48, ""n_sources"": 1}",1,35000,3,0.4172362710038821,0.0,0.4172362710038821,0.7662916625738144,0.0
bdh,bdh/plain,5474de1f354e,plain,propagate,strong,"{""dim"": 1, ""distance"": 12, ""length"": 48, ""n_sources"": 1}",1,37500,3,0.41863751659790677,0.0,0.41863751659790677,0.7667222179969152,0.0
bdh,bdh/plain,5474de1f354e,plain,propagate,strong,"{""dim"": 1, ""distance"": 12, ""length"": 48, ""n_sources"": 1}",1,40000,3,0.4189560165007909,0.0,0.4189560165007909,0.7658333288033803,0.0
bdh,bdh/plain,5474de1f354e,plain,propagate,strong,"{""dim"": 1, ""distance"": 12, ""length"": 48, ""n_sources"": 1}",2,40000,3,0.4189560165007909,0.0,0.4189560165007909,0.7658333288033803,0.0
bdh,bdh/plain,5474de1f354e,plain,propagate,strong,"{""dim"": 1, ""distance"": 12, ""length"": 48, ""n_sources"": 1}",4,2500,3,0.38050076986352604,0.0,0.38050076986352604,0.746930542508761,0.0
bdh,bdh/plain,5474de1f354e,plain,propagate,strong,"{""dim"": 1, ""distance"": 12, ""length"": 48, ""n_sources"": 1}",4,5000,3,0.3302274979650974,0.0,0.3302274979650974,0.7211805386543273,0.0
bdh,bdh/plain,5474de1f354e,plain,propagate,strong,"{""dim"": 1, ""distance"": 12, ""length"": 48, ""n_sources"": 1}",4,7500,3,0.32705063931643963,0.0,0.32705063931643963,0.7487360976139703,0.0
bdh,bdh/plain,5474de1f354e,plain,propagate,strong,"{""dim"": 1, ""distance"": 12, ""length"": 48, ""n_sources"": 1}",4,10000,3,0.40885654588540393,0.0,0.40885654588540393,0.7332638736168543,0.0
bdh,bdh/plain,5474de1f354e,plain,propagate,strong,"{""dim"": 1, ""distance"": 12, ""length"": 48, ""n_sources"": 1}",4,12500,3,0.4253364677230517,0.0,0.4253364677230517,0.7525555447737377,0.0
bdh,bdh/plain,5474de1f354e,plain,propagate,strong,"{""dim"": 1, ""distance"": 12, ""length"": 48, ""n_sources"": 1}",4,15000,3,0.41959776108463603,0.0,0.41959776108463603,0.7536944350476066,0.0
bdh,bdh/plain,5474de1f354e,plain,propagate,strong,"{""dim"": 1, ""distance"": 12, ""length"": 48, ""n_sources"": 1}",4,17500,3,0.40619777888059616,0.0,0.40619777888059616,0.7492777698834737,0.0
bdh,bdh/plain,5474de1f354e,plain,propagate,strong,"{""dim"": 1, ""distance"": 12, ""length"": 48, ""n_sources"": 1}",4,20000,3,0.4036707741518815,0.0,0.4036707741518815,0.7774722176392874,0.0
bdh,bdh/plain,5474de1f354e,plain,propagate,strong,"{""dim"": 1, ""distance"": 12, ""length"": 48, ""n_sources"": 1}",4,22500,3,0.402648934473594,0.0,0.402648934473594,0.774013886054357,0.0
bdh,bdh/plain,5474de1f354e,plain,propagate,strong,"{""dim"": 1, ""distance"": 12, ""length"": 48, ""n_sources"": 1}",4,25000,3,0.4075674042105675,0.0,0.4075674042105675,0.7783888857364655,0.0
bdh,bdh/plain,5474de1f354e,plain,propagate,strong,"{""dim"": 1, ""distance"": 12, ""length"": 48, ""n_sources"": 1}",4,27500,3,0.40968364973862964,0.0,0.40968364973862964,0.7665138842662177,0.0
bdh,bdh/plain,5474de1f354e,plain,propagate,strong,"{""dim"": 1, ""distance"": 12, ""length"": 48, ""n_sources"": 1}",4,30000,3,0.412729994704326,0.0,0.412729994704326,0.7744305516878764,0.0
bdh,bdh/plain,5474de1f354e,plain,propagate,strong,"{""dim"": 1, ""distance"": 12, ""length"": 48, ""n_sources"": 1}",4,32500,3,0.4157591238617897,0.0,0.4157591238617897,0.7664999961853027,0.0
bdh,bdh/plain,5474de1f354e,plain,propagate,strong,"{""dim"": 1, ""distance"": 12, ""length"": 48, ""n_sources"": 1}",4,35000,3,0.4172362710038821,0.0,0.4172362710038821,0.7662916625738144,0.0
bdh,bdh/plain,5474de1f354e,plain,propagate,strong,"{""dim"": 1, ""distance"": 12, ""length"": 48, ""n_sources"": 1}",4,37500,3,0.41863751659790677,0.0,0.41863751659790677,0.7667222179969152,0.0
bdh,bdh/plain,5474de1f354e,plain,propagate,strong,"{""dim"": 1, ""distance"": 12, ""length"": 48, ""n_sources"": 1}",4,40000,3,0.4189560165007909,0.0,0.4189560165007909,0.7658333288033803,0.0
bdh,bdh/plain,5474de1f354e,plain,propagate,strong,"{""dim"": 1, ""distance"": 12, ""length"": 48, ""n_sources"": 1}",8,40000,3,0.4251038699100415,0.0,0.4251038699100415,0.7658333288033803,0.0
bdh,bdh/plain,5474de1f354e,plain,propagate,strong,"{""dim"": 1, ""distance"": 12, ""length"": 48, ""n_sources"": 1}",16,2500,3,0.38050076986352604,0.0,0.38050076986352604,0.746930542508761,0.0
bdh,bdh/plain,5474de1f354e,plain,propagate,strong,"{""dim"": 1, ""distance"": 12, ""length"": 48, ""n_sources"": 1}",16,5000,3,0.3302274979650974,0.0,0.3302274979650974,0.7211805386543273,0.0
bdh,bdh/plain,5474de1f354e,plain,propagate,strong,"{""dim"": 1, ""distance"": 12, ""length"": 48, ""n_sources"": 1}",16,7500,3,0.32705063931643963,0.0,0.32705063931643963,0.7487360976139703,0.0
bdh,bdh/plain,5474de1f354e,plain,propagate,strong,"{""dim"": 1, ""distance"": 12, ""length"": 48, ""n_sources"": 1}",16,10000,3,0.40885654588540393,0.0,0.40885654588540393,0.7332638736168543,0.0
bdh,bdh/plain,5474de1f354e,plain,propagate,strong,"{""dim"": 1, ""distance"": 12, ""length"": 48, ""n_sources"": 1}",16,12500,3,0.4253364677230517,0.0,0.4253364677230517,0.7525555447737377,0.0
bdh,bdh/plain,5474de1f354e,plain,propagate,strong,"{""dim"": 1, ""distance"": 12, ""length"": 48, ""n_sources"": 1}",16,15000,3,0.41959776108463603,0.0,0.41959776108463603,0.7536944350476066,0.0
bdh,bdh/plain,5474de1f354e,plain,propagate,strong,"{""dim"": 1, ""distance"": 12, ""length"": 48, ""n_sources"": 1}",16,17500,3,0.40619777888059616,0.0,0.40619777888059616,0.7492777698834737,0.0
bdh,bdh/plain,5474de1f354e,plain,propagate,strong,"{""dim"": 1, ""distance"": 12, ""length"": 48, ""n_sources"": 1}",16,20000,3,0.4036707741518815,0.0,0.4036707741518815,0.7774722176392874,0.0
bdh,bdh/plain,5474de1f354e,plain,propagate,strong,"{""dim"": 1, ""distance"": 12, ""length"": 48, ""n_sources"": 1}",16,22500,3,0.402648934473594,0.0,0.402648934473594,0.774013886054357,0.0
bdh,bdh/plain,5474de1f354e,plain,propagate,strong,"{""dim"": 1, ""distance"": 12, ""length"": 48, ""n_sources"": 1}",16,25000,3,0.4075674042105675,0.0,0.4075674042105675,0.7783888857364655,0.0
bdh,bdh/plain,5474de1f354e,plain,propagate,strong,"{""dim"": 1, ""distance"": 12, ""length"": 48, ""n_sources"": 1}",16,27500,3,0.40968364973862964,0.0,0.40968364973862964,0.7665138842662177,0.0
bdh,bdh/plain,5474de1f354e,plain,propagate,strong,"{""dim"": 1, ""distance"": 12, ""length"": 48, ""n_sources"": 1}",16,30000,3,0.412729994704326,0.0,0.412729994704326,0.7744305516878764,0.0
bdh,bdh/plain,5474de1f354e,plain,propagate,strong,"{""dim"": 1, ""distance"": 12, ""length"": 48, ""n_sources"": 1}",16,32500,3,0.4157591238617897,0.0,0.4157591238617897,0.7664999961853027,0.0
bdh,bdh/plain,5474de1f354e,plain,propagate,strong,"{""dim"": 1, ""distance"": 12, ""length"": 48, ""n_sources"": 1}",16,35000,3,0.4172362710038821,0.0,0.4172362710038821,0.7662916625738144,0.0
bdh,bdh/plain,5474de1f354e,plain,propagate,strong,"{""dim"": 1, ""distance"": 12, ""length"": 48, ""n_sources"": 1}",16,37500,3,0.41863751659790677,0.0,0.41863751659790677,0.7667222179969152,0.0
bdh,bdh/plain,5474de1f354e,plain,propagate,strong,"{""dim"": 1, ""distance"": 12, ""length"": 48, ""n_sources"": 1}",16,40000,3,0.4189560165007909,0.0,0.4189560165007909,0.7658333288033803,0.0
bdh,bdh/plain,5474de1f354e,plain,propagate,strong,"{""dim"": 1, ""distance"": 12, ""length"": 48, ""n_sources"": 1}",32,40000,3,0.4251038699100415,0.0,0.4251038699100415,0.7658333288033803,0.0
bdh,bdh/plain,5474de1f354e,plain,propagate,strong,"{""dim"": 1, ""distance"": 24, ""length"": 48, ""n_sources"": 1}",1,2500,3,0.37385111550490063,0.0,0.37385111550490063,0.6397777784665425,0.0
bdh,bdh/plain,5474de1f354e,plain,propagate,strong,"{""dim"": 1, ""distance"": 24, ""length"": 48, ""n_sources"": 1}",1,5000,3,0.32466084758440655,0.0,0.32466084758440655,0.5673888921141624,0.0
bdh,bdh/plain,5474de1f354e,plain,propagate,strong,"{""dim"": 1, ""distance"": 24, ""length"": 48, ""n_sources"": 1}",1,7500,3,0.32311384938657284,0.0,0.32311384938657284,0.639111112833023,0.0
bdh,bdh/plain,5474de1f354e,plain,propagate,strong,"{""dim"": 1, ""distance"": 24, ""length"": 48, ""n_sources"": 1}",1,10000,3,0.4082229708631833,0.0,0.4082229708631833,0.5764444461067518,0.0
bdh,bdh/plain,5474de1f354e,plain,propagate,strong,"{""dim"": 1, ""distance"": 24, ""length"": 48, ""n_sources"": 1}",1,12500,3,0.41843386615316075,0.0,0.41843386615316075,0.6256805553833643,0.0
bdh,bdh/plain,5474de1f354e,plain,propagate,strong,"{""dim"": 1, ""distance"": 24, ""length"": 48, ""n_sources"": 1}",1,15000,3,0.42093410591284436,0.0,0.42093410591284436,0.6160833332873881,0.0
bdh,bdh/plain,5474de1f354e,plain,propagate,strong,"{""dim"": 1, ""distance"": 24, ""length"": 48, ""n_sources"": 1}",1,17500,3,0.4128280058503151,0.0,0.4128280058503151,0.5921388889948527,0.0
bdh,bdh/plain,5474de1f354e,plain,propagate,strong,"{""dim"": 1, ""distance"": 24, ""length"": 48, ""n_sources"": 1}",1,20000,3,0.40358833720286685,0.0,0.40358833720286685,0.6683472228050231,0.0
bdh,bdh/plain,5474de1f354e,plain,propagate,strong,"{""dim"": 1, ""distance"": 24, ""length"": 48, ""n_sources"": 1}",1,22500,3,0.4100542813539505,0.0,0.4100542813539505,0.6553888882199924,0.0
bdh,bdh/plain,5474de1f354e,plain,propagate,strong,"{""dim"": 1, ""distance"": 24, ""length"": 48, ""n_sources"": 1}",1,25000,3,0.4068000540137291,0.0,0.4068000540137291,0.66631944445769,0.0
bdh,bdh/plain,5474de1f354e,plain,propagate,strong,"{""dim"": 1, ""distance"": 24, ""length"": 48, ""n_sources"": 1}",1,27500,3,0.4120711137851079,0.0,0.4120711137851079,0.6325416664083799,0.0
bdh,bdh/plain,5474de1f354e,plain,propagate,strong,"{""dim"": 1, ""distance"": 24, ""length"": 48, ""n_sources"": 1}",1,30000,3,0.41605455552538234,0.0,0.41605455552538234,0.6474999997615815,0.0
bdh,bdh/plain,5474de1f354e,plain,propagate,strong,"{""dim"": 1, ""distance"": 24, ""length"": 48, ""n_sources"": 1}",1,32500,3,0.4202212728559971,0.0,0.4202212728559971,0.6384166665474574,0.0
bdh,bdh/plain,5474de1f354e,plain,propagate,strong,"{""dim"": 1, ""distance"": 24, ""length"": 48, ""n_sources"": 1}",1,35000,3,0.42193059374888736,0.0,0.42193059374888736,0.637888889114062,0.0
bdh,bdh/plain,5474de1f354e,plain,propagate,strong,"{""dim"": 1, ""distance"": 24, ""length"": 48, ""n_sources"": 1}",1,37500,3,0.4228254333138466,0.0,0.4228254333138466,0.6384166670441628,0.0
bdh,bdh/plain,5474de1f354e,plain,propagate,strong,"{""dim"": 1, ""distance"": 24, ""length"": 48, ""n_sources"": 1}",1,40000,3,0.4231753908097744,0.0,0.4231753908097744,0.6361388892134031,0.0
bdh,bdh/plain,5474de1f354e,plain,propagate,strong,"{""dim"": 1, ""distance"": 24, ""length"": 48, ""n_sources"": 1}",2,40000,3,0.4231753908097744,0.0,0.4231753908097744,0.6361388892134031,0.0
bdh,bdh/plain,5474de1f354e,plain,propagate,strong,"{""dim"": 1, ""distance"": 24, ""length"": 48, ""n_sources"": 1}",4,2500,3,0.37385111550490063,0.0,0.37385111550490063,0.6397777784665425,0.0
bdh,bdh/plain,5474de1f354e,plain,propagate,strong,"{""dim"": 1, ""distance"": 24, ""length"": 48, ""n_sources"": 1}",4,5000,3,0.32466084758440655,0.0,0.32466084758440655,0.5673888921141624,0.0
bdh,bdh/plain,5474de1f354e,plain,propagate,strong,"{""dim"": 1, ""distance"": 24, ""length"": 48, ""n_sources"": 1}",4,7500,3,0.32311384938657284,0.0,0.32311384938657284,0.639111112833023,0.0
bdh,bdh/plain,5474de1f354e,plain,propagate,strong,"{""dim"": 1, ""distance"": 24, ""length"": 48, ""n_sources"": 1}",4,10000,3,0.4082229708631833,0.0,0.4082229708631833,0.5764444461067518,0.0
bdh,bdh/plain,5474de1f354e,plain,propagate,strong,"{""dim"": 1, ""distance"": 24, ""length"": 48, ""n_sources"": 1}",4,12500,3,0.41843386615316075,0.0,0.41843386615316075,0.6256805553833643,0.0
bdh,bdh/plain,5474de1f354e,plain,propagate,strong,"{""dim"": 1, ""distance"": 24, ""length"": 48, ""n_sources"": 1}",4,15000,3,0.42093410591284436,0.0,0.42093410591284436,0.6160833332873881,0.0
bdh,bdh/plain,5474de1f354e,plain,propagate,strong,"{""dim"": 1, ""distance"": 24, ""length"": 48, ""n_sources"": 1}",4,17500,3,0.4128280058503151,0.0,0.4128280058503151,0.5921388889948527,0.0
bdh,bdh/plain,5474de1f354e,plain,propagate,strong,"{""dim"": 1, ""distance"": 24, ""length"": 48, ""n_sources"": 1}",4,20000,3,0.40358833720286685,0.0,0.40358833720286685,0.6683472228050231,0.0
bdh,bdh/plain,5474de1f354e,plain,propagate,strong,"{""dim"": 1, ""distance"": 24, ""length"": 48, ""n_sources"": 1}",4,22500,3,0.4100542813539505,0.0,0.4100542813539505,0.6553888882199924,0.0
bdh,bdh/plain,5474de1f354e,plain,propagate,strong,"{""dim"": 1, ""distance"": 24, ""length"": 48, ""n_sources"": 1}",4,25000,3,0.4068000540137291,0.0,0.4068000540137291,0.66631944445769,0.0
bdh,bdh/plain,5474de1f354e,plain,propagate,strong,"{""dim"": 1, ""distance"": 24, ""length"": 48, ""n_sources"": 1}",4,27500,3,0.4120711137851079,0.0,0.4120711137851079,0.6325416664083799,0.0
bdh,bdh/plain,5474de1f354e,plain,propagate,strong,"{""dim"": 1, ""distance"": 24, ""length"": 48, ""n_sources"": 1}",4,30000,3,0.41605455552538234,0.0,0.41605455552538234,0.6474999997615815,0.0
bdh,bdh/plain,5474de1f354e,plain,propagate,strong,"{""dim"": 1, ""distance"": 24, ""length"": 48, ""n_sources"": 1}",4,32500,3,0.4202212728559971,0.0,0.4202212728559971,0.6384166665474574,0.0
bdh,bdh/plain,5474de1f354e,plain,propagate,strong,"{""dim"": 1, ""distance"": 24, ""length"": 48, ""n_sources"": 1}",4,35000,3,0.42193059374888736,0.0,0.42193059374888736,0.637888889114062,0.0
bdh,bdh/plain,5474de1f354e,plain,propagate,strong,"{""dim"": 1, ""distance"": 24, ""length"": 48, ""n_sources"": 1}",4,37500,3,0.4228254333138466,0.0,0.4228254333138466,0.6384166670441628,0.0
bdh,bdh/plain,5474de1f354e,plain,propagate,strong,"{""dim"": 1, ""distance"": 24, ""length"": 48, ""n_sources"": 1}",4,40000,3,0.4231753908097744,0.0,0.4231753908097744,0.6361388892134031,0.0
bdh,bdh/plain,5474de1f354e,plain,propagate,strong,"{""dim"": 1, ""distance"": 24, ""length"": 48, ""n_sources"": 1}",8,40000,3,0.41963472714026767,0.0,0.41963472714026767,0.6361388892134031,0.0
bdh,bdh/plain,5474de1f354e,plain,propagate,strong,"{""dim"": 1, ""distance"": 24, ""length"": 48, ""n_sources"": 1}",16,2500,3,0.37385111550490063,0.0,0.37385111550490063,0.6397777784665425,0.0
bdh,bdh/plain,5474de1f354e,plain,propagate,strong,"{""dim"": 1, ""distance"": 24, ""length"": 48, ""n_sources"": 1}",16,5000,3,0.32466084758440655,0.0,0.32466084758440655,0.5673888921141624,0.0
bdh,bdh/plain,5474de1f354e,plain,propagate,strong,"{""dim"": 1, ""distance"": 24, ""length"": 48, ""n_sources"": 1}",16,7500,3,0.32311384938657284,0.0,0.32311384938657284,0.639111112833023,0.0
bdh,bdh/plain,5474de1f354e,plain,propagate,strong,"{""dim"": 1, ""distance"": 24, ""length"": 48, ""n_sources"": 1}",16,10000,3,0.4082229708631833,0.0,0.4082229708631833,0.5764444461067518,0.0
bdh,bdh/plain,5474de1f354e,plain,propagate,strong,"{""dim"": 1, ""distance"": 24, ""length"": 48, ""n_sources"": 1}",16,12500,3,0.41843386615316075,0.0,0.41843386615316075,0.6256805553833643,0.0
bdh,bdh/plain,5474de1f354e,plain,propagate,strong,"{""dim"": 1, ""distance"": 24, ""length"": 48, ""n_sources"": 1}",16,15000,3,0.42093410591284436,0.0,0.42093410591284436,0.6160833332873881,0.0
bdh,bdh/plain,5474de1f354e,plain,propagate,strong,"{""dim"": 1, ""distance"": 24, ""length"": 48, ""n_sources"": 1}",16,17500,3,0.4128280058503151,0.0,0.4128280058503151,0.5921388889948527,0.0
bdh,bdh/plain,5474de1f354e,plain,propagate,strong,"{""dim"": 1, ""distance"": 24, ""length"": 48, ""n_sources"": 1}",16,20000,3,0.40358833720286685,0.0,0.40358833720286685,0.6683472228050231,0.0
bdh,bdh/plain,5474de1f354e,plain,propagate,strong,"{""dim"": 1, ""distance"": 24, ""length"": 48, ""n_sources"": 1}",16,22500,3,0.4100542813539505,0.0,0.4100542813539505,0.6553888882199924,0.0
bdh,bdh/plain,5474de1f354e,plain,propagate,strong,"{""dim"": 1, ""distance"": 24, ""length"": 48, ""n_sources"": 1}",16,25000,3,0.4068000540137291,0.0,0.4068000540137291,0.66631944445769,0.0
bdh,bdh/plain,5474de1f354e,plain,propagate,strong,"{""dim"": 1, ""distance"": 24, ""length"": 48, ""n_sources"": 1}",16,27500,3,0.4120711137851079,0.0,0.4120711137851079,0.6325416664083799,0.0
bdh,bdh/plain,5474de1f354e,plain,propagate,strong,"{""dim"": 1, ""distance"": 24, ""length"": 48, ""n_sources"": 1}",16,30000,3,0.41605455552538234,0.0,0.41605455552538234,0.6474999997615815,0.0
bdh,bdh/plain,5474de1f354e,plain,propagate,strong,"{""dim"": 1, ""distance"": 24, ""length"": 48, ""n_sources"": 1}",16,32500,3,0.4202212728559971,0.0,0.4202212728559971,0.6384166665474574,0.0
bdh,bdh/plain,5474de1f354e,plain,propagate,strong,"{""dim"": 1, ""distance"": 24, ""length"": 48, ""n_sources"": 1}",16,35000,3,0.42193059374888736,0.0,0.42193059374888736,0.637888889114062,0.0
bdh,bdh/plain,5474de1f354e,plain,propagate,strong,"{""dim"": 1, ""distance"": 24, ""length"": 48, ""n_sources"": 1}",16,37500,3,0.4228254333138466,0.0,0.4228254333138466,0.6384166670441628,0.0
bdh,bdh/plain,5474de1f354e,plain,propagate,strong,"{""dim"": 1, ""distance"": 24, ""length"": 48, ""n_sources"": 1}",16,40000,3,0.4231753908097744,0.0,0.4231753908097744,0.6361388892134031,0.0
bdh,bdh/plain,5474de1f354e,plain,propagate,strong,"{""dim"": 1, ""distance"": 24, ""length"": 48, ""n_sources"": 1}",32,40000,3,0.41963472714026767,0.0,0.41963472714026767,0.6361388892134031,0.0
bdh_cq,bdh_cq/attn_residual,9b4bca1a63ee,attn_residual,propagate,interp,"{""dim"": 1, ""distance"": 1, ""length"": 12, ""n_sources"": 1}",1,2500,3,0.9774926702181498,1.0,0.9774926702181498,0.8010645251193208,0.0
bdh_cq,bdh_cq/attn_residual,9b4bca1a63ee,attn_residual,propagate,interp,"{""dim"": 1, ""distance"": 1, ""length"": 12, ""n_sources"": 1}",1,5000,3,0.8934054349859556,1.0,0.8934054349859556,0.7804391098147381,0.0
bdh_cq,bdh_cq/attn_residual,9b4bca1a63ee,attn_residual,propagate,interp,"{""dim"": 1, ""distance"": 1, ""length"": 12, ""n_sources"": 1}",1,7500,3,0.5767978808532158,1.0,0.5767978808532158,0.8314204868412541,0.021956087824351295
bdh_cq,bdh_cq/attn_residual,9b4bca1a63ee,attn_residual,propagate,interp,"{""dim"": 1, ""distance"": 1, ""length"": 12, ""n_sources"": 1}",1,10000,3,0.4357658140361309,1.0,0.4357658140361309,0.9603293467900472,0.5978043912175649
bdh_cq,bdh_cq/attn_residual,9b4bca1a63ee,attn_residual,propagate,interp,"{""dim"": 1, ""distance"": 1, ""length"": 12, ""n_sources"": 1}",1,12500,3,0.3880445320780079,1.0,0.3880445320780079,0.9881071210978275,0.8722554890219559
bdh_cq,bdh_cq/attn_residual,9b4bca1a63ee,attn_residual,propagate,interp,"{""dim"": 1, ""distance"": 1, ""length"": 12, ""n_sources"": 1}",1,15000,3,0.3758787444482247,1.0,0.3758787444482247,0.9928476392865894,0.9231536926147704
bdh_cq,bdh_cq/attn_residual,9b4bca1a63ee,attn_residual,propagate,interp,"{""dim"": 1, ""distance"": 1, ""length"": 12, ""n_sources"": 1}",1,17500,3,0.3706081574782729,1.0,0.3706081574782729,0.9964238197622661,0.9610778443113772
bdh_cq,bdh_cq/attn_residual,9b4bca1a63ee,attn_residual,propagate,interp,"{""dim"": 1, ""distance"": 1, ""length"": 12, ""n_sources"": 1}",1,20000,3,0.34715739424185205,1.0,0.34715739424185205,0.9977544914343638,0.9750499001996008
bdh_cq,bdh_cq/attn_residual,9b4bca1a63ee,attn_residual,propagate,interp,"{""dim"": 1, ""distance"": 1, ""length"": 12, ""n_sources"": 1}",1,22500,3,0.3321646611051013,1.0,0.3321646611051013,0.9977544914938495,0.9740518962075848
bdh_cq,bdh_cq/attn_residual,9b4bca1a63ee,attn_residual,propagate,interp,"{""dim"": 1, ""distance"": 1, ""length"": 12, ""n_sources"": 1}",1,25000,3,0.31684263203836355,1.0,0.31684263203836355,0.9985029943688901,0.9820359281437127
bdh_cq,bdh_cq/attn_residual,9b4bca1a63ee,attn_residual,propagate,interp,"{""dim"": 1, ""distance"": 1, ""length"": 12, ""n_sources"": 1}",1,27500,3,0.3345645485096611,1.0,0.3345645485096611,0.9990019962459268,0.9880239520958084
bdh_cq,bdh_cq/attn_residual,9b4bca1a63ee,attn_residual,propagate,interp,"{""dim"": 1, ""distance"": 1, ""length"": 12, ""n_sources"": 1}",1,30000,3,0.31962241465225816,1.0,0.31962241465225816,0.9989188292664206,0.9870259481037924
bdh_cq,bdh_cq/attn_residual,9b4bca1a63ee,attn_residual,propagate,interp,"{""dim"": 1, ""distance"": 1, ""length"": 12, ""n_sources"": 1}",1,32500,3,0.291398922757556,1.0,0.291398922757556,0.9993346641639511,0.9920159680638724
bdh_cq,bdh_cq/attn_residual,9b4bca1a63ee,attn_residual,propagate,interp,"{""dim"": 1, ""distance"": 1, ""length"": 12, ""n_sources"": 1}",1,35000,3,0.3018092861942326,1.0,0.3018092861942326,0.9995841651024695,0.9950099800399202
bdh_cq,bdh_cq/attn_residual,9b4bca1a63ee,attn_residual,propagate,interp,"{""dim"": 1, ""distance"": 1, ""length"": 12, ""n_sources"": 1}",1,37500,3,0.2846935744552563,1.0,0.2846935744552563,0.9995841651024695,0.9950099800399202
bdh_cq,bdh_cq/attn_residual,9b4bca1a63ee,attn_residual,propagate,interp,"{""dim"": 1, ""distance"": 1, ""length"": 12, ""n_sources"": 1}",1,40000,3,0.28621084730063256,1.0,0.28621084730063256,0.9996673320819757,0.9960079840319361
bdh_cq,bdh_cq/attn_residual,9b4bca1a63ee,attn_residual,propagate,interp,"{""dim"": 1, ""distance"": 1, ""length"": 12, ""n_sources"": 1}",2,40000,3,0.9430984382828077,0.0,0.9430984382828077,0.9997504990614816,0.9970059880239521
bdh_cq,bdh_cq/attn_residual,9b4bca1a63ee,attn_residual,propagate,interp,"{""dim"": 1, ""distance"": 1, ""length"": 12, ""n_sources"": 1}",4,2500,3,0.9977945710221926,0.0,0.9915043264627457,0.8020625290221083,0.0
bdh_cq,bdh_cq/attn_residual,9b4bca1a63ee,attn_residual,propagate,interp,"{""dim"": 1, ""distance"": 1, ""length"": 12, ""n_sources"": 1}",4,5000,3,0.9988382905721664,0.0,0.990355076889197,0.7793579385086091,0.0
bdh_cq,bdh_cq/attn_residual,9b4bca1a63ee,attn_residual,propagate,interp,"{""dim"": 1, ""distance"": 1, ""length"": 12, ""n_sources"": 1}",4,7500,3,0.9979614789287249,0.0,0.9759243031342825,0.823685957420015,0.018962075848303395
bdh_cq,bdh_cq/attn_residual,9b4bca1a63ee,attn_residual,propagate,interp,"{""dim"": 1, ""distance"": 1, ""length"": 12, ""n_sources"": 1}",4,10000,3,0.9988153800368309,0.0,0.9729754875103632,0.9023619475597869,0.23153692614770457
bdh_cq,bdh_cq/attn_residual,9b4bca1a63ee,attn_residual,propagate,interp,"{""dim"": 1, ""distance"": 1, ""length"": 12, ""n_sources"": 1}",4,12500,3,0.9986123889684677,0.0,0.9638934309283892,0.9804557586858372,0.7864271457085827
bdh_cq,bdh_cq/attn_residual,9b4bca1a63ee,attn_residual,propagate,interp,"{""dim"": 1, ""distance"": 1, ""length"": 12, ""n_sources"": 1}",4,15000,3,0.9978248452146848,0.0,0.9475426773230234,0.9940119770591607,0.9371257485029941
bdh_cq,bdh_cq/attn_residual,9b4bca1a63ee,attn_residual,propagate,interp,"{""dim"": 1, ""distance"": 1, ""length"": 12, ""n_sources"": 1}",4,17500,3,0.9964316040277481,0.0,0.916204979022344,0.9944278121351481,0.9371257485029939
bdh_cq,bdh_cq/attn_residual,9b4bca1a63ee,attn_residual,propagate,interp,"{""dim"": 1, ""distance"": 1, ""length"": 12, ""n_sources"": 1}",4,20000,3,0.9957098985711733,0.0,0.9143112252155939,0.9974218235758251,0.9700598802395209
bdh_cq,bdh_cq/attn_residual,9b4bca1a63ee,attn_residual,propagate,interp,"{""dim"": 1, ""distance"": 1, ""length"": 12, ""n_sources"": 1}",4,22500,3,0.9964877491195997,0.0,0.918709305425485,0.9988356622869144,0.9860279441117764
bdh_cq,bdh_cq/attn_residual,9b4bca1a63ee,attn_residual,propagate,interp,"{""dim"": 1, ""distance"": 1, ""length"": 12, ""n_sources"": 1}",4,25000,3,0.9946749483545622,0.0,0.926152822872003,0.9980871594713596,0.9770459081836327
bdh_cq,bdh_cq/attn_residual,9b4bca1a63ee,attn_residual,propagate,interp,"{""dim"": 1, ""distance"": 1, ""length"": 12, ""n_sources"": 1}",4,27500,3,0.9956143473585447,0.0,0.9147831598917643,0.9991683302049389,0.9900199600798403
bdh_cq,bdh_cq/attn_residual,9b4bca1a63ee,attn_residual,propagate,interp,"{""dim"": 1, ""distance"": 1, ""length"": 12, ""n_sources"": 1}",4,30000,3,0.9949686303734779,0.0,0.9320877815286318,0.9990851632254328,0.9890219560878243
bdh_cq,bdh_cq/attn_residual,9b4bca1a63ee,attn_residual,propagate,interp,"{""dim"": 1, ""distance"": 1, ""length"": 12, ""n_sources"": 1}",4,32500,3,0.9952439789970716,0.0,0.929115541279316,0.9993346641639511,0.9920159680638724
bdh_cq,bdh_cq/attn_residual,9b4bca1a63ee,attn_residual,propagate,interp,"{""dim"": 1, ""distance"": 1, ""length"": 12, ""n_sources"": 1}",4,35000,3,0.995474249124527,0.0,0.9308423275748888,0.9996673320819754,0.9960079840319361
bdh_cq,bdh_cq/attn_residual,9b4bca1a63ee,attn_residual,propagate,interp,"{""dim"": 1, ""distance"": 1, ""length"": 12, ""n_sources"": 1}",4,37500,3,0.9950007051229477,0.0,0.9297341754039129,0.9996673320819754,0.9960079840319361
bdh_cq,bdh_cq/attn_residual,9b4bca1a63ee,attn_residual,propagate,interp,"{""dim"": 1, ""distance"": 1, ""length"": 12, ""n_sources"": 1}",4,40000,3,0.9950841764609019,0.0,0.93003282447656,0.9996673320819754,0.9960079840319361
bdh_cq,bdh_cq/attn_residual,9b4bca1a63ee,attn_residual,propagate,interp,"{""dim"": 1, ""distance"": 1, ""length"": 12, ""n_sources"": 1}",8,40000,3,0.9944829177111387,0.0,0.9145189709961414,0.644627407371641,0.0
bdh_cq,bdh_cq/attn_residual,9b4bca1a63ee,attn_residual,propagate,interp,"{""dim"": 1, ""distance"": 1, ""length"": 12, ""n_sources"": 1}",16,2500,3,0.9997916296124458,0.0,0.9915043264627457,0.7967398424824318,0.0
bdh_cq,bdh_cq/attn_residual,9b4bca1a63ee,attn_residual,propagate,interp,"{""dim"": 1, ""distance"": 1, ""length"": 12, ""n_sources"": 1}",16,5000,3,0.9996165707707405,0.0,0.990355076889197,0.7754490940707054,0.0
bdh_cq,bdh_cq/attn_residual,9b4bca1a63ee,attn_residual,propagate,interp,"{""dim"": 1, ""distance"": 1, ""length"": 12, ""n_sources"": 1}",16,7500,3,0.9992051447431246,0.0,0.9751351525386175,0.7834331270106537,0.0009980039920159682
bdh_cq,bdh_cq/attn_residual,9b4bca1a63ee,attn_residual,propagate,interp,"{""dim"": 1, ""distance"": 1, ""length"": 12, ""n_sources"": 1}",16,10000,3,0.9995077326893806,0.0,0.9729754875103632,0.7352794349461259,0.0
bdh_cq,bdh_cq/attn_residual,9b4bca1a63ee,attn_residual,propagate,interp,"{""dim"": 1, ""distance"": 1, ""length"": 12, ""n_sources"": 1}",16,12500,3,0.9996344049771627,0.0,0.9638934309283892,0.71798069911178,0.0
bdh_cq,bdh_cq/attn_residual,9b4bca1a63ee,attn_residual,propagate,interp,"{""dim"": 1, ""distance"": 1, ""length"": 12, ""n_sources"": 1}",16,15000,3,0.9991812159617742,0.0,0.9475426773230234,0.6701596762442185,0.0
bdh_cq,bdh_cq/attn_residual,9b4bca1a63ee,attn_residual,propagate,interp,"{""dim"": 1, ""distance"": 1, ""length"": 12, ""n_sources"": 1}",16,17500,3,0.9997641146183014,0.0,0.916204979022344,0.6665834965939056,0.0
bdh_cq,bdh_cq/attn_residual,9b4bca1a63ee,attn_residual,propagate,interp,"{""dim"": 1, ""distance"": 1, ""length"": 12, ""n_sources"": 1}",16,20000,3,0.9990783085425695,0.0,0.9143112252155939,0.6841317337608622,0.0
bdh_cq,bdh_cq/attn_residual,9b4bca1a63ee,attn_residual,propagate,interp,"{""dim"": 1, ""distance"": 1, ""length"": 12, ""n_sources"": 1}",16,22500,3,0.9996727655331293,0.0,0.918709305425485,0.6669993312237507,0.0
bdh_cq,bdh_cq/attn_residual,9b4bca1a63ee,attn_residual,propagate,interp,"{""dim"": 1, ""distance"": 1, ""length"": 12, ""n_sources"": 1}",16,25000,3,0.9997583975394567,0.0,0.926152822872003,0.6630073160587432,0.0
bdh_cq,bdh_cq/attn_residual,9b4bca1a63ee,attn_residual,propagate,interp,"{""dim"": 1, ""distance"": 1, ""length"": 12, ""n_sources"": 1}",16,27500,3,0.9996077567338943,0.0,0.9147831598917643,0.6723220199049115,0.0
bdh_cq,bdh_cq/attn_residual,9b4bca1a63ee,attn_residual,propagate,interp,"{""dim"": 1, ""distance"": 1, ""length"": 12, ""n_sources"": 1}",16,30000,3,0.9997067401806513,0.0,0.9320877815286318,0.6710745154948768,0.0
bdh_cq,bdh_cq/attn_residual,9b4bca1a63ee,attn_residual,propagate,interp,"{""dim"": 1, ""distance"": 1, ""length"": 12, ""n_sources"": 1}",16,32500,3,0.9997315282622973,0.0,0.929115541279316,0.7015968042754842,0.0
bdh_cq,bdh_cq/attn_residual,9b4bca1a63ee,attn_residual,propagate,interp,"{""dim"": 1, ""distance"": 1, ""length"": 12, ""n_sources"": 1}",16,35000,3,0.99974708010753,0.0,0.9308423275748888,0.6870425786979184,0.0
bdh_cq,bdh_cq/attn_residual,9b4bca1a63ee,attn_residual,propagate,interp,"{""dim"": 1, ""distance"": 1, ""length"": 12, ""n_sources"": 1}",16,37500,3,0.9997477233409882,0.0,0.9297341754039129,0.6878742495191074,0.0
bdh_cq,bdh_cq/attn_residual,9b4bca1a63ee,attn_residual,propagate,interp,"{""dim"": 1, ""distance"": 1, ""length"": 12, ""n_sources"": 1}",16,40000,3,0.9997404366731644,0.0,0.93003282447656,0.6925316012488629,0.0
bdh_cq,bdh_cq/attn_residual,9b4bca1a63ee,attn_residual,propagate,interp,"{""dim"": 1, ""distance"": 1, ""length"": 12, ""n_sources"": 1}",32,2500,3,0.9999456349760294,0.0,0.9905560581634442,0.7900864840624574,0.0
bdh_cq,bdh_cq/attn_residual,9b4bca1a63ee,attn_residual,propagate,interp,"{""dim"": 1, ""distance"": 1, ""length"": 12, ""n_sources"": 1}",32,5000,3,0.9999402991185585,0.0,0.9886256214231253,0.7292082458883226,0.0
bdh_cq,bdh_cq/attn_residual,9b4bca1a63ee,attn_residual,propagate,interp,"{""dim"": 1, ""distance"": 1, ""length"": 12, ""n_sources"": 1}",32,7500,3,0.9998376704752445,0.0,0.9727329133699337,0.7502494993324053,0.0
bdh_cq,bdh_cq/attn_residual,9b4bca1a63ee,attn_residual,propagate,interp,"{""dim"": 1, ""distance"": 1, ""length"": 12, ""n_sources"": 1}",32,10000,3,0.9996461135645708,0.0,0.9836773965507746,0.7291250809164579,0.0
bdh_cq,bdh_cq/attn_residual,9b4bca1a63ee,attn_residual,propagate,interp,"{""dim"": 1, ""distance"": 1, ""length"": 12, ""n_sources"": 1}",32,12500,3,0.9992701094597578,0.0,0.9352925972392162,0.6469560863669522,0.0
bdh_cq,bdh_cq/attn_residual,9b4bca1a63ee,attn_residual,propagate,interp,"{""dim"": 1, ""distance"": 1, ""length"": 12, ""n_sources"": 1}",32,15000,3,0.9997305199503899,0.0,0.9320626842478911,0.3873087165955298,0.0
bdh_cq,bdh_cq/attn_residual,9b4bca1a63ee,attn_residual,propagate,interp,"{""dim"": 1, ""distance"": 1, ""length"": 12, ""n_sources"": 1}",32,17500,3,0.9998273135473331,0.0,0.9035817813128233,0.41126081313261253,0.0
bdh_cq,bdh_cq/attn_residual,9b4bca1a63ee,attn_residual,propagate,interp,"{""dim"": 1, ""distance"": 1, ""length"": 12, ""n_sources"": 1}",32,20000,3,0.999136465912064,0.0,0.8921731964995464,0.45259481079564123,0.0
bdh_cq,bdh_cq/attn_residual,9b4bca1a63ee,attn_residual,propagate,interp,"{""dim"": 1, ""distance"": 1, ""length"": 12, ""n_sources"": 1}",32,22500,3,0.9984790235757828,0.0,0.8975307823469242,0.4677312052148783,0.0
bdh_cq,bdh_cq/attn_residual,9b4bca1a63ee,attn_residual,propagate,interp,"{""dim"": 1, ""distance"": 1, ""length"": 12, ""n_sources"": 1}",32,25000,3,0.9995687591532866,0.0,0.9157206043601036,0.4747172328169474,0.0
bdh_cq,bdh_cq/attn_residual,9b4bca1a63ee,attn_residual,propagate,interp,"{""dim"": 1, ""distance"": 1, ""length"": 12, ""n_sources"": 1}",32,27500,3,0.9994323955227932,0.0,0.8980424646288157,0.5247837657075443,0.0
bdh_cq,bdh_cq/attn_residual,9b4bca1a63ee,attn_residual,propagate,interp,"{""dim"": 1, ""distance"": 1, ""length"": 12, ""n_sources"": 1}",32,30000,3,0.999039314687252,0.0,0.914764262114962,0.5128908846861945,0.0
bdh_cq,bdh_cq/attn_residual,9b4bca1a63ee,attn_residual,propagate,interp,"{""dim"": 1, ""distance"": 1, ""length"": 12, ""n_sources"": 1}",32,32500,3,0.9993992572029432,0.0,0.9135733445485433,0.5224550896270309,0.0
bdh_cq,bdh_cq/attn_residual,9b4bca1a63ee,attn_residual,propagate,interp,"{""dim"": 1, ""distance"": 1, ""length"": 12, ""n_sources"": 1}",32,35000,3,0.9995609720547994,0.0,0.9144635467479626,0.5285262813096394,0.0
bdh_cq,bdh_cq/attn_residual,9b4bca1a63ee,attn_residual,propagate,interp,"{""dim"": 1, ""distance"": 1, ""length"": 12, ""n_sources"": 1}",32,37500,3,0.9995345529168844,0.0,0.9143133269002041,0.5331004657401534,0.0
bdh_cq,bdh_cq/attn_residual,9b4bca1a63ee,attn_residual,propagate,interp,"{""dim"": 1, ""distance"": 1, ""length"": 12, ""n_sources"": 1}",32,40000,3,0.9994927116980156,0.0,0.9145189709961414,0.535013306752115,0.0
bdh_cq,bdh_cq/attn_residual,9b4bca1a63ee,attn_residual,propagate,interp,"{""dim"": 1, ""distance"": 2, ""length"": 12, ""n_sources"": 1}",1,2500,3,0.9774074380596479,1.0,0.9774074380596479,0.7906239471278034,0.0
bdh_cq,bdh_cq/attn_residual,9b4bca1a63ee,attn_residual,propagate,interp,"{""dim"": 1, ""distance"": 2, ""length"": 12, ""n_sources"": 1}",1,5000,3,0.911762868364652,1.0,0.911762868364652,0.7878711945689596,0.0
bdh_cq,bdh_cq/attn_residual,9b4bca1a63ee,attn_residual,propagate,interp,"{""dim"": 1, ""distance"": 2, ""length"": 12, ""n_sources"": 1}",1,7500,3,0.5778966341167688,1.0,0.5778966341167688,0.8495161785437418,0.04504504504504505
bdh_cq,bdh_cq/attn_residual,9b4bca1a63ee,attn_residual,propagate,interp,"{""dim"": 1, ""distance"": 2, ""length"": 12, ""n_sources"": 1}",1,10000,3,0.4380492145040383,1.0,0.4380492145040383,0.9642976365528546,0.6236236236236237
bdh_cq,bdh_cq/attn_residual,9b4bca1a63ee,attn_residual,propagate,interp,"{""dim"": 1, ""distance"": 2, ""length"": 12, ""n_sources"": 1}",1,12500,3,0.3704797379129256,1.0,0.3704797379129256,0.9911578262413109,0.8998998998998999
bdh_cq,bdh_cq/attn_residual,9b4bca1a63ee,attn_residual,propagate,interp,"{""dim"": 1, ""distance"": 2, ""length"": 12, ""n_sources"": 1}",1,15000,3,0.3856397462853541,1.0,0.3856397462853541,0.9964964973317968,0.9579579579579581
bdh_cq,bdh_cq/attn_residual,9b4bca1a63ee,attn_residual,propagate,interp,"{""dim"": 1, ""distance"": 2, ""length"": 12, ""n_sources"": 1}",1,17500,3,0.3576419057014088,1.0,0.3576419057014088,0.9977477482250622,0.974974974974975
bdh_cq,bdh_cq/attn_residual,9b4bca1a63ee,attn_residual,propagate,interp,"{""dim"": 1, ""distance"": 2, ""length"": 12, ""n_sources"": 1}",1,20000,3,0.3344504191384961,1.0,0.3344504191384961,0.9984984987968201,0.9829829829829829
bdh_cq,bdh_cq/attn_residual,9b4bca1a63ee,attn_residual,propagate,interp,"{""dim"": 1, ""distance"": 2, ""length"": 12, ""n_sources"": 1}",1,22500,3,0.32505940304448205,1.0,0.32505940304448205,0.9985819155270154,0.983983983983984
bdh_cq,bdh_cq/attn_residual,9b4bca1a63ee,attn_residual,propagate,interp,"{""dim"": 1, ""distance"": 2, ""length"": 12, ""n_sources"": 1}",1,25000,3,0.29673877273065347,1.0,0.29673877273065347,0.9992492494282422,0.990990990990991
bdh_cq,bdh_cq/attn_residual,9b4bca1a63ee,attn_residual,propagate,interp,"{""dim"": 1, ""distance"": 2, ""length"": 12, ""n_sources"": 1}",1,27500,3,0.3265435566039135,1.0,0.3265435566039135,0.9993326661584375,0.9919919919919921
bdh_cq,bdh_cq/attn_residual,9b4bca1a63ee,attn_residual,propagate,interp,"{""dim"": 1, ""distance"": 2, ""length"": 12, ""n_sources"": 1}",1,30000,3,0.3179790788174917,1.0,0.3179790788174917,0.9999165832698047,0.998998998998999
bdh_cq,bdh_cq/attn_residual,9b4bca1a63ee,attn_residual,propagate,interp,"{""dim"": 1, ""distance"": 2, ""length"": 12, ""n_sources"": 1}",1,32500,3,0.2821792229854812,1.0,0.2821792229854812,1.0,1.0
bdh_cq,bdh_cq/attn_residual,9b4bca1a63ee,attn_residual,propagate,interp,"{""dim"": 1, ""distance"": 2, ""length"": 12, ""n_sources"": 1}",1,35000,3,0.29375554132275283,1.0,0.29375554132275283,0.9999165832698047,0.998998998998999
bdh_cq,bdh_cq/attn_residual,9b4bca1a63ee,attn_residual,propagate,interp,"{""dim"": 1, ""distance"": 2, ""length"": 12, ""n_sources"": 1}",1,37500,3,0.2775653228163719,1.0,0.2775653228163719,1.0,1.0
bdh_cq,bdh_cq/attn_residual,9b4bca1a63ee,attn_residual,propagate,interp,"{""dim"": 1, ""distance"": 2, ""length"": 12, ""n_sources"": 1}",1,40000,3,0.2799485958336542,1.0,0.2799485958336542,1.0,1.0
bdh_cq,bdh_cq/attn_residual,9b4bca1a63ee,attn_residual,propagate,interp,"{""dim"": 1, ""distance"": 2, ""length"": 12, ""n_sources"": 1}",2,40000,3,0.941874640683333,0.0,0.941874640683333,0.9994160828886328,0.9929929929929929
bdh_cq,bdh_cq/attn_residual,9b4bca1a63ee,attn_residual,propagate,interp,"{""dim"": 1, ""distance"": 2, ""length"": 12, ""n_sources"": 1}",4,2500,3,0.9977394640445709,0.0,0.990008701880773,0.7916249481586366,0.0
bdh_cq,bdh_cq/attn_residual,9b4bca1a63ee,attn_residual,propagate,interp,"{""dim"": 1, ""distance"": 2, ""length"": 12, ""n_sources"": 1}",4,5000,3,0.998397114376227,0.0,0.9844042857487997,0.7816983546998287,0.0
bdh_cq,bdh_cq/attn_residual,9b4bca1a63ee,attn_residual,propagate,interp,"{""dim"": 1, ""distance"": 2, ""length"": 12, ""n_sources"": 1}",4,7500,3,0.9975362295905749,0.0,0.9697394172350565,0.8268268189809702,0.01901901901901902
bdh_cq,bdh_cq/attn_residual,9b4bca1a63ee,attn_residual,propagate,interp,"{""dim"": 1, ""distance"": 2, ""length"": 12, ""n_sources"": 1}",4,10000,3,0.9982334350546201,0.0,0.986707016825676,0.8873873906092601,0.16816816816816815
bdh_cq,bdh_cq/attn_residual,9b4bca1a63ee,attn_residual,propagate,interp,"{""dim"": 1, ""distance"": 2, ""length"": 12, ""n_sources"": 1}",4,12500,3,0.9985047404964765,0.0,0.953567715982596,0.9803136501822983,0.7917917917917917
bdh_cq,bdh_cq/attn_residual,9b4bca1a63ee,attn_residual,propagate,interp,"{""dim"": 1, ""distance"": 2, ""length"": 12, ""n_sources"": 1}",4,15000,3,0.9974846690893173,0.0,0.9465887919068336,0.9937437449966943,0.928928928928929
bdh_cq,bdh_cq/attn_residual,9b4bca1a63ee,attn_residual,propagate,interp,"{""dim"": 1, ""distance"": 2, ""length"": 12, ""n_sources"": 1}",4,17500,3,0.9960173194607099,0.0,0.919894759853681,0.9939939951872802,0.931931931931932
bdh_cq,bdh_cq/attn_residual,9b4bca1a63ee,attn_residual,propagate,interp,"{""dim"": 1, ""distance"": 2, ""length"": 12, ""n_sources"": 1}",4,20000,3,0.9953599721193314,0.0,0.9110309978326162,0.9973306645144212,0.970970970970971
bdh_cq,bdh_cq/attn_residual,9b4bca1a63ee,attn_residual,propagate,interp,"{""dim"": 1, ""distance"": 2, ""length"": 12, ""n_sources"": 1}",4,22500,3,0.996023453772068,0.0,0.911583291987578,0.9990824159678516,0.988988988988989
bdh_cq,bdh_cq/attn_residual,9b4bca1a63ee,attn_residual,propagate,interp,"{""dim"": 1, ""distance"": 2, ""length"": 12, ""n_sources"": 1}",4,25000,3,0.9939885462323824,0.0,0.9227730085452398,0.9992492494282422,0.990990990990991
bdh_cq,bdh_cq/attn_residual,9b4bca1a63ee,attn_residual,propagate,interp,"{""dim"": 1, ""distance"": 2, ""length"": 12, ""n_sources"": 1}",4,27500,3,0.9952097907662392,0.0,0.913210096458594,0.997414081304281,0.96996996996997
bdh_cq,bdh_cq/attn_residual,9b4bca1a63ee,attn_residual,propagate,interp,"{""dim"": 1, ""distance"": 2, ""length"": 12, ""n_sources"": 1}",4,30000,3,0.9950247084101042,0.0,0.9320321157574654,0.9996663330792188,0.995995995995996
bdh_cq,bdh_cq/attn_residual,9b4bca1a63ee,attn_residual,propagate,interp,"{""dim"": 1, ""distance"": 2, ""length"": 12, ""n_sources"": 1}",4,32500,3,0.9948755651712418,0.0,0.9295204704006513,0.9998331665396094,0.9979979979979979
bdh_cq,bdh_cq/attn_residual,9b4bca1a63ee,attn_residual,propagate,interp,"{""dim"": 1, ""distance"": 2, ""length"": 12, ""n_sources"": 1}",4,35000,3,0.9951052069664001,0.0,0.9291442781686783,1.0,1.0
bdh_cq,bdh_cq/attn_residual,9b4bca1a63ee,attn_residual,propagate,interp,"{""dim"": 1, ""distance"": 2, ""length"": 12, ""n_sources"": 1}",4,37500,3,0.9947569767634074,0.0,0.9287946199377378,0.9999165832698047,0.998998998998999
bdh_cq,bdh_cq/attn_residual,9b4bca1a63ee,attn_residual,propagate,interp,"{""dim"": 1, ""distance"": 2, ""length"": 12, ""n_sources"": 1}",4,40000,3,0.9948142642776171,0.0,0.9288786624868711,0.9999165832698047,0.998998998998999
bdh_cq,bdh_cq/attn_residual,9b4bca1a63ee,attn_residual,propagate,interp,"{""dim"": 1, ""distance"": 2, ""length"": 12, ""n_sources"": 1}",8,40000,3,0.9945658364643654,0.0,0.9290125239640474,0.677093758925542,0.0
bdh_cq,bdh_cq/attn_residual,9b4bca1a63ee,attn_residual,propagate,interp,"{""dim"": 1, ""distance"": 2, ""length"": 12, ""n_sources"": 1}",16,2500,3,0.9998383869727453,0.0,0.990008701880773,0.7722722666638272,0.0
bdh_cq,bdh_cq/attn_residual,9b4bca1a63ee,attn_residual,propagate,interp,"{""dim"": 1, ""distance"": 2, ""length"": 12, ""n_sources"": 1}",16,5000,3,0.9996462687849998,0.0,0.9844015340010325,0.7519185831238916,0.0
bdh_cq,bdh_cq/attn_residual,9b4bca1a63ee,attn_residual,propagate,interp,"{""dim"": 1, ""distance"": 2, ""length"": 12, ""n_sources"": 1}",16,7500,3,0.9981885701417923,0.0,0.9649702856938044,0.775275270024816,0.0
bdh_cq,bdh_cq/attn_residual,9b4bca1a63ee,attn_residual,propagate,interp,"{""dim"": 1, ""distance"": 2, ""length"": 12, ""n_sources"": 1}",16,10000,3,0.9992197677493095,0.0,0.986707016825676,0.7518351621873625,0.0
bdh_cq,bdh_cq/attn_residual,9b4bca1a63ee,attn_residual,propagate,interp,"{""dim"": 1, ""distance"": 2, ""length"": 12, ""n_sources"": 1}",16,12500,3,0.9995774477720261,0.0,0.953567715982596,0.717634295498406,0.0
bdh_cq,bdh_cq/attn_residual,9b4bca1a63ee,attn_residual,propagate,interp,"{""dim"": 1, ""distance"": 2, ""length"": 12, ""n_sources"": 1}",16,15000,3,0.9991518184542656,0.0,0.9465887919068336,0.6577410704425505,0.0
bdh_cq,bdh_cq/attn_residual,9b4bca1a63ee,attn_residual,propagate,interp,"{""dim"": 1, ""distance"": 2, ""length"": 12, ""n_sources"": 1}",16,17500,3,0.999663253625234,0.0,0.919894759853681,0.6487320622464677,0.0
bdh_cq,bdh_cq/attn_residual,9b4bca1a63ee,attn_residual,propagate,interp,"{""dim"": 1, ""distance"": 2, ""length"": 12, ""n_sources"": 1}",16,20000,3,0.9992519815762838,0.0,0.9110309978326162,0.6777610912904128,0.0
bdh_cq,bdh_cq/attn_residual,9b4bca1a63ee,attn_residual,propagate,interp,"{""dim"": 1, ""distance"": 2, ""length"": 12, ""n_sources"": 1}",16,22500,3,0.999660054842631,0.0,0.911583291987578,0.6592425726823978,0.0
bdh_cq,bdh_cq/attn_residual,9b4bca1a63ee,attn_residual,propagate,interp,"{""dim"": 1, ""distance"": 2, ""length"": 12, ""n_sources"": 1}",16,25000,3,0.9997661163409551,0.0,0.9227730085452398,0.641891888834096,0.0
bdh_cq,bdh_cq/attn_residual,9b4bca1a63ee,attn_residual,propagate,interp,"{""dim"": 1, ""distance"": 2, ""length"": 12, ""n_sources"": 1}",16,27500,3,0.998843771715959,0.0,0.913210096458594,0.6532365663780704,0.0
bdh_cq,bdh_cq/attn_residual,9b4bca1a63ee,attn_residual,propagate,interp,"{""dim"": 1, ""distance"": 2, ""length"": 12, ""n_sources"": 1}",16,30000,3,0.9997030943632126,0.0,0.9320321157574654,0.6531531495583786,0.0
bdh_cq,bdh_cq/attn_residual,9b4bca1a63ee,attn_residual,propagate,interp,"{""dim"": 1, ""distance"": 2, ""length"": 12, ""n_sources"": 1}",16,32500,3,0.9997236480315527,0.0,0.9295204704006513,0.6897731037051589,0.0
bdh_cq,bdh_cq/attn_residual,9b4bca1a63ee,attn_residual,propagate,interp,"{""dim"": 1, ""distance"": 2, ""length"": 12, ""n_sources"": 1}",16,35000,3,0.9997169300913811,0.0,0.9291442781686783,0.6743410035624757,0.0
bdh_cq,bdh_cq/attn_residual,9b4bca1a63ee,attn_residual,propagate,interp,"{""dim"": 1, ""distance"": 2, ""length"": 12, ""n_sources"": 1}",16,37500,3,0.9997338478763899,0.0,0.9287946199377378,0.6755922553656218,0.0
bdh_cq,bdh_cq/attn_residual,9b4bca1a63ee,attn_residual,propagate,interp,"{""dim"": 1, ""distance"": 2, ""length"": 12, ""n_sources"": 1}",16,40000,3,0.9997246041893959,0.0,0.9288786624868711,0.6796796757418352,0.0
bdh_cq,bdh_cq/attn_residual,9b4bca1a63ee,attn_residual,propagate,interp,"{""dim"": 1, ""distance"": 2, ""length"": 12, ""n_sources"": 1}",32,2500,3,0.9999515761931738,0.0,0.99100012332201,0.7671004290337319,0.0
bdh_cq,bdh_cq/attn_residual,9b4bca1a63ee,attn_residual,propagate,interp,"{""dim"": 1, ""distance"": 2, ""length"": 12, ""n_sources"": 1}",32,5000,3,0.999941141034166,0.0,0.9888870529830456,0.7203036343102699,0.0
bdh_cq,bdh_cq/attn_residual,9b4bca1a63ee,attn_residual,propagate,interp,"{""dim"": 1, ""distance"": 2, ""length"": 12, ""n_sources"": 1}",32,7500,3,0.9998608995229006,0.0,0.9769175220280886,0.743326658705572,0.0
bdh_cq,bdh_cq/attn_residual,9b4bca1a63ee,attn_residual,propagate,interp,"{""dim"": 1, ""distance"": 2, ""length"": 12, ""n_sources"": 1}",32,10000,3,0.9995424437026182,0.0,0.9859060378124317,0.7467467451059783,0.0
bdh_cq,bdh_cq/attn_residual,9b4bca1a63ee,attn_residual,propagate,interp,"{""dim"": 1, ""distance"": 2, ""length"": 12, ""n_sources"": 1}",32,12500,3,0.9996017919232448,0.0,0.9589819572865963,0.6721721706059841,0.0
bdh_cq,bdh_cq/attn_residual,9b4bca1a63ee,attn_residual,propagate,interp,"{""dim"": 1, ""distance"": 2, ""length"": 12, ""n_sources"": 1}",32,15000,3,0.9996339237938324,0.0,0.9494360263148943,0.427010343791367,0.0
bdh_cq,bdh_cq/attn_residual,9b4bca1a63ee,attn_residual,propagate,interp,"{""dim"": 1, ""distance"": 2, ""length"": 12, ""n_sources"": 1}",32,17500,3,0.9998373122264942,0.0,0.9243666535864273,0.45286953643158273,0.0
bdh_cq,bdh_cq/attn_residual,9b4bca1a63ee,attn_residual,propagate,interp,"{""dim"": 1, ""distance"": 2, ""length"": 12, ""n_sources"": 1}",32,20000,3,0.9990170591821274,0.0,0.9099361499150594,0.49491157819767734,0.0
bdh_cq,bdh_cq/attn_residual,9b4bca1a63ee,attn_residual,propagate,interp,"{""dim"": 1, ""distance"": 2, ""length"": 12, ""n_sources"": 1}",32,22500,3,0.9995794290055832,0.0,0.9135885418703159,0.5028361697738116,0.0
bdh_cq,bdh_cq/attn_residual,9b4bca1a63ee,attn_residual,propagate,interp,"{""dim"": 1, ""distance"": 2, ""length"": 12, ""n_sources"": 1}",32,25000,3,0.9985431805253029,0.0,0.9238550358762344,0.5052552552477972,0.0
bdh_cq,bdh_cq/attn_residual,9b4bca1a63ee,attn_residual,propagate,interp,"{""dim"": 1, ""distance"": 2, ""length"": 12, ""n_sources"": 1}",32,27500,3,0.9982203853627046,0.0,0.9123142131914695,0.557640972005593,0.0
bdh_cq,bdh_cq/attn_residual,9b4bca1a63ee,attn_residual,propagate,interp,"{""dim"": 1, ""distance"": 2, ""length"": 12, ""n_sources"": 1}",32,30000,3,0.9990943682690462,0.0,0.9304223613192638,0.5444611272997446,0.0
bdh_cq,bdh_cq/attn_residual,9b4bca1a63ee,attn_residual,propagate,interp,"{""dim"": 1, ""distance"": 2, ""length"": 12, ""n_sources"": 1}",32,32500,3,0.9987220335751772,0.0,0.9284278346846501,0.5532198858123881,0.0
bdh_cq,bdh_cq/attn_residual,9b4bca1a63ee,attn_residual,propagate,interp,"{""dim"": 1, ""distance"": 2, ""length"": 12, ""n_sources"": 1}",32,35000,3,0.9991501041998466,0.0,0.9296704176813364,0.5566399734433708,0.0
bdh_cq,bdh_cq/attn_residual,9b4bca1a63ee,attn_residual,propagate,interp,"{""dim"": 1, ""distance"": 2, ""length"": 12, ""n_sources"": 1}",32,37500,3,0.9990499913692474,0.0,0.9287242460995913,0.5597263926097581,0.0
bdh_cq,bdh_cq/attn_residual,9b4bca1a63ee,attn_residual,propagate,interp,"{""dim"": 1, ""distance"": 2, ""length"": 12, ""n_sources"": 1}",32,40000,3,0.9989925927172104,0.0,0.9290125239640474,0.5619786449216746,0.0
bdh_cq,bdh_cq/attn_residual,9b4bca1a63ee,attn_residual,propagate,interp,"{""dim"": 1, ""distance"": 4, ""length"": 12, ""n_sources"": 1}",1,2500,3,0.9748421336213747,1.0,0.9748421336213747,0.7826159375685232,0.0
bdh_cq,bdh_cq/attn_residual,9b4bca1a63ee,attn_residual,propagate,interp,"{""dim"": 1, ""distance"": 4, ""length"": 12, ""n_sources"": 1}",1,5000,3,0.9184383874138197,1.0,0.9184383874138197,0.7831998555897712,0.0
bdh_cq,bdh_cq/attn_residual,9b4bca1a63ee,attn_residual,propagate,interp,"{""dim"": 1, ""distance"": 4, ""length"": 12, ""n_sources"": 1}",1,7500,3,0.6640481104453405,1.0,0.6640481104453405,0.8249916492460726,0.007007007007007006
bdh_cq,bdh_cq/attn_residual,9b4bca1a63ee,attn_residual,propagate,interp,"{""dim"": 1, ""distance"": 4, ""length"": 12, ""n_sources"": 1}",1,10000,3,0.5065680787277719,1.0,0.5065680787277719,0.9662996384951922,0.6416416416416416
bdh_cq,bdh_cq/attn_residual,9b4bca1a63ee,attn_residual,propagate,interp,"{""dim"": 1, ""distance"": 4, ""length"": 12, ""n_sources"": 1}",1,12500,3,0.4850732416380197,1.0,0.4850732416380197,0.9920754105121166,0.906906906906907
bdh_cq,bdh_cq/attn_residual,9b4bca1a63ee,attn_residual,propagate,interp,"{""dim"": 1, ""distance"": 4, ""length"": 12, ""n_sources"": 1}",1,15000,3,0.47527135342049104,1.0,0.47527135342049104,0.9963296638714062,0.955955955955956
bdh_cq,bdh_cq/attn_residual,9b4bca1a63ee,attn_residual,propagate,interp,"{""dim"": 1, ""distance"": 4, ""length"": 12, ""n_sources"": 1}",1,17500,3,0.47540435295862454,1.0,0.47540435295862454,0.9992492493089135,0.993993993993994
bdh_cq,bdh_cq/attn_residual,9b4bca1a63ee,attn_residual,propagate,interp,"{""dim"": 1, ""distance"": 4, ""length"": 12, ""n_sources"": 1}",1,20000,3,0.43066441908013076,1.0,0.43066441908013076,0.9992492494282422,0.990990990990991
bdh_cq,bdh_cq/attn_residual,9b4bca1a63ee,attn_residual,propagate,interp,"{""dim"": 1, ""distance"": 4, ""length"": 12, ""n_sources"": 1}",1,22500,3,0.4133371937399109,1.0,0.4133371937399109,0.9993326661584375,0.9919919919919918
bdh_cq,bdh_cq/attn_residual,9b4bca1a63ee,attn_residual,propagate,interp,"{""dim"": 1, ""distance"": 4, ""length"": 12, ""n_sources"": 1}",1,25000,3,0.3965642037413393,1.0,0.3965642037413393,0.9997497498094141,0.9969969969969971
bdh_cq,bdh_cq/attn_residual,9b4bca1a63ee,attn_residual,propagate,interp,"{""dim"": 1, ""distance"": 4, ""length"": 12, ""n_sources"": 1}",1,27500,3,0.4267820987539987,1.0,0.4267820987539987,0.9999165832698047,0.998998998998999
bdh_cq,bdh_cq/attn_residual,9b4bca1a63ee,attn_residual,propagate,interp,"{""dim"": 1, ""distance"": 4, ""length"": 12, ""n_sources"": 1}",1,30000,3,0.4035700105984385,1.0,0.4035700105984385,0.9998331665396094,0.9979979979979979
bdh_cq,bdh_cq/attn_residual,9b4bca1a63ee,attn_residual,propagate,interp,"{""dim"": 1, ""distance"": 4, ""length"": 12, ""n_sources"": 1}",1,32500,3,0.3738678008085117,1.0,0.3738678008085117,0.9999165832698047,0.998998998998999
bdh_cq,bdh_cq/attn_residual,9b4bca1a63ee,attn_residual,propagate,interp,"{""dim"": 1, ""distance"": 4, ""length"": 12, ""n_sources"": 1}",1,35000,3,0.3968523355045666,1.0,0.3968523355045666,1.0,1.0
bdh_cq,bdh_cq/attn_residual,9b4bca1a63ee,attn_residual,propagate,interp,"{""dim"": 1, ""distance"": 4, ""length"": 12, ""n_sources"": 1}",1,37500,3,0.3747538606015344,1.0,0.3747538606015344,1.0,1.0
bdh_cq,bdh_cq/attn_residual,9b4bca1a63ee,attn_residual,propagate,interp,"{""dim"": 1, ""distance"": 4, ""length"": 12, ""n_sources"": 1}",1,40000,3,0.3777470118366182,1.0,0.3777470118366182,1.0,1.0
bdh_cq,bdh_cq/attn_residual,9b4bca1a63ee,attn_residual,propagate,interp,"{""dim"": 1, ""distance"": 4, ""length"": 12, ""n_sources"": 1}",2,40000,3,0.9329013427098592,0.0,0.9329013427098592,1.0,1.0
bdh_cq,bdh_cq/attn_residual,9b4bca1a63ee,attn_residual,propagate,interp,"{""dim"": 1, ""distance"": 4, ""length"": 12, ""n_sources"": 1}",4,2500,3,0.9978689054648081,0.0,0.9912862281004587,0.7844511054836594,0.0
bdh_cq,bdh_cq/attn_residual,9b4bca1a63ee,attn_residual,propagate,interp,"{""dim"": 1, ""distance"": 4, ""length"": 12, ""n_sources"": 1}",4,5000,3,0.9989468703667322,0.0,0.9908336823185285,0.7761928474640585,0.0
bdh_cq,bdh_cq/attn_residual,9b4bca1a63ee,attn_residual,propagate,interp,"{""dim"": 1, ""distance"": 4, ""length"": 12, ""n_sources"": 1}",4,7500,3,0.9980496168136597,0.0,0.986512266099453,0.7942942871942416,0.001001001001001001
bdh_cq,bdh_cq/attn_residual,9b4bca1a63ee,attn_residual,propagate,interp,"{""dim"": 1, ""distance"": 4, ""length"": 12, ""n_sources"": 1}",4,10000,3,0.9984589368104935,0.0,0.9928025628129641,0.8816316342866933,0.12112112112112113
bdh_cq,bdh_cq/attn_residual,9b4bca1a63ee,attn_residual,propagate,interp,"{""dim"": 1, ""distance"": 4, ""length"": 12, ""n_sources"": 1}",4,12500,3,0.998708114027977,0.0,0.9612268085281054,0.979562899550876,0.7807807807807808
bdh_cq,bdh_cq/attn_residual,9b4bca1a63ee,attn_residual,propagate,interp,"{""dim"": 1, ""distance"": 4, ""length"": 12, ""n_sources"": 1}",4,15000,3,0.9974317053953806,0.0,0.9506942853331566,0.9950784127991478,0.9429429429429429
bdh_cq,bdh_cq/attn_residual,9b4bca1a63ee,attn_residual,propagate,interp,"{""dim"": 1, ""distance"": 4, ""length"": 12, ""n_sources"": 1}",4,17500,3,0.9963646729787191,0.0,0.9200682068864504,0.9979145815661242,0.978978978978979
bdh_cq,bdh_cq/attn_residual,9b4bca1a63ee,attn_residual,propagate,interp,"{""dim"": 1, ""distance"": 4, ""length"": 12, ""n_sources"": 1}",4,20000,3,0.9943480044603348,0.0,0.8984712908665339,0.9990824159081874,0.98998998998999
bdh_cq,bdh_cq/attn_residual,9b4bca1a63ee,attn_residual,propagate,interp,"{""dim"": 1, ""distance"": 4, ""length"": 12, ""n_sources"": 1}",4,22500,3,0.9959552859266599,0.0,0.9082745015621185,0.9993326661584375,0.9919919919919921
bdh_cq,bdh_cq/attn_residual,9b4bca1a63ee,attn_residual,propagate,interp,"{""dim"": 1, ""distance"": 4, ""length"": 12, ""n_sources"": 1}",4,25000,3,0.9938857356707255,0.0,0.921550969282786,0.9994994996188282,0.993993993993994
bdh_cq,bdh_cq/attn_residual,9b4bca1a63ee,attn_residual,propagate,interp,"{""dim"": 1, ""distance"": 4, ""length"": 12, ""n_sources"": 1}",4,27500,3,0.9949637353420258,0.0,0.9069695050517718,0.9993326661584375,0.9919919919919918
bdh_cq,bdh_cq/attn_residual,9b4bca1a63ee,attn_residual,propagate,interp,"{""dim"": 1, ""distance"": 4, ""length"": 12, ""n_sources"": 1}",4,30000,3,0.9946830372015635,0.0,0.9246598208944002,0.9999165832698047,0.998998998998999
bdh_cq,bdh_cq/attn_residual,9b4bca1a63ee,attn_residual,propagate,interp,"{""dim"": 1, ""distance"": 4, ""length"": 12, ""n_sources"": 1}",4,32500,3,0.994581326842308,0.0,0.9174599200487137,0.9999165832698047,0.998998998998999
bdh_cq,bdh_cq/attn_residual,9b4bca1a63ee,attn_residual,propagate,interp,"{""dim"": 1, ""distance"": 4, ""length"": 12, ""n_sources"": 1}",4,35000,3,0.9947740981976191,0.0,0.9189734061559042,1.0,1.0
bdh_cq,bdh_cq/attn_residual,9b4bca1a63ee,attn_residual,propagate,interp,"{""dim"": 1, ""distance"": 4, ""length"": 12, ""n_sources"": 1}",4,37500,3,0.9943358624974886,0.0,0.9176137571533521,1.0,1.0
bdh_cq,bdh_cq/attn_residual,9b4bca1a63ee,attn_residual,propagate,interp,"{""dim"": 1, ""distance"": 4, ""length"": 12, ""n_sources"": 1}",4,40000,3,0.9944753323992094,0.0,0.9181255425016085,1.0,1.0
bdh_cq,bdh_cq/attn_residual,9b4bca1a63ee,attn_residual,propagate,interp,"{""dim"": 1, ""distance"": 4, ""length"": 12, ""n_sources"": 1}",8,40000,3,0.9939918878177801,0.0,0.931994658584396,0.716966966400156,0.0
bdh_cq,bdh_cq/attn_residual,9b4bca1a63ee,attn_residual,propagate,interp,"{""dim"": 1, ""distance"": 4, ""length"": 12, ""n_sources"": 1}",16,2500,3,0.9998340258995692,0.0,0.9912862281004587,0.7525024924192344,0.0
bdh_cq,bdh_cq/attn_residual,9b4bca1a63ee,attn_residual,propagate,interp,"{""dim"": 1, ""distance"": 4, ""length"": 12, ""n_sources"": 1}",16,5000,3,0.9996403803428014,0.0,0.9907757689555486,0.7080413687217223,0.0
bdh_cq,bdh_cq/attn_residual,9b4bca1a63ee,attn_residual,propagate,interp,"{""dim"": 1, ""distance"": 4, ""length"": 12, ""n_sources"": 1}",16,7500,3,0.9962143848339716,0.0,0.986512266099453,0.744577905258259,0.0
bdh_cq,bdh_cq/attn_residual,9b4bca1a63ee,attn_residual,propagate,interp,"{""dim"": 1, ""distance"": 4, ""length"": 12, ""n_sources"": 1}",16,10000,3,0.9993591060241064,0.0,0.9928025628129641,0.7697697630575351,0.0
bdh_cq,bdh_cq/attn_residual,9b4bca1a63ee,attn_residual,propagate,interp,"{""dim"": 1, ""distance"": 4, ""length"": 12, ""n_sources"": 1}",16,12500,3,0.9996513401468595,0.0,0.9612268085281054,0.777777770498732,0.0
bdh_cq,bdh_cq/attn_residual,9b4bca1a63ee,attn_residual,propagate,interp,"{""dim"": 1, ""distance"": 4, ""length"": 12, ""n_sources"": 1}",16,15000,3,0.9992467314004898,0.0,0.9506942853331566,0.730397056948554,0.0
bdh_cq,bdh_cq/attn_residual,9b4bca1a63ee,attn_residual,propagate,interp,"{""dim"": 1, ""distance"": 4, ""length"": 12, ""n_sources"": 1}",16,17500,3,0.9997411519289017,0.0,0.9200682068864504,0.7213046323131392,0.0
bdh_cq,bdh_cq/attn_residual,9b4bca1a63ee,attn_residual,propagate,interp,"{""dim"": 1, ""distance"": 4, ""length"": 12, ""n_sources"": 1}",16,20000,3,0.9997549926241239,0.0,0.8984712908665339,0.7375708995042024,0.0
bdh_cq,bdh_cq/attn_residual,9b4bca1a63ee,attn_residual,propagate,interp,"{""dim"": 1, ""distance"": 4, ""length"": 12, ""n_sources"": 1}",16,22500,3,0.9996750925978025,0.0,0.9082745015621185,0.7278111387003171,0.0
bdh_cq,bdh_cq/attn_residual,9b4bca1a63ee,attn_residual,propagate,interp,"{""dim"": 1, ""distance"": 4, ""length"": 12, ""n_sources"": 1}",16,25000,3,0.9998083859682083,0.0,0.921550969282786,0.7260593866800761,0.0
bdh_cq,bdh_cq/attn_residual,9b4bca1a63ee,attn_residual,propagate,interp,"{""dim"": 1, ""distance"": 4, ""length"": 12, ""n_sources"": 1}",16,27500,3,0.9996873488028845,0.0,0.9069695050517718,0.7290623891759324,0.0
bdh_cq,bdh_cq/attn_residual,9b4bca1a63ee,attn_residual,propagate,interp,"{""dim"": 1, ""distance"": 4, ""length"": 12, ""n_sources"": 1}",16,30000,3,0.9997235710422198,0.0,0.9246598208944002,0.7326493093797991,0.0
bdh_cq,bdh_cq/attn_residual,9b4bca1a63ee,attn_residual,propagate,interp,"{""dim"": 1, ""distance"": 4, ""length"": 12, ""n_sources"": 1}",16,32500,3,0.9997654830416044,0.0,0.9174599200487137,0.7468301554222604,0.0
bdh_cq,bdh_cq/attn_residual,9b4bca1a63ee,attn_residual,propagate,interp,"{""dim"": 1, ""distance"": 4, ""length"": 12, ""n_sources"": 1}",16,35000,3,0.9997745777169863,0.0,0.9189734061559042,0.7383216469734162,0.0
bdh_cq,bdh_cq/attn_residual,9b4bca1a63ee,attn_residual,propagate,interp,"{""dim"": 1, ""distance"": 4, ""length"": 12, ""n_sources"": 1}",16,37500,3,0.9997822220126787,0.0,0.9176137571533521,0.7401568152465381,0.0
bdh_cq,bdh_cq/attn_residual,9b4bca1a63ee,attn_residual,propagate,interp,"{""dim"": 1, ""distance"": 4, ""length"": 12, ""n_sources"": 1}",16,40000,3,0.9997763608892759,0.0,0.9181255425016085,0.7423256505896022,0.0
bdh_cq,bdh_cq/attn_residual,9b4bca1a63ee,attn_residual,propagate,interp,"{""dim"": 1, ""distance"": 4, ""length"": 12, ""n_sources"": 1}",32,2500,3,0.9999496011684338,0.0,0.9901338815689087,0.7396563125384582,0.0
bdh_cq,bdh_cq/attn_residual,9b4bca1a63ee,attn_residual,propagate,interp,"{""dim"": 1, ""distance"": 4, ""length"": 12, ""n_sources"": 1}",32,5000,3,0.9999414831399918,0.0,0.9924022803703944,0.7170503777903955,0.0
bdh_cq,bdh_cq/attn_residual,9b4bca1a63ee,attn_residual,propagate,interp,"{""dim"": 1, ""distance"": 4, ""length"": 12, ""n_sources"": 1}",32,7500,3,0.9998729185511669,0.0,0.980117691680789,0.7247247211597823,0.0
bdh_cq,bdh_cq/attn_residual,9b4bca1a63ee,attn_residual,propagate,interp,"{""dim"": 1, ""distance"": 4, ""length"": 12, ""n_sources"": 1}",32,10000,3,0.9996675532311201,0.0,0.9917968163887659,0.7369035670647511,0.0
bdh_cq,bdh_cq/attn_residual,9b4bca1a63ee,attn_residual,propagate,interp,"{""dim"": 1, ""distance"": 4, ""length"": 12, ""n_sources"": 1}",32,12500,3,0.999754615748922,0.0,0.9617371081064144,0.7069569550775312,0.0
bdh_cq,bdh_cq/attn_residual,9b4bca1a63ee,attn_residual,propagate,interp,"{""dim"": 1, ""distance"": 4, ""length"": 12, ""n_sources"": 1}",32,15000,3,0.9988300477464994,0.0,0.9547453969717026,0.5233566907418145,0.0
bdh_cq,bdh_cq/attn_residual,9b4bca1a63ee,attn_residual,propagate,interp,"{""dim"": 1, ""distance"": 4, ""length"": 12, ""n_sources"": 1}",32,17500,3,0.9998774950702985,0.0,0.9346647107352813,0.5673173155497623,0.0
bdh_cq,bdh_cq/attn_residual,9b4bca1a63ee,attn_residual,propagate,interp,"{""dim"": 1, ""distance"": 4, ""length"": 12, ""n_sources"": 1}",32,20000,3,0.9993752557784319,0.0,0.9191845934838057,0.5956790104538232,0.0
bdh_cq,bdh_cq/attn_residual,9b4bca1a63ee,attn_residual,propagate,interp,"{""dim"": 1, ""distance"": 4, ""length"": 12, ""n_sources"": 1}",32,22500,3,0.9990811875710884,0.0,0.9251662530004978,0.5992659313662035,0.0
bdh_cq,bdh_cq/attn_residual,9b4bca1a63ee,attn_residual,propagate,interp,"{""dim"": 1, ""distance"": 4, ""length"": 12, ""n_sources"": 1}",32,25000,3,0.9992991425096989,0.0,0.9319911462565263,0.6056056048598019,0.0
bdh_cq,bdh_cq/attn_residual,9b4bca1a63ee,attn_residual,propagate,interp,"{""dim"": 1, ""distance"": 4, ""length"": 12, ""n_sources"": 1}",32,27500,3,0.9990276830891768,0.0,0.9205125874529282,0.641307972132921,0.0
bdh_cq,bdh_cq/attn_residual,9b4bca1a63ee,attn_residual,propagate,interp,"{""dim"": 1, ""distance"": 4, ""length"": 12, ""n_sources"": 1}",32,30000,3,0.9986718744039536,0.0,0.9366746979455153,0.6441441422274282,0.0
bdh_cq,bdh_cq/attn_residual,9b4bca1a63ee,attn_residual,propagate,interp,"{""dim"": 1, ""distance"": 4, ""length"": 12, ""n_sources"": 1}",32,32500,3,0.9992478669931492,0.0,0.9316797511031231,0.6533199850026074,0.0
bdh_cq,bdh_cq/attn_residual,9b4bca1a63ee,attn_residual,propagate,interp,"{""dim"": 1, ""distance"": 4, ""length"": 12, ""n_sources"": 1}",32,35000,3,0.9993954679618279,0.0,0.9330258412907521,0.6542375696537731,0.0
bdh_cq,bdh_cq/attn_residual,9b4bca1a63ee,attn_residual,propagate,interp,"{""dim"": 1, ""distance"": 4, ""length"": 12, ""n_sources"": 1}",32,37500,3,0.999366344884038,0.0,0.9316316538800796,0.6596596580860136,0.0
bdh_cq,bdh_cq/attn_residual,9b4bca1a63ee,attn_residual,propagate,interp,"{""dim"": 1, ""distance"": 4, ""length"": 12, ""n_sources"": 1}",32,40000,3,0.9993267518778642,0.0,0.931994658584396,0.6614948268364499,0.0
bdh_cq,bdh_cq/attn_residual,9b4bca1a63ee,attn_residual,propagate,mild,"{""dim"": 1, ""distance"": 6, ""length"": 12, ""n_sources"": 1}",1,2500,3,0.9782985374331474,1.0,0.9782985374331474,0.7836666561166447,0.0
bdh_cq,bdh_cq/attn_residual,9b4bca1a63ee,attn_residual,propagate,mild,"{""dim"": 1, ""distance"": 6, ""length"": 12, ""n_sources"": 1}",1,5000,3,0.9183182815710703,1.0,0.9183182815710703,0.7792777674396834,0.0
bdh_cq,bdh_cq/attn_residual,9b4bca1a63ee,attn_residual,propagate,mild,"{""dim"": 1, ""distance"": 6, ""length"": 12, ""n_sources"": 1}",1,7500,3,0.6414994349082311,1.0,0.6414994349082311,0.7784999878406524,0.0
bdh_cq,bdh_cq/attn_residual,9b4bca1a63ee,attn_residual,propagate,mild,"{""dim"": 1, ""distance"": 6, ""length"": 12, ""n_sources"": 1}",1,10000,3,0.4485089388520767,1.0,0.4485089388520767,0.8927777826388678,0.2133333333333333
bdh_cq,bdh_cq/attn_residual,9b4bca1a63ee,attn_residual,propagate,mild,"{""dim"": 1, ""distance"": 6, ""length"": 12, ""n_sources"": 1}",1,12500,3,0.4095123069516073,1.0,0.4095123069516073,0.9205000062783558,0.3213333333333333
bdh_cq,bdh_cq/attn_residual,9b4bca1a63ee,attn_residual,propagate,mild,"{""dim"": 1, ""distance"": 6, ""length"": 12, ""n_sources"": 1}",1,15000,3,0.4011996085755527,1.0,0.4011996085755527,0.9373333405256271,0.40399999999999997
bdh_cq,bdh_cq/attn_residual,9b4bca1a63ee,attn_residual,propagate,mild,"{""dim"": 1, ""distance"": 6, ""length"": 12, ""n_sources"": 1}",1,17500,3,0.36331322393380105,1.0,0.36331322393380105,0.9277777828375499,0.38666666666666666
bdh_cq,bdh_cq/attn_residual,9b4bca1a63ee,attn_residual,propagate,mild,"{""dim"": 1, ""distance"": 6, ""length"": 12, ""n_sources"": 1}",1,20000,3,0.3514792332813765,1.0,0.3514792332813765,0.9255555609464645,0.4013333333333333
bdh_cq,bdh_cq/attn_residual,9b4bca1a63ee,attn_residual,propagate,mild,"{""dim"": 1, ""distance"": 6, ""length"": 12, ""n_sources"": 1}",1,22500,3,0.33043886709492654,1.0,0.33043886709492654,0.9454444510539372,0.48866666666666675
bdh_cq,bdh_cq/attn_residual,9b4bca1a63ee,attn_residual,propagate,mild,"{""dim"": 1, ""distance"": 6, ""length"": 12, ""n_sources"": 1}",1,25000,3,0.3174264080201586,1.0,0.3174264080201586,0.9481111171245575,0.5146666666666667
bdh_cq,bdh_cq/attn_residual,9b4bca1a63ee,attn_residual,propagate,mild,"{""dim"": 1, ""distance"": 6, ""length"": 12, ""n_sources"": 1}",1,27500,3,0.3534698646205167,1.0,0.3534698646205167,0.943000007947286,0.4446666666666667
bdh_cq,bdh_cq/attn_residual,9b4bca1a63ee,attn_residual,propagate,mild,"{""dim"": 1, ""distance"": 6, ""length"": 12, ""n_sources"": 1}",1,30000,3,0.3247689811202387,1.0,0.3247689811202387,0.9555000055233637,0.5766666666666667
bdh_cq,bdh_cq/attn_residual,9b4bca1a63ee,attn_residual,propagate,mild,"{""dim"": 1, ""distance"": 6, ""length"": 12, ""n_sources"": 1}",1,32500,3,0.2981805740855634,1.0,0.2981805740855634,0.9453888956308365,0.47733333333333333
bdh_cq,bdh_cq/attn_residual,9b4bca1a63ee,attn_residual,propagate,mild,"{""dim"": 1, ""distance"": 6, ""length"": 12, ""n_sources"": 1}",1,35000,3,0.32067375583574176,1.0,0.32067375583574176,0.9456666734615963,0.488
bdh_cq,bdh_cq/attn_residual,9b4bca1a63ee,attn_residual,propagate,mild,"{""dim"": 1, ""distance"": 6, ""length"": 12, ""n_sources"": 1}",1,37500,3,0.3018036980647594,1.0,0.3018036980647594,0.9460555630127588,0.4706666666666666
bdh_cq,bdh_cq/attn_residual,9b4bca1a63ee,attn_residual,propagate,mild,"{""dim"": 1, ""distance"": 6, ""length"": 12, ""n_sources"": 1}",1,40000,3,0.30273185336651903,1.0,0.30273185336651903,0.9449444518089295,0.4673333333333334
bdh_cq,bdh_cq/attn_residual,9b4bca1a63ee,attn_residual,propagate,mild,"{""dim"": 1, ""distance"": 6, ""length"": 12, ""n_sources"": 1}",2,40000,3,0.9427651638785998,0.0,0.9427651638785998,0.9741111147403716,0.7360000000000001
bdh_cq,bdh_cq/attn_residual,9b4bca1a63ee,attn_residual,propagate,mild,"{""dim"": 1, ""distance"": 6, ""length"": 12, ""n_sources"": 1}",4,2500,3,0.9978996813297272,0.0,0.9921299194296201,0.7873888772328694,0.0
bdh_cq,bdh_cq/attn_residual,9b4bca1a63ee,attn_residual,propagate,mild,"{""dim"": 1, ""distance"": 6, ""length"": 12, ""n_sources"": 1}",4,5000,3,0.9985798746347427,0.0,0.9921065693100294,0.7822222105065982,0.0
bdh_cq,bdh_cq/attn_residual,9b4bca1a63ee,attn_residual,propagate,mild,"{""dim"": 1, ""distance"": 6, ""length"": 12, ""n_sources"": 1}",4,7500,3,0.9979922945300738,0.0,0.9866180444757143,0.7805555465022723,0.0
bdh_cq,bdh_cq/attn_residual,9b4bca1a63ee,attn_residual,propagate,mild,"{""dim"": 1, ""distance"": 6, ""length"": 12, ""n_sources"": 1}",4,10000,3,0.9983158831795057,0.0,0.9904932553569475,0.8303333281874656,0.024666666666666667
bdh_cq,bdh_cq/attn_residual,9b4bca1a63ee,attn_residual,propagate,mild,"{""dim"": 1, ""distance"": 6, ""length"": 12, ""n_sources"": 1}",4,12500,3,0.9987157732248306,0.0,0.9365112682183584,0.8632222214539845,0.021333333333333333
bdh_cq,bdh_cq/attn_residual,9b4bca1a63ee,attn_residual,propagate,mild,"{""dim"": 1, ""distance"": 6, ""length"": 12, ""n_sources"": 1}",4,15000,3,0.9978027443091074,0.0,0.9417519768079122,0.8666111112435658,0.02666666666666667
bdh_cq,bdh_cq/attn_residual,9b4bca1a63ee,attn_residual,propagate,mild,"{""dim"": 1, ""distance"": 6, ""length"": 12, ""n_sources"": 1}",4,17500,3,0.9966697618365288,0.0,0.9277637104193369,0.8751111122369766,0.032
bdh_cq,bdh_cq/attn_residual,9b4bca1a63ee,attn_residual,propagate,mild,"{""dim"": 1, ""distance"": 6, ""length"": 12, ""n_sources"": 1}",4,20000,3,0.9955354705452919,0.0,0.9148424987991651,0.8771666686137517,0.038
bdh_cq,bdh_cq/attn_residual,9b4bca1a63ee,attn_residual,propagate,mild,"{""dim"": 1, ""distance"": 6, ""length"": 12, ""n_sources"": 1}",4,22500,3,0.9963084831833839,0.0,0.9190862650672594,0.8845000041723251,0.04
bdh_cq,bdh_cq/attn_residual,9b4bca1a63ee,attn_residual,propagate,mild,"{""dim"": 1, ""distance"": 6, ""length"": 12, ""n_sources"": 1}",4,25000,3,0.9943001295129458,0.0,0.9229262719551722,0.8792222244342168,0.05266666666666667
bdh_cq,bdh_cq/attn_residual,9b4bca1a63ee,attn_residual,propagate,mild,"{""dim"": 1, ""distance"": 6, ""length"": 12, ""n_sources"": 1}",4,27500,3,0.9956841766834259,0.0,0.9129287476340929,0.8845555586417516,0.06
bdh_cq,bdh_cq/attn_residual,9b4bca1a63ee,attn_residual,propagate,mild,"{""dim"": 1, ""distance"": 6, ""length"": 12, ""n_sources"": 1}",4,30000,3,0.995260385175546,0.0,0.9312960058450699,0.8919444503386815,0.06533333333333334
bdh_cq,bdh_cq/attn_residual,9b4bca1a63ee,attn_residual,propagate,mild,"{""dim"": 1, ""distance"": 6, ""length"": 12, ""n_sources"": 1}",4,32500,3,0.9957350964347521,0.0,0.9306446239352226,0.8921666713555654,0.08
bdh_cq,bdh_cq/attn_residual,9b4bca1a63ee,attn_residual,propagate,mild,"{""dim"": 1, ""distance"": 6, ""length"": 12, ""n_sources"": 1}",4,35000,3,0.9955724452932676,0.0,0.9279462546110153,0.8913333371082942,0.104
bdh_cq,bdh_cq/attn_residual,9b4bca1a63ee,attn_residual,propagate,mild,"{""dim"": 1, ""distance"": 6, ""length"": 12, ""n_sources"": 1}",4,37500,3,0.9953963508208593,0.0,0.9280559892455736,0.8883888926506044,0.08
bdh_cq,bdh_cq/attn_residual,9b4bca1a63ee,attn_residual,propagate,mild,"{""dim"": 1, ""distance"": 6, ""length"": 12, ""n_sources"": 1}",4,40000,3,0.9955393274625143,0.0,0.9289810036619505,0.8891666703224183,0.08800000000000001
bdh_cq,bdh_cq/attn_residual,9b4bca1a63ee,attn_residual,propagate,mild,"{""dim"": 1, ""distance"": 6, ""length"": 12, ""n_sources"": 1}",8,40000,3,0.9944215894987186,0.0,0.9298246279358864,0.842388875802358,0.0
bdh_cq,bdh_cq/attn_residual,9b4bca1a63ee,attn_residual,propagate,mild,"{""dim"": 1, ""distance"": 6, ""length"": 12, ""n_sources"": 1}",16,2500,3,0.999816874663035,0.0,0.9921299194296201,0.7518888782461485,0.0
bdh_cq,bdh_cq/attn_residual,9b4bca1a63ee,attn_residual,propagate,mild,"{""dim"": 1, ""distance"": 6, ""length"": 12, ""n_sources"": 1}",16,5000,3,0.9995718051989874,0.0,0.9921065693100294,0.6867777726054193,0.0
bdh_cq,bdh_cq/attn_residual,9b4bca1a63ee,attn_residual,propagate,mild,"{""dim"": 1, ""distance"": 6, ""length"": 12, ""n_sources"": 1}",16,7500,3,0.9955990339318911,0.0,0.9853850627938906,0.7388888823886712,0.0
bdh_cq,bdh_cq/attn_residual,9b4bca1a63ee,attn_residual,propagate,mild,"{""dim"": 1, ""distance"": 6, ""length"": 12, ""n_sources"": 1}",16,10000,3,0.9993574271599451,0.0,0.9904932553569475,0.7821666587988535,0.0
bdh_cq,bdh_cq/attn_residual,9b4bca1a63ee,attn_residual,propagate,mild,"{""dim"": 1, ""distance"": 6, ""length"": 12, ""n_sources"": 1}",16,12500,3,0.999649720887343,0.0,0.9365112682183584,0.7902777693669001,0.0
bdh_cq,bdh_cq/attn_residual,9b4bca1a63ee,attn_residual,propagate,mild,"{""dim"": 1, ""distance"": 6, ""length"": 12, ""n_sources"": 1}",16,15000,3,0.9991767803827921,0.0,0.9417519768079122,0.7868888810276985,0.0
bdh_cq,bdh_cq/attn_residual,9b4bca1a63ee,attn_residual,propagate,mild,"{""dim"": 1, ""distance"": 6, ""length"": 12, ""n_sources"": 1}",16,17500,3,0.9996665144960085,0.0,0.9277637104193369,0.7698888839085898,0.0
bdh_cq,bdh_cq/attn_residual,9b4bca1a63ee,attn_residual,propagate,mild,"{""dim"": 1, ""distance"": 6, ""length"": 12, ""n_sources"": 1}",16,20000,3,0.9996977026263872,0.0,0.9148424987991651,0.75672221916914,0.0
bdh_cq,bdh_cq/attn_residual,9b4bca1a63ee,attn_residual,propagate,mild,"{""dim"": 1, ""distance"": 6, ""length"": 12, ""n_sources"": 1}",16,22500,3,0.9987906714280447,0.0,0.9190862650672594,0.7647777738968532,0.0
bdh_cq,bdh_cq/attn_residual,9b4bca1a63ee,attn_residual,propagate,mild,"{""dim"": 1, ""distance"": 6, ""length"": 12, ""n_sources"": 1}",16,25000,3,0.9998064736525217,0.0,0.9229262719551722,0.7548333284854888,0.0
bdh_cq,bdh_cq/attn_residual,9b4bca1a63ee,attn_residual,propagate,mild,"{""dim"": 1, ""distance"": 6, ""length"": 12, ""n_sources"": 1}",16,27500,3,0.9992686857779821,0.0,0.9129287476340929,0.7691111055811247,0.0
bdh_cq,bdh_cq/attn_residual,9b4bca1a63ee,attn_residual,propagate,mild,"{""dim"": 1, ""distance"": 6, ""length"": 12, ""n_sources"": 1}",16,30000,3,0.999696284532547,0.0,0.9312960058450699,0.7686666607260704,0.0
bdh_cq,bdh_cq/attn_residual,9b4bca1a63ee,attn_residual,propagate,mild,"{""dim"": 1, ""distance"": 6, ""length"": 12, ""n_sources"": 1}",16,32500,3,0.9997492184241613,0.0,0.9306446239352226,0.7689999940395356,0.0
bdh_cq,bdh_cq/attn_residual,9b4bca1a63ee,attn_residual,propagate,mild,"{""dim"": 1, ""distance"": 6, ""length"": 12, ""n_sources"": 1}",16,35000,3,0.9997555688023567,0.0,0.9279462546110153,0.766055549442768,0.0
bdh_cq,bdh_cq/attn_residual,9b4bca1a63ee,attn_residual,propagate,mild,"{""dim"": 1, ""distance"": 6, ""length"": 12, ""n_sources"": 1}",16,37500,3,0.9997654780745506,0.0,0.9280559892455736,0.76666666050752,0.0
bdh_cq,bdh_cq/attn_residual,9b4bca1a63ee,attn_residual,propagate,mild,"{""dim"": 1, ""distance"": 6, ""length"": 12, ""n_sources"": 1}",16,40000,3,0.9997616410255432,0.0,0.9289810036619505,0.7691111047267913,0.0
bdh_cq,bdh_cq/attn_residual,9b4bca1a63ee,attn_residual,propagate,mild,"{""dim"": 1, ""distance"": 6, ""length"": 12, ""n_sources"": 1}",32,2500,3,0.9999484531581402,0.0,0.9902360215783119,0.7416111007730167,0.0
bdh_cq,bdh_cq/attn_residual,9b4bca1a63ee,attn_residual,propagate,mild,"{""dim"": 1, ""distance"": 6, ""length"": 12, ""n_sources"": 1}",32,5000,3,0.9999404040475687,0.0,0.9890184222410122,0.729111105064551,0.0
bdh_cq,bdh_cq/attn_residual,9b4bca1a63ee,attn_residual,propagate,mild,"{""dim"": 1, ""distance"": 6, ""length"": 12, ""n_sources"": 1}",32,7500,3,0.9998240284621716,0.0,0.9867224289725224,0.7309999961008629,0.0
bdh_cq,bdh_cq/attn_residual,9b4bca1a63ee,attn_residual,propagate,mild,"{""dim"": 1, ""distance"": 6, ""length"": 12, ""n_sources"": 1}",32,10000,3,0.9995534966389338,0.0,0.9897524050126473,0.7507777739961942,0.0
bdh_cq,bdh_cq/attn_residual,9b4bca1a63ee,attn_residual,propagate,mild,"{""dim"": 1, ""distance"": 6, ""length"": 12, ""n_sources"": 1}",32,12500,3,0.9996690439681212,0.0,0.9498810023069382,0.7492777743935585,0.0
bdh_cq,bdh_cq/attn_residual,9b4bca1a63ee,attn_residual,propagate,mild,"{""dim"": 1, ""distance"": 6, ""length"": 12, ""n_sources"": 1}",32,15000,3,0.999688974271218,0.0,0.9472561782846848,0.6159999959667525,0.0
bdh_cq,bdh_cq/attn_residual,9b4bca1a63ee,attn_residual,propagate,mild,"{""dim"": 1, ""distance"": 6, ""length"": 12, ""n_sources"": 1}",32,17500,3,0.9998129376520714,0.0,0.9251768812537193,0.6514999937017758,0.0
bdh_cq,bdh_cq/attn_residual,9b4bca1a63ee,attn_residual,propagate,mild,"{""dim"": 1, ""distance"": 6, ""length"": 12, ""n_sources"": 1}",32,20000,3,0.9991042868544658,0.0,0.9120128881186247,0.6772777728835742,0.0
bdh_cq,bdh_cq/attn_residual,9b4bca1a63ee,attn_residual,propagate,mild,"{""dim"": 1, ""distance"": 6, ""length"": 12, ""n_sources"": 1}",32,22500,3,0.9993034942696492,0.0,0.9211143422871828,0.6748888876239459,0.0
bdh_cq,bdh_cq/attn_residual,9b4bca1a63ee,attn_residual,propagate,mild,"{""dim"": 1, ""distance"": 6, ""length"": 12, ""n_sources"": 1}",32,25000,3,0.9986407129714886,0.0,0.9290232683221499,0.6804999974370003,0.0
bdh_cq,bdh_cq/attn_residual,9b4bca1a63ee,attn_residual,propagate,mild,"{""dim"": 1, ""distance"": 6, ""length"": 12, ""n_sources"": 1}",32,27500,3,0.9992394999911388,0.0,0.9163804724812508,0.7092222205201786,0.0
bdh_cq,bdh_cq/attn_residual,9b4bca1a63ee,attn_residual,propagate,mild,"{""dim"": 1, ""distance"": 6, ""length"": 12, ""n_sources"": 1}",32,30000,3,0.9977174494415522,0.0,0.9350661976883808,0.7091111087600389,0.0
bdh_cq,bdh_cq/attn_residual,9b4bca1a63ee,attn_residual,propagate,mild,"{""dim"": 1, ""distance"": 6, ""length"": 12, ""n_sources"": 1}",32,32500,3,0.999229546636343,0.0,0.9313342447082201,0.7186111083626748,0.0
bdh_cq,bdh_cq/attn_residual,9b4bca1a63ee,attn_residual,propagate,mild,"{""dim"": 1, ""distance"": 6, ""length"": 12, ""n_sources"": 1}",32,35000,3,0.9992894611010948,0.0,0.9293779308597246,0.7136111095150312,0.0
bdh_cq,bdh_cq/attn_residual,9b4bca1a63ee,attn_residual,propagate,mild,"{""dim"": 1, ""distance"": 6, ""length"": 12, ""n_sources"": 1}",32,37500,3,0.999301552772522,0.0,0.9291626246025165,0.7214999976158142,0.0
bdh_cq,bdh_cq/attn_residual,9b4bca1a63ee,attn_residual,propagate,mild,"{""dim"": 1, ""distance"": 6, ""length"": 12, ""n_sources"": 1}",32,40000,3,0.999195504312714,0.0,0.9298246279358864,0.723722219745318,0.0
bdh_cq,bdh_cq/attn_residual,9b4bca1a63ee,attn_residual,propagate,mild,"{""dim"": 1, ""distance"": 8, ""length"": 12, ""n_sources"": 1}",1,2500,3,0.9780549332499504,1.0,0.9780549332499504,0.7809444339970747,0.0
bdh_cq,bdh_cq/attn_residual,9b4bca1a63ee,attn_residual,propagate,mild,"{""dim"": 1, ""distance"": 8, ""length"": 12, ""n_sources"": 1}",1,5000,3,0.8836849977572759,1.0,0.8836849977572759,0.7707777678271134,0.0
bdh_cq,bdh_cq/attn_residual,9b4bca1a63ee,attn_residual,propagate,mild,"{""dim"": 1, ""distance"": 8, ""length"": 12, ""n_sources"": 1}",1,7500,3,0.669589314609766,1.0,0.669589314609766,0.7294444332420826,0.0
bdh_cq,bdh_cq/attn_residual,9b4bca1a63ee,attn_residual,propagate,mild,"{""dim"": 1, ""distance"": 8, ""length"": 12, ""n_sources"": 1}",1,10000,3,0.5205251599351565,1.0,0.5205251599351565,0.7446111093759537,0.004
bdh_cq,bdh_cq/attn_residual,9b4bca1a63ee,attn_residual,propagate,mild,"{""dim"": 1, ""distance"": 8, ""length"": 12, ""n_sources"": 1}",1,12500,3,0.44630719954147935,1.0,0.44630719954147935,0.7946111137072246,0.074
bdh_cq,bdh_cq/attn_residual,9b4bca1a63ee,attn_residual,propagate,mild,"{""dim"": 1, ""distance"": 8, ""length"": 12, ""n_sources"": 1}",1,15000,3,0.43136212369427085,1.0,0.43136212369427085,0.8110555573304494,0.07533333333333332
bdh_cq,bdh_cq/attn_residual,9b4bca1a63ee,attn_residual,propagate,mild,"{""dim"": 1, ""distance"": 8, ""length"": 12, ""n_sources"": 1}",1,17500,3,0.40895354786577326,1.0,0.40895354786577326,0.8191111130317053,0.08466666666666667
bdh_cq,bdh_cq/attn_residual,9b4bca1a63ee,attn_residual,propagate,mild,"{""dim"": 1, ""distance"": 8, ""length"": 12, ""n_sources"": 1}",1,20000,3,0.37854135401236516,1.0,0.37854135401236516,0.8248888900677364,0.126
bdh_cq,bdh_cq/attn_residual,9b4bca1a63ee,attn_residual,propagate,mild,"{""dim"": 1, ""distance"": 8, ""length"": 12, ""n_sources"": 1}",1,22500,3,0.36381088371854275,1.0,0.36381088371854275,0.8556111146608988,0.1386666666666667
bdh_cq,bdh_cq/attn_residual,9b4bca1a63ee,attn_residual,propagate,mild,"{""dim"": 1, ""distance"": 8, ""length"": 12, ""n_sources"": 1}",1,25000,3,0.3791712074695776,1.0,0.3791712074695776,0.8726111146807671,0.18200000000000002
bdh_cq,bdh_cq/attn_residual,9b4bca1a63ee,attn_residual,propagate,mild,"{""dim"": 1, ""distance"": 8, ""length"": 12, ""n_sources"": 1}",1,27500,3,0.4033523491040493,1.0,0.4033523491040493,0.8821666706403097,0.18666666666666668
bdh_cq,bdh_cq/attn_residual,9b4bca1a63ee,attn_residual,propagate,mild,"{""dim"": 1, ""distance"": 8, ""length"": 12, ""n_sources"": 1}",1,30000,3,0.38652904991370934,1.0,0.38652904991370934,0.8812777809699376,0.20466666666666666
bdh_cq,bdh_cq/attn_residual,9b4bca1a63ee,attn_residual,propagate,mild,"{""dim"": 1, ""distance"": 8, ""length"": 12, ""n_sources"": 1}",1,32500,3,0.3480481308264037,1.0,0.3480481308264037,0.8763888927300773,0.16133333333333336
bdh_cq,bdh_cq/attn_residual,9b4bca1a63ee,attn_residual,propagate,mild,"{""dim"": 1, ""distance"": 8, ""length"": 12, ""n_sources"": 1}",1,35000,3,0.37076420430094004,1.0,0.37076420430094004,0.8759444487492244,0.168
bdh_cq,bdh_cq/attn_residual,9b4bca1a63ee,attn_residual,propagate,mild,"{""dim"": 1, ""distance"": 8, ""length"": 12, ""n_sources"": 1}",1,37500,3,0.3497771757344405,1.0,0.3497771757344405,0.8742777812480927,0.16333333333333333
bdh_cq,bdh_cq/attn_residual,9b4bca1a63ee,attn_residual,propagate,mild,"{""dim"": 1, ""distance"": 8, ""length"": 12, ""n_sources"": 1}",1,40000,3,0.35056164565806586,1.0,0.35056164565806586,0.8737777816255887,0.16533333333333333
bdh_cq,bdh_cq/attn_residual,9b4bca1a63ee,attn_residual,propagate,mild,"{""dim"": 1, ""distance"": 8, ""length"": 12, ""n_sources"": 1}",2,40000,3,0.9528356492519379,0.0,0.9528356492519379,0.8692222267389297,0.07466666666666667
bdh_cq,bdh_cq/attn_residual,9b4bca1a63ee,attn_residual,propagate,mild,"{""dim"": 1, ""distance"": 8, ""length"": 12, ""n_sources"": 1}",4,2500,3,0.9978945453961691,0.0,0.9913727268576622,0.7833888773322105,0.0
bdh_cq,bdh_cq/attn_residual,9b4bca1a63ee,attn_residual,propagate,mild,"{""dim"": 1, ""distance"": 8, ""length"": 12, ""n_sources"": 1}",4,5000,3,0.9990168064832687,0.0,0.9846130907535553,0.7774444323579471,0.0
bdh_cq,bdh_cq/attn_residual,9b4bca1a63ee,attn_residual,propagate,mild,"{""dim"": 1, ""distance"": 8, ""length"": 12, ""n_sources"": 1}",4,7500,3,0.9981993958353996,0.0,0.9887233724196752,0.7807222090760867,0.0
bdh_cq,bdh_cq/attn_residual,9b4bca1a63ee,attn_residual,propagate,mild,"{""dim"": 1, ""distance"": 8, ""length"": 12, ""n_sources"": 1}",4,10000,3,0.9987143352627754,0.0,0.9928663223981857,0.7866666607658068,0.0
bdh_cq,bdh_cq/attn_residual,9b4bca1a63ee,attn_residual,propagate,mild,"{""dim"": 1, ""distance"": 8, ""length"": 12, ""n_sources"": 1}",4,12500,3,0.9986862937609354,0.0,0.9742438072959582,0.7997777711947759,0.0006666666666666666
bdh_cq,bdh_cq/attn_residual,9b4bca1a63ee,attn_residual,propagate,mild,"{""dim"": 1, ""distance"": 8, ""length"": 12, ""n_sources"": 1}",4,15000,3,0.9975021754701933,0.0,0.9640377486745516,0.7946111039717992,0.0
bdh_cq,bdh_cq/attn_residual,9b4bca1a63ee,attn_residual,propagate,mild,"{""dim"": 1, ""distance"": 8, ""length"": 12, ""n_sources"": 1}",4,17500,3,0.9967598368724188,0.0,0.9370946610967318,0.8119444352587064,0.0
bdh_cq,bdh_cq/attn_residual,9b4bca1a63ee,attn_residual,propagate,mild,"{""dim"": 1, ""distance"": 8, ""length"": 12, ""n_sources"": 1}",4,20000,3,0.9954126849770546,0.0,0.9345723589261373,0.814888877471288,0.0
bdh_cq,bdh_cq/attn_residual,9b4bca1a63ee,attn_residual,propagate,mild,"{""dim"": 1, ""distance"": 8, ""length"": 12, ""n_sources"": 1}",4,22500,3,0.9967206989725431,0.0,0.9454055527846018,0.8175555451313654,0.0
bdh_cq,bdh_cq/attn_residual,9b4bca1a63ee,attn_residual,propagate,mild,"{""dim"": 1, ""distance"": 8, ""length"": 12, ""n_sources"": 1}",4,25000,3,0.9948683927456538,0.0,0.9375856618086497,0.8144444338083267,0.0006666666666666666
bdh_cq,bdh_cq/attn_residual,9b4bca1a63ee,attn_residual,propagate,mild,"{""dim"": 1, ""distance"": 8, ""length"": 12, ""n_sources"": 1}",4,27500,3,0.995900347828865,0.0,0.9292291700839996,0.8114444325764975,0.0006666666666666666
bdh_cq,bdh_cq/attn_residual,9b4bca1a63ee,attn_residual,propagate,mild,"{""dim"": 1, ""distance"": 8, ""length"": 12, ""n_sources"": 1}",4,30000,3,0.9958484346667925,0.0,0.9437529668211937,0.8193333200613657,0.0013333333333333333
bdh_cq,bdh_cq/attn_residual,9b4bca1a63ee,attn_residual,propagate,mild,"{""dim"": 1, ""distance"": 8, ""length"": 12, ""n_sources"": 1}",4,32500,3,0.9960888450344404,0.0,0.9441889896988869,0.8224444322188695,0.0
bdh_cq,bdh_cq/attn_residual,9b4bca1a63ee,attn_residual,propagate,mild,"{""dim"": 1, ""distance"": 8, ""length"": 12, ""n_sources"": 1}",4,35000,3,0.9959426621596018,0.0,0.939264806608359,0.8146666544675827,0.0
bdh_cq,bdh_cq/attn_residual,9b4bca1a63ee,attn_residual,propagate,mild,"{""dim"": 1, ""distance"": 8, ""length"": 12, ""n_sources"": 1}",4,37500,3,0.995685006181399,0.0,0.9389314403136572,0.8175555429061254,0.0
bdh_cq,bdh_cq/attn_residual,9b4bca1a63ee,attn_residual,propagate,mild,"{""dim"": 1, ""distance"": 8, ""length"": 12, ""n_sources"": 1}",4,40000,3,0.9958382894595464,0.0,0.9406243562698364,0.8180555426279703,0.0
bdh_cq,bdh_cq/attn_residual,9b4bca1a63ee,attn_residual,propagate,mild,"{""dim"": 1, ""distance"": 8, ""length"": 12, ""n_sources"": 1}",8,40000,3,0.9954692218452692,0.0,0.9373793372263511,0.82838887099425,0.0
bdh_cq,bdh_cq/attn_residual,9b4bca1a63ee,attn_residual,propagate,mild,"{""dim"": 1, ""distance"": 8, ""length"": 12, ""n_sources"": 1}",16,2500,3,0.9998249262571335,0.0,0.9913727268576622,0.7447222114205361,0.0
bdh_cq,bdh_cq/attn_residual,9b4bca1a63ee,attn_residual,propagate,mild,"{""dim"": 1, ""distance"": 8, ""length"": 12, ""n_sources"": 1}",16,5000,3,0.9995547011494637,0.0,0.9846130907535553,0.6813888836652041,0.0
bdh_cq,bdh_cq/attn_residual,9b4bca1a63ee,attn_residual,propagate,mild,"{""dim"": 1, ""distance"": 8, ""length"": 12, ""n_sources"": 1}",16,7500,3,0.998884859184424,0.0,0.9887233724196752,0.7376666593203942,0.0
bdh_cq,bdh_cq/attn_residual,9b4bca1a63ee,attn_residual,propagate,mild,"{""dim"": 1, ""distance"": 8, ""length"": 12, ""n_sources"": 1}",16,10000,3,0.9992824743191401,0.0,0.9928663223981857,0.7866111016074817,0.0
bdh_cq,bdh_cq/attn_residual,9b4bca1a63ee,attn_residual,propagate,mild,"{""dim"": 1, ""distance"": 8, ""length"": 12, ""n_sources"": 1}",16,12500,3,0.9996329918503761,0.0,0.9742438072959582,0.7893888795375824,0.0
bdh_cq,bdh_cq/attn_residual,9b4bca1a63ee,attn_residual,propagate,mild,"{""dim"": 1, ""distance"": 8, ""length"": 12, ""n_sources"": 1}",16,15000,3,0.9988338251908621,0.0,0.9640377486745516,0.7856111024220785,0.0
bdh_cq,bdh_cq/attn_residual,9b4bca1a63ee,attn_residual,propagate,mild,"{""dim"": 1, ""distance"": 8, ""length"": 12, ""n_sources"": 1}",16,17500,3,0.999705950419108,0.0,0.9370946610967318,0.7706111046274503,0.0
bdh_cq,bdh_cq/attn_residual,9b4bca1a63ee,attn_residual,propagate,mild,"{""dim"": 1, ""distance"": 8, ""length"": 12, ""n_sources"": 1}",16,20000,3,0.9996952563524246,0.0,0.9345723589261373,0.7608333273132643,0.0
bdh_cq,bdh_cq/attn_residual,9b4bca1a63ee,attn_residual,propagate,mild,"{""dim"": 1, ""distance"": 8, ""length"": 12, ""n_sources"": 1}",16,22500,3,0.9996237034598986,0.0,0.9454055527846018,0.7641111049850782,0.0
bdh_cq,bdh_cq/attn_residual,9b4bca1a63ee,attn_residual,propagate,mild,"{""dim"": 1, ""distance"": 8, ""length"": 12, ""n_sources"": 1}",16,25000,3,0.9997481356064478,0.0,0.9375856618086497,0.7577222159107526,0.0
bdh_cq,bdh_cq/attn_residual,9b4bca1a63ee,attn_residual,propagate,mild,"{""dim"": 1, ""distance"": 8, ""length"": 12, ""n_sources"": 1}",16,27500,3,0.997730111082395,0.0,0.9292291700839996,0.7816666585206985,0.0
bdh_cq,bdh_cq/attn_residual,9b4bca1a63ee,attn_residual,propagate,mild,"{""dim"": 1, ""distance"": 8, ""length"": 12, ""n_sources"": 1}",16,30000,3,0.9996859977642695,0.0,0.9437529668211937,0.7717777701020241,0.0
bdh_cq,bdh_cq/attn_residual,9b4bca1a63ee,attn_residual,propagate,mild,"{""dim"": 1, ""distance"": 8, ""length"": 12, ""n_sources"": 1}",16,32500,3,0.9997223218282064,0.0,0.9441889896988869,0.775999992330869,0.0
bdh_cq,bdh_cq/attn_residual,9b4bca1a63ee,attn_residual,propagate,mild,"{""dim"": 1, ""distance"": 8, ""length"": 12, ""n_sources"": 1}",16,35000,3,0.9997256944576899,0.0,0.939264806608359,0.7748333259423573,0.0
bdh_cq,bdh_cq/attn_residual,9b4bca1a63ee,attn_residual,propagate,mild,"{""dim"": 1, ""distance"": 8, ""length"": 12, ""n_sources"": 1}",16,37500,3,0.9997423415382704,0.0,0.9389314403136572,0.7708888819217682,0.0
bdh_cq,bdh_cq/attn_residual,9b4bca1a63ee,attn_residual,propagate,mild,"{""dim"": 1, ""distance"": 8, ""length"": 12, ""n_sources"": 1}",16,40000,3,0.9997343694170316,0.0,0.9406243562698364,0.7724444371461869,0.0
bdh_cq,bdh_cq/attn_residual,9b4bca1a63ee,attn_residual,propagate,mild,"{""dim"": 1, ""distance"": 8, ""length"": 12, ""n_sources"": 1}",32,2500,3,0.9999493844807148,0.0,0.990872211754322,0.7322222116440534,0.0
bdh_cq,bdh_cq/attn_residual,9b4bca1a63ee,attn_residual,propagate,mild,"{""dim"": 1, ""distance"": 8, ""length"": 12, ""n_sources"": 1}",32,5000,3,0.9999380949884653,0.0,0.989470032354196,0.7493333283464114,0.0
bdh_cq,bdh_cq/attn_residual,9b4bca1a63ee,attn_residual,propagate,mild,"{""dim"": 1, ""distance"": 8, ""length"": 12, ""n_sources"": 1}",32,7500,3,0.9998180872450272,0.0,0.9868676842500766,0.7389444394359986,0.0
bdh_cq,bdh_cq/attn_residual,9b4bca1a63ee,attn_residual,propagate,mild,"{""dim"": 1, ""distance"": 8, ""length"": 12, ""n_sources"": 1}",32,10000,3,0.9993907635410627,0.0,0.993703747789065,0.7645555496414502,0.0
bdh_cq,bdh_cq/attn_residual,9b4bca1a63ee,attn_residual,propagate,mild,"{""dim"": 1, ""distance"": 8, ""length"": 12, ""n_sources"": 1}",32,12500,3,0.9996434990316629,0.0,0.9749787226319313,0.7728888829151789,0.0
bdh_cq,bdh_cq/attn_residual,9b4bca1a63ee,attn_residual,propagate,mild,"{""dim"": 1, ""distance"": 8, ""length"": 12, ""n_sources"": 1}",32,15000,3,0.9991252434750398,0.0,0.9658971267441908,0.7256111117800076,0.0
bdh_cq,bdh_cq/attn_residual,9b4bca1a63ee,attn_residual,propagate,mild,"{""dim"": 1, ""distance"": 8, ""length"": 12, ""n_sources"": 1}",32,17500,3,0.9998473177353541,0.0,0.9359143016239008,0.7352777773141862,0.0
bdh_cq,bdh_cq/attn_residual,9b4bca1a63ee,attn_residual,propagate,mild,"{""dim"": 1, ""distance"": 8, ""length"": 12, ""n_sources"": 1}",32,20000,3,0.9988704329977433,0.0,0.9318692336479822,0.7364999978144965,0.0
bdh_cq,bdh_cq/attn_residual,9b4bca1a63ee,attn_residual,propagate,mild,"{""dim"": 1, ""distance"": 8, ""length"": 12, ""n_sources"": 1}",32,22500,3,0.9989681200434765,0.0,0.946100203320384,0.7364444434245428,0.0
bdh_cq,bdh_cq/attn_residual,9b4bca1a63ee,attn_residual,propagate,mild,"{""dim"": 1, ""distance"": 8, ""length"": 12, ""n_sources"": 1}",32,25000,3,0.9986503000060717,0.0,0.9360954618702332,0.7359999985694885,0.0
bdh_cq,bdh_cq/attn_residual,9b4bca1a63ee,attn_residual,propagate,mild,"{""dim"": 1, ""distance"": 8, ""length"": 12, ""n_sources"": 1}",32,27500,3,0.9984507920841376,0.0,0.9296951722353697,0.7478333328167598,0.0
bdh_cq,bdh_cq/attn_residual,9b4bca1a63ee,attn_residual,propagate,mild,"{""dim"": 1, ""distance"": 8, ""length"": 12, ""n_sources"": 1}",32,30000,3,0.9977814840773741,0.0,0.9410482359429201,0.7548333311875662,0.0
bdh_cq,bdh_cq/attn_residual,9b4bca1a63ee,attn_residual,propagate,mild,"{""dim"": 1, ""distance"": 8, ""length"": 12, ""n_sources"": 1}",32,32500,3,0.9991745874285698,0.0,0.9394740015268326,0.7572222196857133,0.0
bdh_cq,bdh_cq/attn_residual,9b4bca1a63ee,attn_residual,propagate,mild,"{""dim"": 1, ""distance"": 8, ""length"": 12, ""n_sources"": 1}",32,35000,3,0.9990830942988396,0.0,0.9353947509080172,0.753944442053636,0.0
bdh_cq,bdh_cq/attn_residual,9b4bca1a63ee,attn_residual,propagate,mild,"{""dim"": 1, ""distance"": 8, ""length"": 12, ""n_sources"": 1}",32,37500,3,0.9985544054458538,0.0,0.9357985500246286,0.7577777746717135,0.0
bdh_cq,bdh_cq/attn_residual,9b4bca1a63ee,attn_residual,propagate,mild,"{""dim"": 1, ""distance"": 8, ""length"": 12, ""n_sources"": 1}",32,40000,3,0.9989427303274473,0.0,0.9373793372263511,0.7599444410006205,0.0
bdh_cq,bdh_cq/attn_residual,9b4bca1a63ee,attn_residual,propagate,strong,"{""dim"": 1, ""distance"": 12, ""length"": 48, ""n_sources"": 1}",1,2500,3,0.9238004262248675,1.0,0.9238004262248675,0.7304444320512316,0.0
bdh_cq,bdh_cq/attn_residual,9b4bca1a63ee,attn_residual,propagate,strong,"{""dim"": 1, ""distance"": 12, ""length"": 48, ""n_sources"": 1}",1,5000,3,0.8894169628620148,1.0,0.8894169628620148,0.7275694289691746,0.0
bdh_cq,bdh_cq/attn_residual,9b4bca1a63ee,attn_residual,propagate,strong,"{""dim"": 1, ""distance"": 12, ""length"": 48, ""n_sources"": 1}",1,7500,3,0.8982088044285774,1.0,0.8982088044285774,0.7059583139307796,0.0
bdh_cq,bdh_cq/attn_residual,9b4bca1a63ee,attn_residual,propagate,strong,"{""dim"": 1, ""distance"": 12, ""length"": 48, ""n_sources"": 1}",1,10000,3,0.8482847933967909,1.0,0.8482847933967909,0.7213055389324824,0.0
bdh_cq,bdh_cq/attn_residual,9b4bca1a63ee,attn_residual,propagate,strong,"{""dim"": 1, ""distance"": 12, ""length"": 48, ""n_sources"": 1}",1,12500,3,0.7486984270314375,1.0,0.7486984270314375,0.7353055471579234,0.0
bdh_cq,bdh_cq/attn_residual,9b4bca1a63ee,attn_residual,propagate,strong,"{""dim"": 1, ""distance"": 12, ""length"": 48, ""n_sources"": 1}",1,15000,3,0.6624882891774178,1.0,0.6624882891774178,0.7543611050446829,0.0
bdh_cq,bdh_cq/attn_residual,9b4bca1a63ee,attn_residual,propagate,strong,"{""dim"": 1, ""distance"": 12, ""length"": 48, ""n_sources"": 1}",1,17500,3,0.6288179444770018,1.0,0.6288179444770018,0.7806944400171439,0.0
bdh_cq,bdh_cq/attn_residual,9b4bca1a63ee,attn_residual,propagate,strong,"{""dim"": 1, ""distance"": 12, ""length"": 48, ""n_sources"": 1}",1,20000,3,0.6151919914409518,1.0,0.6151919914409518,0.8111666644215584,0.0
bdh_cq,bdh_cq/attn_residual,9b4bca1a63ee,attn_residual,propagate,strong,"{""dim"": 1, ""distance"": 12, ""length"": 48, ""n_sources"": 1}",1,22500,3,0.6433607699970404,1.0,0.6433607699970404,0.7915277744630972,0.0
bdh_cq,bdh_cq/attn_residual,9b4bca1a63ee,attn_residual,propagate,strong,"{""dim"": 1, ""distance"": 12, ""length"": 48, ""n_sources"": 1}",1,25000,3,0.6205704621970654,1.0,0.6205704621970654,0.7910972191989423,0.0
bdh_cq,bdh_cq/attn_residual,9b4bca1a63ee,attn_residual,propagate,strong,"{""dim"": 1, ""distance"": 12, ""length"": 48, ""n_sources"": 1}",1,27500,3,0.6152009908109903,1.0,0.6152009908109903,0.8396527758638065,0.0
bdh_cq,bdh_cq/attn_residual,9b4bca1a63ee,attn_residual,propagate,strong,"{""dim"": 1, ""distance"": 12, ""length"": 48, ""n_sources"": 1}",1,30000,3,0.6065108996505538,1.0,0.6065108996505538,0.8314305536448957,0.0
bdh_cq,bdh_cq/attn_residual,9b4bca1a63ee,attn_residual,propagate,strong,"{""dim"": 1, ""distance"": 12, ""length"": 48, ""n_sources"": 1}",1,32500,3,0.6244926253954569,1.0,0.6244926253954569,0.8164305526117485,0.0
bdh_cq,bdh_cq/attn_residual,9b4bca1a63ee,attn_residual,propagate,strong,"{""dim"": 1, ""distance"": 12, ""length"": 48, ""n_sources"": 1}",1,35000,3,0.6156397924448053,1.0,0.6156397924448053,0.8159027745525043,0.0
bdh_cq,bdh_cq/attn_residual,9b4bca1a63ee,attn_residual,propagate,strong,"{""dim"": 1, ""distance"": 12, ""length"": 48, ""n_sources"": 1}",1,37500,3,0.6131551035990318,1.0,0.6131551035990318,0.8165972186128299,0.0
bdh_cq,bdh_cq/attn_residual,9b4bca1a63ee,attn_residual,propagate,strong,"{""dim"": 1, ""distance"": 12, ""length"": 48, ""n_sources"": 1}",1,40000,3,0.6150372895256927,1.0,0.6150372895256927,0.8155833296577134,0.0
bdh_cq,bdh_cq/attn_residual,9b4bca1a63ee,attn_residual,propagate,strong,"{""dim"": 1, ""distance"": 12, ""length"": 48, ""n_sources"": 1}",2,40000,3,0.8001366754372915,0.0,0.8001366754372915,0.8116805531084538,0.0
bdh_cq,bdh_cq/attn_residual,9b4bca1a63ee,attn_residual,propagate,strong,"{""dim"": 1, ""distance"": 12, ""length"": 48, ""n_sources"": 1}",4,2500,3,0.9994888752698898,0.0,0.9949399630228678,0.7318610988457998,0.0
bdh_cq,bdh_cq/attn_residual,9b4bca1a63ee,attn_residual,propagate,strong,"{""dim"": 1, ""distance"": 12, ""length"": 48, ""n_sources"": 1}",4,5000,3,0.9986988082528114,0.0,0.9931599001089731,0.7227916503734887,0.0
bdh_cq,bdh_cq/attn_residual,9b4bca1a63ee,attn_residual,propagate,strong,"{""dim"": 1, ""distance"": 12, ""length"": 48, ""n_sources"": 1}",4,7500,3,0.9960920363664627,0.0,0.9748753160238266,0.7059444249868393,0.0
bdh_cq,bdh_cq/attn_residual,9b4bca1a63ee,attn_residual,propagate,strong,"{""dim"": 1, ""distance"": 12, ""length"": 48, ""n_sources"": 1}",4,10000,3,0.9955340077479681,0.0,0.9674275914827982,0.717944427827994,0.0
bdh_cq,bdh_cq/attn_residual,9b4bca1a63ee,attn_residual,propagate,strong,"{""dim"": 1, ""distance"": 12, ""length"": 48, ""n_sources"": 1}",4,12500,3,0.9936588058869044,0.0,0.8989443629980087,0.7290277711252372,0.0
bdh_cq,bdh_cq/attn_residual,9b4bca1a63ee,attn_residual,propagate,strong,"{""dim"": 1, ""distance"": 12, ""length"": 48, ""n_sources"": 1}",4,15000,3,0.9947757199406624,0.0,0.8109235614538193,0.7396111061473688,0.0
bdh_cq,bdh_cq/attn_residual,9b4bca1a63ee,attn_residual,propagate,strong,"{""dim"": 1, ""distance"": 12, ""length"": 48, ""n_sources"": 1}",4,17500,3,0.9916943286856016,0.0,0.820710082227985,0.7716944416165351,0.0
bdh_cq,bdh_cq/attn_residual,9b4bca1a63ee,attn_residual,propagate,strong,"{""dim"": 1, ""distance"": 12, ""length"": 48, ""n_sources"": 1}",4,20000,3,0.9911894376079241,0.0,0.8384315942724546,0.8001805537343025,0.0
bdh_cq,bdh_cq/attn_residual,9b4bca1a63ee,attn_residual,propagate,strong,"{""dim"": 1, ""distance"": 12, ""length"": 48, ""n_sources"": 1}",4,22500,3,0.9908903241157532,0.0,0.8057689405977726,0.7801527751286824,0.0
bdh_cq,bdh_cq/attn_residual,9b4bca1a63ee,attn_residual,propagate,strong,"{""dim"": 1, ""distance"": 12, ""length"": 48, ""n_sources"": 1}",4,25000,3,0.9907053684194883,0.0,0.766370619336764,0.7795416648685932,0.0
bdh_cq,bdh_cq/attn_residual,9b4bca1a63ee,attn_residual,propagate,strong,"{""dim"": 1, ""distance"": 12, ""length"": 48, ""n_sources"": 1}",4,27500,3,0.9875298663973808,0.0,0.7313943927486738,0.8294027762611708,0.0
bdh_cq,bdh_cq/attn_residual,9b4bca1a63ee,attn_residual,propagate,strong,"{""dim"": 1, ""distance"": 12, ""length"": 48, ""n_sources"": 1}",4,30000,3,0.9828469331065813,0.0,0.7909951557715734,0.8222361097037792,0.0
bdh_cq,bdh_cq/attn_residual,9b4bca1a63ee,attn_residual,propagate,strong,"{""dim"": 1, ""distance"": 12, ""length"": 48, ""n_sources"": 1}",4,32500,3,0.9867566426595052,0.0,0.7659240538875262,0.8072222207685312,0.0
bdh_cq,bdh_cq/attn_residual,9b4bca1a63ee,attn_residual,propagate,strong,"{""dim"": 1, ""distance"": 12, ""length"": 48, ""n_sources"": 1}",4,35000,3,0.989067462583383,0.0,0.7801700184742609,0.8077916658023994,0.0
bdh_cq,bdh_cq/attn_residual,9b4bca1a63ee,attn_residual,propagate,strong,"{""dim"": 1, ""distance"": 12, ""length"": 48, ""n_sources"": 1}",4,37500,3,0.9896349832415581,0.0,0.781175600985686,0.8080555543402831,0.0
bdh_cq,bdh_cq/attn_residual,9b4bca1a63ee,attn_residual,propagate,strong,"{""dim"": 1, ""distance"": 12, ""length"": 48, ""n_sources"": 1}",4,40000,3,0.9879736055930456,0.0,0.7782564001778761,0.8069999988277754,0.0
bdh_cq,bdh_cq/attn_residual,9b4bca1a63ee,attn_residual,propagate,strong,"{""dim"": 1, ""distance"": 12, ""length"": 48, ""n_sources"": 1}",8,40000,3,0.9982066365579764,0.0,0.7545765183555583,0.8202777762860061,0.0
bdh_cq,bdh_cq/attn_residual,9b4bca1a63ee,attn_residual,propagate,strong,"{""dim"": 1, ""distance"": 12, ""length"": 48, ""n_sources"": 1}",16,2500,3,0.9999540870388349,0.0,0.9949399630228678,0.7370277663866679,0.0
bdh_cq,bdh_cq/attn_residual,9b4bca1a63ee,attn_residual,propagate,strong,"{""dim"": 1, ""distance"": 12, ""length"": 48, ""n_sources"": 1}",16,5000,3,0.9999543676773707,0.0,0.9931599001089731,0.7213610944325725,0.0
bdh_cq,bdh_cq/attn_residual,9b4bca1a63ee,attn_residual,propagate,strong,"{""dim"": 1, ""distance"": 12, ""length"": 48, ""n_sources"": 1}",16,7500,3,0.9998969584703445,0.0,0.9748753160238266,0.7079999805887539,0.0
bdh_cq,bdh_cq/attn_residual,9b4bca1a63ee,attn_residual,propagate,strong,"{""dim"": 1, ""distance"": 12, ""length"": 48, ""n_sources"": 1}",16,10000,3,0.9998529007037481,0.0,0.9674275914827982,0.7192638729612032,0.0
bdh_cq,bdh_cq/attn_residual,9b4bca1a63ee,attn_residual,propagate,strong,"{""dim"": 1, ""distance"": 12, ""length"": 48, ""n_sources"": 1}",16,12500,3,0.9997818519671758,0.0,0.8989443629980087,0.7486666609446209,0.0
bdh_cq,bdh_cq/attn_residual,9b4bca1a63ee,attn_residual,propagate,strong,"{""dim"": 1, ""distance"": 12, ""length"": 48, ""n_sources"": 1}",16,15000,3,0.9996240238348643,0.0,0.8109235614538193,0.7450416613817215,0.0
bdh_cq,bdh_cq/attn_residual,9b4bca1a63ee,attn_residual,propagate,strong,"{""dim"": 1, ""distance"": 12, ""length"": 48, ""n_sources"": 1}",16,17500,3,0.9996341069539388,0.0,0.820710082227985,0.7838194408218065,0.0
bdh_cq,bdh_cq/attn_residual,9b4bca1a63ee,attn_residual,propagate,strong,"{""dim"": 1, ""distance"": 12, ""length"": 48, ""n_sources"": 1}",16,20000,3,0.9996346880992254,0.0,0.8384315942724546,0.8065138872986038,0.0
bdh_cq,bdh_cq/attn_residual,9b4bca1a63ee,attn_residual,propagate,strong,"{""dim"": 1, ""distance"": 12, ""length"": 48, ""n_sources"": 1}",16,22500,3,0.9994463920593262,0.0,0.8057689405977726,0.7913333296279111,0.0
bdh_cq,bdh_cq/attn_residual,9b4bca1a63ee,attn_residual,propagate,strong,"{""dim"": 1, ""distance"": 12, ""length"": 48, ""n_sources"": 1}",16,25000,3,0.9994359662135442,0.0,0.766370619336764,0.7916805530339479,0.0
bdh_cq,bdh_cq/attn_residual,9b4bca1a63ee,attn_residual,propagate,strong,"{""dim"": 1, ""distance"": 12, ""length"": 48, ""n_sources"": 1}",16,27500,3,0.9992612426479658,0.0,0.7313943927486738,0.8456805541217327,0.0
bdh_cq,bdh_cq/attn_residual,9b4bca1a63ee,attn_residual,propagate,strong,"{""dim"": 1, ""distance"": 12, ""length"": 48, ""n_sources"": 1}",16,30000,3,0.9995323816935221,0.0,0.7909951557715734,0.8343194424013296,0.0
bdh_cq,bdh_cq/attn_residual,9b4bca1a63ee,attn_residual,propagate,strong,"{""dim"": 1, ""distance"": 12, ""length"": 48, ""n_sources"": 1}",16,32500,3,0.9995617295304934,0.0,0.7659240538875262,0.819861109862725,0.0
bdh_cq,bdh_cq/attn_residual,9b4bca1a63ee,attn_residual,propagate,strong,"{""dim"": 1, ""distance"": 12, ""length"": 48, ""n_sources"": 1}",16,35000,3,0.999554547170798,0.0,0.7801700184742609,0.8226249982019266,0.0
bdh_cq,bdh_cq/attn_residual,9b4bca1a63ee,attn_residual,propagate,strong,"{""dim"": 1, ""distance"": 12, ""length"": 48, ""n_sources"": 1}",16,37500,3,0.9995410566528639,0.0,0.781175600985686,0.8211388868391514,0.0
bdh_cq,bdh_cq/attn_residual,9b4bca1a63ee,attn_residual,propagate,strong,"{""dim"": 1, ""distance"": 12, ""length"": 48, ""n_sources"": 1}",16,40000,3,0.9995366285244623,0.0,0.7782564001778761,0.8207638870477677,0.0
bdh_cq,bdh_cq/attn_residual,9b4bca1a63ee,attn_residual,propagate,strong,"{""dim"": 1, ""distance"": 12, ""length"": 48, ""n_sources"": 1}",32,2500,3,0.9999866125484308,0.0,0.9953170996159315,0.7414722107077639,0.0
bdh_cq,bdh_cq/attn_residual,9b4bca1a63ee,attn_residual,propagate,strong,"{""dim"": 1, ""distance"": 12, ""length"": 48, ""n_sources"": 1}",32,5000,3,0.9999839396526417,0.0,0.9933108277618885,0.712527761751165,0.0
bdh_cq,bdh_cq/attn_residual,9b4bca1a63ee,attn_residual,propagate,strong,"{""dim"": 1, ""distance"": 12, ""length"": 48, ""n_sources"": 1}",32,7500,3,0.9999701666335264,0.0,0.9738737232983112,0.7054027596165736,0.0
bdh_cq,bdh_cq/attn_residual,9b4bca1a63ee,attn_residual,propagate,strong,"{""dim"": 1, ""distance"": 12, ""length"": 48, ""n_sources"": 1}",32,10000,3,0.9999617120871941,0.0,0.9659914523363113,0.7215138742923738,0.0
bdh_cq,bdh_cq/attn_residual,9b4bca1a63ee,attn_residual,propagate,strong,"{""dim"": 1, ""distance"": 12, ""length"": 48, ""n_sources"": 1}",32,12500,3,0.9999243232111136,0.0,0.8911290913820267,0.7653194393267233,0.0
bdh_cq,bdh_cq/attn_residual,9b4bca1a63ee,attn_residual,propagate,strong,"{""dim"": 1, ""distance"": 12, ""length"": 48, ""n_sources"": 1}",32,15000,3,0.9999425603697697,0.0,0.8059211085395267,0.7052777734287083,0.0
bdh_cq,bdh_cq/attn_residual,9b4bca1a63ee,attn_residual,propagate,strong,"{""dim"": 1, ""distance"": 12, ""length"": 48, ""n_sources"": 1}",32,17500,3,0.9999401165793339,0.0,0.8263256773352623,0.760624997501572,0.0
bdh_cq,bdh_cq/attn_residual,9b4bca1a63ee,attn_residual,propagate,strong,"{""dim"": 1, ""distance"": 12, ""length"": 48, ""n_sources"": 1}",32,20000,3,0.9999662364522616,0.0,0.7837055539130233,0.7533333324541648,0.0
bdh_cq,bdh_cq/attn_residual,9b4bca1a63ee,attn_residual,propagate,strong,"{""dim"": 1, ""distance"": 12, ""length"": 48, ""n_sources"": 1}",32,22500,3,0.9999280665069818,0.0,0.7569724253068367,0.7670694420884053,0.0
bdh_cq,bdh_cq/attn_residual,9b4bca1a63ee,attn_residual,propagate,strong,"{""dim"": 1, ""distance"": 12, ""length"": 48, ""n_sources"": 1}",32,25000,3,0.9999448346594969,0.0,0.7398125412873924,0.7438472194671631,0.0
bdh_cq,bdh_cq/attn_residual,9b4bca1a63ee,attn_residual,propagate,strong,"{""dim"": 1, ""distance"": 12, ""length"": 48, ""n_sources"": 1}",32,27500,3,0.9999194238334894,0.0,0.7333609173074365,0.8254583310584227,0.0
bdh_cq,bdh_cq/attn_residual,9b4bca1a63ee,attn_residual,propagate,strong,"{""dim"": 1, ""distance"": 12, ""length"": 48, ""n_sources"": 1}",32,30000,3,0.9999449526270231,0.0,0.7689051742975911,0.8039166642775138,0.0
bdh_cq,bdh_cq/attn_residual,9b4bca1a63ee,attn_residual,propagate,strong,"{""dim"": 1, ""distance"": 12, ""length"": 48, ""n_sources"": 1}",32,32500,3,0.9999386332929134,0.0,0.7500345308023194,0.7824722197651863,0.0
bdh_cq,bdh_cq/attn_residual,9b4bca1a63ee,attn_residual,propagate,strong,"{""dim"": 1, ""distance"": 12, ""length"": 48, ""n_sources"": 1}",32,35000,3,0.999940657367309,0.0,0.7611862486228347,0.792541664113601,0.0
bdh_cq,bdh_cq/attn_residual,9b4bca1a63ee,attn_residual,propagate,strong,"{""dim"": 1, ""distance"": 12, ""length"": 48, ""n_sources"": 1}",32,37500,3,0.9999365210533142,0.0,0.7577430017602941,0.7914305533915758,0.0
bdh_cq,bdh_cq/attn_residual,9b4bca1a63ee,attn_residual,propagate,strong,"{""dim"": 1, ""distance"": 12, ""length"": 48, ""n_sources"": 1}",32,40000,3,0.999933478112022,0.0,0.7545765183555583,0.7917083312521379,0.0
bdh_cq,bdh_cq/attn_residual,9b4bca1a63ee,attn_residual,propagate,strong,"{""dim"": 1, ""distance"": 24, ""length"": 48, ""n_sources"": 1}",1,2500,3,0.9304581359028816,1.0,0.9304581359028816,0.6183750006916623,0.0
bdh_cq,bdh_cq/attn_residual,9b4bca1a63ee,attn_residual,propagate,strong,"{""dim"": 1, ""distance"": 24, ""length"": 48, ""n_sources"": 1}",1,5000,3,0.906176413098971,1.0,0.906176413098971,0.5597638925760985,0.0
bdh_cq,bdh_cq/attn_residual,9b4bca1a63ee,attn_residual,propagate,strong,"{""dim"": 1, ""distance"": 24, ""length"": 48, ""n_sources"": 1}",1,7500,3,0.9001466408371925,1.0,0.9001466408371925,0.4626944533288479,0.0
bdh_cq,bdh_cq/attn_residual,9b4bca1a63ee,attn_residual,propagate,strong,"{""dim"": 1, ""distance"": 24, ""length"": 48, ""n_sources"": 1}",1,10000,3,0.8423920273780823,1.0,0.8423920273780823,0.5154027804632981,0.0
bdh_cq,bdh_cq/attn_residual,9b4bca1a63ee,attn_residual,propagate,strong,"{""dim"": 1, ""distance"": 24, ""length"": 48, ""n_sources"": 1}",1,12500,3,0.731057365735372,1.0,0.731057365735372,0.6121111106524865,0.0
bdh_cq,bdh_cq/attn_residual,9b4bca1a63ee,attn_residual,propagate,strong,"{""dim"": 1, ""distance"": 24, ""length"": 48, ""n_sources"": 1}",1,15000,3,0.6483472374578317,1.0,0.6483472374578317,0.6524027764846881,0.0
bdh_cq,bdh_cq/attn_residual,9b4bca1a63ee,attn_residual,propagate,strong,"{""dim"": 1, ""distance"": 24, ""length"": 48, ""n_sources"": 1}",1,17500,3,0.6411925774688522,1.0,0.6411925774688522,0.7055972214738527,0.0
bdh_cq,bdh_cq/attn_residual,9b4bca1a63ee,attn_residual,propagate,strong,"{""dim"": 1, ""distance"": 24, ""length"": 48, ""n_sources"": 1}",1,20000,3,0.5772921314152578,1.0,0.5772921314152578,0.764555554519097,0.0
bdh_cq,bdh_cq/attn_residual,9b4bca1a63ee,attn_residual,propagate,strong,"{""dim"": 1, ""distance"": 24, ""length"": 48, ""n_sources"": 1}",1,22500,3,0.5897107610168556,1.0,0.5897107610168556,0.7279166658495863,0.0
bdh_cq,bdh_cq/attn_residual,9b4bca1a63ee,attn_residual,propagate,strong,"{""dim"": 1, ""distance"": 24, ""length"": 48, ""n_sources"": 1}",1,25000,3,0.5796095176289479,1.0,0.5796095176289479,0.7250277772247791,0.0
bdh_cq,bdh_cq/attn_residual,9b4bca1a63ee,attn_residual,propagate,strong,"{""dim"": 1, ""distance"": 24, ""length"": 48, ""n_sources"": 1}",1,27500,3,0.5969893994430701,1.0,0.5969893994430701,0.8001805550555389,0.0
bdh_cq,bdh_cq/attn_residual,9b4bca1a63ee,attn_residual,propagate,strong,"{""dim"": 1, ""distance"": 24, ""length"": 48, ""n_sources"": 1}",1,30000,3,0.5922222680722674,1.0,0.5922222680722674,0.7840694434642792,0.0
bdh_cq,bdh_cq/attn_residual,9b4bca1a63ee,attn_residual,propagate,strong,"{""dim"": 1, ""distance"": 24, ""length"": 48, ""n_sources"": 1}",1,32500,3,0.6026086919009686,1.0,0.6026086919009686,0.7604583330949147,0.0
bdh_cq,bdh_cq/attn_residual,9b4bca1a63ee,attn_residual,propagate,strong,"{""dim"": 1, ""distance"": 24, ""length"": 48, ""n_sources"": 1}",1,35000,3,0.582544019135336,1.0,0.582544019135336,0.7585555553187926,0.0
bdh_cq,bdh_cq/attn_residual,9b4bca1a63ee,attn_residual,propagate,strong,"{""dim"": 1, ""distance"": 24, ""length"": 48, ""n_sources"": 1}",1,37500,3,0.584538759974142,1.0,0.584538759974142,0.7560138884733121,0.0
bdh_cq,bdh_cq/attn_residual,9b4bca1a63ee,attn_residual,propagate,strong,"{""dim"": 1, ""distance"": 24, ""length"": 48, ""n_sources"": 1}",1,40000,3,0.5859552727391323,1.0,0.5859552727391323,0.7540694440255562,0.0
bdh_cq,bdh_cq/attn_residual,9b4bca1a63ee,attn_residual,propagate,strong,"{""dim"": 1, ""distance"": 24, ""length"": 48, ""n_sources"": 1}",2,40000,3,0.8265325551231703,0.0,0.8265325551231703,0.7538333327944081,0.0
bdh_cq,bdh_cq/attn_residual,9b4bca1a63ee,attn_residual,propagate,strong,"{""dim"": 1, ""distance"": 24, ""length"": 48, ""n_sources"": 1}",4,2500,3,0.9995051895578703,0.0,0.9948556795716286,0.6225555559371908,0.0
bdh_cq,bdh_cq/attn_residual,9b4bca1a63ee,attn_residual,propagate,strong,"{""dim"": 1, ""distance"": 24, ""length"": 48, ""n_sources"": 1}",4,5000,3,0.9988368600606918,0.0,0.993818424642086,0.5468055600474279,0.0
bdh_cq,bdh_cq/attn_residual,9b4bca1a63ee,attn_residual,propagate,strong,"{""dim"": 1, ""distance"": 24, ""length"": 48, ""n_sources"": 1}",4,7500,3,0.99629807472229,0.0,0.9741230284174284,0.4617500091890494,0.0
bdh_cq,bdh_cq/attn_residual,9b4bca1a63ee,attn_residual,propagate,strong,"{""dim"": 1, ""distance"": 24, ""length"": 48, ""n_sources"": 1}",4,10000,3,0.9952761804064115,0.0,0.9674052173892657,0.5151666701411207,0.0
bdh_cq,bdh_cq/attn_residual,9b4bca1a63ee,attn_residual,propagate,strong,"{""dim"": 1, ""distance"": 24, ""length"": 48, ""n_sources"": 1}",4,12500,3,0.9934399947524071,0.0,0.9077590728799502,0.6065000000794729,0.0
bdh_cq,bdh_cq/attn_residual,9b4bca1a63ee,attn_residual,propagate,strong,"{""dim"": 1, ""distance"": 24, ""length"": 48, ""n_sources"": 1}",4,15000,3,0.9940989340345064,0.0,0.8390579844514529,0.6469583334475756,0.0
bdh_cq,bdh_cq/attn_residual,9b4bca1a63ee,attn_residual,propagate,strong,"{""dim"": 1, ""distance"": 24, ""length"": 48, ""n_sources"": 1}",4,17500,3,0.9929067020614942,0.0,0.8509812528888384,0.7005972217147548,0.0
bdh_cq,bdh_cq/attn_residual,9b4bca1a63ee,attn_residual,propagate,strong,"{""dim"": 1, ""distance"": 24, ""length"": 48, ""n_sources"": 1}",4,20000,3,0.9879291107257208,0.0,0.8186052193244299,0.7642222223977247,0.0
bdh_cq,bdh_cq/attn_residual,9b4bca1a63ee,attn_residual,propagate,strong,"{""dim"": 1, ""distance"": 24, ""length"": 48, ""n_sources"": 1}",4,22500,3,0.9883202388882637,0.0,0.7852124745647112,0.7246111099968354,0.0
bdh_cq,bdh_cq/attn_residual,9b4bca1a63ee,attn_residual,propagate,strong,"{""dim"": 1, ""distance"": 24, ""length"": 48, ""n_sources"": 1}",4,25000,3,0.9878046040733656,0.0,0.767893290768067,0.7166944435139498,0.0
bdh_cq,bdh_cq/attn_residual,9b4bca1a63ee,attn_residual,propagate,strong,"{""dim"": 1, ""distance"": 24, ""length"": 48, ""n_sources"": 1}",4,27500,3,0.9932004660367966,0.0,0.7954674089948336,0.7979305542012055,0.0
bdh_cq,bdh_cq/attn_residual,9b4bca1a63ee,attn_residual,propagate,strong,"{""dim"": 1, ""distance"": 24, ""length"": 48, ""n_sources"": 1}",4,30000,3,0.9911863729357719,0.0,0.82205298046271,0.7772361103842655,0.0
bdh_cq,bdh_cq/attn_residual,9b4bca1a63ee,attn_residual,propagate,strong,"{""dim"": 1, ""distance"": 24, ""length"": 48, ""n_sources"": 1}",4,32500,3,0.9897405256827673,0.0,0.7883075873057047,0.7584999995678663,0.0
bdh_cq,bdh_cq/attn_residual,9b4bca1a63ee,attn_residual,propagate,strong,"{""dim"": 1, ""distance"": 24, ""length"": 48, ""n_sources"": 1}",4,35000,3,0.9913002823789915,0.0,0.8160568053523699,0.757999999547998,0.0
bdh_cq,bdh_cq/attn_residual,9b4bca1a63ee,attn_residual,propagate,strong,"{""dim"": 1, ""distance"": 24, ""length"": 48, ""n_sources"": 1}",4,37500,3,0.991611031194528,0.0,0.8139374678333601,0.7550833320568006,0.0
bdh_cq,bdh_cq/attn_residual,9b4bca1a63ee,attn_residual,propagate,strong,"{""dim"": 1, ""distance"": 24, ""length"": 48, ""n_sources"": 1}",4,40000,3,0.9918168360988299,0.0,0.8110323150952657,0.7537916661451259,0.0
bdh_cq,bdh_cq/attn_residual,9b4bca1a63ee,attn_residual,propagate,strong,"{""dim"": 1, ""distance"": 24, ""length"": 48, ""n_sources"": 1}",8,40000,3,0.9980618221064409,0.0,0.7920132537061969,0.7796944446563722,0.0
bdh_cq,bdh_cq/attn_residual,9b4bca1a63ee,attn_residual,propagate,strong,"{""dim"": 1, ""distance"": 24, ""length"": 48, ""n_sources"": 1}",16,2500,3,0.9999607851107916,0.0,0.9948556795716286,0.643805555631717,0.0
bdh_cq,bdh_cq/attn_residual,9b4bca1a63ee,attn_residual,propagate,strong,"{""dim"": 1, ""distance"": 24, ""length"": 48, ""n_sources"": 1}",16,5000,3,0.9999519661068916,0.0,0.993818424642086,0.5365138941655556,0.0
bdh_cq,bdh_cq/attn_residual,9b4bca1a63ee,attn_residual,propagate,strong,"{""dim"": 1, ""distance"": 24, ""length"": 48, ""n_sources"": 1}",16,7500,3,0.9998700122038523,0.0,0.9741230284174284,0.4663611200451851,0.0
bdh_cq,bdh_cq/attn_residual,9b4bca1a63ee,attn_residual,propagate,strong,"{""dim"": 1, ""distance"": 24, ""length"": 48, ""n_sources"": 1}",16,10000,3,0.999831440548102,0.0,0.9674052173892657,0.5281250024934611,0.0
bdh_cq,bdh_cq/attn_residual,9b4bca1a63ee,attn_residual,propagate,strong,"{""dim"": 1, ""distance"": 24, ""length"": 48, ""n_sources"": 1}",16,12500,3,0.9997609605391821,0.0,0.9077590728799502,0.6912083328862986,0.0
bdh_cq,bdh_cq/attn_residual,9b4bca1a63ee,attn_residual,propagate,strong,"{""dim"": 1, ""distance"": 24, ""length"": 48, ""n_sources"": 1}",16,15000,3,0.999559777478377,0.0,0.8390579844514529,0.7061944434692462,0.0
bdh_cq,bdh_cq/attn_residual,9b4bca1a63ee,attn_residual,propagate,strong,"{""dim"": 1, ""distance"": 24, ""length"": 48, ""n_sources"": 1}",16,17500,3,0.9995166435837746,0.0,0.8509812528888384,0.7544722210069498,0.0
bdh_cq,bdh_cq/attn_residual,9b4bca1a63ee,attn_residual,propagate,strong,"{""dim"": 1, ""distance"": 24, ""length"": 48, ""n_sources"": 1}",16,20000,3,0.9994716942310333,0.0,0.8186052193244299,0.7993888879815737,0.0
bdh_cq,bdh_cq/attn_residual,9b4bca1a63ee,attn_residual,propagate,strong,"{""dim"": 1, ""distance"": 24, ""length"": 48, ""n_sources"": 1}",16,22500,3,0.9992080107331276,0.0,0.7852124745647112,0.755069443821907,0.0
bdh_cq,bdh_cq/attn_residual,9b4bca1a63ee,attn_residual,propagate,strong,"{""dim"": 1, ""distance"": 24, ""length"": 48, ""n_sources"": 1}",16,25000,3,0.9987805063525835,0.0,0.767893290768067,0.7508749992648761,0.0
bdh_cq,bdh_cq/attn_residual,9b4bca1a63ee,attn_residual,propagate,strong,"{""dim"": 1, ""distance"": 24, ""length"": 48, ""n_sources"": 1}",16,27500,3,0.9992549791932106,0.0,0.7954674089948336,0.8296805544892947,0.0
bdh_cq,bdh_cq/attn_residual,9b4bca1a63ee,attn_residual,propagate,strong,"{""dim"": 1, ""distance"": 24, ""length"": 48, ""n_sources"": 1}",16,30000,3,0.9991128891706467,0.0,0.82205298046271,0.8053194434841474,0.0
bdh_cq,bdh_cq/attn_residual,9b4bca1a63ee,attn_residual,propagate,strong,"{""dim"": 1, ""distance"": 24, ""length"": 48, ""n_sources"": 1}",16,32500,3,0.9991967429717382,0.0,0.7883075873057047,0.7955138870080312,0.0
bdh_cq,bdh_cq/attn_residual,9b4bca1a63ee,attn_residual,propagate,strong,"{""dim"": 1, ""distance"": 24, ""length"": 48, ""n_sources"": 1}",16,35000,3,0.9991295908888181,0.0,0.8160568053523699,0.7952083320816358,0.0
bdh_cq,bdh_cq/attn_residual,9b4bca1a63ee,attn_residual,propagate,strong,"{""dim"": 1, ""distance"": 24, ""length"": 48, ""n_sources"": 1}",16,37500,3,0.9991029178102812,0.0,0.8139374678333601,0.7898749983509381,0.0
bdh_cq,bdh_cq/attn_residual,9b4bca1a63ee,attn_residual,propagate,strong,"{""dim"": 1, ""distance"": 24, ""length"": 48, ""n_sources"": 1}",16,40000,3,0.9991060743729273,0.0,0.8110323150952657,0.7890416649977366,0.0
bdh_cq,bdh_cq/attn_residual,9b4bca1a63ee,attn_residual,propagate,strong,"{""dim"": 1, ""distance"": 24, ""length"": 48, ""n_sources"": 1}",32,2500,3,0.9999867410709461,0.0,0.9952429514378309,0.6521111117862165,0.0
bdh_cq,bdh_cq/attn_residual,9b4bca1a63ee,attn_residual,propagate,strong,"{""dim"": 1, ""distance"": 24, ""length"": 48, ""n_sources"": 1}",32,5000,3,0.9999838899821043,0.0,0.9933844283223152,0.5220972274641196,0.0
bdh_cq,bdh_cq/attn_residual,9b4bca1a63ee,attn_residual,propagate,strong,"{""dim"": 1, ""distance"": 24, ""length"": 48, ""n_sources"": 1}",32,7500,3,0.999967930217584,0.0,0.9725984061757723,0.4710555638571581,0.0
bdh_cq,bdh_cq/attn_residual,9b4bca1a63ee,attn_residual,propagate,strong,"{""dim"": 1, ""distance"": 24, ""length"": 48, ""n_sources"": 1}",32,10000,3,0.9999617785215378,0.0,0.9670853496839603,0.5535416691700618,0.0
bdh_cq,bdh_cq/attn_residual,9b4bca1a63ee,attn_residual,propagate,strong,"{""dim"": 1, ""distance"": 24, ""length"": 48, ""n_sources"": 1}",32,12500,3,0.9999242108315229,0.0,0.8990238054345051,0.7261111099521319,0.0
bdh_cq,bdh_cq/attn_residual,9b4bca1a63ee,attn_residual,propagate,strong,"{""dim"": 1, ""distance"": 24, ""length"": 48, ""n_sources"": 1}",32,15000,3,0.9999241052816311,0.0,0.8277254396428665,0.6983749984204769,0.0
bdh_cq,bdh_cq/attn_residual,9b4bca1a63ee,attn_residual,propagate,strong,"{""dim"": 1, ""distance"": 24, ""length"": 48, ""n_sources"": 1}",32,17500,3,0.9999045711010695,0.0,0.8249172866344452,0.7516111101905505,0.0
bdh_cq,bdh_cq/attn_residual,9b4bca1a63ee,attn_residual,propagate,strong,"{""dim"": 1, ""distance"": 24, ""length"": 48, ""n_sources"": 1}",32,20000,3,0.9999242747823397,0.0,0.7761332937516272,0.7705694429675738,0.0
bdh_cq,bdh_cq/attn_residual,9b4bca1a63ee,attn_residual,propagate,strong,"{""dim"": 1, ""distance"": 24, ""length"": 48, ""n_sources"": 1}",32,22500,3,0.9998862271507581,0.0,0.7687493291062614,0.7511111110250156,0.0
bdh_cq,bdh_cq/attn_residual,9b4bca1a63ee,attn_residual,propagate,strong,"{""dim"": 1, ""distance"": 24, ""length"": 48, ""n_sources"": 1}",32,25000,3,0.9998735208064318,0.0,0.7672873428091407,0.7273888878424962,0.0
bdh_cq,bdh_cq/attn_residual,9b4bca1a63ee,attn_residual,propagate,strong,"{""dim"": 1, ""distance"": 24, ""length"": 48, ""n_sources"": 1}",32,27500,3,0.9998501731703678,0.0,0.7719726509725054,0.8134999990860621,0.0
bdh_cq,bdh_cq/attn_residual,9b4bca1a63ee,attn_residual,propagate,strong,"{""dim"": 1, ""distance"": 24, ""length"": 48, ""n_sources"": 1}",32,30000,3,0.9999208524823189,0.0,0.7846846046547095,0.7909722208778064,0.0
bdh_cq,bdh_cq/attn_residual,9b4bca1a63ee,attn_residual,propagate,strong,"{""dim"": 1, ""distance"": 24, ""length"": 48, ""n_sources"": 1}",32,32500,3,0.9998920919994513,0.0,0.7837416231632233,0.7719722209572794,0.0
bdh_cq,bdh_cq/attn_residual,9b4bca1a63ee,attn_residual,propagate,strong,"{""dim"": 1, ""distance"": 24, ""length"": 48, ""n_sources"": 1}",32,35000,3,0.9999286991854509,0.0,0.7942995047196746,0.7783472205797831,0.0
bdh_cq,bdh_cq/attn_residual,9b4bca1a63ee,attn_residual,propagate,strong,"{""dim"": 1, ""distance"": 24, ""length"": 48, ""n_sources"": 1}",32,37500,3,0.9999068838854631,0.0,0.7912153899669647,0.7744166644016902,0.0
bdh_cq,bdh_cq/attn_residual,9b4bca1a63ee,attn_residual,propagate,strong,"{""dim"": 1, ""distance"": 24, ""length"": 48, ""n_sources"": 1}",32,40000,3,0.9999082914243141,0.0,0.7920132537061969,0.7742222198645274,0.0
bdh_cq,bdh_cq/attn_residual,a976f5e26896,attn_residual,propagate,interp,"{""dim"": 1, ""distance"": 1, ""length"": 12, ""n_sources"": 1}",1,2500,1,0.9770428463816643,1.0,0.9770428463816643,0.8009950127174605,0.0
bdh_cq,bdh_cq/attn_residual,a976f5e26896,attn_residual,propagate,interp,"{""dim"": 1, ""distance"": 1, ""length"": 12, ""n_sources"": 1}",1,5000,1,0.8262853547930717,1.0,0.8262853547930717,0.8084576966157601,0.0
bdh_cq,bdh_cq/attn_residual,a976f5e26896,attn_residual,propagate,interp,"{""dim"": 1, ""distance"": 1, ""length"": 12, ""n_sources"": 1}",1,7500,1,0.7393349334597588,1.0,0.7393349334597588,0.8221392916209662,0.0
bdh_cq,bdh_cq/attn_residual,a976f5e26896,attn_residual,propagate,interp,"{""dim"": 1, ""distance"": 1, ""length"": 12, ""n_sources"": 1}",1,8000,1,0.7426310256123543,1.0,0.7426310256123543,0.8208955090437362,0.0
bdh_cq,bdh_cq/attn_residual,a976f5e26896,attn_residual,propagate,interp,"{""dim"": 1, ""distance"": 1, ""length"": 12, ""n_sources"": 1}",4,2500,1,0.9975340887904167,0.0,0.9916008114814758,0.8009950127174605,0.0
bdh_cq,bdh_cq/attn_residual,a976f5e26896,attn_residual,propagate,interp,"{""dim"": 1, ""distance"": 1, ""length"": 12, ""n_sources"": 1}",4,5000,1,0.9992996528744698,0.0,0.994065947830677,0.8009950087141635,0.0
bdh_cq,bdh_cq/attn_residual,a976f5e26896,attn_residual,propagate,interp,"{""dim"": 1, ""distance"": 1, ""length"": 12, ""n_sources"": 1}",4,7500,1,0.9996721744537354,0.0,0.9940681979060173,0.8059701350197863,0.0
bdh_cq,bdh_cq/attn_residual,a976f5e26896,attn_residual,propagate,interp,"{""dim"": 1, ""distance"": 1, ""length"": 12, ""n_sources"": 1}",4,8000,1,0.9996579065918922,0.0,0.9939878508448601,0.8059701350197863,0.0
bdh_cq,bdh_cq/attn_residual,a976f5e26896,attn_residual,propagate,interp,"{""dim"": 1, ""distance"": 1, ""length"": 12, ""n_sources"": 1}",8,8000,1,0.99985196813941,0.0,0.9929473418742418,0.7860696364694567,0.0
bdh_cq,bdh_cq/attn_residual,a976f5e26896,attn_residual,propagate,interp,"{""dim"": 1, ""distance"": 1, ""length"": 12, ""n_sources"": 1}",32,8000,1,0.9999208636581898,0.0,0.9929473418742418,0.7624378044213822,0.0
bdh_cq,bdh_cq/attn_residual,a976f5e26896,attn_residual,propagate,interp,"{""dim"": 1, ""distance"": 2, ""length"": 12, ""n_sources"": 1}",1,2500,1,0.9616158828139305,1.0,0.9616158828139305,0.7985074511214868,0.0
bdh_cq,bdh_cq/attn_residual,a976f5e26896,attn_residual,propagate,interp,"{""dim"": 1, ""distance"": 2, ""length"": 12, ""n_sources"": 1}",1,5000,1,0.7841401994228363,1.0,0.7841401994228363,0.8009950127174605,0.0
bdh_cq,bdh_cq/attn_residual,a976f5e26896,attn_residual,propagate,interp,"{""dim"": 1, ""distance"": 2, ""length"": 12, ""n_sources"": 1}",1,7500,1,0.718482606112957,1.0,0.718482606112957,0.8184079447788979,0.0
bdh_cq,bdh_cq/attn_residual,a976f5e26896,attn_residual,propagate,interp,"{""dim"": 1, ""distance"": 2, ""length"": 12, ""n_sources"": 1}",1,8000,1,0.7210488691926003,1.0,0.7210488691926003,0.8184079438892763,0.0
bdh_cq,bdh_cq/attn_residual,a976f5e26896,attn_residual,propagate,interp,"{""dim"": 1, ""distance"": 2, ""length"": 12, ""n_sources"": 1}",4,2500,1,0.9978131651878357,0.0,0.9907862767577171,0.8022387935154474,0.0
bdh_cq,bdh_cq/attn_residual,a976f5e26896,attn_residual,propagate,interp,"{""dim"": 1, ""distance"": 2, ""length"": 12, ""n_sources"": 1}",4,5000,1,0.9993089437484741,0.0,0.9944014996290207,0.8059701367990294,0.0
bdh_cq,bdh_cq/attn_residual,a976f5e26896,attn_residual,propagate,interp,"{""dim"": 1, ""distance"": 2, ""length"": 12, ""n_sources"": 1}",4,7500,1,0.9996604844927788,0.0,0.9931862056255341,0.8109452608805984,0.0
bdh_cq,bdh_cq/attn_residual,a976f5e26896,attn_residual,propagate,interp,"{""dim"": 1, ""distance"": 2, ""length"": 12, ""n_sources"": 1}",4,8000,1,0.9996457695960999,0.0,0.9930462390184402,0.8121890407889637,0.0
bdh_cq,bdh_cq/attn_residual,a976f5e26896,attn_residual,propagate,interp,"{""dim"": 1, ""distance"": 2, ""length"": 12, ""n_sources"": 1}",8,8000,1,0.9998192191123962,0.0,0.9933507777750492,0.794776107393094,0.0
bdh_cq,bdh_cq/attn_residual,a976f5e26896,attn_residual,propagate,interp,"{""dim"": 1, ""distance"": 2, ""length"": 12, ""n_sources"": 1}",32,8000,1,0.9999201577156782,0.0,0.9933507777750492,0.7587064586913408,0.0
bdh_cq,bdh_cq/attn_residual,a976f5e26896,attn_residual,propagate,interp,"{""dim"": 1, ""distance"": 4, ""length"": 12, ""n_sources"": 1}",1,2500,1,0.9677026271820068,1.0,0.9677026271820068,0.8017676617159988,0.0
bdh_cq,bdh_cq/attn_residual,a976f5e26896,attn_residual,propagate,interp,"{""dim"": 1, ""distance"": 4, ""length"": 12, ""n_sources"": 1}",1,5000,1,0.7999521791934967,1.0,0.7999521791934967,0.8068181682716716,0.0
bdh_cq,bdh_cq/attn_residual,a976f5e26896,attn_residual,propagate,interp,"{""dim"": 1, ""distance"": 4, ""length"": 12, ""n_sources"": 1}",1,7500,1,0.7143769264221191,1.0,0.7143769264221191,0.8106060488657518,0.0
bdh_cq,bdh_cq/attn_residual,a976f5e26896,attn_residual,propagate,interp,"{""dim"": 1, ""distance"": 4, ""length"": 12, ""n_sources"": 1}",1,8000,1,0.7173697799444199,1.0,0.7173697799444199,0.8093434229041591,0.0
bdh_cq,bdh_cq/attn_residual,a976f5e26896,attn_residual,propagate,interp,"{""dim"": 1, ""distance"": 4, ""length"": 12, ""n_sources"": 1}",4,2500,1,0.998224526643753,0.0,0.9922416657209396,0.7891414011969711,0.0
bdh_cq,bdh_cq/attn_residual,a976f5e26896,attn_residual,propagate,interp,"{""dim"": 1, ""distance"": 4, ""length"": 12, ""n_sources"": 1}",4,5000,1,0.999378077685833,0.0,0.9947263970971107,0.7992424097928134,0.0
bdh_cq,bdh_cq/attn_residual,a976f5e26896,attn_residual,propagate,interp,"{""dim"": 1, ""distance"": 4, ""length"": 12, ""n_sources"": 1}",4,7500,1,0.9996983259916306,0.0,0.9945022836327553,0.8068181682716716,0.0
bdh_cq,bdh_cq/attn_residual,a976f5e26896,attn_residual,propagate,interp,"{""dim"": 1, ""distance"": 4, ""length"": 12, ""n_sources"": 1}",4,8000,1,0.9996889978647232,0.0,0.9942095950245857,0.8118686730211432,0.0
bdh_cq,bdh_cq/attn_residual,a976f5e26896,attn_residual,propagate,interp,"{""dim"": 1, ""distance"": 4, ""length"": 12, ""n_sources"": 1}",8,8000,1,0.9998269379138947,0.0,0.9940561018884182,0.7752525124585989,0.0
bdh_cq,bdh_cq/attn_residual,a976f5e26896,attn_residual,propagate,interp,"{""dim"": 1, ""distance"": 4, ""length"": 12, ""n_sources"": 1}",32,8000,1,0.9999221973121166,0.0,0.9940561018884182,0.7891414002938704,0.0
bdh_cq,bdh_cq/attn_residual,a976f5e26896,attn_residual,propagate,mild,"{""dim"": 1, ""distance"": 6, ""length"": 12, ""n_sources"": 1}",1,2500,1,0.9744134843349457,1.0,0.9744134843349457,0.7949999886751175,0.0
bdh_cq,bdh_cq/attn_residual,a976f5e26896,attn_residual,propagate,mild,"{""dim"": 1, ""distance"": 6, ""length"": 12, ""n_sources"": 1}",1,5000,1,0.7970045581459999,1.0,0.7970045581459999,0.8033333212137223,0.0
bdh_cq,bdh_cq/attn_residual,a976f5e26896,attn_residual,propagate,mild,"{""dim"": 1, ""distance"": 6, ""length"": 12, ""n_sources"": 1}",1,7500,1,0.7199897766113281,1.0,0.7199897766113281,0.8041666543483734,0.0
bdh_cq,bdh_cq/attn_residual,a976f5e26896,attn_residual,propagate,mild,"{""dim"": 1, ""distance"": 6, ""length"": 12, ""n_sources"": 1}",1,8000,1,0.7236957177519798,1.0,0.7236957177519798,0.8074999874830247,0.0
bdh_cq,bdh_cq/attn_residual,a976f5e26896,attn_residual,propagate,mild,"{""dim"": 1, ""distance"": 6, ""length"": 12, ""n_sources"": 1}",4,2500,1,0.9980331659317017,0.0,0.9915859550237656,0.7983333206176758,0.0
bdh_cq,bdh_cq/attn_residual,a976f5e26896,attn_residual,propagate,mild,"{""dim"": 1, ""distance"": 6, ""length"": 12, ""n_sources"": 1}",4,5000,1,0.9992263540625572,0.0,0.9939622581005096,0.8116666531562805,0.0
bdh_cq,bdh_cq/attn_residual,a976f5e26896,attn_residual,propagate,mild,"{""dim"": 1, ""distance"": 6, ""length"": 12, ""n_sources"": 1}",4,7500,1,0.9995501935482025,0.0,0.9899259209632874,0.8116666531562805,0.0
bdh_cq,bdh_cq/attn_residual,a976f5e26896,attn_residual,propagate,mild,"{""dim"": 1, ""distance"": 6, ""length"": 12, ""n_sources"": 1}",4,8000,1,0.9995338693261147,0.0,0.9895959794521332,0.814166652560234,0.0
bdh_cq,bdh_cq/attn_residual,a976f5e26896,attn_residual,propagate,mild,"{""dim"": 1, ""distance"": 6, ""length"": 12, ""n_sources"": 1}",8,8000,1,0.9998243041336536,0.0,0.992431016638875,0.7908333203196526,0.0
bdh_cq,bdh_cq/attn_residual,a976f5e26896,attn_residual,propagate,mild,"{""dim"": 1, ""distance"": 6, ""length"": 12, ""n_sources"": 1}",32,8000,1,0.9999272506684065,0.0,0.992431016638875,0.7866666555404663,0.0
bdh_cq,bdh_cq/attn_residual,a976f5e26896,attn_residual,propagate,mild,"{""dim"": 1, ""distance"": 8, ""length"": 12, ""n_sources"": 1}",1,2500,1,0.9765544310212135,1.0,0.9765544310212135,0.7874999898672104,0.0
bdh_cq,bdh_cq/attn_residual,a976f5e26896,attn_residual,propagate,mild,"{""dim"": 1, ""distance"": 8, ""length"": 12, ""n_sources"": 1}",1,5000,1,0.783955030143261,1.0,0.783955030143261,0.7983333224058151,0.0
bdh_cq,bdh_cq/attn_residual,a976f5e26896,attn_residual,propagate,mild,"{""dim"": 1, ""distance"": 8, ""length"": 12, ""n_sources"": 1}",1,7500,1,0.6929531320929527,1.0,0.6929531320929527,0.7941666555404663,0.0
bdh_cq,bdh_cq/attn_residual,a976f5e26896,attn_residual,propagate,mild,"{""dim"": 1, ""distance"": 8, ""length"": 12, ""n_sources"": 1}",1,8000,1,0.695480965077877,1.0,0.695480965077877,0.7949999886751175,0.0
bdh_cq,bdh_cq/attn_residual,a976f5e26896,attn_residual,propagate,mild,"{""dim"": 1, ""distance"": 8, ""length"": 12, ""n_sources"": 1}",4,2500,1,0.9978757798671722,0.0,0.991395615041256,0.7874999898672104,0.0
bdh_cq,bdh_cq/attn_residual,a976f5e26896,attn_residual,propagate,mild,"{""dim"": 1, ""distance"": 8, ""length"": 12, ""n_sources"": 1}",4,5000,1,0.9993442595005035,0.0,0.9945571571588516,0.8024999874830246,0.0
bdh_cq,bdh_cq/attn_residual,a976f5e26896,attn_residual,propagate,mild,"{""dim"": 1, ""distance"": 8, ""length"": 12, ""n_sources"": 1}",4,7500,1,0.9996933117508888,0.0,0.9941671788692474,0.8016666537523269,0.0
bdh_cq,bdh_cq/attn_residual,a976f5e26896,attn_residual,propagate,mild,"{""dim"": 1, ""distance"": 8, ""length"": 12, ""n_sources"": 1}",4,8000,1,0.9996845349669456,0.0,0.9941109642386436,0.804166653752327,0.0
bdh_cq,bdh_cq/attn_residual,a976f5e26896,attn_residual,propagate,mild,"{""dim"": 1, ""distance"": 8, ""length"": 12, ""n_sources"": 1}",8,8000,1,0.9998403619974852,0.0,0.9932201150804758,0.7974999862909317,0.0
bdh_cq,bdh_cq/attn_residual,a976f5e26896,attn_residual,propagate,mild,"{""dim"": 1, ""distance"": 8, ""length"": 12, ""n_sources"": 1}",32,8000,1,0.9999119378626347,0.0,0.9932201150804758,0.8049999874830246,0.0
bdh_cq,bdh_cq/attn_residual,a976f5e26896,attn_residual,propagate,strong,"{""dim"": 1, ""distance"": 12, ""length"": 48, ""n_sources"": 1}",1,2500,1,0.9734131693840027,1.0,0.9734131693840027,0.756458320915699,0.0
bdh_cq,bdh_cq/attn_residual,a976f5e26896,attn_residual,propagate,strong,"{""dim"": 1, ""distance"": 12, ""length"": 48, ""n_sources"": 1}",1,5000,1,0.9029600992798805,1.0,0.9029600992798805,0.5960416519269347,0.0
bdh_cq,bdh_cq/attn_residual,a976f5e26896,attn_residual,propagate,strong,"{""dim"": 1, ""distance"": 12, ""length"": 48, ""n_sources"": 1}",1,7500,1,0.8087281435728073,1.0,0.8087281435728073,0.5885416536591948,0.0
bdh_cq,bdh_cq/attn_residual,a976f5e26896,attn_residual,propagate,strong,"{""dim"": 1, ""distance"": 12, ""length"": 48, ""n_sources"": 1}",1,8000,1,0.8114480599761009,1.0,0.8114480599761009,0.5908333200775087,0.0
bdh_cq,bdh_cq/attn_residual,a976f5e26896,attn_residual,propagate,strong,"{""dim"": 1, ""distance"": 12, ""length"": 48, ""n_sources"": 1}",4,2500,1,0.9995280802249908,0.0,0.9971256256103516,0.751458320915699,0.0
bdh_cq,bdh_cq/attn_residual,a976f5e26896,attn_residual,propagate,strong,"{""dim"": 1, ""distance"": 12, ""length"": 48, ""n_sources"": 1}",4,5000,1,0.9995448365807533,0.0,0.9969150945544243,0.6049999849684536,0.0
bdh_cq,bdh_cq/attn_residual,a976f5e26896,attn_residual,propagate,strong,"{""dim"": 1, ""distance"": 12, ""length"": 48, ""n_sources"": 1}",4,7500,1,0.9996839463710785,0.0,0.9966345801949501,0.6016666522808373,0.0
bdh_cq,bdh_cq/attn_residual,a976f5e26896,attn_residual,propagate,strong,"{""dim"": 1, ""distance"": 12, ""length"": 48, ""n_sources"": 1}",4,8000,1,0.9996864795684814,0.0,0.9966769590973854,0.6024999862350523,0.0
bdh_cq,bdh_cq/attn_residual,a976f5e26896,attn_residual,propagate,strong,"{""dim"": 1, ""distance"": 12, ""length"": 48, ""n_sources"": 1}",8,8000,1,0.9999329969286919,0.0,0.9966473020613194,0.6220833190530538,0.0
bdh_cq,bdh_cq/attn_residual,a976f5e26896,attn_residual,propagate,strong,"{""dim"": 1, ""distance"": 12, ""length"": 48, ""n_sources"": 1}",32,8000,1,0.9999777358025312,0.0,0.9966473020613194,0.632916650660336,0.0
bdh_cq,bdh_cq/attn_residual,a976f5e26896,attn_residual,propagate,strong,"{""dim"": 1, ""distance"": 24, ""length"": 48, ""n_sources"": 1}",1,2500,1,0.9700447022914886,1.0,0.9700447022914886,0.6974999995529652,0.0
bdh_cq,bdh_cq/attn_residual,a976f5e26896,attn_residual,propagate,strong,"{""dim"": 1, ""distance"": 24, ""length"": 48, ""n_sources"": 1}",1,5000,1,0.9199546799063683,1.0,0.9199546799063683,0.4593750044517219,0.0
bdh_cq,bdh_cq/attn_residual,a976f5e26896,attn_residual,propagate,strong,"{""dim"": 1, ""distance"": 24, ""length"": 48, ""n_sources"": 1}",1,7500,1,0.8249899372458458,1.0,0.8249899372458458,0.4495833371207118,0.0
bdh_cq,bdh_cq/attn_residual,a976f5e26896,attn_residual,propagate,strong,"{""dim"": 1, ""distance"": 24, ""length"": 48, ""n_sources"": 1}",1,8000,1,0.8271468132734299,1.0,0.8271468132734299,0.4481250050291419,0.0
bdh_cq,bdh_cq/attn_residual,a976f5e26896,attn_residual,propagate,strong,"{""dim"": 1, ""distance"": 24, ""length"": 48, ""n_sources"": 1}",4,2500,1,0.9994537085294724,0.0,0.995874673128128,0.7029166668653488,0.0
bdh_cq,bdh_cq/attn_residual,a976f5e26896,attn_residual,propagate,strong,"{""dim"": 1, ""distance"": 24, ""length"": 48, ""n_sources"": 1}",4,5000,1,0.9995416551828384,0.0,0.9968222752213478,0.4577083371579647,0.0
bdh_cq,bdh_cq/attn_residual,a976f5e26896,attn_residual,propagate,strong,"{""dim"": 1, ""distance"": 24, ""length"": 48, ""n_sources"": 1}",4,7500,1,0.999671071767807,0.0,0.9967287555336952,0.4416666704788804,0.0
bdh_cq,bdh_cq/attn_residual,a976f5e26896,attn_residual,propagate,strong,"{""dim"": 1, ""distance"": 24, ""length"": 48, ""n_sources"": 1}",4,8000,1,0.9996728822588921,0.0,0.9967577233910561,0.4414583388343453,0.0
bdh_cq,bdh_cq/attn_residual,a976f5e26896,attn_residual,propagate,strong,"{""dim"": 1, ""distance"": 24, ""length"": 48, ""n_sources"": 1}",8,8000,1,0.9999345876276493,0.0,0.9962582569569349,0.44020834006369114,0.0
bdh_cq,bdh_cq/attn_residual,a976f5e26896,attn_residual,propagate,strong,"{""dim"": 1, ""distance"": 24, ""length"": 48, ""n_sources"": 1}",32,8000,1,0.999978194013238,0.0,0.9962582569569349,0.4304166741669178,0.0
bdh_cq,bdh_cq/init_skip,79d948f95c7e,init_skip,propagate,interp,"{""dim"": 1, ""distance"": 1, ""length"": 12, ""n_sources"": 1}",1,2500,3,0.9414592310786247,1.0,0.9414592310786247,0.7934131633021875,0.0
bdh_cq,bdh_cq/init_skip,79d948f95c7e,init_skip,propagate,interp,"{""dim"": 1, ""distance"": 1, ""length"": 12, ""n_sources"": 1}",1,5000,3,0.824629656970501,1.0,0.824629656970501,0.7898369811311691,0.0009980039920159682
bdh_cq,bdh_cq/init_skip,79d948f95c7e,init_skip,propagate,interp,"{""dim"": 1, ""distance"": 1, ""length"": 12, ""n_sources"": 1}",1,7500,3,0.7130059202512106,1.0,0.7130059202512106,0.8102128996612308,0.017964071856287425
bdh_cq,bdh_cq/init_skip,79d948f95c7e,init_skip,propagate,interp,"{""dim"": 1, ""distance"": 1, ""length"": 12, ""n_sources"": 1}",1,10000,3,0.6094513311982155,1.0,0.6094513311982155,0.8558715901926844,0.0748502994011976
bdh_cq,bdh_cq/init_skip,79d948f95c7e,init_skip,propagate,interp,"{""dim"": 1, ""distance"": 1, ""length"": 12, ""n_sources"": 1}",1,12500,3,0.5648447871208191,1.0,0.5648447871208191,0.9093479744926422,0.280439121756487
bdh_cq,bdh_cq/init_skip,79d948f95c7e,init_skip,propagate,interp,"{""dim"": 1, ""distance"": 1, ""length"": 12, ""n_sources"": 1}",1,15000,3,0.5344447195529938,1.0,0.5344447195529938,0.9719727244562731,0.7345309381237525
bdh_cq,bdh_cq/init_skip,79d948f95c7e,init_skip,propagate,interp,"{""dim"": 1, ""distance"": 1, ""length"": 12, ""n_sources"": 1}",1,17500,3,0.535737848530213,1.0,0.535737848530213,0.9925981382885855,0.9221556886227544
bdh_cq,bdh_cq/init_skip,79d948f95c7e,init_skip,propagate,interp,"{""dim"": 1, ""distance"": 1, ""length"": 12, ""n_sources"": 1}",1,20000,3,0.5299287276963393,1.0,0.5299287276963393,0.9960911518442418,0.9550898203592815
bdh_cq,bdh_cq/init_skip,79d948f95c7e,init_skip,propagate,interp,"{""dim"": 1, ""distance"": 1, ""length"": 12, ""n_sources"": 1}",1,22500,3,0.5276993835965792,1.0,0.5276993835965792,0.9969228216393028,0.9650698602794412
bdh_cq,bdh_cq/init_skip,79d948f95c7e,init_skip,propagate,interp,"{""dim"": 1, ""distance"": 1, ""length"": 12, ""n_sources"": 1}",1,25000,3,0.5134408064186573,1.0,0.5134408064186573,0.998336660409878,0.9800399201596806
bdh_cq,bdh_cq/init_skip,79d948f95c7e,init_skip,propagate,interp,"{""dim"": 1, ""distance"": 1, ""length"": 12, ""n_sources"": 1}",1,27500,3,0.5098185104628404,1.0,0.5098185104628404,0.9990019962459268,0.9880239520958084
bdh_cq,bdh_cq/init_skip,79d948f95c7e,init_skip,propagate,interp,"{""dim"": 1, ""distance"": 1, ""length"": 12, ""n_sources"": 1}",1,30000,3,0.5102804079651833,1.0,0.5102804079651833,0.9992514971844452,0.9910179640718563
bdh_cq,bdh_cq/init_skip,79d948f95c7e,init_skip,propagate,interp,"{""dim"": 1, ""distance"": 1, ""length"": 12, ""n_sources"": 1}",1,32500,3,0.5127159555753072,1.0,0.5127159555753072,0.9995841651024695,0.9950099800399202
bdh_cq,bdh_cq/init_skip,79d948f95c7e,init_skip,propagate,interp,"{""dim"": 1, ""distance"": 1, ""length"": 12, ""n_sources"": 1}",1,35000,3,0.5102243920167288,1.0,0.5102243920167288,0.9998336660409878,0.9980039920159681
bdh_cq,bdh_cq/init_skip,79d948f95c7e,init_skip,propagate,interp,"{""dim"": 1, ""distance"": 1, ""length"": 12, ""n_sources"": 1}",1,37500,3,0.5123738932112852,1.0,0.5123738932112852,0.9996673320819757,0.9960079840319361
bdh_cq,bdh_cq/init_skip,79d948f95c7e,init_skip,propagate,interp,"{""dim"": 1, ""distance"": 1, ""length"": 12, ""n_sources"": 1}",1,40000,3,0.5132166830201944,1.0,0.5132166830201944,0.9997504990614816,0.9970059880239521
bdh_cq,bdh_cq/init_skip,79d948f95c7e,init_skip,propagate,interp,"{""dim"": 1, ""distance"": 1, ""length"": 12, ""n_sources"": 1}",2,40000,3,0.8939001138011614,0.0,0.8939001138011614,1.0,1.0
bdh_cq,bdh_cq/init_skip,79d948f95c7e,init_skip,propagate,interp,"{""dim"": 1, ""distance"": 1, ""length"": 12, ""n_sources"": 1}",4,2500,3,0.9966643005609512,0.0,0.9833732470870018,0.7952428368513217,0.0
bdh_cq,bdh_cq/init_skip,79d948f95c7e,init_skip,propagate,interp,"{""dim"": 1, ""distance"": 1, ""length"": 12, ""n_sources"": 1}",4,5000,3,0.991461418569088,0.0,0.9429780741532644,0.7886726430909125,0.0
bdh_cq,bdh_cq/init_skip,79d948f95c7e,init_skip,propagate,interp,"{""dim"": 1, ""distance"": 1, ""length"": 12, ""n_sources"": 1}",4,7500,3,0.989458312590917,0.0,0.9117436856031418,0.8065535510014631,0.003992015968063873
bdh_cq,bdh_cq/init_skip,79d948f95c7e,init_skip,propagate,interp,"{""dim"": 1, ""distance"": 1, ""length"": 12, ""n_sources"": 1}",4,10000,3,0.9776091823975245,0.0,0.8922916774948438,0.8106287404775857,0.03293413173652695
bdh_cq,bdh_cq/init_skip,79d948f95c7e,init_skip,propagate,interp,"{""dim"": 1, ""distance"": 1, ""length"": 12, ""n_sources"": 1}",4,12500,3,0.9689992492397627,0.0,0.8897984176874161,0.8918829039780203,0.1437125748502994
bdh_cq,bdh_cq/init_skip,79d948f95c7e,init_skip,propagate,interp,"{""dim"": 1, ""distance"": 1, ""length"": 12, ""n_sources"": 1}",4,15000,3,0.9554913888374964,0.0,0.9086701919635137,0.9475216295071943,0.48403193612774453
bdh_cq,bdh_cq/init_skip,79d948f95c7e,init_skip,propagate,interp,"{""dim"": 1, ""distance"": 1, ""length"": 12, ""n_sources"": 1}",4,17500,3,0.9467603166898092,0.0,0.9099882543087006,0.9817032637353429,0.7944111776447107
bdh_cq,bdh_cq/init_skip,79d948f95c7e,init_skip,propagate,interp,"{""dim"": 1, ""distance"": 1, ""length"": 12, ""n_sources"": 1}",4,20000,3,0.9276209970315298,0.0,0.9011132592956225,0.9870259507806477,0.8512974051896208
bdh_cq,bdh_cq/init_skip,79d948f95c7e,init_skip,propagate,interp,"{""dim"": 1, ""distance"": 1, ""length"": 12, ""n_sources"": 1}",4,22500,3,0.910226379831632,0.0,0.8944755867123604,0.9947604802911153,0.9371257485029941
bdh_cq,bdh_cq/init_skip,79d948f95c7e,init_skip,propagate,interp,"{""dim"": 1, ""distance"": 1, ""length"": 12, ""n_sources"": 1}",4,25000,3,0.9056947156786919,0.0,0.8897016371289889,0.996839654778768,0.9620758483033932
bdh_cq,bdh_cq/init_skip,79d948f95c7e,init_skip,propagate,interp,"{""dim"": 1, ""distance"": 1, ""length"": 12, ""n_sources"": 1}",4,27500,3,0.8956944147745768,0.0,0.8866495986779531,0.9965069868607435,0.9580838323353293
bdh_cq,bdh_cq/init_skip,79d948f95c7e,init_skip,propagate,interp,"{""dim"": 1, ""distance"": 1, ""length"": 12, ""n_sources"": 1}",4,30000,3,0.8980932061870893,0.0,0.8853670830527941,0.9970891557172862,0.9650698602794412
bdh_cq,bdh_cq/init_skip,79d948f95c7e,init_skip,propagate,interp,"{""dim"": 1, ""distance"": 1, ""length"": 12, ""n_sources"": 1}",4,32500,3,0.8910951962073644,0.0,0.8826869775851568,0.9974218236353107,0.9690618762475051
bdh_cq,bdh_cq/init_skip,79d948f95c7e,init_skip,propagate,interp,"{""dim"": 1, ""distance"": 1, ""length"": 12, ""n_sources"": 1}",4,35000,3,0.8875580007831255,0.0,0.8762803648908933,0.9981703264508658,0.9780439121756487
bdh_cq,bdh_cq/init_skip,79d948f95c7e,init_skip,propagate,interp,"{""dim"": 1, ""distance"": 1, ""length"": 12, ""n_sources"": 1}",4,37500,3,0.8890760242938995,0.0,0.8790999054908752,0.9978376585328412,0.9740518962075848
bdh_cq,bdh_cq/init_skip,79d948f95c7e,init_skip,propagate,interp,"{""dim"": 1, ""distance"": 1, ""length"": 12, ""n_sources"": 1}",4,40000,3,0.8886861974994341,0.0,0.8782099559903145,0.9978376585328412,0.9740518962075848
bdh_cq,bdh_cq/init_skip,79d948f95c7e,init_skip,propagate,interp,"{""dim"": 1, ""distance"": 1, ""length"": 12, ""n_sources"": 1}",8,40000,3,0.8599860997249683,0.0,0.7786974950383106,0.6924484325740151,0.0
bdh_cq,bdh_cq/init_skip,79d948f95c7e,init_skip,propagate,interp,"{""dim"": 1, ""distance"": 1, ""length"": 12, ""n_sources"": 1}",16,2500,3,0.9996808916330338,0.0,0.9833732470870018,0.7939953321587301,0.0
bdh_cq,bdh_cq/init_skip,79d948f95c7e,init_skip,propagate,interp,"{""dim"": 1, ""distance"": 1, ""length"": 12, ""n_sources"": 1}",16,5000,3,0.9147022093335787,0.0,0.8758002097407976,0.7658848949297221,0.0009980039920159682
bdh_cq,bdh_cq/init_skip,79d948f95c7e,init_skip,propagate,interp,"{""dim"": 1, ""distance"": 1, ""length"": 12, ""n_sources"": 1}",16,7500,3,0.882856105764707,0.0,0.8743332574764887,0.7824351233160662,0.0
bdh_cq,bdh_cq/init_skip,79d948f95c7e,init_skip,propagate,interp,"{""dim"": 1, ""distance"": 1, ""length"": 12, ""n_sources"": 1}",16,10000,3,0.8504732300837835,0.0,0.7932534068822861,0.769793739694797,0.0
bdh_cq,bdh_cq/init_skip,79d948f95c7e,init_skip,propagate,interp,"{""dim"": 1, ""distance"": 1, ""length"": 12, ""n_sources"": 1}",16,12500,3,0.8088737626870474,0.0,0.8057711844642957,0.7694610730854574,0.0019960079840319364
bdh_cq,bdh_cq/init_skip,79d948f95c7e,init_skip,propagate,interp,"{""dim"": 1, ""distance"": 1, ""length"": 12, ""n_sources"": 1}",16,15000,3,0.7406137958168983,0.0,0.7382393429676691,0.7702095750979558,0.0
bdh_cq,bdh_cq/init_skip,79d948f95c7e,init_skip,propagate,interp,"{""dim"": 1, ""distance"": 1, ""length"": 12, ""n_sources"": 1}",16,17500,3,0.6996250972151756,0.0,0.6996250972151756,0.7806886131772975,0.0
bdh_cq,bdh_cq/init_skip,79d948f95c7e,init_skip,propagate,interp,"{""dim"": 1, ""distance"": 1, ""length"": 12, ""n_sources"": 1}",16,20000,3,0.680507518351078,0.0,0.6774373253186544,0.7481703201751272,0.0
bdh_cq,bdh_cq/init_skip,79d948f95c7e,init_skip,propagate,interp,"{""dim"": 1, ""distance"": 1, ""length"": 12, ""n_sources"": 1}",16,22500,3,0.6962254780034224,0.0,0.679495965441068,0.744427805799924,0.0
bdh_cq,bdh_cq/init_skip,79d948f95c7e,init_skip,propagate,interp,"{""dim"": 1, ""distance"": 1, ""length"": 12, ""n_sources"": 1}",16,25000,3,0.7583113983273506,0.0,0.7158366789420446,0.7202262092612224,0.0
bdh_cq,bdh_cq/init_skip,79d948f95c7e,init_skip,propagate,interp,"{""dim"": 1, ""distance"": 1, ""length"": 12, ""n_sources"": 1}",16,27500,3,0.739657332499822,0.0,0.7195614501833916,0.7032601415456649,0.0
bdh_cq,bdh_cq/init_skip,79d948f95c7e,init_skip,propagate,interp,"{""dim"": 1, ""distance"": 1, ""length"": 12, ""n_sources"": 1}",16,30000,3,0.7963222389419874,0.0,0.7326319689551989,0.6995176264566337,0.0
bdh_cq,bdh_cq/init_skip,79d948f95c7e,init_skip,propagate,interp,"{""dim"": 1, ""distance"": 1, ""length"": 12, ""n_sources"": 1}",16,32500,3,0.7389100957661867,0.0,0.7083395216614008,0.6964404476200511,0.0
bdh_cq,bdh_cq/init_skip,79d948f95c7e,init_skip,propagate,interp,"{""dim"": 1, ""distance"": 1, ""length"": 12, ""n_sources"": 1}",16,35000,3,0.7369347127775351,0.0,0.7208160323401293,0.6956919450721818,0.0
bdh_cq,bdh_cq/init_skip,79d948f95c7e,init_skip,propagate,interp,"{""dim"": 1, ""distance"": 1, ""length"": 12, ""n_sources"": 1}",16,37500,3,0.7240202960868677,0.0,0.6978520515064398,0.6991849591037232,0.0
bdh_cq,bdh_cq/init_skip,79d948f95c7e,init_skip,propagate,interp,"{""dim"": 1, ""distance"": 1, ""length"": 12, ""n_sources"": 1}",16,40000,3,0.7218050907055537,0.0,0.7199535667896271,0.6962741142558956,0.0
bdh_cq,bdh_cq/init_skip,79d948f95c7e,init_skip,propagate,interp,"{""dim"": 1, ""distance"": 1, ""length"": 12, ""n_sources"": 1}",32,2500,3,0.9998893197625875,0.0,0.9832830484956503,0.7900864841219432,0.0
bdh_cq,bdh_cq/init_skip,79d948f95c7e,init_skip,propagate,interp,"{""dim"": 1, ""distance"": 1, ""length"": 12, ""n_sources"": 1}",32,5000,3,0.9843461041649183,0.0,0.8880491244296232,0.7342814428958588,0.0
bdh_cq,bdh_cq/init_skip,79d948f95c7e,init_skip,propagate,interp,"{""dim"": 1, ""distance"": 1, ""length"": 12, ""n_sources"": 1}",32,7500,3,0.9713702779263258,0.0,0.8837658651173115,0.7276280849220272,0.0
bdh_cq,bdh_cq/init_skip,79d948f95c7e,init_skip,propagate,interp,"{""dim"": 1, ""distance"": 1, ""length"": 12, ""n_sources"": 1}",32,10000,3,0.8892824730525414,0.0,0.7872112412005663,0.7254657431276973,0.0
bdh_cq,bdh_cq/init_skip,79d948f95c7e,init_skip,propagate,interp,"{""dim"": 1, ""distance"": 1, ""length"": 12, ""n_sources"": 1}",32,12500,3,0.8570166428883871,0.0,0.8073102505877614,0.7241350704443431,0.0
bdh_cq,bdh_cq/init_skip,79d948f95c7e,init_skip,propagate,interp,"{""dim"": 1, ""distance"": 1, ""length"": 12, ""n_sources"": 1}",32,15000,3,0.8217791045705477,0.0,0.7214329520550867,0.7341151051595064,0.0009980039920159682
bdh_cq,bdh_cq/init_skip,79d948f95c7e,init_skip,propagate,interp,"{""dim"": 1, ""distance"": 1, ""length"": 12, ""n_sources"": 1}",32,17500,3,0.729581982207795,0.0,0.7056361992533008,0.737940787376758,0.0
bdh_cq,bdh_cq/init_skip,79d948f95c7e,init_skip,propagate,interp,"{""dim"": 1, ""distance"": 1, ""length"": 12, ""n_sources"": 1}",32,20000,3,0.7770447594424089,0.0,0.6927573187276721,0.7375249514084853,0.0
bdh_cq,bdh_cq/init_skip,79d948f95c7e,init_skip,propagate,interp,"{""dim"": 1, ""distance"": 1, ""length"": 12, ""n_sources"": 1}",32,22500,3,0.7927138342832526,0.0,0.711863742209971,0.7334497680147728,0.0
bdh_cq,bdh_cq/init_skip,79d948f95c7e,init_skip,propagate,interp,"{""dim"": 1, ""distance"": 1, ""length"": 12, ""n_sources"": 1}",32,25000,3,0.833293212732921,0.0,0.733722586495181,0.7317032614451445,0.0
bdh_cq,bdh_cq/init_skip,79d948f95c7e,init_skip,propagate,interp,"{""dim"": 1, ""distance"": 1, ""length"": 12, ""n_sources"": 1}",32,27500,3,0.8139682793989778,0.0,0.726551840081811,0.7226380582995519,0.0
bdh_cq,bdh_cq/init_skip,79d948f95c7e,init_skip,propagate,interp,"{""dim"": 1, ""distance"": 1, ""length"": 12, ""n_sources"": 1}",32,30000,3,0.8250130473946532,0.0,0.7117112915342053,0.7218063887126908,0.0
bdh_cq,bdh_cq/init_skip,79d948f95c7e,init_skip,propagate,interp,"{""dim"": 1, ""distance"": 1, ""length"": 12, ""n_sources"": 1}",32,32500,3,0.8363892639366289,0.0,0.7246474089721838,0.7259647384910526,0.0
bdh_cq,bdh_cq/init_skip,79d948f95c7e,init_skip,propagate,interp,"{""dim"": 1, ""distance"": 1, ""length"": 12, ""n_sources"": 1}",32,35000,3,0.8111568183327714,0.0,0.7153220614418387,0.7233033950873716,0.0
bdh_cq,bdh_cq/init_skip,79d948f95c7e,init_skip,propagate,interp,"{""dim"": 1, ""distance"": 1, ""length"": 12, ""n_sources"": 1}",32,37500,3,0.8205250433335701,0.0,0.7285933371943732,0.7272954099252077,0.0
bdh_cq,bdh_cq/init_skip,79d948f95c7e,init_skip,propagate,interp,"{""dim"": 1, ""distance"": 1, ""length"": 12, ""n_sources"": 1}",32,40000,3,0.8403423267106215,0.0,0.7233386714942753,0.7238855636167432,0.0
bdh_cq,bdh_cq/init_skip,79d948f95c7e,init_skip,propagate,interp,"{""dim"": 1, ""distance"": 2, ""length"": 12, ""n_sources"": 1}",1,2500,3,0.9398580888907114,1.0,0.9398580888907114,0.7892058628338116,0.0
bdh_cq,bdh_cq/init_skip,79d948f95c7e,init_skip,propagate,interp,"{""dim"": 1, ""distance"": 2, ""length"": 12, ""n_sources"": 1}",1,5000,3,0.8229030892252922,1.0,0.8229030892252922,0.7943777004639069,0.0
bdh_cq,bdh_cq/init_skip,79d948f95c7e,init_skip,propagate,interp,"{""dim"": 1, ""distance"": 2, ""length"": 12, ""n_sources"": 1}",1,7500,3,0.7060696929693222,1.0,0.7060696929693222,0.8220720648228586,0.014014014014014016
bdh_cq,bdh_cq/init_skip,79d948f95c7e,init_skip,propagate,interp,"{""dim"": 1, ""distance"": 2, ""length"": 12, ""n_sources"": 1}",1,10000,3,0.6074623614549637,1.0,0.6074623614549637,0.8594427739118075,0.07907907907907907
bdh_cq,bdh_cq/init_skip,79d948f95c7e,init_skip,propagate,interp,"{""dim"": 1, ""distance"": 2, ""length"": 12, ""n_sources"": 1}",1,12500,3,0.5559803582727909,1.0,0.5559803582727909,0.9042375755978299,0.21521521521521522
bdh_cq,bdh_cq/init_skip,79d948f95c7e,init_skip,propagate,interp,"{""dim"": 1, ""distance"": 2, ""length"": 12, ""n_sources"": 1}",1,15000,3,0.5309887925783793,1.0,0.5309887925783793,0.9616282998143254,0.6216216216216216
bdh_cq,bdh_cq/init_skip,79d948f95c7e,init_skip,propagate,interp,"{""dim"": 1, ""distance"": 2, ""length"": 12, ""n_sources"": 1}",1,17500,3,0.5214208215475082,1.0,0.5214208215475082,0.9928261609048814,0.9209209209209209
bdh_cq,bdh_cq/init_skip,79d948f95c7e,init_skip,propagate,interp,"{""dim"": 1, ""distance"": 2, ""length"": 12, ""n_sources"": 1}",1,20000,3,0.5113408428927263,1.0,0.5113408428927263,0.9961628301723584,0.9589589589589589
bdh_cq,bdh_cq/init_skip,79d948f95c7e,init_skip,propagate,interp,"{""dim"": 1, ""distance"": 2, ""length"": 12, ""n_sources"": 1}",1,22500,3,0.5061228734751543,1.0,0.5061228734751543,0.9984984987371558,0.984984984984985
bdh_cq,bdh_cq/init_skip,79d948f95c7e,init_skip,propagate,interp,"{""dim"": 1, ""distance"": 2, ""length"": 12, ""n_sources"": 1}",1,25000,3,0.5025732529660066,1.0,0.5025732529660066,0.9989989991183276,0.990990990990991
bdh_cq,bdh_cq/init_skip,79d948f95c7e,init_skip,propagate,interp,"{""dim"": 1, ""distance"": 2, ""length"": 12, ""n_sources"": 1}",1,27500,3,0.4936152460674445,1.0,0.4936152460674445,0.998415082126289,0.980980980980981
bdh_cq,bdh_cq/init_skip,79d948f95c7e,init_skip,propagate,interp,"{""dim"": 1, ""distance"": 2, ""length"": 12, ""n_sources"": 1}",1,30000,3,0.4986476091047128,1.0,0.4986476091047128,0.9994160828886329,0.9929929929929929
bdh_cq,bdh_cq/init_skip,79d948f95c7e,init_skip,propagate,interp,"{""dim"": 1, ""distance"": 2, ""length"": 12, ""n_sources"": 1}",1,32500,3,0.4988088682293892,1.0,0.4988088682293892,0.9996663330792188,0.995995995995996
bdh_cq,bdh_cq/init_skip,79d948f95c7e,init_skip,propagate,interp,"{""dim"": 1, ""distance"": 2, ""length"": 12, ""n_sources"": 1}",1,35000,3,0.49546561017632484,1.0,0.49546561017632484,0.9998331665396094,0.9979979979979979
bdh_cq,bdh_cq/init_skip,79d948f95c7e,init_skip,propagate,interp,"{""dim"": 1, ""distance"": 2, ""length"": 12, ""n_sources"": 1}",1,37500,3,0.498769814769427,1.0,0.498769814769427,0.9999165832698047,0.998998998998999
bdh_cq,bdh_cq/init_skip,79d948f95c7e,init_skip,propagate,interp,"{""dim"": 1, ""distance"": 2, ""length"": 12, ""n_sources"": 1}",1,40000,3,0.4995022440950076,1.0,0.4995022440950076,0.9999165832698047,0.998998998998999
bdh_cq,bdh_cq/init_skip,79d948f95c7e,init_skip,propagate,interp,"{""dim"": 1, ""distance"": 2, ""length"": 12, ""n_sources"": 1}",2,40000,3,0.8968735088904699,0.0,0.8968735088904699,0.9993326661584375,0.9919919919919918
bdh_cq,bdh_cq/init_skip,79d948f95c7e,init_skip,propagate,interp,"{""dim"": 1, ""distance"": 2, ""length"": 12, ""n_sources"": 1}",4,2500,3,0.9967914894223213,0.0,0.9821571906407675,0.7882882786823345,0.0
bdh_cq,bdh_cq/init_skip,79d948f95c7e,init_skip,propagate,interp,"{""dim"": 1, ""distance"": 2, ""length"": 12, ""n_sources"": 1}",4,5000,3,0.9924881358941396,0.0,0.9406498223543167,0.7839506077575492,0.0
bdh_cq,bdh_cq/init_skip,79d948f95c7e,init_skip,propagate,interp,"{""dim"": 1, ""distance"": 2, ""length"": 12, ""n_sources"": 1}",4,7500,3,0.9908992027242979,0.0,0.9132412870724996,0.8148148059844971,0.006006006006006006
bdh_cq,bdh_cq/init_skip,79d948f95c7e,init_skip,propagate,interp,"{""dim"": 1, ""distance"": 2, ""length"": 12, ""n_sources"": 1}",4,10000,3,0.9779783363143603,0.0,0.8889644170800844,0.8016349628522947,0.016016016016016016
bdh_cq,bdh_cq/init_skip,79d948f95c7e,init_skip,propagate,interp,"{""dim"": 1, ""distance"": 2, ""length"": 12, ""n_sources"": 1}",4,12500,3,0.9635701353351275,0.0,0.8918798218170801,0.8771271265901484,0.09309309309309309
bdh_cq,bdh_cq/init_skip,79d948f95c7e,init_skip,propagate,interp,"{""dim"": 1, ""distance"": 2, ""length"": 12, ""n_sources"": 1}",4,15000,3,0.9440737217664719,0.0,0.9022513553500175,0.9362696087038195,0.40640640640640635
bdh_cq,bdh_cq/init_skip,79d948f95c7e,init_skip,propagate,interp,"{""dim"": 1, ""distance"": 2, ""length"": 12, ""n_sources"": 1}",4,17500,3,0.9387937858700752,0.0,0.9108541930715243,0.9761428130162252,0.7507507507507508
bdh_cq,bdh_cq/init_skip,79d948f95c7e,init_skip,propagate,interp,"{""dim"": 1, ""distance"": 2, ""length"": 12, ""n_sources"": 1}",4,20000,3,0.9255092988411585,0.0,0.903672069311142,0.9931598272886838,0.9329329329329329
bdh_cq,bdh_cq/init_skip,79d948f95c7e,init_skip,propagate,interp,"{""dim"": 1, ""distance"": 2, ""length"": 12, ""n_sources"": 1}",4,22500,3,0.9059979145725569,0.0,0.885186937948068,0.9973306643950927,0.9719719719719718
bdh_cq,bdh_cq/init_skip,79d948f95c7e,init_skip,propagate,interp,"{""dim"": 1, ""distance"": 2, ""length"": 12, ""n_sources"": 1}",4,25000,3,0.9062950387597084,0.0,0.8836104994018873,0.9985819154076867,0.9859859859859861
bdh_cq,bdh_cq/init_skip,79d948f95c7e,init_skip,propagate,interp,"{""dim"": 1, ""distance"": 2, ""length"": 12, ""n_sources"": 1}",4,27500,3,0.894368144373099,0.0,0.8843804523348808,0.9987487490470702,0.984984984984985
bdh_cq,bdh_cq/init_skip,79d948f95c7e,init_skip,propagate,interp,"{""dim"": 1, ""distance"": 2, ""length"": 12, ""n_sources"": 1}",4,30000,3,0.9021348754564921,0.0,0.8874429762363434,0.9998331665396094,0.9979979979979979
bdh_cq,bdh_cq/init_skip,79d948f95c7e,init_skip,propagate,interp,"{""dim"": 1, ""distance"": 2, ""length"": 12, ""n_sources"": 1}",4,32500,3,0.8906090507904688,0.0,0.87903610120217,0.9999165832698047,0.998998998998999
bdh_cq,bdh_cq/init_skip,79d948f95c7e,init_skip,propagate,interp,"{""dim"": 1, ""distance"": 2, ""length"": 12, ""n_sources"": 1}",4,35000,3,0.8893662368257841,0.0,0.8742980062961578,1.0,1.0
bdh_cq,bdh_cq/init_skip,79d948f95c7e,init_skip,propagate,interp,"{""dim"": 1, ""distance"": 2, ""length"": 12, ""n_sources"": 1}",4,37500,3,0.8923694491386414,0.0,0.8776791070898374,1.0,1.0
bdh_cq,bdh_cq/init_skip,79d948f95c7e,init_skip,propagate,interp,"{""dim"": 1, ""distance"": 2, ""length"": 12, ""n_sources"": 1}",4,40000,3,0.8918348948160807,0.0,0.8771366452177366,1.0,1.0
bdh_cq,bdh_cq/init_skip,79d948f95c7e,init_skip,propagate,interp,"{""dim"": 1, ""distance"": 2, ""length"": 12, ""n_sources"": 1}",8,40000,3,0.8911959050844113,0.0,0.7937917162974676,0.6197864495448999,0.0
bdh_cq,bdh_cq/init_skip,79d948f95c7e,init_skip,propagate,interp,"{""dim"": 1, ""distance"": 2, ""length"": 12, ""n_sources"": 1}",16,2500,3,0.9997239336371422,0.0,0.9821571906407675,0.7817817734884428,0.0
bdh_cq,bdh_cq/init_skip,79d948f95c7e,init_skip,propagate,interp,"{""dim"": 1, ""distance"": 2, ""length"": 12, ""n_sources"": 1}",16,5000,3,0.9288597926497459,0.0,0.8758581851919492,0.7465799138829992,0.001001001001001001
bdh_cq,bdh_cq/init_skip,79d948f95c7e,init_skip,propagate,interp,"{""dim"": 1, ""distance"": 2, ""length"": 12, ""n_sources"": 1}",16,7500,3,0.9392727836966515,0.0,0.889012448489666,0.7579245888166599,0.0
bdh_cq,bdh_cq/init_skip,79d948f95c7e,init_skip,propagate,interp,"{""dim"": 1, ""distance"": 2, ""length"": 12, ""n_sources"": 1}",16,10000,3,0.8680111269156138,0.0,0.8299208457271258,0.7391558198539823,0.0
bdh_cq,bdh_cq/init_skip,79d948f95c7e,init_skip,propagate,interp,"{""dim"": 1, ""distance"": 2, ""length"": 12, ""n_sources"": 1}",16,12500,3,0.8429312432805697,0.0,0.8050630167126656,0.7362362334618459,0.001001001001001001
bdh_cq,bdh_cq/init_skip,79d948f95c7e,init_skip,propagate,interp,"{""dim"": 1, ""distance"": 2, ""length"": 12, ""n_sources"": 1}",16,15000,3,0.8298752928773562,0.0,0.7922402570645014,0.7353186514582838,0.0
bdh_cq,bdh_cq/init_skip,79d948f95c7e,init_skip,propagate,interp,"{""dim"": 1, ""distance"": 2, ""length"": 12, ""n_sources"": 1}",16,17500,3,0.7268630961577097,0.0,0.7268630961577097,0.768268261854355,0.0
bdh_cq,bdh_cq/init_skip,79d948f95c7e,init_skip,propagate,interp,"{""dim"": 1, ""distance"": 2, ""length"": 12, ""n_sources"": 1}",16,20000,3,0.7292945931355158,0.0,0.718743734061718,0.7277277250130015,0.0
bdh_cq,bdh_cq/init_skip,79d948f95c7e,init_skip,propagate,interp,"{""dim"": 1, ""distance"": 2, ""length"": 12, ""n_sources"": 1}",16,22500,3,0.68168780580163,0.0,0.68168780580163,0.7359025653776105,0.0
bdh_cq,bdh_cq/init_skip,79d948f95c7e,init_skip,propagate,interp,"{""dim"": 1, ""distance"": 2, ""length"": 12, ""n_sources"": 1}",16,25000,3,0.7883166049917539,0.0,0.7757603675127029,0.7034534525584887,0.0
bdh_cq,bdh_cq/init_skip,79d948f95c7e,init_skip,propagate,interp,"{""dim"": 1, ""distance"": 2, ""length"": 12, ""n_sources"": 1}",16,27500,3,0.7498663241664568,0.0,0.7498663241664568,0.6940273587350493,0.0
bdh_cq,bdh_cq/init_skip,79d948f95c7e,init_skip,propagate,interp,"{""dim"": 1, ""distance"": 2, ""length"": 12, ""n_sources"": 1}",16,30000,3,0.8047386879722277,0.0,0.76732770105203,0.6901067719683871,0.0
bdh_cq,bdh_cq/init_skip,79d948f95c7e,init_skip,propagate,interp,"{""dim"": 1, ""distance"": 2, ""length"": 12, ""n_sources"": 1}",16,32500,3,0.7848646355171999,0.0,0.7500704464813074,0.6850183500243617,0.0
bdh_cq,bdh_cq/init_skip,79d948f95c7e,init_skip,propagate,interp,"{""dim"": 1, ""distance"": 2, ""length"": 12, ""n_sources"": 1}",16,35000,3,0.7973844731847445,0.0,0.7598457584778467,0.6834334320611544,0.0
bdh_cq,bdh_cq/init_skip,79d948f95c7e,init_skip,propagate,interp,"{""dim"": 1, ""distance"": 2, ""length"": 12, ""n_sources"": 1}",16,37500,3,0.7777852167685827,0.0,0.7532211790482203,0.6856022680903578,0.0
bdh_cq,bdh_cq/init_skip,79d948f95c7e,init_skip,propagate,interp,"{""dim"": 1, ""distance"": 2, ""length"": 12, ""n_sources"": 1}",16,40000,3,0.803303487598896,0.0,0.7339776940643787,0.686269601275613,0.0
bdh_cq,bdh_cq/init_skip,79d948f95c7e,init_skip,propagate,interp,"{""dim"": 1, ""distance"": 2, ""length"": 12, ""n_sources"": 1}",32,2500,3,0.999896197890242,0.0,0.9830717320243517,0.7776943535298795,0.0
bdh_cq,bdh_cq/init_skip,79d948f95c7e,init_skip,propagate,interp,"{""dim"": 1, ""distance"": 2, ""length"": 12, ""n_sources"": 1}",32,5000,3,0.9762443142632643,0.0,0.8708025751014551,0.7015348685396327,0.0
bdh_cq,bdh_cq/init_skip,79d948f95c7e,init_skip,propagate,interp,"{""dim"": 1, ""distance"": 2, ""length"": 12, ""n_sources"": 1}",32,7500,3,0.9825881129751602,0.0,0.885947854568561,0.6965298613494223,0.002002002002002002
bdh_cq,bdh_cq/init_skip,79d948f95c7e,init_skip,propagate,interp,"{""dim"": 1, ""distance"": 2, ""length"": 12, ""n_sources"": 1}",32,10000,3,0.895490238443017,0.0,0.8086366355419159,0.6783450096696466,0.001001001001001001
bdh_cq,bdh_cq/init_skip,79d948f95c7e,init_skip,propagate,interp,"{""dim"": 1, ""distance"": 2, ""length"": 12, ""n_sources"": 1}",32,12500,3,0.8868553849558035,0.0,0.819006829832991,0.6752585892204767,0.001001001001001001
bdh_cq,bdh_cq/init_skip,79d948f95c7e,init_skip,propagate,interp,"{""dim"": 1, ""distance"": 2, ""length"": 12, ""n_sources"": 1}",32,15000,3,0.8369337817033132,0.0,0.725431687819461,0.6850183539920383,0.0
bdh_cq,bdh_cq/init_skip,79d948f95c7e,init_skip,propagate,interp,"{""dim"": 1, ""distance"": 2, ""length"": 12, ""n_sources"": 1}",32,17500,3,0.7800589776597917,0.0,0.7243158733472228,0.6748415128485458,0.0
bdh_cq,bdh_cq/init_skip,79d948f95c7e,init_skip,propagate,interp,"{""dim"": 1, ""distance"": 2, ""length"": 12, ""n_sources"": 1}",32,20000,3,0.8001990653574467,0.0,0.7232310914744934,0.6746746834154959,0.0
bdh_cq,bdh_cq/init_skip,79d948f95c7e,init_skip,propagate,interp,"{""dim"": 1, ""distance"": 2, ""length"": 12, ""n_sources"": 1}",32,22500,3,0.793049830943346,0.0,0.7188863509024183,0.6915248641678998,0.0
bdh_cq,bdh_cq/init_skip,79d948f95c7e,init_skip,propagate,interp,"{""dim"": 1, ""distance"": 2, ""length"": 12, ""n_sources"": 1}",32,25000,3,0.8119459374574944,0.0,0.7398957459566494,0.6777611018062473,0.0
bdh_cq,bdh_cq/init_skip,79d948f95c7e,init_skip,propagate,interp,"{""dim"": 1, ""distance"": 2, ""length"": 12, ""n_sources"": 1}",32,27500,3,0.8307977244257927,0.0,0.7328704036772251,0.6678345065575103,0.0
bdh_cq,bdh_cq/init_skip,79d948f95c7e,init_skip,propagate,interp,"{""dim"": 1, ""distance"": 2, ""length"": 12, ""n_sources"": 1}",32,30000,3,0.8321474756424626,0.0,0.7594666307171186,0.6658325059799938,0.0
bdh_cq,bdh_cq/init_skip,79d948f95c7e,init_skip,propagate,interp,"{""dim"": 1, ""distance"": 2, ""length"": 12, ""n_sources"": 1}",32,32500,3,0.8280233191326261,0.0,0.7382902537162105,0.6690023433980162,0.0
bdh_cq,bdh_cq/init_skip,79d948f95c7e,init_skip,propagate,interp,"{""dim"": 1, ""distance"": 2, ""length"": 12, ""n_sources"": 1}",32,35000,3,0.8423198756451408,0.0,0.7405263911932707,0.6663330078453154,0.0
bdh_cq,bdh_cq/init_skip,79d948f95c7e,init_skip,propagate,interp,"{""dim"": 1, ""distance"": 2, ""length"": 12, ""n_sources"": 1}",32,37500,3,0.830868500440071,0.0,0.727966100598375,0.6682515931767864,0.0
bdh_cq,bdh_cq/init_skip,79d948f95c7e,init_skip,propagate,interp,"{""dim"": 1, ""distance"": 2, ""length"": 12, ""n_sources"": 1}",32,40000,3,0.8362892595663046,0.0,0.7429660838097334,0.6643310061640091,0.0
bdh_cq,bdh_cq/init_skip,79d948f95c7e,init_skip,propagate,interp,"{""dim"": 1, ""distance"": 4, ""length"": 12, ""n_sources"": 1}",1,2500,3,0.9408232967058817,1.0,0.9408232967058817,0.7858691915974125,0.0
bdh_cq,bdh_cq/init_skip,79d948f95c7e,init_skip,propagate,interp,"{""dim"": 1, ""distance"": 4, ""length"": 12, ""n_sources"": 1}",1,5000,3,0.8206094031532606,1.0,0.8206094031532606,0.798882203536468,0.001001001001001001
bdh_cq,bdh_cq/init_skip,79d948f95c7e,init_skip,propagate,interp,"{""dim"": 1, ""distance"": 4, ""length"": 12, ""n_sources"": 1}",1,7500,3,0.7118242954214414,1.0,0.7118242954214414,0.8136469731042096,0.006006006006006006
bdh_cq,bdh_cq/init_skip,79d948f95c7e,init_skip,propagate,interp,"{""dim"": 1, ""distance"": 4, ""length"": 12, ""n_sources"": 1}",1,10000,3,0.6175390978654226,1.0,0.6175390978654226,0.8388388372577347,0.03003003003003003
bdh_cq,bdh_cq/init_skip,79d948f95c7e,init_skip,propagate,interp,"{""dim"": 1, ""distance"": 4, ""length"": 12, ""n_sources"": 1}",1,12500,3,0.5489069956044356,1.0,0.5489069956044356,0.899566236916963,0.1751751751751752
bdh_cq,bdh_cq/init_skip,79d948f95c7e,init_skip,propagate,interp,"{""dim"": 1, ""distance"": 4, ""length"": 12, ""n_sources"": 1}",1,15000,3,0.5255321934819221,1.0,0.5255321934819221,0.9692192234553851,0.6876876876876876
bdh_cq,bdh_cq/init_skip,79d948f95c7e,init_skip,propagate,interp,"{""dim"": 1, ""distance"": 4, ""length"": 12, ""n_sources"": 1}",1,17500,3,0.5110685626665751,1.0,0.5110685626665751,0.99582916343057,0.950950950950951
bdh_cq,bdh_cq/init_skip,79d948f95c7e,init_skip,propagate,interp,"{""dim"": 1, ""distance"": 4, ""length"": 12, ""n_sources"": 1}",1,20000,3,0.5042942302922407,1.0,0.5042942302922407,0.9981648318760388,0.978978978978979
bdh_cq,bdh_cq/init_skip,79d948f95c7e,init_skip,propagate,interp,"{""dim"": 1, ""distance"": 4, ""length"": 12, ""n_sources"": 1}",1,22500,3,0.4972987386087577,1.0,0.4972987386087577,0.9991658326980469,0.98998998998999
bdh_cq,bdh_cq/init_skip,79d948f95c7e,init_skip,propagate,interp,"{""dim"": 1, ""distance"": 4, ""length"": 12, ""n_sources"": 1}",1,25000,3,0.48214135070641834,1.0,0.48214135070641834,0.9997497498094141,0.9969969969969968
bdh_cq,bdh_cq/init_skip,79d948f95c7e,init_skip,propagate,interp,"{""dim"": 1, ""distance"": 4, ""length"": 12, ""n_sources"": 1}",1,27500,3,0.4787864498794079,1.0,0.4787864498794079,0.9998331665396094,0.9979979979979979
bdh_cq,bdh_cq/init_skip,79d948f95c7e,init_skip,propagate,interp,"{""dim"": 1, ""distance"": 4, ""length"": 12, ""n_sources"": 1}",1,30000,3,0.4792494724194209,1.0,0.4792494724194209,0.9997497498094141,0.9969969969969971
bdh_cq,bdh_cq/init_skip,79d948f95c7e,init_skip,propagate,interp,"{""dim"": 1, ""distance"": 4, ""length"": 12, ""n_sources"": 1}",1,32500,3,0.47925330822666484,1.0,0.47925330822666484,1.0,1.0
bdh_cq,bdh_cq/init_skip,79d948f95c7e,init_skip,propagate,interp,"{""dim"": 1, ""distance"": 4, ""length"": 12, ""n_sources"": 1}",1,35000,3,0.4794005826115608,1.0,0.4794005826115608,1.0,1.0
bdh_cq,bdh_cq/init_skip,79d948f95c7e,init_skip,propagate,interp,"{""dim"": 1, ""distance"": 4, ""length"": 12, ""n_sources"": 1}",1,37500,3,0.47917356962958974,1.0,0.47917356962958974,1.0,1.0
bdh_cq,bdh_cq/init_skip,79d948f95c7e,init_skip,propagate,interp,"{""dim"": 1, ""distance"": 4, ""length"": 12, ""n_sources"": 1}",1,40000,3,0.48009943092862767,1.0,0.48009943092862767,1.0,1.0
bdh_cq,bdh_cq/init_skip,79d948f95c7e,init_skip,propagate,interp,"{""dim"": 1, ""distance"": 4, ""length"": 12, ""n_sources"": 1}",2,40000,3,0.9022225687901179,0.0,0.9022225687901179,0.9999165832698047,0.998998998998999
bdh_cq,bdh_cq/init_skip,79d948f95c7e,init_skip,propagate,interp,"{""dim"": 1, ""distance"": 4, ""length"": 12, ""n_sources"": 1}",4,2500,3,0.9966461037596067,0.0,0.9831667989492416,0.7818651872652548,0.0
bdh_cq,bdh_cq/init_skip,79d948f95c7e,init_skip,propagate,interp,"{""dim"": 1, ""distance"": 4, ""length"": 12, ""n_sources"": 1}",4,5000,3,0.9923265601197878,0.0,0.9439252888162931,0.786202858160208,0.0
bdh_cq,bdh_cq/init_skip,79d948f95c7e,init_skip,propagate,interp,"{""dim"": 1, ""distance"": 4, ""length"": 12, ""n_sources"": 1}",4,7500,3,0.9908402115106583,0.0,0.9139018307129542,0.7997997912976357,0.001001001001001001
bdh_cq,bdh_cq/init_skip,79d948f95c7e,init_skip,propagate,interp,"{""dim"": 1, ""distance"": 4, ""length"": 12, ""n_sources"": 1}",4,10000,3,0.9843923250834147,0.0,0.9060626228650411,0.7862028663043862,0.01001001001001001
bdh_cq,bdh_cq/init_skip,79d948f95c7e,init_skip,propagate,interp,"{""dim"": 1, ""distance"": 4, ""length"": 12, ""n_sources"": 1}",4,12500,3,0.9730148514111837,0.0,0.9082999030749003,0.854521182802943,0.02702702702702703
bdh_cq,bdh_cq/init_skip,79d948f95c7e,init_skip,propagate,interp,"{""dim"": 1, ""distance"": 4, ""length"": 12, ""n_sources"": 1}",4,15000,3,0.9490529472629229,0.0,0.9124413877725601,0.924007346799543,0.3033033033033033
bdh_cq,bdh_cq/init_skip,79d948f95c7e,init_skip,propagate,interp,"{""dim"": 1, ""distance"": 4, ""length"": 12, ""n_sources"": 1}",4,17500,3,0.9338476608196894,0.0,0.9092140818635622,0.9700533928455891,0.6596596596596597
bdh_cq,bdh_cq/init_skip,79d948f95c7e,init_skip,propagate,interp,"{""dim"": 1, ""distance"": 4, ""length"": 12, ""n_sources"": 1}",4,20000,3,0.9187883312503496,0.0,0.8975197995702425,0.9939939951872802,0.933933933933934
bdh_cq,bdh_cq/init_skip,79d948f95c7e,init_skip,propagate,interp,"{""dim"": 1, ""distance"": 4, ""length"": 12, ""n_sources"": 1}",4,22500,3,0.90169175217549,0.0,0.8894301255544027,0.9968301641929139,0.9629629629629629
bdh_cq,bdh_cq/init_skip,79d948f95c7e,init_skip,propagate,interp,"{""dim"": 1, ""distance"": 4, ""length"": 12, ""n_sources"": 1}",4,25000,3,0.8907890220483144,0.0,0.8777521053949991,0.9983316653960937,0.97997997997998
bdh_cq,bdh_cq/init_skip,79d948f95c7e,init_skip,propagate,interp,"{""dim"": 1, ""distance"": 4, ""length"": 12, ""n_sources"": 1}",4,27500,3,0.8841698666413625,0.0,0.8796212350328764,0.9987487490470702,0.984984984984985
bdh_cq,bdh_cq/init_skip,79d948f95c7e,init_skip,propagate,interp,"{""dim"": 1, ""distance"": 4, ""length"": 12, ""n_sources"": 1}",4,30000,3,0.891084556778272,0.0,0.8817080507675806,0.9993326661584376,0.9919919919919921
bdh_cq,bdh_cq/init_skip,79d948f95c7e,init_skip,propagate,interp,"{""dim"": 1, ""distance"": 4, ""length"": 12, ""n_sources"": 1}",4,32500,3,0.8768617684642473,0.0,0.8693220838904381,0.9992492494282422,0.990990990990991
bdh_cq,bdh_cq/init_skip,79d948f95c7e,init_skip,propagate,interp,"{""dim"": 1, ""distance"": 4, ""length"": 12, ""n_sources"": 1}",4,35000,3,0.87360147635142,0.0,0.8685768147309622,0.9992492494282422,0.990990990990991
bdh_cq,bdh_cq/init_skip,79d948f95c7e,init_skip,propagate,interp,"{""dim"": 1, ""distance"": 4, ""length"": 12, ""n_sources"": 1}",4,37500,3,0.8754529183109602,0.0,0.8709089656670889,0.9997497498094141,0.9969969969969971
bdh_cq,bdh_cq/init_skip,79d948f95c7e,init_skip,propagate,interp,"{""dim"": 1, ""distance"": 4, ""length"": 12, ""n_sources"": 1}",4,40000,3,0.8747615913550059,0.0,0.8700211271643639,0.9997497498094141,0.9969969969969971
bdh_cq,bdh_cq/init_skip,79d948f95c7e,init_skip,propagate,interp,"{""dim"": 1, ""distance"": 4, ""length"": 12, ""n_sources"": 1}",8,40000,3,0.9122936421384414,0.0,0.7835294809192419,0.6127794451183742,0.0
bdh_cq,bdh_cq/init_skip,79d948f95c7e,init_skip,propagate,interp,"{""dim"": 1, ""distance"": 4, ""length"": 12, ""n_sources"": 1}",16,2500,3,0.999706874291102,0.0,0.9831667989492416,0.7653486713453814,0.0
bdh_cq,bdh_cq/init_skip,79d948f95c7e,init_skip,propagate,interp,"{""dim"": 1, ""distance"": 4, ""length"": 12, ""n_sources"": 1}",16,5000,3,0.9488470777869225,0.0,0.8914555062850317,0.7273106401687389,0.0
bdh_cq,bdh_cq/init_skip,79d948f95c7e,init_skip,propagate,interp,"{""dim"": 1, ""distance"": 4, ""length"": 12, ""n_sources"": 1}",16,7500,3,0.9244663193821907,0.0,0.8795621991157532,0.7302302243234636,0.0
bdh_cq,bdh_cq/init_skip,79d948f95c7e,init_skip,propagate,interp,"{""dim"": 1, ""distance"": 4, ""length"": 12, ""n_sources"": 1}",16,10000,3,0.8377842828631401,0.0,0.795124314725399,0.6966966902529513,0.0
bdh_cq,bdh_cq/init_skip,79d948f95c7e,init_skip,propagate,interp,"{""dim"": 1, ""distance"": 4, ""length"": 12, ""n_sources"": 1}",16,12500,3,0.7962502936522166,0.0,0.7801157248516878,0.6822655938110791,0.0
bdh_cq,bdh_cq/init_skip,79d948f95c7e,init_skip,propagate,interp,"{""dim"": 1, ""distance"": 4, ""length"": 12, ""n_sources"": 1}",16,15000,3,0.7398981302976608,0.0,0.7398981302976608,0.689189185311009,0.0
bdh_cq,bdh_cq/init_skip,79d948f95c7e,init_skip,propagate,interp,"{""dim"": 1, ""distance"": 4, ""length"": 12, ""n_sources"": 1}",16,17500,3,0.7005921850601832,0.0,0.7005921850601832,0.7135468744957172,0.0
bdh_cq,bdh_cq/init_skip,79d948f95c7e,init_skip,propagate,interp,"{""dim"": 1, ""distance"": 4, ""length"": 12, ""n_sources"": 1}",16,20000,3,0.6748636911312739,0.0,0.6748636911312739,0.699366029228892,0.0
bdh_cq,bdh_cq/init_skip,79d948f95c7e,init_skip,propagate,interp,"{""dim"": 1, ""distance"": 4, ""length"": 12, ""n_sources"": 1}",16,22500,3,0.7042129511634508,0.0,0.6902423426508904,0.7093760409691671,0.0
bdh_cq,bdh_cq/init_skip,79d948f95c7e,init_skip,propagate,interp,"{""dim"": 1, ""distance"": 4, ""length"": 12, ""n_sources"": 1}",16,25000,3,0.7155604648093382,0.0,0.7127311863005161,0.6899399368970602,0.0
bdh_cq,bdh_cq/init_skip,79d948f95c7e,init_skip,propagate,interp,"{""dim"": 1, ""distance"": 4, ""length"": 12, ""n_sources"": 1}",16,27500,3,0.7253276159365972,0.0,0.7236499860882759,0.6966966936836491,0.0
bdh_cq,bdh_cq/init_skip,79d948f95c7e,init_skip,propagate,interp,"{""dim"": 1, ""distance"": 4, ""length"": 12, ""n_sources"": 1}",16,30000,3,0.6849505578478178,0.0,0.6835197359323502,0.698615282296657,0.0
bdh_cq,bdh_cq/init_skip,79d948f95c7e,init_skip,propagate,interp,"{""dim"": 1, ""distance"": 4, ""length"": 12, ""n_sources"": 1}",16,32500,3,0.6734424891571203,0.0,0.6550405745704969,0.7028695344626605,0.0
bdh_cq,bdh_cq/init_skip,79d948f95c7e,init_skip,propagate,interp,"{""dim"": 1, ""distance"": 4, ""length"": 12, ""n_sources"": 1}",16,35000,3,0.666713476801912,0.0,0.6614475815246502,0.7029529525054706,0.0
bdh_cq,bdh_cq/init_skip,79d948f95c7e,init_skip,propagate,interp,"{""dim"": 1, ""distance"": 4, ""length"": 12, ""n_sources"": 1}",16,37500,3,0.6646970622241497,0.0,0.656191977361838,0.6999499488461601,0.0
bdh_cq,bdh_cq/init_skip,79d948f95c7e,init_skip,propagate,interp,"{""dim"": 1, ""distance"": 4, ""length"": 12, ""n_sources"": 1}",16,40000,3,0.6640341480573019,0.0,0.6640341480573019,0.7000333660238378,0.0
bdh_cq,bdh_cq/init_skip,79d948f95c7e,init_skip,propagate,interp,"{""dim"": 1, ""distance"": 4, ""length"": 12, ""n_sources"": 1}",32,2500,3,0.9999023626248041,0.0,0.9840102940797806,0.757257247561807,0.0
bdh_cq,bdh_cq/init_skip,79d948f95c7e,init_skip,propagate,interp,"{""dim"": 1, ""distance"": 4, ""length"": 12, ""n_sources"": 1}",32,5000,3,0.9826826794693867,0.0,0.8858869634568691,0.6462295607284263,0.0
bdh_cq,bdh_cq/init_skip,79d948f95c7e,init_skip,propagate,interp,"{""dim"": 1, ""distance"": 4, ""length"": 12, ""n_sources"": 1}",32,7500,3,0.9782988131046295,0.0,0.8788099549710751,0.6466466447523048,0.0
bdh_cq,bdh_cq/init_skip,79d948f95c7e,init_skip,propagate,interp,"{""dim"": 1, ""distance"": 4, ""length"": 12, ""n_sources"": 1}",32,10000,3,0.8955149625738462,0.0,0.8059452263017496,0.6041041002557561,0.0
bdh_cq,bdh_cq/init_skip,79d948f95c7e,init_skip,propagate,interp,"{""dim"": 1, ""distance"": 4, ""length"": 12, ""n_sources"": 1}",32,12500,3,0.8771265527854363,0.0,0.7899212557822466,0.5907574209036889,0.0
bdh_cq,bdh_cq/init_skip,79d948f95c7e,init_skip,propagate,interp,"{""dim"": 1, ""distance"": 4, ""length"": 12, ""n_sources"": 1}",32,15000,3,0.8335139813522497,0.0,0.7138055885831515,0.5849182483729897,0.0
bdh_cq,bdh_cq/init_skip,79d948f95c7e,init_skip,propagate,interp,"{""dim"": 1, ""distance"": 4, ""length"": 12, ""n_sources"": 1}",32,17500,3,0.8035371890291572,0.0,0.7166581315298876,0.5581414709399054,0.0
bdh_cq,bdh_cq/init_skip,79d948f95c7e,init_skip,propagate,interp,"{""dim"": 1, ""distance"": 4, ""length"": 12, ""n_sources"": 1}",32,20000,3,0.7904044441723576,0.0,0.6856690250958005,0.5699032337756248,0.0
bdh_cq,bdh_cq/init_skip,79d948f95c7e,init_skip,propagate,interp,"{""dim"": 1, ""distance"": 4, ""length"": 12, ""n_sources"": 1}",32,22500,3,0.835018879113098,0.0,0.7102382810165485,0.6154487785753665,0.0
bdh_cq,bdh_cq/init_skip,79d948f95c7e,init_skip,propagate,interp,"{""dim"": 1, ""distance"": 4, ""length"": 12, ""n_sources"": 1}",32,25000,3,0.8591293363521496,0.0,0.7217204241702954,0.5847514157478994,0.0
bdh_cq,bdh_cq/init_skip,79d948f95c7e,init_skip,propagate,interp,"{""dim"": 1, ""distance"": 4, ""length"": 12, ""n_sources"": 1}",32,27500,3,0.858933271219333,0.0,0.7381227221339941,0.5804971618217988,0.0
bdh_cq,bdh_cq/init_skip,79d948f95c7e,init_skip,propagate,interp,"{""dim"": 1, ""distance"": 4, ""length"": 12, ""n_sources"": 1}",32,30000,3,0.8699139567712942,0.0,0.7169091086834669,0.5833333303202857,0.0
bdh_cq,bdh_cq/init_skip,79d948f95c7e,init_skip,propagate,interp,"{""dim"": 1, ""distance"": 4, ""length"": 12, ""n_sources"": 1}",32,32500,3,0.8805889785289764,0.0,0.7122386796399951,0.5739072377647126,0.0
bdh_cq,bdh_cq/init_skip,79d948f95c7e,init_skip,propagate,interp,"{""dim"": 1, ""distance"": 4, ""length"": 12, ""n_sources"": 1}",32,35000,3,0.8814999147628745,0.0,0.7157835604933401,0.5652318958853101,0.0
bdh_cq,bdh_cq/init_skip,79d948f95c7e,init_skip,propagate,interp,"{""dim"": 1, ""distance"": 4, ""length"": 12, ""n_sources"": 1}",32,37500,3,0.8610303862951696,0.0,0.7158033481488625,0.5657323961322372,0.0
bdh_cq,bdh_cq/init_skip,79d948f95c7e,init_skip,propagate,interp,"{""dim"": 1, ""distance"": 4, ""length"": 12, ""n_sources"": 1}",32,40000,3,0.8704603265505284,0.0,0.7144905664026737,0.5657323958935799,0.0
bdh_cq,bdh_cq/init_skip,79d948f95c7e,init_skip,propagate,mild,"{""dim"": 1, ""distance"": 6, ""length"": 12, ""n_sources"": 1}",1,2500,3,0.944195086757342,1.0,0.944195086757342,0.7858333224256834,0.0
bdh_cq,bdh_cq/init_skip,79d948f95c7e,init_skip,propagate,mild,"{""dim"": 1, ""distance"": 6, ""length"": 12, ""n_sources"": 1}",1,5000,3,0.8229923595984777,1.0,0.8229923595984777,0.7986110979119937,0.0006666666666666666
bdh_cq,bdh_cq/init_skip,79d948f95c7e,init_skip,propagate,mild,"{""dim"": 1, ""distance"": 6, ""length"": 12, ""n_sources"": 1}",1,7500,3,0.708447794119517,1.0,0.708447794119517,0.7840555456678073,0.0033333333333333335
bdh_cq,bdh_cq/init_skip,79d948f95c7e,init_skip,propagate,mild,"{""dim"": 1, ""distance"": 6, ""length"": 12, ""n_sources"": 1}",1,10000,3,0.5948456227779388,1.0,0.5948456227779388,0.7761666614611943,0.01
bdh_cq,bdh_cq/init_skip,79d948f95c7e,init_skip,propagate,mild,"{""dim"": 1, ""distance"": 6, ""length"": 12, ""n_sources"": 1}",1,12500,3,0.5549081613620123,1.0,0.5549081613620123,0.8647777780294419,0.08
bdh_cq,bdh_cq/init_skip,79d948f95c7e,init_skip,propagate,mild,"{""dim"": 1, ""distance"": 6, ""length"": 12, ""n_sources"": 1}",1,15000,3,0.5278394408524036,1.0,0.5278394408524036,0.9232222286462783,0.3133333333333333
bdh_cq,bdh_cq/init_skip,79d948f95c7e,init_skip,propagate,mild,"{""dim"": 1, ""distance"": 6, ""length"": 12, ""n_sources"": 1}",1,17500,3,0.5257085114717484,1.0,0.5257085114717484,0.9442222285668055,0.4586666666666666
bdh_cq,bdh_cq/init_skip,79d948f95c7e,init_skip,propagate,mild,"{""dim"": 1, ""distance"": 6, ""length"": 12, ""n_sources"": 1}",1,20000,3,0.5257813135782877,1.0,0.5257813135782877,0.9537222269773483,0.5606666666666666
bdh_cq,bdh_cq/init_skip,79d948f95c7e,init_skip,propagate,mild,"{""dim"": 1, ""distance"": 6, ""length"": 12, ""n_sources"": 1}",1,22500,3,0.5222335619231065,1.0,0.5222335619231065,0.9596111155748367,0.6026666666666667
bdh_cq,bdh_cq/init_skip,79d948f95c7e,init_skip,propagate,mild,"{""dim"": 1, ""distance"": 6, ""length"": 12, ""n_sources"": 1}",1,25000,3,0.5113069998721281,1.0,0.5113069998721281,0.9555000038544336,0.582
bdh_cq,bdh_cq/init_skip,79d948f95c7e,init_skip,propagate,mild,"{""dim"": 1, ""distance"": 6, ""length"": 12, ""n_sources"": 1}",1,27500,3,0.5085703792671362,1.0,0.5085703792671362,0.9602222252686818,0.6326666666666667
bdh_cq,bdh_cq/init_skip,79d948f95c7e,init_skip,propagate,mild,"{""dim"": 1, ""distance"": 6, ""length"": 12, ""n_sources"": 1}",1,30000,3,0.5056614205241203,1.0,0.5056614205241203,0.9578333364725112,0.612
bdh_cq,bdh_cq/init_skip,79d948f95c7e,init_skip,propagate,mild,"{""dim"": 1, ""distance"": 6, ""length"": 12, ""n_sources"": 1}",1,32500,3,0.5036320860187212,1.0,0.5036320860187212,0.9563333361148834,0.6053333333333333
bdh_cq,bdh_cq/init_skip,79d948f95c7e,init_skip,propagate,mild,"{""dim"": 1, ""distance"": 6, ""length"": 12, ""n_sources"": 1}",1,35000,3,0.49740031858285266,1.0,0.49740031858285266,0.9562777791420619,0.628
bdh_cq,bdh_cq/init_skip,79d948f95c7e,init_skip,propagate,mild,"{""dim"": 1, ""distance"": 6, ""length"": 12, ""n_sources"": 1}",1,37500,3,0.49905939648548764,1.0,0.49905939648548764,0.9553888903061548,0.6193333333333334
bdh_cq,bdh_cq/init_skip,79d948f95c7e,init_skip,propagate,mild,"{""dim"": 1, ""distance"": 6, ""length"": 12, ""n_sources"": 1}",1,40000,3,0.5007516890764236,1.0,0.5007516890764236,0.9564444464047751,0.6186666666666666
bdh_cq,bdh_cq/init_skip,79d948f95c7e,init_skip,propagate,mild,"{""dim"": 1, ""distance"": 6, ""length"": 12, ""n_sources"": 1}",2,40000,3,0.8873870000243187,0.0,0.8873870000243187,0.9495000024239223,0.5553333333333333
bdh_cq,bdh_cq/init_skip,79d948f95c7e,init_skip,propagate,mild,"{""dim"": 1, ""distance"": 6, ""length"": 12, ""n_sources"": 1}",4,2500,3,0.9967154363791147,0.0,0.9846068595846494,0.783555543700854,0.0
bdh_cq,bdh_cq/init_skip,79d948f95c7e,init_skip,propagate,mild,"{""dim"": 1, ""distance"": 6, ""length"": 12, ""n_sources"": 1}",4,5000,3,0.9912126610676447,0.0,0.9427485018968582,0.7866666539510092,0.0
bdh_cq,bdh_cq/init_skip,79d948f95c7e,init_skip,propagate,mild,"{""dim"": 1, ""distance"": 6, ""length"": 12, ""n_sources"": 1}",4,7500,3,0.9902955790360769,0.0,0.9092822124560674,0.7774999902248383,0.0
bdh_cq,bdh_cq/init_skip,79d948f95c7e,init_skip,propagate,mild,"{""dim"": 1, ""distance"": 6, ""length"": 12, ""n_sources"": 1}",4,10000,3,0.9788684000571569,0.0,0.8856719161073366,0.7752222171823183,0.004
bdh_cq,bdh_cq/init_skip,79d948f95c7e,init_skip,propagate,mild,"{""dim"": 1, ""distance"": 6, ""length"": 12, ""n_sources"": 1}",4,12500,3,0.9534307544430097,0.0,0.9028092672427496,0.8314999925295513,0.006666666666666667
bdh_cq,bdh_cq/init_skip,79d948f95c7e,init_skip,propagate,mild,"{""dim"": 1, ""distance"": 6, ""length"": 12, ""n_sources"": 1}",4,15000,3,0.9431353310743967,0.0,0.9062520662943522,0.9086666687329611,0.25199999999999995
bdh_cq,bdh_cq/init_skip,79d948f95c7e,init_skip,propagate,mild,"{""dim"": 1, ""distance"": 6, ""length"": 12, ""n_sources"": 1}",4,17500,3,0.930526614189148,0.0,0.9072561264038086,0.9710555608669917,0.68
bdh_cq,bdh_cq/init_skip,79d948f95c7e,init_skip,propagate,mild,"{""dim"": 1, ""distance"": 6, ""length"": 12, ""n_sources"": 1}",4,20000,3,0.908430241048336,0.0,0.8962601870298386,0.9783888927698136,0.762
bdh_cq,bdh_cq/init_skip,79d948f95c7e,init_skip,propagate,mild,"{""dim"": 1, ""distance"": 6, ""length"": 12, ""n_sources"": 1}",4,22500,3,0.8926308403412501,0.0,0.884090892970562,0.9842222254276275,0.82
bdh_cq,bdh_cq/init_skip,79d948f95c7e,init_skip,propagate,mild,"{""dim"": 1, ""distance"": 6, ""length"": 12, ""n_sources"": 1}",4,25000,3,0.8881214509407679,0.0,0.8718657816449801,0.9815000031789144,0.7986666666666666
bdh_cq,bdh_cq/init_skip,79d948f95c7e,init_skip,propagate,mild,"{""dim"": 1, ""distance"": 6, ""length"": 12, ""n_sources"": 1}",4,27500,3,0.8703507781028748,0.0,0.8592167173822721,0.9855555582443873,0.8393333333333334
bdh_cq,bdh_cq/init_skip,79d948f95c7e,init_skip,propagate,mild,"{""dim"": 1, ""distance"": 6, ""length"": 12, ""n_sources"": 1}",4,30000,3,0.8652781620621681,0.0,0.8523154333233833,0.986666668732961,0.8586666666666667
bdh_cq,bdh_cq/init_skip,79d948f95c7e,init_skip,propagate,mild,"{""dim"": 1, ""distance"": 6, ""length"": 12, ""n_sources"": 1}",4,32500,3,0.8637319083015124,0.0,0.8539424513777097,0.9852777800559998,0.8446666666666668
bdh_cq,bdh_cq/init_skip,79d948f95c7e,init_skip,propagate,mild,"{""dim"": 1, ""distance"": 6, ""length"": 12, ""n_sources"": 1}",4,35000,3,0.8612153877814611,0.0,0.8511871894200643,0.9878333352406821,0.8706666666666667
bdh_cq,bdh_cq/init_skip,79d948f95c7e,init_skip,propagate,mild,"{""dim"": 1, ""distance"": 6, ""length"": 12, ""n_sources"": 1}",4,37500,3,0.8604549070199331,0.0,0.8529086063305537,0.986500001947085,0.8593333333333334
bdh_cq,bdh_cq/init_skip,79d948f95c7e,init_skip,propagate,mild,"{""dim"": 1, ""distance"": 6, ""length"": 12, ""n_sources"": 1}",4,40000,3,0.8611854364474615,0.0,0.8528489073117574,0.9862222243150076,0.8546666666666667
bdh_cq,bdh_cq/init_skip,79d948f95c7e,init_skip,propagate,mild,"{""dim"": 1, ""distance"": 6, ""length"": 12, ""n_sources"": 1}",8,40000,3,0.9157567334671816,0.0,0.8002470865224799,0.626111111720403,0.0
bdh_cq,bdh_cq/init_skip,79d948f95c7e,init_skip,propagate,mild,"{""dim"": 1, ""distance"": 6, ""length"": 12, ""n_sources"": 1}",16,2500,3,0.9996980031331381,0.0,0.9846068595846494,0.7698888776103655,0.0
bdh_cq,bdh_cq/init_skip,79d948f95c7e,init_skip,propagate,mild,"{""dim"": 1, ""distance"": 6, ""length"": 12, ""n_sources"": 1}",16,5000,3,0.8891251360376676,0.0,0.8572356775403023,0.7157222194671631,0.0
bdh_cq,bdh_cq/init_skip,79d948f95c7e,init_skip,propagate,mild,"{""dim"": 1, ""distance"": 6, ""length"": 12, ""n_sources"": 1}",16,7500,3,0.8792095333337784,0.0,0.8655228018760681,0.7126666616002719,0.0
bdh_cq,bdh_cq/init_skip,79d948f95c7e,init_skip,propagate,mild,"{""dim"": 1, ""distance"": 6, ""length"": 12, ""n_sources"": 1}",16,10000,3,0.8699004128575325,0.0,0.8079158316055933,0.648166662444671,0.0
bdh_cq,bdh_cq/init_skip,79d948f95c7e,init_skip,propagate,mild,"{""dim"": 1, ""distance"": 6, ""length"": 12, ""n_sources"": 1}",16,12500,3,0.829523521165053,0.0,0.7848775635162989,0.652833329131206,0.0
bdh_cq,bdh_cq/init_skip,79d948f95c7e,init_skip,propagate,mild,"{""dim"": 1, ""distance"": 6, ""length"": 12, ""n_sources"": 1}",16,15000,3,0.762028140326341,0.0,0.7594752311706543,0.6929999947150548,0.0
bdh_cq,bdh_cq/init_skip,79d948f95c7e,init_skip,propagate,mild,"{""dim"": 1, ""distance"": 6, ""length"": 12, ""n_sources"": 1}",16,17500,3,0.6907712916533152,0.0,0.6907712916533152,0.7128888812859854,0.0
bdh_cq,bdh_cq/init_skip,79d948f95c7e,init_skip,propagate,mild,"{""dim"": 1, ""distance"": 6, ""length"": 12, ""n_sources"": 1}",16,20000,3,0.6985690866907438,0.0,0.6802515362699827,0.6896111048261324,0.0
bdh_cq,bdh_cq/init_skip,79d948f95c7e,init_skip,propagate,mild,"{""dim"": 1, ""distance"": 6, ""length"": 12, ""n_sources"": 1}",16,22500,3,0.6723942756652832,0.0,0.6635799581805865,0.7209999935428302,0.0
bdh_cq,bdh_cq/init_skip,79d948f95c7e,init_skip,propagate,mild,"{""dim"": 1, ""distance"": 6, ""length"": 12, ""n_sources"": 1}",16,25000,3,0.7559756711125374,0.0,0.6902995817363262,0.7030555492838224,0.0
bdh_cq,bdh_cq/init_skip,79d948f95c7e,init_skip,propagate,mild,"{""dim"": 1, ""distance"": 6, ""length"": 12, ""n_sources"": 1}",16,27500,3,0.7142675220966339,0.0,0.6942434522012869,0.7190555477142334,0.0
bdh_cq,bdh_cq/init_skip,79d948f95c7e,init_skip,propagate,mild,"{""dim"": 1, ""distance"": 6, ""length"": 12, ""n_sources"": 1}",16,30000,3,0.755504752198855,0.0,0.7030611907442411,0.7302222147385279,0.0
bdh_cq,bdh_cq/init_skip,79d948f95c7e,init_skip,propagate,mild,"{""dim"": 1, ""distance"": 6, ""length"": 12, ""n_sources"": 1}",16,32500,3,0.736222043633461,0.0,0.6725973250965277,0.7194999929269154,0.0
bdh_cq,bdh_cq/init_skip,79d948f95c7e,init_skip,propagate,mild,"{""dim"": 1, ""distance"": 6, ""length"": 12, ""n_sources"": 1}",16,35000,3,0.7091645461817583,0.0,0.6671063030759493,0.7230555477142335,0.0
bdh_cq,bdh_cq/init_skip,79d948f95c7e,init_skip,propagate,mild,"{""dim"": 1, ""distance"": 6, ""length"": 12, ""n_sources"": 1}",16,37500,3,0.7122612707316875,0.0,0.6644500332574049,0.7161666587591172,0.0
bdh_cq,bdh_cq/init_skip,79d948f95c7e,init_skip,propagate,mild,"{""dim"": 1, ""distance"": 6, ""length"": 12, ""n_sources"": 1}",16,40000,3,0.7192840712765852,0.0,0.6598612442612648,0.7221111032565434,0.0
bdh_cq,bdh_cq/init_skip,79d948f95c7e,init_skip,propagate,mild,"{""dim"": 1, ""distance"": 6, ""length"": 12, ""n_sources"": 1}",32,2500,3,0.9998957794159651,0.0,0.9841149176160494,0.7596111008524895,0.0
bdh_cq,bdh_cq/init_skip,79d948f95c7e,init_skip,propagate,mild,"{""dim"": 1, ""distance"": 6, ""length"": 12, ""n_sources"": 1}",32,5000,3,0.9836530263225237,0.0,0.8764346272995075,0.6500555556019147,0.0
bdh_cq,bdh_cq/init_skip,79d948f95c7e,init_skip,propagate,mild,"{""dim"": 1, ""distance"": 6, ""length"": 12, ""n_sources"": 1}",32,7500,3,0.9772047717124224,0.0,0.8788364616533121,0.6667777788043022,0.0
bdh_cq,bdh_cq/init_skip,79d948f95c7e,init_skip,propagate,mild,"{""dim"": 1, ""distance"": 6, ""length"": 12, ""n_sources"": 1}",32,10000,3,0.8615404597173134,0.0,0.8056357962389787,0.5807777785658836,0.0
bdh_cq,bdh_cq/init_skip,79d948f95c7e,init_skip,propagate,mild,"{""dim"": 1, ""distance"": 6, ""length"": 12, ""n_sources"": 1}",32,12500,3,0.8748030699789524,0.0,0.7952049647768339,0.5658333342572054,0.0
bdh_cq,bdh_cq/init_skip,79d948f95c7e,init_skip,propagate,mild,"{""dim"": 1, ""distance"": 6, ""length"": 12, ""n_sources"": 1}",32,15000,3,0.8349612119297186,0.0,0.7182201438893875,0.5562777774234613,0.0013333333333333333
bdh_cq,bdh_cq/init_skip,79d948f95c7e,init_skip,propagate,mild,"{""dim"": 1, ""distance"": 6, ""length"": 12, ""n_sources"": 1}",32,17500,3,0.7726029286471506,0.0,0.6922637252137065,0.5143333318829536,0.0
bdh_cq,bdh_cq/init_skip,79d948f95c7e,init_skip,propagate,mild,"{""dim"": 1, ""distance"": 6, ""length"": 12, ""n_sources"": 1}",32,20000,3,0.7801245292648673,0.0,0.676068026262025,0.5064444440801938,0.0
bdh_cq,bdh_cq/init_skip,79d948f95c7e,init_skip,propagate,mild,"{""dim"": 1, ""distance"": 6, ""length"": 12, ""n_sources"": 1}",32,22500,3,0.7788549478476247,0.0,0.6839960546543201,0.5767777760724226,0.0006666666666666666
bdh_cq,bdh_cq/init_skip,79d948f95c7e,init_skip,propagate,mild,"{""dim"": 1, ""distance"": 6, ""length"": 12, ""n_sources"": 1}",32,25000,3,0.8486877667407194,0.0,0.7162201311439276,0.5541111095348995,0.0
bdh_cq,bdh_cq/init_skip,79d948f95c7e,init_skip,propagate,mild,"{""dim"": 1, ""distance"": 6, ""length"": 12, ""n_sources"": 1}",32,27500,3,0.8408875071133176,0.0,0.7143842827839156,0.5553888872861862,0.0
bdh_cq,bdh_cq/init_skip,79d948f95c7e,init_skip,propagate,mild,"{""dim"": 1, ""distance"": 6, ""length"": 12, ""n_sources"": 1}",32,30000,3,0.8234378214304646,0.0,0.7155199951181809,0.5448888871868452,0.0
bdh_cq,bdh_cq/init_skip,79d948f95c7e,init_skip,propagate,mild,"{""dim"": 1, ""distance"": 6, ""length"": 12, ""n_sources"": 1}",32,32500,3,0.8302863268181682,0.0,0.6801439908643564,0.5309999986390274,0.0
bdh_cq,bdh_cq/init_skip,79d948f95c7e,init_skip,propagate,mild,"{""dim"": 1, ""distance"": 6, ""length"": 12, ""n_sources"": 1}",32,35000,3,0.8342807764808337,0.0,0.6755182181174556,0.5057777768572171,0.0006666666666666666
bdh_cq,bdh_cq/init_skip,79d948f95c7e,init_skip,propagate,mild,"{""dim"": 1, ""distance"": 6, ""length"": 12, ""n_sources"": 1}",32,37500,3,0.8340544914826751,0.0,0.6887594085807601,0.4963888885875543,0.0
bdh_cq,bdh_cq/init_skip,79d948f95c7e,init_skip,propagate,mild,"{""dim"": 1, ""distance"": 6, ""length"": 12, ""n_sources"": 1}",32,40000,3,0.8329339505483707,0.0,0.6767224430417021,0.5064999995132288,0.0
bdh_cq,bdh_cq/init_skip,79d948f95c7e,init_skip,propagate,mild,"{""dim"": 1, ""distance"": 8, ""length"": 12, ""n_sources"": 1}",1,2500,3,0.9438576524456342,1.0,0.9438576524456342,0.7904444326410691,0.0
bdh_cq,bdh_cq/init_skip,79d948f95c7e,init_skip,propagate,mild,"{""dim"": 1, ""distance"": 8, ""length"": 12, ""n_sources"": 1}",1,5000,3,0.8216845244169235,1.0,0.8216845244169235,0.800888874868552,0.0
bdh_cq,bdh_cq/init_skip,79d948f95c7e,init_skip,propagate,mild,"{""dim"": 1, ""distance"": 8, ""length"": 12, ""n_sources"": 1}",1,7500,3,0.7104498868187269,1.0,0.7104498868187269,0.7523888781368733,0.0
bdh_cq,bdh_cq/init_skip,79d948f95c7e,init_skip,propagate,mild,"{""dim"": 1, ""distance"": 8, ""length"": 12, ""n_sources"": 1}",1,10000,3,0.6126178652048111,1.0,0.6126178652048111,0.6801666606366634,0.0013333333333333333
bdh_cq,bdh_cq/init_skip,79d948f95c7e,init_skip,propagate,mild,"{""dim"": 1, ""distance"": 8, ""length"": 12, ""n_sources"": 1}",1,12500,3,0.5606134148935477,1.0,0.5606134148935477,0.7913333278695743,0.006666666666666667
bdh_cq,bdh_cq/init_skip,79d948f95c7e,init_skip,propagate,mild,"{""dim"": 1, ""distance"": 8, ""length"": 12, ""n_sources"": 1}",1,15000,3,0.5245704626043638,1.0,0.5245704626043638,0.8348333327372869,0.06666666666666667
bdh_cq,bdh_cq/init_skip,79d948f95c7e,init_skip,propagate,mild,"{""dim"": 1, ""distance"": 8, ""length"": 12, ""n_sources"": 1}",1,17500,3,0.5202079266309738,1.0,0.5202079266309738,0.8997222266991933,0.26533333333333337
bdh_cq,bdh_cq/init_skip,79d948f95c7e,init_skip,propagate,mild,"{""dim"": 1, ""distance"": 8, ""length"": 12, ""n_sources"": 1}",1,20000,3,0.5409661928812662,1.0,0.5409661928812662,0.9324444507757823,0.3953333333333333
bdh_cq,bdh_cq/init_skip,79d948f95c7e,init_skip,propagate,mild,"{""dim"": 1, ""distance"": 8, ""length"": 12, ""n_sources"": 1}",1,22500,3,0.5318608072896799,1.0,0.5318608072896799,0.938055560708046,0.4493333333333333
bdh_cq,bdh_cq/init_skip,79d948f95c7e,init_skip,propagate,mild,"{""dim"": 1, ""distance"": 8, ""length"": 12, ""n_sources"": 1}",1,25000,3,0.5009745098650455,1.0,0.5009745098650455,0.9298888951539993,0.3866666666666667
bdh_cq,bdh_cq/init_skip,79d948f95c7e,init_skip,propagate,mild,"{""dim"": 1, ""distance"": 8, ""length"": 12, ""n_sources"": 1}",1,27500,3,0.5060458282629648,1.0,0.5060458282629648,0.9376111178000768,0.4133333333333334
bdh_cq,bdh_cq/init_skip,79d948f95c7e,init_skip,propagate,mild,"{""dim"": 1, ""distance"": 8, ""length"": 12, ""n_sources"": 1}",1,30000,3,0.5012443959712982,1.0,0.5012443959712982,0.938833339770635,0.4266666666666667
bdh_cq,bdh_cq/init_skip,79d948f95c7e,init_skip,propagate,mild,"{""dim"": 1, ""distance"": 8, ""length"": 12, ""n_sources"": 1}",1,32500,3,0.501652384797732,1.0,0.501652384797732,0.9342777849038443,0.3866666666666667
bdh_cq,bdh_cq/init_skip,79d948f95c7e,init_skip,propagate,mild,"{""dim"": 1, ""distance"": 8, ""length"": 12, ""n_sources"": 1}",1,35000,3,0.49718540782729786,1.0,0.49718540782729786,0.9341111184755961,0.3913333333333333
bdh_cq,bdh_cq/init_skip,79d948f95c7e,init_skip,propagate,mild,"{""dim"": 1, ""distance"": 8, ""length"": 12, ""n_sources"": 1}",1,37500,3,0.4989362085858981,1.0,0.4989362085858981,0.9383888961871465,0.414
bdh_cq,bdh_cq/init_skip,79d948f95c7e,init_skip,propagate,mild,"{""dim"": 1, ""distance"": 8, ""length"": 12, ""n_sources"": 1}",1,40000,3,0.5024425312876701,1.0,0.5024425312876701,0.9391111183563868,0.41733333333333333
bdh_cq,bdh_cq/init_skip,79d948f95c7e,init_skip,propagate,mild,"{""dim"": 1, ""distance"": 8, ""length"": 12, ""n_sources"": 1}",2,40000,3,0.8899372095863024,0.0,0.8899372095863024,0.9056666708389919,0.18200000000000002
bdh_cq,bdh_cq/init_skip,79d948f95c7e,init_skip,propagate,mild,"{""dim"": 1, ""distance"": 8, ""length"": 12, ""n_sources"": 1}",4,2500,3,0.9969926724831263,0.0,0.984806423385938,0.7864999873191119,0.0
bdh_cq,bdh_cq/init_skip,79d948f95c7e,init_skip,propagate,mild,"{""dim"": 1, ""distance"": 8, ""length"": 12, ""n_sources"": 1}",4,5000,3,0.9920195440451304,0.0,0.9405306354165077,0.7906110972513756,0.0
bdh_cq,bdh_cq/init_skip,79d948f95c7e,init_skip,propagate,mild,"{""dim"": 1, ""distance"": 8, ""length"": 12, ""n_sources"": 1}",4,7500,3,0.9901997074484825,0.0,0.9096381887793541,0.7657777669231097,0.0006666666666666666
bdh_cq,bdh_cq/init_skip,79d948f95c7e,init_skip,propagate,mild,"{""dim"": 1, ""distance"": 8, ""length"": 12, ""n_sources"": 1}",4,10000,3,0.9820154557625452,0.0,0.8982843707005183,0.7547222168048223,0.0026666666666666666
bdh_cq,bdh_cq/init_skip,79d948f95c7e,init_skip,propagate,mild,"{""dim"": 1, ""distance"": 8, ""length"": 12, ""n_sources"": 1}",4,12500,3,0.9680639877915382,0.0,0.907414048910141,0.7951111028591792,0.0006666666666666666
bdh_cq,bdh_cq/init_skip,79d948f95c7e,init_skip,propagate,mild,"{""dim"": 1, ""distance"": 8, ""length"": 12, ""n_sources"": 1}",4,15000,3,0.933711975812912,0.0,0.9018737450242043,0.8417222147782644,0.007333333333333333
bdh_cq,bdh_cq/init_skip,79d948f95c7e,init_skip,propagate,mild,"{""dim"": 1, ""distance"": 8, ""length"": 12, ""n_sources"": 1}",4,17500,3,0.9332152927915255,0.0,0.9086138730247816,0.8627777751286825,0.013999999999999999
bdh_cq,bdh_cq/init_skip,79d948f95c7e,init_skip,propagate,mild,"{""dim"": 1, ""distance"": 8, ""length"": 12, ""n_sources"": 1}",4,20000,3,0.9222502509752909,0.0,0.899174228310585,0.8691666664282481,0.016
bdh_cq,bdh_cq/init_skip,79d948f95c7e,init_skip,propagate,mild,"{""dim"": 1, ""distance"": 8, ""length"": 12, ""n_sources"": 1}",4,22500,3,0.9027605230609576,0.0,0.8890760565797488,0.8627777759631474,0.021333333333333333
bdh_cq,bdh_cq/init_skip,79d948f95c7e,init_skip,propagate,mild,"{""dim"": 1, ""distance"": 8, ""length"": 12, ""n_sources"": 1}",4,25000,3,0.8902089993158976,0.0,0.8715611398220062,0.8589444399078688,0.023333333333333334
bdh_cq,bdh_cq/init_skip,79d948f95c7e,init_skip,propagate,mild,"{""dim"": 1, ""distance"": 8, ""length"": 12, ""n_sources"": 1}",4,27500,3,0.8715643013517061,0.0,0.8591765314340591,0.8596666605472564,0.035333333333333335
bdh_cq,bdh_cq/init_skip,79d948f95c7e,init_skip,propagate,mild,"{""dim"": 1, ""distance"": 8, ""length"": 12, ""n_sources"": 1}",4,30000,3,0.8700563361247381,0.0,0.8570326517025629,0.8621666616598764,0.03666666666666667
bdh_cq,bdh_cq/init_skip,79d948f95c7e,init_skip,propagate,mild,"{""dim"": 1, ""distance"": 8, ""length"": 12, ""n_sources"": 1}",4,32500,3,0.8731875916322073,0.0,0.8583937138319016,0.8558333267370859,0.026
bdh_cq,bdh_cq/init_skip,79d948f95c7e,init_skip,propagate,mild,"{""dim"": 1, ""distance"": 8, ""length"": 12, ""n_sources"": 1}",4,35000,3,0.8655994410316149,0.0,0.8499452471733093,0.8572222149769465,0.026
bdh_cq,bdh_cq/init_skip,79d948f95c7e,init_skip,propagate,mild,"{""dim"": 1, ""distance"": 8, ""length"": 12, ""n_sources"": 1}",4,37500,3,0.8643822371959686,0.0,0.8510644733905792,0.8574999929666518,0.023333333333333334
bdh_cq,bdh_cq/init_skip,79d948f95c7e,init_skip,propagate,mild,"{""dim"": 1, ""distance"": 8, ""length"": 12, ""n_sources"": 1}",4,40000,3,0.8647401581207911,0.0,0.8511731202403704,0.8594999936024347,0.028666666666666663
bdh_cq,bdh_cq/init_skip,79d948f95c7e,init_skip,propagate,mild,"{""dim"": 1, ""distance"": 8, ""length"": 12, ""n_sources"": 1}",8,40000,3,0.895149697860082,0.0,0.8284690075864395,0.6671666636864345,0.0
bdh_cq,bdh_cq/init_skip,79d948f95c7e,init_skip,propagate,mild,"{""dim"": 1, ""distance"": 8, ""length"": 12, ""n_sources"": 1}",16,2500,3,0.9996942083040873,0.0,0.984806423385938,0.7697222097764413,0.0
bdh_cq,bdh_cq/init_skip,79d948f95c7e,init_skip,propagate,mild,"{""dim"": 1, ""distance"": 8, ""length"": 12, ""n_sources"": 1}",16,5000,3,0.9416091417272886,0.0,0.8833834876616796,0.720444441229105,0.0
bdh_cq,bdh_cq/init_skip,79d948f95c7e,init_skip,propagate,mild,"{""dim"": 1, ""distance"": 8, ""length"": 12, ""n_sources"": 1}",16,7500,3,0.9134033719698588,0.0,0.8868297835191091,0.6949999959419171,0.0
bdh_cq,bdh_cq/init_skip,79d948f95c7e,init_skip,propagate,mild,"{""dim"": 1, ""distance"": 8, ""length"": 12, ""n_sources"": 1}",16,10000,3,0.8787192876140276,0.0,0.7902165129780769,0.6017222191989422,0.0
bdh_cq,bdh_cq/init_skip,79d948f95c7e,init_skip,propagate,mild,"{""dim"": 1, ""distance"": 8, ""length"": 12, ""n_sources"": 1}",16,12500,3,0.8399491210778555,0.0,0.8116664985815684,0.6297222187022368,0.0
bdh_cq,bdh_cq/init_skip,79d948f95c7e,init_skip,propagate,mild,"{""dim"": 1, ""distance"": 8, ""length"": 12, ""n_sources"": 1}",16,15000,3,0.7526475961009661,0.0,0.7305096959074339,0.680277775545915,0.0
bdh_cq,bdh_cq/init_skip,79d948f95c7e,init_skip,propagate,mild,"{""dim"": 1, ""distance"": 8, ""length"": 12, ""n_sources"": 1}",16,17500,3,0.6998504300912222,0.0,0.6943604350090027,0.7138888826966285,0.0
bdh_cq,bdh_cq/init_skip,79d948f95c7e,init_skip,propagate,mild,"{""dim"": 1, ""distance"": 8, ""length"": 12, ""n_sources"": 1}",16,20000,3,0.7009133771061897,0.0,0.6810407812396685,0.6726666636615993,0.0
bdh_cq,bdh_cq/init_skip,79d948f95c7e,init_skip,propagate,mild,"{""dim"": 1, ""distance"": 8, ""length"": 12, ""n_sources"": 1}",16,22500,3,0.6810499380032221,0.0,0.6528089195489883,0.752055548419555,0.0
bdh_cq,bdh_cq/init_skip,79d948f95c7e,init_skip,propagate,mild,"{""dim"": 1, ""distance"": 8, ""length"": 12, ""n_sources"": 1}",16,25000,3,0.7502982330818971,0.0,0.7007122412323952,0.7277777704298497,0.0
bdh_cq,bdh_cq/init_skip,79d948f95c7e,init_skip,propagate,mild,"{""dim"": 1, ""distance"": 8, ""length"": 12, ""n_sources"": 1}",16,27500,3,0.774488185842832,0.0,0.7054674016932646,0.7601666584461929,0.0
bdh_cq,bdh_cq/init_skip,79d948f95c7e,init_skip,propagate,mild,"{""dim"": 1, ""distance"": 8, ""length"": 12, ""n_sources"": 1}",16,30000,3,0.7000245029727618,0.0,0.675073616206646,0.7734999904731911,0.0
bdh_cq,bdh_cq/init_skip,79d948f95c7e,init_skip,propagate,mild,"{""dim"": 1, ""distance"": 8, ""length"": 12, ""n_sources"": 1}",16,32500,3,0.689158633351326,0.0,0.6675388477742672,0.7651111018955709,0.0
bdh_cq,bdh_cq/init_skip,79d948f95c7e,init_skip,propagate,mild,"{""dim"": 1, ""distance"": 8, ""length"": 12, ""n_sources"": 1}",16,35000,3,0.7238020772735277,0.0,0.6496439899007479,0.7666666571696599,0.0
bdh_cq,bdh_cq/init_skip,79d948f95c7e,init_skip,propagate,mild,"{""dim"": 1, ""distance"": 8, ""length"": 12, ""n_sources"": 1}",16,37500,3,0.6931705139577389,0.0,0.663593765348196,0.7585555464227994,0.0
bdh_cq,bdh_cq/init_skip,79d948f95c7e,init_skip,propagate,mild,"{""dim"": 1, ""distance"": 8, ""length"": 12, ""n_sources"": 1}",16,40000,3,0.7041966406007608,0.0,0.6444320182005564,0.7675555463433265,0.0
bdh_cq,bdh_cq/init_skip,79d948f95c7e,init_skip,propagate,mild,"{""dim"": 1, ""distance"": 8, ""length"": 12, ""n_sources"": 1}",32,2500,3,0.9999032684912285,0.0,0.9832078268130621,0.7593888770242532,0.0
bdh_cq,bdh_cq/init_skip,79d948f95c7e,init_skip,propagate,mild,"{""dim"": 1, ""distance"": 8, ""length"": 12, ""n_sources"": 1}",32,5000,3,0.9830196605374416,0.0,0.879029960061113,0.6688888891935348,0.0
bdh_cq,bdh_cq/init_skip,79d948f95c7e,init_skip,propagate,mild,"{""dim"": 1, ""distance"": 8, ""length"": 12, ""n_sources"": 1}",32,7500,3,0.9748511146754026,0.0,0.8858530875295401,0.6767222231924533,0.0
bdh_cq,bdh_cq/init_skip,79d948f95c7e,init_skip,propagate,mild,"{""dim"": 1, ""distance"": 8, ""length"": 12, ""n_sources"": 1}",32,10000,3,0.9006316848099232,0.0,0.7940403216828903,0.5628333336412906,0.0
bdh_cq,bdh_cq/init_skip,79d948f95c7e,init_skip,propagate,mild,"{""dim"": 1, ""distance"": 8, ""length"": 12, ""n_sources"": 1}",32,12500,3,0.8656828360011181,0.0,0.8038480542600155,0.5586666681071123,0.0
bdh_cq,bdh_cq/init_skip,79d948f95c7e,init_skip,propagate,mild,"{""dim"": 1, ""distance"": 8, ""length"": 12, ""n_sources"": 1}",32,15000,3,0.8029338729878267,0.0,0.6985258323450884,0.5267777768025795,0.002
bdh_cq,bdh_cq/init_skip,79d948f95c7e,init_skip,propagate,mild,"{""dim"": 1, ""distance"": 8, ""length"": 12, ""n_sources"": 1}",32,17500,3,0.7606474586452047,0.0,0.6958587694292268,0.48366666592657565,0.0006666666666666666
bdh_cq,bdh_cq/init_skip,79d948f95c7e,init_skip,propagate,mild,"{""dim"": 1, ""distance"": 8, ""length"": 12, ""n_sources"": 1}",32,20000,3,0.7252564326239129,0.0,0.6665734752702216,0.4272777771353722,0.0
bdh_cq,bdh_cq/init_skip,79d948f95c7e,init_skip,propagate,mild,"{""dim"": 1, ""distance"": 8, ""length"": 12, ""n_sources"": 1}",32,22500,3,0.7755019186685482,0.0,0.6477784374728799,0.5486111094454924,0.0
bdh_cq,bdh_cq/init_skip,79d948f95c7e,init_skip,propagate,mild,"{""dim"": 1, ""distance"": 8, ""length"": 12, ""n_sources"": 1}",32,25000,3,0.8083441049481431,0.0,0.6944652860984206,0.5377222210069498,0.0
bdh_cq,bdh_cq/init_skip,79d948f95c7e,init_skip,propagate,mild,"{""dim"": 1, ""distance"": 8, ""length"": 12, ""n_sources"": 1}",32,27500,3,0.8192536809171239,0.0,0.6649316077431043,0.5337222210069498,0.0006666666666666666
bdh_cq,bdh_cq/init_skip,79d948f95c7e,init_skip,propagate,mild,"{""dim"": 1, ""distance"": 8, ""length"": 12, ""n_sources"": 1}",32,30000,3,0.791335951226453,0.0,0.6754359556362033,0.5206666650126378,0.0
bdh_cq,bdh_cq/init_skip,79d948f95c7e,init_skip,propagate,mild,"{""dim"": 1, ""distance"": 8, ""length"": 12, ""n_sources"": 1}",32,32500,3,0.8067724741995335,0.0,0.6681978194974363,0.49772222119569776,0.0
bdh_cq,bdh_cq/init_skip,79d948f95c7e,init_skip,propagate,mild,"{""dim"": 1, ""distance"": 8, ""length"": 12, ""n_sources"": 1}",32,35000,3,0.7932148588200411,0.0,0.6523676334569851,0.4619444439907869,0.0
bdh_cq,bdh_cq/init_skip,79d948f95c7e,init_skip,propagate,mild,"{""dim"": 1, ""distance"": 8, ""length"": 12, ""n_sources"": 1}",32,37500,3,0.8214494033406178,0.0,0.6522726478676001,0.44844444410502904,0.0
bdh_cq,bdh_cq/init_skip,79d948f95c7e,init_skip,propagate,mild,"{""dim"": 1, ""distance"": 8, ""length"": 12, ""n_sources"": 1}",32,40000,3,0.7933152926464876,0.0,0.6452175586794814,0.46461111085116863,0.0
bdh_cq,bdh_cq/init_skip,79d948f95c7e,init_skip,propagate,strong,"{""dim"": 1, ""distance"": 12, ""length"": 48, ""n_sources"": 1}",1,2500,3,0.9368823890884718,1.0,0.9368823890884718,0.7478055410385132,0.0
bdh_cq,bdh_cq/init_skip,79d948f95c7e,init_skip,propagate,strong,"{""dim"": 1, ""distance"": 12, ""length"": 48, ""n_sources"": 1}",1,5000,3,0.9314747477571169,1.0,0.9314747477571169,0.7216249835888545,0.0
bdh_cq,bdh_cq/init_skip,79d948f95c7e,init_skip,propagate,strong,"{""dim"": 1, ""distance"": 12, ""length"": 48, ""n_sources"": 1}",1,7500,3,0.9024165645241737,1.0,0.9024165645241737,0.7369305409590403,0.0
bdh_cq,bdh_cq/init_skip,79d948f95c7e,init_skip,propagate,strong,"{""dim"": 1, ""distance"": 12, ""length"": 48, ""n_sources"": 1}",1,10000,3,0.8711955721179644,1.0,0.8711955721179644,0.7519444315036138,0.0
bdh_cq,bdh_cq/init_skip,79d948f95c7e,init_skip,propagate,strong,"{""dim"": 1, ""distance"": 12, ""length"": 48, ""n_sources"": 1}",1,12500,3,0.872212236126264,1.0,0.872212236126264,0.7507083198229472,0.0
bdh_cq,bdh_cq/init_skip,79d948f95c7e,init_skip,propagate,strong,"{""dim"": 1, ""distance"": 12, ""length"": 48, ""n_sources"": 1}",1,15000,3,0.87068838874499,1.0,0.87068838874499,0.7619999869267146,0.0
bdh_cq,bdh_cq/init_skip,79d948f95c7e,init_skip,propagate,strong,"{""dim"": 1, ""distance"": 12, ""length"": 48, ""n_sources"": 1}",1,17500,3,0.8651426136493683,1.0,0.8651426136493683,0.7657777641216913,0.0
bdh_cq,bdh_cq/init_skip,79d948f95c7e,init_skip,propagate,strong,"{""dim"": 1, ""distance"": 12, ""length"": 48, ""n_sources"": 1}",1,20000,3,0.8694492777188619,1.0,0.8694492777188619,0.7653472086985905,0.0
bdh_cq,bdh_cq/init_skip,79d948f95c7e,init_skip,propagate,strong,"{""dim"": 1, ""distance"": 12, ""length"": 48, ""n_sources"": 1}",1,22500,3,0.8729139467080435,1.0,0.8729139467080435,0.7725138763984044,0.0
bdh_cq,bdh_cq/init_skip,79d948f95c7e,init_skip,propagate,strong,"{""dim"": 1, ""distance"": 12, ""length"": 48, ""n_sources"": 1}",1,25000,3,0.8713412632544836,1.0,0.8713412632544836,0.7794999868075053,0.0
bdh_cq,bdh_cq/init_skip,79d948f95c7e,init_skip,propagate,strong,"{""dim"": 1, ""distance"": 12, ""length"": 48, ""n_sources"": 1}",1,27500,3,0.8677178099751472,1.0,0.8677178099751472,0.7838472093343735,0.0
bdh_cq,bdh_cq/init_skip,79d948f95c7e,init_skip,propagate,strong,"{""dim"": 1, ""distance"": 12, ""length"": 48, ""n_sources"": 1}",1,30000,3,0.8658143579959869,1.0,0.8658143579959869,0.773305541753769,0.0
bdh_cq,bdh_cq/init_skip,79d948f95c7e,init_skip,propagate,strong,"{""dim"": 1, ""distance"": 12, ""length"": 48, ""n_sources"": 1}",1,32500,3,0.8643722260991732,1.0,0.8643722260991732,0.775513875524203,0.0
bdh_cq,bdh_cq/init_skip,79d948f95c7e,init_skip,propagate,strong,"{""dim"": 1, ""distance"": 12, ""length"": 48, ""n_sources"": 1}",1,35000,3,0.8636770844459534,1.0,0.8636770844459534,0.7732222086191177,0.0
bdh_cq,bdh_cq/init_skip,79d948f95c7e,init_skip,propagate,strong,"{""dim"": 1, ""distance"": 12, ""length"": 48, ""n_sources"": 1}",1,37500,3,0.8639448781808218,1.0,0.8639448781808218,0.7728055421908696,0.0
bdh_cq,bdh_cq/init_skip,79d948f95c7e,init_skip,propagate,strong,"{""dim"": 1, ""distance"": 12, ""length"": 48, ""n_sources"": 1}",1,40000,3,0.8637630070249239,1.0,0.8637630070249239,0.7729305422703425,0.0
bdh_cq,bdh_cq/init_skip,79d948f95c7e,init_skip,propagate,strong,"{""dim"": 1, ""distance"": 12, ""length"": 48, ""n_sources"": 1}",2,40000,3,0.9632596224546432,0.0,0.9632596224546432,0.771499985853831,0.0
bdh_cq,bdh_cq/init_skip,79d948f95c7e,init_skip,propagate,strong,"{""dim"": 1, ""distance"": 12, ""length"": 48, ""n_sources"": 1}",4,2500,3,0.9989024351040522,0.0,0.9783418501416842,0.7448888743718465,0.0
bdh_cq,bdh_cq/init_skip,79d948f95c7e,init_skip,propagate,strong,"{""dim"": 1, ""distance"": 12, ""length"": 48, ""n_sources"": 1}",4,5000,3,0.9985402127106985,0.0,0.9818482175469398,0.7178333156506221,0.0
bdh_cq,bdh_cq/init_skip,79d948f95c7e,init_skip,propagate,strong,"{""dim"": 1, ""distance"": 12, ""length"": 48, ""n_sources"": 1}",4,7500,3,0.9947400142749151,0.0,0.9739032760262489,0.7273472063541412,0.0
bdh_cq,bdh_cq/init_skip,79d948f95c7e,init_skip,propagate,strong,"{""dim"": 1, ""distance"": 12, ""length"": 48, ""n_sources"": 1}",4,10000,3,0.9929560298720995,0.0,0.9674830908576647,0.7430277630090713,0.0
bdh_cq,bdh_cq/init_skip,79d948f95c7e,init_skip,propagate,strong,"{""dim"": 1, ""distance"": 12, ""length"": 48, ""n_sources"": 1}",4,12500,3,0.9880980824430784,0.0,0.948217399418354,0.7449027630090713,0.0
bdh_cq,bdh_cq/init_skip,79d948f95c7e,init_skip,propagate,strong,"{""dim"": 1, ""distance"": 12, ""length"": 48, ""n_sources"": 1}",4,15000,3,0.9810633733868599,0.0,0.9384803175926208,0.7587083199421564,0.0
bdh_cq,bdh_cq/init_skip,79d948f95c7e,init_skip,propagate,strong,"{""dim"": 1, ""distance"": 12, ""length"": 48, ""n_sources"": 1}",4,17500,3,0.9846988643209139,0.0,0.9588265071312586,0.7612499863704046,0.0
bdh_cq,bdh_cq/init_skip,79d948f95c7e,init_skip,propagate,strong,"{""dim"": 1, ""distance"": 12, ""length"": 48, ""n_sources"": 1}",4,20000,3,0.9847637663284937,0.0,0.9542453984419504,0.7615555418332418,0.0
bdh_cq,bdh_cq/init_skip,79d948f95c7e,init_skip,propagate,strong,"{""dim"": 1, ""distance"": 12, ""length"": 48, ""n_sources"": 1}",4,22500,3,0.983364924788475,0.0,0.9625819722811381,0.7689860978523889,0.0
bdh_cq,bdh_cq/init_skip,79d948f95c7e,init_skip,propagate,strong,"{""dim"": 1, ""distance"": 12, ""length"": 48, ""n_sources"": 1}",4,25000,3,0.979379802942276,0.0,0.9623050366838773,0.7763333202203114,0.0
bdh_cq,bdh_cq/init_skip,79d948f95c7e,init_skip,propagate,strong,"{""dim"": 1, ""distance"": 12, ""length"": 48, ""n_sources"": 1}",4,27500,3,0.9784985134998957,0.0,0.9652962982654572,0.7785972089370091,0.0
bdh_cq,bdh_cq/init_skip,79d948f95c7e,init_skip,propagate,strong,"{""dim"": 1, ""distance"": 12, ""length"": 48, ""n_sources"": 1}",4,30000,3,0.975708544254303,0.0,0.9633031561970711,0.7713333196242651,0.0
bdh_cq,bdh_cq/init_skip,79d948f95c7e,init_skip,propagate,strong,"{""dim"": 1, ""distance"": 12, ""length"": 48, ""n_sources"": 1}",4,32500,3,0.9740355983376503,0.0,0.9618295828501383,0.7730833194653193,0.0
bdh_cq,bdh_cq/init_skip,79d948f95c7e,init_skip,propagate,strong,"{""dim"": 1, ""distance"": 12, ""length"": 48, ""n_sources"": 1}",4,35000,3,0.9729529569546381,0.0,0.9617521613836288,0.7714305415153504,0.0
bdh_cq,bdh_cq/init_skip,79d948f95c7e,init_skip,propagate,strong,"{""dim"": 1, ""distance"": 12, ""length"": 48, ""n_sources"": 1}",4,37500,3,0.9729794239004453,0.0,0.9618539214134216,0.7709722081025442,0.0
bdh_cq,bdh_cq/init_skip,79d948f95c7e,init_skip,propagate,strong,"{""dim"": 1, ""distance"": 12, ""length"": 48, ""n_sources"": 1}",4,40000,3,0.9729230627417564,0.0,0.9618867834409078,0.7712222079833349,0.0
bdh_cq,bdh_cq/init_skip,79d948f95c7e,init_skip,propagate,strong,"{""dim"": 1, ""distance"": 12, ""length"": 48, ""n_sources"": 1}",8,40000,3,0.9731601364910603,0.0,0.9405566261460384,0.7638610994815828,0.0
bdh_cq,bdh_cq/init_skip,79d948f95c7e,init_skip,propagate,strong,"{""dim"": 1, ""distance"": 12, ""length"": 48, ""n_sources"": 1}",16,2500,3,0.9994293451309204,0.0,0.9783418501416842,0.7403055404027303,0.0
bdh_cq,bdh_cq/init_skip,79d948f95c7e,init_skip,propagate,strong,"{""dim"": 1, ""distance"": 12, ""length"": 48, ""n_sources"": 1}",16,5000,3,0.9996032988031706,0.0,0.9814592624704043,0.7200555391311645,0.0
bdh_cq,bdh_cq/init_skip,79d948f95c7e,init_skip,propagate,strong,"{""dim"": 1, ""distance"": 12, ""length"": 48, ""n_sources"": 1}",16,7500,3,0.9994778782129288,0.0,0.9739032760262489,0.7251249887545903,0.0
bdh_cq,bdh_cq/init_skip,79d948f95c7e,init_skip,propagate,strong,"{""dim"": 1, ""distance"": 12, ""length"": 48, ""n_sources"": 1}",16,10000,3,0.9993439639608065,0.0,0.9674830908576647,0.7412222137451172,0.0
bdh_cq,bdh_cq/init_skip,79d948f95c7e,init_skip,propagate,strong,"{""dim"": 1, ""distance"": 12, ""length"": 48, ""n_sources"": 1}",16,12500,3,0.9966102167963982,0.0,0.948217399418354,0.744555546482404,0.0
bdh_cq,bdh_cq/init_skip,79d948f95c7e,init_skip,propagate,strong,"{""dim"": 1, ""distance"": 12, ""length"": 48, ""n_sources"": 1}",16,15000,3,0.9876407558719317,0.0,0.9384803175926208,0.7594999899466832,0.0
bdh_cq,bdh_cq/init_skip,79d948f95c7e,init_skip,propagate,strong,"{""dim"": 1, ""distance"": 12, ""length"": 48, ""n_sources"": 1}",16,17500,3,0.9730414922038714,0.0,0.9150987863540649,0.7604027670224508,0.0
bdh_cq,bdh_cq/init_skip,79d948f95c7e,init_skip,propagate,strong,"{""dim"": 1, ""distance"": 12, ""length"": 48, ""n_sources"": 1}",16,20000,3,0.954653836786747,0.0,0.8836237192153931,0.755236100236575,0.0
bdh_cq,bdh_cq/init_skip,79d948f95c7e,init_skip,propagate,strong,"{""dim"": 1, ""distance"": 12, ""length"": 48, ""n_sources"": 1}",16,22500,3,0.9464409028490385,0.0,0.9198705156644186,0.7622916561365128,0.0
bdh_cq,bdh_cq/init_skip,79d948f95c7e,init_skip,propagate,strong,"{""dim"": 1, ""distance"": 12, ""length"": 48, ""n_sources"": 1}",16,25000,3,0.9355383838216463,0.0,0.9083314314484596,0.767944434563319,0.0
bdh_cq,bdh_cq/init_skip,79d948f95c7e,init_skip,propagate,strong,"{""dim"": 1, ""distance"": 12, ""length"": 48, ""n_sources"": 1}",16,27500,3,0.9241816525657972,0.0,0.8971527367830276,0.7703749887943268,0.0
bdh_cq,bdh_cq/init_skip,79d948f95c7e,init_skip,propagate,strong,"{""dim"": 1, ""distance"": 12, ""length"": 48, ""n_sources"": 1}",16,30000,3,0.9484571268161138,0.0,0.9196153581142426,0.7644583216905594,0.0
bdh_cq,bdh_cq/init_skip,79d948f95c7e,init_skip,propagate,strong,"{""dim"": 1, ""distance"": 12, ""length"": 48, ""n_sources"": 1}",16,32500,3,0.91287695368131,0.0,0.8864456911881765,0.766152766307195,0.0
bdh_cq,bdh_cq/init_skip,79d948f95c7e,init_skip,propagate,strong,"{""dim"": 1, ""distance"": 12, ""length"": 48, ""n_sources"": 1}",16,35000,3,0.9240740959843,0.0,0.8888378043969473,0.763652766108513,0.0
bdh_cq,bdh_cq/init_skip,79d948f95c7e,init_skip,propagate,strong,"{""dim"": 1, ""distance"": 12, ""length"": 48, ""n_sources"": 1}",16,37500,3,0.9150777359803518,0.0,0.876875251531601,0.7632083217700322,0.0
bdh_cq,bdh_cq/init_skip,79d948f95c7e,init_skip,propagate,strong,"{""dim"": 1, ""distance"": 12, ""length"": 48, ""n_sources"": 1}",16,40000,3,0.9143830959995588,0.0,0.8709679196278254,0.7631249883174895,0.0
bdh_cq,bdh_cq/init_skip,79d948f95c7e,init_skip,propagate,strong,"{""dim"": 1, ""distance"": 12, ""length"": 48, ""n_sources"": 1}",32,2500,3,0.9998621990283331,0.0,0.9802344491084417,0.7385277618964513,0.0
bdh_cq,bdh_cq/init_skip,79d948f95c7e,init_skip,propagate,strong,"{""dim"": 1, ""distance"": 12, ""length"": 48, ""n_sources"": 1}",32,5000,3,0.999642331774036,0.0,0.9818469466020664,0.7206110946734746,0.0
bdh_cq,bdh_cq/init_skip,79d948f95c7e,init_skip,propagate,strong,"{""dim"": 1, ""distance"": 12, ""length"": 48, ""n_sources"": 1}",32,7500,3,0.9997805276264747,0.0,0.974603553613027,0.7282499907414118,0.0
bdh_cq,bdh_cq/init_skip,79d948f95c7e,init_skip,propagate,strong,"{""dim"": 1, ""distance"": 12, ""length"": 48, ""n_sources"": 1}",32,10000,3,0.999744520833095,0.0,0.9678738036503395,0.7452777709563573,0.0
bdh_cq,bdh_cq/init_skip,79d948f95c7e,init_skip,propagate,strong,"{""dim"": 1, ""distance"": 12, ""length"": 48, ""n_sources"": 1}",32,12500,3,0.9994541294872761,0.0,0.94860163765649,0.7544305494228999,0.0
bdh_cq,bdh_cq/init_skip,79d948f95c7e,init_skip,propagate,strong,"{""dim"": 1, ""distance"": 12, ""length"": 48, ""n_sources"": 1}",32,15000,3,0.9862679236878952,0.0,0.9319558168450991,0.7694583255449929,0.0
bdh_cq,bdh_cq/init_skip,79d948f95c7e,init_skip,propagate,strong,"{""dim"": 1, ""distance"": 12, ""length"": 48, ""n_sources"": 1}",32,17500,3,0.9552686214447021,0.0,0.9231982988615831,0.7678194362719855,0.0
bdh_cq,bdh_cq/init_skip,79d948f95c7e,init_skip,propagate,strong,"{""dim"": 1, ""distance"": 12, ""length"": 48, ""n_sources"": 1}",32,20000,3,0.9243499555935463,0.0,0.9014801053951184,0.7600694347222646,0.0
bdh_cq,bdh_cq/init_skip,79d948f95c7e,init_skip,propagate,strong,"{""dim"": 1, ""distance"": 12, ""length"": 48, ""n_sources"": 1}",32,22500,3,0.9368706165502468,0.0,0.9097188493857781,0.7714583245913188,0.0
bdh_cq,bdh_cq/init_skip,79d948f95c7e,init_skip,propagate,strong,"{""dim"": 1, ""distance"": 12, ""length"": 48, ""n_sources"": 1}",32,25000,3,0.9297448446353277,0.0,0.8916295059025288,0.7737499916553497,0.0
bdh_cq,bdh_cq/init_skip,79d948f95c7e,init_skip,propagate,strong,"{""dim"": 1, ""distance"": 12, ""length"": 48, ""n_sources"": 1}",32,27500,3,0.9321865594635407,0.0,0.8986958721652627,0.7786111028194428,0.0
bdh_cq,bdh_cq/init_skip,79d948f95c7e,init_skip,propagate,strong,"{""dim"": 1, ""distance"": 12, ""length"": 48, ""n_sources"": 1}",32,30000,3,0.9306200668215752,0.0,0.8979194692025582,0.770013879497846,0.0
bdh_cq,bdh_cq/init_skip,79d948f95c7e,init_skip,propagate,strong,"{""dim"": 1, ""distance"": 12, ""length"": 48, ""n_sources"": 1}",32,32500,3,0.9199376435329517,0.0,0.8783917985856533,0.7714027685721715,0.0
bdh_cq,bdh_cq/init_skip,79d948f95c7e,init_skip,propagate,strong,"{""dim"": 1, ""distance"": 12, ""length"": 48, ""n_sources"": 1}",32,35000,3,0.9259556444982687,0.0,0.8924742148568233,0.7688194346427917,0.0
bdh_cq,bdh_cq/init_skip,79d948f95c7e,init_skip,propagate,strong,"{""dim"": 1, ""distance"": 12, ""length"": 48, ""n_sources"": 1}",32,37500,3,0.9259835599611203,0.0,0.884030727048715,0.768027768333753,0.0
bdh_cq,bdh_cq/init_skip,79d948f95c7e,init_skip,propagate,strong,"{""dim"": 1, ""distance"": 12, ""length"": 48, ""n_sources"": 1}",32,40000,3,0.9268404158453146,0.0,0.8877371931448579,0.7680277682940165,0.0
bdh_cq,bdh_cq/init_skip,79d948f95c7e,init_skip,propagate,strong,"{""dim"": 1, ""distance"": 24, ""length"": 48, ""n_sources"": 1}",1,2500,3,0.9356934229532877,1.0,0.9356934229532877,0.6179305569330852,0.0
bdh_cq,bdh_cq/init_skip,79d948f95c7e,init_skip,propagate,strong,"{""dim"": 1, ""distance"": 24, ""length"": 48, ""n_sources"": 1}",1,5000,3,0.9316068490346273,1.0,0.9316068490346273,0.5525555582245191,0.0
bdh_cq,bdh_cq/init_skip,79d948f95c7e,init_skip,propagate,strong,"{""dim"": 1, ""distance"": 24, ""length"": 48, ""n_sources"": 1}",1,7500,3,0.9046126355727514,1.0,0.9046126355727514,0.5950555572311084,0.0
bdh_cq,bdh_cq/init_skip,79d948f95c7e,init_skip,propagate,strong,"{""dim"": 1, ""distance"": 24, ""length"": 48, ""n_sources"": 1}",1,10000,3,0.8742638553182284,1.0,0.8742638553182284,0.6350277783075969,0.0
bdh_cq,bdh_cq/init_skip,79d948f95c7e,init_skip,propagate,strong,"{""dim"": 1, ""distance"": 24, ""length"": 48, ""n_sources"": 1}",1,12500,3,0.8752087528506914,1.0,0.8752087528506914,0.6175833344260852,0.0
bdh_cq,bdh_cq/init_skip,79d948f95c7e,init_skip,propagate,strong,"{""dim"": 1, ""distance"": 24, ""length"": 48, ""n_sources"": 1}",1,15000,3,0.8759635662039121,1.0,0.8759635662039121,0.6084166689117749,0.0
bdh_cq,bdh_cq/init_skip,79d948f95c7e,init_skip,propagate,strong,"{""dim"": 1, ""distance"": 24, ""length"": 48, ""n_sources"": 1}",1,17500,3,0.87058125436306,1.0,0.87058125436306,0.6214722237288952,0.0
bdh_cq,bdh_cq/init_skip,79d948f95c7e,init_skip,propagate,strong,"{""dim"": 1, ""distance"": 24, ""length"": 48, ""n_sources"": 1}",1,20000,3,0.8694172178705534,1.0,0.8694172178705534,0.6279583347638448,0.0
bdh_cq,bdh_cq/init_skip,79d948f95c7e,init_skip,propagate,strong,"{""dim"": 1, ""distance"": 24, ""length"": 48, ""n_sources"": 1}",1,22500,3,0.8766845117012659,1.0,0.8766845117012659,0.6524722212553025,0.0
bdh_cq,bdh_cq/init_skip,79d948f95c7e,init_skip,propagate,strong,"{""dim"": 1, ""distance"": 24, ""length"": 48, ""n_sources"": 1}",1,25000,3,0.8776149700085322,1.0,0.8776149700085322,0.654236111442248,0.0
bdh_cq,bdh_cq/init_skip,79d948f95c7e,init_skip,propagate,strong,"{""dim"": 1, ""distance"": 24, ""length"": 48, ""n_sources"": 1}",1,27500,3,0.8733783215284348,1.0,0.8733783215284348,0.6638194441994031,0.0
bdh_cq,bdh_cq/init_skip,79d948f95c7e,init_skip,propagate,strong,"{""dim"": 1, ""distance"": 24, ""length"": 48, ""n_sources"": 1}",1,30000,3,0.8734507833917936,1.0,0.8734507833917936,0.6418611116210619,0.0
bdh_cq,bdh_cq/init_skip,79d948f95c7e,init_skip,propagate,strong,"{""dim"": 1, ""distance"": 24, ""length"": 48, ""n_sources"": 1}",1,32500,3,0.8701027358571688,1.0,0.8701027358571688,0.645,0.0
bdh_cq,bdh_cq/init_skip,79d948f95c7e,init_skip,propagate,strong,"{""dim"": 1, ""distance"": 24, ""length"": 48, ""n_sources"": 1}",1,35000,3,0.8700830315550169,1.0,0.8700830315550169,0.6383333343664805,0.0
bdh_cq,bdh_cq/init_skip,79d948f95c7e,init_skip,propagate,strong,"{""dim"": 1, ""distance"": 24, ""length"": 48, ""n_sources"": 1}",1,37500,3,0.8711003785332044,1.0,0.8711003785332044,0.6379305565158526,0.0
bdh_cq,bdh_cq/init_skip,79d948f95c7e,init_skip,propagate,strong,"{""dim"": 1, ""distance"": 24, ""length"": 48, ""n_sources"": 1}",1,40000,3,0.870987743139267,1.0,0.870987743139267,0.638236111998558,0.0
bdh_cq,bdh_cq/init_skip,79d948f95c7e,init_skip,propagate,strong,"{""dim"": 1, ""distance"": 24, ""length"": 48, ""n_sources"": 1}",2,40000,3,0.9685928920904795,0.0,0.9685928920904795,0.6344166677594184,0.0
bdh_cq,bdh_cq/init_skip,79d948f95c7e,init_skip,propagate,strong,"{""dim"": 1, ""distance"": 24, ""length"": 48, ""n_sources"": 1}",4,2500,3,0.9989690581957499,0.0,0.9795094927151998,0.6100277794996898,0.0
bdh_cq,bdh_cq/init_skip,79d948f95c7e,init_skip,propagate,strong,"{""dim"": 1, ""distance"": 24, ""length"": 48, ""n_sources"": 1}",4,5000,3,0.9985678121447563,0.0,0.979835532605648,0.5316805590589841,0.0
bdh_cq,bdh_cq/init_skip,79d948f95c7e,init_skip,propagate,strong,"{""dim"": 1, ""distance"": 24, ""length"": 48, ""n_sources"": 1}",4,7500,3,0.9962414503097534,0.0,0.9755858232577642,0.5689722246130308,0.0
bdh_cq,bdh_cq/init_skip,79d948f95c7e,init_skip,propagate,strong,"{""dim"": 1, ""distance"": 24, ""length"": 48, ""n_sources"": 1}",4,10000,3,0.9930117304126421,0.0,0.9698523283004761,0.6111805567145346,0.0
bdh_cq,bdh_cq/init_skip,79d948f95c7e,init_skip,propagate,strong,"{""dim"": 1, ""distance"": 24, ""length"": 48, ""n_sources"": 1}",4,12500,3,0.9847696448365847,0.0,0.9457355737686157,0.6008611128926278,0.0
bdh_cq,bdh_cq/init_skip,79d948f95c7e,init_skip,propagate,strong,"{""dim"": 1, ""distance"": 24, ""length"": 48, ""n_sources"": 1}",4,15000,3,0.9821397513151169,0.0,0.929576518634955,0.6062222241957982,0.0
bdh_cq,bdh_cq/init_skip,79d948f95c7e,init_skip,propagate,strong,"{""dim"": 1, ""distance"": 24, ""length"": 48, ""n_sources"": 1}",4,17500,3,0.9832997620105743,0.0,0.9544253647327423,0.6158611122667789,0.0
bdh_cq,bdh_cq/init_skip,79d948f95c7e,init_skip,propagate,strong,"{""dim"": 1, ""distance"": 24, ""length"": 48, ""n_sources"": 1}",4,20000,3,0.9822600508729616,0.0,0.9501521165172259,0.6203611130813758,0.0
bdh_cq,bdh_cq/init_skip,79d948f95c7e,init_skip,propagate,strong,"{""dim"": 1, ""distance"": 24, ""length"": 48, ""n_sources"": 1}",4,22500,3,0.980333000421524,0.0,0.9630234266320864,0.6384444445371628,0.0
bdh_cq,bdh_cq/init_skip,79d948f95c7e,init_skip,propagate,strong,"{""dim"": 1, ""distance"": 24, ""length"": 48, ""n_sources"": 1}",4,25000,3,0.9817025462786356,0.0,0.9650725275278091,0.6446527780095735,0.0
bdh_cq,bdh_cq/init_skip,79d948f95c7e,init_skip,propagate,strong,"{""dim"": 1, ""distance"": 24, ""length"": 48, ""n_sources"": 1}",4,27500,3,0.9787197758754095,0.0,0.9668597653508186,0.6508750001986822,0.0
bdh_cq,bdh_cq/init_skip,79d948f95c7e,init_skip,propagate,strong,"{""dim"": 1, ""distance"": 24, ""length"": 48, ""n_sources"": 1}",4,30000,3,0.978569358587265,0.0,0.9666635642449061,0.6325138900478681,0.0
bdh_cq,bdh_cq/init_skip,79d948f95c7e,init_skip,propagate,strong,"{""dim"": 1, ""distance"": 24, ""length"": 48, ""n_sources"": 1}",4,32500,3,0.9775180915991465,0.0,0.9657262514034907,0.6387499999403953,0.0
bdh_cq,bdh_cq/init_skip,79d948f95c7e,init_skip,propagate,strong,"{""dim"": 1, ""distance"": 24, ""length"": 48, ""n_sources"": 1}",4,35000,3,0.9767095670104027,0.0,0.9662700419624647,0.6322500004967054,0.0
bdh_cq,bdh_cq/init_skip,79d948f95c7e,init_skip,propagate,strong,"{""dim"": 1, ""distance"": 24, ""length"": 48, ""n_sources"": 1}",4,37500,3,0.9768839329481125,0.0,0.9661639730135599,0.6310694449742634,0.0
bdh_cq,bdh_cq/init_skip,79d948f95c7e,init_skip,propagate,strong,"{""dim"": 1, ""distance"": 24, ""length"": 48, ""n_sources"": 1}",4,40000,3,0.9766068582733473,0.0,0.9662768940130869,0.6313194453716278,0.0
bdh_cq,bdh_cq/init_skip,79d948f95c7e,init_skip,propagate,strong,"{""dim"": 1, ""distance"": 24, ""length"": 48, ""n_sources"": 1}",8,40000,3,0.9773185035834709,0.0,0.9441601429134607,0.6179722263216972,0.0
bdh_cq,bdh_cq/init_skip,79d948f95c7e,init_skip,propagate,strong,"{""dim"": 1, ""distance"": 24, ""length"": 48, ""n_sources"": 1}",16,2500,3,0.9999404897292455,0.0,0.9795094927151998,0.5950277809898058,0.0
bdh_cq,bdh_cq/init_skip,79d948f95c7e,init_skip,propagate,strong,"{""dim"": 1, ""distance"": 24, ""length"": 48, ""n_sources"": 1}",16,5000,3,0.9995264882842699,0.0,0.979835532605648,0.5487222260634105,0.0
bdh_cq,bdh_cq/init_skip,79d948f95c7e,init_skip,propagate,strong,"{""dim"": 1, ""distance"": 24, ""length"": 48, ""n_sources"": 1}",16,7500,3,0.9993936667839686,0.0,0.9749210799733797,0.5718750023543834,0.0
bdh_cq,bdh_cq/init_skip,79d948f95c7e,init_skip,propagate,strong,"{""dim"": 1, ""distance"": 24, ""length"": 48, ""n_sources"": 1}",16,10000,3,0.9989845007658005,0.0,0.9698523283004761,0.6083472242752711,0.0
bdh_cq,bdh_cq/init_skip,79d948f95c7e,init_skip,propagate,strong,"{""dim"": 1, ""distance"": 24, ""length"": 48, ""n_sources"": 1}",16,12500,3,0.99760718892018,0.0,0.9457355737686157,0.6307916669646899,0.0
bdh_cq,bdh_cq/init_skip,79d948f95c7e,init_skip,propagate,strong,"{""dim"": 1, ""distance"": 24, ""length"": 48, ""n_sources"": 1}",16,15000,3,0.994134376446406,0.0,0.929576518634955,0.6403194475571314,0.0
bdh_cq,bdh_cq/init_skip,79d948f95c7e,init_skip,propagate,strong,"{""dim"": 1, ""distance"": 24, ""length"": 48, ""n_sources"": 1}",16,17500,3,0.9812721237540245,0.0,0.9407049094637235,0.6320416694581509,0.0
bdh_cq,bdh_cq/init_skip,79d948f95c7e,init_skip,propagate,strong,"{""dim"": 1, ""distance"": 24, ""length"": 48, ""n_sources"": 1}",16,20000,3,0.9471189479033152,0.0,0.8967810844381651,0.6209305590589841,0.0
bdh_cq,bdh_cq/init_skip,79d948f95c7e,init_skip,propagate,strong,"{""dim"": 1, ""distance"": 24, ""length"": 48, ""n_sources"": 1}",16,22500,3,0.9612805669506391,0.0,0.9146645242969195,0.636375002026558,0.0
bdh_cq,bdh_cq/init_skip,79d948f95c7e,init_skip,propagate,strong,"{""dim"": 1, ""distance"": 24, ""length"": 48, ""n_sources"": 1}",16,25000,3,0.9677780941128731,0.0,0.9274579534928004,0.6398194477160772,0.0
bdh_cq,bdh_cq/init_skip,79d948f95c7e,init_skip,propagate,strong,"{""dim"": 1, ""distance"": 24, ""length"": 48, ""n_sources"": 1}",16,27500,3,0.9518317878246307,0.0,0.9279869347810745,0.6425833368500075,0.0
bdh_cq,bdh_cq/init_skip,79d948f95c7e,init_skip,propagate,strong,"{""dim"": 1, ""distance"": 24, ""length"": 48, ""n_sources"": 1}",16,30000,3,0.9457601631681124,0.0,0.9245775640010834,0.6270277812480926,0.0
bdh_cq,bdh_cq/init_skip,79d948f95c7e,init_skip,propagate,strong,"{""dim"": 1, ""distance"": 24, ""length"": 48, ""n_sources"": 1}",16,32500,3,0.9324088419477145,0.0,0.9054293582836787,0.6324166700839996,0.0
bdh_cq,bdh_cq/init_skip,79d948f95c7e,init_skip,propagate,strong,"{""dim"": 1, ""distance"": 24, ""length"": 48, ""n_sources"": 1}",16,35000,3,0.9336290434002876,0.0,0.9106426015496254,0.623027781923612,0.0
bdh_cq,bdh_cq/init_skip,79d948f95c7e,init_skip,propagate,strong,"{""dim"": 1, ""distance"": 24, ""length"": 48, ""n_sources"": 1}",16,37500,3,0.9359628185629845,0.0,0.9142268225550652,0.6209861151576043,0.0
bdh_cq,bdh_cq/init_skip,79d948f95c7e,init_skip,propagate,strong,"{""dim"": 1, ""distance"": 24, ""length"": 48, ""n_sources"": 1}",16,40000,3,0.9398144831260046,0.0,0.9163956915338834,0.6211388926108677,0.0
bdh_cq,bdh_cq/init_skip,79d948f95c7e,init_skip,propagate,strong,"{""dim"": 1, ""distance"": 24, ""length"": 48, ""n_sources"": 1}",32,2500,3,0.9999645743519068,0.0,0.9805644576748213,0.5854861141045888,0.0
bdh_cq,bdh_cq/init_skip,79d948f95c7e,init_skip,propagate,strong,"{""dim"": 1, ""distance"": 24, ""length"": 48, ""n_sources"": 1}",32,5000,3,0.9997189678251743,0.0,0.9798861593008041,0.5462777817447981,0.0
bdh_cq,bdh_cq/init_skip,79d948f95c7e,init_skip,propagate,strong,"{""dim"": 1, ""distance"": 24, ""length"": 48, ""n_sources"": 1}",32,7500,3,0.9997882482906183,0.0,0.9746136603256067,0.5665138913989067,0.0
bdh_cq,bdh_cq/init_skip,79d948f95c7e,init_skip,propagate,strong,"{""dim"": 1, ""distance"": 24, ""length"": 48, ""n_sources"": 1}",32,10000,3,0.9998073764145374,0.0,0.9689272188891968,0.6179166685938835,0.0
bdh_cq,bdh_cq/init_skip,79d948f95c7e,init_skip,propagate,strong,"{""dim"": 1, ""distance"": 24, ""length"": 48, ""n_sources"": 1}",32,12500,3,0.9994376587371031,0.0,0.9476418625563383,0.6509722233215968,0.0
bdh_cq,bdh_cq/init_skip,79d948f95c7e,init_skip,propagate,strong,"{""dim"": 1, ""distance"": 24, ""length"": 48, ""n_sources"": 1}",32,15000,3,0.9902885761111975,0.0,0.929021575798591,0.6646388909816743,0.0
bdh_cq,bdh_cq/init_skip,79d948f95c7e,init_skip,propagate,strong,"{""dim"": 1, ""distance"": 24, ""length"": 48, ""n_sources"": 1}",32,17500,3,0.9658839330077171,0.0,0.9360838364809752,0.6514027801156045,0.0
bdh_cq,bdh_cq/init_skip,79d948f95c7e,init_skip,propagate,strong,"{""dim"": 1, ""distance"": 24, ""length"": 48, ""n_sources"": 1}",32,20000,3,0.929465294505159,0.0,0.9023597983177751,0.631333335707585,0.0
bdh_cq,bdh_cq/init_skip,79d948f95c7e,init_skip,propagate,strong,"{""dim"": 1, ""distance"": 24, ""length"": 48, ""n_sources"": 1}",32,22500,3,0.9526005319009224,0.0,0.9255620135615269,0.6499027798573177,0.0
bdh_cq,bdh_cq/init_skip,79d948f95c7e,init_skip,propagate,strong,"{""dim"": 1, ""distance"": 24, ""length"": 48, ""n_sources"": 1}",32,25000,3,0.9386665802448988,0.0,0.9149530238161484,0.6486666692097982,0.0
bdh_cq,bdh_cq/init_skip,79d948f95c7e,init_skip,propagate,strong,"{""dim"": 1, ""distance"": 24, ""length"": 48, ""n_sources"": 1}",32,27500,3,0.9448849459489187,0.0,0.9101031537478169,0.6560000030398369,0.0
bdh_cq,bdh_cq/init_skip,79d948f95c7e,init_skip,propagate,strong,"{""dim"": 1, ""distance"": 24, ""length"": 48, ""n_sources"": 1}",32,30000,3,0.9461519780258337,0.0,0.9143305957938234,0.6382222248117129,0.0
bdh_cq,bdh_cq/init_skip,79d948f95c7e,init_skip,propagate,strong,"{""dim"": 1, ""distance"": 24, ""length"": 48, ""n_sources"": 1}",32,32500,3,0.9300880568722883,0.0,0.8967402698472142,0.6415833363334338,0.0
bdh_cq,bdh_cq/init_skip,79d948f95c7e,init_skip,propagate,strong,"{""dim"": 1, ""distance"": 24, ""length"": 48, ""n_sources"": 1}",32,35000,3,0.9340401583661636,0.0,0.9004413690418005,0.63397222528855,0.0
bdh_cq,bdh_cq/init_skip,79d948f95c7e,init_skip,propagate,strong,"{""dim"": 1, ""distance"": 24, ""length"": 48, ""n_sources"": 1}",32,37500,3,0.9316170364618301,0.0,0.894128187559545,0.6310694477359454,0.0
bdh_cq,bdh_cq/init_skip,79d948f95c7e,init_skip,propagate,strong,"{""dim"": 1, ""distance"": 24, ""length"": 48, ""n_sources"": 1}",32,40000,3,0.9332584502796332,0.0,0.8968245200812817,0.6311944479544956,0.0
bdh_cq,bdh_cq/init_skip,eca47f97dfa3,init_skip,propagate,interp,"{""dim"": 1, ""distance"": 1, ""length"": 12, ""n_sources"": 1}",1,2500,1,0.94361462444067,1.0,0.94361462444067,0.8047263551114211,0.0
bdh_cq,bdh_cq/init_skip,eca47f97dfa3,init_skip,propagate,interp,"{""dim"": 1, ""distance"": 1, ""length"": 12, ""n_sources"": 1}",1,5000,1,0.8826286792755127,1.0,0.8826286792755127,0.8109452599909768,0.0
bdh_cq,bdh_cq/init_skip,eca47f97dfa3,init_skip,propagate,interp,"{""dim"": 1, ""distance"": 1, ""length"": 12, ""n_sources"": 1}",1,7500,1,0.8618206083774567,1.0,0.8618206083774567,0.8034825740910289,0.0
bdh_cq,bdh_cq/init_skip,eca47f97dfa3,init_skip,propagate,interp,"{""dim"": 1, ""distance"": 1, ""length"": 12, ""n_sources"": 1}",1,8000,1,0.8621896728873253,1.0,0.8621896728873253,0.8047263548890157,0.0
bdh_cq,bdh_cq/init_skip,eca47f97dfa3,init_skip,propagate,interp,"{""dim"": 1, ""distance"": 1, ""length"": 12, ""n_sources"": 1}",4,2500,1,0.9962003231048584,0.0,0.9832399114966393,0.8059701359094079,0.0
bdh_cq,bdh_cq/init_skip,eca47f97dfa3,init_skip,propagate,interp,"{""dim"": 1, ""distance"": 1, ""length"": 12, ""n_sources"": 1}",4,5000,1,0.9935906156897545,0.0,0.9621043279767036,0.8059701367990294,0.0
bdh_cq,bdh_cq/init_skip,eca47f97dfa3,init_skip,propagate,interp,"{""dim"": 1, ""distance"": 1, ""length"": 12, ""n_sources"": 1}",4,7500,1,0.9938358962535858,0.0,0.9511322006583214,0.7997512328090952,0.0
bdh_cq,bdh_cq/init_skip,eca47f97dfa3,init_skip,propagate,interp,"{""dim"": 1, ""distance"": 1, ""length"": 12, ""n_sources"": 1}",4,8000,1,0.9938718676567078,0.0,0.9512333571910858,0.7972636703235,0.0
bdh_cq,bdh_cq/init_skip,eca47f97dfa3,init_skip,propagate,interp,"{""dim"": 1, ""distance"": 1, ""length"": 12, ""n_sources"": 1}",8,8000,1,0.9447432179003954,0.0,0.9033392015844584,0.759950249942381,0.0
bdh_cq,bdh_cq/init_skip,eca47f97dfa3,init_skip,propagate,interp,"{""dim"": 1, ""distance"": 1, ""length"": 12, ""n_sources"": 1}",32,8000,1,0.9964462425559759,0.0,0.8915603924542665,0.7375621982474825,0.0
bdh_cq,bdh_cq/init_skip,eca47f97dfa3,init_skip,propagate,interp,"{""dim"": 1, ""distance"": 2, ""length"": 12, ""n_sources"": 1}",1,2500,1,0.944829948246479,1.0,0.944829948246479,0.7947761087275264,0.0
bdh_cq,bdh_cq/init_skip,eca47f97dfa3,init_skip,propagate,interp,"{""dim"": 1, ""distance"": 2, ""length"": 12, ""n_sources"": 1}",1,5000,1,0.8902251496911049,1.0,0.8902251496911049,0.8072139175970163,0.0
bdh_cq,bdh_cq/init_skip,eca47f97dfa3,init_skip,propagate,interp,"{""dim"": 1, ""distance"": 2, ""length"": 12, ""n_sources"": 1}",1,7500,1,0.8669826984405518,1.0,0.8669826984405518,0.8159203831829241,0.0
bdh_cq,bdh_cq/init_skip,eca47f97dfa3,init_skip,propagate,interp,"{""dim"": 1, ""distance"": 2, ""length"": 12, ""n_sources"": 1}",1,8000,1,0.8674578964710236,1.0,0.8674578964710236,0.8196517264665063,0.0
bdh_cq,bdh_cq/init_skip,eca47f97dfa3,init_skip,propagate,interp,"{""dim"": 1, ""distance"": 2, ""length"": 12, ""n_sources"": 1}",4,2500,1,0.9969236254692078,0.0,0.9839006066322327,0.7910447663335658,0.0
bdh_cq,bdh_cq/init_skip,eca47f97dfa3,init_skip,propagate,interp,"{""dim"": 1, ""distance"": 2, ""length"": 12, ""n_sources"": 1}",4,5000,1,0.9940195977687836,0.0,0.9606082737445831,0.7985074520111084,0.0
bdh_cq,bdh_cq/init_skip,eca47f97dfa3,init_skip,propagate,interp,"{""dim"": 1, ""distance"": 2, ""length"": 12, ""n_sources"": 1}",4,7500,1,0.9945723861455917,0.0,0.9506627172231674,0.8121890425682068,0.0
bdh_cq,bdh_cq/init_skip,eca47f97dfa3,init_skip,propagate,interp,"{""dim"": 1, ""distance"": 2, ""length"": 12, ""n_sources"": 1}",4,8000,1,0.9946736991405487,0.0,0.950947068631649,0.8146766059434236,0.0
bdh_cq,bdh_cq/init_skip,eca47f97dfa3,init_skip,propagate,interp,"{""dim"": 1, ""distance"": 2, ""length"": 12, ""n_sources"": 1}",8,8000,1,0.9429100565612316,0.0,0.8970208875834942,0.7686567181971535,0.0
bdh_cq,bdh_cq/init_skip,eca47f97dfa3,init_skip,propagate,interp,"{""dim"": 1, ""distance"": 2, ""length"": 12, ""n_sources"": 1}",32,8000,1,0.9906399548053741,0.0,0.8731130324304104,0.7176616921353696,0.0
bdh_cq,bdh_cq/init_skip,eca47f97dfa3,init_skip,propagate,interp,"{""dim"": 1, ""distance"": 4, ""length"": 12, ""n_sources"": 1}",1,2500,1,0.9466283768415451,1.0,0.9466283768415451,0.7916666531201565,0.0
bdh_cq,bdh_cq/init_skip,eca47f97dfa3,init_skip,propagate,interp,"{""dim"": 1, ""distance"": 4, ""length"": 12, ""n_sources"": 1}",1,5000,1,0.8856254890561104,1.0,0.8856254890561104,0.8042929136391842,0.0
bdh_cq,bdh_cq/init_skip,eca47f97dfa3,init_skip,propagate,interp,"{""dim"": 1, ""distance"": 4, ""length"": 12, ""n_sources"": 1}",1,7500,1,0.8628885000944138,1.0,0.8628885000944138,0.7904040289647651,0.0
bdh_cq,bdh_cq/init_skip,eca47f97dfa3,init_skip,propagate,interp,"{""dim"": 1, ""distance"": 4, ""length"": 12, ""n_sources"": 1}",1,8000,1,0.8634607195854187,1.0,0.8634607195854187,0.7916666558294585,0.0
bdh_cq,bdh_cq/init_skip,eca47f97dfa3,init_skip,propagate,interp,"{""dim"": 1, ""distance"": 4, ""length"": 12, ""n_sources"": 1}",4,2500,1,0.9961852952837944,0.0,0.9841196611523628,0.7790403916980281,0.0
bdh_cq,bdh_cq/init_skip,eca47f97dfa3,init_skip,propagate,interp,"{""dim"": 1, ""distance"": 4, ""length"": 12, ""n_sources"": 1}",4,5000,1,0.9940981790423393,0.0,0.9619141668081284,0.7840908932866473,0.0
bdh_cq,bdh_cq/init_skip,eca47f97dfa3,init_skip,propagate,interp,"{""dim"": 1, ""distance"": 4, ""length"": 12, ""n_sources"": 1}",4,7500,1,0.9941849336028099,0.0,0.9512470662593842,0.7689393831021858,0.0
bdh_cq,bdh_cq/init_skip,eca47f97dfa3,init_skip,propagate,interp,"{""dim"": 1, ""distance"": 4, ""length"": 12, ""n_sources"": 1}",4,8000,1,0.9942536726593971,0.0,0.9515726789832115,0.763888877901164,0.0
bdh_cq,bdh_cq/init_skip,eca47f97dfa3,init_skip,propagate,interp,"{""dim"": 1, ""distance"": 4, ""length"": 12, ""n_sources"": 1}",8,8000,1,0.9589006826281548,0.0,0.902812646701932,0.7020202021707188,0.0
bdh_cq,bdh_cq/init_skip,eca47f97dfa3,init_skip,propagate,interp,"{""dim"": 1, ""distance"": 4, ""length"": 12, ""n_sources"": 1}",32,8000,1,0.998935267329216,0.0,0.902812646701932,0.623737373586857,0.0
bdh_cq,bdh_cq/init_skip,eca47f97dfa3,init_skip,propagate,mild,"{""dim"": 1, ""distance"": 6, ""length"": 12, ""n_sources"": 1}",1,2500,1,0.9460618570446968,1.0,0.9460618570446968,0.7941666546463967,0.0
bdh_cq,bdh_cq/init_skip,eca47f97dfa3,init_skip,propagate,mild,"{""dim"": 1, ""distance"": 6, ""length"": 12, ""n_sources"": 1}",1,5000,1,0.8807151094079018,1.0,0.8807151094079018,0.8033333194255828,0.0
bdh_cq,bdh_cq/init_skip,eca47f97dfa3,init_skip,propagate,mild,"{""dim"": 1, ""distance"": 6, ""length"": 12, ""n_sources"": 1}",1,7500,1,0.8571925088763237,1.0,0.8571925088763237,0.7824999871850014,0.0
bdh_cq,bdh_cq/init_skip,eca47f97dfa3,init_skip,propagate,mild,"{""dim"": 1, ""distance"": 6, ""length"": 12, ""n_sources"": 1}",1,8000,1,0.857574924826622,1.0,0.857574924826622,0.7841666543483734,0.0
bdh_cq,bdh_cq/init_skip,eca47f97dfa3,init_skip,propagate,mild,"{""dim"": 1, ""distance"": 6, ""length"": 12, ""n_sources"": 1}",4,2500,1,0.995616115629673,0.0,0.982968308031559,0.7916666528582573,0.0
bdh_cq,bdh_cq/init_skip,eca47f97dfa3,init_skip,propagate,mild,"{""dim"": 1, ""distance"": 6, ""length"": 12, ""n_sources"": 1}",4,5000,1,0.9939501136541367,0.0,0.9600374847650528,0.8008333200216293,0.0
bdh_cq,bdh_cq/init_skip,eca47f97dfa3,init_skip,propagate,mild,"{""dim"": 1, ""distance"": 6, ""length"": 12, ""n_sources"": 1}",4,7500,1,0.9940697997808456,0.0,0.9496288672089577,0.7808333197236061,0.0
bdh_cq,bdh_cq/init_skip,eca47f97dfa3,init_skip,propagate,mild,"{""dim"": 1, ""distance"": 6, ""length"": 12, ""n_sources"": 1}",4,8000,1,0.9941002354025841,0.0,0.9497271999716759,0.7808333188295364,0.0
bdh_cq,bdh_cq/init_skip,eca47f97dfa3,init_skip,propagate,mild,"{""dim"": 1, ""distance"": 6, ""length"": 12, ""n_sources"": 1}",8,8000,1,0.929627288132906,0.0,0.8950091693550348,0.6958333340287208,0.0
bdh_cq,bdh_cq/init_skip,eca47f97dfa3,init_skip,propagate,mild,"{""dim"": 1, ""distance"": 6, ""length"": 12, ""n_sources"": 1}",32,8000,1,0.9960719868540764,0.0,0.8652922958135605,0.6533333361148834,0.0
bdh_cq,bdh_cq/init_skip,eca47f97dfa3,init_skip,propagate,mild,"{""dim"": 1, ""distance"": 8, ""length"": 12, ""n_sources"": 1}",1,2500,1,0.9459114298224449,1.0,0.9459114298224449,0.7833333221077919,0.0
bdh_cq,bdh_cq/init_skip,eca47f97dfa3,init_skip,propagate,mild,"{""dim"": 1, ""distance"": 8, ""length"": 12, ""n_sources"": 1}",1,5000,1,0.8854107484221458,1.0,0.8854107484221458,0.7983333191275597,0.0
bdh_cq,bdh_cq/init_skip,eca47f97dfa3,init_skip,propagate,mild,"{""dim"": 1, ""distance"": 8, ""length"": 12, ""n_sources"": 1}",1,7500,1,0.8651163056492805,1.0,0.8651163056492805,0.7816666515171528,0.0
bdh_cq,bdh_cq/init_skip,eca47f97dfa3,init_skip,propagate,mild,"{""dim"": 1, ""distance"": 8, ""length"": 12, ""n_sources"": 1}",1,8000,1,0.8654947653412819,1.0,0.8654947653412819,0.7841666515171528,0.0
bdh_cq,bdh_cq/init_skip,eca47f97dfa3,init_skip,propagate,mild,"{""dim"": 1, ""distance"": 8, ""length"": 12, ""n_sources"": 1}",4,2500,1,0.9960205256938934,0.0,0.983644925057888,0.7799999862909317,0.0
bdh_cq,bdh_cq/init_skip,eca47f97dfa3,init_skip,propagate,mild,"{""dim"": 1, ""distance"": 8, ""length"": 12, ""n_sources"": 1}",4,5000,1,0.9932859167456627,0.0,0.9607912823557854,0.7833333207666874,0.0
bdh_cq,bdh_cq/init_skip,eca47f97dfa3,init_skip,propagate,mild,"{""dim"": 1, ""distance"": 8, ""length"": 12, ""n_sources"": 1}",4,7500,1,0.9940600097179413,0.0,0.9501536339521408,0.7683333194255829,0.0
bdh_cq,bdh_cq/init_skip,eca47f97dfa3,init_skip,propagate,mild,"{""dim"": 1, ""distance"": 8, ""length"": 12, ""n_sources"": 1}",4,8000,1,0.9940721914172173,0.0,0.950315997004509,0.7683333194255829,0.0
bdh_cq,bdh_cq/init_skip,eca47f97dfa3,init_skip,propagate,mild,"{""dim"": 1, ""distance"": 8, ""length"": 12, ""n_sources"": 1}",8,8000,1,0.9618533998727798,0.0,0.9101166296750307,0.7150000052899123,0.0
bdh_cq,bdh_cq/init_skip,eca47f97dfa3,init_skip,propagate,mild,"{""dim"": 1, ""distance"": 8, ""length"": 12, ""n_sources"": 1}",32,8000,1,0.9963264241814613,0.0,0.9101166296750307,0.6708333360403776,0.0
bdh_cq,bdh_cq/init_skip,eca47f97dfa3,init_skip,propagate,strong,"{""dim"": 1, ""distance"": 12, ""length"": 48, ""n_sources"": 1}",1,2500,1,0.9560103639960289,1.0,0.9560103639960289,0.7616666549444199,0.0
bdh_cq,bdh_cq/init_skip,eca47f97dfa3,init_skip,propagate,strong,"{""dim"": 1, ""distance"": 12, ""length"": 48, ""n_sources"": 1}",1,5000,1,0.9522648528218269,1.0,0.9522648528218269,0.7116666495800018,0.0
bdh_cq,bdh_cq/init_skip,eca47f97dfa3,init_skip,propagate,strong,"{""dim"": 1, ""distance"": 12, ""length"": 48, ""n_sources"": 1}",1,7500,1,0.9499548599123955,1.0,0.9499548599123955,0.7095833152532578,0.0
bdh_cq,bdh_cq/init_skip,eca47f97dfa3,init_skip,propagate,strong,"{""dim"": 1, ""distance"": 12, ""length"": 48, ""n_sources"": 1}",1,8000,1,0.95002631098032,1.0,0.95002631098032,0.7095833152532578,0.0
bdh_cq,bdh_cq/init_skip,eca47f97dfa3,init_skip,propagate,strong,"{""dim"": 1, ""distance"": 12, ""length"": 48, ""n_sources"": 1}",4,2500,1,0.998997762799263,0.0,0.9873083755373955,0.7577083200216294,0.0
bdh_cq,bdh_cq/init_skip,eca47f97dfa3,init_skip,propagate,strong,"{""dim"": 1, ""distance"": 12, ""length"": 48, ""n_sources"": 1}",4,5000,1,0.9991562739014626,0.0,0.9902985170483589,0.7089583140611648,0.0
bdh_cq,bdh_cq/init_skip,eca47f97dfa3,init_skip,propagate,strong,"{""dim"": 1, ""distance"": 12, ""length"": 48, ""n_sources"": 1}",4,7500,1,0.9992990866303444,0.0,0.99050472676754,0.708541647195816,0.0
bdh_cq,bdh_cq/init_skip,eca47f97dfa3,init_skip,propagate,strong,"{""dim"": 1, ""distance"": 12, ""length"": 48, ""n_sources"": 1}",4,8000,1,0.999304436147213,0.0,0.9905447736382484,0.708541647195816,0.0
bdh_cq,bdh_cq/init_skip,eca47f97dfa3,init_skip,propagate,strong,"{""dim"": 1, ""distance"": 12, ""length"": 48, ""n_sources"": 1}",8,8000,1,0.9994795117527246,0.0,0.9890521708875895,0.708541647195816,0.0
bdh_cq,bdh_cq/init_skip,eca47f97dfa3,init_skip,propagate,strong,"{""dim"": 1, ""distance"": 12, ""length"": 48, ""n_sources"": 1}",32,8000,1,0.9999224152415991,0.0,0.9890521708875895,0.7083333134651184,0.0
bdh_cq,bdh_cq/init_skip,eca47f97dfa3,init_skip,propagate,strong,"{""dim"": 1, ""distance"": 24, ""length"": 48, ""n_sources"": 1}",1,2500,1,0.9582084864377975,1.0,0.9582084864377975,0.7077083337306976,0.0
bdh_cq,bdh_cq/init_skip,eca47f97dfa3,init_skip,propagate,strong,"{""dim"": 1, ""distance"": 24, ""length"": 48, ""n_sources"": 1}",1,5000,1,0.9566666185855865,1.0,0.9566666185855865,0.5562499988079072,0.0
bdh_cq,bdh_cq/init_skip,eca47f97dfa3,init_skip,propagate,strong,"{""dim"": 1, ""distance"": 24, ""length"": 48, ""n_sources"": 1}",1,7500,1,0.9540044441819191,1.0,0.9540044441819191,0.5414583334326744,0.0
bdh_cq,bdh_cq/init_skip,eca47f97dfa3,init_skip,propagate,strong,"{""dim"": 1, ""distance"": 24, ""length"": 48, ""n_sources"": 1}",1,8000,1,0.9540454298257828,1.0,0.9540454298257828,0.5406250005960465,0.0
bdh_cq,bdh_cq/init_skip,eca47f97dfa3,init_skip,propagate,strong,"{""dim"": 1, ""distance"": 24, ""length"": 48, ""n_sources"": 1}",4,2500,1,0.9991288632154465,0.0,0.9879811108112335,0.697291667163372,0.0
bdh_cq,bdh_cq/init_skip,eca47f97dfa3,init_skip,propagate,strong,"{""dim"": 1, ""distance"": 24, ""length"": 48, ""n_sources"": 1}",4,5000,1,0.999488428235054,0.0,0.9918160513043404,0.5260416671633721,0.0
bdh_cq,bdh_cq/init_skip,eca47f97dfa3,init_skip,propagate,strong,"{""dim"": 1, ""distance"": 24, ""length"": 48, ""n_sources"": 1}",4,7500,1,0.9995197877287865,0.0,0.9918021038174629,0.5041666713356971,0.0
bdh_cq,bdh_cq/init_skip,eca47f97dfa3,init_skip,propagate,strong,"{""dim"": 1, ""distance"": 24, ""length"": 48, ""n_sources"": 1}",4,8000,1,0.9995203167200089,0.0,0.991824559867382,0.5039583387970924,0.0
bdh_cq,bdh_cq/init_skip,eca47f97dfa3,init_skip,propagate,strong,"{""dim"": 1, ""distance"": 24, ""length"": 48, ""n_sources"": 1}",8,8000,1,0.9995232541114092,0.0,0.98927360214293,0.4947916713356972,0.0
bdh_cq,bdh_cq/init_skip,eca47f97dfa3,init_skip,propagate,strong,"{""dim"": 1, ""distance"": 24, ""length"": 48, ""n_sources"": 1}",32,8000,1,0.9999310970306396,0.0,0.98927360214293,0.4691666755080223,0.0
bdh_cq,bdh_cq/plain,3d6407474980,plain,propagate,interp,"{""dim"": 1, ""distance"": 1, ""length"": 12, ""n_sources"": 1}",1,2500,1,0.8443924486637115,1.0,0.8443924486637115,0.8034825743134342,0.0
bdh_cq,bdh_cq/plain,3d6407474980,plain,propagate,interp,"{""dim"": 1, ""distance"": 1, ""length"": 12, ""n_sources"": 1}",1,5000,1,0.7216305211186409,1.0,0.7216305211186409,0.8121890390097205,0.0
bdh_cq,bdh_cq/plain,3d6407474980,plain,propagate,interp,"{""dim"": 1, ""distance"": 1, ""length"": 12, ""n_sources"": 1}",1,7500,1,0.7069549858570099,1.0,0.7069549858570099,0.7935323261502963,0.0
bdh_cq,bdh_cq/plain,3d6407474980,plain,propagate,interp,"{""dim"": 1, ""distance"": 1, ""length"": 12, ""n_sources"": 1}",1,8000,1,0.7071628868579865,1.0,0.7071628868579865,0.7935323243710533,0.0
bdh_cq,bdh_cq/plain,3d6407474980,plain,propagate,interp,"{""dim"": 1, ""distance"": 1, ""length"": 12, ""n_sources"": 1}",4,2500,1,0.9976223781704903,0.0,0.9766355752944946,0.8022387935154474,0.0
bdh_cq,bdh_cq/plain,3d6407474980,plain,propagate,interp,"{""dim"": 1, ""distance"": 1, ""length"": 12, ""n_sources"": 1}",4,5000,1,0.9928364306688309,0.0,0.9426871761679649,0.8097014774137469,0.0
bdh_cq,bdh_cq/plain,3d6407474980,plain,propagate,interp,"{""dim"": 1, ""distance"": 1, ""length"": 12, ""n_sources"": 1}",4,7500,1,0.9938555583357811,0.0,0.9378563314676285,0.8022387935154474,0.0
bdh_cq,bdh_cq/plain,3d6407474980,plain,propagate,interp,"{""dim"": 1, ""distance"": 1, ""length"": 12, ""n_sources"": 1}",4,8000,1,0.9938772544264793,0.0,0.937897078692913,0.8047263560010426,0.0
bdh_cq,bdh_cq/plain,3d6407474980,plain,propagate,interp,"{""dim"": 1, ""distance"": 1, ""length"": 12, ""n_sources"": 1}",8,8000,1,0.9970514308661222,0.0,0.9348737057298422,0.7674129338406804,0.0
bdh_cq,bdh_cq/plain,3d6407474980,plain,propagate,interp,"{""dim"": 1, ""distance"": 1, ""length"": 12, ""n_sources"": 1}",32,8000,1,0.9994868151843548,0.0,0.9348737057298422,0.7437810995685521,0.0
bdh_cq,bdh_cq/plain,3d6407474980,plain,propagate,interp,"{""dim"": 1, ""distance"": 2, ""length"": 12, ""n_sources"": 1}",1,2500,1,0.8470547944307327,1.0,0.8470547944307327,0.7972636703235,0.0
bdh_cq,bdh_cq/plain,3d6407474980,plain,propagate,interp,"{""dim"": 1, ""distance"": 2, ""length"": 12, ""n_sources"": 1}",1,5000,1,0.73569206148386,1.0,0.73569206148386,0.8171641639809111,0.0
bdh_cq,bdh_cq/plain,3d6407474980,plain,propagate,interp,"{""dim"": 1, ""distance"": 2, ""length"": 12, ""n_sources"": 1}",1,7500,1,0.712510347366333,1.0,0.712510347366333,0.8233830679708453,0.0
bdh_cq,bdh_cq/plain,3d6407474980,plain,propagate,interp,"{""dim"": 1, ""distance"": 2, ""length"": 12, ""n_sources"": 1}",1,8000,1,0.7128331139683723,1.0,0.7128331139683723,0.8221392871728584,0.0
bdh_cq,bdh_cq/plain,3d6407474980,plain,propagate,interp,"{""dim"": 1, ""distance"": 2, ""length"": 12, ""n_sources"": 1}",4,2500,1,0.9977886751294136,0.0,0.9768157824873924,0.7960198895255132,0.0
bdh_cq,bdh_cq/plain,3d6407474980,plain,propagate,interp,"{""dim"": 1, ""distance"": 2, ""length"": 12, ""n_sources"": 1}",4,5000,1,0.9927268847823143,0.0,0.9442944228649139,0.8109452591013553,0.0
bdh_cq,bdh_cq/plain,3d6407474980,plain,propagate,interp,"{""dim"": 1, ""distance"": 2, ""length"": 12, ""n_sources"": 1}",4,7500,1,0.9932527393102646,0.0,0.9341743439435959,0.8059701350197863,0.0
bdh_cq,bdh_cq/plain,3d6407474980,plain,propagate,interp,"{""dim"": 1, ""distance"": 2, ""length"": 12, ""n_sources"": 1}",4,8000,1,0.9933252707123756,0.0,0.934240072965622,0.8059701341301647,0.0
bdh_cq,bdh_cq/plain,3d6407474980,plain,propagate,interp,"{""dim"": 1, ""distance"": 2, ""length"": 12, ""n_sources"": 1}",8,8000,1,0.9971761368215084,0.0,0.9342652298510075,0.7773631820038184,0.0
bdh_cq,bdh_cq/plain,3d6407474980,plain,propagate,interp,"{""dim"": 1, ""distance"": 2, ""length"": 12, ""n_sources"": 1}",32,8000,1,0.9995460156351328,0.0,0.9342652298510075,0.7549751285296767,0.0
bdh_cq,bdh_cq/plain,3d6407474980,plain,propagate,interp,"{""dim"": 1, ""distance"": 4, ""length"": 12, ""n_sources"": 1}",1,2500,1,0.860046498477459,1.0,0.860046498477459,0.7992424106959141,0.0
bdh_cq,bdh_cq/plain,3d6407474980,plain,propagate,interp,"{""dim"": 1, ""distance"": 4, ""length"": 12, ""n_sources"": 1}",1,5000,1,0.7111794427037239,1.0,0.7111794427037239,0.8017676608128981,0.0
bdh_cq,bdh_cq/plain,3d6407474980,plain,propagate,interp,"{""dim"": 1, ""distance"": 4, ""length"": 12, ""n_sources"": 1}",1,7500,1,0.689813457429409,1.0,0.689813457429409,0.8042929154453855,0.0
bdh_cq,bdh_cq/plain,3d6407474980,plain,propagate,interp,"{""dim"": 1, ""distance"": 4, ""length"": 12, ""n_sources"": 1}",1,8000,1,0.6909443065524101,1.0,0.6909443065524101,0.8068181682716716,0.0
bdh_cq,bdh_cq/plain,3d6407474980,plain,propagate,interp,"{""dim"": 1, ""distance"": 4, ""length"": 12, ""n_sources"": 1}",4,2500,1,0.9972786530852318,0.0,0.9765017479658127,0.7891414011969711,0.0
bdh_cq,bdh_cq/plain,3d6407474980,plain,propagate,interp,"{""dim"": 1, ""distance"": 4, ""length"": 12, ""n_sources"": 1}",4,5000,1,0.9927227348089218,0.0,0.9374973103404045,0.7967171560634266,0.0
bdh_cq,bdh_cq/plain,3d6407474980,plain,propagate,interp,"{""dim"": 1, ""distance"": 4, ""length"": 12, ""n_sources"": 1}",4,7500,1,0.9940813407301903,0.0,0.9304313808679581,0.7916666522170558,0.0
bdh_cq,bdh_cq/plain,3d6407474980,plain,propagate,interp,"{""dim"": 1, ""distance"": 4, ""length"": 12, ""n_sources"": 1}",4,8000,1,0.9941321536898613,0.0,0.9307830333709717,0.7891413993907698,0.0
bdh_cq,bdh_cq/plain,3d6407474980,plain,propagate,interp,"{""dim"": 1, ""distance"": 4, ""length"": 12, ""n_sources"": 1}",8,8000,1,0.9971689097583294,0.0,0.931230777874589,0.7512626259615927,0.0
bdh_cq,bdh_cq/plain,3d6407474980,plain,propagate,interp,"{""dim"": 1, ""distance"": 4, ""length"": 12, ""n_sources"": 1}",32,8000,1,0.9995652567595243,0.0,0.931230777874589,0.7247474771557432,0.0
bdh_cq,bdh_cq/plain,3d6407474980,plain,propagate,mild,"{""dim"": 1, ""distance"": 6, ""length"": 12, ""n_sources"": 1}",1,2500,1,0.8505882546305656,1.0,0.8505882546305656,0.7974999874830246,0.0
bdh_cq,bdh_cq/plain,3d6407474980,plain,propagate,mild,"{""dim"": 1, ""distance"": 6, ""length"": 12, ""n_sources"": 1}",1,5000,1,0.704199843108654,1.0,0.704199843108654,0.8149999845027923,0.0
bdh_cq,bdh_cq/plain,3d6407474980,plain,propagate,mild,"{""dim"": 1, ""distance"": 6, ""length"": 12, ""n_sources"": 1}",1,7500,1,0.6802784129977226,1.0,0.6802784129977226,0.8049999862909317,0.0
bdh_cq,bdh_cq/plain,3d6407474980,plain,propagate,mild,"{""dim"": 1, ""distance"": 6, ""length"": 12, ""n_sources"": 1}",1,8000,1,0.6806055679917336,1.0,0.6806055679917336,0.8016666531562805,0.0
bdh_cq,bdh_cq/plain,3d6407474980,plain,propagate,mild,"{""dim"": 1, ""distance"": 6, ""length"": 12, ""n_sources"": 1}",4,2500,1,0.9973205029964447,0.0,0.9759054034948349,0.7983333191275597,0.0
bdh_cq,bdh_cq/plain,3d6407474980,plain,propagate,mild,"{""dim"": 1, ""distance"": 6, ""length"": 12, ""n_sources"": 1}",4,5000,1,0.9927360042929649,0.0,0.942876011133194,0.8158333164453506,0.0
bdh_cq,bdh_cq/plain,3d6407474980,plain,propagate,mild,"{""dim"": 1, ""distance"": 6, ""length"": 12, ""n_sources"": 1}",4,7500,1,0.9936083927750587,0.0,0.9343824237585068,0.7958333200216293,0.0
bdh_cq,bdh_cq/plain,3d6407474980,plain,propagate,mild,"{""dim"": 1, ""distance"": 6, ""length"": 12, ""n_sources"": 1}",4,8000,1,0.9936370104551315,0.0,0.9342543482780457,0.7941666534543037,0.0
bdh_cq,bdh_cq/plain,3d6407474980,plain,propagate,mild,"{""dim"": 1, ""distance"": 6, ""length"": 12, ""n_sources"": 1}",8,8000,1,0.9971192758530378,0.0,0.9318282920867205,0.7566666629910469,0.0
bdh_cq,bdh_cq/plain,3d6407474980,plain,propagate,mild,"{""dim"": 1, ""distance"": 6, ""length"": 12, ""n_sources"": 1}",32,8000,1,0.9995420556515455,0.0,0.9318282920867205,0.7491666692495346,0.0
bdh_cq,bdh_cq/plain,3d6407474980,plain,propagate,mild,"{""dim"": 1, ""distance"": 8, ""length"": 12, ""n_sources"": 1}",1,2500,1,0.8486256897449493,1.0,0.8486256897449493,0.7983333206176758,0.0
bdh_cq,bdh_cq/plain,3d6407474980,plain,propagate,mild,"{""dim"": 1, ""distance"": 8, ""length"": 12, ""n_sources"": 1}",1,5000,1,0.7185592502355576,1.0,0.7185592502355576,0.81083331823349,0.0
bdh_cq,bdh_cq/plain,3d6407474980,plain,propagate,mild,"{""dim"": 1, ""distance"": 8, ""length"": 12, ""n_sources"": 1}",1,7500,1,0.7068258821964264,1.0,0.7068258821964264,0.7924999868869782,0.0
bdh_cq,bdh_cq/plain,3d6407474980,plain,propagate,mild,"{""dim"": 1, ""distance"": 8, ""length"": 12, ""n_sources"": 1}",1,8000,1,0.7072426080703735,1.0,0.7072426080703735,0.7916666534543038,0.0
bdh_cq,bdh_cq/plain,3d6407474980,plain,propagate,mild,"{""dim"": 1, ""distance"": 8, ""length"": 12, ""n_sources"": 1}",4,2500,1,0.9972799643874168,0.0,0.9745962470769882,0.7958333203196526,0.0
bdh_cq,bdh_cq/plain,3d6407474980,plain,propagate,mild,"{""dim"": 1, ""distance"": 8, ""length"": 12, ""n_sources"": 1}",4,5000,1,0.9921193197369576,0.0,0.9390360489487648,0.8091666525602341,0.0
bdh_cq,bdh_cq/plain,3d6407474980,plain,propagate,mild,"{""dim"": 1, ""distance"": 8, ""length"": 12, ""n_sources"": 1}",4,7500,1,0.9937175437808037,0.0,0.933168537914753,0.7791666543483734,0.0
bdh_cq,bdh_cq/plain,3d6407474980,plain,propagate,mild,"{""dim"": 1, ""distance"": 8, ""length"": 12, ""n_sources"": 1}",4,8000,1,0.9936962798237801,0.0,0.9332507327198982,0.7783333212137222,0.0
bdh_cq,bdh_cq/plain,3d6407474980,plain,propagate,mild,"{""dim"": 1, ""distance"": 8, ""length"": 12, ""n_sources"": 1}",8,8000,1,0.9969935845583677,0.0,0.930998221039772,0.7474999964237213,0.0
bdh_cq,bdh_cq/plain,3d6407474980,plain,propagate,mild,"{""dim"": 1, ""distance"": 8, ""length"": 12, ""n_sources"": 1}",32,8000,1,0.9994866456836462,0.0,0.930998221039772,0.75750000461936,0.0
bdh_cq,bdh_cq/plain,3d6407474980,plain,propagate,strong,"{""dim"": 1, ""distance"": 12, ""length"": 48, ""n_sources"": 1}",1,2500,1,0.8974675312638283,1.0,0.8974675312638283,0.7724999916553498,0.0
bdh_cq,bdh_cq/plain,3d6407474980,plain,propagate,strong,"{""dim"": 1, ""distance"": 12, ""length"": 48, ""n_sources"": 1}",1,5000,1,0.8907658085227013,1.0,0.8907658085227013,0.7258333200216294,0.0
bdh_cq,bdh_cq/plain,3d6407474980,plain,propagate,strong,"{""dim"": 1, ""distance"": 12, ""length"": 48, ""n_sources"": 1}",1,7500,1,0.8894059285521507,1.0,0.8894059285521507,0.7185416531562805,0.0
bdh_cq,bdh_cq/plain,3d6407474980,plain,propagate,strong,"{""dim"": 1, ""distance"": 12, ""length"": 48, ""n_sources"": 1}",1,8000,1,0.8895598128437996,1.0,0.8895598128437996,0.7183333206176757,0.0
bdh_cq,bdh_cq/plain,3d6407474980,plain,propagate,strong,"{""dim"": 1, ""distance"": 12, ""length"": 48, ""n_sources"": 1}",4,2500,1,0.9987461864948273,0.0,0.9737136885523796,0.7729166573286057,0.0
bdh_cq,bdh_cq/plain,3d6407474980,plain,propagate,strong,"{""dim"": 1, ""distance"": 12, ""length"": 48, ""n_sources"": 1}",4,5000,1,0.9969289898872375,0.0,0.9665113314986229,0.7195833164453507,0.0
bdh_cq,bdh_cq/plain,3d6407474980,plain,propagate,strong,"{""dim"": 1, ""distance"": 12, ""length"": 48, ""n_sources"": 1}",4,7500,1,0.9966049492359161,0.0,0.961944580078125,0.7095833176374435,0.0
bdh_cq,bdh_cq/plain,3d6407474980,plain,propagate,strong,"{""dim"": 1, ""distance"": 12, ""length"": 48, ""n_sources"": 1}",4,8000,1,0.996619924902916,0.0,0.9619912430644035,0.7093749845027923,0.0
bdh_cq,bdh_cq/plain,3d6407474980,plain,propagate,strong,"{""dim"": 1, ""distance"": 12, ""length"": 48, ""n_sources"": 1}",8,8000,1,0.9995712768286467,0.0,0.961687820032239,0.7070833176374436,0.0
bdh_cq,bdh_cq/plain,3d6407474980,plain,propagate,strong,"{""dim"": 1, ""distance"": 12, ""length"": 48, ""n_sources"": 1}",32,8000,1,0.9999486766755581,0.0,0.961687820032239,0.7087499821186065,0.0
bdh_cq,bdh_cq/plain,3d6407474980,plain,propagate,strong,"{""dim"": 1, ""distance"": 24, ""length"": 48, ""n_sources"": 1}",1,2500,1,0.9166312217712402,1.0,0.9166312217712402,0.7218750002980232,0.0
bdh_cq,bdh_cq/plain,3d6407474980,plain,propagate,strong,"{""dim"": 1, ""distance"": 24, ""length"": 48, ""n_sources"": 1}",1,5000,1,0.8913380652666092,1.0,0.8913380652666092,0.6116666689515113,0.0
bdh_cq,bdh_cq/plain,3d6407474980,plain,propagate,strong,"{""dim"": 1, ""distance"": 24, ""length"": 48, ""n_sources"": 1}",1,7500,1,0.8901592493057251,1.0,0.8901592493057251,0.5891666668653488,0.0
bdh_cq,bdh_cq/plain,3d6407474980,plain,propagate,strong,"{""dim"": 1, ""distance"": 24, ""length"": 48, ""n_sources"": 1}",1,8000,1,0.8903010711073875,1.0,0.8903010711073875,0.5885416668653488,0.0
bdh_cq,bdh_cq/plain,3d6407474980,plain,propagate,strong,"{""dim"": 1, ""distance"": 24, ""length"": 48, ""n_sources"": 1}",4,2500,1,0.9992216005921364,0.0,0.9787717387080193,0.7206250008940697,0.0
bdh_cq,bdh_cq/plain,3d6407474980,plain,propagate,strong,"{""dim"": 1, ""distance"": 24, ""length"": 48, ""n_sources"": 1}",4,5000,1,0.9968136548995972,0.0,0.9672740250825882,0.5906250002980232,0.0
bdh_cq,bdh_cq/plain,3d6407474980,plain,propagate,strong,"{""dim"": 1, ""distance"": 24, ""length"": 48, ""n_sources"": 1}",4,7500,1,0.9958883374929428,0.0,0.9626969546079636,0.5566666659712791,0.0
bdh_cq,bdh_cq/plain,3d6407474980,plain,propagate,strong,"{""dim"": 1, ""distance"": 24, ""length"": 48, ""n_sources"": 1}",4,8000,1,0.9959195330739021,0.0,0.9626960456371307,0.5570833322405815,0.0
bdh_cq,bdh_cq/plain,3d6407474980,plain,propagate,strong,"{""dim"": 1, ""distance"": 24, ""length"": 48, ""n_sources"": 1}",8,8000,1,0.9996250104159117,0.0,0.9620958995074034,0.5466666676104068,0.0
bdh_cq,bdh_cq/plain,3d6407474980,plain,propagate,strong,"{""dim"": 1, ""distance"": 24, ""length"": 48, ""n_sources"": 1}",32,8000,1,0.9999525416642427,0.0,0.9620958995074034,0.5300000038743019,0.0
bdh_cq,bdh_cq/plain,f0b8b7c55f92,plain,propagate,interp,"{""dim"": 1, ""distance"": 1, ""length"": 12, ""n_sources"": 1}",1,2500,3,0.9064644227425257,1.0,0.9064644227425257,0.7953260038308279,0.0
bdh_cq,bdh_cq/plain,f0b8b7c55f92,plain,propagate,interp,"{""dim"": 1, ""distance"": 1, ""length"": 12, ""n_sources"": 1}",1,5000,3,0.6782386576135954,1.0,0.6782386576135954,0.7960745048915555,0.0
bdh_cq,bdh_cq/plain,f0b8b7c55f92,plain,propagate,interp,"{""dim"": 1, ""distance"": 1, ""length"": 12, ""n_sources"": 1}",1,7500,3,0.6020963738361994,1.0,0.6020963738361994,0.8171989274417569,0.016966067864271458
bdh_cq,bdh_cq/plain,f0b8b7c55f92,plain,propagate,interp,"{""dim"": 1, ""distance"": 1, ""length"": 12, ""n_sources"": 1}",1,10000,3,0.5449006445705891,1.0,0.5449006445705891,0.855372586441849,0.05788423153692615
bdh_cq,bdh_cq/plain,f0b8b7c55f92,plain,propagate,interp,"{""dim"": 1, ""distance"": 1, ""length"": 12, ""n_sources"": 1}",1,12500,3,0.45099851364890736,1.0,0.45099851364890736,0.8764138420720301,0.12574850299401197
bdh_cq,bdh_cq/plain,f0b8b7c55f92,plain,propagate,interp,"{""dim"": 1, ""distance"": 1, ""length"": 12, ""n_sources"": 1}",1,15000,3,0.3434980108092229,1.0,0.3434980108092229,0.9486027995864313,0.5269461077844312
bdh_cq,bdh_cq/plain,f0b8b7c55f92,plain,propagate,interp,"{""dim"": 1, ""distance"": 1, ""length"": 12, ""n_sources"": 1}",1,17500,3,0.31447154749184847,1.0,0.31447154749184847,0.9908516316594715,0.9001996007984032
bdh_cq,bdh_cq/plain,f0b8b7c55f92,plain,propagate,interp,"{""dim"": 1, ""distance"": 1, ""length"": 12, ""n_sources"": 1}",1,20000,3,0.28576789353974164,1.0,0.28576789353974164,0.9956753168872255,0.9510978043912176
bdh_cq,bdh_cq/plain,f0b8b7c55f92,plain,propagate,interp,"{""dim"": 1, ""distance"": 1, ""length"": 12, ""n_sources"": 1}",1,22500,3,0.28043136838823557,1.0,0.28043136838823557,0.9980871594713595,0.9770459081836327
bdh_cq,bdh_cq/plain,f0b8b7c55f92,plain,propagate,interp,"{""dim"": 1, ""distance"": 1, ""length"": 12, ""n_sources"": 1}",1,25000,3,0.26562057094027597,1.0,0.26562057094027597,0.9984198273298984,0.9820359281437124
bdh_cq,bdh_cq/plain,f0b8b7c55f92,plain,propagate,interp,"{""dim"": 1, ""distance"": 1, ""length"": 12, ""n_sources"": 1}",1,27500,3,0.2688212917031099,1.0,0.2688212917031099,0.9990019962459268,0.9880239520958084
bdh_cq,bdh_cq/plain,f0b8b7c55f92,plain,propagate,interp,"{""dim"": 1, ""distance"": 1, ""length"": 12, ""n_sources"": 1}",1,30000,3,0.2603231876467665,1.0,0.2603231876467665,0.9990851631659471,0.9900199600798403
bdh_cq,bdh_cq/plain,f0b8b7c55f92,plain,propagate,interp,"{""dim"": 1, ""distance"": 1, ""length"": 12, ""n_sources"": 1}",1,32500,3,0.2567081991583109,1.0,0.2567081991583109,0.9994178310839715,0.9940119760479043
bdh_cq,bdh_cq/plain,f0b8b7c55f92,plain,propagate,interp,"{""dim"": 1, ""distance"": 1, ""length"": 12, ""n_sources"": 1}",1,35000,3,0.2492185540807744,1.0,0.2492185540807744,0.9998336660409878,0.9980039920159681
bdh_cq,bdh_cq/plain,f0b8b7c55f92,plain,propagate,interp,"{""dim"": 1, ""distance"": 1, ""length"": 12, ""n_sources"": 1}",1,37500,3,0.25026794119427603,1.0,0.25026794119427603,0.9998336660409878,0.9980039920159681
bdh_cq,bdh_cq/plain,f0b8b7c55f92,plain,propagate,interp,"{""dim"": 1, ""distance"": 1, ""length"": 12, ""n_sources"": 1}",1,40000,3,0.24996655682722727,1.0,0.24996655682722727,0.9998336660409878,0.9980039920159681
bdh_cq,bdh_cq/plain,f0b8b7c55f92,plain,propagate,interp,"{""dim"": 1, ""distance"": 1, ""length"": 12, ""n_sources"": 1}",2,40000,3,0.8471043035387993,0.0,0.8471043035387993,0.9999168330204938,0.999001996007984
bdh_cq,bdh_cq/plain,f0b8b7c55f92,plain,propagate,interp,"{""dim"": 1, ""distance"": 1, ""length"": 12, ""n_sources"": 1}",4,2500,3,0.9961081743240356,0.0,0.9786212767163912,0.7982368481135417,0.0
bdh_cq,bdh_cq/plain,f0b8b7c55f92,plain,propagate,interp,"{""dim"": 1, ""distance"": 1, ""length"": 12, ""n_sources"": 1}",4,5000,3,0.9842330167690913,0.0,0.906108650068442,0.7971556757143633,0.0
bdh_cq,bdh_cq/plain,f0b8b7c55f92,plain,propagate,interp,"{""dim"": 1, ""distance"": 1, ""length"": 12, ""n_sources"": 1}",4,7500,3,0.9904196113348007,0.0,0.9046187798182169,0.8056387136766535,0.006986027944111777
bdh_cq,bdh_cq/plain,f0b8b7c55f92,plain,propagate,interp,"{""dim"": 1, ""distance"": 1, ""length"": 12, ""n_sources"": 1}",4,10000,3,0.9830369303623835,0.0,0.8953860153754553,0.8319194909341321,0.016966067864271458
bdh_cq,bdh_cq/plain,f0b8b7c55f92,plain,propagate,interp,"{""dim"": 1, ""distance"": 1, ""length"": 12, ""n_sources"": 1}",4,12500,3,0.9690506011247635,0.0,0.8709410851200422,0.8716733212956411,0.10978043912175649
bdh_cq,bdh_cq/plain,f0b8b7c55f92,plain,propagate,interp,"{""dim"": 1, ""distance"": 1, ""length"": 12, ""n_sources"": 1}",4,15000,3,0.9535694892207781,0.0,0.8806958794593811,0.9189953479819194,0.2904191616766467
bdh_cq,bdh_cq/plain,f0b8b7c55f92,plain,propagate,interp,"{""dim"": 1, ""distance"": 1, ""length"": 12, ""n_sources"": 1}",4,17500,3,0.9359254663189253,0.0,0.8657023633519808,0.9812042620367633,0.7844311377245509
bdh_cq,bdh_cq/plain,f0b8b7c55f92,plain,propagate,interp,"{""dim"": 1, ""distance"": 1, ""length"": 12, ""n_sources"": 1}",4,20000,3,0.9210246255000433,0.0,0.8463639169931412,0.9912674667949447,0.9011976047904192
bdh_cq,bdh_cq/plain,f0b8b7c55f92,plain,propagate,interp,"{""dim"": 1, ""distance"": 1, ""length"": 12, ""n_sources"": 1}",4,22500,3,0.9133664692441622,0.0,0.8450482288996378,0.9979208254528616,0.9760479041916167
bdh_cq,bdh_cq/plain,f0b8b7c55f92,plain,propagate,interp,"{""dim"": 1, ""distance"": 1, ""length"": 12, ""n_sources"": 1}",4,25000,3,0.9030483812093735,0.0,0.8410806010166804,0.9985861613483961,0.9830339321357285
bdh_cq,bdh_cq/plain,f0b8b7c55f92,plain,propagate,interp,"{""dim"": 1, ""distance"": 1, ""length"": 12, ""n_sources"": 1}",4,27500,3,0.8971277897556623,0.0,0.8358114759127299,0.9990019962459268,0.9880239520958084
bdh_cq,bdh_cq/plain,f0b8b7c55f92,plain,propagate,interp,"{""dim"": 1, ""distance"": 1, ""length"": 12, ""n_sources"": 1}",4,30000,3,0.8814087534944216,0.0,0.8443725854158401,0.9995841651024695,0.9950099800399202
bdh_cq,bdh_cq/plain,f0b8b7c55f92,plain,propagate,interp,"{""dim"": 1, ""distance"": 1, ""length"": 12, ""n_sources"": 1}",4,32500,3,0.8766493027408918,0.0,0.8408365547657013,0.9996673320224899,0.9970059880239521
bdh_cq,bdh_cq/plain,f0b8b7c55f92,plain,propagate,interp,"{""dim"": 1, ""distance"": 1, ""length"": 12, ""n_sources"": 1}",4,35000,3,0.8855128362774849,0.0,0.8447030360500017,0.9996673320224899,0.9970059880239521
bdh_cq,bdh_cq/plain,f0b8b7c55f92,plain,propagate,interp,"{""dim"": 1, ""distance"": 1, ""length"": 12, ""n_sources"": 1}",4,37500,3,0.8822942326466242,0.0,0.8439811194936434,0.999750499001996,0.9980039920159681
bdh_cq,bdh_cq/plain,f0b8b7c55f92,plain,propagate,interp,"{""dim"": 1, ""distance"": 1, ""length"": 12, ""n_sources"": 1}",4,40000,3,0.880449540913105,0.0,0.8429638917247454,0.9996673320224899,0.9970059880239521
bdh_cq,bdh_cq/plain,f0b8b7c55f92,plain,propagate,interp,"{""dim"": 1, ""distance"": 1, ""length"": 12, ""n_sources"": 1}",8,40000,3,0.8583667452136675,0.0,0.8192564925799767,0.7420991299276105,0.0
bdh_cq,bdh_cq/plain,f0b8b7c55f92,plain,propagate,interp,"{""dim"": 1, ""distance"": 1, ""length"": 12, ""n_sources"": 1}",16,2500,3,0.9996824959913889,0.0,0.9786212767163912,0.7958250057078645,0.0
bdh_cq,bdh_cq/plain,f0b8b7c55f92,plain,propagate,interp,"{""dim"": 1, ""distance"": 1, ""length"": 12, ""n_sources"": 1}",16,5000,3,0.9813104271888733,0.0,0.906108650068442,0.7663838968365017,0.0
bdh_cq,bdh_cq/plain,f0b8b7c55f92,plain,propagate,interp,"{""dim"": 1, ""distance"": 1, ""length"": 12, ""n_sources"": 1}",16,7500,3,0.9952747225761414,0.0,0.9046187798182169,0.7831004591521151,0.0
bdh_cq,bdh_cq/plain,f0b8b7c55f92,plain,propagate,interp,"{""dim"": 1, ""distance"": 1, ""length"": 12, ""n_sources"": 1}",16,10000,3,0.9862253367900848,0.0,0.8953860153754553,0.7791916114424993,0.0009980039920159682
bdh_cq,bdh_cq/plain,f0b8b7c55f92,plain,propagate,interp,"{""dim"": 1, ""distance"": 1, ""length"": 12, ""n_sources"": 1}",16,12500,3,0.9883797839283943,0.0,0.8709410851200422,0.773037255018533,0.0
bdh_cq,bdh_cq/plain,f0b8b7c55f92,plain,propagate,interp,"{""dim"": 1, ""distance"": 1, ""length"": 12, ""n_sources"": 1}",16,15000,3,0.909283717473348,0.0,0.8613925303022066,0.7464238166318324,0.0
bdh_cq,bdh_cq/plain,f0b8b7c55f92,plain,propagate,interp,"{""dim"": 1, ""distance"": 1, ""length"": 12, ""n_sources"": 1}",16,17500,3,0.8381177261471748,0.0,0.8011425112684568,0.7712907476458483,0.0
bdh_cq,bdh_cq/plain,f0b8b7c55f92,plain,propagate,interp,"{""dim"": 1, ""distance"": 1, ""length"": 12, ""n_sources"": 1}",16,20000,3,0.8141422420740128,0.0,0.7569755141933759,0.7345309303311293,0.0
bdh_cq,bdh_cq/plain,f0b8b7c55f92,plain,propagate,interp,"{""dim"": 1, ""distance"": 1, ""length"": 12, ""n_sources"": 1}",16,22500,3,0.7881832147638003,0.0,0.7547717193762461,0.728376575186105,0.0
bdh_cq,bdh_cq/plain,f0b8b7c55f92,plain,propagate,interp,"{""dim"": 1, ""distance"": 1, ""length"": 12, ""n_sources"": 1}",16,25000,3,0.7990738240381082,0.0,0.7736302092671394,0.7380239463554409,0.0
bdh_cq,bdh_cq/plain,f0b8b7c55f92,plain,propagate,interp,"{""dim"": 1, ""distance"": 1, ""length"": 12, ""n_sources"": 1}",16,27500,3,0.8160925308863322,0.0,0.7697402313351631,0.7457584755684801,0.0
bdh_cq,bdh_cq/plain,f0b8b7c55f92,plain,propagate,interp,"{""dim"": 1, ""distance"": 1, ""length"": 12, ""n_sources"": 1}",16,30000,3,0.8119326084852219,0.0,0.8005943261086941,0.7399367864974243,0.0
bdh_cq,bdh_cq/plain,f0b8b7c55f92,plain,propagate,interp,"{""dim"": 1, ""distance"": 1, ""length"": 12, ""n_sources"": 1}",16,32500,3,0.8060898880163828,0.0,0.7791619102160136,0.741932794927599,0.0
bdh_cq,bdh_cq/plain,f0b8b7c55f92,plain,propagate,interp,"{""dim"": 1, ""distance"": 1, ""length"": 12, ""n_sources"": 1}",16,35000,3,0.7717364430427551,0.0,0.766126082589229,0.7470891491143764,0.0
bdh_cq,bdh_cq/plain,f0b8b7c55f92,plain,propagate,interp,"{""dim"": 1, ""distance"": 1, ""length"": 12, ""n_sources"": 1}",16,37500,3,0.8105494653185209,0.0,0.7812049227456251,0.7436793015864556,0.0
bdh_cq,bdh_cq/plain,f0b8b7c55f92,plain,propagate,interp,"{""dim"": 1, ""distance"": 1, ""length"": 12, ""n_sources"": 1}",16,40000,3,0.7975383947292963,0.0,0.7778040071328481,0.7458416432023286,0.0
bdh_cq,bdh_cq/plain,f0b8b7c55f92,plain,propagate,interp,"{""dim"": 1, ""distance"": 1, ""length"": 12, ""n_sources"": 1}",32,40000,3,0.7847653988283128,0.0,0.7643220455696186,0.7470891561931717,0.0
bdh_cq,bdh_cq/plain,f0b8b7c55f92,plain,propagate,interp,"{""dim"": 1, ""distance"": 2, ""length"": 12, ""n_sources"": 1}",1,2500,3,0.9023220365246137,1.0,0.9023220365246137,0.7904571138464056,0.0
bdh_cq,bdh_cq/plain,f0b8b7c55f92,plain,propagate,interp,"{""dim"": 1, ""distance"": 2, ""length"": 12, ""n_sources"": 1}",1,5000,3,0.6731876085201899,1.0,0.6731876085201899,0.7977143688662514,0.0
bdh_cq,bdh_cq/plain,f0b8b7c55f92,plain,propagate,interp,"{""dim"": 1, ""distance"": 2, ""length"": 12, ""n_sources"": 1}",1,7500,3,0.584892313927412,1.0,0.584892313927412,0.8190690608652265,0.008008008008008008
bdh_cq,bdh_cq/plain,f0b8b7c55f92,plain,propagate,interp,"{""dim"": 1, ""distance"": 2, ""length"": 12, ""n_sources"": 1}",1,10000,3,0.535467617213726,1.0,0.535467617213726,0.855271934567987,0.049049049049049054
bdh_cq,bdh_cq/plain,f0b8b7c55f92,plain,propagate,interp,"{""dim"": 1, ""distance"": 2, ""length"": 12, ""n_sources"": 1}",1,12500,3,0.4366106813152631,1.0,0.4366106813152631,0.883383386187606,0.12612612612612614
bdh_cq,bdh_cq/plain,f0b8b7c55f92,plain,propagate,interp,"{""dim"": 1, ""distance"": 2, ""length"": 12, ""n_sources"": 1}",1,15000,3,0.3244062339266141,1.0,0.3244062339266141,0.9490323707506105,0.5185185185185185
bdh_cq,bdh_cq/plain,f0b8b7c55f92,plain,propagate,interp,"{""dim"": 1, ""distance"": 2, ""length"": 12, ""n_sources"": 1}",1,17500,3,0.2899897365520398,1.0,0.2899897365520398,0.9908241590818725,0.8998998998998999
bdh_cq,bdh_cq/plain,f0b8b7c55f92,plain,propagate,interp,"{""dim"": 1, ""distance"": 2, ""length"": 12, ""n_sources"": 1}",1,20000,3,0.2611591111247738,1.0,0.2611591111247738,0.9974974980941406,0.96996996996997
bdh_cq,bdh_cq/plain,f0b8b7c55f92,plain,propagate,interp,"{""dim"": 1, ""distance"": 2, ""length"": 12, ""n_sources"": 1}",1,22500,3,0.24686229657769823,1.0,0.24686229657769823,0.9991658326980469,0.98998998998999
bdh_cq,bdh_cq/plain,f0b8b7c55f92,plain,propagate,interp,"{""dim"": 1, ""distance"": 2, ""length"": 12, ""n_sources"": 1}",1,25000,3,0.24877469971155128,1.0,0.24877469971155128,0.9986653322572107,0.984984984984985
bdh_cq,bdh_cq/plain,f0b8b7c55f92,plain,propagate,interp,"{""dim"": 1, ""distance"": 2, ""length"": 12, ""n_sources"": 1}",1,27500,3,0.24305064405780286,1.0,0.24305064405780286,0.9994994995591638,0.994994994994995
bdh_cq,bdh_cq/plain,f0b8b7c55f92,plain,propagate,interp,"{""dim"": 1, ""distance"": 2, ""length"": 12, ""n_sources"": 1}",1,30000,3,0.2415562586975284,1.0,0.2415562586975284,0.9995829162893591,0.995995995995996
bdh_cq,bdh_cq/plain,f0b8b7c55f92,plain,propagate,interp,"{""dim"": 1, ""distance"": 2, ""length"": 12, ""n_sources"": 1}",1,32500,3,0.24466157667726898,1.0,0.24466157667726898,0.9997497498094141,0.9969969969969971
bdh_cq,bdh_cq/plain,f0b8b7c55f92,plain,propagate,interp,"{""dim"": 1, ""distance"": 2, ""length"": 12, ""n_sources"": 1}",1,35000,3,0.2361779494288688,1.0,0.2361779494288688,0.9997497498094141,0.9969969969969971
bdh_cq,bdh_cq/plain,f0b8b7c55f92,plain,propagate,interp,"{""dim"": 1, ""distance"": 2, ""length"": 12, ""n_sources"": 1}",1,37500,3,0.23729970403170833,1.0,0.23729970403170833,0.9997497498094141,0.9969969969969971
bdh_cq,bdh_cq/plain,f0b8b7c55f92,plain,propagate,interp,"{""dim"": 1, ""distance"": 2, ""length"": 12, ""n_sources"": 1}",1,40000,3,0.23645442631095648,1.0,0.23645442631095648,0.9997497498094141,0.9969969969969971
bdh_cq,bdh_cq/plain,f0b8b7c55f92,plain,propagate,interp,"{""dim"": 1, ""distance"": 2, ""length"": 12, ""n_sources"": 1}",2,40000,3,0.8491579443216324,0.0,0.8491579443216324,0.998915582507461,0.9869869869869871
bdh_cq,bdh_cq/plain,f0b8b7c55f92,plain,propagate,interp,"{""dim"": 1, ""distance"": 2, ""length"": 12, ""n_sources"": 1}",4,2500,3,0.9959091916680336,0.0,0.9755720173319181,0.7895395296949285,0.0
bdh_cq,bdh_cq/plain,f0b8b7c55f92,plain,propagate,interp,"{""dim"": 1, ""distance"": 2, ""length"": 12, ""n_sources"": 1}",4,5000,3,0.9855623543262482,0.0,0.900721492866675,0.7946279503860034,0.0
bdh_cq,bdh_cq/plain,f0b8b7c55f92,plain,propagate,interp,"{""dim"": 1, ""distance"": 2, ""length"": 12, ""n_sources"": 1}",4,7500,3,0.9905440111955007,0.0,0.8985486775636673,0.8112278862579448,0.007007007007007006
bdh_cq,bdh_cq/plain,f0b8b7c55f92,plain,propagate,interp,"{""dim"": 1, ""distance"": 2, ""length"": 12, ""n_sources"": 1}",4,10000,3,0.9849201242129008,0.0,0.8914303605755171,0.8312479075905798,0.011011011011011013
bdh_cq,bdh_cq/plain,f0b8b7c55f92,plain,propagate,interp,"{""dim"": 1, ""distance"": 2, ""length"": 12, ""n_sources"": 1}",4,12500,3,0.9672152002652487,0.0,0.8808627302447954,0.8536870154413255,0.037037037037037035
bdh_cq,bdh_cq/plain,f0b8b7c55f92,plain,propagate,interp,"{""dim"": 1, ""distance"": 2, ""length"": 12, ""n_sources"": 1}",4,15000,3,0.9546957934896151,0.0,0.8792351086934408,0.9167500884683283,0.27127127127127126
bdh_cq,bdh_cq/plain,f0b8b7c55f92,plain,propagate,interp,"{""dim"": 1, ""distance"": 2, ""length"": 12, ""n_sources"": 1}",4,17500,3,0.9265366593996683,0.0,0.8616951654354731,0.9686353069406611,0.6696696696696697
bdh_cq,bdh_cq/plain,f0b8b7c55f92,plain,propagate,interp,"{""dim"": 1, ""distance"": 2, ""length"": 12, ""n_sources"": 1}",4,20000,3,0.9026077364881834,0.0,0.8402227361996969,0.9946613292674998,0.9359359359359359
bdh_cq,bdh_cq/plain,f0b8b7c55f92,plain,propagate,interp,"{""dim"": 1, ""distance"": 2, ""length"": 12, ""n_sources"": 1}",4,22500,3,0.8920531471570333,0.0,0.8495820338527361,0.9981648319357032,0.9779779779779779
bdh_cq,bdh_cq/plain,f0b8b7c55f92,plain,propagate,interp,"{""dim"": 1, ""distance"": 2, ""length"": 12, ""n_sources"": 1}",4,25000,3,0.8875335976481438,0.0,0.8368374978502592,0.9976643314948669,0.9729729729729729
bdh_cq,bdh_cq/plain,f0b8b7c55f92,plain,propagate,interp,"{""dim"": 1, ""distance"": 2, ""length"": 12, ""n_sources"": 1}",4,27500,3,0.8744523922602335,0.0,0.8264497046669325,0.998748748987406,0.985985985985986
bdh_cq,bdh_cq/plain,f0b8b7c55f92,plain,propagate,interp,"{""dim"": 1, ""distance"": 2, ""length"": 12, ""n_sources"": 1}",4,30000,3,0.8581415563821793,0.0,0.8221542462706566,0.9994994996188281,0.993993993993994
bdh_cq,bdh_cq/plain,f0b8b7c55f92,plain,propagate,interp,"{""dim"": 1, ""distance"": 2, ""length"": 12, ""n_sources"": 1}",4,32500,3,0.853261724114418,0.0,0.82280961672465,0.9993326661584375,0.9919919919919918
bdh_cq,bdh_cq/plain,f0b8b7c55f92,plain,propagate,interp,"{""dim"": 1, ""distance"": 2, ""length"": 12, ""n_sources"": 1}",4,35000,3,0.8653345257043839,0.0,0.8305440296729406,0.9998331665396094,0.9979979979979979
bdh_cq,bdh_cq/plain,f0b8b7c55f92,plain,propagate,interp,"{""dim"": 1, ""distance"": 2, ""length"": 12, ""n_sources"": 1}",4,37500,3,0.8627288018663725,0.0,0.8304709792137146,0.9997497498094141,0.9969969969969968
bdh_cq,bdh_cq/plain,f0b8b7c55f92,plain,propagate,interp,"{""dim"": 1, ""distance"": 2, ""length"": 12, ""n_sources"": 1}",4,40000,3,0.8610398645202318,0.0,0.8299084131916364,0.9999165832698047,0.998998998998999
bdh_cq,bdh_cq/plain,f0b8b7c55f92,plain,propagate,interp,"{""dim"": 1, ""distance"": 2, ""length"": 12, ""n_sources"": 1}",8,40000,3,0.9081906533489624,0.0,0.8262733264515797,0.6940273572136094,0.0
bdh_cq,bdh_cq/plain,f0b8b7c55f92,plain,propagate,interp,"{""dim"": 1, ""distance"": 2, ""length"": 12, ""n_sources"": 1}",16,2500,3,0.999717558423678,0.0,0.9755720173319181,0.7814481065079972,0.0
bdh_cq,bdh_cq/plain,f0b8b7c55f92,plain,propagate,interp,"{""dim"": 1, ""distance"": 2, ""length"": 12, ""n_sources"": 1}",16,5000,3,0.9885494609673818,0.0,0.900721492866675,0.7548381710672999,0.0
bdh_cq,bdh_cq/plain,f0b8b7c55f92,plain,propagate,interp,"{""dim"": 1, ""distance"": 2, ""length"": 12, ""n_sources"": 1}",16,7500,3,0.9851348573962847,0.0,0.8985486775636673,0.7742742699784441,0.001001001001001001
bdh_cq,bdh_cq/plain,f0b8b7c55f92,plain,propagate,interp,"{""dim"": 1, ""distance"": 2, ""length"": 12, ""n_sources"": 1}",16,10000,3,0.9903298740585645,0.0,0.8914303605755171,0.7771938561617553,0.0
bdh_cq,bdh_cq/plain,f0b8b7c55f92,plain,propagate,interp,"{""dim"": 1, ""distance"": 2, ""length"": 12, ""n_sources"": 1}",16,12500,3,0.9885957191387812,0.0,0.8808627302447954,0.7635135108882839,0.0
bdh_cq,bdh_cq/plain,f0b8b7c55f92,plain,propagate,interp,"{""dim"": 1, ""distance"": 2, ""length"": 12, ""n_sources"": 1}",16,15000,3,0.9385293076435725,0.0,0.8792351086934408,0.7284784785530588,0.0
bdh_cq,bdh_cq/plain,f0b8b7c55f92,plain,propagate,interp,"{""dim"": 1, ""distance"": 2, ""length"": 12, ""n_sources"": 1}",16,17500,3,0.8340300520261129,0.0,0.8095466693242391,0.7506673333045836,0.0
bdh_cq,bdh_cq/plain,f0b8b7c55f92,plain,propagate,interp,"{""dim"": 1, ""distance"": 2, ""length"": 12, ""n_sources"": 1}",16,20000,3,0.8143265470862389,0.0,0.797111044327418,0.7243910538362669,0.0
bdh_cq,bdh_cq/plain,f0b8b7c55f92,plain,propagate,interp,"{""dim"": 1, ""distance"": 2, ""length"": 12, ""n_sources"": 1}",16,22500,3,0.7937264516949654,0.0,0.792006611203154,0.7303136431419098,0.0
bdh_cq,bdh_cq/plain,f0b8b7c55f92,plain,propagate,interp,"{""dim"": 1, ""distance"": 2, ""length"": 12, ""n_sources"": 1}",16,25000,3,0.8133148377140363,0.0,0.7723100334405899,0.7463296565625285,0.0
bdh_cq,bdh_cq/plain,f0b8b7c55f92,plain,propagate,interp,"{""dim"": 1, ""distance"": 2, ""length"": 12, ""n_sources"": 1}",16,27500,3,0.8195769960681597,0.0,0.7643916519979636,0.7545044971956266,0.0
bdh_cq,bdh_cq/plain,f0b8b7c55f92,plain,propagate,interp,"{""dim"": 1, ""distance"": 2, ""length"": 12, ""n_sources"": 1}",16,30000,3,0.7901503965258598,0.0,0.7829792574048042,0.7496663264266482,0.0
bdh_cq,bdh_cq/plain,f0b8b7c55f92,plain,propagate,interp,"{""dim"": 1, ""distance"": 2, ""length"": 12, ""n_sources"": 1}",16,32500,3,0.7712257951498032,0.0,0.769363459199667,0.7554220811979429,0.0
bdh_cq,bdh_cq/plain,f0b8b7c55f92,plain,propagate,interp,"{""dim"": 1, ""distance"": 2, ""length"": 12, ""n_sources"": 1}",16,35000,3,0.7862949694196383,0.0,0.7862949694196383,0.7567567495970396,0.0
bdh_cq,bdh_cq/plain,f0b8b7c55f92,plain,propagate,interp,"{""dim"": 1, ""distance"": 2, ""length"": 12, ""n_sources"": 1}",16,37500,3,0.7900655666987101,0.0,0.7718685877819856,0.7526693286241831,0.0
bdh_cq,bdh_cq/plain,f0b8b7c55f92,plain,propagate,interp,"{""dim"": 1, ""distance"": 2, ""length"": 12, ""n_sources"": 1}",16,40000,3,0.8068083450198174,0.0,0.80497578283151,0.7552552482446989,0.0
bdh_cq,bdh_cq/plain,f0b8b7c55f92,plain,propagate,interp,"{""dim"": 1, ""distance"": 2, ""length"": 12, ""n_sources"": 1}",32,40000,3,0.7953558363951743,0.0,0.7698393625517687,0.6839339447331739,0.0
bdh_cq,bdh_cq/plain,f0b8b7c55f92,plain,propagate,interp,"{""dim"": 1, ""distance"": 4, ""length"": 12, ""n_sources"": 1}",1,2500,3,0.9031722073753675,1.0,0.9031722073753675,0.7859526083872721,0.0
bdh_cq,bdh_cq/plain,f0b8b7c55f92,plain,propagate,interp,"{""dim"": 1, ""distance"": 4, ""length"": 12, ""n_sources"": 1}",1,5000,3,0.6731837056577206,1.0,0.6731837056577206,0.799883203403847,0.0
bdh_cq,bdh_cq/plain,f0b8b7c55f92,plain,propagate,interp,"{""dim"": 1, ""distance"": 4, ""length"": 12, ""n_sources"": 1}",1,7500,3,0.5873963174720606,1.0,0.5873963174720606,0.8046379632599003,0.004004004004004004
bdh_cq,bdh_cq/plain,f0b8b7c55f92,plain,propagate,interp,"{""dim"": 1, ""distance"": 4, ""length"": 12, ""n_sources"": 1}",1,10000,3,0.5394109537204107,1.0,0.5394109537204107,0.8279946569923883,0.016016016016016012
bdh_cq,bdh_cq/plain,f0b8b7c55f92,plain,propagate,interp,"{""dim"": 1, ""distance"": 4, ""length"": 12, ""n_sources"": 1}",1,12500,3,0.43794241175055504,1.0,0.43794241175055504,0.8635301988821728,0.05205205205205205
bdh_cq,bdh_cq/plain,f0b8b7c55f92,plain,propagate,interp,"{""dim"": 1, ""distance"": 4, ""length"": 12, ""n_sources"": 1}",1,15000,3,0.3337305144717296,1.0,0.3337305144717296,0.9493660389243423,0.5045045045045045
bdh_cq,bdh_cq/plain,f0b8b7c55f92,plain,propagate,interp,"{""dim"": 1, ""distance"": 4, ""length"": 12, ""n_sources"": 1}",1,17500,3,0.28570411664744216,1.0,0.28570411664744216,0.9934100782549059,0.9219219219219218
bdh_cq,bdh_cq/plain,f0b8b7c55f92,plain,propagate,interp,"{""dim"": 1, ""distance"": 4, ""length"": 12, ""n_sources"": 1}",1,20000,3,0.22997032765609524,1.0,0.22997032765609524,0.998748748987406,0.985985985985986
bdh_cq,bdh_cq/plain,f0b8b7c55f92,plain,propagate,interp,"{""dim"": 1, ""distance"": 4, ""length"": 12, ""n_sources"": 1}",1,22500,3,0.22345183013627926,1.0,0.22345183013627926,0.9994160828886328,0.9929929929929929
bdh_cq,bdh_cq/plain,f0b8b7c55f92,plain,propagate,interp,"{""dim"": 1, ""distance"": 4, ""length"": 12, ""n_sources"": 1}",1,25000,3,0.2214171146430696,1.0,0.2214171146430696,0.9994994996188282,0.993993993993994
bdh_cq,bdh_cq/plain,f0b8b7c55f92,plain,propagate,interp,"{""dim"": 1, ""distance"": 4, ""length"": 12, ""n_sources"": 1}",1,27500,3,0.2187958991077418,1.0,0.2187958991077418,0.9999165832698047,0.998998998998999
bdh_cq,bdh_cq/plain,f0b8b7c55f92,plain,propagate,interp,"{""dim"": 1, ""distance"": 4, ""length"": 12, ""n_sources"": 1}",1,30000,3,0.21325275992664197,1.0,0.21325275992664197,1.0,1.0
bdh_cq,bdh_cq/plain,f0b8b7c55f92,plain,propagate,interp,"{""dim"": 1, ""distance"": 4, ""length"": 12, ""n_sources"": 1}",1,32500,3,0.21309601018826166,1.0,0.21309601018826166,1.0,1.0
bdh_cq,bdh_cq/plain,f0b8b7c55f92,plain,propagate,interp,"{""dim"": 1, ""distance"": 4, ""length"": 12, ""n_sources"": 1}",1,35000,3,0.2048732666686798,1.0,0.2048732666686798,1.0,1.0
bdh_cq,bdh_cq/plain,f0b8b7c55f92,plain,propagate,interp,"{""dim"": 1, ""distance"": 4, ""length"": 12, ""n_sources"": 1}",1,37500,3,0.20788921943555275,1.0,0.20788921943555275,1.0,1.0
bdh_cq,bdh_cq/plain,f0b8b7c55f92,plain,propagate,interp,"{""dim"": 1, ""distance"": 4, ""length"": 12, ""n_sources"": 1}",1,40000,3,0.2072219073306769,1.0,0.2072219073306769,1.0,1.0
bdh_cq,bdh_cq/plain,f0b8b7c55f92,plain,propagate,interp,"{""dim"": 1, ""distance"": 4, ""length"": 12, ""n_sources"": 1}",2,40000,3,0.8672616928815842,0.0,0.8672616928815842,1.0,1.0
bdh_cq,bdh_cq/plain,f0b8b7c55f92,plain,propagate,interp,"{""dim"": 1, ""distance"": 4, ""length"": 12, ""n_sources"": 1}",4,2500,3,0.9961641679207484,0.0,0.9763150264819463,0.7826159378071805,0.0
bdh_cq,bdh_cq/plain,f0b8b7c55f92,plain,propagate,interp,"{""dim"": 1, ""distance"": 4, ""length"": 12, ""n_sources"": 1}",4,5000,3,0.9888940999905268,0.0,0.9033509815732638,0.7913746951339959,0.0
bdh_cq,bdh_cq/plain,f0b8b7c55f92,plain,propagate,interp,"{""dim"": 1, ""distance"": 4, ""length"": 12, ""n_sources"": 1}",4,7500,3,0.9899728621045748,0.0,0.8989296977718672,0.7865365298243017,0.003003003003003003
bdh_cq,bdh_cq/plain,f0b8b7c55f92,plain,propagate,interp,"{""dim"": 1, ""distance"": 4, ""length"": 12, ""n_sources"": 1}",4,10000,3,0.9843190362056097,0.0,0.8939050535360972,0.8038872149852184,0.004004004004004004
bdh_cq,bdh_cq/plain,f0b8b7c55f92,plain,propagate,interp,"{""dim"": 1, ""distance"": 4, ""length"": 12, ""n_sources"": 1}",4,12500,3,0.9692268073558807,0.0,0.8924856906135877,0.8325825760195086,0.016016016016016016
bdh_cq,bdh_cq/plain,f0b8b7c55f92,plain,propagate,interp,"{""dim"": 1, ""distance"": 4, ""length"": 12, ""n_sources"": 1}",4,15000,3,0.9612870837251345,0.0,0.9085076948006948,0.8917250602214305,0.13313313313313313
bdh_cq,bdh_cq/plain,f0b8b7c55f92,plain,propagate,interp,"{""dim"": 1, ""distance"": 4, ""length"": 12, ""n_sources"": 1}",4,17500,3,0.9366409952441851,0.0,0.8861062352856001,0.9657991376963703,0.6416416416416416
bdh_cq,bdh_cq/plain,f0b8b7c55f92,plain,propagate,interp,"{""dim"": 1, ""distance"": 4, ""length"": 12, ""n_sources"": 1}",4,20000,3,0.9077983995278677,0.0,0.8463059465090433,0.9865699061998973,0.8428428428428427
bdh_cq,bdh_cq/plain,f0b8b7c55f92,plain,propagate,interp,"{""dim"": 1, ""distance"": 4, ""length"": 12, ""n_sources"": 1}",4,22500,3,0.8964106316367785,0.0,0.8423512950539589,0.9975809147646716,0.971971971971972
bdh_cq,bdh_cq/plain,f0b8b7c55f92,plain,propagate,interp,"{""dim"": 1, ""distance"": 4, ""length"": 12, ""n_sources"": 1}",4,25000,3,0.8916421333948771,0.0,0.8494901433587074,0.9982482486658985,0.978978978978979
bdh_cq,bdh_cq/plain,f0b8b7c55f92,plain,propagate,interp,"{""dim"": 1, ""distance"": 4, ""length"": 12, ""n_sources"": 1}",4,27500,3,0.8812204301357269,0.0,0.8365231404701868,0.9987487490470702,0.984984984984985
bdh_cq,bdh_cq/plain,f0b8b7c55f92,plain,propagate,interp,"{""dim"": 1, ""distance"": 4, ""length"": 12, ""n_sources"": 1}",4,30000,3,0.8686642895142237,0.0,0.8379194711645445,0.9989155825074608,0.9869869869869871
bdh_cq,bdh_cq/plain,f0b8b7c55f92,plain,propagate,interp,"{""dim"": 1, ""distance"": 4, ""length"": 12, ""n_sources"": 1}",4,32500,3,0.8626745268702507,0.0,0.8345466156800588,0.9989989992376561,0.9879879879879881
bdh_cq,bdh_cq/plain,f0b8b7c55f92,plain,propagate,interp,"{""dim"": 1, ""distance"": 4, ""length"": 12, ""n_sources"": 1}",4,35000,3,0.8711702426274618,0.0,0.8344061796863874,0.9995829163490235,0.994994994994995
bdh_cq,bdh_cq/plain,f0b8b7c55f92,plain,propagate,interp,"{""dim"": 1, ""distance"": 4, ""length"": 12, ""n_sources"": 1}",4,37500,3,0.8687456374367079,0.0,0.8374398971597353,0.9996663330792188,0.995995995995996
bdh_cq,bdh_cq/plain,f0b8b7c55f92,plain,propagate,interp,"{""dim"": 1, ""distance"": 4, ""length"": 12, ""n_sources"": 1}",4,40000,3,0.8684616660078367,0.0,0.8376119683186213,0.9996663330792188,0.995995995995996
bdh_cq,bdh_cq/plain,f0b8b7c55f92,plain,propagate,interp,"{""dim"": 1, ""distance"": 4, ""length"": 12, ""n_sources"": 1}",8,40000,3,0.9636469160517057,0.0,0.8261112440377474,0.5838338352657773,0.0
bdh_cq,bdh_cq/plain,f0b8b7c55f92,plain,propagate,interp,"{""dim"": 1, ""distance"": 4, ""length"": 12, ""n_sources"": 1}",16,2500,3,0.9997026373942693,0.0,0.9763150264819463,0.7640974196466478,0.0
bdh_cq,bdh_cq/plain,f0b8b7c55f92,plain,propagate,interp,"{""dim"": 1, ""distance"": 4, ""length"": 12, ""n_sources"": 1}",16,5000,3,0.9951472083727518,0.0,0.9033509815732638,0.7347347316321907,0.0
bdh_cq,bdh_cq/plain,f0b8b7c55f92,plain,propagate,interp,"{""dim"": 1, ""distance"": 4, ""length"": 12, ""n_sources"": 1}",16,7500,3,0.9924951046705246,0.0,0.8989296977718672,0.7545879145522972,0.0
bdh_cq,bdh_cq/plain,f0b8b7c55f92,plain,propagate,interp,"{""dim"": 1, ""distance"": 4, ""length"": 12, ""n_sources"": 1}",16,10000,3,0.9889225239555041,0.0,0.8939050535360972,0.7631798408351265,0.0
bdh_cq,bdh_cq/plain,f0b8b7c55f92,plain,propagate,interp,"{""dim"": 1, ""distance"": 4, ""length"": 12, ""n_sources"": 1}",16,12500,3,0.978939508398374,0.0,0.8924856906135877,0.7349015643766096,0.0
bdh_cq,bdh_cq/plain,f0b8b7c55f92,plain,propagate,interp,"{""dim"": 1, ""distance"": 4, ""length"": 12, ""n_sources"": 1}",16,15000,3,0.8793973873058955,0.0,0.8646823937694231,0.668168165453442,0.0
bdh_cq,bdh_cq/plain,f0b8b7c55f92,plain,propagate,interp,"{""dim"": 1, ""distance"": 4, ""length"": 12, ""n_sources"": 1}",16,17500,3,0.8062799349427223,0.0,0.792222456385692,0.6826826786255097,0.0
bdh_cq,bdh_cq/plain,f0b8b7c55f92,plain,propagate,interp,"{""dim"": 1, ""distance"": 4, ""length"": 12, ""n_sources"": 1}",16,20000,3,0.8009013260404269,0.0,0.7924945826331774,0.679929924321485,0.0
bdh_cq,bdh_cq/plain,f0b8b7c55f92,plain,propagate,interp,"{""dim"": 1, ""distance"": 4, ""length"": 12, ""n_sources"": 1}",16,22500,3,0.7842253148555756,0.0,0.7807498325904211,0.7039539464064188,0.0
bdh_cq,bdh_cq/plain,f0b8b7c55f92,plain,propagate,interp,"{""dim"": 1, ""distance"": 4, ""length"": 12, ""n_sources"": 1}",16,25000,3,0.742250069975853,0.0,0.714324202388525,0.71871871278212,0.0
bdh_cq,bdh_cq/plain,f0b8b7c55f92,plain,propagate,interp,"{""dim"": 1, ""distance"": 4, ""length"": 12, ""n_sources"": 1}",16,27500,3,0.7185153538982073,0.0,0.7122211878498396,0.7239739684550255,0.0
bdh_cq,bdh_cq/plain,f0b8b7c55f92,plain,propagate,interp,"{""dim"": 1, ""distance"": 4, ""length"": 12, ""n_sources"": 1}",16,30000,3,0.7219739605983099,0.0,0.716744231681029,0.7333166435495153,0.0
bdh_cq,bdh_cq/plain,f0b8b7c55f92,plain,propagate,interp,"{""dim"": 1, ""distance"": 4, ""length"": 12, ""n_sources"": 1}",16,32500,3,0.7313269103566805,0.0,0.7313269103566805,0.753002994709664,0.0
bdh_cq,bdh_cq/plain,f0b8b7c55f92,plain,propagate,interp,"{""dim"": 1, ""distance"": 4, ""length"": 12, ""n_sources"": 1}",16,35000,3,0.7511404206355413,0.0,0.7296978918214639,0.7350683953310991,0.0
bdh_cq,bdh_cq/plain,f0b8b7c55f92,plain,propagate,interp,"{""dim"": 1, ""distance"": 4, ""length"": 12, ""n_sources"": 1}",16,37500,3,0.7551724712053934,0.0,0.7385736132661501,0.7374874806857562,0.0
bdh_cq,bdh_cq/plain,f0b8b7c55f92,plain,propagate,interp,"{""dim"": 1, ""distance"": 4, ""length"": 12, ""n_sources"": 1}",16,40000,3,0.7441548270483812,0.0,0.7311332126458486,0.7386553153858051,0.0
bdh_cq,bdh_cq/plain,f0b8b7c55f92,plain,propagate,interp,"{""dim"": 1, ""distance"": 4, ""length"": 12, ""n_sources"": 1}",32,40000,3,0.8257410510753592,0.0,0.7245574958312014,0.5600600575839912,0.0
bdh_cq,bdh_cq/plain,f0b8b7c55f92,plain,propagate,mild,"{""dim"": 1, ""distance"": 6, ""length"": 12, ""n_sources"": 1}",1,2500,3,0.908182218670845,1.0,0.908182218670845,0.7853333224256834,0.0
bdh_cq,bdh_cq/plain,f0b8b7c55f92,plain,propagate,mild,"{""dim"": 1, ""distance"": 6, ""length"": 12, ""n_sources"": 1}",1,5000,3,0.6762150079011917,1.0,0.6762150079011917,0.8004444313247999,0.0
bdh_cq,bdh_cq/plain,f0b8b7c55f92,plain,propagate,mild,"{""dim"": 1, ""distance"": 6, ""length"": 12, ""n_sources"": 1}",1,7500,3,0.6078252121806145,1.0,0.6078252121806145,0.7789999890128773,0.0006666666666666666
bdh_cq,bdh_cq/plain,f0b8b7c55f92,plain,propagate,mild,"{""dim"": 1, ""distance"": 6, ""length"": 12, ""n_sources"": 1}",1,10000,3,0.5482942114273707,1.0,0.5482942114273707,0.7754444376428923,0.004
bdh_cq,bdh_cq/plain,f0b8b7c55f92,plain,propagate,mild,"{""dim"": 1, ""distance"": 6, ""length"": 12, ""n_sources"": 1}",1,12500,3,0.4502144368986289,1.0,0.4502144368986289,0.8119999978741009,0.016666666666666666
bdh_cq,bdh_cq/plain,f0b8b7c55f92,plain,propagate,mild,"{""dim"": 1, ""distance"": 6, ""length"": 12, ""n_sources"": 1}",1,15000,3,0.3375676528861125,1.0,0.3375676528861125,0.9011111160914104,0.17200000000000001
bdh_cq,bdh_cq/plain,f0b8b7c55f92,plain,propagate,mild,"{""dim"": 1, ""distance"": 6, ""length"": 12, ""n_sources"": 1}",1,17500,3,0.2868669298477471,1.0,0.2868669298477471,0.9481111147801081,0.5553333333333333
bdh_cq,bdh_cq/plain,f0b8b7c55f92,plain,propagate,mild,"{""dim"": 1, ""distance"": 6, ""length"": 12, ""n_sources"": 1}",1,20000,3,0.2478261423918108,1.0,0.2478261423918108,0.969888893008232,0.6946666666666667
bdh_cq,bdh_cq/plain,f0b8b7c55f92,plain,propagate,mild,"{""dim"": 1, ""distance"": 6, ""length"": 12, ""n_sources"": 1}",1,22500,3,0.23612228066970906,1.0,0.23612228066970906,0.9700555595556896,0.7000000000000001
bdh_cq,bdh_cq/plain,f0b8b7c55f92,plain,propagate,mild,"{""dim"": 1, ""distance"": 6, ""length"": 12, ""n_sources"": 1}",1,25000,3,0.241372498528411,1.0,0.241372498528411,0.9701111150185268,0.7000000000000001
bdh_cq,bdh_cq/plain,f0b8b7c55f92,plain,propagate,mild,"{""dim"": 1, ""distance"": 6, ""length"": 12, ""n_sources"": 1}",1,27500,3,0.23324854602105916,1.0,0.23324854602105916,0.9717777822812398,0.7013333333333334
bdh_cq,bdh_cq/plain,f0b8b7c55f92,plain,propagate,mild,"{""dim"": 1, ""distance"": 6, ""length"": 12, ""n_sources"": 1}",1,30000,3,0.21684160890678564,1.0,0.21684160890678564,0.9743888935248056,0.7173333333333334
bdh_cq,bdh_cq/plain,f0b8b7c55f92,plain,propagate,mild,"{""dim"": 1, ""distance"": 6, ""length"": 12, ""n_sources"": 1}",1,32500,3,0.22182087192777544,1.0,0.22182087192777544,0.9701111158927281,0.684
bdh_cq,bdh_cq/plain,f0b8b7c55f92,plain,propagate,mild,"{""dim"": 1, ""distance"": 6, ""length"": 12, ""n_sources"": 1}",1,35000,3,0.21722635025313744,1.0,0.21722635025313744,0.9731111155748368,0.7120000000000001
bdh_cq,bdh_cq/plain,f0b8b7c55f92,plain,propagate,mild,"{""dim"": 1, ""distance"": 6, ""length"": 12, ""n_sources"": 1}",1,37500,3,0.21548610642397156,1.0,0.21548610642397156,0.9712777827183405,0.6900000000000001
bdh_cq,bdh_cq/plain,f0b8b7c55f92,plain,propagate,mild,"{""dim"": 1, ""distance"": 6, ""length"": 12, ""n_sources"": 1}",1,40000,3,0.21581468599227568,1.0,0.21581468599227568,0.9712777825196585,0.6926666666666668
bdh_cq,bdh_cq/plain,f0b8b7c55f92,plain,propagate,mild,"{""dim"": 1, ""distance"": 6, ""length"": 12, ""n_sources"": 1}",2,40000,3,0.8337731336553892,0.0,0.8337731336553892,0.9426666734218596,0.42799999999999994
bdh_cq,bdh_cq/plain,f0b8b7c55f92,plain,propagate,mild,"{""dim"": 1, ""distance"": 6, ""length"": 12, ""n_sources"": 1}",4,2500,3,0.9962320725123087,0.0,0.9794829785823822,0.7829999883373578,0.0
bdh_cq,bdh_cq/plain,f0b8b7c55f92,plain,propagate,mild,"{""dim"": 1, ""distance"": 6, ""length"": 12, ""n_sources"": 1}",4,5000,3,0.988461397588253,0.0,0.9077052796880404,0.7928333195845285,0.0
bdh_cq,bdh_cq/plain,f0b8b7c55f92,plain,propagate,mild,"{""dim"": 1, ""distance"": 6, ""length"": 12, ""n_sources"": 1}",4,7500,3,0.9908321673671404,0.0,0.8986863295237223,0.7663888801137606,0.0
bdh_cq,bdh_cq/plain,f0b8b7c55f92,plain,propagate,mild,"{""dim"": 1, ""distance"": 6, ""length"": 12, ""n_sources"": 1}",4,10000,3,0.9844676728049914,0.0,0.8907067800561587,0.7909999918540319,0.002
bdh_cq,bdh_cq/plain,f0b8b7c55f92,plain,propagate,mild,"{""dim"": 1, ""distance"": 6, ""length"": 12, ""n_sources"": 1}",4,12500,3,0.96924506376187,0.0,0.8840335607528687,0.8183888801336288,0.005333333333333333
bdh_cq,bdh_cq/plain,f0b8b7c55f92,plain,propagate,mild,"{""dim"": 1, ""distance"": 6, ""length"": 12, ""n_sources"": 1}",4,15000,3,0.94419593612353,0.0,0.8959406589468321,0.8825555555820465,0.11333333333333334
bdh_cq,bdh_cq/plain,f0b8b7c55f92,plain,propagate,mild,"{""dim"": 1, ""distance"": 6, ""length"": 12, ""n_sources"": 1}",4,17500,3,0.9201531782746315,0.0,0.8466981699069341,0.945222229083379,0.45199999999999996
bdh_cq,bdh_cq/plain,f0b8b7c55f92,plain,propagate,mild,"{""dim"": 1, ""distance"": 6, ""length"": 12, ""n_sources"": 1}",4,20000,3,0.8774165362119675,0.0,0.8121333519617716,0.9718333387374877,0.684
bdh_cq,bdh_cq/plain,f0b8b7c55f92,plain,propagate,mild,"{""dim"": 1, ""distance"": 6, ""length"": 12, ""n_sources"": 1}",4,22500,3,0.8483410825332006,0.0,0.8191836550831795,0.9903888909022013,0.8893333333333334
bdh_cq,bdh_cq/plain,f0b8b7c55f92,plain,propagate,mild,"{""dim"": 1, ""distance"": 6, ""length"": 12, ""n_sources"": 1}",4,25000,3,0.8455921759208044,0.0,0.8168960139155388,0.9918333351612091,0.904
bdh_cq,bdh_cq/plain,f0b8b7c55f92,plain,propagate,mild,"{""dim"": 1, ""distance"": 6, ""length"": 12, ""n_sources"": 1}",4,27500,3,0.8284653996427854,0.0,0.8082760125398636,0.9971111117601396,0.9659999999999999
bdh_cq,bdh_cq/plain,f0b8b7c55f92,plain,propagate,mild,"{""dim"": 1, ""distance"": 6, ""length"": 12, ""n_sources"": 1}",4,30000,3,0.8029308393597603,0.0,0.7865774606664976,0.9934444457689922,0.9253333333333332
bdh_cq,bdh_cq/plain,f0b8b7c55f92,plain,propagate,mild,"{""dim"": 1, ""distance"": 6, ""length"": 12, ""n_sources"": 1}",4,32500,3,0.8045727411905924,0.0,0.7990159144004186,0.9967222230037054,0.9606666666666666
bdh_cq,bdh_cq/plain,f0b8b7c55f92,plain,propagate,mild,"{""dim"": 1, ""distance"": 6, ""length"": 12, ""n_sources"": 1}",4,35000,3,0.8168044512470564,0.0,0.8057997475067774,0.9978333338499069,0.9739999999999999
bdh_cq,bdh_cq/plain,f0b8b7c55f92,plain,propagate,mild,"{""dim"": 1, ""distance"": 6, ""length"": 12, ""n_sources"": 1}",4,37500,3,0.8106493651866913,0.0,0.8022394006450971,0.9976111116806666,0.9713333333333333
bdh_cq,bdh_cq/plain,f0b8b7c55f92,plain,propagate,mild,"{""dim"": 1, ""distance"": 6, ""length"": 12, ""n_sources"": 1}",4,40000,3,0.8093481808900833,0.0,0.8013160079717636,0.9976666672229767,0.972
bdh_cq,bdh_cq/plain,f0b8b7c55f92,plain,propagate,mild,"{""dim"": 1, ""distance"": 6, ""length"": 12, ""n_sources"": 1}",8,40000,3,0.9617357812821865,0.0,0.7976178123305241,0.6132777781883876,0.0
bdh_cq,bdh_cq/plain,f0b8b7c55f92,plain,propagate,mild,"{""dim"": 1, ""distance"": 6, ""length"": 12, ""n_sources"": 1}",16,2500,3,0.999695693453153,0.0,0.9794829785823822,0.7666666551033656,0.0
bdh_cq,bdh_cq/plain,f0b8b7c55f92,plain,propagate,mild,"{""dim"": 1, ""distance"": 6, ""length"": 12, ""n_sources"": 1}",16,5000,3,0.9936608721812566,0.0,0.9077052796880404,0.7337222203314303,0.0
bdh_cq,bdh_cq/plain,f0b8b7c55f92,plain,propagate,mild,"{""dim"": 1, ""distance"": 6, ""length"": 12, ""n_sources"": 1}",16,7500,3,0.9776517351468405,0.0,0.8986863295237223,0.749777772396803,0.0
bdh_cq,bdh_cq/plain,f0b8b7c55f92,plain,propagate,mild,"{""dim"": 1, ""distance"": 6, ""length"": 12, ""n_sources"": 1}",16,10000,3,0.9936604623993238,0.0,0.8907067800561587,0.7731666611631711,0.0
bdh_cq,bdh_cq/plain,f0b8b7c55f92,plain,propagate,mild,"{""dim"": 1, ""distance"": 6, ""length"": 12, ""n_sources"": 1}",16,12500,3,0.989374058942,0.0,0.8840335607528687,0.7407222191492716,0.0
bdh_cq,bdh_cq/plain,f0b8b7c55f92,plain,propagate,mild,"{""dim"": 1, ""distance"": 6, ""length"": 12, ""n_sources"": 1}",16,15000,3,0.9385636324683825,0.0,0.8830947031577429,0.6601111084123453,0.0
bdh_cq,bdh_cq/plain,f0b8b7c55f92,plain,propagate,mild,"{""dim"": 1, ""distance"": 6, ""length"": 12, ""n_sources"": 1}",16,17500,3,0.8805104494094849,0.0,0.8347616071502367,0.6515555516282717,0.0
bdh_cq,bdh_cq/plain,f0b8b7c55f92,plain,propagate,mild,"{""dim"": 1, ""distance"": 6, ""length"": 12, ""n_sources"": 1}",16,20000,3,0.7978674645225207,0.0,0.7690671732028326,0.6346666624645392,0.0
bdh_cq,bdh_cq/plain,f0b8b7c55f92,plain,propagate,mild,"{""dim"": 1, ""distance"": 6, ""length"": 12, ""n_sources"": 1}",16,22500,3,0.796016792456309,0.0,0.741048182050387,0.6501111064950625,0.0
bdh_cq,bdh_cq/plain,f0b8b7c55f92,plain,propagate,mild,"{""dim"": 1, ""distance"": 6, ""length"": 12, ""n_sources"": 1}",16,25000,3,0.8034490942955017,0.0,0.7850839992364248,0.6676111062169076,0.0
bdh_cq,bdh_cq/plain,f0b8b7c55f92,plain,propagate,mild,"{""dim"": 1, ""distance"": 6, ""length"": 12, ""n_sources"": 1}",16,27500,3,0.7799233620365461,0.0,0.7354227751493454,0.6772222160696982,0.0
bdh_cq,bdh_cq/plain,f0b8b7c55f92,plain,propagate,mild,"{""dim"": 1, ""distance"": 6, ""length"": 12, ""n_sources"": 1}",16,30000,3,0.7754038472970327,0.0,0.71195849776268,0.6836111046870549,0.0
bdh_cq,bdh_cq/plain,f0b8b7c55f92,plain,propagate,mild,"{""dim"": 1, ""distance"": 6, ""length"": 12, ""n_sources"": 1}",16,32500,3,0.7849573368827502,0.0,0.7281761268774668,0.6976666595339776,0.0
bdh_cq,bdh_cq/plain,f0b8b7c55f92,plain,propagate,mild,"{""dim"": 1, ""distance"": 6, ""length"": 12, ""n_sources"": 1}",16,35000,3,0.7759176443020502,0.0,0.7319196710983912,0.6819444377223651,0.0
bdh_cq,bdh_cq/plain,f0b8b7c55f92,plain,propagate,mild,"{""dim"": 1, ""distance"": 6, ""length"": 12, ""n_sources"": 1}",16,37500,3,0.7745098993182182,0.0,0.7359209010998408,0.6839999934037526,0.0
bdh_cq,bdh_cq/plain,f0b8b7c55f92,plain,propagate,mild,"{""dim"": 1, ""distance"": 6, ""length"": 12, ""n_sources"": 1}",16,40000,3,0.7861449072758356,0.0,0.7312312188247839,0.6833333264986674,0.0
bdh_cq,bdh_cq/plain,f0b8b7c55f92,plain,propagate,mild,"{""dim"": 1, ""distance"": 6, ""length"": 12, ""n_sources"": 1}",32,40000,3,0.7629662854596972,0.0,0.7368960234646996,0.4850555570622285,0.0
bdh_cq,bdh_cq/plain,f0b8b7c55f92,plain,propagate,mild,"{""dim"": 1, ""distance"": 8, ""length"": 12, ""n_sources"": 1}",1,2500,3,0.908485954006513,1.0,0.908485954006513,0.7908333209405343,0.0
bdh_cq,bdh_cq/plain,f0b8b7c55f92,plain,propagate,mild,"{""dim"": 1, ""distance"": 8, ""length"": 12, ""n_sources"": 1}",1,5000,3,0.6789068654179573,1.0,0.6789068654179573,0.8067222079833348,0.0
bdh_cq,bdh_cq/plain,f0b8b7c55f92,plain,propagate,mild,"{""dim"": 1, ""distance"": 8, ""length"": 12, ""n_sources"": 1}",1,7500,3,0.5935335929195086,1.0,0.5935335929195086,0.7427777667343617,0.0013333333333333333
bdh_cq,bdh_cq/plain,f0b8b7c55f92,plain,propagate,mild,"{""dim"": 1, ""distance"": 8, ""length"": 12, ""n_sources"": 1}",1,10000,3,0.5279984374841055,1.0,0.5279984374841055,0.6791666590770085,0.0006666666666666666
bdh_cq,bdh_cq/plain,f0b8b7c55f92,plain,propagate,mild,"{""dim"": 1, ""distance"": 8, ""length"": 12, ""n_sources"": 1}",1,12500,3,0.44309889276822406,1.0,0.44309889276822406,0.7023333280881245,0.0026666666666666666
bdh_cq,bdh_cq/plain,f0b8b7c55f92,plain,propagate,mild,"{""dim"": 1, ""distance"": 8, ""length"": 12, ""n_sources"": 1}",1,15000,3,0.3430214027563731,1.0,0.3430214027563731,0.7993333335320155,0.027999999999999997
bdh_cq,bdh_cq/plain,f0b8b7c55f92,plain,propagate,mild,"{""dim"": 1, ""distance"": 8, ""length"": 12, ""n_sources"": 1}",1,17500,3,0.2689851863930623,1.0,0.2689851863930623,0.8378888931473097,0.22799999999999998
bdh_cq,bdh_cq/plain,f0b8b7c55f92,plain,propagate,mild,"{""dim"": 1, ""distance"": 8, ""length"": 12, ""n_sources"": 1}",1,20000,3,0.2226590965874493,1.0,0.2226590965874493,0.8742222230037053,0.242
bdh_cq,bdh_cq/plain,f0b8b7c55f92,plain,propagate,mild,"{""dim"": 1, ""distance"": 8, ""length"": 12, ""n_sources"": 1}",1,22500,3,0.19160384739128253,1.0,0.19160384739128253,0.8905000007549922,0.2813333333333334
bdh_cq,bdh_cq/plain,f0b8b7c55f92,plain,propagate,mild,"{""dim"": 1, ""distance"": 8, ""length"": 12, ""n_sources"": 1}",1,25000,3,0.20189100259449333,1.0,0.20189100259449333,0.8947777789831162,0.296
bdh_cq,bdh_cq/plain,f0b8b7c55f92,plain,propagate,mild,"{""dim"": 1, ""distance"": 8, ""length"": 12, ""n_sources"": 1}",1,27500,3,0.18861612367133299,1.0,0.18861612367133299,0.9014444464047751,0.29
bdh_cq,bdh_cq/plain,f0b8b7c55f92,plain,propagate,mild,"{""dim"": 1, ""distance"": 8, ""length"": 12, ""n_sources"": 1}",1,30000,3,0.17481184944820902,1.0,0.17481184944820902,0.9012777788241705,0.2966666666666667
bdh_cq,bdh_cq/plain,f0b8b7c55f92,plain,propagate,mild,"{""dim"": 1, ""distance"": 8, ""length"": 12, ""n_sources"": 1}",1,32500,3,0.1802188256600251,1.0,0.1802188256600251,0.8971666674216588,0.286
bdh_cq,bdh_cq/plain,f0b8b7c55f92,plain,propagate,mild,"{""dim"": 1, ""distance"": 8, ""length"": 12, ""n_sources"": 1}",1,35000,3,0.17675049018968517,1.0,0.17675049018968517,0.8931666678190231,0.25333333333333335
bdh_cq,bdh_cq/plain,f0b8b7c55f92,plain,propagate,mild,"{""dim"": 1, ""distance"": 8, ""length"": 12, ""n_sources"": 1}",1,37500,3,0.1719036215605835,1.0,0.1719036215605835,0.8913333340883255,0.238
bdh_cq,bdh_cq/plain,f0b8b7c55f92,plain,propagate,mild,"{""dim"": 1, ""distance"": 8, ""length"": 12, ""n_sources"": 1}",1,40000,3,0.17132682209679237,1.0,0.17132682209679237,0.8907222229639689,0.24933333333333332
bdh_cq,bdh_cq/plain,f0b8b7c55f92,plain,propagate,mild,"{""dim"": 1, ""distance"": 8, ""length"": 12, ""n_sources"": 1}",2,40000,3,0.8072347690661749,0.0,0.8072347690661749,0.8895000009139379,0.12466666666666666
bdh_cq,bdh_cq/plain,f0b8b7c55f92,plain,propagate,mild,"{""dim"": 1, ""distance"": 8, ""length"": 12, ""n_sources"": 1}",4,2500,3,0.9964251592755318,0.0,0.9788319418827692,0.7877222094337145,0.0
bdh_cq,bdh_cq/plain,f0b8b7c55f92,plain,propagate,mild,"{""dim"": 1, ""distance"": 8, ""length"": 12, ""n_sources"": 1}",4,5000,3,0.9871368904908498,0.0,0.9062509089708328,0.7988333183825015,0.0
bdh_cq,bdh_cq/plain,f0b8b7c55f92,plain,propagate,mild,"{""dim"": 1, ""distance"": 8, ""length"": 12, ""n_sources"": 1}",4,7500,3,0.9904839669664701,0.0,0.8991406708955765,0.7507777669827144,0.0
bdh_cq,bdh_cq/plain,f0b8b7c55f92,plain,propagate,mild,"{""dim"": 1, ""distance"": 8, ""length"": 12, ""n_sources"": 1}",4,10000,3,0.9853560055295626,0.0,0.8896240840355555,0.7699444355567296,0.0
bdh_cq,bdh_cq/plain,f0b8b7c55f92,plain,propagate,mild,"{""dim"": 1, ""distance"": 8, ""length"": 12, ""n_sources"": 1}",4,12500,3,0.9722029889623324,0.0,0.8871815974513689,0.7892777710358302,0.0013333333333333333
bdh_cq,bdh_cq/plain,f0b8b7c55f92,plain,propagate,mild,"{""dim"": 1, ""distance"": 8, ""length"": 12, ""n_sources"": 1}",4,15000,3,0.9580799589554468,0.0,0.9006291603048643,0.8158333236376444,0.006000000000000001
bdh_cq,bdh_cq/plain,f0b8b7c55f92,plain,propagate,mild,"{""dim"": 1, ""distance"": 8, ""length"": 12, ""n_sources"": 1}",4,17500,3,0.9244571079810461,0.0,0.851186657945315,0.8575555564959844,0.011999999999999999
bdh_cq,bdh_cq/plain,f0b8b7c55f92,plain,propagate,mild,"{""dim"": 1, ""distance"": 8, ""length"": 12, ""n_sources"": 1}",4,20000,3,0.8704466621081034,0.0,0.7865055849154791,0.8790000048875809,0.050666666666666665
bdh_cq,bdh_cq/plain,f0b8b7c55f92,plain,propagate,mild,"{""dim"": 1, ""distance"": 8, ""length"": 12, ""n_sources"": 1}",4,22500,3,0.8179815237720808,0.0,0.773661345243454,0.8818333376646041,0.056
bdh_cq,bdh_cq/plain,f0b8b7c55f92,plain,propagate,mild,"{""dim"": 1, ""distance"": 8, ""length"": 12, ""n_sources"": 1}",4,25000,3,0.8218012650807699,0.0,0.7715923314293226,0.8902777830759684,0.12533333333333332
bdh_cq,bdh_cq/plain,f0b8b7c55f92,plain,propagate,mild,"{""dim"": 1, ""distance"": 8, ""length"": 12, ""n_sources"": 1}",4,27500,3,0.7953481102983156,0.0,0.757442943751812,0.895055560429891,0.124
bdh_cq,bdh_cq/plain,f0b8b7c55f92,plain,propagate,mild,"{""dim"": 1, ""distance"": 8, ""length"": 12, ""n_sources"": 1}",4,30000,3,0.7822523191571236,0.0,0.7398274292548498,0.8937222261826197,0.142
bdh_cq,bdh_cq/plain,f0b8b7c55f92,plain,propagate,mild,"{""dim"": 1, ""distance"": 8, ""length"": 12, ""n_sources"": 1}",4,32500,3,0.7678312684098879,0.0,0.7484485084811846,0.9004444485108057,0.17066666666666666
bdh_cq,bdh_cq/plain,f0b8b7c55f92,plain,propagate,mild,"{""dim"": 1, ""distance"": 8, ""length"": 12, ""n_sources"": 1}",4,35000,3,0.784518413245678,0.0,0.7528342381119728,0.9023888952732085,0.146
bdh_cq,bdh_cq/plain,f0b8b7c55f92,plain,propagate,mild,"{""dim"": 1, ""distance"": 8, ""length"": 12, ""n_sources"": 1}",4,37500,3,0.7774810642004013,0.0,0.7456384847561518,0.9058888949950535,0.17400000000000002
bdh_cq,bdh_cq/plain,f0b8b7c55f92,plain,propagate,mild,"{""dim"": 1, ""distance"": 8, ""length"": 12, ""n_sources"": 1}",4,40000,3,0.7760325546065966,0.0,0.7445377483963966,0.9066111166874569,0.18533333333333335
bdh_cq,bdh_cq/plain,f0b8b7c55f92,plain,propagate,mild,"{""dim"": 1, ""distance"": 8, ""length"": 12, ""n_sources"": 1}",8,40000,3,0.9370920173823833,0.0,0.7592879738658667,0.5793333282272021,0.0
bdh_cq,bdh_cq/plain,f0b8b7c55f92,plain,propagate,mild,"{""dim"": 1, ""distance"": 8, ""length"": 12, ""n_sources"": 1}",16,2500,3,0.9996907288829485,0.0,0.9788319418827692,0.76711109859248,0.0
bdh_cq,bdh_cq/plain,f0b8b7c55f92,plain,propagate,mild,"{""dim"": 1, ""distance"": 8, ""length"": 12, ""n_sources"": 1}",16,5000,3,0.9838084404667219,0.0,0.9062509089708328,0.743944441696008,0.0
bdh_cq,bdh_cq/plain,f0b8b7c55f92,plain,propagate,mild,"{""dim"": 1, ""distance"": 8, ""length"": 12, ""n_sources"": 1}",16,7500,3,0.9879186749458313,0.0,0.8991406708955765,0.7487222167601187,0.0
bdh_cq,bdh_cq/plain,f0b8b7c55f92,plain,propagate,mild,"{""dim"": 1, ""distance"": 8, ""length"": 12, ""n_sources"": 1}",16,10000,3,0.9845927606026331,0.0,0.8896240840355555,0.7708888831535975,0.0
bdh_cq,bdh_cq/plain,f0b8b7c55f92,plain,propagate,mild,"{""dim"": 1, ""distance"": 8, ""length"": 12, ""n_sources"": 1}",16,12500,3,0.9850313887000084,0.0,0.8871815974513689,0.746111106445392,0.0
bdh_cq,bdh_cq/plain,f0b8b7c55f92,plain,propagate,mild,"{""dim"": 1, ""distance"": 8, ""length"": 12, ""n_sources"": 1}",16,15000,3,0.9304009154438972,0.0,0.8820568149288496,0.6687777752081553,0.0
bdh_cq,bdh_cq/plain,f0b8b7c55f92,plain,propagate,mild,"{""dim"": 1, ""distance"": 8, ""length"": 12, ""n_sources"": 1}",16,17500,3,0.8529508411884308,0.0,0.7993345732490221,0.6297222194721303,0.0
bdh_cq,bdh_cq/plain,f0b8b7c55f92,plain,propagate,mild,"{""dim"": 1, ""distance"": 8, ""length"": 12, ""n_sources"": 1}",16,20000,3,0.7545272385080656,0.0,0.7031763891379038,0.6108888853142659,0.0
bdh_cq,bdh_cq/plain,f0b8b7c55f92,plain,propagate,mild,"{""dim"": 1, ""distance"": 8, ""length"": 12, ""n_sources"": 1}",16,22500,3,0.7950040350357691,0.0,0.7523779993255933,0.6151666616996129,0.0
bdh_cq,bdh_cq/plain,f0b8b7c55f92,plain,propagate,mild,"{""dim"": 1, ""distance"": 8, ""length"": 12, ""n_sources"": 1}",16,25000,3,0.818490187327067,0.0,0.7463193200528622,0.6371666611681381,0.0
bdh_cq,bdh_cq/plain,f0b8b7c55f92,plain,propagate,mild,"{""dim"": 1, ""distance"": 8, ""length"": 12, ""n_sources"": 1}",16,27500,3,0.761303685605526,0.0,0.7254467830061913,0.6596666597326597,0.0
bdh_cq,bdh_cq/plain,f0b8b7c55f92,plain,propagate,mild,"{""dim"": 1, ""distance"": 8, ""length"": 12, ""n_sources"": 1}",16,30000,3,0.7745618596673012,0.0,0.7126354550321897,0.6652777700821558,0.0
bdh_cq,bdh_cq/plain,f0b8b7c55f92,plain,propagate,mild,"{""dim"": 1, ""distance"": 8, ""length"": 12, ""n_sources"": 1}",16,32500,3,0.7811819016933441,0.0,0.7041102349758148,0.6857222135762374,0.0
bdh_cq,bdh_cq/plain,f0b8b7c55f92,plain,propagate,mild,"{""dim"": 1, ""distance"": 8, ""length"": 12, ""n_sources"": 1}",16,35000,3,0.7533033763368925,0.0,0.7134103626012802,0.666277769729495,0.0
bdh_cq,bdh_cq/plain,f0b8b7c55f92,plain,propagate,mild,"{""dim"": 1, ""distance"": 8, ""length"": 12, ""n_sources"": 1}",16,37500,3,0.7531741385658582,0.0,0.7053403332829475,0.6682777695705493,0.0
bdh_cq,bdh_cq/plain,f0b8b7c55f92,plain,propagate,mild,"{""dim"": 1, ""distance"": 8, ""length"": 12, ""n_sources"": 1}",16,40000,3,0.7472117568055788,0.0,0.7013571287194887,0.6656666586647431,0.0
bdh_cq,bdh_cq/plain,f0b8b7c55f92,plain,propagate,mild,"{""dim"": 1, ""distance"": 8, ""length"": 12, ""n_sources"": 1}",32,40000,3,0.7219400553343197,0.0,0.6769341899392506,0.4369444431960583,0.0
bdh_cq,bdh_cq/plain,f0b8b7c55f92,plain,propagate,strong,"{""dim"": 1, ""distance"": 12, ""length"": 48, ""n_sources"": 1}",1,2500,3,0.9180387556552887,1.0,0.9180387556552887,0.7422083179155985,0.0
bdh_cq,bdh_cq/plain,f0b8b7c55f92,plain,propagate,strong,"{""dim"": 1, ""distance"": 12, ""length"": 48, ""n_sources"": 1}",1,5000,3,0.8788567955295244,1.0,0.8788567955295244,0.7284722067515054,0.0
bdh_cq,bdh_cq/plain,f0b8b7c55f92,plain,propagate,strong,"{""dim"": 1, ""distance"": 12, ""length"": 48, ""n_sources"": 1}",1,7500,3,0.8756605461239815,1.0,0.8756605461239815,0.7345694299936295,0.0
bdh_cq,bdh_cq/plain,f0b8b7c55f92,plain,propagate,strong,"{""dim"": 1, ""distance"": 12, ""length"": 48, ""n_sources"": 1}",1,10000,3,0.8712038819988569,1.0,0.8712038819988569,0.750874987880389,0.0
bdh_cq,bdh_cq/plain,f0b8b7c55f92,plain,propagate,strong,"{""dim"": 1, ""distance"": 12, ""length"": 48, ""n_sources"": 1}",1,12500,3,0.8625564128160477,1.0,0.8625564128160477,0.7350833189090094,0.0
bdh_cq,bdh_cq/plain,f0b8b7c55f92,plain,propagate,strong,"{""dim"": 1, ""distance"": 12, ""length"": 48, ""n_sources"": 1}",1,15000,3,0.8391502499580383,1.0,0.8391502499580383,0.7247222066720327,0.0
bdh_cq,bdh_cq/plain,f0b8b7c55f92,plain,propagate,strong,"{""dim"": 1, ""distance"": 12, ""length"": 48, ""n_sources"": 1}",1,17500,3,0.8326207300027212,1.0,0.8326207300027212,0.7262777626514435,0.0
bdh_cq,bdh_cq/plain,f0b8b7c55f92,plain,propagate,strong,"{""dim"": 1, ""distance"": 12, ""length"": 48, ""n_sources"": 1}",1,20000,3,0.834320604801178,1.0,0.834320604801178,0.7186110944946607,0.0
bdh_cq,bdh_cq/plain,f0b8b7c55f92,plain,propagate,strong,"{""dim"": 1, ""distance"": 12, ""length"": 48, ""n_sources"": 1}",1,22500,3,0.8227451344331106,1.0,0.8227451344331106,0.7227222069501877,0.0
bdh_cq,bdh_cq/plain,f0b8b7c55f92,plain,propagate,strong,"{""dim"": 1, ""distance"": 12, ""length"": 48, ""n_sources"": 1}",1,25000,3,0.8259941761692365,1.0,0.8259941761692365,0.7238888736565908,0.0
bdh_cq,bdh_cq/plain,f0b8b7c55f92,plain,propagate,strong,"{""dim"": 1, ""distance"": 12, ""length"": 48, ""n_sources"": 1}",1,27500,3,0.821400873363018,1.0,0.821400873363018,0.7305694299141566,0.0
bdh_cq,bdh_cq/plain,f0b8b7c55f92,plain,propagate,strong,"{""dim"": 1, ""distance"": 12, ""length"": 48, ""n_sources"": 1}",1,30000,3,0.8198914577563604,1.0,0.8198914577563604,0.7345694304307302,0.0
bdh_cq,bdh_cq/plain,f0b8b7c55f92,plain,propagate,strong,"{""dim"": 1, ""distance"": 12, ""length"": 48, ""n_sources"": 1}",1,32500,3,0.8160635630289713,1.0,0.8160635630289713,0.7307083192666372,0.0
bdh_cq,bdh_cq/plain,f0b8b7c55f92,plain,propagate,strong,"{""dim"": 1, ""distance"": 12, ""length"": 48, ""n_sources"": 1}",1,35000,3,0.8198869153857231,1.0,0.8198869153857231,0.7298472075859705,0.0
bdh_cq,bdh_cq/plain,f0b8b7c55f92,plain,propagate,strong,"{""dim"": 1, ""distance"": 12, ""length"": 48, ""n_sources"": 1}",1,37500,3,0.8200860867897669,1.0,0.8200860867897669,0.7287083186308543,0.0
bdh_cq,bdh_cq/plain,f0b8b7c55f92,plain,propagate,strong,"{""dim"": 1, ""distance"": 12, ""length"": 48, ""n_sources"": 1}",1,40000,3,0.8191003128886223,1.0,0.8191003128886223,0.7282083184719085,0.0
bdh_cq,bdh_cq/plain,f0b8b7c55f92,plain,propagate,strong,"{""dim"": 1, ""distance"": 12, ""length"": 48, ""n_sources"": 1}",2,40000,3,0.8185823584596316,0.0,0.8185823584596316,0.7266805406014125,0.0
bdh_cq,bdh_cq/plain,f0b8b7c55f92,plain,propagate,strong,"{""dim"": 1, ""distance"": 12, ""length"": 48, ""n_sources"": 1}",4,2500,3,0.9980471779902776,0.0,0.9737946366270384,0.7395694291591645,0.0
bdh_cq,bdh_cq/plain,f0b8b7c55f92,plain,propagate,strong,"{""dim"": 1, ""distance"": 12, ""length"": 48, ""n_sources"": 1}",4,5000,3,0.9968506768345833,0.0,0.9544084891676903,0.7238749837080638,0.0
bdh_cq,bdh_cq/plain,f0b8b7c55f92,plain,propagate,strong,"{""dim"": 1, ""distance"": 12, ""length"": 48, ""n_sources"": 1}",4,7500,3,0.990150049328804,0.0,0.9418187042077383,0.7296527622938157,0.0
bdh_cq,bdh_cq/plain,f0b8b7c55f92,plain,propagate,strong,"{""dim"": 1, ""distance"": 12, ""length"": 48, ""n_sources"": 1}",4,10000,3,0.9899713123838106,0.0,0.9401011988520622,0.7404305416345597,0.0
bdh_cq,bdh_cq/plain,f0b8b7c55f92,plain,propagate,strong,"{""dim"": 1, ""distance"": 12, ""length"": 48, ""n_sources"": 1}",4,12500,3,0.9888452266653379,0.0,0.9270259489615759,0.7257222063541412,0.0
bdh_cq,bdh_cq/plain,f0b8b7c55f92,plain,propagate,strong,"{""dim"": 1, ""distance"": 12, ""length"": 48, ""n_sources"": 1}",4,15000,3,0.9786331032713255,0.0,0.9186024715503057,0.7186249845425287,0.0
bdh_cq,bdh_cq/plain,f0b8b7c55f92,plain,propagate,strong,"{""dim"": 1, ""distance"": 12, ""length"": 48, ""n_sources"": 1}",4,17500,3,0.9580652589599291,0.0,0.8611777698000272,0.7213749855955441,0.0
bdh_cq,bdh_cq/plain,f0b8b7c55f92,plain,propagate,strong,"{""dim"": 1, ""distance"": 12, ""length"": 48, ""n_sources"": 1}",4,20000,3,0.9475303813815117,0.0,0.835366502404213,0.7159166507124901,0.0
bdh_cq,bdh_cq/plain,f0b8b7c55f92,plain,propagate,strong,"{""dim"": 1, ""distance"": 12, ""length"": 48, ""n_sources"": 1}",4,22500,3,0.9540473222732544,0.0,0.8405634959538778,0.7207222073276838,0.0
bdh_cq,bdh_cq/plain,f0b8b7c55f92,plain,propagate,strong,"{""dim"": 1, ""distance"": 12, ""length"": 48, ""n_sources"": 1}",4,25000,3,0.949145016570886,0.0,0.8436742275953293,0.7219027626514435,0.0
bdh_cq,bdh_cq/plain,f0b8b7c55f92,plain,propagate,strong,"{""dim"": 1, ""distance"": 12, ""length"": 48, ""n_sources"": 1}",4,27500,3,0.9349459235866865,0.0,0.8128508254885674,0.7292360972563426,0.0
bdh_cq,bdh_cq/plain,f0b8b7c55f92,plain,propagate,strong,"{""dim"": 1, ""distance"": 12, ""length"": 48, ""n_sources"": 1}",4,30000,3,0.9245485737919807,0.0,0.8101708913842837,0.7331110978722574,0.0
bdh_cq,bdh_cq/plain,f0b8b7c55f92,plain,propagate,strong,"{""dim"": 1, ""distance"": 12, ""length"": 48, ""n_sources"": 1}",4,32500,3,0.9443060557047526,0.0,0.8281288842360178,0.7294999858140945,0.0
bdh_cq,bdh_cq/plain,f0b8b7c55f92,plain,propagate,strong,"{""dim"": 1, ""distance"": 12, ""length"": 48, ""n_sources"": 1}",4,35000,3,0.934094121058782,0.0,0.8211797252297401,0.7280555410385131,0.0
bdh_cq,bdh_cq/plain,f0b8b7c55f92,plain,propagate,strong,"{""dim"": 1, ""distance"": 12, ""length"": 48, ""n_sources"": 1}",4,37500,3,0.9329445684949557,0.0,0.8186125308275223,0.7267499856551488,0.0
bdh_cq,bdh_cq/plain,f0b8b7c55f92,plain,propagate,strong,"{""dim"": 1, ""distance"": 12, ""length"": 48, ""n_sources"": 1}",4,40000,3,0.935282734533151,0.0,0.8185823584596316,0.7266110965013505,0.0
bdh_cq,bdh_cq/plain,f0b8b7c55f92,plain,propagate,strong,"{""dim"": 1, ""distance"": 12, ""length"": 48, ""n_sources"": 1}",8,40000,3,0.9459050986915827,0.0,0.8176593910902739,0.7273472084005673,0.0
bdh_cq,bdh_cq/plain,f0b8b7c55f92,plain,propagate,strong,"{""dim"": 1, ""distance"": 12, ""length"": 48, ""n_sources"": 1}",16,2500,3,0.9997703656554222,0.0,0.9737946366270384,0.7347222064336142,0.0
bdh_cq,bdh_cq/plain,f0b8b7c55f92,plain,propagate,strong,"{""dim"": 1, ""distance"": 12, ""length"": 48, ""n_sources"": 1}",16,5000,3,0.999855582912763,0.0,0.9544084891676903,0.7227916506528854,0.0
bdh_cq,bdh_cq/plain,f0b8b7c55f92,plain,propagate,strong,"{""dim"": 1, ""distance"": 12, ""length"": 48, ""n_sources"": 1}",16,7500,3,0.9995669474204382,0.0,0.9418187042077383,0.7239166541894276,0.0
bdh_cq,bdh_cq/plain,f0b8b7c55f92,plain,propagate,strong,"{""dim"": 1, ""distance"": 12, ""length"": 48, ""n_sources"": 1}",16,10000,3,0.9994119455416998,0.0,0.9401011988520622,0.7313888781865439,0.0
bdh_cq,bdh_cq/plain,f0b8b7c55f92,plain,propagate,strong,"{""dim"": 1, ""distance"": 12, ""length"": 48, ""n_sources"": 1}",16,12500,3,0.998302218814691,0.0,0.9270259489615759,0.716680544257164,0.0
bdh_cq,bdh_cq/plain,f0b8b7c55f92,plain,propagate,strong,"{""dim"": 1, ""distance"": 12, ""length"": 48, ""n_sources"": 1}",16,15000,3,0.9960502038399378,0.0,0.9186024715503057,0.7154722090363502,0.0
bdh_cq,bdh_cq/plain,f0b8b7c55f92,plain,propagate,strong,"{""dim"": 1, ""distance"": 12, ""length"": 48, ""n_sources"": 1}",16,17500,3,0.9647620990872383,0.0,0.8611777698000272,0.717291653474172,0.0
bdh_cq,bdh_cq/plain,f0b8b7c55f92,plain,propagate,strong,"{""dim"": 1, ""distance"": 12, ""length"": 48, ""n_sources"": 1}",16,20000,3,0.9657751694321632,0.0,0.835366502404213,0.715902762512366,0.0
bdh_cq,bdh_cq/plain,f0b8b7c55f92,plain,propagate,strong,"{""dim"": 1, ""distance"": 12, ""length"": 48, ""n_sources"": 1}",16,22500,3,0.9672905628879865,0.0,0.8405634959538778,0.7191805412968,0.0
bdh_cq,bdh_cq/plain,f0b8b7c55f92,plain,propagate,strong,"{""dim"": 1, ""distance"": 12, ""length"": 48, ""n_sources"": 1}",16,25000,3,0.9557902663946152,0.0,0.8436742275953293,0.7201944302717843,0.0
bdh_cq,bdh_cq/plain,f0b8b7c55f92,plain,propagate,strong,"{""dim"": 1, ""distance"": 12, ""length"": 48, ""n_sources"": 1}",16,27500,3,0.9498657137155533,0.0,0.8128508254885674,0.7306249864101412,0.0
bdh_cq,bdh_cq/plain,f0b8b7c55f92,plain,propagate,strong,"{""dim"": 1, ""distance"": 12, ""length"": 48, ""n_sources"": 1}",16,30000,3,0.9483333478371302,0.0,0.8101708913842837,0.7352222092549004,0.0
bdh_cq,bdh_cq/plain,f0b8b7c55f92,plain,propagate,strong,"{""dim"": 1, ""distance"": 12, ""length"": 48, ""n_sources"": 1}",16,32500,3,0.9510450412829717,0.0,0.8281288842360178,0.730874986588955,0.0
bdh_cq,bdh_cq/plain,f0b8b7c55f92,plain,propagate,strong,"{""dim"": 1, ""distance"": 12, ""length"": 48, ""n_sources"": 1}",16,35000,3,0.9500031272570292,0.0,0.8211797252297401,0.7301805422703426,0.0
bdh_cq,bdh_cq/plain,f0b8b7c55f92,plain,propagate,strong,"{""dim"": 1, ""distance"": 12, ""length"": 48, ""n_sources"": 1}",16,37500,3,0.9467688898245493,0.0,0.8186125308275223,0.7283472089370092,0.0
bdh_cq,bdh_cq/plain,f0b8b7c55f92,plain,propagate,strong,"{""dim"": 1, ""distance"": 12, ""length"": 48, ""n_sources"": 1}",16,40000,3,0.9458014741539955,0.0,0.8185823584596316,0.7277222087780634,0.0
bdh_cq,bdh_cq/plain,f0b8b7c55f92,plain,propagate,strong,"{""dim"": 1, ""distance"": 12, ""length"": 48, ""n_sources"": 1}",32,40000,3,0.964721692726016,0.0,0.8176593910902739,0.7353333192467689,0.0
bdh_cq,bdh_cq/plain,f0b8b7c55f92,plain,propagate,strong,"{""dim"": 1, ""distance"": 24, ""length"": 48, ""n_sources"": 1}",1,2500,3,0.9152852495511373,1.0,0.9152852495511373,0.6021250027815501,0.0
bdh_cq,bdh_cq/plain,f0b8b7c55f92,plain,propagate,strong,"{""dim"": 1, ""distance"": 24, ""length"": 48, ""n_sources"": 1}",1,5000,3,0.8779576470454534,1.0,0.8779576470454534,0.5704861126939456,0.0
bdh_cq,bdh_cq/plain,f0b8b7c55f92,plain,propagate,strong,"{""dim"": 1, ""distance"": 24, ""length"": 48, ""n_sources"": 1}",1,7500,3,0.8763368825117747,1.0,0.8763368825117747,0.5896111118197441,0.0
bdh_cq,bdh_cq/plain,f0b8b7c55f92,plain,propagate,strong,"{""dim"": 1, ""distance"": 24, ""length"": 48, ""n_sources"": 1}",1,10000,3,0.8702890574932098,1.0,0.8702890574932098,0.6342777782877286,0.0
bdh_cq,bdh_cq/plain,f0b8b7c55f92,plain,propagate,strong,"{""dim"": 1, ""distance"": 24, ""length"": 48, ""n_sources"": 1}",1,12500,3,0.8668859203656515,1.0,0.8668859203656515,0.5868194454809029,0.0
bdh_cq,bdh_cq/plain,f0b8b7c55f92,plain,propagate,strong,"{""dim"": 1, ""distance"": 24, ""length"": 48, ""n_sources"": 1}",1,15000,3,0.8463143656651179,1.0,0.8463143656651179,0.5471111119886239,0.0
bdh_cq,bdh_cq/plain,f0b8b7c55f92,plain,propagate,strong,"{""dim"": 1, ""distance"": 24, ""length"": 48, ""n_sources"": 1}",1,17500,3,0.8357564161221186,1.0,0.8357564161221186,0.5385416689217091,0.0
bdh_cq,bdh_cq/plain,f0b8b7c55f92,plain,propagate,strong,"{""dim"": 1, ""distance"": 24, ""length"": 48, ""n_sources"": 1}",1,20000,3,0.8383384644985199,1.0,0.8383384644985199,0.5018472256213427,0.0
bdh_cq,bdh_cq/plain,f0b8b7c55f92,plain,propagate,strong,"{""dim"": 1, ""distance"": 24, ""length"": 48, ""n_sources"": 1}",1,22500,3,0.826132004459699,1.0,0.826132004459699,0.5169722253580887,0.0
bdh_cq,bdh_cq/plain,f0b8b7c55f92,plain,propagate,strong,"{""dim"": 1, ""distance"": 24, ""length"": 48, ""n_sources"": 1}",1,25000,3,0.8325771490732828,1.0,0.8325771490732828,0.5245416693091393,0.0
bdh_cq,bdh_cq/plain,f0b8b7c55f92,plain,propagate,strong,"{""dim"": 1, ""distance"": 24, ""length"": 48, ""n_sources"": 1}",1,27500,3,0.8248044028878212,1.0,0.8248044028878212,0.546541668454806,0.0
bdh_cq,bdh_cq/plain,f0b8b7c55f92,plain,propagate,strong,"{""dim"": 1, ""distance"": 24, ""length"": 48, ""n_sources"": 1}",1,30000,3,0.8204771354794502,1.0,0.8204771354794502,0.5601527793506781,0.0
bdh_cq,bdh_cq/plain,f0b8b7c55f92,plain,propagate,strong,"{""dim"": 1, ""distance"": 24, ""length"": 48, ""n_sources"": 1}",1,32500,3,0.8171110823750496,1.0,0.8171110823750496,0.5446527801156044,0.0
bdh_cq,bdh_cq/plain,f0b8b7c55f92,plain,propagate,strong,"{""dim"": 1, ""distance"": 24, ""length"": 48, ""n_sources"": 1}",1,35000,3,0.819550909101963,1.0,0.819550909101963,0.5424722248117129,0.0
bdh_cq,bdh_cq/plain,f0b8b7c55f92,plain,propagate,strong,"{""dim"": 1, ""distance"": 24, ""length"": 48, ""n_sources"": 1}",1,37500,3,0.8190928399562836,1.0,0.8190928399562836,0.5396527798970542,0.0
bdh_cq,bdh_cq/plain,f0b8b7c55f92,plain,propagate,strong,"{""dim"": 1, ""distance"": 24, ""length"": 48, ""n_sources"": 1}",1,40000,3,0.8186199540893236,1.0,0.8186199540893236,0.5387500024835269,0.0
bdh_cq,bdh_cq/plain,f0b8b7c55f92,plain,propagate,strong,"{""dim"": 1, ""distance"": 24, ""length"": 48, ""n_sources"": 1}",2,40000,3,0.8507627720634142,0.0,0.8507627720634142,0.5356388909518719,0.0
bdh_cq,bdh_cq/plain,f0b8b7c55f92,plain,propagate,strong,"{""dim"": 1, ""distance"": 24, ""length"": 48, ""n_sources"": 1}",4,2500,3,0.9982060417532921,0.0,0.9749287019173304,0.5949166698853174,0.0
bdh_cq,bdh_cq/plain,f0b8b7c55f92,plain,propagate,strong,"{""dim"": 1, ""distance"": 24, ""length"": 48, ""n_sources"": 1}",4,5000,3,0.9963707079490026,0.0,0.9585093880693117,0.5586250020662944,0.0
bdh_cq,bdh_cq/plain,f0b8b7c55f92,plain,propagate,strong,"{""dim"": 1, ""distance"": 24, ""length"": 48, ""n_sources"": 1}",4,7500,3,0.9884535670280457,0.0,0.9405666217207909,0.5735000014702479,0.0
bdh_cq,bdh_cq/plain,f0b8b7c55f92,plain,propagate,strong,"{""dim"": 1, ""distance"": 24, ""length"": 48, ""n_sources"": 1}",4,10000,3,0.990042008459568,0.0,0.9335330302516619,0.6086250000596046,0.0
bdh_cq,bdh_cq/plain,f0b8b7c55f92,plain,propagate,strong,"{""dim"": 1, ""distance"": 24, ""length"": 48, ""n_sources"": 1}",4,12500,3,0.9872901688019434,0.0,0.9257681369781494,0.5641805565655232,0.0
bdh_cq,bdh_cq/plain,f0b8b7c55f92,plain,propagate,strong,"{""dim"": 1, ""distance"": 24, ""length"": 48, ""n_sources"": 1}",4,15000,3,0.9820434525609016,0.0,0.9137322927514712,0.5373750005463759,0.0
bdh_cq,bdh_cq/plain,f0b8b7c55f92,plain,propagate,strong,"{""dim"": 1, ""distance"": 24, ""length"": 48, ""n_sources"": 1}",4,17500,3,0.9491988445321718,0.0,0.8384965260823568,0.5376944467276336,0.0
bdh_cq,bdh_cq/plain,f0b8b7c55f92,plain,propagate,strong,"{""dim"": 1, ""distance"": 24, ""length"": 48, ""n_sources"": 1}",4,20000,3,0.9652403220534325,0.0,0.8390215461452802,0.5050833363433679,0.0
bdh_cq,bdh_cq/plain,f0b8b7c55f92,plain,propagate,strong,"{""dim"": 1, ""distance"": 24, ""length"": 48, ""n_sources"": 1}",4,22500,3,0.9624298612276713,0.0,0.851078450679779,0.5198888911853233,0.0
bdh_cq,bdh_cq/plain,f0b8b7c55f92,plain,propagate,strong,"{""dim"": 1, ""distance"": 24, ""length"": 48, ""n_sources"": 1}",4,25000,3,0.9628262569506963,0.0,0.8571003799637159,0.5258055579637487,0.0
bdh_cq,bdh_cq/plain,f0b8b7c55f92,plain,propagate,strong,"{""dim"": 1, ""distance"": 24, ""length"": 48, ""n_sources"": 1}",4,27500,3,0.9501249144474665,0.0,0.8445033406217893,0.5484166686634223,0.0
bdh_cq,bdh_cq/plain,f0b8b7c55f92,plain,propagate,strong,"{""dim"": 1, ""distance"": 24, ""length"": 48, ""n_sources"": 1}",4,30000,3,0.9454168379306793,0.0,0.8514150852958361,0.5621111130764086,0.0
bdh_cq,bdh_cq/plain,f0b8b7c55f92,plain,propagate,strong,"{""dim"": 1, ""distance"": 24, ""length"": 48, ""n_sources"": 1}",4,32500,3,0.9517353549599648,0.0,0.8595891868074735,0.547375001847744,0.0
bdh_cq,bdh_cq/plain,f0b8b7c55f92,plain,propagate,strong,"{""dim"": 1, ""distance"": 24, ""length"": 48, ""n_sources"": 1}",4,35000,3,0.9387189944585165,0.0,0.8499738772710165,0.5433611131558815,0.0
bdh_cq,bdh_cq/plain,f0b8b7c55f92,plain,propagate,strong,"{""dim"": 1, ""distance"": 24, ""length"": 48, ""n_sources"": 1}",4,37500,3,0.9366727396845818,0.0,0.8503011738260587,0.5402916685591141,0.0
bdh_cq,bdh_cq/plain,f0b8b7c55f92,plain,propagate,strong,"{""dim"": 1, ""distance"": 24, ""length"": 48, ""n_sources"": 1}",4,40000,3,0.9387386788924535,0.0,0.8507627720634142,0.5399305576235056,0.0
bdh_cq,bdh_cq/plain,f0b8b7c55f92,plain,propagate,strong,"{""dim"": 1, ""distance"": 24, ""length"": 48, ""n_sources"": 1}",8,40000,3,0.9525759089738131,0.0,0.8183227572590113,0.5478333351612091,0.0
bdh_cq,bdh_cq/plain,f0b8b7c55f92,plain,propagate,strong,"{""dim"": 1, ""distance"": 24, ""length"": 48, ""n_sources"": 1}",16,2500,3,0.9999573503931364,0.0,0.9749287019173304,0.5774305596152942,0.0
bdh_cq,bdh_cq/plain,f0b8b7c55f92,plain,propagate,strong,"{""dim"": 1, ""distance"": 24, ""length"": 48, ""n_sources"": 1}",16,5000,3,0.9997479120890299,0.0,0.9585093880693117,0.5617916696667672,0.0
bdh_cq,bdh_cq/plain,f0b8b7c55f92,plain,propagate,strong,"{""dim"": 1, ""distance"": 24, ""length"": 48, ""n_sources"": 1}",16,7500,3,0.999308854341507,0.0,0.9405666217207909,0.5806527798970541,0.0
bdh_cq,bdh_cq/plain,f0b8b7c55f92,plain,propagate,strong,"{""dim"": 1, ""distance"": 24, ""length"": 48, ""n_sources"": 1}",16,10000,3,0.999000591536363,0.0,0.9335330302516619,0.5879861129522324,0.0
bdh_cq,bdh_cq/plain,f0b8b7c55f92,plain,propagate,strong,"{""dim"": 1, ""distance"": 24, ""length"": 48, ""n_sources"": 1}",16,12500,3,0.9977759073177973,0.0,0.9257681369781494,0.5389861128032208,0.0
bdh_cq,bdh_cq/plain,f0b8b7c55f92,plain,propagate,strong,"{""dim"": 1, ""distance"": 24, ""length"": 48, ""n_sources"": 1}",16,15000,3,0.9976935883363088,0.0,0.9137322927514712,0.5378611131310463,0.0
bdh_cq,bdh_cq/plain,f0b8b7c55f92,plain,propagate,strong,"{""dim"": 1, ""distance"": 24, ""length"": 48, ""n_sources"": 1}",16,17500,3,0.9690206696589788,0.0,0.8384965260823568,0.5409722253382205,0.0
bdh_cq,bdh_cq/plain,f0b8b7c55f92,plain,propagate,strong,"{""dim"": 1, ""distance"": 24, ""length"": 48, ""n_sources"": 1}",16,20000,3,0.9679165383179983,0.0,0.8390215461452802,0.516472225566705,0.0
bdh_cq,bdh_cq/plain,f0b8b7c55f92,plain,propagate,strong,"{""dim"": 1, ""distance"": 24, ""length"": 48, ""n_sources"": 1}",16,22500,3,0.9690219561258951,0.0,0.851078450679779,0.5247222247670095,0.0
bdh_cq,bdh_cq/plain,f0b8b7c55f92,plain,propagate,strong,"{""dim"": 1, ""distance"": 24, ""length"": 48, ""n_sources"": 1}",16,25000,3,0.9666379764676094,0.0,0.8571003799637159,0.5289444474925596,0.0
bdh_cq,bdh_cq/plain,f0b8b7c55f92,plain,propagate,strong,"{""dim"": 1, ""distance"": 24, ""length"": 48, ""n_sources"": 1}",16,27500,3,0.9632292116681734,0.0,0.8445033406217893,0.5598611136128505,0.0
bdh_cq,bdh_cq/plain,f0b8b7c55f92,plain,propagate,strong,"{""dim"": 1, ""distance"": 24, ""length"": 48, ""n_sources"": 1}",16,30000,3,0.9498243431250254,0.0,0.8514150852958361,0.579944446320335,0.0
bdh_cq,bdh_cq/plain,f0b8b7c55f92,plain,propagate,strong,"{""dim"": 1, ""distance"": 24, ""length"": 48, ""n_sources"": 1}",16,32500,3,0.9562420894702276,0.0,0.8595891868074735,0.5654583357671896,0.0
bdh_cq,bdh_cq/plain,f0b8b7c55f92,plain,propagate,strong,"{""dim"": 1, ""distance"": 24, ""length"": 48, ""n_sources"": 1}",16,35000,3,0.9566717445850372,0.0,0.8499738772710165,0.5596388908475638,0.0
bdh_cq,bdh_cq/plain,f0b8b7c55f92,plain,propagate,strong,"{""dim"": 1, ""distance"": 24, ""length"": 48, ""n_sources"": 1}",16,37500,3,0.9551779503623644,0.0,0.8503011738260587,0.5535694465984902,0.0
bdh_cq,bdh_cq/plain,f0b8b7c55f92,plain,propagate,strong,"{""dim"": 1, ""distance"": 24, ""length"": 48, ""n_sources"": 1}",16,40000,3,0.9574092874924341,0.0,0.8507627720634142,0.5537777800609668,0.0
bdh_cq,bdh_cq/plain,f0b8b7c55f92,plain,propagate,strong,"{""dim"": 1, ""distance"": 24, ""length"": 48, ""n_sources"": 1}",32,40000,3,0.9684836138039827,0.0,0.8183227572590113,0.5587222242752711,0.0
bdh_cq,bdh_cq/residual,cb0b76097aaf,residual,propagate,interp,"{""dim"": 1, ""distance"": 1, ""length"": 12, ""n_sources"": 1}",1,2500,3,0.8671054169535637,1.0,0.8671054169535637,0.8003160226606799,0.0
bdh_cq,bdh_cq/residual,cb0b76097aaf,residual,propagate,interp,"{""dim"": 1, ""distance"": 1, ""length"": 12, ""n_sources"": 1}",1,5000,3,0.8537098914384842,1.0,0.8537098914384842,0.7931636613970269,0.0019960079840319364
bdh_cq,bdh_cq/residual,cb0b76097aaf,residual,propagate,interp,"{""dim"": 1, ""distance"": 1, ""length"": 12, ""n_sources"": 1}",1,7500,3,0.8532697657744089,1.0,0.8532697657744089,0.8209414427984737,0.006986027944111777
bdh_cq,bdh_cq/residual,cb0b76097aaf,residual,propagate,interp,"{""dim"": 1, ""distance"": 1, ""length"": 12, ""n_sources"": 1}",1,10000,3,0.8337465350826582,1.0,0.8337465350826582,0.8602794402849652,0.06986027944111776
bdh_cq,bdh_cq/residual,cb0b76097aaf,residual,propagate,interp,"{""dim"": 1, ""distance"": 1, ""length"": 12, ""n_sources"": 1}",1,12500,3,0.8317204862833023,1.0,0.8317204862833023,0.9255655399577586,0.40618762475049897
bdh_cq,bdh_cq/residual,cb0b76097aaf,residual,propagate,interp,"{""dim"": 1, ""distance"": 1, ""length"": 12, ""n_sources"": 1}",1,15000,3,0.8462864384055138,1.0,0.8462864384055138,0.9762974076880191,0.7864271457085829
bdh_cq,bdh_cq/residual,cb0b76097aaf,residual,propagate,interp,"{""dim"": 1, ""distance"": 1, ""length"": 12, ""n_sources"": 1}",1,17500,3,0.8419944370786349,1.0,0.8419944370786349,0.9961743188832335,0.9550898203592815
bdh_cq,bdh_cq/residual,cb0b76097aaf,residual,propagate,interp,"{""dim"": 1, ""distance"": 1, ""length"": 12, ""n_sources"": 1}",1,20000,3,0.8337680622935295,1.0,0.8337680622935295,0.9980871594713596,0.9770459081836327
bdh_cq,bdh_cq/residual,cb0b76097aaf,residual,propagate,interp,"{""dim"": 1, ""distance"": 1, ""length"": 12, ""n_sources"": 1}",1,22500,3,0.8387226412693659,1.0,0.8387226412693659,0.9985861612889105,0.9840319361277445
bdh_cq,bdh_cq/residual,cb0b76097aaf,residual,propagate,interp,"{""dim"": 1, ""distance"": 1, ""length"": 12, ""n_sources"": 1}",1,25000,3,0.835737444460392,1.0,0.835737444460392,0.9990851631659471,0.9910179640718563
bdh_cq,bdh_cq/residual,cb0b76097aaf,residual,propagate,interp,"{""dim"": 1, ""distance"": 1, ""length"": 12, ""n_sources"": 1}",1,27500,3,0.8303717151284218,1.0,0.8303717151284218,0.9995841651024695,0.9950099800399202
bdh_cq,bdh_cq/residual,cb0b76097aaf,residual,propagate,interp,"{""dim"": 1, ""distance"": 1, ""length"": 12, ""n_sources"": 1}",1,30000,3,0.8321848412354788,1.0,0.8321848412354788,0.9996673320819754,0.9960079840319361
bdh_cq,bdh_cq/residual,cb0b76097aaf,residual,propagate,interp,"{""dim"": 1, ""distance"": 1, ""length"": 12, ""n_sources"": 1}",1,32500,3,0.8341349090139071,1.0,0.8341349090139071,0.9999168330204938,0.999001996007984
bdh_cq,bdh_cq/residual,cb0b76097aaf,residual,propagate,interp,"{""dim"": 1, ""distance"": 1, ""length"": 12, ""n_sources"": 1}",1,35000,3,0.8323736265301704,1.0,0.8323736265301704,0.9998336660409878,0.9980039920159681
bdh_cq,bdh_cq/residual,cb0b76097aaf,residual,propagate,interp,"{""dim"": 1, ""distance"": 1, ""length"": 12, ""n_sources"": 1}",1,37500,3,0.8318642054994901,1.0,0.8318642054994901,1.0,1.0
bdh_cq,bdh_cq/residual,cb0b76097aaf,residual,propagate,interp,"{""dim"": 1, ""distance"": 1, ""length"": 12, ""n_sources"": 1}",1,40000,3,0.8313135082523028,1.0,0.8313135082523028,1.0,1.0
bdh_cq,bdh_cq/residual,cb0b76097aaf,residual,propagate,interp,"{""dim"": 1, ""distance"": 1, ""length"": 12, ""n_sources"": 1}",2,40000,3,0.9645266284545263,0.0,0.9645266284545263,1.0,1.0
bdh_cq,bdh_cq/residual,cb0b76097aaf,residual,propagate,interp,"{""dim"": 1, ""distance"": 1, ""length"": 12, ""n_sources"": 1}",4,2500,3,0.9983905454476675,0.0,0.9796600391467413,0.7992348519271005,0.0
bdh_cq,bdh_cq/residual,cb0b76097aaf,residual,propagate,interp,"{""dim"": 1, ""distance"": 1, ""length"": 12, ""n_sources"": 1}",4,5000,3,0.9980067138870558,0.0,0.9773944343129793,0.7914171540838278,0.0
bdh_cq,bdh_cq/residual,cb0b76097aaf,residual,propagate,interp,"{""dim"": 1, ""distance"": 1, ""length"": 12, ""n_sources"": 1}",4,7500,3,0.9978415295481682,0.0,0.9777763585249583,0.8016466963404191,0.0
bdh_cq,bdh_cq/residual,cb0b76097aaf,residual,propagate,interp,"{""dim"": 1, ""distance"": 1, ""length"": 12, ""n_sources"": 1}",4,10000,3,0.9979616304238638,0.0,0.9755372976263365,0.833499661551978,0.016966067864271458
bdh_cq,bdh_cq/residual,cb0b76097aaf,residual,propagate,interp,"{""dim"": 1, ""distance"": 1, ""length"": 12, ""n_sources"": 1}",4,12500,3,0.9972428381443024,0.0,0.9727034419775009,0.8961244207358884,0.2305389221556886
bdh_cq,bdh_cq/residual,cb0b76097aaf,residual,propagate,interp,"{""dim"": 1, ""distance"": 1, ""length"": 12, ""n_sources"": 1}",4,15000,3,0.996350442369779,0.0,0.9711355268955231,0.9703093864127785,0.6766467065868262
bdh_cq,bdh_cq/residual,cb0b76097aaf,residual,propagate,interp,"{""dim"": 1, ""distance"": 1, ""length"": 12, ""n_sources"": 1}",4,17500,3,0.9961664080619812,0.0,0.9703294013937315,0.9942614782356216,0.934131736526946
bdh_cq,bdh_cq/residual,cb0b76097aaf,residual,propagate,interp,"{""dim"": 1, ""distance"": 1, ""length"": 12, ""n_sources"": 1}",4,20000,3,0.9960272734363874,0.0,0.967193161447843,0.9932634744815484,0.9221556886227544
bdh_cq,bdh_cq/residual,cb0b76097aaf,residual,propagate,interp,"{""dim"": 1, ""distance"": 1, ""length"": 12, ""n_sources"": 1}",4,22500,3,0.9960359012087187,0.0,0.9677196368575096,0.9991683301454533,0.9910179640718563
bdh_cq,bdh_cq/residual,cb0b76097aaf,residual,propagate,interp,"{""dim"": 1, ""distance"": 1, ""length"": 12, ""n_sources"": 1}",4,25000,3,0.9960973287622134,0.0,0.9671503777305285,0.9995009981229633,0.9940119760479043
bdh_cq,bdh_cq/residual,cb0b76097aaf,residual,propagate,interp,"{""dim"": 1, ""distance"": 1, ""length"": 12, ""n_sources"": 1}",4,27500,3,0.9963177889585495,0.0,0.9655482247471809,0.9995841651024695,0.9950099800399202
bdh_cq,bdh_cq/residual,cb0b76097aaf,residual,propagate,interp,"{""dim"": 1, ""distance"": 1, ""length"": 12, ""n_sources"": 1}",4,30000,3,0.99599755803744,0.0,0.9651782636841139,1.0,1.0
bdh_cq,bdh_cq/residual,cb0b76097aaf,residual,propagate,interp,"{""dim"": 1, ""distance"": 1, ""length"": 12, ""n_sources"": 1}",4,32500,3,0.9961235250035921,0.0,0.9655457610885302,0.9999168330204938,0.999001996007984
bdh_cq,bdh_cq/residual,cb0b76097aaf,residual,propagate,interp,"{""dim"": 1, ""distance"": 1, ""length"": 12, ""n_sources"": 1}",4,35000,3,0.9959597686926523,0.0,0.9648173799117407,1.0,1.0
bdh_cq,bdh_cq/residual,cb0b76097aaf,residual,propagate,interp,"{""dim"": 1, ""distance"": 1, ""length"": 12, ""n_sources"": 1}",4,37500,3,0.9960556253790855,0.0,0.9647357563177744,1.0,1.0
bdh_cq,bdh_cq/residual,cb0b76097aaf,residual,propagate,interp,"{""dim"": 1, ""distance"": 1, ""length"": 12, ""n_sources"": 1}",4,40000,3,0.9960410123070081,0.0,0.9645266284545263,1.0,1.0
bdh_cq,bdh_cq/residual,cb0b76097aaf,residual,propagate,interp,"{""dim"": 1, ""distance"": 1, ""length"": 12, ""n_sources"": 1}",8,40000,3,0.9995734567443529,0.0,0.9654730744659901,0.7603958720813493,0.0
bdh_cq,bdh_cq/residual,cb0b76097aaf,residual,propagate,interp,"{""dim"": 1, ""distance"": 1, ""length"": 12, ""n_sources"": 1}",16,2500,3,0.999989648660024,0.0,0.9796600391467413,0.7703759100384818,0.0
bdh_cq,bdh_cq/residual,cb0b76097aaf,residual,propagate,interp,"{""dim"": 1, ""distance"": 1, ""length"": 12, ""n_sources"": 1}",16,5000,3,0.9999773974219958,0.0,0.9773944343129793,0.7543246827558606,0.0
bdh_cq,bdh_cq/residual,cb0b76097aaf,residual,propagate,interp,"{""dim"": 1, ""distance"": 1, ""length"": 12, ""n_sources"": 1}",16,7500,3,0.9999789223074913,0.0,0.9777763585249583,0.7501663340184979,0.0
bdh_cq,bdh_cq/residual,cb0b76097aaf,residual,propagate,interp,"{""dim"": 1, ""distance"": 1, ""length"": 12, ""n_sources"": 1}",16,10000,3,0.9999791408578554,0.0,0.9755372976263365,0.7504990018770367,0.0
bdh_cq,bdh_cq/residual,cb0b76097aaf,residual,propagate,interp,"{""dim"": 1, ""distance"": 1, ""length"": 12, ""n_sources"": 1}",16,12500,3,0.9999775439500809,0.0,0.9727034419775009,0.7603958722300636,0.0
bdh_cq,bdh_cq/residual,cb0b76097aaf,residual,propagate,interp,"{""dim"": 1, ""distance"": 1, ""length"": 12, ""n_sources"": 1}",16,15000,3,0.9999740744630495,0.0,0.9711355268955231,0.765385891149144,0.0
bdh_cq,bdh_cq/residual,cb0b76097aaf,residual,propagate,interp,"{""dim"": 1, ""distance"": 1, ""length"": 12, ""n_sources"": 1}",16,17500,3,0.9999741539359093,0.0,0.9703294013937315,0.7668828968397395,0.0
bdh_cq,bdh_cq/residual,cb0b76097aaf,residual,propagate,interp,"{""dim"": 1, ""distance"": 1, ""length"": 12, ""n_sources"": 1}",16,20000,3,0.999973307053248,0.0,0.967193161447843,0.7669660638192456,0.0
bdh_cq,bdh_cq/residual,cb0b76097aaf,residual,propagate,interp,"{""dim"": 1, ""distance"": 1, ""length"": 12, ""n_sources"": 1}",16,22500,3,0.9999734833836555,0.0,0.9677196368575096,0.7667997298602334,0.0
bdh_cq,bdh_cq/residual,cb0b76097aaf,residual,propagate,interp,"{""dim"": 1, ""distance"": 1, ""length"": 12, ""n_sources"": 1}",16,25000,3,0.9999730288982391,0.0,0.9671503777305285,0.7667165628807274,0.0
bdh_cq,bdh_cq/residual,cb0b76097aaf,residual,propagate,interp,"{""dim"": 1, ""distance"": 1, ""length"": 12, ""n_sources"": 1}",16,27500,3,0.9999733194708824,0.0,0.9655482247471809,0.7669660638192456,0.0
bdh_cq,bdh_cq/residual,cb0b76097aaf,residual,propagate,interp,"{""dim"": 1, ""distance"": 1, ""length"": 12, ""n_sources"": 1}",16,30000,3,0.99997295687596,0.0,0.9651782636841139,0.7667165628807274,0.0
bdh_cq,bdh_cq/residual,cb0b76097aaf,residual,propagate,interp,"{""dim"": 1, ""distance"": 1, ""length"": 12, ""n_sources"": 1}",16,32500,3,0.9999730785687765,0.0,0.9655457610885302,0.7669660638787313,0.0
bdh_cq,bdh_cq/residual,cb0b76097aaf,residual,propagate,interp,"{""dim"": 1, ""distance"": 1, ""length"": 12, ""n_sources"": 1}",16,35000,3,0.9999726166327795,0.0,0.9648173799117407,0.7666333959012213,0.0
bdh_cq,bdh_cq/residual,cb0b76097aaf,residual,propagate,interp,"{""dim"": 1, ""distance"": 1, ""length"": 12, ""n_sources"": 1}",16,37500,3,0.9999727581938108,0.0,0.9647357563177744,0.7667165628807274,0.0
bdh_cq,bdh_cq/residual,cb0b76097aaf,residual,propagate,interp,"{""dim"": 1, ""distance"": 1, ""length"": 12, ""n_sources"": 1}",16,40000,3,0.9999727184573809,0.0,0.9645266284545263,0.7666333959012213,0.0
bdh_cq,bdh_cq/residual,cb0b76097aaf,residual,propagate,interp,"{""dim"": 1, ""distance"": 1, ""length"": 12, ""n_sources"": 1}",32,2500,3,0.9999993182718754,0.0,0.9804209774980942,0.7548236848708397,0.0
bdh_cq,bdh_cq/residual,cb0b76097aaf,residual,propagate,interp,"{""dim"": 1, ""distance"": 1, ""length"": 12, ""n_sources"": 1}",32,5000,3,0.9999984726309776,0.0,0.9768248982727528,0.742265470192104,0.0
bdh_cq,bdh_cq/residual,cb0b76097aaf,residual,propagate,interp,"{""dim"": 1, ""distance"": 1, ""length"": 12, ""n_sources"": 1}",32,7500,3,0.999998589977622,0.0,0.977106566230456,0.7463406526117385,0.0
bdh_cq,bdh_cq/residual,cb0b76097aaf,residual,propagate,interp,"{""dim"": 1, ""distance"": 1, ""length"": 12, ""n_sources"": 1}",32,10000,3,0.999998651444912,0.0,0.9761822981139024,0.7490851631064613,0.0
bdh_cq,bdh_cq/residual,cb0b76097aaf,residual,propagate,interp,"{""dim"": 1, ""distance"": 1, ""length"": 12, ""n_sources"": 1}",32,12500,3,0.9999985775599877,0.0,0.9732893488059441,0.75723552709806,0.0
bdh_cq,bdh_cq/residual,cb0b76097aaf,residual,propagate,interp,"{""dim"": 1, ""distance"": 1, ""length"": 12, ""n_sources"": 1}",32,15000,3,0.9999984167516232,0.0,0.9709627566238245,0.7666333959012213,0.0
bdh_cq,bdh_cq/residual,cb0b76097aaf,residual,propagate,interp,"{""dim"": 1, ""distance"": 1, ""length"": 12, ""n_sources"": 1}",32,17500,3,0.9999984453121821,0.0,0.9700262049833933,0.7665502288027438,0.0
bdh_cq,bdh_cq/residual,cb0b76097aaf,residual,propagate,interp,"{""dim"": 1, ""distance"": 1, ""length"": 12, ""n_sources"": 1}",32,20000,3,0.9999983552843332,0.0,0.9675779162595669,0.7669660638192456,0.0
bdh_cq,bdh_cq/residual,cb0b76097aaf,residual,propagate,interp,"{""dim"": 1, ""distance"": 1, ""length"": 12, ""n_sources"": 1}",32,22500,3,0.999998377636075,0.0,0.9682205282151699,0.7669660638192456,0.0
bdh_cq,bdh_cq/residual,cb0b76097aaf,residual,propagate,interp,"{""dim"": 1, ""distance"": 1, ""length"": 12, ""n_sources"": 1}",32,25000,3,0.9999983596305052,0.0,0.9681141059845686,0.7667997298602335,0.0
bdh_cq,bdh_cq/residual,cb0b76097aaf,residual,propagate,interp,"{""dim"": 1, ""distance"": 1, ""length"": 12, ""n_sources"": 1}",32,27500,3,0.999998377636075,0.0,0.9667417369782925,0.7668828968397395,0.0
bdh_cq,bdh_cq/residual,cb0b76097aaf,residual,propagate,interp,"{""dim"": 1, ""distance"": 1, ""length"": 12, ""n_sources"": 1}",32,30000,3,0.9999983503172795,0.0,0.9659143344809612,0.7666333958417356,0.0
bdh_cq,bdh_cq/residual,cb0b76097aaf,residual,propagate,interp,"{""dim"": 1, ""distance"": 1, ""length"": 12, ""n_sources"": 1}",32,32500,3,0.9999983751525482,0.0,0.9662025614331166,0.7669660638192456,0.0
bdh_cq,bdh_cq/residual,cb0b76097aaf,residual,propagate,interp,"{""dim"": 1, ""distance"": 1, ""length"": 12, ""n_sources"": 1}",32,35000,3,0.9999983378996452,0.0,0.965689500172933,0.7669660638192456,0.0
bdh_cq,bdh_cq/residual,cb0b76097aaf,residual,propagate,interp,"{""dim"": 1, ""distance"": 1, ""length"": 12, ""n_sources"": 1}",32,37500,3,0.999998347212871,0.0,0.9656272468467554,0.7669660638192456,0.0
bdh_cq,bdh_cq/residual,cb0b76097aaf,residual,propagate,interp,"{""dim"": 1, ""distance"": 1, ""length"": 12, ""n_sources"": 1}",32,40000,3,0.9999983441084623,0.0,0.9654730744659901,0.7669660638192456,0.0
bdh_cq,bdh_cq/residual,cb0b76097aaf,residual,propagate,interp,"{""dim"": 1, ""distance"": 2, ""length"": 12, ""n_sources"": 1}",1,2500,3,0.8663180619478226,1.0,0.8663180619478226,0.7927927825305315,0.0
bdh_cq,bdh_cq/residual,cb0b76097aaf,residual,propagate,interp,"{""dim"": 1, ""distance"": 2, ""length"": 12, ""n_sources"": 1}",1,5000,3,0.8530211771527926,1.0,0.8530211771527926,0.7966299522686769,0.001001001001001001
bdh_cq,bdh_cq/residual,cb0b76097aaf,residual,propagate,interp,"{""dim"": 1, ""distance"": 2, ""length"": 12, ""n_sources"": 1}",1,7500,3,0.8449789956212044,1.0,0.8449789956212044,0.8234901484605427,0.011011011011011011
bdh_cq,bdh_cq/residual,cb0b76097aaf,residual,propagate,interp,"{""dim"": 1, ""distance"": 2, ""length"": 12, ""n_sources"": 1}",1,10000,3,0.8373944163322449,1.0,0.8373944163322449,0.8657824472264126,0.06106106106106105
bdh_cq,bdh_cq/residual,cb0b76097aaf,residual,propagate,interp,"{""dim"": 1, ""distance"": 2, ""length"": 12, ""n_sources"": 1}",1,12500,3,0.8320241421461105,1.0,0.8320241421461105,0.930764102243685,0.4094094094094094
bdh_cq,bdh_cq/residual,cb0b76097aaf,residual,propagate,interp,"{""dim"": 1, ""distance"": 2, ""length"": 12, ""n_sources"": 1}",1,15000,3,0.8358583251635233,1.0,0.8358583251635233,0.9830664019804219,0.8298298298298299
bdh_cq,bdh_cq/residual,cb0b76097aaf,residual,propagate,interp,"{""dim"": 1, ""distance"": 2, ""length"": 12, ""n_sources"": 1}",1,17500,3,0.8296816622217497,1.0,0.8296816622217497,0.9944110786592638,0.9429429429429429
bdh_cq,bdh_cq/residual,cb0b76097aaf,residual,propagate,interp,"{""dim"": 1, ""distance"": 2, ""length"": 12, ""n_sources"": 1}",1,20000,3,0.8253461495041847,1.0,0.8253461495041847,0.997580914645343,0.975975975975976
bdh_cq,bdh_cq/residual,cb0b76097aaf,residual,propagate,interp,"{""dim"": 1, ""distance"": 2, ""length"": 12, ""n_sources"": 1}",1,22500,3,0.8311401531100273,1.0,0.8311401531100273,0.9979145815661242,0.9779779779779779
bdh_cq,bdh_cq/residual,cb0b76097aaf,residual,propagate,interp,"{""dim"": 1, ""distance"": 2, ""length"": 12, ""n_sources"": 1}",1,25000,3,0.8263436233003935,1.0,0.8263436233003935,0.9989155824477965,0.9879879879879879
bdh_cq,bdh_cq/residual,cb0b76097aaf,residual,propagate,interp,"{""dim"": 1, ""distance"": 2, ""length"": 12, ""n_sources"": 1}",1,27500,3,0.8217562114199003,1.0,0.8217562114199003,0.9989989991779918,0.988988988988989
bdh_cq,bdh_cq/residual,cb0b76097aaf,residual,propagate,interp,"{""dim"": 1, ""distance"": 2, ""length"": 12, ""n_sources"": 1}",1,30000,3,0.8220824251572291,1.0,0.8220824251572291,0.999249249368578,0.9919919919919918
bdh_cq,bdh_cq/residual,cb0b76097aaf,residual,propagate,interp,"{""dim"": 1, ""distance"": 2, ""length"": 12, ""n_sources"": 1}",1,32500,3,0.8243035301566124,1.0,0.8243035301566124,0.9992492493089135,0.993993993993994
bdh_cq,bdh_cq/residual,cb0b76097aaf,residual,propagate,interp,"{""dim"": 1, ""distance"": 2, ""length"": 12, ""n_sources"": 1}",1,35000,3,0.8222606852650642,1.0,0.8222606852650642,0.9991658325787182,0.9929929929929929
bdh_cq,bdh_cq/residual,cb0b76097aaf,residual,propagate,interp,"{""dim"": 1, ""distance"": 2, ""length"": 12, ""n_sources"": 1}",1,37500,3,0.8217144906520844,1.0,0.8217144906520844,0.9994160828289685,0.993993993993994
bdh_cq,bdh_cq/residual,cb0b76097aaf,residual,propagate,interp,"{""dim"": 1, ""distance"": 2, ""length"": 12, ""n_sources"": 1}",1,40000,3,0.8211532284816107,1.0,0.8211532284816107,0.9994160827693043,0.994994994994995
bdh_cq,bdh_cq/residual,cb0b76097aaf,residual,propagate,interp,"{""dim"": 1, ""distance"": 2, ""length"": 12, ""n_sources"": 1}",2,40000,3,0.9630570436517397,0.0,0.9630570436517397,0.9994994994994996,0.995995995995996
bdh_cq,bdh_cq/residual,cb0b76097aaf,residual,propagate,interp,"{""dim"": 1, ""distance"": 2, ""length"": 12, ""n_sources"": 1}",4,2500,3,0.9984554847081503,0.0,0.980343759059906,0.792375698879555,0.0
bdh_cq,bdh_cq/residual,cb0b76097aaf,residual,propagate,interp,"{""dim"": 1, ""distance"": 2, ""length"": 12, ""n_sources"": 1}",4,5000,3,0.9980455984671911,0.0,0.9768739317854246,0.7866199436011138,0.0
bdh_cq,bdh_cq/residual,cb0b76097aaf,residual,propagate,interp,"{""dim"": 1, ""distance"": 2, ""length"": 12, ""n_sources"": 1}",4,7500,3,0.99805698543787,0.0,0.9769508267442385,0.8156489734654432,0.006006006006006006
bdh_cq,bdh_cq/residual,cb0b76097aaf,residual,propagate,interp,"{""dim"": 1, ""distance"": 2, ""length"": 12, ""n_sources"": 1}",4,10000,3,0.9979551980892817,0.0,0.9755110144615173,0.8332499070866808,0.009009009009009009
bdh_cq,bdh_cq/residual,cb0b76097aaf,residual,propagate,interp,"{""dim"": 1, ""distance"": 2, ""length"": 12, ""n_sources"": 1}",4,12500,3,0.9972343121965727,0.0,0.9719758356610934,0.8951451471737317,0.2132132132132132
bdh_cq,bdh_cq/residual,cb0b76097aaf,residual,propagate,interp,"{""dim"": 1, ""distance"": 2, ""length"": 12, ""n_sources"": 1}",4,15000,3,0.9964575047294298,0.0,0.9703996429840723,0.9703036417235603,0.6876876876876876
bdh_cq,bdh_cq/residual,cb0b76097aaf,residual,propagate,interp,"{""dim"": 1, ""distance"": 2, ""length"": 12, ""n_sources"": 1}",4,17500,3,0.9963686615228653,0.0,0.9687903200586637,0.9839005704756613,0.8178178178178178
bdh_cq,bdh_cq/residual,cb0b76097aaf,residual,propagate,interp,"{""dim"": 1, ""distance"": 2, ""length"": 12, ""n_sources"": 1}",4,20000,3,0.9961419974764189,0.0,0.9656465401252111,0.9945779124776403,0.9359359359359359
bdh_cq,bdh_cq/residual,cb0b76097aaf,residual,propagate,interp,"{""dim"": 1, ""distance"": 2, ""length"": 12, ""n_sources"": 1}",4,22500,3,0.9960446432232857,0.0,0.9659714922308922,0.9971638311733594,0.965965965965966
bdh_cq,bdh_cq/residual,cb0b76097aaf,residual,propagate,interp,"{""dim"": 1, ""distance"": 2, ""length"": 12, ""n_sources"": 1}",4,25000,3,0.9961035350958506,0.0,0.9654552713036537,0.9988321657772657,0.985985985985986
bdh_cq,bdh_cq/residual,cb0b76097aaf,residual,propagate,interp,"{""dim"": 1, ""distance"": 2, ""length"": 12, ""n_sources"": 1}",4,27500,3,0.9962474927306175,0.0,0.9638599455356598,0.9989989991779921,0.988988988988989
bdh_cq,bdh_cq/residual,cb0b76097aaf,residual,propagate,interp,"{""dim"": 1, ""distance"": 2, ""length"": 12, ""n_sources"": 1}",4,30000,3,0.9961781650781631,0.0,0.9636362890402476,0.9996663330792188,0.995995995995996
bdh_cq,bdh_cq/residual,cb0b76097aaf,residual,propagate,interp,"{""dim"": 1, ""distance"": 2, ""length"": 12, ""n_sources"": 1}",4,32500,3,0.9962245027224222,0.0,0.9640534669160843,0.9996663330792188,0.995995995995996
bdh_cq,bdh_cq/residual,cb0b76097aaf,residual,propagate,interp,"{""dim"": 1, ""distance"": 2, ""length"": 12, ""n_sources"": 1}",4,35000,3,0.9961190447211266,0.0,0.9633941849072775,0.9996663330792188,0.995995995995996
bdh_cq,bdh_cq/residual,cb0b76097aaf,residual,propagate,interp,"{""dim"": 1, ""distance"": 2, ""length"": 12, ""n_sources"": 1}",4,37500,3,0.9961376786231995,0.0,0.9632467950383822,0.9999165832698047,0.998998998998999
bdh_cq,bdh_cq/residual,cb0b76097aaf,residual,propagate,interp,"{""dim"": 1, ""distance"": 2, ""length"": 12, ""n_sources"": 1}",4,40000,3,0.9961413567264875,0.0,0.9630570436517397,0.9999165832698047,0.998998998998999
bdh_cq,bdh_cq/residual,cb0b76097aaf,residual,propagate,interp,"{""dim"": 1, ""distance"": 2, ""length"": 12, ""n_sources"": 1}",8,40000,3,0.9995748319973549,0.0,0.9643722859521707,0.7720220171892129,0.0
bdh_cq,bdh_cq/residual,cb0b76097aaf,residual,propagate,interp,"{""dim"": 1, ""distance"": 2, ""length"": 12, ""n_sources"": 1}",16,2500,3,0.9999897902210554,0.0,0.980343759059906,0.7656823446800759,0.0
bdh_cq,bdh_cq/residual,cb0b76097aaf,residual,propagate,interp,"{""dim"": 1, ""distance"": 2, ""length"": 12, ""n_sources"": 1}",16,5000,3,0.9999776507417361,0.0,0.9768739317854246,0.7480814135945715,0.0
bdh_cq,bdh_cq/residual,cb0b76097aaf,residual,propagate,interp,"{""dim"": 1, ""distance"": 2, ""length"": 12, ""n_sources"": 1}",16,7500,3,0.9999785497784615,0.0,0.9769508267442385,0.7478311649552575,0.0
bdh_cq,bdh_cq/residual,cb0b76097aaf,residual,propagate,interp,"{""dim"": 1, ""distance"": 2, ""length"": 12, ""n_sources"": 1}",16,10000,3,0.9999788900216421,0.0,0.9755110144615173,0.7518351679449683,0.0
bdh_cq,bdh_cq/residual,cb0b76097aaf,residual,propagate,interp,"{""dim"": 1, ""distance"": 2, ""length"": 12, ""n_sources"": 1}",16,12500,3,0.9999775936206182,0.0,0.9719758356610934,0.7596763401060133,0.0
bdh_cq,bdh_cq/residual,cb0b76097aaf,residual,propagate,interp,"{""dim"": 1, ""distance"": 2, ""length"": 12, ""n_sources"": 1}",16,15000,3,0.999974362552166,0.0,0.9703996429840723,0.766016011958843,0.0
bdh_cq,bdh_cq/residual,cb0b76097aaf,residual,propagate,interp,"{""dim"": 1, ""distance"": 2, ""length"": 12, ""n_sources"": 1}",16,17500,3,0.9999742731451988,0.0,0.9687903200586637,0.7679345969323282,0.0
bdh_cq,bdh_cq/residual,cb0b76097aaf,residual,propagate,interp,"{""dim"": 1, ""distance"": 2, ""length"": 12, ""n_sources"": 1}",16,20000,3,0.9999721720814705,0.0,0.9656465401252111,0.7685185140436953,0.0
bdh_cq,bdh_cq/residual,cb0b76097aaf,residual,propagate,interp,"{""dim"": 1, ""distance"": 2, ""length"": 12, ""n_sources"": 1}",16,22500,3,0.999972514808178,0.0,0.9659714922308922,0.7683516805833047,0.0
bdh_cq,bdh_cq/residual,cb0b76097aaf,residual,propagate,interp,"{""dim"": 1, ""distance"": 2, ""length"": 12, ""n_sources"": 1}",16,25000,3,0.9999723608295122,0.0,0.9654552713036537,0.7686853475637503,0.0
bdh_cq,bdh_cq/residual,cb0b76097aaf,residual,propagate,interp,"{""dim"": 1, ""distance"": 2, ""length"": 12, ""n_sources"": 1}",16,27500,3,0.9999724701046944,0.0,0.9638599455356598,0.7686019307738906,0.0
bdh_cq,bdh_cq/residual,cb0b76097aaf,residual,propagate,interp,"{""dim"": 1, ""distance"": 2, ""length"": 12, ""n_sources"": 1}",16,30000,3,0.9999721199274063,0.0,0.9636362890402476,0.7680180136625233,0.0
bdh_cq,bdh_cq/residual,cb0b76097aaf,residual,propagate,interp,"{""dim"": 1, ""distance"": 2, ""length"": 12, ""n_sources"": 1}",16,32500,3,0.9999724800388018,0.0,0.9640534669160843,0.7682682639127737,0.0
bdh_cq,bdh_cq/residual,cb0b76097aaf,residual,propagate,interp,"{""dim"": 1, ""distance"": 2, ""length"": 12, ""n_sources"": 1}",16,35000,3,0.999971995751063,0.0,0.9633941849072775,0.768351680642969,0.0
bdh_cq,bdh_cq/residual,cb0b76097aaf,residual,propagate,interp,"{""dim"": 1, ""distance"": 2, ""length"": 12, ""n_sources"": 1}",16,37500,3,0.9999720652898153,0.0,0.9632467950383822,0.768351680642969,0.0
bdh_cq,bdh_cq/residual,cb0b76097aaf,residual,propagate,interp,"{""dim"": 1, ""distance"": 2, ""length"": 12, ""n_sources"": 1}",16,40000,3,0.9999720379710197,0.0,0.9630570436517397,0.768351680642969,0.0
bdh_cq,bdh_cq/residual,cb0b76097aaf,residual,propagate,interp,"{""dim"": 1, ""distance"": 2, ""length"": 12, ""n_sources"": 1}",32,2500,3,0.9999993095795313,0.0,0.9804215071101984,0.7533366681786032,0.0
bdh_cq,bdh_cq/residual,cb0b76097aaf,residual,propagate,interp,"{""dim"": 1, ""distance"": 2, ""length"": 12, ""n_sources"": 1}",32,5000,3,0.9999984658012787,0.0,0.97685332223773,0.7424090760307865,0.0
bdh_cq,bdh_cq/residual,cb0b76097aaf,residual,propagate,interp,"{""dim"": 1, ""distance"": 2, ""length"": 12, ""n_sources"": 1}",32,7500,3,0.9999986054996649,0.0,0.9774341775725285,0.7449115790553518,0.0
bdh_cq,bdh_cq/residual,cb0b76097aaf,residual,propagate,interp,"{""dim"": 1, ""distance"": 2, ""length"": 12, ""n_sources"": 1}",32,10000,3,0.9999986222634712,0.0,0.9759711219618717,0.7499165832698047,0.0
bdh_cq,bdh_cq/residual,cb0b76097aaf,residual,propagate,interp,"{""dim"": 1, ""distance"": 2, ""length"": 12, ""n_sources"": 1}",32,12500,3,0.9999985980490843,0.0,0.9726724233478308,0.7599265908932424,0.0
bdh_cq,bdh_cq/residual,cb0b76097aaf,residual,propagate,interp,"{""dim"": 1, ""distance"": 2, ""length"": 12, ""n_sources"": 1}",32,15000,3,0.9999984260648489,0.0,0.9704334394385418,0.768601930833555,0.0
bdh_cq,bdh_cq/residual,cb0b76097aaf,residual,propagate,interp,"{""dim"": 1, ""distance"": 2, ""length"": 12, ""n_sources"": 1}",32,17500,3,0.999998432273666,0.0,0.968802041063706,0.7686853475637503,0.0
bdh_cq,bdh_cq/residual,cb0b76097aaf,residual,propagate,interp,"{""dim"": 1, ""distance"": 2, ""length"": 12, ""n_sources"": 1}",32,20000,3,0.999998331690828,0.0,0.9666483302911123,0.7687687642939456,0.0
bdh_cq,bdh_cq/residual,cb0b76097aaf,residual,propagate,interp,"{""dim"": 1, ""distance"": 2, ""length"": 12, ""n_sources"": 1}",32,22500,3,0.999998340383172,0.0,0.9670187253504992,0.768601930833555,0.0
bdh_cq,bdh_cq/residual,cb0b76097aaf,residual,propagate,interp,"{""dim"": 1, ""distance"": 2, ""length"": 12, ""n_sources"": 1}",32,25000,3,0.9999983192731937,0.0,0.9666351514557997,0.7687687642939456,0.0
bdh_cq,bdh_cq/residual,cb0b76097aaf,residual,propagate,interp,"{""dim"": 1, ""distance"": 2, ""length"": 12, ""n_sources"": 1}",32,27500,3,0.9999983577678601,0.0,0.9653107275565466,0.768601930833555,0.0
bdh_cq,bdh_cq/residual,cb0b76097aaf,residual,propagate,interp,"{""dim"": 1, ""distance"": 2, ""length"": 12, ""n_sources"": 1}",32,30000,3,0.9999983236193657,0.0,0.9649766099949678,0.7686019307738906,0.0
bdh_cq,bdh_cq/residual,cb0b76097aaf,residual,propagate,interp,"{""dim"": 1, ""distance"": 2, ""length"": 12, ""n_sources"": 1}",32,32500,3,0.9999983559052149,0.0,0.9651380740106106,0.7686853475637503,0.0
bdh_cq,bdh_cq/residual,cb0b76097aaf,residual,propagate,interp,"{""dim"": 1, ""distance"": 2, ""length"": 12, ""n_sources"": 1}",32,35000,3,0.9999983236193657,0.0,0.964769322425127,0.7687687642939456,0.0
bdh_cq,bdh_cq/residual,cb0b76097aaf,residual,propagate,interp,"{""dim"": 1, ""distance"": 2, ""length"": 12, ""n_sources"": 1}",32,37500,3,0.9999983292073011,0.0,0.9645386723180612,0.7688521810241409,0.0
bdh_cq,bdh_cq/residual,cb0b76097aaf,residual,propagate,interp,"{""dim"": 1, ""distance"": 2, ""length"": 12, ""n_sources"": 1}",32,40000,3,0.9999983192731937,0.0,0.9643722859521707,0.7688521810241409,0.0
bdh_cq,bdh_cq/residual,cb0b76097aaf,residual,propagate,interp,"{""dim"": 1, ""distance"": 4, ""length"": 12, ""n_sources"": 1}",1,2500,3,0.870774673918883,1.0,0.870774673918883,0.7926259474293724,0.0
bdh_cq,bdh_cq/residual,cb0b76097aaf,residual,propagate,interp,"{""dim"": 1, ""distance"": 4, ""length"": 12, ""n_sources"": 1}",1,5000,3,0.8536408642927805,1.0,0.8536408642927805,0.799049036310719,0.0
bdh_cq,bdh_cq/residual,cb0b76097aaf,residual,propagate,interp,"{""dim"": 1, ""distance"": 4, ""length"": 12, ""n_sources"": 1}",1,7500,3,0.8434246554970741,1.0,0.8434246554970741,0.8112278848260015,0.002002002002002002
bdh_cq,bdh_cq/residual,cb0b76097aaf,residual,propagate,interp,"{""dim"": 1, ""distance"": 4, ""length"": 12, ""n_sources"": 1}",1,10000,3,0.8331914097070694,1.0,0.8331914097070694,0.8351684982354218,0.020020020020020023
bdh_cq,bdh_cq/residual,cb0b76097aaf,residual,propagate,interp,"{""dim"": 1, ""distance"": 4, ""length"": 12, ""n_sources"": 1}",1,12500,3,0.8332369600733122,1.0,0.8332369600733122,0.9269269310437642,0.3843843843843844
bdh_cq,bdh_cq/residual,cb0b76097aaf,residual,propagate,interp,"{""dim"": 1, ""distance"": 4, ""length"": 12, ""n_sources"": 1}",1,15000,3,0.8444339161117872,1.0,0.8444339161117872,0.9847347378372788,0.8258258258258259
bdh_cq,bdh_cq/residual,cb0b76097aaf,residual,propagate,interp,"{""dim"": 1, ""distance"": 4, ""length"": 12, ""n_sources"": 1}",1,17500,3,0.8475680549939474,1.0,0.8475680549939474,0.9981648318760389,0.978978978978979
bdh_cq,bdh_cq/residual,cb0b76097aaf,residual,propagate,interp,"{""dim"": 1, ""distance"": 4, ""length"": 12, ""n_sources"": 1}",1,20000,3,0.8430474946896235,1.0,0.8430474946896235,0.9990824159678516,0.988988988988989
bdh_cq,bdh_cq/residual,cb0b76097aaf,residual,propagate,interp,"{""dim"": 1, ""distance"": 4, ""length"": 12, ""n_sources"": 1}",1,22500,3,0.849435510734717,1.0,0.849435510734717,0.9997497498094141,0.9969969969969971
bdh_cq,bdh_cq/residual,cb0b76097aaf,residual,propagate,interp,"{""dim"": 1, ""distance"": 4, ""length"": 12, ""n_sources"": 1}",1,25000,3,0.8453342219193777,1.0,0.8453342219193777,0.9996663330195545,0.9969969969969968
bdh_cq,bdh_cq/residual,cb0b76097aaf,residual,propagate,interp,"{""dim"": 1, ""distance"": 4, ""length"": 12, ""n_sources"": 1}",1,27500,3,0.8402471467852592,1.0,0.8402471467852592,0.9999165832698047,0.998998998998999
bdh_cq,bdh_cq/residual,cb0b76097aaf,residual,propagate,interp,"{""dim"": 1, ""distance"": 4, ""length"": 12, ""n_sources"": 1}",1,30000,3,0.843514546751976,1.0,0.843514546751976,1.0,1.0
bdh_cq,bdh_cq/residual,cb0b76097aaf,residual,propagate,interp,"{""dim"": 1, ""distance"": 4, ""length"": 12, ""n_sources"": 1}",1,32500,3,0.8454317177335421,1.0,0.8454317177335421,0.9999165832698047,0.998998998998999
bdh_cq,bdh_cq/residual,cb0b76097aaf,residual,propagate,interp,"{""dim"": 1, ""distance"": 4, ""length"": 12, ""n_sources"": 1}",1,35000,3,0.8418086742361387,1.0,0.8418086742361387,1.0,1.0
bdh_cq,bdh_cq/residual,cb0b76097aaf,residual,propagate,interp,"{""dim"": 1, ""distance"": 4, ""length"": 12, ""n_sources"": 1}",1,37500,3,0.8426595504085223,1.0,0.8426595504085223,1.0,1.0
bdh_cq,bdh_cq/residual,cb0b76097aaf,residual,propagate,interp,"{""dim"": 1, ""distance"": 4, ""length"": 12, ""n_sources"": 1}",1,40000,3,0.8421754588683447,1.0,0.8421754588683447,1.0,1.0
bdh_cq,bdh_cq/residual,cb0b76097aaf,residual,propagate,interp,"{""dim"": 1, ""distance"": 4, ""length"": 12, ""n_sources"": 1}",2,40000,3,0.9686925907929739,0.0,0.9686925907929739,1.0,1.0
bdh_cq,bdh_cq/residual,cb0b76097aaf,residual,propagate,interp,"{""dim"": 1, ""distance"": 4, ""length"": 12, ""n_sources"": 1}",4,2500,3,0.9984534730513891,0.0,0.9801519041260084,0.7916249466073645,0.0
bdh_cq,bdh_cq/residual,cb0b76097aaf,residual,propagate,interp,"{""dim"": 1, ""distance"": 4, ""length"": 12, ""n_sources"": 1}",4,5000,3,0.9979464436570803,0.0,0.9767741585771242,0.7892892774906722,0.0
bdh_cq,bdh_cq/residual,cb0b76097aaf,residual,propagate,interp,"{""dim"": 1, ""distance"": 4, ""length"": 12, ""n_sources"": 1}",4,7500,3,0.998009443283081,0.0,0.9767007206877073,0.801801792583666,0.001001001001001001
bdh_cq,bdh_cq/residual,cb0b76097aaf,residual,propagate,interp,"{""dim"": 1, ""distance"": 4, ""length"": 12, ""n_sources"": 1}",4,10000,3,0.9980094407995542,0.0,0.9763184040784836,0.8148148065214759,0.005005005005005005
bdh_cq,bdh_cq/residual,cb0b76097aaf,residual,propagate,interp,"{""dim"": 1, ""distance"": 4, ""length"": 12, ""n_sources"": 1}",4,12500,3,0.9971302772561709,0.0,0.9738929495215416,0.8738738754251459,0.14314314314314314
bdh_cq,bdh_cq/residual,cb0b76097aaf,residual,propagate,interp,"{""dim"": 1, ""distance"": 4, ""length"": 12, ""n_sources"": 1}",4,15000,3,0.9963919172684351,0.0,0.9730848098794619,0.9669669704871612,0.7037037037037037
bdh_cq,bdh_cq/residual,cb0b76097aaf,residual,propagate,interp,"{""dim"": 1, ""distance"": 4, ""length"": 12, ""n_sources"": 1}",4,17500,3,0.9959753776590029,0.0,0.9724232479929924,0.9886553243354514,0.8698698698698699
bdh_cq,bdh_cq/residual,cb0b76097aaf,residual,propagate,interp,"{""dim"": 1, ""distance"": 4, ""length"": 12, ""n_sources"": 1}",4,20000,3,0.9958268776535988,0.0,0.970534048974514,0.9906573259198033,0.8928928928928929
bdh_cq,bdh_cq/residual,cb0b76097aaf,residual,propagate,interp,"{""dim"": 1, ""distance"": 4, ""length"": 12, ""n_sources"": 1}",4,22500,3,0.9956180701653162,0.0,0.971128486096859,0.9981648318760389,0.978978978978979
bdh_cq,bdh_cq/residual,cb0b76097aaf,residual,propagate,interp,"{""dim"": 1, ""distance"": 4, ""length"": 12, ""n_sources"": 1}",4,25000,3,0.9957317511240641,0.0,0.9705064967274666,0.9982482486658985,0.978978978978979
bdh_cq,bdh_cq/residual,cb0b76097aaf,residual,propagate,interp,"{""dim"": 1, ""distance"": 4, ""length"": 12, ""n_sources"": 1}",4,27500,3,0.9956900402903557,0.0,0.9688060482343038,0.9994994996188282,0.993993993993994
bdh_cq,bdh_cq/residual,cb0b76097aaf,residual,propagate,interp,"{""dim"": 1, ""distance"": 4, ""length"": 12, ""n_sources"": 1}",4,30000,3,0.9955623745918274,0.0,0.9693544631203016,0.9998331665396094,0.9979979979979979
bdh_cq,bdh_cq/residual,cb0b76097aaf,residual,propagate,interp,"{""dim"": 1, ""distance"": 4, ""length"": 12, ""n_sources"": 1}",4,32500,3,0.995560256143411,0.0,0.9690554241339365,0.9994994996188282,0.9939939939939939
bdh_cq,bdh_cq/residual,cb0b76097aaf,residual,propagate,interp,"{""dim"": 1, ""distance"": 4, ""length"": 12, ""n_sources"": 1}",4,35000,3,0.9955265199144682,0.0,0.9689595724145571,1.0,1.0
bdh_cq,bdh_cq/residual,cb0b76097aaf,residual,propagate,interp,"{""dim"": 1, ""distance"": 4, ""length"": 12, ""n_sources"": 1}",4,37500,3,0.995531901717186,0.0,0.9688256308436394,1.0,1.0
bdh_cq,bdh_cq/residual,cb0b76097aaf,residual,propagate,interp,"{""dim"": 1, ""distance"": 4, ""length"": 12, ""n_sources"": 1}",4,40000,3,0.9955318346619606,0.0,0.9686925907929739,1.0,1.0
bdh_cq,bdh_cq/residual,cb0b76097aaf,residual,propagate,interp,"{""dim"": 1, ""distance"": 4, ""length"": 12, ""n_sources"": 1}",8,40000,3,0.9995568121472994,0.0,0.966981508458654,0.7920420319587738,0.0
bdh_cq,bdh_cq/residual,cb0b76097aaf,residual,propagate,interp,"{""dim"": 1, ""distance"": 4, ""length"": 12, ""n_sources"": 1}",16,2500,3,0.9999894623955091,0.0,0.9801519041260084,0.7650984258981081,0.0
bdh_cq,bdh_cq/residual,cb0b76097aaf,residual,propagate,interp,"{""dim"": 1, ""distance"": 4, ""length"": 12, ""n_sources"": 1}",16,5000,3,0.9999775439500809,0.0,0.9767741585771242,0.7436603248358011,0.0
bdh_cq,bdh_cq/residual,cb0b76097aaf,residual,propagate,interp,"{""dim"": 1, ""distance"": 4, ""length"": 12, ""n_sources"": 1}",16,7500,3,0.9999788403511047,0.0,0.9767007206877073,0.7552552538829761,0.0
bdh_cq,bdh_cq/residual,cb0b76097aaf,residual,propagate,interp,"{""dim"": 1, ""distance"": 4, ""length"": 12, ""n_sources"": 1}",16,10000,3,0.9999789843956629,0.0,0.9763184040784836,0.7596763407623207,0.0
bdh_cq,bdh_cq/residual,cb0b76097aaf,residual,propagate,interp,"{""dim"": 1, ""distance"": 4, ""length"": 12, ""n_sources"": 1}",16,12500,3,0.9999775464336077,0.0,0.9738929495215416,0.7612612572935847,0.0
bdh_cq,bdh_cq/residual,cb0b76097aaf,residual,propagate,interp,"{""dim"": 1, ""distance"": 4, ""length"": 12, ""n_sources"": 1}",16,15000,3,0.9999746109048525,0.0,0.9730848098794619,0.7721888500529605,0.0
bdh_cq,bdh_cq/residual,cb0b76097aaf,residual,propagate,interp,"{""dim"": 1, ""distance"": 4, ""length"": 12, ""n_sources"": 1}",16,17500,3,0.9999739602208138,0.0,0.9724232479929924,0.773440101363876,0.0
bdh_cq,bdh_cq/residual,cb0b76097aaf,residual,propagate,interp,"{""dim"": 1, ""distance"": 4, ""length"": 12, ""n_sources"": 1}",16,20000,3,0.9999722838401794,0.0,0.970534048974514,0.7744411018875627,0.0
bdh_cq,bdh_cq/residual,cb0b76097aaf,residual,propagate,interp,"{""dim"": 1, ""distance"": 4, ""length"": 12, ""n_sources"": 1}",16,22500,3,0.9999724303682646,0.0,0.971128486096859,0.7761928535796501,0.0
bdh_cq,bdh_cq/residual,cb0b76097aaf,residual,propagate,interp,"{""dim"": 1, ""distance"": 4, ""length"": 12, ""n_sources"": 1}",16,25000,3,0.9999722292025884,0.0,0.9705064967274666,0.7758591865395402,0.0
bdh_cq,bdh_cq/residual,cb0b76097aaf,residual,propagate,interp,"{""dim"": 1, ""distance"": 4, ""length"": 12, ""n_sources"": 1}",16,27500,3,0.999971903860569,0.0,0.9688060482343038,0.7761928534006571,0.0
bdh_cq,bdh_cq/residual,cb0b76097aaf,residual,propagate,interp,"{""dim"": 1, ""distance"": 4, ""length"": 12, ""n_sources"": 1}",16,30000,3,0.9999716828266779,0.0,0.9693544631203016,0.7756089361699613,0.0
bdh_cq,bdh_cq/residual,cb0b76097aaf,residual,propagate,interp,"{""dim"": 1, ""distance"": 4, ""length"": 12, ""n_sources"": 1}",16,32500,3,0.9999718690911928,0.0,0.9690554241339365,0.7756923529598209,0.0
bdh_cq,bdh_cq/residual,cb0b76097aaf,residual,propagate,interp,"{""dim"": 1, ""distance"": 4, ""length"": 12, ""n_sources"": 1}",16,35000,3,0.9999713922540346,0.0,0.9689595724145571,0.7761928533409929,0.0
bdh_cq,bdh_cq/residual,cb0b76097aaf,residual,propagate,interp,"{""dim"": 1, ""distance"": 4, ""length"": 12, ""n_sources"": 1}",16,37500,3,0.9999714270234108,0.0,0.9688256308436394,0.7766099370516337,0.0
bdh_cq,bdh_cq/residual,cb0b76097aaf,residual,propagate,interp,"{""dim"": 1, ""distance"": 4, ""length"": 12, ""n_sources"": 1}",16,40000,3,0.999971384803454,0.0,0.9686925907929739,0.7769436040320792,0.0
bdh_cq,bdh_cq/residual,cb0b76097aaf,residual,propagate,interp,"{""dim"": 1, ""distance"": 4, ""length"": 12, ""n_sources"": 1}",32,2500,3,0.9999993139257034,0.0,0.9799341472486655,0.75642308685276,0.0
bdh_cq,bdh_cq/residual,cb0b76097aaf,residual,propagate,interp,"{""dim"": 1, ""distance"": 4, ""length"": 12, ""n_sources"": 1}",32,5000,3,0.9999984701474508,0.0,0.9770725220441818,0.7416583241314978,0.0
bdh_cq,bdh_cq/residual,cb0b76097aaf,residual,propagate,interp,"{""dim"": 1, ""distance"": 4, ""length"": 12, ""n_sources"": 1}",32,7500,3,0.9999985893567404,0.0,0.9771738592535257,0.7539205861401866,0.0
bdh_cq,bdh_cq/residual,cb0b76097aaf,residual,propagate,interp,"{""dim"": 1, ""distance"": 4, ""length"": 12, ""n_sources"": 1}",32,10000,3,0.999998618538181,0.0,0.9760732334107161,0.7583416729598671,0.0
bdh_cq,bdh_cq/residual,cb0b76097aaf,residual,propagate,interp,"{""dim"": 1, ""distance"": 4, ""length"": 12, ""n_sources"": 1}",32,12500,3,0.9999986061205467,0.0,0.9737665622184674,0.7660994288680311,0.0
bdh_cq,bdh_cq/residual,cb0b76097aaf,residual,propagate,interp,"{""dim"": 1, ""distance"": 4, ""length"": 12, ""n_sources"": 1}",32,15000,3,0.9999984266857306,0.0,0.9719239516804615,0.7746079354076175,0.0
bdh_cq,bdh_cq/residual,cb0b76097aaf,residual,propagate,interp,"{""dim"": 1, ""distance"": 4, ""length"": 12, ""n_sources"": 1}",32,17500,3,0.9999983894328276,0.0,0.9712825752794743,0.77527526924918,0.0
bdh_cq,bdh_cq/residual,cb0b76097aaf,residual,propagate,interp,"{""dim"": 1, ""distance"": 4, ""length"": 12, ""n_sources"": 1}",32,20000,3,0.9999982981632153,0.0,0.9691016723712286,0.7753586859793753,0.0
bdh_cq,bdh_cq/residual,cb0b76097aaf,residual,propagate,interp,"{""dim"": 1, ""distance"": 4, ""length"": 12, ""n_sources"": 1}",32,22500,3,0.9999982869873444,0.0,0.9699352427075306,0.775525519439766,0.0
bdh_cq,bdh_cq/residual,cb0b76097aaf,residual,propagate,interp,"{""dim"": 1, ""distance"": 4, ""length"": 12, ""n_sources"": 1}",32,25000,3,0.9999982863664627,0.0,0.9693919600298008,0.7753586859793753,0.0
bdh_cq,bdh_cq/residual,cb0b76097aaf,residual,propagate,interp,"{""dim"": 1, ""distance"": 4, ""length"": 12, ""n_sources"": 1}",32,27500,3,0.999998277053237,0.0,0.9674541987478733,0.775525519439766,0.0
bdh_cq,bdh_cq/residual,cb0b76097aaf,residual,propagate,interp,"{""dim"": 1, ""distance"": 4, ""length"": 12, ""n_sources"": 1}",32,30000,3,0.9999982559432586,0.0,0.9678494508067766,0.7754421027095707,0.0
bdh_cq,bdh_cq/residual,cb0b76097aaf,residual,propagate,interp,"{""dim"": 1, ""distance"": 4, ""length"": 12, ""n_sources"": 1}",32,32500,3,0.9999982782950004,0.0,0.9678175666679939,0.7754421027095707,0.0
bdh_cq,bdh_cq/residual,cb0b76097aaf,residual,propagate,interp,"{""dim"": 1, ""distance"": 4, ""length"": 12, ""n_sources"": 1}",32,35000,3,0.9999982509762049,0.0,0.9673616817841927,0.775525519439766,0.0
bdh_cq,bdh_cq/residual,cb0b76097aaf,residual,propagate,interp,"{""dim"": 1, ""distance"": 4, ""length"": 12, ""n_sources"": 1}",32,37500,3,0.9999982540806135,0.0,0.9671110523243746,0.775525519439766,0.0
bdh_cq,bdh_cq/residual,cb0b76097aaf,residual,propagate,interp,"{""dim"": 1, ""distance"": 4, ""length"": 12, ""n_sources"": 1}",32,40000,3,0.999998257185022,0.0,0.966981508458654,0.775525519439766,0.0
bdh_cq,bdh_cq/residual,cb0b76097aaf,residual,propagate,mild,"{""dim"": 1, ""distance"": 6, ""length"": 12, ""n_sources"": 1}",1,2500,3,0.8665714114904404,1.0,0.8665714114904404,0.7946666547258695,0.0
bdh_cq,bdh_cq/residual,cb0b76097aaf,residual,propagate,mild,"{""dim"": 1, ""distance"": 6, ""length"": 12, ""n_sources"": 1}",1,5000,3,0.8545944939057032,1.0,0.8545944939057032,0.8003333197633425,0.0
bdh_cq,bdh_cq/residual,cb0b76097aaf,residual,propagate,mild,"{""dim"": 1, ""distance"": 6, ""length"": 12, ""n_sources"": 1}",1,7500,3,0.8474287663896879,1.0,0.8474287663896879,0.7791110998392106,0.0006666666666666666
bdh_cq,bdh_cq/residual,cb0b76097aaf,residual,propagate,mild,"{""dim"": 1, ""distance"": 6, ""length"": 12, ""n_sources"": 1}",1,10000,3,0.8310276319583257,1.0,0.8310276319583257,0.7646666596929234,0.0026666666666666666
bdh_cq,bdh_cq/residual,cb0b76097aaf,residual,propagate,mild,"{""dim"": 1, ""distance"": 6, ""length"": 12, ""n_sources"": 1}",1,12500,3,0.8288862009843191,1.0,0.8288862009843191,0.8521111104885737,0.09666666666666668
bdh_cq,bdh_cq/residual,cb0b76097aaf,residual,propagate,mild,"{""dim"": 1, ""distance"": 6, ""length"": 12, ""n_sources"": 1}",1,15000,3,0.837273562947909,1.0,0.837273562947909,0.8462222216924031,0.030666666666666665
bdh_cq,bdh_cq/residual,cb0b76097aaf,residual,propagate,mild,"{""dim"": 1, ""distance"": 6, ""length"": 12, ""n_sources"": 1}",1,17500,3,0.8371034090717634,1.0,0.8371034090717634,0.878555557290713,0.166
bdh_cq,bdh_cq/residual,cb0b76097aaf,residual,propagate,mild,"{""dim"": 1, ""distance"": 6, ""length"": 12, ""n_sources"": 1}",1,20000,3,0.8359248613317808,1.0,0.8359248613317808,0.8960555582443873,0.19733333333333336
bdh_cq,bdh_cq/residual,cb0b76097aaf,residual,propagate,mild,"{""dim"": 1, ""distance"": 6, ""length"": 12, ""n_sources"": 1}",1,22500,3,0.83814703921477,1.0,0.83814703921477,0.8985000001192093,0.25666666666666665
bdh_cq,bdh_cq/residual,cb0b76097aaf,residual,propagate,mild,"{""dim"": 1, ""distance"": 6, ""length"": 12, ""n_sources"": 1}",1,25000,3,0.8385931303103765,1.0,0.8385931303103765,0.9133333353201548,0.3213333333333333
bdh_cq,bdh_cq/residual,cb0b76097aaf,residual,propagate,mild,"{""dim"": 1, ""distance"": 6, ""length"": 12, ""n_sources"": 1}",1,27500,3,0.8277147064606348,1.0,0.8277147064606348,0.9022222239176432,0.27466666666666667
bdh_cq,bdh_cq/residual,cb0b76097aaf,residual,propagate,mild,"{""dim"": 1, ""distance"": 6, ""length"": 12, ""n_sources"": 1}",1,30000,3,0.8282645170887312,1.0,0.8282645170887312,0.9066666692495345,0.28933333333333333
bdh_cq,bdh_cq/residual,cb0b76097aaf,residual,propagate,mild,"{""dim"": 1, ""distance"": 6, ""length"": 12, ""n_sources"": 1}",1,32500,3,0.8329068347811699,1.0,0.8329068347811699,0.8982777802149454,0.22666666666666666
bdh_cq,bdh_cq/residual,cb0b76097aaf,residual,propagate,mild,"{""dim"": 1, ""distance"": 6, ""length"": 12, ""n_sources"": 1}",1,35000,3,0.8285781020919482,1.0,0.8285781020919482,0.9066666692097982,0.27
bdh_cq,bdh_cq/residual,cb0b76097aaf,residual,propagate,mild,"{""dim"": 1, ""distance"": 6, ""length"": 12, ""n_sources"": 1}",1,37500,3,0.8296898230910301,1.0,0.8296898230910301,0.9030000027815501,0.25533333333333336
bdh_cq,bdh_cq/residual,cb0b76097aaf,residual,propagate,mild,"{""dim"": 1, ""distance"": 6, ""length"": 12, ""n_sources"": 1}",1,40000,3,0.8291163295507431,1.0,0.8291163295507431,0.903611113667488,0.26066666666666666
bdh_cq,bdh_cq/residual,cb0b76097aaf,residual,propagate,mild,"{""dim"": 1, ""distance"": 6, ""length"": 12, ""n_sources"": 1}",2,40000,3,0.9650086710850397,0.0,0.9650086710850397,0.939555567463239,0.31666666666666665
bdh_cq,bdh_cq/residual,cb0b76097aaf,residual,propagate,mild,"{""dim"": 1, ""distance"": 6, ""length"": 12, ""n_sources"": 1}",4,2500,3,0.9984520624081293,0.0,0.9803409352898598,0.7943333216905594,0.0
bdh_cq,bdh_cq/residual,cb0b76097aaf,residual,propagate,mild,"{""dim"": 1, ""distance"": 6, ""length"": 12, ""n_sources"": 1}",4,5000,3,0.9980550309022268,0.0,0.9772389853994051,0.7901110989054043,0.0
bdh_cq,bdh_cq/residual,cb0b76097aaf,residual,propagate,mild,"{""dim"": 1, ""distance"": 6, ""length"": 12, ""n_sources"": 1}",4,7500,3,0.9979529480139414,0.0,0.9774125292897224,0.7868333237369854,0.0
bdh_cq,bdh_cq/residual,cb0b76097aaf,residual,propagate,mild,"{""dim"": 1, ""distance"": 6, ""length"": 12, ""n_sources"": 1}",4,10000,3,0.9979205379883448,0.0,0.9751993616422018,0.7934999927679698,0.002
bdh_cq,bdh_cq/residual,cb0b76097aaf,residual,propagate,mild,"{""dim"": 1, ""distance"": 6, ""length"": 12, ""n_sources"": 1}",4,12500,3,0.9971519112586975,0.0,0.9736875519156456,0.862333333114783,0.14066666666666666
bdh_cq,bdh_cq/residual,cb0b76097aaf,residual,propagate,mild,"{""dim"": 1, ""distance"": 6, ""length"": 12, ""n_sources"": 1}",4,15000,3,0.9961790516972542,0.0,0.9694727510213852,0.9180555590391158,0.4573333333333333
bdh_cq,bdh_cq/residual,cb0b76097aaf,residual,propagate,mild,"{""dim"": 1, ""distance"": 6, ""length"": 12, ""n_sources"": 1}",4,17500,3,0.9959835832317671,0.0,0.9704532573620478,0.9445555609862009,0.48666666666666664
bdh_cq,bdh_cq/residual,cb0b76097aaf,residual,propagate,mild,"{""dim"": 1, ""distance"": 6, ""length"": 12, ""n_sources"": 1}",4,20000,3,0.995544376472632,0.0,0.967015045384566,0.9333888937632242,0.4073333333333333
bdh_cq,bdh_cq/residual,cb0b76097aaf,residual,propagate,mild,"{""dim"": 1, ""distance"": 6, ""length"": 12, ""n_sources"": 1}",4,22500,3,0.9953022251526514,0.0,0.9681915317972501,0.956944450656573,0.5579999999999999
bdh_cq,bdh_cq/residual,cb0b76097aaf,residual,propagate,mild,"{""dim"": 1, ""distance"": 6, ""length"": 12, ""n_sources"": 1}",4,25000,3,0.9954033543666204,0.0,0.9694444388151169,0.956555559873581,0.586
bdh_cq,bdh_cq/residual,cb0b76097aaf,residual,propagate,mild,"{""dim"": 1, ""distance"": 6, ""length"": 12, ""n_sources"": 1}",4,27500,3,0.9952176908651987,0.0,0.9655889595548311,0.9637222277323406,0.6213333333333333
bdh_cq,bdh_cq/residual,cb0b76097aaf,residual,propagate,mild,"{""dim"": 1, ""distance"": 6, ""length"": 12, ""n_sources"": 1}",4,30000,3,0.9951103428999583,0.0,0.9659123569726944,0.9572222276528676,0.5726666666666667
bdh_cq,bdh_cq/residual,cb0b76097aaf,residual,propagate,mild,"{""dim"": 1, ""distance"": 6, ""length"": 12, ""n_sources"": 1}",4,32500,3,0.995161252717177,0.0,0.9656699349482855,0.9615555614630381,0.5973333333333333
bdh_cq,bdh_cq/residual,cb0b76097aaf,residual,propagate,mild,"{""dim"": 1, ""distance"": 6, ""length"": 12, ""n_sources"": 1}",4,35000,3,0.9951409101486206,0.0,0.9651315088073412,0.9566666721900304,0.5693333333333334
bdh_cq,bdh_cq/residual,cb0b76097aaf,residual,propagate,mild,"{""dim"": 1, ""distance"": 6, ""length"": 12, ""n_sources"": 1}",4,37500,3,0.9951728234688441,0.0,0.9651906539996465,0.9558333384593327,0.574
bdh_cq,bdh_cq/residual,cb0b76097aaf,residual,propagate,mild,"{""dim"": 1, ""distance"": 6, ""length"": 12, ""n_sources"": 1}",4,40000,3,0.9951655268669128,0.0,0.9650086710850397,0.9558333390156428,0.5633333333333334
bdh_cq,bdh_cq/residual,cb0b76097aaf,residual,propagate,mild,"{""dim"": 1, ""distance"": 6, ""length"": 12, ""n_sources"": 1}",8,40000,3,0.9995313665519158,0.0,0.9659342312564453,0.773722215572993,0.0
bdh_cq,bdh_cq/residual,cb0b76097aaf,residual,propagate,mild,"{""dim"": 1, ""distance"": 6, ""length"": 12, ""n_sources"": 1}",16,2500,3,0.9999891147017479,0.0,0.9803409352898598,0.7664999940395355,0.0
bdh_cq,bdh_cq/residual,cb0b76097aaf,residual,propagate,mild,"{""dim"": 1, ""distance"": 6, ""length"": 12, ""n_sources"": 1}",16,5000,3,0.9999775141477585,0.0,0.9772389853994051,0.7472222195267677,0.0
bdh_cq,bdh_cq/residual,cb0b76097aaf,residual,propagate,mild,"{""dim"": 1, ""distance"": 6, ""length"": 12, ""n_sources"": 1}",16,7500,3,0.9999790589014689,0.0,0.9774125292897224,0.7595555531978607,0.0
bdh_cq,bdh_cq/residual,cb0b76097aaf,residual,propagate,mild,"{""dim"": 1, ""distance"": 6, ""length"": 12, ""n_sources"": 1}",16,10000,3,0.9999790787696838,0.0,0.9751993616422018,0.7614444416761398,0.0
bdh_cq,bdh_cq/residual,cb0b76097aaf,residual,propagate,mild,"{""dim"": 1, ""distance"": 6, ""length"": 12, ""n_sources"": 1}",16,12500,3,0.9999781275788943,0.0,0.9736875519156456,0.7689999948740005,0.0
bdh_cq,bdh_cq/residual,cb0b76097aaf,residual,propagate,mild,"{""dim"": 1, ""distance"": 6, ""length"": 12, ""n_sources"": 1}",16,15000,3,0.9999737863739332,0.0,0.9694727510213852,0.7766666601896285,0.0
bdh_cq,bdh_cq/residual,cb0b76097aaf,residual,propagate,mild,"{""dim"": 1, ""distance"": 6, ""length"": 12, ""n_sources"": 1}",16,17500,3,0.999973160525163,0.0,0.9704532573620478,0.7803888816436132,0.0
bdh_cq,bdh_cq/residual,cb0b76097aaf,residual,propagate,mild,"{""dim"": 1, ""distance"": 6, ""length"": 12, ""n_sources"": 1}",16,20000,3,0.9999712233742079,0.0,0.967015045384566,0.7798888817230859,0.0
bdh_cq,bdh_cq/residual,cb0b76097aaf,residual,propagate,mild,"{""dim"": 1, ""distance"": 6, ""length"": 12, ""n_sources"": 1}",16,22500,3,0.9999712829788526,0.0,0.9681915317972501,0.7811666592359542,0.0
bdh_cq,bdh_cq/residual,cb0b76097aaf,residual,propagate,mild,"{""dim"": 1, ""distance"": 6, ""length"": 12, ""n_sources"": 1}",16,25000,3,0.9999710246920586,0.0,0.9694444388151169,0.7822222145398458,0.0
bdh_cq,bdh_cq/residual,cb0b76097aaf,residual,propagate,mild,"{""dim"": 1, ""distance"": 6, ""length"": 12, ""n_sources"": 1}",16,27500,3,0.9999706695477167,0.0,0.9655889595548311,0.7812222147385279,0.0
bdh_cq,bdh_cq/residual,cb0b76097aaf,residual,propagate,mild,"{""dim"": 1, ""distance"": 6, ""length"": 12, ""n_sources"": 1}",16,30000,3,0.9999699965119362,0.0,0.9659123569726944,0.7799444373448688,0.0
bdh_cq,bdh_cq/residual,cb0b76097aaf,residual,propagate,mild,"{""dim"": 1, ""distance"": 6, ""length"": 12, ""n_sources"": 1}",16,32500,3,0.9999703119198481,0.0,0.9656699349482855,0.7808888815244038,0.0
bdh_cq,bdh_cq/residual,cb0b76097aaf,residual,propagate,mild,"{""dim"": 1, ""distance"": 6, ""length"": 12, ""n_sources"": 1}",16,35000,3,0.9999700685342153,0.0,0.9651315088073412,0.781055548151334,0.0
bdh_cq,bdh_cq/residual,cb0b76097aaf,residual,propagate,mild,"{""dim"": 1, ""distance"": 6, ""length"": 12, ""n_sources"": 1}",16,37500,3,0.9999701852599779,0.0,0.9651906539996465,0.7808888815244038,0.0
bdh_cq,bdh_cq/residual,cb0b76097aaf,residual,propagate,mild,"{""dim"": 1, ""distance"": 6, ""length"": 12, ""n_sources"": 1}",16,40000,3,0.9999701206882795,0.0,0.9650086710850397,0.7808888815641403,0.0
bdh_cq,bdh_cq/residual,cb0b76097aaf,residual,propagate,mild,"{""dim"": 1, ""distance"": 6, ""length"": 12, ""n_sources"": 1}",32,2500,3,0.9999992859860262,0.0,0.9795812995483478,0.7551666630407174,0.0
bdh_cq,bdh_cq/residual,cb0b76097aaf,residual,propagate,mild,"{""dim"": 1, ""distance"": 6, ""length"": 12, ""n_sources"": 1}",32,5000,3,0.9999984900156657,0.0,0.9769664648920298,0.7481111088146766,0.0
bdh_cq,bdh_cq/residual,cb0b76097aaf,residual,propagate,mild,"{""dim"": 1, ""distance"": 6, ""length"": 12, ""n_sources"": 1}",32,7500,3,0.9999986129502455,0.0,0.977349977940321,0.7569999980131786,0.0
bdh_cq,bdh_cq/residual,cb0b76097aaf,residual,propagate,mild,"{""dim"": 1, ""distance"": 6, ""length"": 12, ""n_sources"": 1}",32,10000,3,0.9999986266096433,0.0,0.976250105847915,0.7605555529991785,0.0
bdh_cq,bdh_cq/residual,cb0b76097aaf,residual,propagate,mild,"{""dim"": 1, ""distance"": 6, ""length"": 12, ""n_sources"": 1}",32,12500,3,0.9999986048787832,0.0,0.9743245653808117,0.7706666616400083,0.0
bdh_cq,bdh_cq/residual,cb0b76097aaf,residual,propagate,mild,"{""dim"": 1, ""distance"": 6, ""length"": 12, ""n_sources"": 1}",32,15000,3,0.9999984086801609,0.0,0.9710672311484814,0.7782777710358303,0.0
bdh_cq,bdh_cq/residual,cb0b76097aaf,residual,propagate,mild,"{""dim"": 1, ""distance"": 6, ""length"": 12, ""n_sources"": 1}",32,17500,3,0.9999983416249355,0.0,0.9714415613561869,0.7804444370865822,0.0
bdh_cq,bdh_cq/residual,cb0b76097aaf,residual,propagate,mild,"{""dim"": 1, ""distance"": 6, ""length"": 12, ""n_sources"": 1}",32,20000,3,0.9999982373168071,0.0,0.9686135693142811,0.779833326180776,0.0
bdh_cq,bdh_cq/residual,cb0b76097aaf,residual,propagate,mild,"{""dim"": 1, ""distance"": 6, ""length"": 12, ""n_sources"": 1}",32,22500,3,0.9999982472509146,0.0,0.9695601512988409,0.7812222147782645,0.0
bdh_cq,bdh_cq/residual,cb0b76097aaf,residual,propagate,mild,"{""dim"": 1, ""distance"": 6, ""length"": 12, ""n_sources"": 1}",32,25000,3,0.9999982211738825,0.0,0.970133513212204,0.782444436709086,0.0
bdh_cq,bdh_cq/residual,cb0b76097aaf,residual,propagate,mild,"{""dim"": 1, ""distance"": 6, ""length"": 12, ""n_sources"": 1}",32,27500,3,0.9999982000639042,0.0,0.9664825784663359,0.7812777703205743,0.0
bdh_cq,bdh_cq/residual,cb0b76097aaf,residual,propagate,mild,"{""dim"": 1, ""distance"": 6, ""length"": 12, ""n_sources"": 1}",32,30000,3,0.9999981926133236,0.0,0.9669873863458633,0.7799444373051326,0.0
bdh_cq,bdh_cq/residual,cb0b76097aaf,residual,propagate,mild,"{""dim"": 1, ""distance"": 6, ""length"": 12, ""n_sources"": 1}",32,32500,3,0.9999982137233019,0.0,0.9665446064124504,0.7811666592359542,0.0
bdh_cq,bdh_cq/residual,cb0b76097aaf,residual,propagate,mild,"{""dim"": 1, ""distance"": 6, ""length"": 12, ""n_sources"": 1}",32,35000,3,0.9999981888880333,0.0,0.9660150955120722,0.7809999926090242,0.0
bdh_cq,bdh_cq/residual,cb0b76097aaf,residual,propagate,mild,"{""dim"": 1, ""distance"": 6, ""length"": 12, ""n_sources"": 1}",32,37500,3,0.999998202547431,0.0,0.9661191757768393,0.7808333259820938,0.0
bdh_cq,bdh_cq/residual,cb0b76097aaf,residual,propagate,mild,"{""dim"": 1, ""distance"": 6, ""length"": 12, ""n_sources"": 1}",32,40000,3,0.9999982050309578,0.0,0.9659342312564453,0.7809999926090242,0.0
bdh_cq,bdh_cq/residual,cb0b76097aaf,residual,propagate,mild,"{""dim"": 1, ""distance"": 8, ""length"": 12, ""n_sources"": 1}",1,2500,3,0.8628760824600855,1.0,0.8628760824600855,0.7976110985477766,0.0
bdh_cq,bdh_cq/residual,cb0b76097aaf,residual,propagate,mild,"{""dim"": 1, ""distance"": 8, ""length"": 12, ""n_sources"": 1}",1,5000,3,0.8536672741174698,1.0,0.8536672741174698,0.8026110972166062,0.0
bdh_cq,bdh_cq/residual,cb0b76097aaf,residual,propagate,mild,"{""dim"": 1, ""distance"": 8, ""length"": 12, ""n_sources"": 1}",1,7500,3,0.8445771882931391,1.0,0.8445771882931391,0.747333322217067,0.0
bdh_cq,bdh_cq/residual,cb0b76097aaf,residual,propagate,mild,"{""dim"": 1, ""distance"": 8, ""length"": 12, ""n_sources"": 1}",1,10000,3,0.8385255013902982,1.0,0.8385255013902982,0.6758333266278108,0.0006666666666666666
bdh_cq,bdh_cq/residual,cb0b76097aaf,residual,propagate,mild,"{""dim"": 1, ""distance"": 8, ""length"": 12, ""n_sources"": 1}",1,12500,3,0.8363554328680038,1.0,0.8363554328680038,0.7053333326180775,0.0026666666666666666
bdh_cq,bdh_cq/residual,cb0b76097aaf,residual,propagate,mild,"{""dim"": 1, ""distance"": 8, ""length"": 12, ""n_sources"": 1}",1,15000,3,0.841327873369058,1.0,0.841327873369058,0.7040555588801701,0.0
bdh_cq,bdh_cq/residual,cb0b76097aaf,residual,propagate,mild,"{""dim"": 1, ""distance"": 8, ""length"": 12, ""n_sources"": 1}",1,17500,3,0.8375541021426519,1.0,0.8375541021426519,0.7597777805725734,0.034
bdh_cq,bdh_cq/residual,cb0b76097aaf,residual,propagate,mild,"{""dim"": 1, ""distance"": 8, ""length"": 12, ""n_sources"": 1}",1,20000,3,0.834552489221096,1.0,0.834552489221096,0.757055557847023,0.04133333333333333
bdh_cq,bdh_cq/residual,cb0b76097aaf,residual,propagate,mild,"{""dim"": 1, ""distance"": 8, ""length"": 12, ""n_sources"": 1}",1,22500,3,0.8386426617701849,1.0,0.8386426617701849,0.7756111164490381,0.07733333333333334
bdh_cq,bdh_cq/residual,cb0b76097aaf,residual,propagate,mild,"{""dim"": 1, ""distance"": 8, ""length"": 12, ""n_sources"": 1}",1,25000,3,0.8381393278638521,1.0,0.8381393278638521,0.7885555587212245,0.08466666666666667
bdh_cq,bdh_cq/residual,cb0b76097aaf,residual,propagate,mild,"{""dim"": 1, ""distance"": 8, ""length"": 12, ""n_sources"": 1}",1,27500,3,0.8277238433559736,1.0,0.8277238433559736,0.7821111144224803,0.07266666666666667
bdh_cq,bdh_cq/residual,cb0b76097aaf,residual,propagate,mild,"{""dim"": 1, ""distance"": 8, ""length"": 12, ""n_sources"": 1}",1,30000,3,0.8313146183888117,1.0,0.8313146183888117,0.7872777816454569,0.08866666666666667
bdh_cq,bdh_cq/residual,cb0b76097aaf,residual,propagate,mild,"{""dim"": 1, ""distance"": 8, ""length"": 12, ""n_sources"": 1}",1,32500,3,0.8375614508986473,1.0,0.8375614508986473,0.780722226579984,0.076
bdh_cq,bdh_cq/residual,cb0b76097aaf,residual,propagate,mild,"{""dim"": 1, ""distance"": 8, ""length"": 12, ""n_sources"": 1}",1,35000,3,0.829376017053922,1.0,0.829376017053922,0.7866111141840616,0.084
bdh_cq,bdh_cq/residual,cb0b76097aaf,residual,propagate,mild,"{""dim"": 1, ""distance"": 8, ""length"": 12, ""n_sources"": 1}",1,37500,3,0.8312461574872335,1.0,0.8312461574872335,0.7792777816851933,0.06999999999999999
bdh_cq,bdh_cq/residual,cb0b76097aaf,residual,propagate,mild,"{""dim"": 1, ""distance"": 8, ""length"": 12, ""n_sources"": 1}",1,40000,3,0.8304214874903361,1.0,0.8304214874903361,0.7807222259044647,0.07333333333333333
bdh_cq,bdh_cq/residual,cb0b76097aaf,residual,propagate,mild,"{""dim"": 1, ""distance"": 8, ""length"": 12, ""n_sources"": 1}",2,40000,3,0.9681420202056567,0.0,0.9681420202056567,0.8747777786652247,0.07266666666666667
bdh_cq,bdh_cq/residual,cb0b76097aaf,residual,propagate,mild,"{""dim"": 1, ""distance"": 8, ""length"": 12, ""n_sources"": 1}",4,2500,3,0.998446635901928,0.0,0.9798909847935041,0.7978888766169548,0.0
bdh_cq,bdh_cq/residual,cb0b76097aaf,residual,propagate,mild,"{""dim"": 1, ""distance"": 8, ""length"": 12, ""n_sources"": 1}",4,5000,3,0.99797023832798,0.0,0.9757882530490557,0.7968333208064239,0.0
bdh_cq,bdh_cq/residual,cb0b76097aaf,residual,propagate,mild,"{""dim"": 1, ""distance"": 8, ""length"": 12, ""n_sources"": 1}",4,7500,3,0.9979979445536932,0.0,0.9759702583154043,0.7713333222866058,0.0
bdh_cq,bdh_cq/residual,cb0b76097aaf,residual,propagate,mild,"{""dim"": 1, ""distance"": 8, ""length"": 12, ""n_sources"": 1}",4,10000,3,0.997968427836895,0.0,0.9766345620155334,0.7751111013094585,0.0006666666666666666
bdh_cq,bdh_cq/residual,cb0b76097aaf,residual,propagate,mild,"{""dim"": 1, ""distance"": 8, ""length"": 12, ""n_sources"": 1}",4,12500,3,0.9970985973874728,0.0,0.9735472723841667,0.805611104309559,0.014
bdh_cq,bdh_cq/residual,cb0b76097aaf,residual,propagate,mild,"{""dim"": 1, ""distance"": 8, ""length"": 12, ""n_sources"": 1}",4,15000,3,0.9959620634714762,0.0,0.9698817531267802,0.8008333370685577,0.05666666666666667
bdh_cq,bdh_cq/residual,cb0b76097aaf,residual,propagate,mild,"{""dim"": 1, ""distance"": 8, ""length"": 12, ""n_sources"": 1}",4,17500,3,0.9956553727388382,0.0,0.9725833535194397,0.8200555572311083,0.02
bdh_cq,bdh_cq/residual,cb0b76097aaf,residual,propagate,mild,"{""dim"": 1, ""distance"": 8, ""length"": 12, ""n_sources"": 1}",4,20000,3,0.9951658795277277,0.0,0.9694642747441927,0.8013888886968296,0.02733333333333333
bdh_cq,bdh_cq/residual,cb0b76097aaf,residual,propagate,mild,"{""dim"": 1, ""distance"": 8, ""length"": 12, ""n_sources"": 1}",4,22500,3,0.9947415913144747,0.0,0.9722328533728918,0.8180555579264959,0.03466666666666667
bdh_cq,bdh_cq/residual,cb0b76097aaf,residual,propagate,mild,"{""dim"": 1, ""distance"": 8, ""length"": 12, ""n_sources"": 1}",4,25000,3,0.995060441394647,0.0,0.9712524165709814,0.8393333364129066,0.07400000000000001
bdh_cq,bdh_cq/residual,cb0b76097aaf,residual,propagate,mild,"{""dim"": 1, ""distance"": 8, ""length"": 12, ""n_sources"": 1}",4,27500,3,0.9949604347348213,0.0,0.9680383428931236,0.8242777799566587,0.07333333333333333
bdh_cq,bdh_cq/residual,cb0b76097aaf,residual,propagate,mild,"{""dim"": 1, ""distance"": 8, ""length"": 12, ""n_sources"": 1}",4,30000,3,0.9948945939540863,0.0,0.9698157732685407,0.8190000000397365,0.06866666666666667
bdh_cq,bdh_cq/residual,cb0b76097aaf,residual,propagate,mild,"{""dim"": 1, ""distance"": 8, ""length"": 12, ""n_sources"": 1}",4,32500,3,0.9949631343285242,0.0,0.9693285226821899,0.8152777780890466,0.04466666666666667
bdh_cq,bdh_cq/residual,cb0b76097aaf,residual,propagate,mild,"{""dim"": 1, ""distance"": 8, ""length"": 12, ""n_sources"": 1}",4,35000,3,0.994921845694383,0.0,0.9684666842222214,0.8173333332538606,0.051333333333333335
bdh_cq,bdh_cq/residual,cb0b76097aaf,residual,propagate,mild,"{""dim"": 1, ""distance"": 8, ""length"": 12, ""n_sources"": 1}",4,37500,3,0.994984137515227,0.0,0.9682501554489136,0.8167777774731318,0.05133333333333334
bdh_cq,bdh_cq/residual,cb0b76097aaf,residual,propagate,mild,"{""dim"": 1, ""distance"": 8, ""length"": 12, ""n_sources"": 1}",4,40000,3,0.9949561680356661,0.0,0.9681420202056567,0.8173333328167597,0.05333333333333334
bdh_cq,bdh_cq/residual,cb0b76097aaf,residual,propagate,mild,"{""dim"": 1, ""distance"": 8, ""length"": 12, ""n_sources"": 1}",8,40000,3,0.999527208507061,0.0,0.9682468256602684,0.7497777761618297,0.0
bdh_cq,bdh_cq/residual,cb0b76097aaf,residual,propagate,mild,"{""dim"": 1, ""distance"": 8, ""length"": 12, ""n_sources"": 1}",16,2500,3,0.9999897579352061,0.0,0.9798909847935041,0.7738333250383537,0.0
bdh_cq,bdh_cq/residual,cb0b76097aaf,residual,propagate,mild,"{""dim"": 1, ""distance"": 8, ""length"": 12, ""n_sources"": 1}",16,5000,3,0.9999771838386854,0.0,0.9757882530490557,0.7612222173909347,0.0
bdh_cq,bdh_cq/residual,cb0b76097aaf,residual,propagate,mild,"{""dim"": 1, ""distance"": 8, ""length"": 12, ""n_sources"": 1}",16,7500,3,0.9999786267677943,0.0,0.9759702583154043,0.7723888834913571,0.0
bdh_cq,bdh_cq/residual,cb0b76097aaf,residual,propagate,mild,"{""dim"": 1, ""distance"": 8, ""length"": 12, ""n_sources"": 1}",16,10000,3,0.9999790117144585,0.0,0.9766345620155334,0.7753333272933961,0.0
bdh_cq,bdh_cq/residual,cb0b76097aaf,residual,propagate,mild,"{""dim"": 1, ""distance"": 8, ""length"": 12, ""n_sources"": 1}",16,12500,3,0.9999779835343361,0.0,0.9735472723841667,0.7734444383382798,0.0
bdh_cq,bdh_cq/residual,cb0b76097aaf,residual,propagate,mild,"{""dim"": 1, ""distance"": 8, ""length"": 12, ""n_sources"": 1}",16,15000,3,0.9999747996528944,0.0,0.9698817531267802,0.7793333262999852,0.0
bdh_cq,bdh_cq/residual,cb0b76097aaf,residual,propagate,mild,"{""dim"": 1, ""distance"": 8, ""length"": 12, ""n_sources"": 1}",16,17500,3,0.9999731009205183,0.0,0.9725833535194397,0.7848888805707296,0.0
bdh_cq,bdh_cq/residual,cb0b76097aaf,residual,propagate,mild,"{""dim"": 1, ""distance"": 8, ""length"": 12, ""n_sources"": 1}",16,20000,3,0.9999715263644854,0.0,0.9694642747441927,0.7792222151358922,0.0
bdh_cq,bdh_cq/residual,cb0b76097aaf,residual,propagate,mild,"{""dim"": 1, ""distance"": 8, ""length"": 12, ""n_sources"": 1}",16,22500,3,0.9999707564711571,0.0,0.9722328533728918,0.7837222141424816,0.0
bdh_cq,bdh_cq/residual,cb0b76097aaf,residual,propagate,mild,"{""dim"": 1, ""distance"": 8, ""length"": 12, ""n_sources"": 1}",16,25000,3,0.9999709079662958,0.0,0.9712524165709814,0.7807777704397837,0.0
bdh_cq,bdh_cq/residual,cb0b76097aaf,residual,propagate,mild,"{""dim"": 1, ""distance"": 8, ""length"": 12, ""n_sources"": 1}",16,27500,3,0.9999704559644064,0.0,0.9680383428931236,0.7832222142616908,0.0
bdh_cq,bdh_cq/residual,cb0b76097aaf,residual,propagate,mild,"{""dim"": 1, ""distance"": 8, ""length"": 12, ""n_sources"": 1}",16,30000,3,0.9999699741601944,0.0,0.9698157732685407,0.7866111023426057,0.0
bdh_cq,bdh_cq/residual,cb0b76097aaf,residual,propagate,mild,"{""dim"": 1, ""distance"": 8, ""length"": 12, ""n_sources"": 1}",16,32500,3,0.9999701405564944,0.0,0.9693285226821899,0.784388880689939,0.0
bdh_cq,bdh_cq/residual,cb0b76097aaf,residual,propagate,mild,"{""dim"": 1, ""distance"": 8, ""length"": 12, ""n_sources"": 1}",16,35000,3,0.9999699493249258,0.0,0.9684666842222214,0.7829999921321869,0.0
bdh_cq,bdh_cq/residual,cb0b76097aaf,residual,propagate,mild,"{""dim"": 1, ""distance"": 8, ""length"": 12, ""n_sources"": 1}",16,37500,3,0.9999702125787735,0.0,0.9682501554489136,0.7836666586001715,0.0
bdh_cq,bdh_cq/residual,cb0b76097aaf,residual,propagate,mild,"{""dim"": 1, ""distance"": 8, ""length"": 12, ""n_sources"": 1}",16,40000,3,0.9999700784683228,0.0,0.9681420202056567,0.7843888806502024,0.0
bdh_cq,bdh_cq/residual,cb0b76097aaf,residual,propagate,mild,"{""dim"": 1, ""distance"": 8, ""length"": 12, ""n_sources"": 1}",32,2500,3,0.9999992996454239,0.0,0.9801788770904144,0.7676666602740685,0.0
bdh_cq,bdh_cq/residual,cb0b76097aaf,residual,propagate,mild,"{""dim"": 1, ""distance"": 8, ""length"": 12, ""n_sources"": 1}",32,5000,3,0.9999984645595154,0.0,0.9767386286209027,0.7651666616549094,0.0
bdh_cq,bdh_cq/residual,cb0b76097aaf,residual,propagate,mild,"{""dim"": 1, ""distance"": 8, ""length"": 12, ""n_sources"": 1}",32,7500,3,0.9999986204008261,0.0,0.9770432903120915,0.7711111058890819,0.0
bdh_cq,bdh_cq/residual,cb0b76097aaf,residual,propagate,mild,"{""dim"": 1, ""distance"": 8, ""length"": 12, ""n_sources"": 1}",32,10000,3,0.9999986148128907,0.0,0.9762501598646244,0.7733333276708921,0.0
bdh_cq,bdh_cq/residual,cb0b76097aaf,residual,propagate,mild,"{""dim"": 1, ""distance"": 8, ""length"": 12, ""n_sources"": 1}",32,12500,3,0.9999986042579015,0.0,0.9728706665337086,0.7748888828754424,0.0
bdh_cq,bdh_cq/residual,cb0b76097aaf,residual,propagate,mild,"{""dim"": 1, ""distance"": 8, ""length"": 12, ""n_sources"": 1}",32,15000,3,0.9999984341363112,0.0,0.9707310727487007,0.7802777705589931,0.0
bdh_cq,bdh_cq/residual,cb0b76097aaf,residual,propagate,mild,"{""dim"": 1, ""distance"": 8, ""length"": 12, ""n_sources"": 1}",32,17500,3,0.9999983366578817,0.0,0.9728802268703779,0.7844999917745591,0.0
bdh_cq,bdh_cq/residual,cb0b76097aaf,residual,propagate,mild,"{""dim"": 1, ""distance"": 8, ""length"": 12, ""n_sources"": 1}",32,20000,3,0.9999982534597317,0.0,0.9693038004140059,0.7793888818820318,0.0
bdh_cq,bdh_cq/residual,cb0b76097aaf,residual,propagate,mild,"{""dim"": 1, ""distance"": 8, ""length"": 12, ""n_sources"": 1}",32,22500,3,0.9999982304871082,0.0,0.9716867748647928,0.7835555475552877,0.0
bdh_cq,bdh_cq/residual,cb0b76097aaf,residual,propagate,mild,"{""dim"": 1, ""distance"": 8, ""length"": 12, ""n_sources"": 1}",32,25000,3,0.9999982180694739,0.0,0.9711843536545833,0.7807222148974736,0.0
bdh_cq,bdh_cq/residual,cb0b76097aaf,residual,propagate,mild,"{""dim"": 1, ""distance"": 8, ""length"": 12, ""n_sources"": 1}",32,27500,3,0.9999982044100761,0.0,0.967953530450662,0.7832777698437372,0.0
bdh_cq,bdh_cq/residual,cb0b76097aaf,residual,propagate,mild,"{""dim"": 1, ""distance"": 8, ""length"": 12, ""n_sources"": 1}",32,30000,3,0.9999981938550869,0.0,0.969900730997324,0.7866666579246521,0.0
bdh_cq,bdh_cq/residual,cb0b76097aaf,residual,propagate,mild,"{""dim"": 1, ""distance"": 8, ""length"": 12, ""n_sources"": 1}",32,32500,3,0.9999981975803772,0.0,0.9694604619095722,0.7843333251476289,0.0
bdh_cq,bdh_cq/residual,cb0b76097aaf,residual,propagate,mild,"{""dim"": 1, ""distance"": 8, ""length"": 12, ""n_sources"": 1}",32,35000,3,0.9999981839209795,0.0,0.9684887230396271,0.7830555476744969,0.0
bdh_cq,bdh_cq/residual,cb0b76097aaf,residual,propagate,mild,"{""dim"": 1, ""distance"": 8, ""length"": 12, ""n_sources"": 1}",32,37500,3,0.9999982019265493,0.0,0.9683329208443562,0.783833325266838,0.0
bdh_cq,bdh_cq/residual,cb0b76097aaf,residual,propagate,mild,"{""dim"": 1, ""distance"": 8, ""length"": 12, ""n_sources"": 1}",32,40000,3,0.9999981901297966,0.0,0.9682468256602684,0.784388880689939,0.0
bdh_cq,bdh_cq/residual,cb0b76097aaf,residual,propagate,strong,"{""dim"": 1, ""distance"": 12, ""length"": 48, ""n_sources"": 1}",1,2500,3,0.9060676296552023,1.0,0.9060676296552023,0.7827361001173655,0.0
bdh_cq,bdh_cq/residual,cb0b76097aaf,residual,propagate,strong,"{""dim"": 1, ""distance"": 12, ""length"": 48, ""n_sources"": 1}",1,5000,3,0.9801551997661591,1.0,0.9801551997661591,0.7129583146572113,0.0
bdh_cq,bdh_cq/residual,cb0b76097aaf,residual,propagate,strong,"{""dim"": 1, ""distance"": 12, ""length"": 48, ""n_sources"": 1}",1,7500,3,0.9807385727763176,1.0,0.9807385727763176,0.7296388734181721,0.0
bdh_cq,bdh_cq/residual,cb0b76097aaf,residual,propagate,strong,"{""dim"": 1, ""distance"": 12, ""length"": 48, ""n_sources"": 1}",1,10000,3,0.980133997897307,1.0,0.980133997897307,0.7488333193461102,0.0
bdh_cq,bdh_cq/residual,cb0b76097aaf,residual,propagate,strong,"{""dim"": 1, ""distance"": 12, ""length"": 48, ""n_sources"": 1}",1,12500,3,0.9764661987622579,1.0,0.9764661987622579,0.7397083185513814,0.0
bdh_cq,bdh_cq/residual,cb0b76097aaf,residual,propagate,strong,"{""dim"": 1, ""distance"": 12, ""length"": 48, ""n_sources"": 1}",1,15000,3,0.9652304152647654,1.0,0.9652304152647654,0.7146805374622346,0.0
bdh_cq,bdh_cq/residual,cb0b76097aaf,residual,propagate,strong,"{""dim"": 1, ""distance"": 12, ""length"": 48, ""n_sources"": 1}",1,17500,3,0.9633790701627731,1.0,0.9633790701627731,0.7169166488647462,0.0
bdh_cq,bdh_cq/residual,cb0b76097aaf,residual,propagate,strong,"{""dim"": 1, ""distance"": 12, ""length"": 48, ""n_sources"": 1}",1,20000,3,0.957966223359108,1.0,0.957966223359108,0.7241944279273351,0.0
bdh_cq,bdh_cq/residual,cb0b76097aaf,residual,propagate,strong,"{""dim"": 1, ""distance"": 12, ""length"": 48, ""n_sources"": 1}",1,22500,3,0.9570240353544553,1.0,0.9570240353544553,0.7224027611017227,0.0
bdh_cq,bdh_cq/residual,cb0b76097aaf,residual,propagate,strong,"{""dim"": 1, ""distance"": 12, ""length"": 48, ""n_sources"": 1}",1,25000,3,0.9561420306563377,1.0,0.9561420306563377,0.7217499836285909,0.0
bdh_cq,bdh_cq/residual,cb0b76097aaf,residual,propagate,strong,"{""dim"": 1, ""distance"": 12, ""length"": 48, ""n_sources"": 1}",1,27500,3,0.9563058291872343,1.0,0.9563058291872343,0.7266944287220637,0.0
bdh_cq,bdh_cq/residual,cb0b76097aaf,residual,propagate,strong,"{""dim"": 1, ""distance"": 12, ""length"": 48, ""n_sources"": 1}",1,30000,3,0.9594967464605967,1.0,0.9594967464605967,0.719194427450498,0.0
bdh_cq,bdh_cq/residual,cb0b76097aaf,residual,propagate,strong,"{""dim"": 1, ""distance"": 12, ""length"": 48, ""n_sources"": 1}",1,32500,3,0.9590517034133276,1.0,0.9590517034133276,0.7191805384159089,0.0
bdh_cq,bdh_cq/residual,cb0b76097aaf,residual,propagate,strong,"{""dim"": 1, ""distance"": 12, ""length"": 48, ""n_sources"": 1}",1,35000,3,0.9595788816610972,1.0,0.9595788816610972,0.7187083159287769,0.0
bdh_cq,bdh_cq/residual,cb0b76097aaf,residual,propagate,strong,"{""dim"": 1, ""distance"": 12, ""length"": 48, ""n_sources"": 1}",1,37500,3,0.9592950443426768,1.0,0.9592950443426768,0.7188055383364359,0.0
bdh_cq,bdh_cq/residual,cb0b76097aaf,residual,propagate,strong,"{""dim"": 1, ""distance"": 12, ""length"": 48, ""n_sources"": 1}",1,40000,3,0.9594537342588106,1.0,0.9594537342588106,0.7184722049633662,0.0
bdh_cq,bdh_cq/residual,cb0b76097aaf,residual,propagate,strong,"{""dim"": 1, ""distance"": 12, ""length"": 48, ""n_sources"": 1}",2,40000,3,0.9920645654201508,0.0,0.9920645654201508,0.7158055378198623,0.0
bdh_cq,bdh_cq/residual,cb0b76097aaf,residual,propagate,strong,"{""dim"": 1, ""distance"": 12, ""length"": 48, ""n_sources"": 1}",4,2500,3,0.998632920285066,0.0,0.9881295065085093,0.7858472115596135,0.0
bdh_cq,bdh_cq/residual,cb0b76097aaf,residual,propagate,strong,"{""dim"": 1, ""distance"": 12, ""length"": 48, ""n_sources"": 1}",4,5000,3,0.9990604023138682,0.0,0.9975159938136736,0.7084027579625447,0.0
bdh_cq,bdh_cq/residual,cb0b76097aaf,residual,propagate,strong,"{""dim"": 1, ""distance"": 12, ""length"": 48, ""n_sources"": 1}",4,7500,3,0.9989880695939064,0.0,0.9972157205144564,0.7134444255828857,0.0
bdh_cq,bdh_cq/residual,cb0b76097aaf,residual,propagate,strong,"{""dim"": 1, ""distance"": 12, ""length"": 48, ""n_sources"": 1}",4,10000,3,0.9990689953168234,0.0,0.9970628346006075,0.7163749821186066,0.0
bdh_cq,bdh_cq/residual,cb0b76097aaf,residual,propagate,strong,"{""dim"": 1, ""distance"": 12, ""length"": 48, ""n_sources"": 1}",4,12500,3,0.9987116729219755,0.0,0.9959913318355879,0.7176527600685755,0.0
bdh_cq,bdh_cq/residual,cb0b76097aaf,residual,propagate,strong,"{""dim"": 1, ""distance"": 12, ""length"": 48, ""n_sources"": 1}",4,15000,3,0.9981738403439522,0.0,0.993115042646726,0.7150555380582809,0.0
bdh_cq,bdh_cq/residual,cb0b76097aaf,residual,propagate,strong,"{""dim"": 1, ""distance"": 12, ""length"": 48, ""n_sources"": 1}",4,17500,3,0.9982349748412768,0.0,0.9925322035948435,0.7144860935211182,0.0
bdh_cq,bdh_cq/residual,cb0b76097aaf,residual,propagate,strong,"{""dim"": 1, ""distance"": 12, ""length"": 48, ""n_sources"": 1}",4,20000,3,0.9980116511384646,0.0,0.9912189443906149,0.7205694280465443,0.0
bdh_cq,bdh_cq/residual,cb0b76097aaf,residual,propagate,strong,"{""dim"": 1, ""distance"": 12, ""length"": 48, ""n_sources"": 1}",4,22500,3,0.9979812701543173,0.0,0.9914218957225481,0.7195416505734126,0.0
bdh_cq,bdh_cq/residual,cb0b76097aaf,residual,propagate,strong,"{""dim"": 1, ""distance"": 12, ""length"": 48, ""n_sources"": 1}",4,25000,3,0.9981185818711916,0.0,0.9916815112034479,0.7210416514873504,0.0
bdh_cq,bdh_cq/residual,cb0b76097aaf,residual,propagate,strong,"{""dim"": 1, ""distance"": 12, ""length"": 48, ""n_sources"": 1}",4,27500,3,0.998081145187219,0.0,0.9914769927660624,0.7234722069899241,0.0
bdh_cq,bdh_cq/residual,cb0b76097aaf,residual,propagate,strong,"{""dim"": 1, ""distance"": 12, ""length"": 48, ""n_sources"": 1}",4,30000,3,0.9983063737551371,0.0,0.9921551470955213,0.7174999840259552,0.0
bdh_cq,bdh_cq/residual,cb0b76097aaf,residual,propagate,strong,"{""dim"": 1, ""distance"": 12, ""length"": 48, ""n_sources"": 1}",4,32500,3,0.9983044738570849,0.0,0.9920102283358574,0.7180555394093195,0.0
bdh_cq,bdh_cq/residual,cb0b76097aaf,residual,propagate,strong,"{""dim"": 1, ""distance"": 12, ""length"": 48, ""n_sources"": 1}",4,35000,3,0.9982323870062828,0.0,0.9920328333973885,0.7173333169221877,0.0
bdh_cq,bdh_cq/residual,cb0b76097aaf,residual,propagate,strong,"{""dim"": 1, ""distance"": 12, ""length"": 48, ""n_sources"": 1}",4,37500,3,0.9982520863413811,0.0,0.9920414884885153,0.7166666501363118,0.0
bdh_cq,bdh_cq/residual,cb0b76097aaf,residual,propagate,strong,"{""dim"": 1, ""distance"": 12, ""length"": 48, ""n_sources"": 1}",4,40000,3,0.9982645362615585,0.0,0.9920645654201508,0.7165416501760483,0.0
bdh_cq,bdh_cq/residual,cb0b76097aaf,residual,propagate,strong,"{""dim"": 1, ""distance"": 12, ""length"": 48, ""n_sources"": 1}",8,40000,3,0.999690688525637,0.0,0.9915655062844356,0.7319305429855981,0.0
bdh_cq,bdh_cq/residual,cb0b76097aaf,residual,propagate,strong,"{""dim"": 1, ""distance"": 12, ""length"": 48, ""n_sources"": 1}",16,2500,3,0.9999898994962374,0.0,0.9881295065085093,0.8176666570107143,0.0
bdh_cq,bdh_cq/residual,cb0b76097aaf,residual,propagate,strong,"{""dim"": 1, ""distance"": 12, ""length"": 48, ""n_sources"": 1}",16,5000,3,0.9999768808484077,0.0,0.9975159938136736,0.7112360919713975,0.0
bdh_cq,bdh_cq/residual,cb0b76097aaf,residual,propagate,strong,"{""dim"": 1, ""distance"": 12, ""length"": 48, ""n_sources"": 1}",16,7500,3,0.9999787385265032,0.0,0.9972157205144564,0.7775555435419083,0.0
bdh_cq,bdh_cq/residual,cb0b76097aaf,residual,propagate,strong,"{""dim"": 1, ""distance"": 12, ""length"": 48, ""n_sources"": 1}",16,10000,3,0.9999792849024137,0.0,0.9970628346006075,0.7729444337685902,0.0
bdh_cq,bdh_cq/residual,cb0b76097aaf,residual,propagate,strong,"{""dim"": 1, ""distance"": 12, ""length"": 48, ""n_sources"": 1}",16,12500,3,0.9999782467881838,0.0,0.9959913318355879,0.8074722145795823,0.0
bdh_cq,bdh_cq/residual,cb0b76097aaf,residual,propagate,strong,"{""dim"": 1, ""distance"": 12, ""length"": 48, ""n_sources"": 1}",16,15000,3,0.9999808371067047,0.0,0.993115042646726,0.8053194397091866,0.0
bdh_cq,bdh_cq/residual,cb0b76097aaf,residual,propagate,strong,"{""dim"": 1, ""distance"": 12, ""length"": 48, ""n_sources"": 1}",16,17500,3,0.9999769901235899,0.0,0.9925322035948435,0.7943333274126053,0.0
bdh_cq,bdh_cq/residual,cb0b76097aaf,residual,propagate,strong,"{""dim"": 1, ""distance"": 12, ""length"": 48, ""n_sources"": 1}",16,20000,3,0.999978668987751,0.0,0.9912189443906149,0.8048194382190704,0.0
bdh_cq,bdh_cq/residual,cb0b76097aaf,residual,propagate,strong,"{""dim"": 1, ""distance"": 12, ""length"": 48, ""n_sources"": 1}",16,22500,3,0.9999782492717108,0.0,0.9914218957225481,0.8104305495818456,0.0
bdh_cq,bdh_cq/residual,cb0b76097aaf,residual,propagate,strong,"{""dim"": 1, ""distance"": 12, ""length"": 48, ""n_sources"": 1}",16,25000,3,0.9999755918979645,0.0,0.9916815112034479,0.8065138839185239,0.0
bdh_cq,bdh_cq/residual,cb0b76097aaf,residual,propagate,strong,"{""dim"": 1, ""distance"": 12, ""length"": 48, ""n_sources"": 1}",16,27500,3,0.9999763990441958,0.0,0.9914769927660624,0.8246944381793341,0.0
bdh_cq,bdh_cq/residual,cb0b76097aaf,residual,propagate,strong,"{""dim"": 1, ""distance"": 12, ""length"": 48, ""n_sources"": 1}",16,30000,3,0.9999748294552168,0.0,0.9921551470955213,0.8038749936819077,0.0
bdh_cq,bdh_cq/residual,cb0b76097aaf,residual,propagate,strong,"{""dim"": 1, ""distance"": 12, ""length"": 48, ""n_sources"": 1}",16,32500,3,0.9999755794803301,0.0,0.9920102283358574,0.8149305492242177,0.0
bdh_cq,bdh_cq/residual,cb0b76097aaf,residual,propagate,strong,"{""dim"": 1, ""distance"": 12, ""length"": 48, ""n_sources"": 1}",16,35000,3,0.9999754255016645,0.0,0.9920328333973885,0.8063611050844193,0.0
bdh_cq,bdh_cq/residual,cb0b76097aaf,residual,propagate,strong,"{""dim"": 1, ""distance"": 12, ""length"": 48, ""n_sources"": 1}",16,37500,3,0.9999754106005033,0.0,0.9920414884885153,0.8050833268165588,0.0
bdh_cq,bdh_cq/residual,cb0b76097aaf,residual,propagate,strong,"{""dim"": 1, ""distance"": 12, ""length"": 48, ""n_sources"": 1}",16,40000,3,0.9999753485123316,0.0,0.9920645654201508,0.8031388828357061,0.0
bdh_cq,bdh_cq/residual,cb0b76097aaf,residual,propagate,strong,"{""dim"": 1, ""distance"": 12, ""length"": 48, ""n_sources"": 1}",32,2500,3,0.9999993896732727,0.0,0.9887925330549479,0.8649444415370624,0.0
bdh_cq,bdh_cq/residual,cb0b76097aaf,residual,propagate,strong,"{""dim"": 1, ""distance"": 12, ""length"": 48, ""n_sources"": 1}",32,5000,3,0.9999984546254078,0.0,0.9975016427536806,0.7198472080528736,0.0
bdh_cq,bdh_cq/residual,cb0b76097aaf,residual,propagate,strong,"{""dim"": 1, ""distance"": 12, ""length"": 48, ""n_sources"": 1}",32,7500,3,0.9999985508620739,0.0,0.997242042173942,0.7940694372306267,0.0
bdh_cq,bdh_cq/residual,cb0b76097aaf,residual,propagate,strong,"{""dim"": 1, ""distance"": 12, ""length"": 48, ""n_sources"": 1}",32,10000,3,0.999998627230525,0.0,0.9970596116036177,0.7863749933627745,0.0
bdh_cq,bdh_cq/residual,cb0b76097aaf,residual,propagate,strong,"{""dim"": 1, ""distance"": 12, ""length"": 48, ""n_sources"": 1}",32,12500,3,0.9999986334393421,0.0,0.9959159574160973,0.8415555501580237,0.0
bdh_cq,bdh_cq/residual,cb0b76097aaf,residual,propagate,strong,"{""dim"": 1, ""distance"": 12, ""length"": 48, ""n_sources"": 1}",32,15000,3,0.9999988209456205,0.0,0.993328400577108,0.8507499969005585,0.0
bdh_cq,bdh_cq/residual,cb0b76097aaf,residual,propagate,strong,"{""dim"": 1, ""distance"": 12, ""length"": 48, ""n_sources"": 1}",32,17500,3,0.9999985278894504,0.0,0.9927154071629047,0.8262777724067369,0.0
bdh_cq,bdh_cq/residual,cb0b76097aaf,residual,propagate,strong,"{""dim"": 1, ""distance"": 12, ""length"": 48, ""n_sources"": 1}",32,20000,3,0.9999986005326112,0.0,0.9911127717544636,0.8324722170432409,0.0
bdh_cq,bdh_cq/residual,cb0b76097aaf,residual,propagate,strong,"{""dim"": 1, ""distance"": 12, ""length"": 48, ""n_sources"": 1}",32,22500,3,0.9999985334773859,0.0,0.9909888474891583,0.8437916613419851,0.0
bdh_cq,bdh_cq/residual,cb0b76097aaf,residual,propagate,strong,"{""dim"": 1, ""distance"": 12, ""length"": 48, ""n_sources"": 1}",32,25000,3,0.9999983869493008,0.0,0.9912491279343764,0.8352222183644772,0.0
bdh_cq,bdh_cq/residual,cb0b76097aaf,residual,propagate,strong,"{""dim"": 1, ""distance"": 12, ""length"": 48, ""n_sources"": 1}",32,27500,3,0.999998472010096,0.0,0.9909677853186926,0.8508749949932097,0.0
bdh_cq,bdh_cq/residual,cb0b76097aaf,residual,propagate,strong,"{""dim"": 1, ""distance"": 12, ""length"": 48, ""n_sources"": 1}",32,30000,3,0.9999983341743549,0.0,0.9916009393831094,0.8408194392522176,0.0
bdh_cq,bdh_cq/residual,cb0b76097aaf,residual,propagate,strong,"{""dim"": 1, ""distance"": 12, ""length"": 48, ""n_sources"": 1}",32,32500,3,0.9999984086801609,0.0,0.9915856458246708,0.8467361062367758,0.0
bdh_cq,bdh_cq/residual,cb0b76097aaf,residual,propagate,strong,"{""dim"": 1, ""distance"": 12, ""length"": 48, ""n_sources"": 1}",32,35000,3,0.9999983919163545,0.0,0.9915739862869183,0.841472216685613,0.0
bdh_cq,bdh_cq/residual,cb0b76097aaf,residual,propagate,strong,"{""dim"": 1, ""distance"": 12, ""length"": 48, ""n_sources"": 1}",32,37500,3,0.9999984024713436,0.0,0.9915364471574625,0.8396249940792719,0.0
bdh_cq,bdh_cq/residual,cb0b76097aaf,residual,propagate,strong,"{""dim"": 1, ""distance"": 12, ""length"": 48, ""n_sources"": 1}",32,40000,3,0.999998381982247,0.0,0.9915655062844356,0.8383055498202642,0.0
bdh_cq,bdh_cq/residual,cb0b76097aaf,residual,propagate,strong,"{""dim"": 1, ""distance"": 24, ""length"": 48, ""n_sources"": 1}",1,2500,3,0.9096682543555895,1.0,0.9096682543555895,0.703763888378938,0.0
bdh_cq,bdh_cq/residual,cb0b76097aaf,residual,propagate,strong,"{""dim"": 1, ""distance"": 24, ""length"": 48, ""n_sources"": 1}",1,5000,3,0.9801973601182302,1.0,0.9801973601182302,0.5007083389163017,0.0
bdh_cq,bdh_cq/residual,cb0b76097aaf,residual,propagate,strong,"{""dim"": 1, ""distance"": 24, ""length"": 48, ""n_sources"": 1}",1,7500,3,0.9806927467385927,1.0,0.9806927467385927,0.5772916692296665,0.0
bdh_cq,bdh_cq/residual,cb0b76097aaf,residual,propagate,strong,"{""dim"": 1, ""distance"": 24, ""length"": 48, ""n_sources"": 1}",1,10000,3,0.9797408183415731,1.0,0.9797408183415731,0.6130000030994415,0.0
bdh_cq,bdh_cq/residual,cb0b76097aaf,residual,propagate,strong,"{""dim"": 1, ""distance"": 24, ""length"": 48, ""n_sources"": 1}",1,12500,3,0.976272871096929,1.0,0.976272871096929,0.5877638910015425,0.0
bdh_cq,bdh_cq/residual,cb0b76097aaf,residual,propagate,strong,"{""dim"": 1, ""distance"": 24, ""length"": 48, ""n_sources"": 1}",1,15000,3,0.9683040454983711,1.0,0.9683040454983711,0.5100277833541235,0.0
bdh_cq,bdh_cq/residual,cb0b76097aaf,residual,propagate,strong,"{""dim"": 1, ""distance"": 24, ""length"": 48, ""n_sources"": 1}",1,17500,3,0.9647369086742401,1.0,0.9647369086742401,0.5174166716734568,0.0
bdh_cq,bdh_cq/residual,cb0b76097aaf,residual,propagate,strong,"{""dim"": 1, ""distance"": 24, ""length"": 48, ""n_sources"": 1}",1,20000,3,0.9586563557386398,1.0,0.9586563557386398,0.5473194482723872,0.0
bdh_cq,bdh_cq/residual,cb0b76097aaf,residual,propagate,strong,"{""dim"": 1, ""distance"": 24, ""length"": 48, ""n_sources"": 1}",1,22500,3,0.955865795413653,1.0,0.955865795413653,0.5447638927102089,0.0
bdh_cq,bdh_cq/residual,cb0b76097aaf,residual,propagate,strong,"{""dim"": 1, ""distance"": 24, ""length"": 48, ""n_sources"": 1}",1,25000,3,0.9551485578219095,1.0,0.9551485578219095,0.538513892531395,0.0
bdh_cq,bdh_cq/residual,cb0b76097aaf,residual,propagate,strong,"{""dim"": 1, ""distance"": 24, ""length"": 48, ""n_sources"": 1}",1,27500,3,0.9555486490329107,1.0,0.9555486490329107,0.5585555587410926,0.0
bdh_cq,bdh_cq/residual,cb0b76097aaf,residual,propagate,strong,"{""dim"": 1, ""distance"": 24, ""length"": 48, ""n_sources"": 1}",1,30000,3,0.9561407491564751,1.0,0.9561407491564751,0.5251250036160151,0.0
bdh_cq,bdh_cq/residual,cb0b76097aaf,residual,propagate,strong,"{""dim"": 1, ""distance"": 24, ""length"": 48, ""n_sources"": 1}",1,32500,3,0.9560852920015653,1.0,0.9560852920015653,0.5253750039140384,0.0
bdh_cq,bdh_cq/residual,cb0b76097aaf,residual,propagate,strong,"{""dim"": 1, ""distance"": 24, ""length"": 48, ""n_sources"": 1}",1,35000,3,0.9564195026954015,1.0,0.9564195026954015,0.5263333373665809,0.0
bdh_cq,bdh_cq/residual,cb0b76097aaf,residual,propagate,strong,"{""dim"": 1, ""distance"": 24, ""length"": 48, ""n_sources"": 1}",1,37500,3,0.9563356190919876,1.0,0.9563356190919876,0.5258472263813019,0.0
bdh_cq,bdh_cq/residual,cb0b76097aaf,residual,propagate,strong,"{""dim"": 1, ""distance"": 24, ""length"": 48, ""n_sources"": 1}",1,40000,3,0.9564732859532038,1.0,0.9564732859532038,0.5244861149986586,0.0
bdh_cq,bdh_cq/residual,cb0b76097aaf,residual,propagate,strong,"{""dim"": 1, ""distance"": 24, ""length"": 48, ""n_sources"": 1}",2,40000,3,0.9911898722251257,0.0,0.9911898722251257,0.5138472266991934,0.0
bdh_cq,bdh_cq/residual,cb0b76097aaf,residual,propagate,strong,"{""dim"": 1, ""distance"": 24, ""length"": 48, ""n_sources"": 1}",4,2500,3,0.9986229663093885,0.0,0.9886156221230825,0.7110972222487132,0.0
bdh_cq,bdh_cq/residual,cb0b76097aaf,residual,propagate,strong,"{""dim"": 1, ""distance"": 24, ""length"": 48, ""n_sources"": 1}",4,5000,3,0.9990823169549307,0.0,0.9974054396152496,0.4600138985315958,0.0
bdh_cq,bdh_cq/residual,cb0b76097aaf,residual,propagate,strong,"{""dim"": 1, ""distance"": 24, ""length"": 48, ""n_sources"": 1}",4,7500,3,0.9990492934981982,0.0,0.9971754277745882,0.4806805633703867,0.0
bdh_cq,bdh_cq/residual,cb0b76097aaf,residual,propagate,strong,"{""dim"": 1, ""distance"": 24, ""length"": 48, ""n_sources"": 1}",4,10000,3,0.9990893652041754,0.0,0.9968970989187559,0.48734722948074344,0.0
bdh_cq,bdh_cq/residual,cb0b76097aaf,residual,propagate,strong,"{""dim"": 1, ""distance"": 24, ""length"": 48, ""n_sources"": 1}",4,12500,3,0.9988183404008547,0.0,0.9958706597487131,0.49140278472503024,0.0
bdh_cq,bdh_cq/residual,cb0b76097aaf,residual,propagate,strong,"{""dim"": 1, ""distance"": 24, ""length"": 48, ""n_sources"": 1}",4,15000,3,0.9981831659873327,0.0,0.9937226747473081,0.48461111815770463,0.0
bdh_cq,bdh_cq/residual,cb0b76097aaf,residual,propagate,strong,"{""dim"": 1, ""distance"": 24, ""length"": 48, ""n_sources"": 1}",4,17500,3,0.9983000407616297,0.0,0.9930699244141579,0.4915277836124103,0.0
bdh_cq,bdh_cq/residual,cb0b76097aaf,residual,propagate,strong,"{""dim"": 1, ""distance"": 24, ""length"": 48, ""n_sources"": 1}",4,20000,3,0.9979769835869471,0.0,0.9912331054608027,0.5230694484909376,0.0
bdh_cq,bdh_cq/residual,cb0b76097aaf,residual,propagate,strong,"{""dim"": 1, ""distance"": 24, ""length"": 48, ""n_sources"": 1}",4,22500,3,0.997878722846508,0.0,0.9909476637840271,0.5290416700641314,0.0
bdh_cq,bdh_cq/residual,cb0b76097aaf,residual,propagate,strong,"{""dim"": 1, ""distance"": 24, ""length"": 48, ""n_sources"": 1}",4,25000,3,0.9980395485957464,0.0,0.990975429614385,0.5275138924320539,0.0
bdh_cq,bdh_cq/residual,cb0b76097aaf,residual,propagate,strong,"{""dim"": 1, ""distance"": 24, ""length"": 48, ""n_sources"": 1}",4,27500,3,0.9979764396945635,0.0,0.9908819521466891,0.542944447517395,0.0
bdh_cq,bdh_cq/residual,cb0b76097aaf,residual,propagate,strong,"{""dim"": 1, ""distance"": 24, ""length"": 48, ""n_sources"": 1}",4,30000,3,0.998196097711722,0.0,0.9911840433875719,0.5113194484114647,0.0
bdh_cq,bdh_cq/residual,cb0b76097aaf,residual,propagate,strong,"{""dim"": 1, ""distance"": 24, ""length"": 48, ""n_sources"": 1}",4,32500,3,0.998212511340777,0.0,0.9911612744132677,0.5157222257256507,0.0
bdh_cq,bdh_cq/residual,cb0b76097aaf,residual,propagate,strong,"{""dim"": 1, ""distance"": 24, ""length"": 48, ""n_sources"": 1}",4,35000,3,0.9981779009103775,0.0,0.9911373953024546,0.5125000036358833,0.0
bdh_cq,bdh_cq/residual,cb0b76097aaf,residual,propagate,strong,"{""dim"": 1, ""distance"": 24, ""length"": 48, ""n_sources"": 1}",4,37500,3,0.9981746648748716,0.0,0.9911370724439621,0.5111805593371391,0.0
bdh_cq,bdh_cq/residual,cb0b76097aaf,residual,propagate,strong,"{""dim"": 1, ""distance"": 24, ""length"": 48, ""n_sources"": 1}",4,40000,3,0.9981860518455505,0.0,0.9911898722251257,0.5100555593768755,0.0
bdh_cq,bdh_cq/residual,cb0b76097aaf,residual,propagate,strong,"{""dim"": 1, ""distance"": 24, ""length"": 48, ""n_sources"": 1}",8,40000,3,0.9996917024254799,0.0,0.9913578691581885,0.5411250036358833,0.0
bdh_cq,bdh_cq/residual,cb0b76097aaf,residual,propagate,strong,"{""dim"": 1, ""distance"": 24, ""length"": 48, ""n_sources"": 1}",16,2500,3,0.9999903018275896,0.0,0.9886156221230825,0.7452499960064888,0.0
bdh_cq,bdh_cq/residual,cb0b76097aaf,residual,propagate,strong,"{""dim"": 1, ""distance"": 24, ""length"": 48, ""n_sources"": 1}",16,5000,3,0.9999775588512421,0.0,0.9974054396152496,0.46541667576630913,0.0
bdh_cq,bdh_cq/residual,cb0b76097aaf,residual,propagate,strong,"{""dim"": 1, ""distance"": 24, ""length"": 48, ""n_sources"": 1}",16,7500,3,0.9999787285923958,0.0,0.9971754277745882,0.6140138927698136,0.0
bdh_cq,bdh_cq/residual,cb0b76097aaf,residual,propagate,strong,"{""dim"": 1, ""distance"": 24, ""length"": 48, ""n_sources"": 1}",16,10000,3,0.9999791632095972,0.0,0.9968970989187559,0.5944305601318677,0.0
bdh_cq,bdh_cq/residual,cb0b76097aaf,residual,propagate,strong,"{""dim"": 1, ""distance"": 24, ""length"": 48, ""n_sources"": 1}",16,12500,3,0.9999794736504555,0.0,0.9958706597487131,0.6762361132701238,0.0
bdh_cq,bdh_cq/residual,cb0b76097aaf,residual,propagate,strong,"{""dim"": 1, ""distance"": 24, ""length"": 48, ""n_sources"": 1}",16,15000,3,0.9999819373091062,0.0,0.9937226747473081,0.6785000008692345,0.0
bdh_cq,bdh_cq/residual,cb0b76097aaf,residual,propagate,strong,"{""dim"": 1, ""distance"": 24, ""length"": 48, ""n_sources"": 1}",16,17500,3,0.9999776557087898,0.0,0.9930699244141579,0.6476944449146589,0.0
bdh_cq,bdh_cq/residual,cb0b76097aaf,residual,propagate,strong,"{""dim"": 1, ""distance"": 24, ""length"": 48, ""n_sources"": 1}",16,20000,3,0.9999786665042242,0.0,0.9912331054608027,0.671138889213403,0.0
bdh_cq,bdh_cq/residual,cb0b76097aaf,residual,propagate,strong,"{""dim"": 1, ""distance"": 24, ""length"": 48, ""n_sources"": 1}",16,22500,3,0.9999776656428973,0.0,0.9909476637840271,0.6844444451928139,0.0
bdh_cq,bdh_cq/residual,cb0b76097aaf,residual,propagate,strong,"{""dim"": 1, ""distance"": 24, ""length"": 48, ""n_sources"": 1}",16,25000,3,0.9999755645791689,0.0,0.990975429614385,0.6838333331644534,0.0
bdh_cq,bdh_cq/residual,cb0b76097aaf,residual,propagate,strong,"{""dim"": 1, ""distance"": 24, ""length"": 48, ""n_sources"": 1}",16,27500,3,0.9999762227137884,0.0,0.9908819521466891,0.7160833337108294,0.0
bdh_cq,bdh_cq/residual,cb0b76097aaf,residual,propagate,strong,"{""dim"": 1, ""distance"": 24, ""length"": 48, ""n_sources"": 1}",16,30000,3,0.9999749188621839,0.0,0.9911840433875719,0.6711388898293178,0.0
bdh_cq,bdh_cq/residual,cb0b76097aaf,residual,propagate,strong,"{""dim"": 1, ""distance"": 24, ""length"": 48, ""n_sources"": 1}",16,32500,3,0.9999758799870809,0.0,0.9911612744132677,0.6895555561383565,0.0
bdh_cq,bdh_cq/residual,cb0b76097aaf,residual,propagate,strong,"{""dim"": 1, ""distance"": 24, ""length"": 48, ""n_sources"": 1}",16,35000,3,0.9999755273262659,0.0,0.9911373953024546,0.6780277794003485,0.0
bdh_cq,bdh_cq/residual,cb0b76097aaf,residual,propagate,strong,"{""dim"": 1, ""distance"": 24, ""length"": 48, ""n_sources"": 1}",16,37500,3,0.9999754627545675,0.0,0.9911370724439621,0.6738611125548681,0.0
bdh_cq,bdh_cq/residual,cb0b76097aaf,residual,propagate,strong,"{""dim"": 1, ""distance"": 24, ""length"": 48, ""n_sources"": 1}",16,40000,3,0.9999754230181376,0.0,0.9911898722251257,0.6711111127932866,0.0
bdh_cq,bdh_cq/residual,cb0b76097aaf,residual,propagate,strong,"{""dim"": 1, ""distance"": 24, ""length"": 48, ""n_sources"": 1}",32,2500,3,0.9999993648380041,0.0,0.9886661159495512,0.7981527765393257,0.0
bdh_cq,bdh_cq/residual,cb0b76097aaf,residual,propagate,strong,"{""dim"": 1, ""distance"": 24, ""length"": 48, ""n_sources"": 1}",32,5000,3,0.9999984540045261,0.0,0.9974290175984303,0.48938889521857104,0.0
bdh_cq,bdh_cq/residual,cb0b76097aaf,residual,propagate,strong,"{""dim"": 1, ""distance"": 24, ""length"": 48, ""n_sources"": 1}",32,7500,3,0.9999985539664825,0.0,0.9972292482852936,0.6523055574037134,0.0
bdh_cq,bdh_cq/residual,cb0b76097aaf,residual,propagate,strong,"{""dim"": 1, ""distance"": 24, ""length"": 48, ""n_sources"": 1}",32,10000,3,0.9999986166755358,0.0,0.9970440156757832,0.6308750030075511,0.0
bdh_cq,bdh_cq/residual,cb0b76097aaf,residual,propagate,strong,"{""dim"": 1, ""distance"": 24, ""length"": 48, ""n_sources"": 1}",32,12500,3,0.9999986632416645,0.0,0.9958491586148739,0.7441250024636586,0.0
bdh_cq,bdh_cq/residual,cb0b76097aaf,residual,propagate,strong,"{""dim"": 1, ""distance"": 24, ""length"": 48, ""n_sources"": 1}",32,15000,3,0.9999988625446955,0.0,0.9934270065277815,0.7632222223977249,0.0
bdh_cq,bdh_cq/residual,cb0b76097aaf,residual,propagate,strong,"{""dim"": 1, ""distance"": 24, ""length"": 48, ""n_sources"": 1}",32,17500,3,0.999998576939106,0.0,0.9927684074888626,0.7014305564959843,0.0
bdh_cq,bdh_cq/residual,cb0b76097aaf,residual,propagate,strong,"{""dim"": 1, ""distance"": 24, ""length"": 48, ""n_sources"": 1}",32,20000,3,0.9999986253678799,0.0,0.9911075513809919,0.7171527780195078,0.0
bdh_cq,bdh_cq/residual,cb0b76097aaf,residual,propagate,strong,"{""dim"": 1, ""distance"": 24, ""length"": 48, ""n_sources"": 1}",32,22500,3,0.9999985291312138,0.0,0.9909181079516808,0.745458333949248,0.0
bdh_cq,bdh_cq/residual,cb0b76097aaf,residual,propagate,strong,"{""dim"": 1, ""distance"": 24, ""length"": 48, ""n_sources"": 1}",32,25000,3,0.9999983832240105,0.0,0.9912053073445956,0.7421666674017907,0.0
bdh_cq,bdh_cq/residual,cb0b76097aaf,residual,propagate,strong,"{""dim"": 1, ""distance"": 24, ""length"": 48, ""n_sources"": 1}",32,27500,3,0.9999984527627627,0.0,0.9909652974456549,0.7599583347042401,0.0
bdh_cq,bdh_cq/residual,cb0b76097aaf,residual,propagate,strong,"{""dim"": 1, ""distance"": 24, ""length"": 48, ""n_sources"": 1}",32,30000,3,0.9999983484546343,0.0,0.9912628742555777,0.7367500013709068,0.0
bdh_cq,bdh_cq/residual,cb0b76097aaf,residual,propagate,strong,"{""dim"": 1, ""distance"": 24, ""length"": 48, ""n_sources"": 1}",32,32500,3,0.9999984428286552,0.0,0.9913206820686659,0.7492638903260231,0.0
bdh_cq,bdh_cq/residual,cb0b76097aaf,residual,propagate,strong,"{""dim"": 1, ""distance"": 24, ""length"": 48, ""n_sources"": 1}",32,35000,3,0.9999984093010426,0.0,0.9913458122561375,0.739444445848465,0.0
bdh_cq,bdh_cq/residual,cb0b76097aaf,residual,propagate,strong,"{""dim"": 1, ""distance"": 24, ""length"": 48, ""n_sources"": 1}",32,37500,3,0.999998401850462,0.0,0.9913336094468832,0.7380833347340424,0.0
bdh_cq,bdh_cq/residual,cb0b76097aaf,residual,propagate,strong,"{""dim"": 1, ""distance"": 24, ""length"": 48, ""n_sources"": 1}",32,40000,3,0.9999984006086985,0.0,0.9913578691581885,0.7360694458285968,0.0
looped_transformer,looped_transformer/plain,2d1c70257fcb,plain,propagate,interp,"{""dim"": 1, ""distance"": 1, ""length"": 12, ""n_sources"": 1}",1,2500,3,0.44198500365018845,1.0,0.44198500365018845,0.9948436470921643,0.9411177644710579
looped_transformer,looped_transformer/plain,2d1c70257fcb,plain,propagate,interp,"{""dim"": 1, ""distance"": 1, ""length"": 12, ""n_sources"": 1}",1,5000,3,0.43617577850818634,1.0,0.43617577850818634,0.9978376584138698,0.9760479041916167
looped_transformer,looped_transformer/plain,2d1c70257fcb,plain,propagate,interp,"{""dim"": 1, ""distance"": 1, ""length"": 12, ""n_sources"": 1}",1,7500,3,0.40687760586539906,1.0,0.40687760586539906,0.9985861613483963,0.9830339321357284
looped_transformer,looped_transformer/plain,2d1c70257fcb,plain,propagate,interp,"{""dim"": 1, ""distance"": 1, ""length"": 12, ""n_sources"": 1}",1,10000,3,0.42349210008978844,1.0,0.42349210008978844,0.998918829206935,0.9880239520958084
looped_transformer,looped_transformer/plain,2d1c70257fcb,plain,propagate,interp,"{""dim"": 1, ""distance"": 1, ""length"": 12, ""n_sources"": 1}",1,12500,3,0.434885960072279,1.0,0.434885960072279,0.999168330204939,0.9900199600798403
looped_transformer,looped_transformer/plain,2d1c70257fcb,plain,propagate,interp,"{""dim"": 1, ""distance"": 1, ""length"": 12, ""n_sources"": 1}",1,15000,3,0.428865984082222,1.0,0.428865984082222,0.9989188292664206,0.9870259481037924
looped_transformer,looped_transformer/plain,2d1c70257fcb,plain,propagate,interp,"{""dim"": 1, ""distance"": 1, ""length"": 12, ""n_sources"": 1}",1,17500,3,0.42016765971978504,1.0,0.42016765971978504,0.9995841651024695,0.9950099800399202
looped_transformer,looped_transformer/plain,2d1c70257fcb,plain,propagate,interp,"{""dim"": 1, ""distance"": 1, ""length"": 12, ""n_sources"": 1}",1,20000,3,0.438340675085783,1.0,0.438340675085783,0.9999168330204938,0.999001996007984
looped_transformer,looped_transformer/plain,2d1c70257fcb,plain,propagate,interp,"{""dim"": 1, ""distance"": 1, ""length"": 12, ""n_sources"": 1}",1,22500,3,0.4490221266945203,1.0,0.4490221266945203,1.0,1.0
looped_transformer,looped_transformer/plain,2d1c70257fcb,plain,propagate,interp,"{""dim"": 1, ""distance"": 1, ""length"": 12, ""n_sources"": 1}",1,25000,3,0.45182893176873523,1.0,0.45182893176873523,0.9998336660409878,0.9980039920159681
looped_transformer,looped_transformer/plain,2d1c70257fcb,plain,propagate,interp,"{""dim"": 1, ""distance"": 1, ""length"": 12, ""n_sources"": 1}",1,27500,3,0.4611654045681159,1.0,0.4611654045681159,0.9998336660409878,0.9980039920159681
looped_transformer,looped_transformer/plain,2d1c70257fcb,plain,propagate,interp,"{""dim"": 1, ""distance"": 1, ""length"": 12, ""n_sources"": 1}",1,30000,3,0.4603636947770913,1.0,0.4603636947770913,0.9999168330204938,0.999001996007984
looped_transformer,looped_transformer/plain,2d1c70257fcb,plain,propagate,interp,"{""dim"": 1, ""distance"": 1, ""length"": 12, ""n_sources"": 1}",1,32500,3,0.47080059225360554,1.0,0.47080059225360554,1.0,1.0
looped_transformer,looped_transformer/plain,2d1c70257fcb,plain,propagate,interp,"{""dim"": 1, ""distance"": 1, ""length"": 12, ""n_sources"": 1}",1,35000,3,0.47273944566647214,1.0,0.47273944566647214,1.0,1.0
looped_transformer,looped_transformer/plain,2d1c70257fcb,plain,propagate,interp,"{""dim"": 1, ""distance"": 1, ""length"": 12, ""n_sources"": 1}",1,37500,3,0.4745711050927639,1.0,0.4745711050927639,1.0,1.0
looped_transformer,looped_transformer/plain,2d1c70257fcb,plain,propagate,interp,"{""dim"": 1, ""distance"": 1, ""length"": 12, ""n_sources"": 1}",1,40000,3,0.474178700397412,1.0,0.474178700397412,1.0,1.0
looped_transformer,looped_transformer/plain,2d1c70257fcb,plain,propagate,interp,"{""dim"": 1, ""distance"": 1, ""length"": 12, ""n_sources"": 1}",2,40000,3,0.9317120388150215,0.0,0.9317120388150215,1.0,1.0
looped_transformer,looped_transformer/plain,2d1c70257fcb,plain,propagate,interp,"{""dim"": 1, ""distance"": 1, ""length"": 12, ""n_sources"": 1}",4,2500,3,0.9930885434150696,0.0,0.945253906150659,0.9880239539993498,0.873253493013972
looped_transformer,looped_transformer/plain,2d1c70257fcb,plain,propagate,interp,"{""dim"": 1, ""distance"": 1, ""length"": 12, ""n_sources"": 1}",4,5000,3,0.9924036090572675,0.0,0.9302968134482702,0.998003992372882,0.9780439121756488
looped_transformer,looped_transformer/plain,2d1c70257fcb,plain,propagate,interp,"{""dim"": 1, ""distance"": 1, ""length"": 12, ""n_sources"": 1}",4,7500,3,0.9906818568706512,0.0,0.9244286045432091,0.9975049904958455,0.9720558882235529
looped_transformer,looped_transformer/plain,2d1c70257fcb,plain,propagate,interp,"{""dim"": 1, ""distance"": 1, ""length"": 12, ""n_sources"": 1}",4,10000,3,0.9885893911123276,0.0,0.9089819168051084,0.9990851631659471,0.9900199600798404
looped_transformer,looped_transformer/plain,2d1c70257fcb,plain,propagate,interp,"{""dim"": 1, ""distance"": 1, ""length"": 12, ""n_sources"": 1}",4,12500,3,0.9893865485986074,0.0,0.915403462946415,0.9995009981229633,0.9940119760479043
looped_transformer,looped_transformer/plain,2d1c70257fcb,plain,propagate,interp,"{""dim"": 1, ""distance"": 1, ""length"": 12, ""n_sources"": 1}",4,15000,3,0.9908184905846914,0.0,0.9197482094168663,0.9992514971249594,0.9920159680638724
looped_transformer,looped_transformer/plain,2d1c70257fcb,plain,propagate,interp,"{""dim"": 1, ""distance"": 1, ""length"": 12, ""n_sources"": 1}",4,17500,3,0.9916623830795288,0.0,0.928978922466437,1.0,1.0
looped_transformer,looped_transformer/plain,2d1c70257fcb,plain,propagate,interp,"{""dim"": 1, ""distance"": 1, ""length"": 12, ""n_sources"": 1}",4,20000,3,0.9912506441275278,0.0,0.9221606974800428,0.9999168330204938,0.999001996007984
looped_transformer,looped_transformer/plain,2d1c70257fcb,plain,propagate,interp,"{""dim"": 1, ""distance"": 1, ""length"": 12, ""n_sources"": 1}",4,22500,3,0.9917145247260729,0.0,0.9301858345667521,1.0,1.0
looped_transformer,looped_transformer/plain,2d1c70257fcb,plain,propagate,interp,"{""dim"": 1, ""distance"": 1, ""length"": 12, ""n_sources"": 1}",4,25000,3,0.9911824762821198,0.0,0.9323090563217798,0.9998336660409878,0.9980039920159681
looped_transformer,looped_transformer/plain,2d1c70257fcb,plain,propagate,interp,"{""dim"": 1, ""distance"": 1, ""length"": 12, ""n_sources"": 1}",4,27500,3,0.9914958576361338,0.0,0.9302808617552122,1.0,1.0
looped_transformer,looped_transformer/plain,2d1c70257fcb,plain,propagate,interp,"{""dim"": 1, ""distance"": 1, ""length"": 12, ""n_sources"": 1}",4,30000,3,0.9905763591329256,0.0,0.927122083803018,1.0,1.0
looped_transformer,looped_transformer/plain,2d1c70257fcb,plain,propagate,interp,"{""dim"": 1, ""distance"": 1, ""length"": 12, ""n_sources"": 1}",4,32500,3,0.9910770605007807,0.0,0.9325049643715223,1.0,1.0
looped_transformer,looped_transformer/plain,2d1c70257fcb,plain,propagate,interp,"{""dim"": 1, ""distance"": 1, ""length"": 12, ""n_sources"": 1}",4,35000,3,0.9905694996317228,0.0,0.9317050079504648,1.0,1.0
looped_transformer,looped_transformer/plain,2d1c70257fcb,plain,propagate,interp,"{""dim"": 1, ""distance"": 1, ""length"": 12, ""n_sources"": 1}",4,37500,3,0.9906941031416258,0.0,0.9324000105261803,1.0,1.0
looped_transformer,looped_transformer/plain,2d1c70257fcb,plain,propagate,interp,"{""dim"": 1, ""distance"": 1, ""length"": 12, ""n_sources"": 1}",4,40000,3,0.9906186982989311,0.0,0.9317120388150215,1.0,1.0
looped_transformer,looped_transformer/plain,2d1c70257fcb,plain,propagate,interp,"{""dim"": 1, ""distance"": 1, ""length"": 12, ""n_sources"": 1}",8,40000,3,0.9987887926399708,0.0,0.9309456354628006,0.99817032639138,0.9790419161676646
looped_transformer,looped_transformer/plain,2d1c70257fcb,plain,propagate,interp,"{""dim"": 1, ""distance"": 1, ""length"": 12, ""n_sources"": 1}",16,2500,3,0.999800018966198,0.0,0.945253906150659,0.9228210285633148,0.35429141716566875
looped_transformer,looped_transformer/plain,2d1c70257fcb,plain,propagate,interp,"{""dim"": 1, ""distance"": 1, ""length"": 12, ""n_sources"": 1}",16,5000,3,0.9997819984952608,0.0,0.9302968134482702,0.9486027978018611,0.5508982035928144
looped_transformer,looped_transformer/plain,2d1c70257fcb,plain,propagate,interp,"{""dim"": 1, ""distance"": 1, ""length"": 12, ""n_sources"": 1}",16,7500,3,0.9997061764200529,0.0,0.9244286045432091,0.9584165045363222,0.6077844311377245
looped_transformer,looped_transformer/plain,2d1c70257fcb,plain,propagate,interp,"{""dim"": 1, ""distance"": 1, ""length"": 12, ""n_sources"": 1}",16,10000,3,0.9997225776314735,0.0,0.9089819168051084,0.9502661393550103,0.5429141716566867
looped_transformer,looped_transformer/plain,2d1c70257fcb,plain,propagate,interp,"{""dim"": 1, ""distance"": 1, ""length"": 12, ""n_sources"": 1}",16,12500,3,0.9997597560286522,0.0,0.915403462946415,0.959081840015457,0.6317365269461077
looped_transformer,looped_transformer/plain,2d1c70257fcb,plain,propagate,interp,"{""dim"": 1, ""distance"": 1, ""length"": 12, ""n_sources"": 1}",16,15000,3,0.9997693275411924,0.0,0.9197482094168663,0.9478542979605898,0.4810379241516966
looped_transformer,looped_transformer/plain,2d1c70257fcb,plain,propagate,interp,"{""dim"": 1, ""distance"": 1, ""length"": 12, ""n_sources"": 1}",16,17500,3,0.9997441569964091,0.0,0.928978922466437,0.9821190975026456,0.8193612774451098
looped_transformer,looped_transformer/plain,2d1c70257fcb,plain,propagate,interp,"{""dim"": 1, ""distance"": 1, ""length"": 12, ""n_sources"": 1}",16,20000,3,0.9997965842485428,0.0,0.9221606974800428,0.9792082531604462,0.7864271457085829
looped_transformer,looped_transformer/plain,2d1c70257fcb,plain,propagate,interp,"{""dim"": 1, ""distance"": 1, ""length"": 12, ""n_sources"": 1}",16,22500,3,0.9998108471433321,0.0,0.9301858345667521,0.9802894240724825,0.7944111776447106
looped_transformer,looped_transformer/plain,2d1c70257fcb,plain,propagate,interp,"{""dim"": 1, ""distance"": 1, ""length"": 12, ""n_sources"": 1}",16,25000,3,0.9997976943850517,0.0,0.9323090563217798,0.9709747198099148,0.7295409181636726
looped_transformer,looped_transformer/plain,2d1c70257fcb,plain,propagate,interp,"{""dim"": 1, ""distance"": 1, ""length"": 12, ""n_sources"": 1}",16,27500,3,0.9998000139991442,0.0,0.9302808617552122,0.9814537610122543,0.8233532934131736
looped_transformer,looped_transformer/plain,2d1c70257fcb,plain,propagate,interp,"{""dim"": 1, ""distance"": 1, ""length"": 12, ""n_sources"": 1}",16,30000,3,0.9998024428884188,0.0,0.927122083803018,0.9728875604575266,0.7574850299401197
looped_transformer,looped_transformer/plain,2d1c70257fcb,plain,propagate,interp,"{""dim"": 1, ""distance"": 1, ""length"": 12, ""n_sources"": 1}",16,32500,3,0.9998128314812978,0.0,0.9325049643715223,0.9792914187717819,0.8173652694610779
looped_transformer,looped_transformer/plain,2d1c70257fcb,plain,propagate,interp,"{""dim"": 1, ""distance"": 1, ""length"": 12, ""n_sources"": 1}",16,35000,3,0.99981439858675,0.0,0.9317050079504648,0.9797904205298472,0.8273453093812376
looped_transformer,looped_transformer/plain,2d1c70257fcb,plain,propagate,interp,"{""dim"": 1, ""distance"": 1, ""length"": 12, ""n_sources"": 1}",16,37500,3,0.9998100275794665,0.0,0.9324000105261803,0.9787924165378312,0.8203592814371258
looped_transformer,looped_transformer/plain,2d1c70257fcb,plain,propagate,interp,"{""dim"": 1, ""distance"": 1, ""length"": 12, ""n_sources"": 1}",16,40000,3,0.9998088851571083,0.0,0.9317120388150215,0.9790419173573781,0.8233532934131736
looped_transformer,looped_transformer/plain,2d1c70257fcb,plain,propagate,interp,"{""dim"": 1, ""distance"": 1, ""length"": 12, ""n_sources"": 1}",32,40000,3,0.9999658248076836,0.0,0.9309456354628006,0.9366267495407555,0.5249500998003992
looped_transformer,looped_transformer/plain,2d1c70257fcb,plain,propagate,interp,"{""dim"": 1, ""distance"": 2, ""length"": 12, ""n_sources"": 1}",1,2500,3,0.4535871247450511,1.0,0.4535871247450511,0.9940774114998252,0.944944944944945
looped_transformer,looped_transformer/plain,2d1c70257fcb,plain,propagate,interp,"{""dim"": 1, ""distance"": 2, ""length"": 12, ""n_sources"": 1}",1,5000,3,0.44035644208391506,1.0,0.44035644208391506,0.9974974977361547,0.976976976976977
looped_transformer,looped_transformer/plain,2d1c70257fcb,plain,propagate,interp,"{""dim"": 1, ""distance"": 2, ""length"": 12, ""n_sources"": 1}",1,7500,3,0.4233565963804722,1.0,0.4233565963804722,0.9985819153480224,0.98998998998999
looped_transformer,looped_transformer/plain,2d1c70257fcb,plain,propagate,interp,"{""dim"": 1, ""distance"": 2, ""length"": 12, ""n_sources"": 1}",1,10000,3,0.4345577110846837,1.0,0.4345577110846837,0.9988321657772655,0.985985985985986
looped_transformer,looped_transformer/plain,2d1c70257fcb,plain,propagate,interp,"{""dim"": 1, ""distance"": 2, ""length"": 12, ""n_sources"": 1}",1,12500,3,0.4468524244924386,1.0,0.4468524244924386,0.9991658325787182,0.9929929929929929
looped_transformer,looped_transformer/plain,2d1c70257fcb,plain,propagate,interp,"{""dim"": 1, ""distance"": 2, ""length"": 12, ""n_sources"": 1}",1,15000,3,0.4388184919953346,1.0,0.4388184919953346,0.9993326661584375,0.9919919919919921
looped_transformer,looped_transformer/plain,2d1c70257fcb,plain,propagate,interp,"{""dim"": 1, ""distance"": 2, ""length"": 12, ""n_sources"": 1}",1,17500,3,0.4285297704239686,1.0,0.4285297704239686,0.9994994996188282,0.993993993993994
looped_transformer,looped_transformer/plain,2d1c70257fcb,plain,propagate,interp,"{""dim"": 1, ""distance"": 2, ""length"": 12, ""n_sources"": 1}",1,20000,3,0.44516220564643544,1.0,0.44516220564643544,0.9997497497497498,0.9979979979979979
looped_transformer,looped_transformer/plain,2d1c70257fcb,plain,propagate,interp,"{""dim"": 1, ""distance"": 2, ""length"": 12, ""n_sources"": 1}",1,22500,3,0.44891953592499095,1.0,0.44891953592499095,0.9998331664799451,0.998998998998999
looped_transformer,looped_transformer/plain,2d1c70257fcb,plain,propagate,interp,"{""dim"": 1, ""distance"": 2, ""length"": 12, ""n_sources"": 1}",1,25000,3,0.4561682902276516,1.0,0.4561682902276516,0.9999165832698047,0.998998998998999
looped_transformer,looped_transformer/plain,2d1c70257fcb,plain,propagate,interp,"{""dim"": 1, ""distance"": 2, ""length"": 12, ""n_sources"": 1}",1,27500,3,0.4686219034095605,1.0,0.4686219034095605,1.0,1.0
looped_transformer,looped_transformer/plain,2d1c70257fcb,plain,propagate,interp,"{""dim"": 1, ""distance"": 2, ""length"": 12, ""n_sources"": 1}",1,30000,3,0.46847932289044064,1.0,0.46847932289044064,1.0,1.0
looped_transformer,looped_transformer/plain,2d1c70257fcb,plain,propagate,interp,"{""dim"": 1, ""distance"": 2, ""length"": 12, ""n_sources"": 1}",1,32500,3,0.47945142909884453,1.0,0.47945142909884453,1.0,1.0
looped_transformer,looped_transformer/plain,2d1c70257fcb,plain,propagate,interp,"{""dim"": 1, ""distance"": 2, ""length"": 12, ""n_sources"": 1}",1,35000,3,0.47857412695884705,1.0,0.47857412695884705,1.0,1.0
looped_transformer,looped_transformer/plain,2d1c70257fcb,plain,propagate,interp,"{""dim"": 1, ""distance"": 2, ""length"": 12, ""n_sources"": 1}",1,37500,3,0.4805982286731402,1.0,0.4805982286731402,1.0,1.0
looped_transformer,looped_transformer/plain,2d1c70257fcb,plain,propagate,interp,"{""dim"": 1, ""distance"": 2, ""length"": 12, ""n_sources"": 1}",1,40000,3,0.4801964412132899,1.0,0.4801964412132899,1.0,1.0
looped_transformer,looped_transformer/plain,2d1c70257fcb,plain,propagate,interp,"{""dim"": 1, ""distance"": 2, ""length"": 12, ""n_sources"": 1}",2,40000,3,0.9315174197157224,0.0,0.9315174197157224,1.0,1.0
looped_transformer,looped_transformer/plain,2d1c70257fcb,plain,propagate,interp,"{""dim"": 1, ""distance"": 2, ""length"": 12, ""n_sources"": 1}",4,2500,3,0.9926401823759079,0.0,0.9481258591016134,0.9856523201391623,0.8828828828828829
looped_transformer,looped_transformer/plain,2d1c70257fcb,plain,propagate,interp,"{""dim"": 1, ""distance"": 2, ""length"": 12, ""n_sources"": 1}",4,5000,3,0.9927712405721346,0.0,0.9321844254930814,0.9964130800646228,0.968968968968969
looped_transformer,looped_transformer/plain,2d1c70257fcb,plain,propagate,interp,"{""dim"": 1, ""distance"": 2, ""length"": 12, ""n_sources"": 1}",4,7500,3,0.9910756746927897,0.0,0.9276349196831385,0.9966633304938659,0.96996996996997
looped_transformer,looped_transformer/plain,2d1c70257fcb,plain,propagate,interp,"{""dim"": 1, ""distance"": 2, ""length"": 12, ""n_sources"": 1}",4,10000,3,0.9900728861490885,0.0,0.9104528576135635,0.9993326660987732,0.9929929929929929
looped_transformer,looped_transformer/plain,2d1c70257fcb,plain,propagate,interp,"{""dim"": 1, ""distance"": 2, ""length"": 12, ""n_sources"": 1}",4,12500,3,0.991151308019956,0.0,0.9204539234439532,0.9992492493685777,0.9929929929929932
looped_transformer,looped_transformer/plain,2d1c70257fcb,plain,propagate,interp,"{""dim"": 1, ""distance"": 2, ""length"": 12, ""n_sources"": 1}",4,15000,3,0.9915353904167811,0.0,0.9226976757248243,0.9994994996188282,0.993993993993994
looped_transformer,looped_transformer/plain,2d1c70257fcb,plain,propagate,interp,"{""dim"": 1, ""distance"": 2, ""length"": 12, ""n_sources"": 1}",4,17500,3,0.9919869030515353,0.0,0.9305945113301277,0.9996663330792188,0.995995995995996
looped_transformer,looped_transformer/plain,2d1c70257fcb,plain,propagate,interp,"{""dim"": 1, ""distance"": 2, ""length"": 12, ""n_sources"": 1}",4,20000,3,0.9916248594721159,0.0,0.9259029552340508,0.9996663330195545,0.9969969969969971
looped_transformer,looped_transformer/plain,2d1c70257fcb,plain,propagate,interp,"{""dim"": 1, ""distance"": 2, ""length"": 12, ""n_sources"": 1}",4,22500,3,0.9918630495667458,0.0,0.930271657804648,1.0,1.0
looped_transformer,looped_transformer/plain,2d1c70257fcb,plain,propagate,interp,"{""dim"": 1, ""distance"": 2, ""length"": 12, ""n_sources"": 1}",4,25000,3,0.9911944841345152,0.0,0.9303450460235277,0.9999165832698047,0.998998998998999
looped_transformer,looped_transformer/plain,2d1c70257fcb,plain,propagate,interp,"{""dim"": 1, ""distance"": 2, ""length"": 12, ""n_sources"": 1}",4,27500,3,0.9918901746471723,0.0,0.9302960137526194,1.0,1.0
looped_transformer,looped_transformer/plain,2d1c70257fcb,plain,propagate,interp,"{""dim"": 1, ""distance"": 2, ""length"": 12, ""n_sources"": 1}",4,30000,3,0.9912461563944817,0.0,0.9255585670471191,1.0,1.0
looped_transformer,looped_transformer/plain,2d1c70257fcb,plain,propagate,interp,"{""dim"": 1, ""distance"": 2, ""length"": 12, ""n_sources"": 1}",4,32500,3,0.9916323572397232,0.0,0.9321779608726501,1.0,1.0
looped_transformer,looped_transformer/plain,2d1c70257fcb,plain,propagate,interp,"{""dim"": 1, ""distance"": 2, ""length"": 12, ""n_sources"": 1}",4,35000,3,0.9910452763239542,0.0,0.9313331469893456,1.0,1.0
looped_transformer,looped_transformer/plain,2d1c70257fcb,plain,propagate,interp,"{""dim"": 1, ""distance"": 2, ""length"": 12, ""n_sources"": 1}",4,37500,3,0.9912848398089409,0.0,0.9321999723712603,1.0,1.0
looped_transformer,looped_transformer/plain,2d1c70257fcb,plain,propagate,interp,"{""dim"": 1, ""distance"": 2, ""length"": 12, ""n_sources"": 1}",4,40000,3,0.9912253717581431,0.0,0.9315174197157224,1.0,1.0
looped_transformer,looped_transformer/plain,2d1c70257fcb,plain,propagate,interp,"{""dim"": 1, ""distance"": 2, ""length"": 12, ""n_sources"": 1}",8,40000,3,0.9987636860460043,0.0,0.9283987277497848,0.9979979984156482,0.9769769769769768
looped_transformer,looped_transformer/plain,2d1c70257fcb,plain,propagate,interp,"{""dim"": 1, ""distance"": 2, ""length"": 12, ""n_sources"": 1}",16,2500,3,0.9998039479056994,0.0,0.9481258591016134,0.90957624633033,0.35135135135135137
looped_transformer,looped_transformer/plain,2d1c70257fcb,plain,propagate,interp,"{""dim"": 1, ""distance"": 2, ""length"": 12, ""n_sources"": 1}",16,5000,3,0.9997872735063235,0.0,0.9321844254930814,0.9375208585231273,0.5235235235235235
looped_transformer,looped_transformer/plain,2d1c70257fcb,plain,propagate,interp,"{""dim"": 1, ""distance"": 2, ""length"": 12, ""n_sources"": 1}",16,7500,3,0.9997190982103348,0.0,0.9276349196831385,0.9580413799386124,0.5885885885885886
looped_transformer,looped_transformer/plain,2d1c70257fcb,plain,propagate,interp,"{""dim"": 1, ""distance"": 2, ""length"": 12, ""n_sources"": 1}",16,10000,3,0.9997211297353109,0.0,0.9104528576135635,0.9540373763522586,0.5495495495495496
looped_transformer,looped_transformer/plain,2d1c70257fcb,plain,propagate,interp,"{""dim"": 1, ""distance"": 2, ""length"": 12, ""n_sources"": 1}",16,12500,3,0.9997715428471565,0.0,0.9204539234439532,0.9597097134685612,0.6396396396396397
looped_transformer,looped_transformer/plain,2d1c70257fcb,plain,propagate,interp,"{""dim"": 1, ""distance"": 2, ""length"": 12, ""n_sources"": 1}",16,15000,3,0.9997590333223343,0.0,0.9226976757248243,0.9545378776283951,0.5355355355355355
looped_transformer,looped_transformer/plain,2d1c70257fcb,plain,propagate,interp,"{""dim"": 1, ""distance"": 2, ""length"": 12, ""n_sources"": 1}",16,17500,3,0.9997425625721613,0.0,0.9305945113301277,0.9828161522074863,0.8268268268268267
looped_transformer,looped_transformer/plain,2d1c70257fcb,plain,propagate,interp,"{""dim"": 1, ""distance"": 2, ""length"": 12, ""n_sources"": 1}",16,20000,3,0.9998008708159128,0.0,0.9259029552340508,0.9795628990735618,0.8038038038038038
looped_transformer,looped_transformer/plain,2d1c70257fcb,plain,propagate,interp,"{""dim"": 1, ""distance"": 2, ""length"": 12, ""n_sources"": 1}",16,22500,3,0.9998064041137695,0.0,0.930271657804648,0.9826493182101168,0.8328328328328327
looped_transformer,looped_transformer/plain,2d1c70257fcb,plain,propagate,interp,"{""dim"": 1, ""distance"": 2, ""length"": 12, ""n_sources"": 1}",16,25000,3,0.9997974932193756,0.0,0.9303450460235277,0.9697197225836066,0.7297297297297298
looped_transformer,looped_transformer/plain,2d1c70257fcb,plain,propagate,interp,"{""dim"": 1, ""distance"": 2, ""length"": 12, ""n_sources"": 1}",16,27500,3,0.9997944434483846,0.0,0.9302960137526194,0.9798131483095186,0.8288288288288288
looped_transformer,looped_transformer/plain,2d1c70257fcb,plain,propagate,interp,"{""dim"": 1, ""distance"": 2, ""length"": 12, ""n_sources"": 1}",16,30000,3,0.9997981364528338,0.0,0.9255585670471191,0.9712212236077935,0.7737737737737738
looped_transformer,looped_transformer/plain,2d1c70257fcb,plain,propagate,interp,"{""dim"": 1, ""distance"": 2, ""length"": 12, ""n_sources"": 1}",16,32500,3,0.999802902340889,0.0,0.9321779608726501,0.9763096449253438,0.8298298298298299
looped_transformer,looped_transformer/plain,2d1c70257fcb,plain,propagate,interp,"{""dim"": 1, ""distance"": 2, ""length"": 12, ""n_sources"": 1}",16,35000,3,0.9998025496800741,0.0,0.9313331469893456,0.9786453131321554,0.8558558558558559
looped_transformer,looped_transformer/plain,2d1c70257fcb,plain,propagate,interp,"{""dim"": 1, ""distance"": 2, ""length"": 12, ""n_sources"": 1}",16,37500,3,0.999800572792689,0.0,0.9321999723712603,0.977227228718835,0.8438438438438438
looped_transformer,looped_transformer/plain,2d1c70257fcb,plain,propagate,interp,"{""dim"": 1, ""distance"": 2, ""length"": 12, ""n_sources"": 1}",16,40000,3,0.9997989485661188,0.0,0.9315174197157224,0.9778945626797261,0.8498498498498499
looped_transformer,looped_transformer/plain,2d1c70257fcb,plain,propagate,interp,"{""dim"": 1, ""distance"": 2, ""length"": 12, ""n_sources"": 1}",32,40000,3,0.9999663792550564,0.0,0.9283987277497848,0.9280113493119394,0.5025025025025025
looped_transformer,looped_transformer/plain,2d1c70257fcb,plain,propagate,interp,"{""dim"": 1, ""distance"": 4, ""length"": 12, ""n_sources"": 1}",1,2500,3,0.456136063983043,1.0,0.456136063983043,0.9897397403363829,0.934934934934935
looped_transformer,looped_transformer/plain,2d1c70257fcb,plain,propagate,interp,"{""dim"": 1, ""distance"": 4, ""length"": 12, ""n_sources"": 1}",1,5000,3,0.43753772725661594,1.0,0.43753772725661594,0.996329663274763,0.9729729729729729
looped_transformer,looped_transformer/plain,2d1c70257fcb,plain,propagate,interp,"{""dim"": 1, ""distance"": 4, ""length"": 12, ""n_sources"": 1}",1,7500,3,0.41016726444164914,1.0,0.41016726444164914,0.998164831518053,0.985985985985986
looped_transformer,looped_transformer/plain,2d1c70257fcb,plain,propagate,interp,"{""dim"": 1, ""distance"": 4, ""length"": 12, ""n_sources"": 1}",1,10000,3,0.4253123203913371,1.0,0.4253123203913371,0.9991658326383827,0.990990990990991
looped_transformer,looped_transformer/plain,2d1c70257fcb,plain,propagate,interp,"{""dim"": 1, ""distance"": 4, ""length"": 12, ""n_sources"": 1}",1,12500,3,0.4404852216442426,1.0,0.4404852216442426,0.9996663330195545,0.9969969969969968
looped_transformer,looped_transformer/plain,2d1c70257fcb,plain,propagate,interp,"{""dim"": 1, ""distance"": 4, ""length"": 12, ""n_sources"": 1}",1,15000,3,0.4424015283584595,1.0,0.4424015283584595,0.9994994994398351,0.9969969969969968
looped_transformer,looped_transformer/plain,2d1c70257fcb,plain,propagate,interp,"{""dim"": 1, ""distance"": 4, ""length"": 12, ""n_sources"": 1}",1,17500,3,0.42445192361871403,1.0,0.42445192361871403,0.9990824158485231,0.9919919919919918
looped_transformer,looped_transformer/plain,2d1c70257fcb,plain,propagate,interp,"{""dim"": 1, ""distance"": 4, ""length"": 12, ""n_sources"": 1}",1,20000,3,0.4540628617008527,1.0,0.4540628617008527,0.999332666039109,0.994994994994995
looped_transformer,looped_transformer/plain,2d1c70257fcb,plain,propagate,interp,"{""dim"": 1, ""distance"": 4, ""length"": 12, ""n_sources"": 1}",1,22500,3,0.46180445576707524,1.0,0.46180445576707524,0.9998331664799451,0.998998998998999
looped_transformer,looped_transformer/plain,2d1c70257fcb,plain,propagate,interp,"{""dim"": 1, ""distance"": 4, ""length"": 12, ""n_sources"": 1}",1,25000,3,0.4607703623672326,1.0,0.4607703623672326,0.9999165832698047,0.998998998998999
looped_transformer,looped_transformer/plain,2d1c70257fcb,plain,propagate,interp,"{""dim"": 1, ""distance"": 4, ""length"": 12, ""n_sources"": 1}",1,27500,3,0.47553104534745216,1.0,0.47553104534745216,1.0,1.0
looped_transformer,looped_transformer/plain,2d1c70257fcb,plain,propagate,interp,"{""dim"": 1, ""distance"": 4, ""length"": 12, ""n_sources"": 1}",1,30000,3,0.474677665779988,1.0,0.474677665779988,1.0,1.0
looped_transformer,looped_transformer/plain,2d1c70257fcb,plain,propagate,interp,"{""dim"": 1, ""distance"": 4, ""length"": 12, ""n_sources"": 1}",1,32500,3,0.48400112117330235,1.0,0.48400112117330235,1.0,1.0
looped_transformer,looped_transformer/plain,2d1c70257fcb,plain,propagate,interp,"{""dim"": 1, ""distance"": 4, ""length"": 12, ""n_sources"": 1}",1,35000,3,0.4838984062274297,1.0,0.4838984062274297,1.0,1.0
looped_transformer,looped_transformer/plain,2d1c70257fcb,plain,propagate,interp,"{""dim"": 1, ""distance"": 4, ""length"": 12, ""n_sources"": 1}",1,37500,3,0.4840777553617954,1.0,0.4840777553617954,1.0,1.0
looped_transformer,looped_transformer/plain,2d1c70257fcb,plain,propagate,interp,"{""dim"": 1, ""distance"": 4, ""length"": 12, ""n_sources"": 1}",1,40000,3,0.4836830149094264,1.0,0.4836830149094264,1.0,1.0
looped_transformer,looped_transformer/plain,2d1c70257fcb,plain,propagate,interp,"{""dim"": 1, ""distance"": 4, ""length"": 12, ""n_sources"": 1}",2,40000,3,0.9305936644474665,0.0,0.9305936644474665,1.0,1.0
looped_transformer,looped_transformer/plain,2d1c70257fcb,plain,propagate,interp,"{""dim"": 1, ""distance"": 4, ""length"": 12, ""n_sources"": 1}",4,2500,3,0.9927133445938429,0.0,0.9475642070174217,0.9808975656230648,0.8668668668668668
looped_transformer,looped_transformer/plain,2d1c70257fcb,plain,propagate,interp,"{""dim"": 1, ""distance"": 4, ""length"": 12, ""n_sources"": 1}",4,5000,3,0.9923030336697897,0.0,0.9273128435015678,0.9949115785631212,0.964964964964965
looped_transformer,looped_transformer/plain,2d1c70257fcb,plain,propagate,interp,"{""dim"": 1, ""distance"": 4, ""length"": 12, ""n_sources"": 1}",4,7500,3,0.9904719814658165,0.0,0.9248263537883759,0.9971638308750378,0.970970970970971
looped_transformer,looped_transformer/plain,2d1c70257fcb,plain,propagate,interp,"{""dim"": 1, ""distance"": 4, ""length"": 12, ""n_sources"": 1}",4,10000,3,0.9876759822169939,0.0,0.9082074637214342,0.9990824159081874,0.98998998998999
looped_transformer,looped_transformer/plain,2d1c70257fcb,plain,propagate,interp,"{""dim"": 1, ""distance"": 4, ""length"": 12, ""n_sources"": 1}",4,12500,3,0.9891033694148064,0.0,0.9163747678200403,0.999332666098773,0.993993993993994
looped_transformer,looped_transformer/plain,2d1c70257fcb,plain,propagate,interp,"{""dim"": 1, ""distance"": 4, ""length"": 12, ""n_sources"": 1}",4,15000,3,0.9906629671653112,0.0,0.9188479880491892,0.9998331664799451,0.998998998998999
looped_transformer,looped_transformer/plain,2d1c70257fcb,plain,propagate,interp,"{""dim"": 1, ""distance"": 4, ""length"": 12, ""n_sources"": 1}",4,17500,3,0.9910887281099955,0.0,0.9266264960169792,0.999332666039109,0.995995995995996
looped_transformer,looped_transformer/plain,2d1c70257fcb,plain,propagate,interp,"{""dim"": 1, ""distance"": 4, ""length"": 12, ""n_sources"": 1}",4,20000,3,0.9917222360769907,0.0,0.9266992757717768,0.9996663330792188,0.995995995995996
looped_transformer,looped_transformer/plain,2d1c70257fcb,plain,propagate,interp,"{""dim"": 1, ""distance"": 4, ""length"": 12, ""n_sources"": 1}",4,22500,3,0.9919228355089823,0.0,0.9301759327451388,0.9999165832698047,0.998998998998999
looped_transformer,looped_transformer/plain,2d1c70257fcb,plain,propagate,interp,"{""dim"": 1, ""distance"": 4, ""length"": 12, ""n_sources"": 1}",4,25000,3,0.9910141974687576,0.0,0.9310400187969208,1.0,1.0
looped_transformer,looped_transformer/plain,2d1c70257fcb,plain,propagate,interp,"{""dim"": 1, ""distance"": 4, ""length"": 12, ""n_sources"": 1}",4,27500,3,0.9918804590900739,0.0,0.93076241761446,1.0,1.0
looped_transformer,looped_transformer/plain,2d1c70257fcb,plain,propagate,interp,"{""dim"": 1, ""distance"": 4, ""length"": 12, ""n_sources"": 1}",4,30000,3,0.9910292054216067,0.0,0.9262609382470449,1.0,1.0
looped_transformer,looped_transformer/plain,2d1c70257fcb,plain,propagate,interp,"{""dim"": 1, ""distance"": 4, ""length"": 12, ""n_sources"": 1}",4,32500,3,0.9914454718430837,0.0,0.9307562609513601,1.0,1.0
looped_transformer,looped_transformer/plain,2d1c70257fcb,plain,propagate,interp,"{""dim"": 1, ""distance"": 4, ""length"": 12, ""n_sources"": 1}",4,35000,3,0.9908797517418861,0.0,0.9305450071891149,1.0,1.0
looped_transformer,looped_transformer/plain,2d1c70257fcb,plain,propagate,interp,"{""dim"": 1, ""distance"": 4, ""length"": 12, ""n_sources"": 1}",4,37500,3,0.9909566417336464,0.0,0.931195559600989,1.0,1.0
looped_transformer,looped_transformer/plain,2d1c70257fcb,plain,propagate,interp,"{""dim"": 1, ""distance"": 4, ""length"": 12, ""n_sources"": 1}",4,40000,3,0.9908811276157697,0.0,0.9305936644474665,1.0,1.0
looped_transformer,looped_transformer/plain,2d1c70257fcb,plain,propagate,interp,"{""dim"": 1, ""distance"": 4, ""length"": 12, ""n_sources"": 1}",8,40000,3,0.9987697328130404,0.0,0.9291563127189875,0.9965799139426634,0.9629629629629631
looped_transformer,looped_transformer/plain,2d1c70257fcb,plain,propagate,interp,"{""dim"": 1, ""distance"": 4, ""length"": 12, ""n_sources"": 1}",16,2500,3,0.9998279958963394,0.0,0.9475642070174217,0.8407574257215819,0.24124124124124124
looped_transformer,looped_transformer/plain,2d1c70257fcb,plain,propagate,interp,"{""dim"": 1, ""distance"": 4, ""length"": 12, ""n_sources"": 1}",16,5000,3,0.9997946148117384,0.0,0.9273128435015678,0.896312982351095,0.43943943943943947
looped_transformer,looped_transformer/plain,2d1c70257fcb,plain,propagate,interp,"{""dim"": 1, ""distance"": 4, ""length"": 12, ""n_sources"": 1}",16,7500,3,0.99971025933822,0.0,0.9248263537883759,0.9531197912461526,0.5675675675675675
looped_transformer,looped_transformer/plain,2d1c70257fcb,plain,propagate,interp,"{""dim"": 1, ""distance"": 4, ""length"": 12, ""n_sources"": 1}",16,10000,3,0.9997191354632378,0.0,0.9082074637214342,0.9471972019703419,0.5225225225225225
looped_transformer,looped_transformer/plain,2d1c70257fcb,plain,propagate,interp,"{""dim"": 1, ""distance"": 4, ""length"": 12, ""n_sources"": 1}",16,12500,3,0.9997604414820671,0.0,0.9163747678200403,0.9483650355069367,0.5835835835835835
looped_transformer,looped_transformer/plain,2d1c70257fcb,plain,propagate,interp,"{""dim"": 1, ""distance"": 4, ""length"": 12, ""n_sources"": 1}",16,15000,3,0.9997825945417086,0.0,0.9188479880491892,0.9531197932747392,0.5215215215215215
looped_transformer,looped_transformer/plain,2d1c70257fcb,plain,propagate,interp,"{""dim"": 1, ""distance"": 4, ""length"": 12, ""n_sources"": 1}",16,17500,3,0.9997564603885015,0.0,0.9266264960169792,0.9709709743718365,0.7537537537537538
looped_transformer,looped_transformer/plain,2d1c70257fcb,plain,propagate,interp,"{""dim"": 1, ""distance"": 4, ""length"": 12, ""n_sources"": 1}",16,20000,3,0.9998069703578949,0.0,0.9266992757717768,0.971554891721861,0.7577577577577578
looped_transformer,looped_transformer/plain,2d1c70257fcb,plain,propagate,interp,"{""dim"": 1, ""distance"": 4, ""length"": 12, ""n_sources"": 1}",16,22500,3,0.9998217796285948,0.0,0.9301759327451388,0.9738071440337777,0.7567567567567567
looped_transformer,looped_transformer/plain,2d1c70257fcb,plain,propagate,interp,"{""dim"": 1, ""distance"": 4, ""length"": 12, ""n_sources"": 1}",16,25000,3,0.9998036772012711,0.0,0.9310400187969208,0.957624294557371,0.6596596596596597
looped_transformer,looped_transformer/plain,2d1c70257fcb,plain,propagate,interp,"{""dim"": 1, ""distance"": 4, ""length"": 12, ""n_sources"": 1}",16,27500,3,0.9998045489192009,0.0,0.93076241761446,0.959542878934213,0.7427427427427428
looped_transformer,looped_transformer/plain,2d1c70257fcb,plain,propagate,interp,"{""dim"": 1, ""distance"": 4, ""length"": 12, ""n_sources"": 1}",16,30000,3,0.9998127470413843,0.0,0.9262609382470449,0.9513680375254786,0.6876876876876876
looped_transformer,looped_transformer/plain,2d1c70257fcb,plain,propagate,interp,"{""dim"": 1, ""distance"": 4, ""length"": 12, ""n_sources"": 1}",16,32500,3,0.9998176718751589,0.0,0.9307562609513601,0.9513680371078285,0.7277277277277278
looped_transformer,looped_transformer/plain,2d1c70257fcb,plain,propagate,interp,"{""dim"": 1, ""distance"": 4, ""length"": 12, ""n_sources"": 1}",16,35000,3,0.9998148779074351,0.0,0.9305450071891149,0.9539539552069045,0.7637637637637638
looped_transformer,looped_transformer/plain,2d1c70257fcb,plain,propagate,interp,"{""dim"": 1, ""distance"": 4, ""length"": 12, ""n_sources"": 1}",16,37500,3,0.9998109017809232,0.0,0.931195559600989,0.953703705672626,0.7567567567567567
looped_transformer,looped_transformer/plain,2d1c70257fcb,plain,propagate,interp,"{""dim"": 1, ""distance"": 4, ""length"": 12, ""n_sources"": 1}",16,40000,3,0.999809019267559,0.0,0.9305936644474665,0.9542042061731264,0.7607607607607608
looped_transformer,looped_transformer/plain,2d1c70257fcb,plain,propagate,interp,"{""dim"": 1, ""distance"": 4, ""length"": 12, ""n_sources"": 1}",32,40000,3,0.9999657720327377,0.0,0.9291563127189875,0.8828828861345878,0.36936936936936937
looped_transformer,looped_transformer/plain,2d1c70257fcb,plain,propagate,mild,"{""dim"": 1, ""distance"": 6, ""length"": 12, ""n_sources"": 1}",1,2500,3,0.45129316051801044,1.0,0.45129316051801044,0.868833332836628,0.05000000000000001
looped_transformer,looped_transformer/plain,2d1c70257fcb,plain,propagate,mild,"{""dim"": 1, ""distance"": 6, ""length"": 12, ""n_sources"": 1}",1,5000,3,0.4252339427669843,1.0,0.4252339427669843,0.8572222150961558,0.013333333333333334
looped_transformer,looped_transformer/plain,2d1c70257fcb,plain,propagate,mild,"{""dim"": 1, ""distance"": 6, ""length"": 12, ""n_sources"": 1}",1,7500,3,0.41915462911129,1.0,0.41915462911129,0.8626666616598765,0.002
looped_transformer,looped_transformer/plain,2d1c70257fcb,plain,propagate,mild,"{""dim"": 1, ""distance"": 6, ""length"": 12, ""n_sources"": 1}",1,10000,3,0.4372391241292159,1.0,0.4372391241292159,0.8606666612227758,0.005333333333333333
looped_transformer,looped_transformer/plain,2d1c70257fcb,plain,propagate,mild,"{""dim"": 1, ""distance"": 6, ""length"": 12, ""n_sources"": 1}",1,12500,3,0.4424847575525443,1.0,0.4424847575525443,0.8626111058394114,0.0013333333333333333
looped_transformer,looped_transformer/plain,2d1c70257fcb,plain,propagate,mild,"{""dim"": 1, ""distance"": 6, ""length"": 12, ""n_sources"": 1}",1,15000,3,0.4299819233516852,1.0,0.4299819233516852,0.8583888817429542,0.0
looped_transformer,looped_transformer/plain,2d1c70257fcb,plain,propagate,mild,"{""dim"": 1, ""distance"": 6, ""length"": 12, ""n_sources"": 1}",1,17500,3,0.4281892515718937,1.0,0.4281892515718937,0.8697777753671011,0.0033333333333333335
looped_transformer,looped_transformer/plain,2d1c70257fcb,plain,propagate,mild,"{""dim"": 1, ""distance"": 6, ""length"": 12, ""n_sources"": 1}",1,20000,3,0.44036636129021645,1.0,0.44036636129021645,0.8865555610259374,0.0026666666666666666
looped_transformer,looped_transformer/plain,2d1c70257fcb,plain,propagate,mild,"{""dim"": 1, ""distance"": 6, ""length"": 12, ""n_sources"": 1}",1,22500,3,0.4493479294081529,1.0,0.4493479294081529,0.8738333329757055,0.0006666666666666666
looped_transformer,looped_transformer/plain,2d1c70257fcb,plain,propagate,mild,"{""dim"": 1, ""distance"": 6, ""length"": 12, ""n_sources"": 1}",1,25000,3,0.4570221118628979,1.0,0.4570221118628979,0.8922777860959371,0.0033333333333333335
looped_transformer,looped_transformer/plain,2d1c70257fcb,plain,propagate,mild,"{""dim"": 1, ""distance"": 6, ""length"": 12, ""n_sources"": 1}",1,27500,3,0.467100627720356,1.0,0.467100627720356,0.887666672706604,0.0006666666666666666
looped_transformer,looped_transformer/plain,2d1c70257fcb,plain,propagate,mild,"{""dim"": 1, ""distance"": 6, ""length"": 12, ""n_sources"": 1}",1,30000,3,0.46764947722355527,1.0,0.46764947722355527,0.8986111223300298,0.0006666666666666666
looped_transformer,looped_transformer/plain,2d1c70257fcb,plain,propagate,mild,"{""dim"": 1, ""distance"": 6, ""length"": 12, ""n_sources"": 1}",1,32500,3,0.4757688132425149,1.0,0.4757688132425149,0.8986666777133941,0.004666666666666667
looped_transformer,looped_transformer/plain,2d1c70257fcb,plain,propagate,mild,"{""dim"": 1, ""distance"": 6, ""length"": 12, ""n_sources"": 1}",1,35000,3,0.47617658227682114,1.0,0.47617658227682114,0.8998333448966344,0.004666666666666667
looped_transformer,looped_transformer/plain,2d1c70257fcb,plain,propagate,mild,"{""dim"": 1, ""distance"": 6, ""length"": 12, ""n_sources"": 1}",1,37500,3,0.4770723196367423,1.0,0.4770723196367423,0.8990000110864639,0.006000000000000001
looped_transformer,looped_transformer/plain,2d1c70257fcb,plain,propagate,mild,"{""dim"": 1, ""distance"": 6, ""length"": 12, ""n_sources"": 1}",1,40000,3,0.47688064848383266,1.0,0.47688064848383266,0.8994444557030996,0.006666666666666667
looped_transformer,looped_transformer/plain,2d1c70257fcb,plain,propagate,mild,"{""dim"": 1, ""distance"": 6, ""length"": 12, ""n_sources"": 1}",2,40000,3,0.9308570052186648,0.0,0.9308570052186648,0.9047222342491149,0.036
looped_transformer,looped_transformer/plain,2d1c70257fcb,plain,propagate,mild,"{""dim"": 1, ""distance"": 6, ""length"": 12, ""n_sources"": 1}",4,2500,3,0.992759478588899,0.0,0.9466227491696676,0.8833888925711314,0.164
looped_transformer,looped_transformer/plain,2d1c70257fcb,plain,propagate,mild,"{""dim"": 1, ""distance"": 6, ""length"": 12, ""n_sources"": 1}",4,5000,3,0.992079421877861,0.0,0.9303678969542185,0.8883333348035812,0.12933333333333333
looped_transformer,looped_transformer/plain,2d1c70257fcb,plain,propagate,mild,"{""dim"": 1, ""distance"": 6, ""length"": 12, ""n_sources"": 1}",4,7500,3,0.9905944069226583,0.0,0.9266964644193649,0.8850555572509765,0.078
looped_transformer,looped_transformer/plain,2d1c70257fcb,plain,propagate,mild,"{""dim"": 1, ""distance"": 6, ""length"": 12, ""n_sources"": 1}",4,10000,3,0.9892377431193987,0.0,0.9095317075649897,0.8786111116409302,0.05266666666666667
looped_transformer,looped_transformer/plain,2d1c70257fcb,plain,propagate,mild,"{""dim"": 1, ""distance"": 6, ""length"": 12, ""n_sources"": 1}",4,12500,3,0.9899103144804636,0.0,0.9167912925283114,0.8770555555820465,0.04666666666666667
looped_transformer,looped_transformer/plain,2d1c70257fcb,plain,propagate,mild,"{""dim"": 1, ""distance"": 6, ""length"": 12, ""n_sources"": 1}",4,15000,3,0.9902722661693891,0.0,0.917717307806015,0.868499997039636,0.03
looped_transformer,looped_transformer/plain,2d1c70257fcb,plain,propagate,mild,"{""dim"": 1, ""distance"": 6, ""length"": 12, ""n_sources"": 1}",4,17500,3,0.9917244414488474,0.0,0.9286212846636772,0.8827222238580387,0.046000000000000006
looped_transformer,looped_transformer/plain,2d1c70257fcb,plain,propagate,mild,"{""dim"": 1, ""distance"": 6, ""length"": 12, ""n_sources"": 1}",4,20000,3,0.9912980298201243,0.0,0.9234044998884201,0.9005555646419525,0.062
looped_transformer,looped_transformer/plain,2d1c70257fcb,plain,propagate,mild,"{""dim"": 1, ""distance"": 6, ""length"": 12, ""n_sources"": 1}",4,22500,3,0.9919492403666178,0.0,0.9293468495210012,0.885888891975085,0.03866666666666666
looped_transformer,looped_transformer/plain,2d1c70257fcb,plain,propagate,mild,"{""dim"": 1, ""distance"": 6, ""length"": 12, ""n_sources"": 1}",4,25000,3,0.9914111296335856,0.0,0.9312064548333486,0.9030555655956268,0.06
looped_transformer,looped_transformer/plain,2d1c70257fcb,plain,propagate,mild,"{""dim"": 1, ""distance"": 6, ""length"": 12, ""n_sources"": 1}",4,27500,3,0.9916509116689364,0.0,0.9303712397813797,0.8965000076293945,0.04466666666666667
looped_transformer,looped_transformer/plain,2d1c70257fcb,plain,propagate,mild,"{""dim"": 1, ""distance"": 6, ""length"": 12, ""n_sources"": 1}",4,30000,3,0.9908306002616882,0.0,0.9281671568751335,0.9068889007170995,0.056666666666666664
looped_transformer,looped_transformer/plain,2d1c70257fcb,plain,propagate,mild,"{""dim"": 1, ""distance"": 6, ""length"": 12, ""n_sources"": 1}",4,32500,3,0.9913305342197418,0.0,0.9320160895586014,0.9081666786670685,0.064
looped_transformer,looped_transformer/plain,2d1c70257fcb,plain,propagate,mild,"{""dim"": 1, ""distance"": 6, ""length"": 12, ""n_sources"": 1}",4,35000,3,0.9907023111979166,0.0,0.9309482723474503,0.9098333457310995,0.07066666666666667
looped_transformer,looped_transformer/plain,2d1c70257fcb,plain,propagate,mild,"{""dim"": 1, ""distance"": 6, ""length"": 12, ""n_sources"": 1}",4,37500,3,0.9907825589179993,0.0,0.931498092909654,0.9084444569349289,0.057999999999999996
looped_transformer,looped_transformer/plain,2d1c70257fcb,plain,propagate,mild,"{""dim"": 1, ""distance"": 6, ""length"": 12, ""n_sources"": 1}",4,40000,3,0.9907237663865089,0.0,0.9308570052186648,0.9089444572130839,0.05733333333333334
looped_transformer,looped_transformer/plain,2d1c70257fcb,plain,propagate,mild,"{""dim"": 1, ""distance"": 6, ""length"": 12, ""n_sources"": 1}",8,40000,3,0.9987732321023941,0.0,0.9293292133758465,0.9030000100533168,0.076
looped_transformer,looped_transformer/plain,2d1c70257fcb,plain,propagate,mild,"{""dim"": 1, ""distance"": 6, ""length"": 12, ""n_sources"": 1}",16,2500,3,0.9998175203800201,0.0,0.9466227491696676,0.7432222217718759,0.076
looped_transformer,looped_transformer/plain,2d1c70257fcb,plain,propagate,mild,"{""dim"": 1, ""distance"": 6, ""length"": 12, ""n_sources"": 1}",16,5000,3,0.9997700601816177,0.0,0.9303678969542185,0.7907777764598528,0.07866666666666666
looped_transformer,looped_transformer/plain,2d1c70257fcb,plain,propagate,mild,"{""dim"": 1, ""distance"": 6, ""length"": 12, ""n_sources"": 1}",16,7500,3,0.9997230892380079,0.0,0.9266964644193649,0.8511111107667286,0.07533333333333334
looped_transformer,looped_transformer/plain,2d1c70257fcb,plain,propagate,mild,"{""dim"": 1, ""distance"": 6, ""length"": 12, ""n_sources"": 1}",16,10000,3,0.9997411866982778,0.0,0.9095317075649897,0.8336666652957598,0.012666666666666666
looped_transformer,looped_transformer/plain,2d1c70257fcb,plain,propagate,mild,"{""dim"": 1, ""distance"": 6, ""length"": 12, ""n_sources"": 1}",16,12500,3,0.9997661138574282,0.0,0.9167912925283114,0.8330555539528529,0.02733333333333333
looped_transformer,looped_transformer/plain,2d1c70257fcb,plain,propagate,mild,"{""dim"": 1, ""distance"": 6, ""length"": 12, ""n_sources"": 1}",16,15000,3,0.9997716148694357,0.0,0.917717307806015,0.8416111102898917,0.012666666666666666
looped_transformer,looped_transformer/plain,2d1c70257fcb,plain,propagate,mild,"{""dim"": 1, ""distance"": 6, ""length"": 12, ""n_sources"": 1}",16,17500,3,0.9997560679912567,0.0,0.9286212846636772,0.8455555568536123,0.07200000000000001
looped_transformer,looped_transformer/plain,2d1c70257fcb,plain,propagate,mild,"{""dim"": 1, ""distance"": 6, ""length"": 12, ""n_sources"": 1}",16,20000,3,0.9997980073094368,0.0,0.9234044998884201,0.8603888942003252,0.054
looped_transformer,looped_transformer/plain,2d1c70257fcb,plain,propagate,mild,"{""dim"": 1, ""distance"": 6, ""length"": 12, ""n_sources"": 1}",16,22500,3,0.9998151908318201,0.0,0.9293468495210012,0.8464444459279378,0.04733333333333334
looped_transformer,looped_transformer/plain,2d1c70257fcb,plain,propagate,mild,"{""dim"": 1, ""distance"": 6, ""length"": 12, ""n_sources"": 1}",16,25000,3,0.9997967382272085,0.0,0.9312064548333486,0.8491111132701238,0.08
looped_transformer,looped_transformer/plain,2d1c70257fcb,plain,propagate,mild,"{""dim"": 1, ""distance"": 6, ""length"": 12, ""n_sources"": 1}",16,27500,3,0.999800980091095,0.0,0.9303712397813797,0.8448333361148835,0.08933333333333332
looped_transformer,looped_transformer/plain,2d1c70257fcb,plain,propagate,mild,"{""dim"": 1, ""distance"": 6, ""length"": 12, ""n_sources"": 1}",16,30000,3,0.9998055746157964,0.0,0.9281671568751335,0.8285000036557516,0.11599999999999999
looped_transformer,looped_transformer/plain,2d1c70257fcb,plain,propagate,mild,"{""dim"": 1, ""distance"": 6, ""length"": 12, ""n_sources"": 1}",16,32500,3,0.9998087510466576,0.0,0.9320160895586014,0.8335000043114027,0.12066666666666666
looped_transformer,looped_transformer/plain,2d1c70257fcb,plain,propagate,mild,"{""dim"": 1, ""distance"": 6, ""length"": 12, ""n_sources"": 1}",16,35000,3,0.9998113438487053,0.0,0.9309482723474503,0.833000004331271,0.13666666666666666
looped_transformer,looped_transformer/plain,2d1c70257fcb,plain,propagate,mild,"{""dim"": 1, ""distance"": 6, ""length"": 12, ""n_sources"": 1}",16,37500,3,0.9998102138439814,0.0,0.931498092909654,0.8493333395719529,0.10466666666666667
looped_transformer,looped_transformer/plain,2d1c70257fcb,plain,propagate,mild,"{""dim"": 1, ""distance"": 6, ""length"": 12, ""n_sources"": 1}",16,40000,3,0.9998090664545695,0.0,0.9308570052186648,0.850111117263635,0.10999999999999999
looped_transformer,looped_transformer/plain,2d1c70257fcb,plain,propagate,mild,"{""dim"": 1, ""distance"": 6, ""length"": 12, ""n_sources"": 1}",32,40000,3,0.9999658639232317,0.0,0.9293292133758465,0.7680555574695269,0.038
looped_transformer,looped_transformer/plain,2d1c70257fcb,plain,propagate,mild,"{""dim"": 1, ""distance"": 8, ""length"": 12, ""n_sources"": 1}",1,2500,3,0.4561688167353471,1.0,0.4561688167353471,0.6982222308119138,0.0033333333333333335
looped_transformer,looped_transformer/plain,2d1c70257fcb,plain,propagate,mild,"{""dim"": 1, ""distance"": 8, ""length"": 12, ""n_sources"": 1}",1,5000,3,0.4318038932979107,1.0,0.4318038932979107,0.6882222335735957,0.0
looped_transformer,looped_transformer/plain,2d1c70257fcb,plain,propagate,mild,"{""dim"": 1, ""distance"": 8, ""length"": 12, ""n_sources"": 1}",1,7500,3,0.4155669075747331,1.0,0.4155669075747331,0.6799444548487664,0.0
looped_transformer,looped_transformer/plain,2d1c70257fcb,plain,propagate,mild,"{""dim"": 1, ""distance"": 8, ""length"": 12, ""n_sources"": 1}",1,10000,3,0.42441537976264954,1.0,0.42441537976264954,0.6811111215949058,0.0
looped_transformer,looped_transformer/plain,2d1c70257fcb,plain,propagate,mild,"{""dim"": 1, ""distance"": 8, ""length"": 12, ""n_sources"": 1}",1,12500,3,0.43950329596797627,1.0,0.43950329596797627,0.6522777824997902,0.0
looped_transformer,looped_transformer/plain,2d1c70257fcb,plain,propagate,mild,"{""dim"": 1, ""distance"": 8, ""length"": 12, ""n_sources"": 1}",1,15000,3,0.4366409083207448,1.0,0.4366409083207448,0.6547222272753715,0.0
looped_transformer,looped_transformer/plain,2d1c70257fcb,plain,propagate,mild,"{""dim"": 1, ""distance"": 8, ""length"": 12, ""n_sources"": 1}",1,17500,3,0.43001023555795354,1.0,0.43001023555795354,0.674722229719162,0.0
looped_transformer,looped_transformer/plain,2d1c70257fcb,plain,propagate,mild,"{""dim"": 1, ""distance"": 8, ""length"": 12, ""n_sources"": 1}",1,20000,3,0.444784718255202,1.0,0.444784718255202,0.6813888958295186,0.0
looped_transformer,looped_transformer/plain,2d1c70257fcb,plain,propagate,mild,"{""dim"": 1, ""distance"": 8, ""length"": 12, ""n_sources"": 1}",1,22500,3,0.4489332512021065,1.0,0.4489332512021065,0.6739444495439528,0.0
looped_transformer,looped_transformer/plain,2d1c70257fcb,plain,propagate,mild,"{""dim"": 1, ""distance"": 8, ""length"": 12, ""n_sources"": 1}",1,25000,3,0.45060096060236293,1.0,0.45060096060236293,0.694888896604379,0.0
looped_transformer,looped_transformer/plain,2d1c70257fcb,plain,propagate,mild,"{""dim"": 1, ""distance"": 8, ""length"": 12, ""n_sources"": 1}",1,27500,3,0.45991622904936474,1.0,0.45991622904936474,0.6882777842481932,0.0
looped_transformer,looped_transformer/plain,2d1c70257fcb,plain,propagate,mild,"{""dim"": 1, ""distance"": 8, ""length"": 12, ""n_sources"": 1}",1,30000,3,0.45927095289031666,1.0,0.45927095289031666,0.6947777844667434,0.0
looped_transformer,looped_transformer/plain,2d1c70257fcb,plain,propagate,mild,"{""dim"": 1, ""distance"": 8, ""length"": 12, ""n_sources"": 1}",1,32500,3,0.4717351210614045,1.0,0.4717351210614045,0.7087222276131312,0.0
looped_transformer,looped_transformer/plain,2d1c70257fcb,plain,propagate,mild,"{""dim"": 1, ""distance"": 8, ""length"": 12, ""n_sources"": 1}",1,35000,3,0.4726430078347524,1.0,0.4726430078347524,0.7012777843872705,0.0
looped_transformer,looped_transformer/plain,2d1c70257fcb,plain,propagate,mild,"{""dim"": 1, ""distance"": 8, ""length"": 12, ""n_sources"": 1}",1,37500,3,0.4735844098031521,1.0,0.4735844098031521,0.7041666723887126,0.0
looped_transformer,looped_transformer/plain,2d1c70257fcb,plain,propagate,mild,"{""dim"": 1, ""distance"": 8, ""length"": 12, ""n_sources"": 1}",1,40000,3,0.4731030911207199,1.0,0.4731030911207199,0.7049444502592087,0.0
looped_transformer,looped_transformer/plain,2d1c70257fcb,plain,propagate,mild,"{""dim"": 1, ""distance"": 8, ""length"": 12, ""n_sources"": 1}",2,40000,3,0.9304936950405439,0.0,0.9304936950405439,0.7198333376248677,0.0
looped_transformer,looped_transformer/plain,2d1c70257fcb,plain,propagate,mild,"{""dim"": 1, ""distance"": 8, ""length"": 12, ""n_sources"": 1}",4,2500,3,0.9924443786342939,0.0,0.9464748725295067,0.7502222239772479,0.05333333333333334
looped_transformer,looped_transformer/plain,2d1c70257fcb,plain,propagate,mild,"{""dim"": 1, ""distance"": 8, ""length"": 12, ""n_sources"": 1}",4,5000,3,0.9921757156650225,0.0,0.9299098576108614,0.7453888900677365,0.020666666666666667
looped_transformer,looped_transformer/plain,2d1c70257fcb,plain,propagate,mild,"{""dim"": 1, ""distance"": 8, ""length"": 12, ""n_sources"": 1}",4,7500,3,0.9906896303097407,0.0,0.9264322270949682,0.721722225368023,0.0026666666666666666
looped_transformer,looped_transformer/plain,2d1c70257fcb,plain,propagate,mild,"{""dim"": 1, ""distance"": 8, ""length"": 12, ""n_sources"": 1}",4,10000,3,0.9891334896286329,0.0,0.9053674042224884,0.7134444500009219,0.002
looped_transformer,looped_transformer/plain,2d1c70257fcb,plain,propagate,mild,"{""dim"": 1, ""distance"": 8, ""length"": 12, ""n_sources"": 1}",4,12500,3,0.9896089906493822,0.0,0.9147184491157532,0.6867777834733326,0.0
looped_transformer,looped_transformer/plain,2d1c70257fcb,plain,propagate,mild,"{""dim"": 1, ""distance"": 8, ""length"": 12, ""n_sources"": 1}",4,15000,3,0.9908861468235651,0.0,0.9194255123535792,0.678944449186325,0.0006666666666666666
looped_transformer,looped_transformer/plain,2d1c70257fcb,plain,propagate,mild,"{""dim"": 1, ""distance"": 8, ""length"": 12, ""n_sources"": 1}",4,17500,3,0.9917559151848158,0.0,0.9273126895229021,0.7007777837316196,0.0006666666666666666
looped_transformer,looped_transformer/plain,2d1c70257fcb,plain,propagate,mild,"{""dim"": 1, ""distance"": 8, ""length"": 12, ""n_sources"": 1}",4,20000,3,0.9911342213551203,0.0,0.9229119072357813,0.714722225924333,0.0
looped_transformer,looped_transformer/plain,2d1c70257fcb,plain,propagate,mild,"{""dim"": 1, ""distance"": 8, ""length"": 12, ""n_sources"": 1}",4,22500,3,0.9918916349609693,0.0,0.9299386292695999,0.696388894836108,0.0
looped_transformer,looped_transformer/plain,2d1c70257fcb,plain,propagate,mild,"{""dim"": 1, ""distance"": 8, ""length"": 12, ""n_sources"": 1}",4,25000,3,0.9910362909237543,0.0,0.9294301892320315,0.7178888937036195,0.0
looped_transformer,looped_transformer/plain,2d1c70257fcb,plain,propagate,mild,"{""dim"": 1, ""distance"": 8, ""length"": 12, ""n_sources"": 1}",4,27500,3,0.9917046378056208,0.0,0.9259240254759789,0.7112777828375498,0.0
looped_transformer,looped_transformer/plain,2d1c70257fcb,plain,propagate,mild,"{""dim"": 1, ""distance"": 8, ""length"": 12, ""n_sources"": 1}",4,30000,3,0.9906656021873156,0.0,0.9240915700793266,0.7173333373864491,0.0
looped_transformer,looped_transformer/plain,2d1c70257fcb,plain,propagate,mild,"{""dim"": 1, ""distance"": 8, ""length"": 12, ""n_sources"": 1}",4,32500,3,0.991310735543569,0.0,0.9310227284828821,0.7270555592775345,0.0
looped_transformer,looped_transformer/plain,2d1c70257fcb,plain,propagate,mild,"{""dim"": 1, ""distance"": 8, ""length"": 12, ""n_sources"": 1}",4,35000,3,0.9906922926505407,0.0,0.9310022642215093,0.7287222252289455,0.0
looped_transformer,looped_transformer/plain,2d1c70257fcb,plain,propagate,mild,"{""dim"": 1, ""distance"": 8, ""length"": 12, ""n_sources"": 1}",4,37500,3,0.9907912338773409,0.0,0.9311217491825422,0.7271666697661082,0.0
looped_transformer,looped_transformer/plain,2d1c70257fcb,plain,propagate,mild,"{""dim"": 1, ""distance"": 8, ""length"": 12, ""n_sources"": 1}",4,40000,3,0.9907394746939341,0.0,0.9304936950405439,0.7282777806520461,0.0
looped_transformer,looped_transformer/plain,2d1c70257fcb,plain,propagate,mild,"{""dim"": 1, ""distance"": 8, ""length"": 12, ""n_sources"": 1}",8,40000,3,0.99881428728501,0.0,0.9308789341400067,0.7167222256064415,0.0
looped_transformer,looped_transformer/plain,2d1c70257fcb,plain,propagate,mild,"{""dim"": 1, ""distance"": 8, ""length"": 12, ""n_sources"": 1}",16,2500,3,0.9998226215442022,0.0,0.9464748725295067,0.5822222230682771,0.02666666666666666
looped_transformer,looped_transformer/plain,2d1c70257fcb,plain,propagate,mild,"{""dim"": 1, ""distance"": 8, ""length"": 12, ""n_sources"": 1}",16,5000,3,0.9997847105065981,0.0,0.9299098576108614,0.6022222243994475,0.018666666666666665
looped_transformer,looped_transformer/plain,2d1c70257fcb,plain,propagate,mild,"{""dim"": 1, ""distance"": 8, ""length"": 12, ""n_sources"": 1}",16,7500,3,0.9997007821997007,0.0,0.9264322270949682,0.7103888891438643,0.012666666666666666
looped_transformer,looped_transformer/plain,2d1c70257fcb,plain,propagate,mild,"{""dim"": 1, ""distance"": 8, ""length"": 12, ""n_sources"": 1}",16,10000,3,0.9997141286730766,0.0,0.9053674042224884,0.6826666673521201,0.004666666666666667
looped_transformer,looped_transformer/plain,2d1c70257fcb,plain,propagate,mild,"{""dim"": 1, ""distance"": 8, ""length"": 12, ""n_sources"": 1}",16,12500,3,0.9997600391507149,0.0,0.9147184491157532,0.668277778794368,0.0006666666666666666
looped_transformer,looped_transformer/plain,2d1c70257fcb,plain,propagate,mild,"{""dim"": 1, ""distance"": 8, ""length"": 12, ""n_sources"": 1}",16,15000,3,0.9997609332203865,0.0,0.9194255123535792,0.6934999995827674,0.005333333333333333
looped_transformer,looped_transformer/plain,2d1c70257fcb,plain,propagate,mild,"{""dim"": 1, ""distance"": 8, ""length"": 12, ""n_sources"": 1}",16,17500,3,0.9997558916608492,0.0,0.9273126895229021,0.6555000016887983,0.004
looped_transformer,looped_transformer/plain,2d1c70257fcb,plain,propagate,mild,"{""dim"": 1, ""distance"": 8, ""length"": 12, ""n_sources"": 1}",16,20000,3,0.9997982953985532,0.0,0.9229119072357813,0.6980555580357711,0.0013333333333333333
looped_transformer,looped_transformer/plain,2d1c70257fcb,plain,propagate,mild,"{""dim"": 1, ""distance"": 8, ""length"": 12, ""n_sources"": 1}",16,22500,3,0.9998134225606918,0.0,0.9299386292695999,0.652388892998298,0.0
looped_transformer,looped_transformer/plain,2d1c70257fcb,plain,propagate,mild,"{""dim"": 1, ""distance"": 8, ""length"": 12, ""n_sources"": 1}",16,25000,3,0.9997944980859756,0.0,0.9294301892320315,0.652055558398366,0.0006666666666666666
looped_transformer,looped_transformer/plain,2d1c70257fcb,plain,propagate,mild,"{""dim"": 1, ""distance"": 8, ""length"": 12, ""n_sources"": 1}",16,27500,3,0.999791589876016,0.0,0.9259240254759789,0.6306666691154242,0.0
looped_transformer,looped_transformer/plain,2d1c70257fcb,plain,propagate,mild,"{""dim"": 1, ""distance"": 8, ""length"": 12, ""n_sources"": 1}",16,30000,3,0.9997930203874906,0.0,0.9240915700793266,0.6171111138612032,0.0
looped_transformer,looped_transformer/plain,2d1c70257fcb,plain,propagate,mild,"{""dim"": 1, ""distance"": 8, ""length"": 12, ""n_sources"": 1}",16,32500,3,0.9997989162802696,0.0,0.9310227284828821,0.6223888919452826,0.0
looped_transformer,looped_transformer/plain,2d1c70257fcb,plain,propagate,mild,"{""dim"": 1, ""distance"": 8, ""length"": 12, ""n_sources"": 1}",16,35000,3,0.9998005802432696,0.0,0.9310022642215093,0.6207222251097361,0.0
looped_transformer,looped_transformer/plain,2d1c70257fcb,plain,propagate,mild,"{""dim"": 1, ""distance"": 8, ""length"": 12, ""n_sources"": 1}",16,37500,3,0.9998005603750547,0.0,0.9311217491825422,0.64250000239412,0.0
looped_transformer,looped_transformer/plain,2d1c70257fcb,plain,propagate,mild,"{""dim"": 1, ""distance"": 8, ""length"": 12, ""n_sources"": 1}",16,40000,3,0.9997976074616114,0.0,0.9304936950405439,0.6426111134092013,0.0
looped_transformer,looped_transformer/plain,2d1c70257fcb,plain,propagate,mild,"{""dim"": 1, ""distance"": 8, ""length"": 12, ""n_sources"": 1}",32,40000,3,0.9999669392903646,0.0,0.9308789341400067,0.5637777797778447,0.0
looped_transformer,looped_transformer/plain,2d1c70257fcb,plain,propagate,strong,"{""dim"": 1, ""distance"": 12, ""length"": 48, ""n_sources"": 1}",1,2500,3,0.745576466123263,1.0,0.745576466123263,0.7129305560390155,0.0
looped_transformer,looped_transformer/plain,2d1c70257fcb,plain,propagate,strong,"{""dim"": 1, ""distance"": 12, ""length"": 48, ""n_sources"": 1}",1,5000,3,0.702431857585907,1.0,0.702431857585907,0.6340416664481162,0.0
looped_transformer,looped_transformer/plain,2d1c70257fcb,plain,propagate,strong,"{""dim"": 1, ""distance"": 12, ""length"": 48, ""n_sources"": 1}",1,7500,3,0.6483277268707752,1.0,0.6483277268707752,0.6487083337903022,0.0
looped_transformer,looped_transformer/plain,2d1c70257fcb,plain,propagate,strong,"{""dim"": 1, ""distance"": 12, ""length"": 48, ""n_sources"": 1}",1,10000,3,0.6506762653589249,1.0,0.6506762653589249,0.6542361100713412,0.0
looped_transformer,looped_transformer/plain,2d1c70257fcb,plain,propagate,strong,"{""dim"": 1, ""distance"": 12, ""length"": 48, ""n_sources"": 1}",1,12500,3,0.660923366745313,1.0,0.660923366745313,0.6552083331942558,0.0
looped_transformer,looped_transformer/plain,2d1c70257fcb,plain,propagate,strong,"{""dim"": 1, ""distance"": 12, ""length"": 48, ""n_sources"": 1}",1,15000,3,0.6599331249793371,1.0,0.6599331249793371,0.6331249996821086,0.0
looped_transformer,looped_transformer/plain,2d1c70257fcb,plain,propagate,strong,"{""dim"": 1, ""distance"": 12, ""length"": 48, ""n_sources"": 1}",1,17500,3,0.6362724329034487,1.0,0.6362724329034487,0.6495555544694266,0.0
looped_transformer,looped_transformer/plain,2d1c70257fcb,plain,propagate,strong,"{""dim"": 1, ""distance"": 12, ""length"": 48, ""n_sources"": 1}",1,20000,3,0.6159885823726654,1.0,0.6159885823726654,0.6210138872663179,0.0
looped_transformer,looped_transformer/plain,2d1c70257fcb,plain,propagate,strong,"{""dim"": 1, ""distance"": 12, ""length"": 48, ""n_sources"": 1}",1,22500,3,0.6064961614708105,1.0,0.6064961614708105,0.6266944426496824,0.0
looped_transformer,looped_transformer/plain,2d1c70257fcb,plain,propagate,strong,"{""dim"": 1, ""distance"": 12, ""length"": 48, ""n_sources"": 1}",1,25000,3,0.6267539213101069,1.0,0.6267539213101069,0.6282361099720001,0.0
looped_transformer,looped_transformer/plain,2d1c70257fcb,plain,propagate,strong,"{""dim"": 1, ""distance"": 12, ""length"": 48, ""n_sources"": 1}",1,27500,3,0.6218698297937711,1.0,0.6218698297937711,0.6380555551250776,0.0
looped_transformer,looped_transformer/plain,2d1c70257fcb,plain,propagate,strong,"{""dim"": 1, ""distance"": 12, ""length"": 48, ""n_sources"": 1}",1,30000,3,0.6216453164815903,1.0,0.6216453164815903,0.6517499999602635,0.0
looped_transformer,looped_transformer/plain,2d1c70257fcb,plain,propagate,strong,"{""dim"": 1, ""distance"": 12, ""length"": 48, ""n_sources"": 1}",1,32500,3,0.6240798210104307,1.0,0.6240798210104307,0.6412638882597288,0.0
looped_transformer,looped_transformer/plain,2d1c70257fcb,plain,propagate,strong,"{""dim"": 1, ""distance"": 12, ""length"": 48, ""n_sources"": 1}",1,35000,3,0.6297841469446818,1.0,0.6297841469446818,0.6423055553038916,0.0
looped_transformer,looped_transformer/plain,2d1c70257fcb,plain,propagate,strong,"{""dim"": 1, ""distance"": 12, ""length"": 48, ""n_sources"": 1}",1,37500,3,0.6294163639346758,1.0,0.6294163639346758,0.6361249992450079,0.0
looped_transformer,looped_transformer/plain,2d1c70257fcb,plain,propagate,strong,"{""dim"": 1, ""distance"": 12, ""length"": 48, ""n_sources"": 1}",1,40000,3,0.6296799778938293,1.0,0.6296799778938293,0.6344999991854031,0.0
looped_transformer,looped_transformer/plain,2d1c70257fcb,plain,propagate,strong,"{""dim"": 1, ""distance"": 12, ""length"": 48, ""n_sources"": 1}",2,40000,3,0.9619665121038755,0.0,0.9619665121038755,0.6549722223480542,0.0
looped_transformer,looped_transformer/plain,2d1c70257fcb,plain,propagate,strong,"{""dim"": 1, ""distance"": 12, ""length"": 48, ""n_sources"": 1}",4,2500,3,0.9951624994476637,0.0,0.9621528933445612,0.7372499995231628,0.0
looped_transformer,looped_transformer/plain,2d1c70257fcb,plain,propagate,strong,"{""dim"": 1, ""distance"": 12, ""length"": 48, ""n_sources"": 1}",4,5000,3,0.9959171464045843,0.0,0.9521418884396553,0.7148888870875041,0.0
looped_transformer,looped_transformer/plain,2d1c70257fcb,plain,propagate,strong,"{""dim"": 1, ""distance"": 12, ""length"": 48, ""n_sources"": 1}",4,7500,3,0.9956933682163557,0.0,0.9573278774817785,0.7212777778307596,0.0
looped_transformer,looped_transformer/plain,2d1c70257fcb,plain,propagate,strong,"{""dim"": 1, ""distance"": 12, ""length"": 48, ""n_sources"": 1}",4,10000,3,0.9951877345641454,0.0,0.9610579063495001,0.7305833332538606,0.0
looped_transformer,looped_transformer/plain,2d1c70257fcb,plain,propagate,strong,"{""dim"": 1, ""distance"": 12, ""length"": 48, ""n_sources"": 1}",4,12500,3,0.9951107203960419,0.0,0.9604431018233299,0.7235694444874922,0.0
looped_transformer,looped_transformer/plain,2d1c70257fcb,plain,propagate,strong,"{""dim"": 1, ""distance"": 12, ""length"": 48, ""n_sources"": 1}",4,15000,3,0.9945896516243616,0.0,0.9569044162829717,0.7257499989469847,0.0
looped_transformer,looped_transformer/plain,2d1c70257fcb,plain,propagate,strong,"{""dim"": 1, ""distance"": 12, ""length"": 48, ""n_sources"": 1}",4,17500,3,0.9949431618054708,0.0,0.9591828932364782,0.7252916655540466,0.0
looped_transformer,looped_transformer/plain,2d1c70257fcb,plain,propagate,strong,"{""dim"": 1, ""distance"": 12, ""length"": 48, ""n_sources"": 1}",4,20000,3,0.9949135606487592,0.0,0.955825557311376,0.7180138872464498,0.0
looped_transformer,looped_transformer/plain,2d1c70257fcb,plain,propagate,strong,"{""dim"": 1, ""distance"": 12, ""length"": 48, ""n_sources"": 1}",4,22500,3,0.9949856176972389,0.0,0.9528960287570953,0.7133472220102947,0.0
looped_transformer,looped_transformer/plain,2d1c70257fcb,plain,propagate,strong,"{""dim"": 1, ""distance"": 12, ""length"": 48, ""n_sources"": 1}",4,25000,3,0.9956406727433205,0.0,0.9600681737065315,0.7218749994834264,0.0
looped_transformer,looped_transformer/plain,2d1c70257fcb,plain,propagate,strong,"{""dim"": 1, ""distance"": 12, ""length"": 48, ""n_sources"": 1}",4,27500,3,0.995029571155707,0.0,0.9584440464774767,0.7224027776320776,0.0
looped_transformer,looped_transformer/plain,2d1c70257fcb,plain,propagate,strong,"{""dim"": 1, ""distance"": 12, ""length"": 48, ""n_sources"": 1}",4,30000,3,0.9950385615229607,0.0,0.9577066972851753,0.7257222216924032,0.0
looped_transformer,looped_transformer/plain,2d1c70257fcb,plain,propagate,strong,"{""dim"": 1, ""distance"": 12, ""length"": 48, ""n_sources"": 1}",4,32500,3,0.9955443019668261,0.0,0.9610123187303543,0.7180694443782171,0.0
looped_transformer,looped_transformer/plain,2d1c70257fcb,plain,propagate,strong,"{""dim"": 1, ""distance"": 12, ""length"": 48, ""n_sources"": 1}",4,35000,3,0.9955044736464819,0.0,0.9619557186961174,0.7183750003178915,0.0
looped_transformer,looped_transformer/plain,2d1c70257fcb,plain,propagate,strong,"{""dim"": 1, ""distance"": 12, ""length"": 48, ""n_sources"": 1}",4,37500,3,0.9954272111256918,0.0,0.9620256796479225,0.7181805558999379,0.0
looped_transformer,looped_transformer/plain,2d1c70257fcb,plain,propagate,strong,"{""dim"": 1, ""distance"": 12, ""length"": 48, ""n_sources"": 1}",4,40000,3,0.9954260687033335,0.0,0.9619665121038755,0.7178472224871317,0.0
looped_transformer,looped_transformer/plain,2d1c70257fcb,plain,propagate,strong,"{""dim"": 1, ""distance"": 12, ""length"": 48, ""n_sources"": 1}",8,40000,3,0.9992844841132561,0.0,0.9638725475718578,0.7372638876835506,0.0
looped_transformer,looped_transformer/plain,2d1c70257fcb,plain,propagate,strong,"{""dim"": 1, ""distance"": 12, ""length"": 48, ""n_sources"": 1}",16,2500,3,0.9999122147758802,0.0,0.9621528933445612,0.7261111050049465,0.0
looped_transformer,looped_transformer/plain,2d1c70257fcb,plain,propagate,strong,"{""dim"": 1, ""distance"": 12, ""length"": 48, ""n_sources"": 1}",16,5000,3,0.9998665079474449,0.0,0.9521418884396553,0.72211110552152,0.0
looped_transformer,looped_transformer/plain,2d1c70257fcb,plain,propagate,strong,"{""dim"": 1, ""distance"": 12, ""length"": 48, ""n_sources"": 1}",16,7500,3,0.9998437712589899,0.0,0.9573278774817785,0.7283888854185742,0.0
looped_transformer,looped_transformer/plain,2d1c70257fcb,plain,propagate,strong,"{""dim"": 1, ""distance"": 12, ""length"": 48, ""n_sources"": 1}",16,10000,3,0.999833325544993,0.0,0.9610579063495001,0.745291663368543,0.0
looped_transformer,looped_transformer/plain,2d1c70257fcb,plain,propagate,strong,"{""dim"": 1, ""distance"": 12, ""length"": 48, ""n_sources"": 1}",16,12500,3,0.9998612875739733,0.0,0.9604431018233299,0.7409166643867889,0.0
looped_transformer,looped_transformer/plain,2d1c70257fcb,plain,propagate,strong,"{""dim"": 1, ""distance"": 12, ""length"": 48, ""n_sources"": 1}",16,15000,3,0.999839298427105,0.0,0.9569044162829717,0.7517638860146204,0.0
looped_transformer,looped_transformer/plain,2d1c70257fcb,plain,propagate,strong,"{""dim"": 1, ""distance"": 12, ""length"": 48, ""n_sources"": 1}",16,17500,3,0.9998333801825842,0.0,0.9591828932364782,0.7459999985694886,0.0
looped_transformer,looped_transformer/plain,2d1c70257fcb,plain,propagate,strong,"{""dim"": 1, ""distance"": 12, ""length"": 48, ""n_sources"": 1}",16,20000,3,0.9998529131213824,0.0,0.955825557311376,0.7413472203016281,0.0
looped_transformer,looped_transformer/plain,2d1c70257fcb,plain,propagate,strong,"{""dim"": 1, ""distance"": 12, ""length"": 48, ""n_sources"": 1}",16,22500,3,0.9998778030276299,0.0,0.9528960287570953,0.7470694425503414,0.0
looped_transformer,looped_transformer/plain,2d1c70257fcb,plain,propagate,strong,"{""dim"": 1, ""distance"": 12, ""length"": 48, ""n_sources"": 1}",16,25000,3,0.9998748650153478,0.0,0.9600681737065315,0.7472777758439383,0.0
looped_transformer,looped_transformer/plain,2d1c70257fcb,plain,propagate,strong,"{""dim"": 1, ""distance"": 12, ""length"": 48, ""n_sources"": 1}",16,27500,3,0.9998797004421552,0.0,0.9584440464774767,0.7470555539131164,0.0
looped_transformer,looped_transformer/plain,2d1c70257fcb,plain,propagate,strong,"{""dim"": 1, ""distance"": 12, ""length"": 48, ""n_sources"": 1}",16,30000,3,0.9998815904060999,0.0,0.9577066972851753,0.7462083315054575,0.0
looped_transformer,looped_transformer/plain,2d1c70257fcb,plain,propagate,strong,"{""dim"": 1, ""distance"": 12, ""length"": 48, ""n_sources"": 1}",16,32500,3,0.9998890285690626,0.0,0.9610123187303543,0.7466527766386668,0.0
looped_transformer,looped_transformer/plain,2d1c70257fcb,plain,propagate,strong,"{""dim"": 1, ""distance"": 12, ""length"": 48, ""n_sources"": 1}",16,35000,3,0.9998873348037401,0.0,0.9619557186961174,0.7454861088991165,0.0
looped_transformer,looped_transformer/plain,2d1c70257fcb,plain,propagate,strong,"{""dim"": 1, ""distance"": 12, ""length"": 48, ""n_sources"": 1}",16,37500,3,0.9998852536082268,0.0,0.9620256796479225,0.7434166647990544,0.0
looped_transformer,looped_transformer/plain,2d1c70257fcb,plain,propagate,strong,"{""dim"": 1, ""distance"": 12, ""length"": 48, ""n_sources"": 1}",16,40000,3,0.9998853529493014,0.0,0.9619665121038755,0.7430138868093491,0.0
looped_transformer,looped_transformer/plain,2d1c70257fcb,plain,propagate,strong,"{""dim"": 1, ""distance"": 12, ""length"": 48, ""n_sources"": 1}",32,40000,3,0.9999818969517946,0.0,0.9638725475718578,0.7458888861735661,0.0
looped_transformer,looped_transformer/plain,2d1c70257fcb,plain,propagate,strong,"{""dim"": 1, ""distance"": 24, ""length"": 48, ""n_sources"": 1}",1,2500,3,0.7409137462576231,1.0,0.7409137462576231,0.7212361118793487,0.0
looped_transformer,looped_transformer/plain,2d1c70257fcb,plain,propagate,strong,"{""dim"": 1, ""distance"": 24, ""length"": 48, ""n_sources"": 1}",1,5000,3,0.7076368232568105,1.0,0.7076368232568105,0.6522083331346512,0.0
looped_transformer,looped_transformer/plain,2d1c70257fcb,plain,propagate,strong,"{""dim"": 1, ""distance"": 24, ""length"": 48, ""n_sources"": 1}",1,7500,3,0.6612025474508604,1.0,0.6612025474508604,0.6681805553436279,0.0
looped_transformer,looped_transformer/plain,2d1c70257fcb,plain,propagate,strong,"{""dim"": 1, ""distance"": 24, ""length"": 48, ""n_sources"": 1}",1,10000,3,0.6475122744838396,1.0,0.6475122744838396,0.6722361106475194,0.0
looped_transformer,looped_transformer/plain,2d1c70257fcb,plain,propagate,strong,"{""dim"": 1, ""distance"": 24, ""length"": 48, ""n_sources"": 1}",1,12500,3,0.6608160585165024,1.0,0.6608160585165024,0.6720138881603877,0.0
looped_transformer,looped_transformer/plain,2d1c70257fcb,plain,propagate,strong,"{""dim"": 1, ""distance"": 24, ""length"": 48, ""n_sources"": 1}",1,15000,3,0.6557704359292984,1.0,0.6557704359292984,0.6533888894319534,0.0
looped_transformer,looped_transformer/plain,2d1c70257fcb,plain,propagate,strong,"{""dim"": 1, ""distance"": 24, ""length"": 48, ""n_sources"": 1}",1,17500,3,0.6275861536463102,1.0,0.6275861536463102,0.6762916662096977,0.0
looped_transformer,looped_transformer/plain,2d1c70257fcb,plain,propagate,strong,"{""dim"": 1, ""distance"": 24, ""length"": 48, ""n_sources"": 1}",1,20000,3,0.6213846082488695,1.0,0.6213846082488695,0.642208332657814,0.0
looped_transformer,looped_transformer/plain,2d1c70257fcb,plain,propagate,strong,"{""dim"": 1, ""distance"": 24, ""length"": 48, ""n_sources"": 1}",1,22500,3,0.6156598677237829,1.0,0.6156598677237829,0.651611110230287,0.0
looped_transformer,looped_transformer/plain,2d1c70257fcb,plain,propagate,strong,"{""dim"": 1, ""distance"": 24, ""length"": 48, ""n_sources"": 1}",1,25000,3,0.6268995329737663,1.0,0.6268995329737663,0.645972222050031,0.0
looped_transformer,looped_transformer/plain,2d1c70257fcb,plain,propagate,strong,"{""dim"": 1, ""distance"": 24, ""length"": 48, ""n_sources"": 1}",1,27500,3,0.6273643846313158,1.0,0.6273643846313158,0.650152777671814,0.0
looped_transformer,looped_transformer/plain,2d1c70257fcb,plain,propagate,strong,"{""dim"": 1, ""distance"": 24, ""length"": 48, ""n_sources"": 1}",1,30000,3,0.628390351931254,1.0,0.628390351931254,0.6629027777512868,0.0
looped_transformer,looped_transformer/plain,2d1c70257fcb,plain,propagate,strong,"{""dim"": 1, ""distance"": 24, ""length"": 48, ""n_sources"": 1}",1,32500,3,0.6347595701615015,1.0,0.6347595701615015,0.6526249991257985,0.0
looped_transformer,looped_transformer/plain,2d1c70257fcb,plain,propagate,strong,"{""dim"": 1, ""distance"": 24, ""length"": 48, ""n_sources"": 1}",1,35000,3,0.6380065555373827,1.0,0.6380065555373827,0.6528611097534498,0.0
looped_transformer,looped_transformer/plain,2d1c70257fcb,plain,propagate,strong,"{""dim"": 1, ""distance"": 24, ""length"": 48, ""n_sources"": 1}",1,37500,3,0.6378822575012842,1.0,0.6378822575012842,0.6478194429079691,0.0
looped_transformer,looped_transformer/plain,2d1c70257fcb,plain,propagate,strong,"{""dim"": 1, ""distance"": 24, ""length"": 48, ""n_sources"": 1}",1,40000,3,0.6381154755751292,1.0,0.6381154755751292,0.6463888873457909,0.0
looped_transformer,looped_transformer/plain,2d1c70257fcb,plain,propagate,strong,"{""dim"": 1, ""distance"": 24, ""length"": 48, ""n_sources"": 1}",2,40000,3,0.9653093467156092,0.0,0.9653093467156092,0.6606944443980852,0.0
looped_transformer,looped_transformer/plain,2d1c70257fcb,plain,propagate,strong,"{""dim"": 1, ""distance"": 24, ""length"": 48, ""n_sources"": 1}",4,2500,3,0.9949624215563139,0.0,0.9635993540287018,0.6963194448649883,0.0
looped_transformer,looped_transformer/plain,2d1c70257fcb,plain,propagate,strong,"{""dim"": 1, ""distance"": 24, ""length"": 48, ""n_sources"": 1}",4,5000,3,0.996289831896623,0.0,0.9511441687742869,0.6782361103494963,0.0
looped_transformer,looped_transformer/plain,2d1c70257fcb,plain,propagate,strong,"{""dim"": 1, ""distance"": 24, ""length"": 48, ""n_sources"": 1}",4,7500,3,0.9956349258621534,0.0,0.9555941720803579,0.6843611106276514,0.0
looped_transformer,looped_transformer/plain,2d1c70257fcb,plain,propagate,strong,"{""dim"": 1, ""distance"": 24, ""length"": 48, ""n_sources"": 1}",4,10000,3,0.9948222239812216,0.0,0.9571491479873657,0.7071944453318914,0.0
looped_transformer,looped_transformer/plain,2d1c70257fcb,plain,propagate,strong,"{""dim"": 1, ""distance"": 24, ""length"": 48, ""n_sources"": 1}",4,12500,3,0.9948200335105261,0.0,0.9587813044587771,0.7004444442192712,0.0
looped_transformer,looped_transformer/plain,2d1c70257fcb,plain,propagate,strong,"{""dim"": 1, ""distance"": 24, ""length"": 48, ""n_sources"": 1}",4,15000,3,0.9945373013615608,0.0,0.957304410636425,0.6893055553833644,0.0
looped_transformer,looped_transformer/plain,2d1c70257fcb,plain,propagate,strong,"{""dim"": 1, ""distance"": 24, ""length"": 48, ""n_sources"": 1}",4,17500,3,0.9946326886614164,0.0,0.9562892590959867,0.7107916666269302,0.0
looped_transformer,looped_transformer/plain,2d1c70257fcb,plain,propagate,strong,"{""dim"": 1, ""distance"": 24, ""length"": 48, ""n_sources"": 1}",4,20000,3,0.9945757413903872,0.0,0.9553950503468513,0.6964722207387289,0.0
looped_transformer,looped_transformer/plain,2d1c70257fcb,plain,propagate,strong,"{""dim"": 1, ""distance"": 24, ""length"": 48, ""n_sources"": 1}",4,22500,3,0.994927021364371,0.0,0.9545557647943497,0.683486110428969,0.0
looped_transformer,looped_transformer/plain,2d1c70257fcb,plain,propagate,strong,"{""dim"": 1, ""distance"": 24, ""length"": 48, ""n_sources"": 1}",4,25000,3,0.995571551223596,0.0,0.9605487535397211,0.7000555554032326,0.0
looped_transformer,looped_transformer/plain,2d1c70257fcb,plain,propagate,strong,"{""dim"": 1, ""distance"": 24, ""length"": 48, ""n_sources"": 1}",4,27500,3,0.9952366277575493,0.0,0.9604718560973803,0.7014444442192712,0.0
looped_transformer,looped_transformer/plain,2d1c70257fcb,plain,propagate,strong,"{""dim"": 1, ""distance"": 24, ""length"": 48, ""n_sources"": 1}",4,30000,3,0.9952870532870293,0.0,0.9608909115195274,0.7024722218712172,0.0
looped_transformer,looped_transformer/plain,2d1c70257fcb,plain,propagate,strong,"{""dim"": 1, ""distance"": 24, ""length"": 48, ""n_sources"": 1}",4,32500,3,0.9957261482874552,0.0,0.9651917740702629,0.6940138887763023,0.0
looped_transformer,looped_transformer/plain,2d1c70257fcb,plain,propagate,strong,"{""dim"": 1, ""distance"": 24, ""length"": 48, ""n_sources"": 1}",4,35000,3,0.9956415171424547,0.0,0.9653410290678343,0.6941944443980853,0.0
looped_transformer,looped_transformer/plain,2d1c70257fcb,plain,propagate,strong,"{""dim"": 1, ""distance"": 24, ""length"": 48, ""n_sources"": 1}",4,37500,3,0.9955821161468824,0.0,0.9653356100122134,0.693819444557031,0.0
looped_transformer,looped_transformer/plain,2d1c70257fcb,plain,propagate,strong,"{""dim"": 1, ""distance"": 24, ""length"": 48, ""n_sources"": 1}",4,40000,3,0.9955838322639465,0.0,0.9653093467156092,0.6934166669249535,0.0
looped_transformer,looped_transformer/plain,2d1c70257fcb,plain,propagate,strong,"{""dim"": 1, ""distance"": 24, ""length"": 48, ""n_sources"": 1}",8,40000,3,0.9992903818686804,0.0,0.9647488134602705,0.687777777214845,0.0
looped_transformer,looped_transformer/plain,2d1c70257fcb,plain,propagate,strong,"{""dim"": 1, ""distance"": 24, ""length"": 48, ""n_sources"": 1}",16,2500,3,0.9999105085929235,0.0,0.9635993540287018,0.6117083329459031,0.0
looped_transformer,looped_transformer/plain,2d1c70257fcb,plain,propagate,strong,"{""dim"": 1, ""distance"": 24, ""length"": 48, ""n_sources"": 1}",16,5000,3,0.9998659541209539,0.0,0.9511441687742869,0.61024999944369,0.0
looped_transformer,looped_transformer/plain,2d1c70257fcb,plain,propagate,strong,"{""dim"": 1, ""distance"": 24, ""length"": 48, ""n_sources"": 1}",16,7500,3,0.9998457605640093,0.0,0.9555941720803579,0.6511944443186124,0.0
looped_transformer,looped_transformer/plain,2d1c70257fcb,plain,propagate,strong,"{""dim"": 1, ""distance"": 24, ""length"": 48, ""n_sources"": 1}",16,10000,3,0.999822124838829,0.0,0.9571491479873657,0.6879861110051473,0.0
looped_transformer,looped_transformer/plain,2d1c70257fcb,plain,propagate,strong,"{""dim"": 1, ""distance"": 24, ""length"": 48, ""n_sources"": 1}",16,12500,3,0.999858150879542,0.0,0.9587813044587771,0.6771111112833023,0.0
looped_transformer,looped_transformer/plain,2d1c70257fcb,plain,propagate,strong,"{""dim"": 1, ""distance"": 24, ""length"": 48, ""n_sources"": 1}",16,15000,3,0.9998408854007721,0.0,0.957304410636425,0.6989305550257364,0.0
looped_transformer,looped_transformer/plain,2d1c70257fcb,plain,propagate,strong,"{""dim"": 1, ""distance"": 24, ""length"": 48, ""n_sources"": 1}",16,17500,3,0.9998351683219274,0.0,0.9562892590959867,0.7086527772148449,0.0
looped_transformer,looped_transformer/plain,2d1c70257fcb,plain,propagate,strong,"{""dim"": 1, ""distance"": 24, ""length"": 48, ""n_sources"": 1}",16,20000,3,0.999853270749251,0.0,0.9553950503468513,0.6749722223679225,0.0
looped_transformer,looped_transformer/plain,2d1c70257fcb,plain,propagate,strong,"{""dim"": 1, ""distance"": 24, ""length"": 48, ""n_sources"": 1}",16,22500,3,0.9998720933993658,0.0,0.9545557647943497,0.6912500003874302,0.0
looped_transformer,looped_transformer/plain,2d1c70257fcb,plain,propagate,strong,"{""dim"": 1, ""distance"": 24, ""length"": 48, ""n_sources"": 1}",16,25000,3,0.999874010682106,0.0,0.9605487535397211,0.6927222219705582,0.0
looped_transformer,looped_transformer/plain,2d1c70257fcb,plain,propagate,strong,"{""dim"": 1, ""distance"": 24, ""length"": 48, ""n_sources"": 1}",16,27500,3,0.999874897301197,0.0,0.9604718560973803,0.688916666428248,0.0
looped_transformer,looped_transformer/plain,2d1c70257fcb,plain,propagate,strong,"{""dim"": 1, ""distance"": 24, ""length"": 48, ""n_sources"": 1}",16,30000,3,0.9998706181844076,0.0,0.9608909115195274,0.6763055551052094,0.0
looped_transformer,looped_transformer/plain,2d1c70257fcb,plain,propagate,strong,"{""dim"": 1, ""distance"": 24, ""length"": 48, ""n_sources"": 1}",16,32500,3,0.999880867699782,0.0,0.9651917740702629,0.6775277779102326,0.0
looped_transformer,looped_transformer/plain,2d1c70257fcb,plain,propagate,strong,"{""dim"": 1, ""distance"": 24, ""length"": 48, ""n_sources"": 1}",16,35000,3,0.9998816847801208,0.0,0.9653410290678343,0.6724861106475194,0.0
looped_transformer,looped_transformer/plain,2d1c70257fcb,plain,propagate,strong,"{""dim"": 1, ""distance"": 24, ""length"": 48, ""n_sources"": 1}",16,37500,3,0.9998797128597895,0.0,0.9653356100122134,0.6648611104091008,0.0
looped_transformer,looped_transformer/plain,2d1c70257fcb,plain,propagate,strong,"{""dim"": 1, ""distance"": 24, ""length"": 48, ""n_sources"": 1}",16,40000,3,0.9998796060681343,0.0,0.9653093467156092,0.6635694435238838,0.0
looped_transformer,looped_transformer/plain,2d1c70257fcb,plain,propagate,strong,"{""dim"": 1, ""distance"": 24, ""length"": 48, ""n_sources"": 1}",32,40000,3,0.9999817945063114,0.0,0.9647488134602705,0.6513750006357829,0.0
