config_hash,model,task,step,reasoning_steps,split,difficulty,n_seeds,provisional,dev,diverged_k,exact_match_mean,exact_match_std,exact_match_min,exact_match_max,exact_match_values,exact_match_ci95_lo,exact_match_ci95_hi,exact_match_mean_incl_failed,token_acc_mean,params
75f014a16a02,bdh_cq,propagate,2500,1,interp,"{""dim"": 1, ""distance"": 1, ""length"": 12, ""n_sources"": 1}",3,True,False,0,0.0,0.0,0.0,0.0,"[0.0, 0.0, 0.0]",0.0,0.0,0.0,0.7955755047693462,10010880
75f014a16a02,bdh_cq,propagate,2500,1,interp,"{""dim"": 1, ""distance"": 2, ""length"": 12, ""n_sources"": 1}",3,True,False,0,0.0,0.0,0.0,0.0,"[0.0, 0.0, 0.0]",0.0,0.0,0.0,0.7897897798258503,10010880
75f014a16a02,bdh_cq,propagate,2500,1,interp,"{""dim"": 1, ""distance"": 4, ""length"": 12, ""n_sources"": 1}",3,True,False,0,0.0,0.0,0.0,0.0,"[0.0, 0.0, 0.0]",0.0,0.0,0.0,0.7863696917995915,10010880
75f014a16a02,bdh_cq,propagate,5000,1,interp,"{""dim"": 1, ""distance"": 1, ""length"": 12, ""n_sources"": 1}",3,True,False,0,0.0,0.0,0.0,0.0,"[0.0, 0.0, 0.0]",0.0,0.0,0.0,0.7941616631583303,10010880
75f014a16a02,bdh_cq,propagate,5000,1,interp,"{""dim"": 1, ""distance"": 2, ""length"": 12, ""n_sources"": 1}",3,True,False,0,0.0,0.0,0.0,0.0,"[0.0, 0.0, 0.0]",0.0,0.0,0.0,0.7983817025288209,10010880
75f014a16a02,bdh_cq,propagate,5000,1,interp,"{""dim"": 1, ""distance"": 4, ""length"": 12, ""n_sources"": 1}",3,True,False,0,0.0,0.0,0.0,0.0,"[0.0, 0.0, 0.0]",0.0,0.0,0.0,0.7987987853444971,10010880
75f014a16a02,bdh_cq,propagate,7500,1,interp,"{""dim"": 1, ""distance"": 1, ""length"": 12, ""n_sources"": 1}",3,True,False,0,0.00499001996007984,0.0028227815616229442,0.0029940119760479044,0.008982035928143712,"[0.008982035928143712, 0.0029940119760479044, 0.0029940119760479044]",0.002994011976047905,0.008982035928143712,0.00499001996007984,0.7983200180970741,10010880
75f014a16a02,bdh_cq,propagate,7500,1,interp,"{""dim"": 1, ""distance"": 2, ""length"": 12, ""n_sources"": 1}",3,True,False,0,0.006006006006006006,0.0024519416844676458,0.003003003003003003,0.009009009009009009,"[0.009009009009009009, 0.003003003003003003, 0.006006006006006006]",0.003003003003003003,0.009009009009009009,0.006006006006006006,0.8093092999420127,10010880
75f014a16a02,bdh_cq,propagate,7500,1,interp,"{""dim"": 1, ""distance"": 4, ""length"": 12, ""n_sources"": 1}",3,True,False,0,0.0,0.0,0.0,0.0,"[0.0, 0.0, 0.0]",0.0,0.0,0.0,0.7986319561501046,10010880
75f014a16a02,bdh_cq,propagate,10000,1,interp,"{""dim"": 1, ""distance"": 1, ""length"": 12, ""n_sources"": 1}",3,True,False,0,0.016966067864271458,0.007858291291428952,0.005988023952095809,0.023952095808383235,"[0.023952095808383235, 0.005988023952095809, 0.020958083832335328]",0.00598802395209581,0.02395209580838324,0.016966067864271458,0.8210246119789497,10010880
75f014a16a02,bdh_cq,propagate,10000,1,interp,"{""dim"": 1, ""distance"": 2, ""length"": 12, ""n_sources"": 1}",3,True,False,0,0.014014014014014012,0.002831258383129319,0.012012012012012012,0.018018018018018018,"[0.012012012012012012, 0.012012012012012012, 0.018018018018018018]",0.012012012012012012,0.018018018018018018,0.014014014014014012,0.8274941521363931,10010880
75f014a16a02,bdh_cq,propagate,10000,1,interp,"{""dim"": 1, ""distance"": 4, ""length"": 12, ""n_sources"": 1}",3,True,False,0,0.005005005005005005,0.0014156291915646596,0.003003003003003003,0.006006006006006006,"[0.003003003003003003, 0.006006006006006006, 0.006006006006006006]",0.003003003003003003,0.006006006006006006,0.005005005005005005,0.8008007949238664,10010880
75f014a16a02,bdh_cq,propagate,12500,1,interp,"{""dim"": 1, ""distance"": 1, ""length"": 12, ""n_sources"": 1}",3,True,False,0,0.04790419161676646,0.007333801625099334,0.038922155688622756,0.05688622754491018,"[0.04790419161676647, 0.05688622754491018, 0.038922155688622756]",0.038922155688622756,0.05688622754491018,0.04790419161676646,0.8353293394733093,10010880
75f014a16a02,bdh_cq,propagate,12500,1,interp,"{""dim"": 1, ""distance"": 2, ""length"": 12, ""n_sources"": 1}",3,True,False,0,0.05405405405405406,0.006487227926334192,0.04804804804804805,0.06306306306306306,"[0.06306306306306306, 0.05105105105105105, 0.04804804804804805]",0.04804804804804805,0.06306306306306306,0.05405405405405406,0.8430930880812911,10010880
75f014a16a02,bdh_cq,propagate,12500,1,interp,"{""dim"": 1, ""distance"": 4, ""length"": 12, ""n_sources"": 1}",3,True,False,0,0.04404404404404405,0.026446135763008825,0.021021021021021023,0.08108108108108109,"[0.08108108108108109, 0.03003003003003003, 0.021021021021021023]",0.021021021021021023,0.08108108108108109,0.04404404404404405,0.8461795116926695,10010880
75f014a16a02,bdh_cq,propagate,15000,1,interp,"{""dim"": 1, ""distance"": 1, ""length"": 12, ""n_sources"": 1}",3,True,False,0,0.09580838323353295,0.031210570401420938,0.06287425149700598,0.1377245508982036,"[0.06287425149700598, 0.08682634730538923, 0.1377245508982036]",0.06287425149700598,0.1377245508982036,0.09580838323353295,0.8530439130679338,10010880
75f014a16a02,bdh_cq,propagate,15000,1,interp,"{""dim"": 1, ""distance"": 2, ""length"": 12, ""n_sources"": 1}",3,True,False,0,0.1111111111111111,0.02137553203609872,0.08108108108108109,0.12912912912912913,"[0.12912912912912913, 0.12312312312312312, 0.08108108108108109]",0.08108108108108109,0.12912912912912913,0.1111111111111111,0.8726226239949018,10010880
75f014a16a02,bdh_cq,propagate,15000,1,interp,"{""dim"": 1, ""distance"": 4, ""length"": 12, ""n_sources"": 1}",3,True,False,0,0.10810810810810811,0.0723634417294407,0.021021021021021023,0.1981981981981982,"[0.1981981981981982, 0.10510510510510511, 0.021021021021021023]",0.021021021021021023,0.1981981981981982,0.10810810810810811,0.8857190572583044,10010880
75f014a16a02,bdh_cq,propagate,17500,1,interp,"{""dim"": 1, ""distance"": 1, ""length"": 12, ""n_sources"": 1}",3,True,False,0,0.3732534930139721,0.10856705591594742,0.2275449101796407,0.4880239520958084,"[0.4880239520958084, 0.2275449101796407, 0.4041916167664671]",0.2275449101796407,0.48802395209580834,0.3732534930139721,0.9314703991908037,10010880
75f014a16a02,bdh_cq,propagate,17500,1,interp,"{""dim"": 1, ""distance"": 2, ""length"": 12, ""n_sources"": 1}",3,True,False,0,0.3763763763763764,0.15573851391016025,0.1831831831831832,0.5645645645645646,"[0.5645645645645646, 0.1831831831831832, 0.3813813813813814]",0.1831831831831832,0.5645645645645646,0.3763763763763764,0.9325158556660375,10010880
75f014a16a02,bdh_cq,propagate,17500,1,interp,"{""dim"": 1, ""distance"": 4, ""length"": 12, ""n_sources"": 1}",3,True,False,0,0.30030030030030025,0.18658937905775327,0.09009009009009009,0.5435435435435435,"[0.5435435435435435, 0.09009009009009009, 0.2672672672672673]",0.0900900900900901,0.5435435435435435,0.30030030030030025,0.9246746817747274,10010880
75f014a16a02,bdh_cq,propagate,20000,1,interp,"{""dim"": 1, ""distance"": 1, ""length"": 12, ""n_sources"": 1}",3,True,False,0,0.6846307385229541,0.293599815717645,0.27245508982035926,0.9341317365269461,"[0.9341317365269461, 0.27245508982035926, 0.8473053892215568]",0.27245508982035926,0.9341317365269463,0.6846307385229541,0.9669827050315644,10010880
75f014a16a02,bdh_cq,propagate,20000,1,interp,"{""dim"": 1, ""distance"": 2, ""length"": 12, ""n_sources"": 1}",3,True,False,0,0.6896896896896897,0.2903696691719113,0.27927927927927926,0.9069069069069069,"[0.9069069069069069, 0.27927927927927926, 0.8828828828828829]",0.27927927927927926,0.9069069069069068,0.6896896896896897,0.9693026401855805,10010880
75f014a16a02,bdh_cq,propagate,20000,1,interp,"{""dim"": 1, ""distance"": 4, ""length"": 12, ""n_sources"": 1}",3,True,False,0,0.6496496496496497,0.35642102190213565,0.15015015015015015,0.9579579579579579,"[0.9579579579579579, 0.15015015015015015, 0.8408408408408409]",0.15015015015015015,0.9579579579579579,0.6496496496496497,0.9675508901044294,10010880
75f014a16a02,bdh_cq,propagate,22500,1,interp,"{""dim"": 1, ""distance"": 1, ""length"": 12, ""n_sources"": 1}",3,True,False,0,0.7654690618762475,0.2437541752336417,0.4221556886227545,0.9640718562874252,"[0.9640718562874252, 0.4221556886227545, 0.9101796407185628]",0.4221556886227545,0.9640718562874252,0.7654690618762475,0.9762142411249126,10010880
75f014a16a02,bdh_cq,propagate,22500,1,interp,"{""dim"": 1, ""distance"": 2, ""length"": 12, ""n_sources"": 1}",3,True,False,0,0.8018018018018017,0.22529862000661613,0.48348348348348347,0.972972972972973,"[0.972972972972973, 0.48348348348348347, 0.948948948948949]",0.4834834834834834,0.9729729729729731,0.8018018018018017,0.9813980677941659,10010880
75f014a16a02,bdh_cq,propagate,22500,1,interp,"{""dim"": 1, ""distance"": 4, ""length"": 12, ""n_sources"": 1}",3,True,False,0,0.7407407407407408,0.3119110124231943,0.3003003003003003,0.9819819819819819,"[0.9819819819819819, 0.3003003003003003, 0.93993993993994]",0.3003003003003003,0.9819819819819818,0.7407407407407408,0.9772272318810433,10010880
75f014a16a02,bdh_cq,propagate,25000,1,interp,"{""dim"": 1, ""distance"": 1, ""length"": 12, ""n_sources"": 1}",3,True,False,0,0.9301397205588823,0.05222145889002449,0.8562874251497006,0.9670658682634731,"[0.9670658682634731, 0.8562874251497006, 0.9670658682634731]",0.8562874251497007,0.9670658682634731,0.9301397205588823,0.9938456432786055,10010880
75f014a16a02,bdh_cq,propagate,25000,1,interp,"{""dim"": 1, ""distance"": 2, ""length"": 12, ""n_sources"": 1}",3,True,False,0,0.9359359359359359,0.05038924103564849,0.8648648648648649,0.975975975975976,"[0.975975975975976, 0.8648648648648649, 0.9669669669669669]",0.8648648648648649,0.975975975975976,0.9359359359359359,0.9946613292674998,10010880
75f014a16a02,bdh_cq,propagate,25000,1,interp,"{""dim"": 1, ""distance"": 4, ""length"": 12, ""n_sources"": 1}",3,True,False,0,0.94994994994995,0.041126403571920184,0.8918918918918919,0.9819819819819819,"[0.9819819819819819, 0.8918918918918919, 0.975975975975976]",0.8918918918918918,0.9819819819819818,0.94994994994995,0.9957457467003747,10010880
75f014a16a02,bdh_cq,propagate,27500,1,interp,"{""dim"": 1, ""distance"": 1, ""length"": 12, ""n_sources"": 1}",3,True,False,0,0.9720558882235529,0.018988320948543348,0.9461077844311377,0.9910179640718563,"[0.9910179640718563, 0.9461077844311377, 0.9790419161676647]",0.9461077844311377,0.9910179640718563,0.9720558882235529,0.9975881575348372,10010880
75f014a16a02,bdh_cq,propagate,27500,1,interp,"{""dim"": 1, ""distance"": 2, ""length"": 12, ""n_sources"": 1}",3,True,False,0,0.9719719719719718,0.008610936203245864,0.960960960960961,0.9819819819819819,"[0.972972972972973, 0.960960960960961, 0.9819819819819819]",0.960960960960961,0.9819819819819818,0.9719719719719718,0.9975809147646716,10010880
75f014a16a02,bdh_cq,propagate,27500,1,interp,"{""dim"": 1, ""distance"": 4, ""length"": 12, ""n_sources"": 1}",3,True,False,0,0.985985985985986,0.01020824727446004,0.975975975975976,1.0,"[1.0, 0.975975975975976, 0.9819819819819819]",0.975975975975976,1.0,0.985985985985986,0.9988321657772655,10010880
75f014a16a02,bdh_cq,propagate,30000,1,interp,"{""dim"": 1, ""distance"": 1, ""length"": 12, ""n_sources"": 1}",3,True,False,0,0.9790419161676648,0.017628265202251192,0.9550898203592815,0.9970059880239521,"[0.9970059880239521, 0.9550898203592815, 0.9850299401197605]",0.9550898203592815,0.9970059880239521,0.9790419161676648,0.9982534934303717,10010880
75f014a16a02,bdh_cq,propagate,30000,1,interp,"{""dim"": 1, ""distance"": 2, ""length"": 12, ""n_sources"": 1}",3,True,False,0,0.98998998998999,0.002831258383129308,0.987987987987988,0.993993993993994,"[0.993993993993994, 0.987987987987988, 0.987987987987988]",0.9879879879879881,0.993993993993994,0.98998998998999,0.9990824159081871,10010880
75f014a16a02,bdh_cq,propagate,30000,1,interp,"{""dim"": 1, ""distance"": 4, ""length"": 12, ""n_sources"": 1}",3,True,False,0,0.9929929929929929,0.005104123637230002,0.987987987987988,1.0,"[1.0, 0.987987987987988, 0.990990990990991]",0.9879879879879881,1.0,0.9929929929929929,0.9994160828886328,10010880
75f014a16a02,bdh_cq,propagate,32500,1,interp,"{""dim"": 1, ""distance"": 1, ""length"": 12, ""n_sources"": 1}",3,True,False,0,0.9860279441117763,0.005645563123245881,0.9820359281437125,0.9940119760479041,"[0.9940119760479041, 0.9820359281437125, 0.9820359281437125]",0.9820359281437124,0.9940119760479041,0.9860279441117763,0.9988356622869144,10010880
75f014a16a02,bdh_cq,propagate,32500,1,interp,"{""dim"": 1, ""distance"": 2, ""length"": 12, ""n_sources"": 1}",3,True,False,0,0.995995995995996,0.0014156291915646277,0.993993993993994,0.996996996996997,"[0.996996996996997, 0.996996996996997, 0.993993993993994]",0.993993993993994,0.9969969969969968,0.995995995995996,0.9996663330792188,10010880
75f014a16a02,bdh_cq,propagate,32500,1,interp,"{""dim"": 1, ""distance"": 4, ""length"": 12, ""n_sources"": 1}",3,True,False,0,0.994994994994995,0.005104123637229987,0.987987987987988,1.0,"[1.0, 0.996996996996997, 0.987987987987988]",0.9879879879879881,1.0,0.994994994994995,0.9995829163490235,10010880
75f014a16a02,bdh_cq,propagate,35000,1,interp,"{""dim"": 1, ""distance"": 1, ""length"": 12, ""n_sources"": 1}",3,True,False,0,0.9890219560878243,0.013463809943345364,0.9700598802395209,1.0,"[1.0, 0.9700598802395209, 0.9970059880239521]",0.9700598802395209,1.0,0.9890219560878243,0.9990851632254328,10010880
75f014a16a02,bdh_cq,propagate,35000,1,interp,"{""dim"": 1, ""distance"": 2, ""length"": 12, ""n_sources"": 1}",3,True,False,0,0.9969969969969968,0.002451941684467636,0.993993993993994,1.0,"[1.0, 0.993993993993994, 0.996996996996997]",0.993993993993994,1.0,0.9969969969969968,0.9997497498094141,10010880
75f014a16a02,bdh_cq,propagate,35000,1,interp,"{""dim"": 1, ""distance"": 4, ""length"": 12, ""n_sources"": 1}",3,True,False,0,0.9969969969969968,0.002451941684467636,0.993993993993994,1.0,"[1.0, 0.993993993993994, 0.996996996996997]",0.993993993993994,1.0,0.9969969969969968,0.9997497498094141,10010880
75f014a16a02,bdh_cq,propagate,37500,1,interp,"{""dim"": 1, ""distance"": 1, ""length"": 12, ""n_sources"": 1}",3,True,False,0,0.9930139720558883,0.007858291291428973,0.9820359281437125,1.0,"[1.0, 0.9820359281437125, 0.9970059880239521]",0.9820359281437124,1.0,0.9930139720558883,0.9994178311434573,10010880
75f014a16a02,bdh_cq,propagate,37500,1,interp,"{""dim"": 1, ""distance"": 2, ""length"": 12, ""n_sources"": 1}",3,True,False,0,0.9979979979979979,0.0014156291915646802,0.996996996996997,1.0,"[1.0, 0.996996996996997, 0.996996996996997]",0.9969969969969968,1.0,0.9979979979979979,0.9998331665396094,10010880
75f014a16a02,bdh_cq,propagate,37500,1,interp,"{""dim"": 1, ""distance"": 4, ""length"": 12, ""n_sources"": 1}",3,True,False,0,0.998998998998999,0.0014156291915646802,0.996996996996997,1.0,"[1.0, 0.996996996996997, 1.0]",0.9969969969969968,1.0,0.998998998998999,0.9999165832698047,10010880
75f014a16a02,bdh_cq,propagate,40000,1,interp,"{""dim"": 1, ""distance"": 1, ""length"": 12, ""n_sources"": 1}",3,True,False,0,0.9940119760479043,0.008468344684868847,0.9820359281437125,1.0,"[1.0, 0.9820359281437125, 1.0]",0.9820359281437124,1.0,0.9940119760479043,0.9995009981229633,10010880
75f014a16a02,bdh_cq,propagate,40000,1,interp,"{""dim"": 1, ""distance"": 2, ""length"": 12, ""n_sources"": 1}",3,True,False,0,0.9979979979979979,0.0014156291915646802,0.996996996996997,1.0,"[1.0, 0.996996996996997, 0.996996996996997]",0.9969969969969968,1.0,0.9979979979979979,0.9998331665396094,10010880
75f014a16a02,bdh_cq,propagate,40000,1,interp,"{""dim"": 1, ""distance"": 4, ""length"": 12, ""n_sources"": 1}",3,True,False,0,1.0,0.0,1.0,1.0,"[1.0, 1.0, 1.0]",1.0,1.0,1.0,1.0,10010880
f0b8b7c55f92,bdh_cq,propagate,2500,1,interp,"{""dim"": 1, ""distance"": 1, ""length"": 12, ""n_sources"": 1}",3,True,False,0,0.0,0.0,0.0,0.0,"[0.0, 0.0, 0.0]",0.0,0.0,0.0,0.7953260038308279,10010880
f0b8b7c55f92,bdh_cq,propagate,2500,1,interp,"{""dim"": 1, ""distance"": 2, ""length"": 12, ""n_sources"": 1}",3,True,False,0,0.0,0.0,0.0,0.0,"[0.0, 0.0, 0.0]",0.0,0.0,0.0,0.7904571138464056,10010880
f0b8b7c55f92,bdh_cq,propagate,2500,1,interp,"{""dim"": 1, ""distance"": 4, ""length"": 12, ""n_sources"": 1}",3,True,False,0,0.0,0.0,0.0,0.0,"[0.0, 0.0, 0.0]",0.0,0.0,0.0,0.7859526083872721,10010880
f0b8b7c55f92,bdh_cq,propagate,5000,1,interp,"{""dim"": 1, ""distance"": 1, ""length"": 12, ""n_sources"": 1}",3,True,False,0,0.0,0.0,0.0,0.0,"[0.0, 0.0, 0.0]",0.0,0.0,0.0,0.7960745048915555,10010880
f0b8b7c55f92,bdh_cq,propagate,5000,1,interp,"{""dim"": 1, ""distance"": 2, ""length"": 12, ""n_sources"": 1}",3,True,False,0,0.0,0.0,0.0,0.0,"[0.0, 0.0, 0.0]",0.0,0.0,0.0,0.7977143688662514,10010880
f0b8b7c55f92,bdh_cq,propagate,5000,1,interp,"{""dim"": 1, ""distance"": 4, ""length"": 12, ""n_sources"": 1}",3,True,False,0,0.0,0.0,0.0,0.0,"[0.0, 0.0, 0.0]",0.0,0.0,0.0,0.799883203403847,10010880
f0b8b7c55f92,bdh_cq,propagate,7500,1,interp,"{""dim"": 1, ""distance"": 1, ""length"": 12, ""n_sources"": 1}",3,True,False,0,0.016966067864271458,0.011291126246491779,0.008982035928143712,0.03293413173652695,"[0.03293413173652695, 0.008982035928143712, 0.008982035928143712]",0.008982035928143712,0.03293413173652695,0.016966067864271458,0.8171989274417569,10010880
f0b8b7c55f92,bdh_cq,propagate,7500,1,interp,"{""dim"": 1, ""distance"": 2, ""length"": 12, ""n_sources"": 1}",3,True,False,0,0.008008008008008008,0.0037454027895635045,0.003003003003003003,0.012012012012012012,"[0.009009009009009009, 0.012012012012012012, 0.003003003003003003]",0.003003003003003003,0.012012012012012012,0.008008008008008008,0.8190690608652265,10010880
f0b8b7c55f92,bdh_cq,propagate,7500,1,interp,"{""dim"": 1, ""distance"": 4, ""length"": 12, ""n_sources"": 1}",3,True,False,0,0.004004004004004004,0.0014156291915646596,0.003003003003003003,0.006006006006006006,"[0.006006006006006006, 0.003003003003003003, 0.003003003003003003]",0.003003003003003003,0.006006006006006006,0.004004004004004004,0.8046379632599003,10010880
f0b8b7c55f92,bdh_cq,propagate,10000,1,interp,"{""dim"": 1, ""distance"": 1, ""length"": 12, ""n_sources"": 1}",3,True,False,0,0.05788423153692615,0.0425060667446045,0.017964071856287425,0.11676646706586827,"[0.11676646706586827, 0.038922155688622756, 0.017964071856287425]",0.017964071856287425,0.11676646706586828,0.05788423153692615,0.855372586441849,10010880
f0b8b7c55f92,bdh_cq,propagate,10000,1,interp,"{""dim"": 1, ""distance"": 2, ""length"": 12, ""n_sources"": 1}",3,True,False,0,0.049049049049049054,0.042208545830446476,0.012012012012012012,0.10810810810810811,"[0.10810810810810811, 0.02702702702702703, 0.012012012012012012]",0.012012012012012012,0.10810810810810811,0.049049049049049054,0.855271934567987,10010880
f0b8b7c55f92,bdh_cq,propagate,10000,1,interp,"{""dim"": 1, ""distance"": 4, ""length"": 12, ""n_sources"": 1}",3,True,False,0,0.016016016016016012,0.01209514111470928,0.006006006006006006,0.03303303303303303,"[0.03303303303303303, 0.006006006006006006, 0.009009009009009009]",0.006006006006006006,0.03303303303303303,0.016016016016016012,0.8279946569923883,10010880
f0b8b7c55f92,bdh_cq,propagate,12500,1,interp,"{""dim"": 1, ""distance"": 1, ""length"": 12, ""n_sources"": 1}",3,True,False,0,0.12574850299401197,0.019403415264694197,0.10778443113772455,0.15269461077844312,"[0.15269461077844312, 0.10778443113772455, 0.11676646706586827]",0.10778443113772455,0.15269461077844312,0.12574850299401197,0.8764138420720301,10010880
f0b8b7c55f92,bdh_cq,propagate,12500,1,interp,"{""dim"": 1, ""distance"": 2, ""length"": 12, ""n_sources"": 1}",3,True,False,0,0.12612612612612614,0.014711650106805873,0.10810810810810811,0.14414414414414414,"[0.14414414414414414, 0.12612612612612611, 0.10810810810810811]",0.10810810810810811,0.14414414414414414,0.12612612612612614,0.883383386187606,10010880
f0b8b7c55f92,bdh_cq,propagate,12500,1,interp,"{""dim"": 1, ""distance"": 4, ""length"": 12, ""n_sources"": 1}",3,True,False,0,0.05205205205205205,0.009909404340952615,0.03903903903903904,0.06306306306306306,"[0.03903903903903904, 0.05405405405405406, 0.06306306306306306]",0.03903903903903904,0.06306306306306306,0.05205205205205205,0.8635301988821728,10010880
f0b8b7c55f92,bdh_cq,propagate,15000,1,interp,"{""dim"": 1, ""distance"": 1, ""length"": 12, ""n_sources"": 1}",3,True,False,0,0.5269461077844312,0.08742651681866578,0.41317365269461076,0.625748502994012,"[0.625748502994012, 0.5419161676646707, 0.41317365269461076]",0.41317365269461076,0.625748502994012,0.5269461077844312,0.9486027995864313,10010880
f0b8b7c55f92,bdh_cq,propagate,15000,1,interp,"{""dim"": 1, ""distance"": 2, ""length"": 12, ""n_sources"": 1}",3,True,False,0,0.5185185185185185,0.10938884711810333,0.4144144144144144,0.6696696696696697,"[0.6696696696696697, 0.47147147147147145, 0.4144144144144144]",0.4144144144144144,0.6696696696696697,0.5185185185185185,0.9490323707506105,10010880
f0b8b7c55f92,bdh_cq,propagate,15000,1,interp,"{""dim"": 1, ""distance"": 4, ""length"": 12, ""n_sources"": 1}",3,True,False,0,0.5045045045045045,0.19211397307202926,0.30930930930930933,0.7657657657657657,"[0.7657657657657657, 0.43843843843843844, 0.30930930930930933]",0.30930930930930933,0.7657657657657658,0.5045045045045045,0.9493660389243423,10010880
f0b8b7c55f92,bdh_cq,propagate,17500,1,interp,"{""dim"": 1, ""distance"": 1, ""length"": 12, ""n_sources"": 1}",3,True,False,0,0.9001996007984032,0.0162769525252496,0.8772455089820359,0.9131736526946108,"[0.9131736526946108, 0.9101796407185628, 0.8772455089820359]",0.8772455089820359,0.9131736526946108,0.9001996007984032,0.9908516316594715,10010880
f0b8b7c55f92,bdh_cq,propagate,17500,1,interp,"{""dim"": 1, ""distance"": 2, ""length"": 12, ""n_sources"": 1}",3,True,False,0,0.8998998998998999,0.02575511577631354,0.8678678678678678,0.9309309309309309,"[0.9009009009009009, 0.9309309309309309, 0.8678678678678678]",0.8678678678678678,0.9309309309309309,0.8998998998998999,0.9908241590818725,10010880
f0b8b7c55f92,bdh_cq,propagate,17500,1,interp,"{""dim"": 1, ""distance"": 4, ""length"": 12, ""n_sources"": 1}",3,True,False,0,0.9219219219219218,0.044609169079393794,0.8588588588588588,0.954954954954955,"[0.954954954954955, 0.9519519519519519, 0.8588588588588588]",0.8588588588588588,0.954954954954955,0.9219219219219218,0.9934100782549059,10010880
f0b8b7c55f92,bdh_cq,propagate,20000,1,interp,"{""dim"": 1, ""distance"": 1, ""length"": 12, ""n_sources"": 1}",3,True,False,0,0.9510978043912176,0.0074683780175128275,0.9431137724550899,0.9610778443113772,"[0.9431137724550899, 0.9610778443113772, 0.9491017964071856]",0.9431137724550899,0.9610778443113772,0.9510978043912176,0.9956753168872255,10010880
f0b8b7c55f92,bdh_cq,propagate,20000,1,interp,"{""dim"": 1, ""distance"": 2, ""length"": 12, ""n_sources"": 1}",3,True,False,0,0.96996996996997,0.008840601467795682,0.9579579579579579,0.978978978978979,"[0.972972972972973, 0.978978978978979, 0.9579579579579579]",0.9579579579579579,0.978978978978979,0.96996996996997,0.9974974980941406,10010880
f0b8b7c55f92,bdh_cq,propagate,20000,1,interp,"{""dim"": 1, ""distance"": 4, ""length"": 12, ""n_sources"": 1}",3,True,False,0,0.985985985985986,0.005104123637230002,0.978978978978979,0.990990990990991,"[0.987987987987988, 0.990990990990991, 0.978978978978979]",0.978978978978979,0.990990990990991,0.985985985985986,0.998748748987406,10010880
f0b8b7c55f92,bdh_cq,propagate,22500,1,interp,"{""dim"": 1, ""distance"": 1, ""length"": 12, ""n_sources"": 1}",3,True,False,0,0.9770459081836327,0.0014113907808114572,0.9760479041916168,0.9790419161676647,"[0.9760479041916168, 0.9790419161676647, 0.9760479041916168]",0.9760479041916167,0.9790419161676646,0.9770459081836327,0.9980871594713595,10010880
f0b8b7c55f92,bdh_cq,propagate,22500,1,interp,"{""dim"": 1, ""distance"": 2, ""length"": 12, ""n_sources"": 1}",3,True,False,0,0.98998998998999,0.005662516766258668,0.9819819819819819,0.993993993993994,"[0.993993993993994, 0.993993993993994, 0.9819819819819819]",0.9819819819819818,0.993993993993994,0.98998998998999,0.9991658326980469,10010880
f0b8b7c55f92,bdh_cq,propagate,22500,1,interp,"{""dim"": 1, ""distance"": 4, ""length"": 12, ""n_sources"": 1}",3,True,False,0,0.9929929929929929,0.0014156291915646802,0.990990990990991,0.993993993993994,"[0.990990990990991, 0.993993993993994, 0.993993993993994]",0.990990990990991,0.993993993993994,0.9929929929929929,0.9994160828886328,10010880
f0b8b7c55f92,bdh_cq,propagate,25000,1,interp,"{""dim"": 1, ""distance"": 1, ""length"": 12, ""n_sources"": 1}",3,True,False,0,0.9820359281437124,0.0024446005416997978,0.9790419161676647,0.9850299401197605,"[0.9850299401197605, 0.9790419161676647, 0.9820359281437125]",0.9790419161676646,0.9850299401197605,0.9820359281437124,0.9984198273298984,10010880
f0b8b7c55f92,bdh_cq,propagate,25000,1,interp,"{""dim"": 1, ""distance"": 2, ""length"": 12, ""n_sources"": 1}",3,True,False,0,0.984984984984985,0.002451941684467681,0.9819819819819819,0.987987987987988,"[0.987987987987988, 0.9819819819819819, 0.984984984984985]",0.9819819819819818,0.9879879879879881,0.984984984984985,0.9986653322572107,10010880
f0b8b7c55f92,bdh_cq,propagate,25000,1,interp,"{""dim"": 1, ""distance"": 4, ""length"": 12, ""n_sources"": 1}",3,True,False,0,0.993993993993994,0.004246887574693936,0.987987987987988,0.996996996996997,"[0.996996996996997, 0.987987987987988, 0.996996996996997]",0.9879879879879881,0.9969969969969968,0.993993993993994,0.9994994996188282,10010880
f0b8b7c55f92,bdh_cq,propagate,27500,1,interp,"{""dim"": 1, ""distance"": 1, ""length"": 12, ""n_sources"": 1}",3,True,False,0,0.9880239520958084,0.004234172342434371,0.9850299401197605,0.9940119760479041,"[0.9850299401197605, 0.9850299401197605, 0.9940119760479041]",0.9850299401197605,0.9940119760479041,0.9880239520958084,0.9990019962459268,10010880
f0b8b7c55f92,bdh_cq,propagate,27500,1,interp,"{""dim"": 1, ""distance"": 2, ""length"": 12, ""n_sources"": 1}",3,True,False,0,0.994994994994995,0.0037454027895635097,0.990990990990991,1.0,"[0.993993993993994, 1.0, 0.990990990990991]",0.990990990990991,1.0,0.994994994994995,0.9994994995591638,10010880
f0b8b7c55f92,bdh_cq,propagate,27500,1,interp,"{""dim"": 1, ""distance"": 4, ""length"": 12, ""n_sources"": 1}",3,True,False,0,0.998998998998999,0.0014156291915646802,0.996996996996997,1.0,"[1.0, 0.996996996996997, 1.0]",0.9969969969969968,1.0,0.998998998998999,0.9999165832698047,10010880
f0b8b7c55f92,bdh_cq,propagate,30000,1,interp,"{""dim"": 1, ""distance"": 1, ""length"": 12, ""n_sources"": 1}",3,True,False,0,0.9900199600798403,0.006152109783402197,0.9820359281437125,0.9970059880239521,"[0.9820359281437125, 0.9910179640718563, 0.9970059880239521]",0.9820359281437124,0.9970059880239521,0.9900199600798403,0.9990851631659471,10010880
f0b8b7c55f92,bdh_cq,propagate,30000,1,interp,"{""dim"": 1, ""distance"": 2, ""length"": 12, ""n_sources"": 1}",3,True,False,0,0.995995995995996,0.0014156291915646277,0.993993993993994,0.996996996996997,"[0.996996996996997, 0.996996996996997, 0.993993993993994]",0.993993993993994,0.9969969969969968,0.995995995995996,0.9995829162893591,10010880
f0b8b7c55f92,bdh_cq,propagate,30000,1,interp,"{""dim"": 1, ""distance"": 4, ""length"": 12, ""n_sources"": 1}",3,True,False,0,1.0,0.0,1.0,1.0,"[1.0, 1.0, 1.0]",1.0,1.0,1.0,1.0,10010880
f0b8b7c55f92,bdh_cq,propagate,32500,1,interp,"{""dim"": 1, ""distance"": 1, ""length"": 12, ""n_sources"": 1}",3,True,False,0,0.9940119760479043,0.0024446005416997978,0.9910179640718563,0.9970059880239521,"[0.9910179640718563, 0.9970059880239521, 0.9940119760479041]",0.9910179640718563,0.9970059880239521,0.9940119760479043,0.9994178310839715,10010880
f0b8b7c55f92,bdh_cq,propagate,32500,1,interp,"{""dim"": 1, ""distance"": 2, ""length"": 12, ""n_sources"": 1}",3,True,False,0,0.9969969969969971,0.004246887574693988,0.990990990990991,1.0,"[1.0, 1.0, 0.990990990990991]",0.990990990990991,1.0,0.9969969969969971,0.9997497498094141,10010880
f0b8b7c55f92,bdh_cq,propagate,32500,1,interp,"{""dim"": 1, ""distance"": 4, ""length"": 12, ""n_sources"": 1}",3,True,False,0,1.0,0.0,1.0,1.0,"[1.0, 1.0, 1.0]",1.0,1.0,1.0,1.0,10010880
f0b8b7c55f92,bdh_cq,propagate,35000,1,interp,"{""dim"": 1, ""distance"": 1, ""length"": 12, ""n_sources"": 1}",3,True,False,0,0.9980039920159681,0.0014113907808114572,0.9970059880239521,1.0,"[0.9970059880239521, 0.9970059880239521, 1.0]",0.9970059880239521,1.0,0.9980039920159681,0.9998336660409878,10010880
f0b8b7c55f92,bdh_cq,propagate,35000,1,interp,"{""dim"": 1, ""distance"": 2, ""length"": 12, ""n_sources"": 1}",3,True,False,0,0.9969969969969971,0.004246887574693988,0.990990990990991,1.0,"[1.0, 1.0, 0.990990990990991]",0.990990990990991,1.0,0.9969969969969971,0.9997497498094141,10010880
f0b8b7c55f92,bdh_cq,propagate,35000,1,interp,"{""dim"": 1, ""distance"": 4, ""length"": 12, ""n_sources"": 1}",3,True,False,0,1.0,0.0,1.0,1.0,"[1.0, 1.0, 1.0]",1.0,1.0,1.0,1.0,10010880
f0b8b7c55f92,bdh_cq,propagate,37500,1,interp,"{""dim"": 1, ""distance"": 1, ""length"": 12, ""n_sources"": 1}",3,True,False,0,0.9980039920159681,0.0014113907808114572,0.9970059880239521,1.0,"[0.9970059880239521, 0.9970059880239521, 1.0]",0.9970059880239521,1.0,0.9980039920159681,0.9998336660409878,10010880
f0b8b7c55f92,bdh_cq,propagate,37500,1,interp,"{""dim"": 1, ""distance"": 2, ""length"": 12, ""n_sources"": 1}",3,True,False,0,0.9969969969969971,0.004246887574693988,0.990990990990991,1.0,"[1.0, 1.0, 0.990990990990991]",0.990990990990991,1.0,0.9969969969969971,0.9997497498094141,10010880
f0b8b7c55f92,bdh_cq,propagate,37500,1,interp,"{""dim"": 1, ""distance"": 4, ""length"": 12, ""n_sources"": 1}",3,True,False,0,1.0,0.0,1.0,1.0,"[1.0, 1.0, 1.0]",1.0,1.0,1.0,1.0,10010880
f0b8b7c55f92,bdh_cq,propagate,40000,1,interp,"{""dim"": 1, ""distance"": 1, ""length"": 12, ""n_sources"": 1}",3,True,False,0,0.9980039920159681,0.0014113907808114572,0.9970059880239521,1.0,"[0.9970059880239521, 0.9970059880239521, 1.0]",0.9970059880239521,1.0,0.9980039920159681,0.9998336660409878,10010880
f0b8b7c55f92,bdh_cq,propagate,40000,1,interp,"{""dim"": 1, ""distance"": 2, ""length"": 12, ""n_sources"": 1}",3,True,False,0,0.9969969969969971,0.004246887574693988,0.990990990990991,1.0,"[1.0, 1.0, 0.990990990990991]",0.990990990990991,1.0,0.9969969969969971,0.9997497498094141,10010880
f0b8b7c55f92,bdh_cq,propagate,40000,1,interp,"{""dim"": 1, ""distance"": 4, ""length"": 12, ""n_sources"": 1}",3,True,False,0,1.0,0.0,1.0,1.0,"[1.0, 1.0, 1.0]",1.0,1.0,1.0,1.0,10010880
75f014a16a02,bdh_cq,propagate,40000,2,interp,"{""dim"": 1, ""distance"": 1, ""length"": 12, ""n_sources"": 1}",3,True,False,0,0.9950099800399202,0.005088841829932916,0.9880239520958084,1.0,"[1.0, 0.9880239520958084, 0.9970059880239521]",0.9880239520958084,1.0,0.9950099800399202,0.9995841651024695,10010880
75f014a16a02,bdh_cq,propagate,40000,2,interp,"{""dim"": 1, ""distance"": 2, ""length"": 12, ""n_sources"": 1}",3,True,False,0,0.994994994994995,0.005104123637229987,0.987987987987988,1.0,"[1.0, 0.987987987987988, 0.996996996996997]",0.9879879879879881,1.0,0.994994994994995,0.9995829163490235,10010880
75f014a16a02,bdh_cq,propagate,40000,2,interp,"{""dim"": 1, ""distance"": 4, ""length"": 12, ""n_sources"": 1}",3,True,False,0,0.998998998998999,0.0014156291915646802,0.996996996996997,1.0,"[1.0, 0.996996996996997, 1.0]",0.9969969969969968,1.0,0.998998998998999,0.9999165832698047,10010880
f0b8b7c55f92,bdh_cq,propagate,40000,2,interp,"{""dim"": 1, ""distance"": 1, ""length"": 12, ""n_sources"": 1}",3,True,False,0,0.999001996007984,0.0014113907808114572,0.9970059880239521,1.0,"[1.0, 0.9970059880239521, 1.0]",0.9970059880239521,1.0,0.999001996007984,0.9999168330204938,10010880
f0b8b7c55f92,bdh_cq,propagate,40000,2,interp,"{""dim"": 1, ""distance"": 2, ""length"": 12, ""n_sources"": 1}",3,True,False,0,0.9869869869869871,0.010208247274459988,0.972972972972973,0.996996996996997,"[0.996996996996997, 0.972972972972973, 0.990990990990991]",0.9729729729729731,0.9969969969969968,0.9869869869869871,0.998915582507461,10010880
f0b8b7c55f92,bdh_cq,propagate,40000,2,interp,"{""dim"": 1, ""distance"": 4, ""length"": 12, ""n_sources"": 1}",3,True,False,0,1.0,0.0,1.0,1.0,"[1.0, 1.0, 1.0]",1.0,1.0,1.0,1.0,10010880
75f014a16a02,bdh_cq,propagate,2500,4,interp,"{""dim"": 1, ""distance"": 1, ""length"": 12, ""n_sources"": 1}",3,True,False,0,0.0,0.0,0.0,0.0,"[0.0, 0.0, 0.0]",0.0,0.0,0.0,0.7975715122774928,10010880
75f014a16a02,bdh_cq,propagate,2500,4,interp,"{""dim"": 1, ""distance"": 2, ""length"": 12, ""n_sources"": 1}",3,True,False,0,0.0,0.0,0.0,0.0,"[0.0, 0.0, 0.0]",0.0,0.0,0.0,0.7893726961152093,10010880
75f014a16a02,bdh_cq,propagate,2500,4,interp,"{""dim"": 1, ""distance"": 4, ""length"": 12, ""n_sources"": 1}",3,True,False,0,0.0,0.0,0.0,0.0,"[0.0, 0.0, 0.0]",0.0,0.0,0.0,0.7821988541562038,10010880
75f014a16a02,bdh_cq,propagate,5000,4,interp,"{""dim"": 1, ""distance"": 1, ""length"": 12, ""n_sources"": 1}",3,True,False,0,0.0,0.0,0.0,0.0,"[0.0, 0.0, 0.0]",0.0,0.0,0.0,0.7951596669495818,10010880
75f014a16a02,bdh_cq,propagate,5000,4,interp,"{""dim"": 1, ""distance"": 2, ""length"": 12, ""n_sources"": 1}",3,True,False,0,0.0,0.0,0.0,0.0,"[0.0, 0.0, 0.0]",0.0,0.0,0.0,0.7922088633309136,10010880
75f014a16a02,bdh_cq,propagate,5000,4,interp,"{""dim"": 1, ""distance"": 4, ""length"": 12, ""n_sources"": 1}",3,True,False,0,0.0,0.0,0.0,0.0,"[0.0, 0.0, 0.0]",0.0,0.0,0.0,0.7923756956875145,10010880
75f014a16a02,bdh_cq,propagate,7500,4,interp,"{""dim"": 1, ""distance"": 1, ""length"": 12, ""n_sources"": 1}",3,True,False,0,0.006986027944111777,0.0037341890087564285,0.0029940119760479044,0.011976047904191617,"[0.005988023952095809, 0.0029940119760479044, 0.011976047904191617]",0.002994011976047905,0.01197604790419162,0.006986027944111777,0.8075515535955656,10010880
75f014a16a02,bdh_cq,propagate,7500,4,interp,"{""dim"": 1, ""distance"": 2, ""length"": 12, ""n_sources"": 1}",3,True,False,0,0.008008008008008008,0.002831258383129319,0.006006006006006006,0.012012012012012012,"[0.012012012012012012, 0.006006006006006006, 0.006006006006006006]",0.006006006006006006,0.012012012012012012,0.008008008008008008,0.8147313880610155,10010880
75f014a16a02,bdh_cq,propagate,7500,4,interp,"{""dim"": 1, ""distance"": 4, ""length"": 12, ""n_sources"": 1}",3,True,False,0,0.005005005005005005,0.0014156291915646596,0.003003003003003003,0.006006006006006006,"[0.006006006006006006, 0.006006006006006006, 0.003003003003003003]",0.003003003003003003,0.006006006006006006,0.005005005005005005,0.7934601182515199,10010880
75f014a16a02,bdh_cq,propagate,10000,4,interp,"{""dim"": 1, ""distance"": 1, ""length"": 12, ""n_sources"": 1}",3,True,False,0,0.013972055888223553,0.0014113907808114717,0.011976047904191617,0.014970059880239521,"[0.014970059880239521, 0.011976047904191617, 0.014970059880239521]",0.01197604790419162,0.014970059880239521,0.013972055888223553,0.8316699877351582,10010880
75f014a16a02,bdh_cq,propagate,10000,4,interp,"{""dim"": 1, ""distance"": 2, ""length"": 12, ""n_sources"": 1}",3,True,False,0,0.010010010010010008,0.0014156291915646596,0.009009009009009009,0.012012012012012012,"[0.012012012012012012, 0.009009009009009009, 0.009009009009009009]",0.009009009009009009,0.012012012012012012,0.010010010010010008,0.8295795690189968,10010880
75f014a16a02,bdh_cq,propagate,10000,4,interp,"{""dim"": 1, ""distance"": 4, ""length"": 12, ""n_sources"": 1}",3,True,False,0,0.002002002002002002,0.0014156291915646596,0.0,0.003003003003003003,"[0.003003003003003003, 0.0, 0.003003003003003003]",0.0,0.003003003003003003,0.002002002002002002,0.7803636925654845,10010880
75f014a16a02,bdh_cq,propagate,12500,4,interp,"{""dim"": 1, ""distance"": 1, ""length"": 12, ""n_sources"": 1}",3,True,False,0,0.05389221556886228,0.025522378947194453,0.03293413173652695,0.08982035928143713,"[0.08982035928143713, 0.03293413173652695, 0.038922155688622756]",0.03293413173652695,0.08982035928143713,0.05389221556886228,0.8448935440200532,10010880
75f014a16a02,bdh_cq,propagate,12500,4,interp,"{""dim"": 1, ""distance"": 2, ""length"": 12, ""n_sources"": 1}",3,True,False,0,0.025025025025025027,0.01020824727446003,0.015015015015015015,0.03903903903903904,"[0.03903903903903904, 0.021021021021021023, 0.015015015015015015]",0.015015015015015015,0.03903903903903904,0.025025025025025027,0.840507167058664,10010880
75f014a16a02,bdh_cq,propagate,12500,4,interp,"{""dim"": 1, ""distance"": 4, ""length"": 12, ""n_sources"": 1}",3,True,False,0,0.037037037037037035,0.03801168677887392,0.003003003003003003,0.09009009009009009,"[0.09009009009009009, 0.018018018018018018, 0.003003003003003003]",0.003003003003003003,0.0900900900900901,0.037037037037037035,0.8249916552721679,10010880
75f014a16a02,bdh_cq,propagate,15000,4,interp,"{""dim"": 1, ""distance"": 1, ""length"": 12, ""n_sources"": 1}",3,True,False,0,0.09181636726546906,0.009879735465680302,0.08083832335329341,0.10479041916167664,"[0.08083832335329341, 0.08982035928143713, 0.10479041916167664]",0.08083832335329341,0.10479041916167664,0.09181636726546906,0.8703426481958872,10010880
75f014a16a02,bdh_cq,propagate,15000,4,interp,"{""dim"": 1, ""distance"": 2, ""length"": 12, ""n_sources"": 1}",3,True,False,0,0.06506506506506506,0.03753420071922457,0.03003003003003003,0.11711711711711711,"[0.11711711711711711, 0.04804804804804805, 0.03003003003003003]",0.03003003003003003,0.1171171171171171,0.06506506506506506,0.8661995311160465,10010880
75f014a16a02,bdh_cq,propagate,15000,4,interp,"{""dim"": 1, ""distance"": 4, ""length"": 12, ""n_sources"": 1}",3,True,False,0,0.06206206206206206,0.047943663723035226,0.006006006006006006,0.12312312312312312,"[0.12312312312312312, 0.057057057057057055, 0.006006006006006006]",0.006006006006006006,0.12312312312312312,0.06206206206206206,0.8531031031627675,10010880
75f014a16a02,bdh_cq,propagate,17500,4,interp,"{""dim"": 1, ""distance"": 1, ""length"": 12, ""n_sources"": 1}",3,True,False,0,0.17964071856287425,0.01711220379189845,0.15568862275449102,0.19461077844311378,"[0.15568862275449102, 0.19461077844311378, 0.18862275449101795]",0.15568862275449102,0.19461077844311378,0.17964071856287425,0.898868931208304,10010880
75f014a16a02,bdh_cq,propagate,17500,4,interp,"{""dim"": 1, ""distance"": 2, ""length"": 12, ""n_sources"": 1}",3,True,False,0,0.1011011011011011,0.0326516645251253,0.07507507507507508,0.14714714714714713,"[0.14714714714714713, 0.08108108108108109, 0.07507507507507508]",0.07507507507507508,0.14714714714714713,0.1011011011011011,0.8913079782410547,10010880
75f014a16a02,bdh_cq,propagate,17500,4,interp,"{""dim"": 1, ""distance"": 4, ""length"": 12, ""n_sources"": 1}",3,True,False,0,0.10810810810810811,0.07144370722744936,0.03303303303303303,0.2042042042042042,"[0.2042042042042042, 0.03303303303303303, 0.08708708708708708]",0.03303303303303303,0.20420420420420418,0.10810810810810811,0.8845512196943686,10010880
75f014a16a02,bdh_cq,propagate,20000,4,interp,"{""dim"": 1, ""distance"": 1, ""length"": 12, ""n_sources"": 1}",3,True,False,0,0.5369261477045908,0.24461075808399435,0.19161676646706588,0.7275449101796407,"[0.7275449101796407, 0.19161676646706588, 0.6916167664670658]",0.1916167664670659,0.7275449101796406,0.5369261477045908,0.9508483081520674,10010880
75f014a16a02,bdh_cq,propagate,20000,4,interp,"{""dim"": 1, ""distance"": 2, ""length"": 12, ""n_sources"": 1}",3,True,False,0,0.39939939939939945,0.24523094481401092,0.1021021021021021,0.7027027027027027,"[0.7027027027027027, 0.1021021021021021, 0.3933933933933934]",0.10210210210210209,0.7027027027027027,0.39939939939939945,0.9339339384087572,10010880
75f014a16a02,bdh_cq,propagate,20000,4,interp,"{""dim"": 1, ""distance"": 4, ""length"": 12, ""n_sources"": 1}",3,True,False,0,0.37137137137137133,0.3092688130903306,0.03903903903903904,0.7837837837837838,"[0.7837837837837838, 0.03903903903903904, 0.2912912912912913]",0.03903903903903904,0.7837837837837838,0.37137137137137133,0.932182188506599,10010880
75f014a16a02,bdh_cq,propagate,22500,4,interp,"{""dim"": 1, ""distance"": 1, ""length"": 12, ""n_sources"": 1}",3,True,False,0,0.7495009980039921,0.18067455892252138,0.4940119760479042,0.8802395209580839,"[0.874251497005988, 0.4940119760479042, 0.8802395209580839]",0.4940119760479042,0.8802395209580839,0.7495009980039921,0.976962745130181,10010880
75f014a16a02,bdh_cq,propagate,22500,4,interp,"{""dim"": 1, ""distance"": 2, ""length"": 12, ""n_sources"": 1}",3,True,False,0,0.6646646646646647,0.1825393324606576,0.42342342342342343,0.8648648648648649,"[0.8648648648648649, 0.42342342342342343, 0.7057057057057057]",0.4234234234234234,0.8648648648648649,0.6646646646646647,0.9670503881719855,10010880
75f014a16a02,bdh_cq,propagate,22500,4,interp,"{""dim"": 1, ""distance"": 4, ""length"": 12, ""n_sources"": 1}",3,True,False,0,0.6256256256256256,0.310471720105522,0.19519519519519518,0.9159159159159159,"[0.9159159159159159, 0.19519519519519518, 0.7657657657657657]",0.1951951951951952,0.9159159159159159,0.6256256256256256,0.963963969393416,10010880
75f014a16a02,bdh_cq,propagate,25000,4,interp,"{""dim"": 1, ""distance"": 1, ""length"": 12, ""n_sources"": 1}",3,True,False,0,0.8133732534930139,0.07900006956951415,0.7035928143712575,0.8862275449101796,"[0.8862275449101796, 0.7035928143712575, 0.8502994011976048]",0.7035928143712575,0.8862275449101796,0.8133732534930139,0.9836992714814321,10010880
75f014a16a02,bdh_cq,propagate,25000,4,interp,"{""dim"": 1, ""distance"": 2, ""length"": 12, ""n_sources"": 1}",3,True,False,0,0.7957957957957958,0.15136644505827068,0.5885885885885885,0.9459459459459459,"[0.9459459459459459, 0.5885885885885885, 0.8528528528528528]",0.5885885885885885,0.9459459459459459,0.7957957957957958,0.9817317352519259,10010880
75f014a16a02,bdh_cq,propagate,25000,4,interp,"{""dim"": 1, ""distance"": 4, ""length"": 12, ""n_sources"": 1}",3,True,False,0,0.8158158158158159,0.16849555814761952,0.5795795795795796,0.960960960960961,"[0.960960960960961, 0.5795795795795796, 0.9069069069069069]",0.5795795795795796,0.960960960960961,0.8158158158158159,0.9822322349767906,10010880
75f014a16a02,bdh_cq,propagate,27500,4,interp,"{""dim"": 1, ""distance"": 1, ""length"": 12, ""n_sources"": 1}",3,True,False,0,0.9331337325349301,0.041582168974051224,0.8832335329341318,0.9850299401197605,"[0.9850299401197605, 0.8832335329341318, 0.9311377245508982]",0.8832335329341318,0.9850299401197605,0.9331337325349301,0.9942614782951074,10010880
75f014a16a02,bdh_cq,propagate,27500,4,interp,"{""dim"": 1, ""distance"": 2, ""length"": 12, ""n_sources"": 1}",3,True,False,0,0.9279279279279279,0.03710461059629758,0.8768768768768769,0.963963963963964,"[0.963963963963964, 0.8768768768768769, 0.9429429429429429]",0.8768768768768768,0.963963963963964,0.9279279279279279,0.9937437450563585,10010880
75f014a16a02,bdh_cq,propagate,27500,4,interp,"{""dim"": 1, ""distance"": 4, ""length"": 12, ""n_sources"": 1}",3,True,False,0,0.943943943943944,0.05593079096976571,0.8648648648648649,0.984984984984985,"[0.984984984984985, 0.8648648648648649, 0.9819819819819819]",0.8648648648648649,0.984984984984985,0.943943943943944,0.9947447455800451,10010880
75f014a16a02,bdh_cq,propagate,30000,4,interp,"{""dim"": 1, ""distance"": 1, ""length"": 12, ""n_sources"": 1}",3,True,False,0,0.9680638722554891,0.023993643273795034,0.9341317365269461,0.9850299401197605,"[0.9850299401197605, 0.9341317365269461, 0.9850299401197605]",0.9341317365269463,0.9850299401197605,0.9680638722554891,0.9973386566558046,10010880
75f014a16a02,bdh_cq,propagate,30000,4,interp,"{""dim"": 1, ""distance"": 2, ""length"": 12, ""n_sources"": 1}",3,True,False,0,0.954954954954955,0.004246887574693936,0.948948948948949,0.9579579579579579,"[0.948948948948949, 0.9579579579579579, 0.9579579579579579]",0.948948948948949,0.9579579579579579,0.954954954954955,0.9961628303513512,10010880
75f014a16a02,bdh_cq,propagate,30000,4,interp,"{""dim"": 1, ""distance"": 4, ""length"": 12, ""n_sources"": 1}",3,True,False,0,0.9779779779779781,0.0120951411147093,0.960960960960961,0.987987987987988,"[0.984984984984985, 0.960960960960961, 0.987987987987988]",0.960960960960961,0.9879879879879881,0.9779779779779781,0.9981648319357032,10010880
75f014a16a02,bdh_cq,propagate,32500,4,interp,"{""dim"": 1, ""distance"": 1, ""length"": 12, ""n_sources"": 1}",3,True,False,0,0.9630738522954093,0.018670945043782132,0.9431137724550899,0.9880239520958084,"[0.9880239520958084, 0.9431137724550899, 0.9580838323353293]",0.9431137724550899,0.9880239520958084,0.9630738522954093,0.9968396547192823,10010880
75f014a16a02,bdh_cq,propagate,32500,4,interp,"{""dim"": 1, ""distance"": 2, ""length"": 12, ""n_sources"": 1}",3,True,False,0,0.983983983983984,0.0037454027895635097,0.978978978978979,0.987987987987988,"[0.987987987987988, 0.984984984984985, 0.978978978978979]",0.978978978978979,0.9879879879879881,0.983983983983984,0.9985819155270154,10010880
75f014a16a02,bdh_cq,propagate,32500,4,interp,"{""dim"": 1, ""distance"": 4, ""length"": 12, ""n_sources"": 1}",3,True,False,0,0.98998998998999,0.01020824727446004,0.975975975975976,1.0,"[0.993993993993994, 0.975975975975976, 1.0]",0.975975975975976,1.0,0.98998998998999,0.9991658326980469,10010880
75f014a16a02,bdh_cq,propagate,35000,4,interp,"{""dim"": 1, ""distance"": 1, ""length"": 12, ""n_sources"": 1}",3,True,False,0,0.9750499001996008,0.010177683659865867,0.9610778443113772,0.9850299401197605,"[0.9850299401197605, 0.9790419161676647, 0.9610778443113772]",0.9610778443113772,0.9850299401197605,0.9750499001996008,0.9978376584733555,10010880
75f014a16a02,bdh_cq,propagate,35000,4,interp,"{""dim"": 1, ""distance"": 2, ""length"": 12, ""n_sources"": 1}",3,True,False,0,0.978978978978979,0.012259708422338225,0.963963963963964,0.993993993993994,"[0.978978978978979, 0.993993993993994, 0.963963963963964]",0.963963963963964,0.993993993993994,0.978978978978979,0.9981648318760388,10010880
75f014a16a02,bdh_cq,propagate,35000,4,interp,"{""dim"": 1, ""distance"": 4, ""length"": 12, ""n_sources"": 1}",3,True,False,0,0.9969969969969971,0.002451941684467636,0.993993993993994,1.0,"[0.993993993993994, 0.996996996996997, 1.0]",0.993993993993994,1.0,0.9969969969969971,0.9997497498094141,10010880
75f014a16a02,bdh_cq,propagate,37500,4,interp,"{""dim"": 1, ""distance"": 1, ""length"": 12, ""n_sources"": 1}",3,True,False,0,0.9790419161676646,0.011202567026269254,0.9670658682634731,0.9940119760479041,"[0.9940119760479041, 0.9760479041916168, 0.9670658682634731]",0.9670658682634731,0.9940119760479041,0.9790419161676646,0.9982534934303717,10010880
75f014a16a02,bdh_cq,propagate,37500,4,interp,"{""dim"": 1, ""distance"": 2, ""length"": 12, ""n_sources"": 1}",3,True,False,0,0.985985985985986,0.009909404340952582,0.972972972972973,0.996996996996997,"[0.987987987987988, 0.996996996996997, 0.972972972972973]",0.9729729729729731,0.9969969969969968,0.985985985985986,0.998748748987406,10010880
75f014a16a02,bdh_cq,propagate,37500,4,interp,"{""dim"": 1, ""distance"": 4, ""length"": 12, ""n_sources"": 1}",3,True,False,0,0.994994994994995,0.001415629191564628,0.993993993993994,0.996996996996997,"[0.993993993993994, 0.996996996996997, 0.993993993993994]",0.993993993993994,0.9969969969969968,0.994994994994995,0.9995829163490235,10010880
75f014a16a02,bdh_cq,propagate,40000,4,interp,"{""dim"": 1, ""distance"": 1, ""length"": 12, ""n_sources"": 1}",3,True,False,0,0.9800399201596806,0.007858291291428954,0.9730538922155688,0.9910179640718563,"[0.9910179640718563, 0.9760479041916168, 0.9730538922155688]",0.9730538922155688,0.9910179640718563,0.9800399201596806,0.998336660409878,10010880
75f014a16a02,bdh_cq,propagate,40000,4,interp,"{""dim"": 1, ""distance"": 2, ""length"": 12, ""n_sources"": 1}",3,True,False,0,0.990990990990991,0.008493775149387924,0.978978978978979,0.996996996996997,"[0.996996996996997, 0.996996996996997, 0.978978978978979]",0.978978978978979,0.9969969969969968,0.990990990990991,0.9991658326383827,10010880
75f014a16a02,bdh_cq,propagate,40000,4,interp,"{""dim"": 1, ""distance"": 4, ""length"": 12, ""n_sources"": 1}",3,True,False,0,0.995995995995996,0.001415629191564628,0.993993993993994,0.996996996996997,"[0.993993993993994, 0.996996996996997, 0.996996996996997]",0.993993993993994,0.9969969969969968,0.995995995995996,0.9996663330792188,10010880
f0b8b7c55f92,bdh_cq,propagate,2500,4,interp,"{""dim"": 1, ""distance"": 1, ""length"": 12, ""n_sources"": 1}",3,True,False,0,0.0,0.0,0.0,0.0,"[0.0, 0.0, 0.0]",0.0,0.0,0.0,0.7982368481135417,10010880
f0b8b7c55f92,bdh_cq,propagate,2500,4,interp,"{""dim"": 1, ""distance"": 2, ""length"": 12, ""n_sources"": 1}",3,True,False,0,0.0,0.0,0.0,0.0,"[0.0, 0.0, 0.0]",0.0,0.0,0.0,0.7895395296949285,10010880
f0b8b7c55f92,bdh_cq,propagate,2500,4,interp,"{""dim"": 1, ""distance"": 4, ""length"": 12, ""n_sources"": 1}",3,True,False,0,0.0,0.0,0.0,0.0,"[0.0, 0.0, 0.0]",0.0,0.0,0.0,0.7826159378071805,10010880
f0b8b7c55f92,bdh_cq,propagate,5000,4,interp,"{""dim"": 1, ""distance"": 1, ""length"": 12, ""n_sources"": 1}",3,True,False,0,0.0,0.0,0.0,0.0,"[0.0, 0.0, 0.0]",0.0,0.0,0.0,0.7971556757143633,10010880
f0b8b7c55f92,bdh_cq,propagate,5000,4,interp,"{""dim"": 1, ""distance"": 2, ""length"": 12, ""n_sources"": 1}",3,True,False,0,0.0,0.0,0.0,0.0,"[0.0, 0.0, 0.0]",0.0,0.0,0.0,0.7946279503860034,10010880
f0b8b7c55f92,bdh_cq,propagate,5000,4,interp,"{""dim"": 1, ""distance"": 4, ""length"": 12, ""n_sources"": 1}",3,True,False,0,0.0,0.0,0.0,0.0,"[0.0, 0.0, 0.0]",0.0,0.0,0.0,0.7913746951339959,10010880
f0b8b7c55f92,bdh_cq,propagate,7500,4,interp,"{""dim"": 1, ""distance"": 1, ""length"": 12, ""n_sources"": 1}",3,True,False,0,0.006986027944111777,0.0037341890087564285,0.0029940119760479044,0.011976047904191617,"[0.011976047904191617, 0.005988023952095809, 0.0029940119760479044]",0.002994011976047905,0.01197604790419162,0.006986027944111777,0.8056387136766535,10010880
f0b8b7c55f92,bdh_cq,propagate,7500,4,interp,"{""dim"": 1, ""distance"": 2, ""length"": 12, ""n_sources"": 1}",3,True,False,0,0.007007007007007006,0.002831258383129319,0.003003003003003003,0.009009009009009009,"[0.009009009009009009, 0.009009009009009009, 0.003003003003003003]",0.003003003003003003,0.009009009009009009,0.007007007007007006,0.8112278862579448,10010880
f0b8b7c55f92,bdh_cq,propagate,7500,4,interp,"{""dim"": 1, ""distance"": 4, ""length"": 12, ""n_sources"": 1}",3,True,False,0,0.003003003003003003,0.0024519416844676458,0.0,0.006006006006006006,"[0.0, 0.006006006006006006, 0.003003003003003003]",0.0,0.006006006006006006,0.003003003003003003,0.7865365298243017,10010880
f0b8b7c55f92,bdh_cq,propagate,10000,4,interp,"{""dim"": 1, ""distance"": 1, ""length"": 12, ""n_sources"": 1}",3,True,False,0,0.016966067864271458,0.003734189008756427,0.011976047904191617,0.020958083832335328,"[0.017964071856287425, 0.020958083832335328, 0.011976047904191617]",0.01197604790419162,0.020958083832335328,0.016966067864271458,0.8319194909341321,10010880
f0b8b7c55f92,bdh_cq,propagate,10000,4,interp,"{""dim"": 1, ""distance"": 2, ""length"": 12, ""n_sources"": 1}",3,True,False,0,0.011011011011011013,0.005104123637230015,0.006006006006006006,0.018018018018018018,"[0.009009009009009009, 0.018018018018018018, 0.006006006006006006]",0.006006006006006006,0.018018018018018018,0.011011011011011013,0.8312479075905798,10010880
f0b8b7c55f92,bdh_cq,propagate,10000,4,interp,"{""dim"": 1, ""distance"": 4, ""length"": 12, ""n_sources"": 1}",3,True,False,0,0.004004004004004004,0.005662516766258638,0.0,0.012012012012012012,"[0.012012012012012012, 0.0, 0.0]",0.0,0.012012012012012012,0.004004004004004004,0.8038872149852184,10010880
f0b8b7c55f92,bdh_cq,propagate,12500,4,interp,"{""dim"": 1, ""distance"": 1, ""length"": 12, ""n_sources"": 1}",3,True,False,0,0.10978043912175649,0.08330793115652378,0.04790419161676647,0.2275449101796407,"[0.2275449101796407, 0.05389221556886228, 0.04790419161676647]",0.04790419161676648,0.2275449101796407,0.10978043912175649,0.8716733212956411,10010880
f0b8b7c55f92,bdh_cq,propagate,12500,4,interp,"{""dim"": 1, ""distance"": 2, ""length"": 12, ""n_sources"": 1}",3,True,False,0,0.037037037037037035,0.003745402789563507,0.03303303303303303,0.042042042042042045,"[0.042042042042042045, 0.03303303303303303, 0.036036036036036036]",0.03303303303303303,0.042042042042042045,0.037037037037037035,0.8536870154413255,10010880
f0b8b7c55f92,bdh_cq,propagate,12500,4,interp,"{""dim"": 1, ""distance"": 4, ""length"": 12, ""n_sources"": 1}",3,True,False,0,0.016016016016016016,0.009909404340952619,0.003003003003003003,0.02702702702702703,"[0.003003003003003003, 0.02702702702702703, 0.018018018018018018]",0.003003003003003003,0.02702702702702703,0.016016016016016016,0.8325825760195086,10010880
f0b8b7c55f92,bdh_cq,propagate,15000,4,interp,"{""dim"": 1, ""distance"": 1, ""length"": 12, ""n_sources"": 1}",3,True,False,0,0.2904191616766467,0.11895939661278515,0.19461077844311378,0.45808383233532934,"[0.45808383233532934, 0.19461077844311378, 0.218562874251497]",0.19461077844311378,0.45808383233532934,0.2904191616766467,0.9189953479819194,10010880
f0b8b7c55f92,bdh_cq,propagate,15000,4,interp,"{""dim"": 1, ""distance"": 2, ""length"": 12, ""n_sources"": 1}",3,True,False,0,0.27127127127127126,0.14410938297351686,0.13813813813813813,0.47147147147147145,"[0.47147147147147145, 0.13813813813813813, 0.2042042042042042]",0.13813813813813813,0.47147147147147145,0.27127127127127126,0.9167500884683283,10010880
f0b8b7c55f92,bdh_cq,propagate,15000,4,interp,"{""dim"": 1, ""distance"": 4, ""length"": 12, ""n_sources"": 1}",3,True,False,0,0.13313313313313313,0.08074051984014327,0.06306306306306306,0.24624624624624625,"[0.24624624624624625, 0.06306306306306306, 0.09009009009009009]",0.06306306306306306,0.24624624624624625,0.13313313313313313,0.8917250602214305,10010880
f0b8b7c55f92,bdh_cq,propagate,17500,4,interp,"{""dim"": 1, ""distance"": 1, ""length"": 12, ""n_sources"": 1}",3,True,False,0,0.7844311377245509,0.12361559616116577,0.6377245508982036,0.9401197604790419,"[0.9401197604790419, 0.6377245508982036, 0.7754491017964071]",0.6377245508982036,0.940119760479042,0.7844311377245509,0.9812042620367633,10010880
f0b8b7c55f92,bdh_cq,propagate,17500,4,interp,"{""dim"": 1, ""distance"": 2, ""length"": 12, ""n_sources"": 1}",3,True,False,0,0.6696696696696697,0.1191401466959602,0.5765765765765766,0.8378378378378378,"[0.8378378378378378, 0.5945945945945946, 0.5765765765765766]",0.5765765765765766,0.8378378378378378,0.6696696696696697,0.9686353069406611,10010880
f0b8b7c55f92,bdh_cq,propagate,17500,4,interp,"{""dim"": 1, ""distance"": 4, ""length"": 12, ""n_sources"": 1}",3,True,False,0,0.6416416416416416,0.088621101016582,0.5645645645645646,0.7657657657657657,"[0.7657657657657657, 0.5945945945945946, 0.5645645645645646]",0.5645645645645646,0.7657657657657658,0.6416416416416416,0.9657991376963703,10010880
f0b8b7c55f92,bdh_cq,propagate,20000,4,interp,"{""dim"": 1, ""distance"": 1, ""length"": 12, ""n_sources"": 1}",3,True,False,0,0.9011976047904192,0.06140766492181703,0.8143712574850299,0.9461077844311377,"[0.9431137724550899, 0.9461077844311377, 0.8143712574850299]",0.8143712574850298,0.9461077844311377,0.9011976047904192,0.9912674667949447,10010880
f0b8b7c55f92,bdh_cq,propagate,20000,4,interp,"{""dim"": 1, ""distance"": 2, ""length"": 12, ""n_sources"": 1}",3,True,False,0,0.9359359359359359,0.014779602662896282,0.918918918918919,0.954954954954955,"[0.954954954954955, 0.918918918918919, 0.933933933933934]",0.918918918918919,0.954954954954955,0.9359359359359359,0.9946613292674998,10010880
f0b8b7c55f92,bdh_cq,propagate,20000,4,interp,"{""dim"": 1, ""distance"": 4, ""length"": 12, ""n_sources"": 1}",3,True,False,0,0.8428428428428427,0.09827158771791697,0.7057057057057057,0.9309309309309309,"[0.8918918918918919, 0.9309309309309309, 0.7057057057057057]",0.7057057057057058,0.9309309309309309,0.8428428428428427,0.9865699061998973,10010880
f0b8b7c55f92,bdh_cq,propagate,22500,4,interp,"{""dim"": 1, ""distance"": 1, ""length"": 12, ""n_sources"": 1}",3,True,False,0,0.9760479041916167,0.010655766718594145,0.9610778443113772,0.9850299401197605,"[0.9850299401197605, 0.9610778443113772, 0.9820359281437125]",0.9610778443113772,0.9850299401197605,0.9760479041916167,0.9979208254528616,10010880
f0b8b7c55f92,bdh_cq,propagate,22500,4,interp,"{""dim"": 1, ""distance"": 2, ""length"": 12, ""n_sources"": 1}",3,True,False,0,0.9779779779779779,0.0014156291915646802,0.975975975975976,0.978978978978979,"[0.978978978978979, 0.978978978978979, 0.975975975975976]",0.975975975975976,0.978978978978979,0.9779779779779779,0.9981648319357032,10010880
f0b8b7c55f92,bdh_cq,propagate,22500,4,interp,"{""dim"": 1, ""distance"": 4, ""length"": 12, ""n_sources"": 1}",3,True,False,0,0.971971971971972,0.006170584587556531,0.963963963963964,0.978978978978979,"[0.972972972972973, 0.978978978978979, 0.963963963963964]",0.963963963963964,0.978978978978979,0.971971971971972,0.9975809147646716,10010880
f0b8b7c55f92,bdh_cq,propagate,25000,4,interp,"{""dim"": 1, ""distance"": 1, ""length"": 12, ""n_sources"": 1}",3,True,False,0,0.9830339321357285,0.0028227815616229664,0.9790419161676647,0.9850299401197605,"[0.9850299401197605, 0.9850299401197605, 0.9790419161676647]",0.9790419161676646,0.9850299401197605,0.9830339321357285,0.9985861613483961,10010880
f0b8b7c55f92,bdh_cq,propagate,25000,4,interp,"{""dim"": 1, ""distance"": 2, ""length"": 12, ""n_sources"": 1}",3,True,False,0,0.9729729729729729,0.021793334391468733,0.9429429429429429,0.993993993993994,"[0.993993993993994, 0.9429429429429429, 0.9819819819819819]",0.9429429429429429,0.993993993993994,0.9729729729729729,0.9976643314948669,10010880
f0b8b7c55f92,bdh_cq,propagate,25000,4,interp,"{""dim"": 1, ""distance"": 4, ""length"": 12, ""n_sources"": 1}",3,True,False,0,0.978978978978979,0.002451941684467636,0.975975975975976,0.9819819819819819,"[0.9819819819819819, 0.978978978978979, 0.975975975975976]",0.975975975975976,0.9819819819819818,0.978978978978979,0.9982482486658985,10010880
f0b8b7c55f92,bdh_cq,propagate,27500,4,interp,"{""dim"": 1, ""distance"": 1, ""length"": 12, ""n_sources"": 1}",3,True,False,0,0.9880239520958084,0.008814132601125589,0.9760479041916168,0.9970059880239521,"[0.9910179640718563, 0.9760479041916168, 0.9970059880239521]",0.9760479041916167,0.9970059880239521,0.9880239520958084,0.9990019962459268,10010880
f0b8b7c55f92,bdh_cq,propagate,27500,4,interp,"{""dim"": 1, ""distance"": 2, ""length"": 12, ""n_sources"": 1}",3,True,False,0,0.985985985985986,0.006170584587556532,0.978978978978979,0.993993993993994,"[0.993993993993994, 0.984984984984985, 0.978978978978979]",0.978978978978979,0.993993993993994,0.985985985985986,0.998748748987406,10010880
f0b8b7c55f92,bdh_cq,propagate,27500,4,interp,"{""dim"": 1, ""distance"": 4, ""length"": 12, ""n_sources"": 1}",3,True,False,0,0.984984984984985,0.007355825053402953,0.975975975975976,0.993993993993994,"[0.984984984984985, 0.993993993993994, 0.975975975975976]",0.975975975975976,0.993993993993994,0.984984984984985,0.9987487490470702,10010880
f0b8b7c55f92,bdh_cq,propagate,30000,4,interp,"{""dim"": 1, ""distance"": 1, ""length"": 12, ""n_sources"": 1}",3,True,False,0,0.9950099800399202,0.0014113907808115094,0.9940119760479041,0.9970059880239521,"[0.9970059880239521, 0.9940119760479041, 0.9940119760479041]",0.9940119760479041,0.9970059880239521,0.9950099800399202,0.9995841651024695,10010880
f0b8b7c55f92,bdh_cq,propagate,30000,4,interp,"{""dim"": 1, ""distance"": 2, ""length"": 12, ""n_sources"": 1}",3,True,False,0,0.993993993993994,0.0,0.993993993993994,0.993993993993994,"[0.993993993993994, 0.993993993993994, 0.993993993993994]",0.993993993993994,0.993993993993994,0.993993993993994,0.9994994996188281,10010880
f0b8b7c55f92,bdh_cq,propagate,30000,4,interp,"{""dim"": 1, ""distance"": 4, ""length"": 12, ""n_sources"": 1}",3,True,False,0,0.9869869869869871,0.005104123637230038,0.9819819819819819,0.993993993993994,"[0.9819819819819819, 0.993993993993994, 0.984984984984985]",0.9819819819819818,0.993993993993994,0.9869869869869871,0.9989155825074608,10010880
f0b8b7c55f92,bdh_cq,propagate,32500,4,interp,"{""dim"": 1, ""distance"": 1, ""length"": 12, ""n_sources"": 1}",3,True,False,0,0.9970059880239521,0.004234172342434423,0.9910179640718563,1.0,"[1.0, 0.9910179640718563, 1.0]",0.9910179640718563,1.0,0.9970059880239521,0.9996673320224899,10010880
f0b8b7c55f92,bdh_cq,propagate,32500,4,interp,"{""dim"": 1, ""distance"": 2, ""length"": 12, ""n_sources"": 1}",3,True,False,0,0.9919919919919918,0.00374540278956347,0.987987987987988,0.996996996996997,"[0.987987987987988, 0.990990990990991, 0.996996996996997]",0.9879879879879881,0.9969969969969968,0.9919919919919918,0.9993326661584375,10010880
f0b8b7c55f92,bdh_cq,propagate,32500,4,interp,"{""dim"": 1, ""distance"": 4, ""length"": 12, ""n_sources"": 1}",3,True,False,0,0.9879879879879881,0.002451941684467636,0.984984984984985,0.990990990990991,"[0.984984984984985, 0.990990990990991, 0.987987987987988]",0.984984984984985,0.990990990990991,0.9879879879879881,0.9989989992376561,10010880
f0b8b7c55f92,bdh_cq,propagate,35000,4,interp,"{""dim"": 1, ""distance"": 1, ""length"": 12, ""n_sources"": 1}",3,True,False,0,0.9970059880239521,0.0024446005416997978,0.9940119760479041,1.0,"[1.0, 0.9940119760479041, 0.9970059880239521]",0.9940119760479041,1.0,0.9970059880239521,0.9996673320224899,10010880
f0b8b7c55f92,bdh_cq,propagate,35000,4,interp,"{""dim"": 1, ""distance"": 2, ""length"": 12, ""n_sources"": 1}",3,True,False,0,0.9979979979979979,0.0014156291915646802,0.996996996996997,1.0,"[1.0, 0.996996996996997, 0.996996996996997]",0.9969969969969968,1.0,0.9979979979979979,0.9998331665396094,10010880
f0b8b7c55f92,bdh_cq,propagate,35000,4,interp,"{""dim"": 1, ""distance"": 4, ""length"": 12, ""n_sources"": 1}",3,True,False,0,0.994994994994995,0.001415629191564628,0.993993993993994,0.996996996996997,"[0.996996996996997, 0.993993993993994, 0.993993993993994]",0.993993993993994,0.9969969969969968,0.994994994994995,0.9995829163490235,10010880
f0b8b7c55f92,bdh_cq,propagate,37500,4,interp,"{""dim"": 1, ""distance"": 1, ""length"": 12, ""n_sources"": 1}",3,True,False,0,0.9980039920159681,0.002822781561622967,0.9940119760479041,1.0,"[1.0, 0.9940119760479041, 1.0]",0.9940119760479041,1.0,0.9980039920159681,0.999750499001996,10010880
f0b8b7c55f92,bdh_cq,propagate,37500,4,interp,"{""dim"": 1, ""distance"": 2, ""length"": 12, ""n_sources"": 1}",3,True,False,0,0.9969969969969968,0.002451941684467636,0.993993993993994,1.0,"[1.0, 0.993993993993994, 0.996996996996997]",0.993993993993994,1.0,0.9969969969969968,0.9997497498094141,10010880
f0b8b7c55f92,bdh_cq,propagate,37500,4,interp,"{""dim"": 1, ""distance"": 4, ""length"": 12, ""n_sources"": 1}",3,True,False,0,0.995995995995996,0.001415629191564628,0.993993993993994,0.996996996996997,"[0.993993993993994, 0.996996996996997, 0.996996996996997]",0.993993993993994,0.9969969969969968,0.995995995995996,0.9996663330792188,10010880
f0b8b7c55f92,bdh_cq,propagate,40000,4,interp,"{""dim"": 1, ""distance"": 1, ""length"": 12, ""n_sources"": 1}",3,True,False,0,0.9970059880239521,0.0024446005416997978,0.9940119760479041,1.0,"[0.9970059880239521, 0.9940119760479041, 1.0]",0.9940119760479041,1.0,0.9970059880239521,0.9996673320224899,10010880
f0b8b7c55f92,bdh_cq,propagate,40000,4,interp,"{""dim"": 1, ""distance"": 2, ""length"": 12, ""n_sources"": 1}",3,True,False,0,0.998998998998999,0.0014156291915646802,0.996996996996997,1.0,"[1.0, 1.0, 0.996996996996997]",0.9969969969969968,1.0,0.998998998998999,0.9999165832698047,10010880
f0b8b7c55f92,bdh_cq,propagate,40000,4,interp,"{""dim"": 1, ""distance"": 4, ""length"": 12, ""n_sources"": 1}",3,True,False,0,0.995995995995996,0.001415629191564628,0.993993993993994,0.996996996996997,"[0.993993993993994, 0.996996996996997, 0.996996996996997]",0.993993993993994,0.9969969969969968,0.995995995995996,0.9996663330792188,10010880
75f014a16a02,bdh_cq,propagate,2500,8,interp,"{""dim"": 1, ""distance"": 1, ""length"": 12, ""n_sources"": 1}",3,True,False,0,0.0,0.0,0.0,0.0,"[0.0, 0.0, 0.0]",0.0,0.0,0.0,0.7984863490520598,10010880
75f014a16a02,bdh_cq,propagate,2500,8,interp,"{""dim"": 1, ""distance"": 2, ""length"": 12, ""n_sources"": 1}",3,True,False,0,0.0,0.0,0.0,0.0,"[0.0, 0.0, 0.0]",0.0,0.0,0.0,0.7871204442209428,10010880
75f014a16a02,bdh_cq,propagate,2500,8,interp,"{""dim"": 1, ""distance"": 4, ""length"": 12, ""n_sources"": 1}",3,True,False,0,0.0,0.0,0.0,0.0,"[0.0, 0.0, 0.0]",0.0,0.0,0.0,0.7764430981021265,10010880
75f014a16a02,bdh_cq,propagate,5000,8,interp,"{""dim"": 1, ""distance"": 1, ""length"": 12, ""n_sources"": 1}",3,True,False,0,0.0,0.0,0.0,0.0,"[0.0, 0.0, 0.0]",0.0,0.0,0.0,0.8005655222458992,10010880
75f014a16a02,bdh_cq,propagate,5000,8,interp,"{""dim"": 1, ""distance"": 2, ""length"": 12, ""n_sources"": 1}",3,True,False,0,0.0,0.0,0.0,0.0,"[0.0, 0.0, 0.0]",0.0,0.0,0.0,0.7922922805384234,10010880
75f014a16a02,bdh_cq,propagate,5000,8,interp,"{""dim"": 1, ""distance"": 4, ""length"": 12, ""n_sources"": 1}",3,True,False,0,0.0,0.0,0.0,0.0,"[0.0, 0.0, 0.0]",0.0,0.0,0.0,0.7862028564001108,10010880
75f014a16a02,bdh_cq,propagate,7500,8,interp,"{""dim"": 1, ""distance"": 1, ""length"": 12, ""n_sources"": 1}",3,True,False,0,0.0,0.0,0.0,0.0,"[0.0, 0.0, 0.0]",0.0,0.0,0.0,0.8102960631608248,10010880
75f014a16a02,bdh_cq,propagate,7500,8,interp,"{""dim"": 1, ""distance"": 2, ""length"": 12, ""n_sources"": 1}",3,True,False,0,0.001001001001001001,0.0014156291915646596,0.0,0.003003003003003003,"[0.0, 0.0, 0.003003003003003003]",0.0,0.003003003003003003,0.001001001001001001,0.8163163062628803,10010880
75f014a16a02,bdh_cq,propagate,7500,8,interp,"{""dim"": 1, ""distance"": 4, ""length"": 12, ""n_sources"": 1}",3,True,False,0,0.001001001001001001,0.0014156291915646596,0.0,0.003003003003003003,"[0.003003003003003003, 0.0, 0.0]",0.0,0.003003003003003003,0.001001001001001001,0.7842842761997705,10010880
75f014a16a02,bdh_cq,propagate,10000,8,interp,"{""dim"": 1, ""distance"": 1, ""length"": 12, ""n_sources"": 1}",3,True,False,0,0.003992015968063873,0.0037341890087564285,0.0,0.008982035928143712,"[0.008982035928143712, 0.0029940119760479044, 0.0]",0.0,0.008982035928143712,0.003992015968063873,0.8339154963751515,10010880
75f014a16a02,bdh_cq,propagate,10000,8,interp,"{""dim"": 1, ""distance"": 2, ""length"": 12, ""n_sources"": 1}",3,True,False,0,0.005005005005005005,0.0014156291915646596,0.003003003003003003,0.006006006006006006,"[0.003003003003003003, 0.006006006006006006, 0.006006006006006006]",0.003003003003003003,0.006006006006006006,0.005005005005005005,0.8297464019125765,10010880
75f014a16a02,bdh_cq,propagate,10000,8,interp,"{""dim"": 1, ""distance"": 4, ""length"": 12, ""n_sources"": 1}",3,True,False,0,0.004004004004004004,0.0014156291915646596,0.003003003003003003,0.006006006006006006,"[0.006006006006006006, 0.003003003003003003, 0.003003003003003003]",0.003003003003003003,0.006006006006006006,0.004004004004004004,0.7838671954126807,10010880
75f014a16a02,bdh_cq,propagate,12500,8,interp,"{""dim"": 1, ""distance"": 1, ""length"": 12, ""n_sources"": 1}",3,True,False,0,0.03193612774451098,0.026366955715814183,0.008982035928143712,0.0688622754491018,"[0.0688622754491018, 0.017964071856287425, 0.008982035928143712]",0.008982035928143712,0.0688622754491018,0.03193612774451098,0.8298403153459945,10010880
75f014a16a02,bdh_cq,propagate,12500,8,interp,"{""dim"": 1, ""distance"": 2, ""length"": 12, ""n_sources"": 1}",3,True,False,0,0.021021021021021023,0.012259708422338228,0.006006006006006006,0.036036036036036036,"[0.036036036036036036, 0.021021021021021023, 0.006006006006006006]",0.006006006006006006,0.036036036036036036,0.021021021021021023,0.837253914402054,10010880
75f014a16a02,bdh_cq,propagate,12500,8,interp,"{""dim"": 1, ""distance"": 4, ""length"": 12, ""n_sources"": 1}",3,True,False,0,0.04804804804804805,0.05102160135084948,0.009009009009009009,0.12012012012012012,"[0.12012012012012012, 0.009009009009009009, 0.015015015015015015]",0.009009009009009009,0.12012012012012012,0.04804804804804805,0.839589585621913,10010880
75f014a16a02,bdh_cq,propagate,15000,8,interp,"{""dim"": 1, ""distance"": 1, ""length"": 12, ""n_sources"": 1}",3,True,False,0,0.09181636726546906,0.050357188868434585,0.04491017964071856,0.16167664670658682,"[0.16167664670658682, 0.0688622754491018, 0.04491017964071856]",0.04491017964071856,0.16167664670658682,0.09181636726546906,0.8685961407934597,10010880
75f014a16a02,bdh_cq,propagate,15000,8,interp,"{""dim"": 1, ""distance"": 2, ""length"": 12, ""n_sources"": 1}",3,True,False,0,0.13113113113113115,0.06367184742257959,0.06306306306306306,0.21621621621621623,"[0.21621621621621623, 0.11411411411411411, 0.06306306306306306]",0.06306306306306306,0.21621621621621623,0.13113113113113115,0.8822989653538654,10010880
75f014a16a02,bdh_cq,propagate,15000,8,interp,"{""dim"": 1, ""distance"": 4, ""length"": 12, ""n_sources"": 1}",3,True,False,0,0.1111111111111111,0.06129854211169114,0.036036036036036036,0.18618618618618618,"[0.18618618618618618, 0.1111111111111111, 0.036036036036036036]",0.036036036036036036,0.18618618618618618,0.1111111111111111,0.8788788816831014,10010880
75f014a16a02,bdh_cq,propagate,17500,8,interp,"{""dim"": 1, ""distance"": 1, ""length"": 12, ""n_sources"": 1}",3,True,False,0,0.2554890219560878,0.03805524144698127,0.20658682634730538,0.2994011976047904,"[0.2994011976047904, 0.20658682634730538, 0.26047904191616766]",0.20658682634730538,0.2994011976047904,0.2554890219560878,0.9125083210225591,10010880
75f014a16a02,bdh_cq,propagate,17500,8,interp,"{""dim"": 1, ""distance"": 2, ""length"": 12, ""n_sources"": 1}",3,True,False,0,0.2832832832832833,0.08990081329056138,0.2012012012012012,0.4084084084084084,"[0.4084084084084084, 0.2012012012012012, 0.24024024024024024]",0.2012012012012012,0.40840840840840836,0.2832832832832833,0.9167500879313494,10010880
75f014a16a02,bdh_cq,propagate,17500,8,interp,"{""dim"": 1, ""distance"": 4, ""length"": 12, ""n_sources"": 1}",3,True,False,0,0.25925925925925924,0.14842519343445051,0.08108108108108109,0.4444444444444444,"[0.4444444444444444, 0.08108108108108109, 0.25225225225225223]",0.08108108108108109,0.4444444444444444,0.25925925925925924,0.9142475868607903,10010880
75f014a16a02,bdh_cq,propagate,20000,8,interp,"{""dim"": 1, ""distance"": 1, ""length"": 12, ""n_sources"": 1}",3,True,False,0,0.5728542914171656,0.2366385109600358,0.24251497005988024,0.7844311377245509,"[0.6916167664670658, 0.24251497005988024, 0.7844311377245509]",0.24251497005988024,0.7844311377245509,0.5728542914171656,0.9558383284095756,10010880
75f014a16a02,bdh_cq,propagate,20000,8,interp,"{""dim"": 1, ""distance"": 2, ""length"": 12, ""n_sources"": 1}",3,True,False,0,0.5265265265265265,0.22323893344843093,0.25825825825825827,0.8048048048048048,"[0.8048048048048048, 0.25825825825825827, 0.5165165165165165]",0.25825825825825827,0.8048048048048048,0.5265265265265265,0.9490323697959816,10010880
75f014a16a02,bdh_cq,propagate,20000,8,interp,"{""dim"": 1, ""distance"": 4, ""length"": 12, ""n_sources"": 1}",3,True,False,0,0.5705705705705705,0.34877092866263915,0.08108108108108109,0.8678678678678678,"[0.8678678678678678, 0.08108108108108109, 0.7627627627627628]",0.08108108108108109,0.8678678678678678,0.5705705705705705,0.9561227948457988,10010880
75f014a16a02,bdh_cq,propagate,22500,8,interp,"{""dim"": 1, ""distance"": 1, ""length"": 12, ""n_sources"": 1}",3,True,False,0,0.7544910179640718,0.24569147591531307,0.40718562874251496,0.937125748502994,"[0.9191616766467066, 0.40718562874251496, 0.937125748502994]",0.4071856287425149,0.9371257485029941,0.7544910179640718,0.977212245949728,10010880
75f014a16a02,bdh_cq,propagate,22500,8,interp,"{""dim"": 1, ""distance"": 2, ""length"": 12, ""n_sources"": 1}",3,True,False,0,0.7967967967967967,0.1769706356805571,0.5465465465465466,0.924924924924925,"[0.924924924924925, 0.5465465465465466, 0.918918918918919]",0.5465465465465466,0.924924924924925,0.7967967967967967,0.980647316983751,10010880
75f014a16a02,bdh_cq,propagate,22500,8,interp,"{""dim"": 1, ""distance"": 4, ""length"": 12, ""n_sources"": 1}",3,True,False,0,0.7417417417417417,0.3100324888913938,0.3033033033033033,0.963963963963964,"[0.963963963963964, 0.3033033033033033, 0.9579579579579579]",0.3033033033033033,0.963963963963964,0.7417417417417417,0.9766433142326973,10010880
75f014a16a02,bdh_cq,propagate,25000,8,interp,"{""dim"": 1, ""distance"": 1, ""length"": 12, ""n_sources"": 1}",3,True,False,0,0.9021956087824351,0.07964046843616766,0.7904191616766467,0.9700598802395209,"[0.9461077844311377, 0.7904191616766467, 0.9700598802395209]",0.7904191616766467,0.9700598802395209,0.9021956087824351,0.9912674667354592,10010880
75f014a16a02,bdh_cq,propagate,25000,8,interp,"{""dim"": 1, ""distance"": 2, ""length"": 12, ""n_sources"": 1}",3,True,False,0,0.8958958958958959,0.10269899522466956,0.7507507507507507,0.972972972972973,"[0.963963963963964, 0.7507507507507507, 0.972972972972973]",0.7507507507507508,0.9729729729729731,0.8958958958958959,0.9908241593205296,10010880
75f014a16a02,bdh_cq,propagate,25000,8,interp,"{""dim"": 1, ""distance"": 4, ""length"": 12, ""n_sources"": 1}",3,True,False,0,0.8928928928928929,0.12235983362951589,0.7207207207207207,0.993993993993994,"[0.993993993993994, 0.7207207207207207, 0.963963963963964]",0.7207207207207208,0.993993993993994,0.8928928928928929,0.9907407427693272,10010880
75f014a16a02,bdh_cq,propagate,27500,8,interp,"{""dim"": 1, ""distance"": 1, ""length"": 12, ""n_sources"": 1}",3,True,False,0,0.9580838323353293,0.03003975437782917,0.9161676646706587,0.9850299401197605,"[0.9850299401197605, 0.9161676646706587, 0.9730538922155688]",0.9161676646706587,0.9850299401197605,0.9580838323353293,0.9964238198217519,10010880
75f014a16a02,bdh_cq,propagate,27500,8,interp,"{""dim"": 1, ""distance"": 2, ""length"": 12, ""n_sources"": 1}",3,True,False,0,0.95995995995996,0.02211283486924377,0.933933933933934,0.987987987987988,"[0.987987987987988, 0.933933933933934, 0.9579579579579579]",0.933933933933934,0.9879879879879881,0.95995995995996,0.9966633307921874,10010880
75f014a16a02,bdh_cq,propagate,27500,8,interp,"{""dim"": 1, ""distance"": 4, ""length"": 12, ""n_sources"": 1}",3,True,False,0,0.9779779779779779,0.020563201785960078,0.948948948948949,0.993993993993994,"[0.993993993993994, 0.948948948948949, 0.990990990990991]",0.948948948948949,0.993993993993994,0.9779779779779779,0.9981648319357032,10010880
75f014a16a02,bdh_cq,propagate,30000,8,interp,"{""dim"": 1, ""distance"": 1, ""length"": 12, ""n_sources"": 1}",3,True,False,0,0.9660678642714572,0.02725848360029474,0.9281437125748503,0.9910179640718563,"[0.9910179640718563, 0.9281437125748503, 0.9790419161676647]",0.9281437125748503,0.9910179640718563,0.9660678642714572,0.9970891556578007,10010880
75f014a16a02,bdh_cq,propagate,30000,8,interp,"{""dim"": 1, ""distance"": 2, ""length"": 12, ""n_sources"": 1}",3,True,False,0,0.97997997997998,0.011325033532517284,0.963963963963964,0.987987987987988,"[0.987987987987988, 0.963963963963964, 0.987987987987988]",0.963963963963964,0.9879879879879881,0.97997997997998,0.9982482486062342,10010880
75f014a16a02,bdh_cq,propagate,30000,8,interp,"{""dim"": 1, ""distance"": 4, ""length"": 12, ""n_sources"": 1}",3,True,False,0,0.98998998998999,0.007881889763775565,0.978978978978979,0.996996996996997,"[0.996996996996997, 0.978978978978979, 0.993993993993994]",0.978978978978979,0.9969969969969968,0.98998998998999,0.9991658326980469,10010880
75f014a16a02,bdh_cq,propagate,32500,8,interp,"{""dim"": 1, ""distance"": 1, ""length"": 12, ""n_sources"": 1}",3,True,False,0,0.9840319361277445,0.007858291291428973,0.9730538922155688,0.9910179640718563,"[0.9910179640718563, 0.9730538922155688, 0.9880239520958084]",0.9730538922155688,0.9910179640718563,0.9840319361277445,0.9986693283279022,10010880
75f014a16a02,bdh_cq,propagate,32500,8,interp,"{""dim"": 1, ""distance"": 2, ""length"": 12, ""n_sources"": 1}",3,True,False,0,0.993993993993994,0.004903883368935272,0.987987987987988,1.0,"[1.0, 0.987987987987988, 0.993993993993994]",0.9879879879879881,1.0,0.993993993993994,0.9994994996188281,10010880
75f014a16a02,bdh_cq,propagate,32500,8,interp,"{""dim"": 1, ""distance"": 4, ""length"": 12, ""n_sources"": 1}",3,True,False,0,0.9929929929929929,0.006170584587556532,0.984984984984985,1.0,"[1.0, 0.984984984984985, 0.993993993993994]",0.984984984984985,1.0,0.9929929929929929,0.9994160828886328,10010880
75f014a16a02,bdh_cq,propagate,35000,8,interp,"{""dim"": 1, ""distance"": 1, ""length"": 12, ""n_sources"": 1}",3,True,False,0,0.9890219560878243,0.0037341890087563886,0.9850299401197605,0.9940119760479041,"[0.9940119760479041, 0.9880239520958084, 0.9850299401197605]",0.9850299401197605,0.9940119760479041,0.9890219560878243,0.9990851632254328,10010880
75f014a16a02,bdh_cq,propagate,35000,8,interp,"{""dim"": 1, ""distance"": 2, ""length"": 12, ""n_sources"": 1}",3,True,False,0,0.988988988988989,0.013504241805037065,0.96996996996997,1.0,"[1.0, 0.996996996996997, 0.96996996996997]",0.96996996996997,1.0,0.988988988988989,0.9990824159678516,10010880
75f014a16a02,bdh_cq,propagate,35000,8,interp,"{""dim"": 1, ""distance"": 4, ""length"": 12, ""n_sources"": 1}",3,True,False,0,0.994994994994995,0.0037454027895635093,0.990990990990991,1.0,"[1.0, 0.990990990990991, 0.993993993993994]",0.990990990990991,1.0,0.994994994994995,0.9995829163490235,10010880
75f014a16a02,bdh_cq,propagate,37500,8,interp,"{""dim"": 1, ""distance"": 1, ""length"": 12, ""n_sources"": 1}",3,True,False,0,0.9900199600798404,0.005088841829932915,0.9850299401197605,0.9970059880239521,"[0.9970059880239521, 0.9850299401197605, 0.9880239520958084]",0.9850299401197605,0.9970059880239521,0.9900199600798404,0.999168330204939,10010880
75f014a16a02,bdh_cq,propagate,37500,8,interp,"{""dim"": 1, ""distance"": 2, ""length"": 12, ""n_sources"": 1}",3,True,False,0,0.994994994994995,0.0070781459578232965,0.984984984984985,1.0,"[1.0, 1.0, 0.984984984984985]",0.984984984984985,1.0,0.994994994994995,0.9995829163490235,10010880
75f014a16a02,bdh_cq,propagate,37500,8,interp,"{""dim"": 1, ""distance"": 4, ""length"": 12, ""n_sources"": 1}",3,True,False,0,0.998998998998999,0.0014156291915646802,0.996996996996997,1.0,"[1.0, 0.996996996996997, 1.0]",0.9969969969969968,1.0,0.998998998998999,0.9999165832698047,10010880
75f014a16a02,bdh_cq,propagate,40000,8,interp,"{""dim"": 1, ""distance"": 1, ""length"": 12, ""n_sources"": 1}",3,True,False,0,0.9910179640718564,0.00488920108339955,0.9850299401197605,0.9970059880239521,"[0.9970059880239521, 0.9850299401197605, 0.9910179640718563]",0.9850299401197605,0.9970059880239521,0.9910179640718564,0.9992514971844452,10010880
75f014a16a02,bdh_cq,propagate,40000,8,interp,"{""dim"": 1, ""distance"": 2, ""length"": 12, ""n_sources"": 1}",3,True,False,0,0.994994994994995,0.0070781459578232965,0.984984984984985,1.0,"[1.0, 1.0, 0.984984984984985]",0.984984984984985,1.0,0.994994994994995,0.9995829163490235,10010880
75f014a16a02,bdh_cq,propagate,40000,8,interp,"{""dim"": 1, ""distance"": 4, ""length"": 12, ""n_sources"": 1}",3,True,False,0,0.998998998998999,0.0014156291915646802,0.996996996996997,1.0,"[1.0, 0.996996996996997, 1.0]",0.9969969969969968,1.0,0.998998998998999,0.9999165832698047,10010880
f0b8b7c55f92,bdh_cq,propagate,40000,8,interp,"{""dim"": 1, ""distance"": 1, ""length"": 12, ""n_sources"": 1}",3,True,False,0,0.0,0.0,0.0,0.0,"[0.0, 0.0, 0.0]",0.0,0.0,0.0,0.7420991299276105,10010880
f0b8b7c55f92,bdh_cq,propagate,40000,8,interp,"{""dim"": 1, ""distance"": 2, ""length"": 12, ""n_sources"": 1}",3,True,False,0,0.0,0.0,0.0,0.0,"[0.0, 0.0, 0.0]",0.0,0.0,0.0,0.6940273572136094,10010880
f0b8b7c55f92,bdh_cq,propagate,40000,8,interp,"{""dim"": 1, ""distance"": 4, ""length"": 12, ""n_sources"": 1}",3,True,False,0,0.0,0.0,0.0,0.0,"[0.0, 0.0, 0.0]",0.0,0.0,0.0,0.5838338352657773,10010880
75f014a16a02,bdh_cq,propagate,40000,16,interp,"{""dim"": 1, ""distance"": 1, ""length"": 12, ""n_sources"": 1}",3,True,False,0,0.0,0.0,0.0,0.0,"[0.0, 0.0, 0.0]",0.0,0.0,0.0,0.763556218462552,10010880
75f014a16a02,bdh_cq,propagate,40000,16,interp,"{""dim"": 1, ""distance"": 2, ""length"": 12, ""n_sources"": 1}",3,True,False,0,0.008008008008008008,0.007490805579127009,0.0,0.018018018018018018,"[0.006006006006006006, 0.018018018018018018, 0.0]",0.0,0.018018018018018018,0.008008008008008008,0.7515015015313337,10010880
75f014a16a02,bdh_cq,propagate,40000,16,interp,"{""dim"": 1, ""distance"": 4, ""length"": 12, ""n_sources"": 1}",3,True,False,0,0.001001001001001001,0.0014156291915646596,0.0,0.003003003003003003,"[0.0, 0.003003003003003003, 0.0]",0.0,0.003003003003003003,0.001001001001001001,0.7417417397429874,10010880
f0b8b7c55f92,bdh_cq,propagate,2500,16,interp,"{""dim"": 1, ""distance"": 1, ""length"": 12, ""n_sources"": 1}",3,True,False,0,0.0,0.0,0.0,0.0,"[0.0, 0.0, 0.0]",0.0,0.0,0.0,0.7958250057078645,10010880
f0b8b7c55f92,bdh_cq,propagate,2500,16,interp,"{""dim"": 1, ""distance"": 2, ""length"": 12, ""n_sources"": 1}",3,True,False,0,0.0,0.0,0.0,0.0,"[0.0, 0.0, 0.0]",0.0,0.0,0.0,0.7814481065079972,10010880
f0b8b7c55f92,bdh_cq,propagate,2500,16,interp,"{""dim"": 1, ""distance"": 4, ""length"": 12, ""n_sources"": 1}",3,True,False,0,0.0,0.0,0.0,0.0,"[0.0, 0.0, 0.0]",0.0,0.0,0.0,0.7640974196466478,10010880
f0b8b7c55f92,bdh_cq,propagate,5000,16,interp,"{""dim"": 1, ""distance"": 1, ""length"": 12, ""n_sources"": 1}",3,True,False,0,0.0,0.0,0.0,0.0,"[0.0, 0.0, 0.0]",0.0,0.0,0.0,0.7663838968365017,10010880
f0b8b7c55f92,bdh_cq,propagate,5000,16,interp,"{""dim"": 1, ""distance"": 2, ""length"": 12, ""n_sources"": 1}",3,True,False,0,0.0,0.0,0.0,0.0,"[0.0, 0.0, 0.0]",0.0,0.0,0.0,0.7548381710672999,10010880
f0b8b7c55f92,bdh_cq,propagate,5000,16,interp,"{""dim"": 1, ""distance"": 4, ""length"": 12, ""n_sources"": 1}",3,True,False,0,0.0,0.0,0.0,0.0,"[0.0, 0.0, 0.0]",0.0,0.0,0.0,0.7347347316321907,10010880
f0b8b7c55f92,bdh_cq,propagate,7500,16,interp,"{""dim"": 1, ""distance"": 1, ""length"": 12, ""n_sources"": 1}",3,True,False,0,0.0,0.0,0.0,0.0,"[0.0, 0.0, 0.0]",0.0,0.0,0.0,0.7831004591521151,10010880
f0b8b7c55f92,bdh_cq,propagate,7500,16,interp,"{""dim"": 1, ""distance"": 2, ""length"": 12, ""n_sources"": 1}",3,True,False,0,0.001001001001001001,0.0014156291915646596,0.0,0.003003003003003003,"[0.003003003003003003, 0.0, 0.0]",0.0,0.003003003003003003,0.001001001001001001,0.7742742699784441,10010880
f0b8b7c55f92,bdh_cq,propagate,7500,16,interp,"{""dim"": 1, ""distance"": 4, ""length"": 12, ""n_sources"": 1}",3,True,False,0,0.0,0.0,0.0,0.0,"[0.0, 0.0, 0.0]",0.0,0.0,0.0,0.7545879145522972,10010880
f0b8b7c55f92,bdh_cq,propagate,10000,16,interp,"{""dim"": 1, ""distance"": 1, ""length"": 12, ""n_sources"": 1}",3,True,False,0,0.0009980039920159682,0.0014113907808114721,0.0,0.0029940119760479044,"[0.0029940119760479044, 0.0, 0.0]",0.0,0.002994011976047905,0.0009980039920159682,0.7791916114424993,10010880
f0b8b7c55f92,bdh_cq,propagate,10000,16,interp,"{""dim"": 1, ""distance"": 2, ""length"": 12, ""n_sources"": 1}",3,True,False,0,0.0,0.0,0.0,0.0,"[0.0, 0.0, 0.0]",0.0,0.0,0.0,0.7771938561617553,10010880
f0b8b7c55f92,bdh_cq,propagate,10000,16,interp,"{""dim"": 1, ""distance"": 4, ""length"": 12, ""n_sources"": 1}",3,True,False,0,0.0,0.0,0.0,0.0,"[0.0, 0.0, 0.0]",0.0,0.0,0.0,0.7631798408351265,10010880
f0b8b7c55f92,bdh_cq,propagate,12500,16,interp,"{""dim"": 1, ""distance"": 1, ""length"": 12, ""n_sources"": 1}",3,True,False,0,0.0,0.0,0.0,0.0,"[0.0, 0.0, 0.0]",0.0,0.0,0.0,0.773037255018533,10010880
f0b8b7c55f92,bdh_cq,propagate,12500,16,interp,"{""dim"": 1, ""distance"": 2, ""length"": 12, ""n_sources"": 1}",3,True,False,0,0.0,0.0,0.0,0.0,"[0.0, 0.0, 0.0]",0.0,0.0,0.0,0.7635135108882839,10010880
f0b8b7c55f92,bdh_cq,propagate,12500,16,interp,"{""dim"": 1, ""distance"": 4, ""length"": 12, ""n_sources"": 1}",3,True,False,0,0.0,0.0,0.0,0.0,"[0.0, 0.0, 0.0]",0.0,0.0,0.0,0.7349015643766096,10010880
f0b8b7c55f92,bdh_cq,propagate,15000,16,interp,"{""dim"": 1, ""distance"": 1, ""length"": 12, ""n_sources"": 1}",3,True,False,0,0.0,0.0,0.0,0.0,"[0.0, 0.0, 0.0]",0.0,0.0,0.0,0.7464238166318324,10010880
f0b8b7c55f92,bdh_cq,propagate,15000,16,interp,"{""dim"": 1, ""distance"": 2, ""length"": 12, ""n_sources"": 1}",3,True,False,0,0.0,0.0,0.0,0.0,"[0.0, 0.0, 0.0]",0.0,0.0,0.0,0.7284784785530588,10010880
f0b8b7c55f92,bdh_cq,propagate,15000,16,interp,"{""dim"": 1, ""distance"": 4, ""length"": 12, ""n_sources"": 1}",3,True,False,0,0.0,0.0,0.0,0.0,"[0.0, 0.0, 0.0]",0.0,0.0,0.0,0.668168165453442,10010880
f0b8b7c55f92,bdh_cq,propagate,17500,16,interp,"{""dim"": 1, ""distance"": 1, ""length"": 12, ""n_sources"": 1}",3,True,False,0,0.0,0.0,0.0,0.0,"[0.0, 0.0, 0.0]",0.0,0.0,0.0,0.7712907476458483,10010880
f0b8b7c55f92,bdh_cq,propagate,17500,16,interp,"{""dim"": 1, ""distance"": 2, ""length"": 12, ""n_sources"": 1}",3,True,False,0,0.0,0.0,0.0,0.0,"[0.0, 0.0, 0.0]",0.0,0.0,0.0,0.7506673333045836,10010880
f0b8b7c55f92,bdh_cq,propagate,17500,16,interp,"{""dim"": 1, ""distance"": 4, ""length"": 12, ""n_sources"": 1}",3,True,False,0,0.0,0.0,0.0,0.0,"[0.0, 0.0, 0.0]",0.0,0.0,0.0,0.6826826786255097,10010880
f0b8b7c55f92,bdh_cq,propagate,20000,16,interp,"{""dim"": 1, ""distance"": 1, ""length"": 12, ""n_sources"": 1}",3,True,False,0,0.0,0.0,0.0,0.0,"[0.0, 0.0, 0.0]",0.0,0.0,0.0,0.7345309303311293,10010880
f0b8b7c55f92,bdh_cq,propagate,20000,16,interp,"{""dim"": 1, ""distance"": 2, ""length"": 12, ""n_sources"": 1}",3,True,False,0,0.0,0.0,0.0,0.0,"[0.0, 0.0, 0.0]",0.0,0.0,0.0,0.7243910538362669,10010880
f0b8b7c55f92,bdh_cq,propagate,20000,16,interp,"{""dim"": 1, ""distance"": 4, ""length"": 12, ""n_sources"": 1}",3,True,False,0,0.0,0.0,0.0,0.0,"[0.0, 0.0, 0.0]",0.0,0.0,0.0,0.679929924321485,10010880
f0b8b7c55f92,bdh_cq,propagate,22500,16,interp,"{""dim"": 1, ""distance"": 1, ""length"": 12, ""n_sources"": 1}",3,True,False,0,0.0,0.0,0.0,0.0,"[0.0, 0.0, 0.0]",0.0,0.0,0.0,0.728376575186105,10010880
f0b8b7c55f92,bdh_cq,propagate,22500,16,interp,"{""dim"": 1, ""distance"": 2, ""length"": 12, ""n_sources"": 1}",3,True,False,0,0.0,0.0,0.0,0.0,"[0.0, 0.0, 0.0]",0.0,0.0,0.0,0.7303136431419098,10010880
f0b8b7c55f92,bdh_cq,propagate,22500,16,interp,"{""dim"": 1, ""distance"": 4, ""length"": 12, ""n_sources"": 1}",3,True,False,0,0.0,0.0,0.0,0.0,"[0.0, 0.0, 0.0]",0.0,0.0,0.0,0.7039539464064188,10010880
f0b8b7c55f92,bdh_cq,propagate,25000,16,interp,"{""dim"": 1, ""distance"": 1, ""length"": 12, ""n_sources"": 1}",3,True,False,0,0.0,0.0,0.0,0.0,"[0.0, 0.0, 0.0]",0.0,0.0,0.0,0.7380239463554409,10010880
f0b8b7c55f92,bdh_cq,propagate,25000,16,interp,"{""dim"": 1, ""distance"": 2, ""length"": 12, ""n_sources"": 1}",3,True,False,0,0.0,0.0,0.0,0.0,"[0.0, 0.0, 0.0]",0.0,0.0,0.0,0.7463296565625285,10010880
f0b8b7c55f92,bdh_cq,propagate,25000,16,interp,"{""dim"": 1, ""distance"": 4, ""length"": 12, ""n_sources"": 1}",3,True,False,0,0.0,0.0,0.0,0.0,"[0.0, 0.0, 0.0]",0.0,0.0,0.0,0.71871871278212,10010880
f0b8b7c55f92,bdh_cq,propagate,27500,16,interp,"{""dim"": 1, ""distance"": 1, ""length"": 12, ""n_sources"": 1}",3,True,False,0,0.0,0.0,0.0,0.0,"[0.0, 0.0, 0.0]",0.0,0.0,0.0,0.7457584755684801,10010880
f0b8b7c55f92,bdh_cq,propagate,27500,16,interp,"{""dim"": 1, ""distance"": 2, ""length"": 12, ""n_sources"": 1}",3,True,False,0,0.0,0.0,0.0,0.0,"[0.0, 0.0, 0.0]",0.0,0.0,0.0,0.7545044971956266,10010880
f0b8b7c55f92,bdh_cq,propagate,27500,16,interp,"{""dim"": 1, ""distance"": 4, ""length"": 12, ""n_sources"": 1}",3,True,False,0,0.0,0.0,0.0,0.0,"[0.0, 0.0, 0.0]",0.0,0.0,0.0,0.7239739684550255,10010880
f0b8b7c55f92,bdh_cq,propagate,30000,16,interp,"{""dim"": 1, ""distance"": 1, ""length"": 12, ""n_sources"": 1}",3,True,False,0,0.0,0.0,0.0,0.0,"[0.0, 0.0, 0.0]",0.0,0.0,0.0,0.7399367864974243,10010880
f0b8b7c55f92,bdh_cq,propagate,30000,16,interp,"{""dim"": 1, ""distance"": 2, ""length"": 12, ""n_sources"": 1}",3,True,False,0,0.0,0.0,0.0,0.0,"[0.0, 0.0, 0.0]",0.0,0.0,0.0,0.7496663264266482,10010880
f0b8b7c55f92,bdh_cq,propagate,30000,16,interp,"{""dim"": 1, ""distance"": 4, ""length"": 12, ""n_sources"": 1}",3,True,False,0,0.0,0.0,0.0,0.0,"[0.0, 0.0, 0.0]",0.0,0.0,0.0,0.7333166435495153,10010880
f0b8b7c55f92,bdh_cq,propagate,32500,16,interp,"{""dim"": 1, ""distance"": 1, ""length"": 12, ""n_sources"": 1}",3,True,False,0,0.0,0.0,0.0,0.0,"[0.0, 0.0, 0.0]",0.0,0.0,0.0,0.741932794927599,10010880
f0b8b7c55f92,bdh_cq,propagate,32500,16,interp,"{""dim"": 1, ""distance"": 2, ""length"": 12, ""n_sources"": 1}",3,True,False,0,0.0,0.0,0.0,0.0,"[0.0, 0.0, 0.0]",0.0,0.0,0.0,0.7554220811979429,10010880
f0b8b7c55f92,bdh_cq,propagate,32500,16,interp,"{""dim"": 1, ""distance"": 4, ""length"": 12, ""n_sources"": 1}",3,True,False,0,0.0,0.0,0.0,0.0,"[0.0, 0.0, 0.0]",0.0,0.0,0.0,0.753002994709664,10010880
f0b8b7c55f92,bdh_cq,propagate,35000,16,interp,"{""dim"": 1, ""distance"": 1, ""length"": 12, ""n_sources"": 1}",3,True,False,0,0.0,0.0,0.0,0.0,"[0.0, 0.0, 0.0]",0.0,0.0,0.0,0.7470891491143764,10010880
f0b8b7c55f92,bdh_cq,propagate,35000,16,interp,"{""dim"": 1, ""distance"": 2, ""length"": 12, ""n_sources"": 1}",3,True,False,0,0.0,0.0,0.0,0.0,"[0.0, 0.0, 0.0]",0.0,0.0,0.0,0.7567567495970396,10010880
f0b8b7c55f92,bdh_cq,propagate,35000,16,interp,"{""dim"": 1, ""distance"": 4, ""length"": 12, ""n_sources"": 1}",3,True,False,0,0.0,0.0,0.0,0.0,"[0.0, 0.0, 0.0]",0.0,0.0,0.0,0.7350683953310991,10010880
f0b8b7c55f92,bdh_cq,propagate,37500,16,interp,"{""dim"": 1, ""distance"": 1, ""length"": 12, ""n_sources"": 1}",3,True,False,0,0.0,0.0,0.0,0.0,"[0.0, 0.0, 0.0]",0.0,0.0,0.0,0.7436793015864556,10010880
f0b8b7c55f92,bdh_cq,propagate,37500,16,interp,"{""dim"": 1, ""distance"": 2, ""length"": 12, ""n_sources"": 1}",3,True,False,0,0.0,0.0,0.0,0.0,"[0.0, 0.0, 0.0]",0.0,0.0,0.0,0.7526693286241831,10010880
f0b8b7c55f92,bdh_cq,propagate,37500,16,interp,"{""dim"": 1, ""distance"": 4, ""length"": 12, ""n_sources"": 1}",3,True,False,0,0.0,0.0,0.0,0.0,"[0.0, 0.0, 0.0]",0.0,0.0,0.0,0.7374874806857562,10010880
f0b8b7c55f92,bdh_cq,propagate,40000,16,interp,"{""dim"": 1, ""distance"": 1, ""length"": 12, ""n_sources"": 1}",3,True,False,0,0.0,0.0,0.0,0.0,"[0.0, 0.0, 0.0]",0.0,0.0,0.0,0.7458416432023286,10010880
f0b8b7c55f92,bdh_cq,propagate,40000,16,interp,"{""dim"": 1, ""distance"": 2, ""length"": 12, ""n_sources"": 1}",3,True,False,0,0.0,0.0,0.0,0.0,"[0.0, 0.0, 0.0]",0.0,0.0,0.0,0.7552552482446989,10010880
f0b8b7c55f92,bdh_cq,propagate,40000,16,interp,"{""dim"": 1, ""distance"": 4, ""length"": 12, ""n_sources"": 1}",3,True,False,0,0.0,0.0,0.0,0.0,"[0.0, 0.0, 0.0]",0.0,0.0,0.0,0.7386553153858051,10010880
75f014a16a02,bdh_cq,propagate,2500,32,interp,"{""dim"": 1, ""distance"": 1, ""length"": 12, ""n_sources"": 1}",3,True,False,0,0.0,0.0,0.0,0.0,"[0.0, 0.0, 0.0]",0.0,0.0,0.0,0.7920824916300897,10010880
75f014a16a02,bdh_cq,propagate,2500,32,interp,"{""dim"": 1, ""distance"": 2, ""length"": 12, ""n_sources"": 1}",3,True,False,0,0.0,0.0,0.0,0.0,"[0.0, 0.0, 0.0]",0.0,0.0,0.0,0.7741074338331595,10010880
75f014a16a02,bdh_cq,propagate,2500,32,interp,"{""dim"": 1, ""distance"": 4, ""length"": 12, ""n_sources"": 1}",3,True,False,0,0.0,0.0,0.0,0.0,"[0.0, 0.0, 0.0]",0.0,0.0,0.0,0.7519185747112239,10010880
75f014a16a02,bdh_cq,propagate,5000,32,interp,"{""dim"": 1, ""distance"": 1, ""length"": 12, ""n_sources"": 1}",3,True,False,0,0.0,0.0,0.0,0.0,"[0.0, 0.0, 0.0]",0.0,0.0,0.0,0.7505821703734274,10010880
75f014a16a02,bdh_cq,propagate,5000,32,interp,"{""dim"": 1, ""distance"": 2, ""length"": 12, ""n_sources"": 1}",3,True,False,0,0.0,0.0,0.0,0.0,"[0.0, 0.0, 0.0]",0.0,0.0,0.0,0.7256423104871382,10010880
75f014a16a02,bdh_cq,propagate,5000,32,interp,"{""dim"": 1, ""distance"": 4, ""length"": 12, ""n_sources"": 1}",3,True,False,0,0.0,0.0,0.0,0.0,"[0.0, 0.0, 0.0]",0.0,0.0,0.0,0.6898565202265292,10010880
75f014a16a02,bdh_cq,propagate,7500,32,interp,"{""dim"": 1, ""distance"": 1, ""length"": 12, ""n_sources"": 1}",3,True,False,0,0.0,0.0,0.0,0.0,"[0.0, 0.0, 0.0]",0.0,0.0,0.0,0.7485861632519377,10010880
75f014a16a02,bdh_cq,propagate,7500,32,interp,"{""dim"": 1, ""distance"": 2, ""length"": 12, ""n_sources"": 1}",3,True,False,0,0.0,0.0,0.0,0.0,"[0.0, 0.0, 0.0]",0.0,0.0,0.0,0.741658324534232,10010880
75f014a16a02,bdh_cq,propagate,7500,32,interp,"{""dim"": 1, ""distance"": 4, ""length"": 12, ""n_sources"": 1}",3,True,False,0,0.001001001001001001,0.0014156291915646596,0.0,0.003003003003003003,"[0.003003003003003003, 0.0, 0.0]",0.0,0.003003003003003003,0.001001001001001001,0.7264764751936937,10010880
75f014a16a02,bdh_cq,propagate,10000,32,interp,"{""dim"": 1, ""distance"": 1, ""length"": 12, ""n_sources"": 1}",3,True,False,0,0.0,0.0,0.0,0.0,"[0.0, 0.0, 0.0]",0.0,0.0,0.0,0.7514970089176934,10010880
75f014a16a02,bdh_cq,propagate,10000,32,interp,"{""dim"": 1, ""distance"": 2, ""length"": 12, ""n_sources"": 1}",3,True,False,0,0.0,0.0,0.0,0.0,"[0.0, 0.0, 0.0]",0.0,0.0,0.0,0.740657325084503,10010880
75f014a16a02,bdh_cq,propagate,10000,32,interp,"{""dim"": 1, ""distance"": 4, ""length"": 12, ""n_sources"": 1}",3,True,False,0,0.0,0.0,0.0,0.0,"[0.0, 0.0, 0.0]",0.0,0.0,0.0,0.7198031360322649,10010880
75f014a16a02,bdh_cq,propagate,12500,32,interp,"{""dim"": 1, ""distance"": 1, ""length"": 12, ""n_sources"": 1}",3,True,False,0,0.0009980039920159682,0.0014113907808114721,0.0,0.0029940119760479044,"[0.0029940119760479044, 0.0, 0.0]",0.0,0.002994011976047905,0.0009980039920159682,0.7610612114270529,10010880
75f014a16a02,bdh_cq,propagate,12500,32,interp,"{""dim"": 1, ""distance"": 2, ""length"": 12, ""n_sources"": 1}",3,True,False,0,0.002002002002002002,0.002831258383129319,0.0,0.006006006006006006,"[0.006006006006006006, 0.0, 0.0]",0.0,0.006006006006006006,0.002002002002002002,0.7510010025821052,10010880
75f014a16a02,bdh_cq,propagate,12500,32,interp,"{""dim"": 1, ""distance"": 4, ""length"": 12, ""n_sources"": 1}",3,True,False,0,0.0,0.0,0.0,0.0,"[0.0, 0.0, 0.0]",0.0,0.0,0.0,0.7162996310371536,10010880
75f014a16a02,bdh_cq,propagate,15000,32,interp,"{""dim"": 1, ""distance"": 1, ""length"": 12, ""n_sources"": 1}",3,True,False,0,0.0,0.0,0.0,0.0,"[0.0, 0.0, 0.0]",0.0,0.0,0.0,0.7744510945326791,10010880
75f014a16a02,bdh_cq,propagate,15000,32,interp,"{""dim"": 1, ""distance"": 2, ""length"": 12, ""n_sources"": 1}",3,True,False,0,0.0,0.0,0.0,0.0,"[0.0, 0.0, 0.0]",0.0,0.0,0.0,0.7702702682416837,10010880
75f014a16a02,bdh_cq,propagate,15000,32,interp,"{""dim"": 1, ""distance"": 4, ""length"": 12, ""n_sources"": 1}",3,True,False,0,0.002002002002002002,0.0014156291915646596,0.0,0.003003003003003003,"[0.003003003003003003, 0.003003003003003003, 0.0]",0.0,0.003003003003003003,0.002002002002002002,0.7580080037121778,10010880
75f014a16a02,bdh_cq,propagate,17500,32,interp,"{""dim"": 1, ""distance"": 1, ""length"": 12, ""n_sources"": 1}",3,True,False,0,0.0009980039920159682,0.0014113907808114721,0.0,0.0029940119760479044,"[0.0029940119760479044, 0.0, 0.0]",0.0,0.002994011976047905,0.0009980039920159682,0.7887558176845847,10010880
75f014a16a02,bdh_cq,propagate,17500,32,interp,"{""dim"": 1, ""distance"": 2, ""length"": 12, ""n_sources"": 1}",3,True,False,0,0.001001001001001001,0.0014156291915646596,0.0,0.003003003003003003,"[0.003003003003003003, 0.0, 0.0]",0.0,0.003003003003003003,0.001001001001001001,0.7747747727163561,10010880
75f014a16a02,bdh_cq,propagate,17500,32,interp,"{""dim"": 1, ""distance"": 4, ""length"": 12, ""n_sources"": 1}",3,True,False,0,0.0,0.0,0.0,0.0,"[0.0, 0.0, 0.0]",0.0,0.0,0.0,0.7501668282248476,10010880
75f014a16a02,bdh_cq,propagate,20000,32,interp,"{""dim"": 1, ""distance"": 1, ""length"": 12, ""n_sources"": 1}",3,True,False,0,0.0019960079840319364,0.0028227815616229442,0.0,0.005988023952095809,"[0.005988023952095809, 0.0, 0.0]",0.0,0.00598802395209581,0.0019960079840319364,0.8003991942205829,10010880
75f014a16a02,bdh_cq,propagate,20000,32,interp,"{""dim"": 1, ""distance"": 2, ""length"": 12, ""n_sources"": 1}",3,True,False,0,0.004004004004004004,0.005662516766258638,0.0,0.012012012012012012,"[0.012012012012012012, 0.0, 0.0]",0.0,0.012012012012012012,0.004004004004004004,0.792876203914543,10010880
75f014a16a02,bdh_cq,propagate,20000,32,interp,"{""dim"": 1, ""distance"": 4, ""length"": 12, ""n_sources"": 1}",3,True,False,0,0.0,0.0,0.0,0.0,"[0.0, 0.0, 0.0]",0.0,0.0,0.0,0.7818651914119243,10010880
75f014a16a02,bdh_cq,propagate,22500,32,interp,"{""dim"": 1, ""distance"": 1, ""length"": 12, ""n_sources"": 1}",3,True,False,0,0.0009980039920159682,0.0014113907808114721,0.0,0.0029940119760479044,"[0.0029940119760479044, 0.0, 0.0]",0.0,0.002994011976047905,0.0009980039920159682,0.7875083106423091,10010880
75f014a16a02,bdh_cq,propagate,22500,32,interp,"{""dim"": 1, ""distance"": 2, ""length"": 12, ""n_sources"": 1}",3,True,False,0,0.0,0.0,0.0,0.0,"[0.0, 0.0, 0.0]",0.0,0.0,0.0,0.7777777730941295,10010880
75f014a16a02,bdh_cq,propagate,22500,32,interp,"{""dim"": 1, ""distance"": 4, ""length"": 12, ""n_sources"": 1}",3,True,False,0,0.001001001001001001,0.0014156291915646596,0.0,0.003003003003003003,"[0.0, 0.003003003003003003, 0.0]",0.0,0.003003003003003003,0.001001001001001001,0.7733566842458628,10010880
75f014a16a02,bdh_cq,propagate,25000,32,interp,"{""dim"": 1, ""distance"": 1, ""length"": 12, ""n_sources"": 1}",3,True,False,0,0.0,0.0,0.0,0.0,"[0.0, 0.0, 0.0]",0.0,0.0,0.0,0.7878409778762482,10010880
75f014a16a02,bdh_cq,propagate,25000,32,interp,"{""dim"": 1, ""distance"": 2, ""length"": 12, ""n_sources"": 1}",3,True,False,0,0.001001001001001001,0.0014156291915646596,0.0,0.003003003003003003,"[0.003003003003003003, 0.0, 0.0]",0.0,0.003003003003003003,0.001001001001001001,0.7838671949055341,10010880
75f014a16a02,bdh_cq,propagate,25000,32,interp,"{""dim"": 1, ""distance"": 4, ""length"": 12, ""n_sources"": 1}",3,True,False,0,0.0,0.0,0.0,0.0,"[0.0, 0.0, 0.0]",0.0,0.0,0.0,0.7682682617946908,10010880
75f014a16a02,bdh_cq,propagate,27500,32,interp,"{""dim"": 1, ""distance"": 1, ""length"": 12, ""n_sources"": 1}",3,True,False,0,0.0,0.0,0.0,0.0,"[0.0, 0.0, 0.0]",0.0,0.0,0.0,0.7944943355823942,10010880
75f014a16a02,bdh_cq,propagate,27500,32,interp,"{""dim"": 1, ""distance"": 2, ""length"": 12, ""n_sources"": 1}",3,True,False,0,0.0,0.0,0.0,0.0,"[0.0, 0.0, 0.0]",0.0,0.0,0.0,0.7852852788415398,10010880
75f014a16a02,bdh_cq,propagate,27500,32,interp,"{""dim"": 1, ""distance"": 4, ""length"": 12, ""n_sources"": 1}",3,True,False,0,0.0,0.0,0.0,0.0,"[0.0, 0.0, 0.0]",0.0,0.0,0.0,0.7684350943899488,10010880
75f014a16a02,bdh_cq,propagate,30000,32,interp,"{""dim"": 1, ""distance"": 1, ""length"": 12, ""n_sources"": 1}",3,True,False,0,0.0,0.0,0.0,0.0,"[0.0, 0.0, 0.0]",0.0,0.0,0.0,0.7896706505628402,10010880
75f014a16a02,bdh_cq,propagate,30000,32,interp,"{""dim"": 1, ""distance"": 2, ""length"": 12, ""n_sources"": 1}",3,True,False,0,0.001001001001001001,0.0014156291915646596,0.0,0.003003003003003003,"[0.003003003003003003, 0.0, 0.0]",0.0,0.003003003003003003,0.001001001001001001,0.7766099381255912,10010880
75f014a16a02,bdh_cq,propagate,30000,32,interp,"{""dim"": 1, ""distance"": 4, ""length"": 12, ""n_sources"": 1}",3,True,False,0,0.0,0.0,0.0,0.0,"[0.0, 0.0, 0.0]",0.0,0.0,0.0,0.7555054989125994,10010880
75f014a16a02,bdh_cq,propagate,32500,32,interp,"{""dim"": 1, ""distance"": 1, ""length"": 12, ""n_sources"": 1}",3,True,False,0,0.0,0.0,0.0,0.0,"[0.0, 0.0, 0.0]",0.0,0.0,0.0,0.7926646622117172,10010880
75f014a16a02,bdh_cq,propagate,32500,32,interp,"{""dim"": 1, ""distance"": 2, ""length"": 12, ""n_sources"": 1}",3,True,False,0,0.0,0.0,0.0,0.0,"[0.0, 0.0, 0.0]",0.0,0.0,0.0,0.7808641921411882,10010880
75f014a16a02,bdh_cq,propagate,32500,32,interp,"{""dim"": 1, ""distance"": 4, ""length"": 12, ""n_sources"": 1}",3,True,False,0,0.0,0.0,0.0,0.0,"[0.0, 0.0, 0.0]",0.0,0.0,0.0,0.7520019950809421,10010880
75f014a16a02,bdh_cq,propagate,35000,32,interp,"{""dim"": 1, ""distance"": 1, ""length"": 12, ""n_sources"": 1}",3,True,False,0,0.0,0.0,0.0,0.0,"[0.0, 0.0, 0.0]",0.0,0.0,0.0,0.7957418403939572,10010880
75f014a16a02,bdh_cq,propagate,35000,32,interp,"{""dim"": 1, ""distance"": 2, ""length"": 12, ""n_sources"": 1}",3,True,False,0,0.0,0.0,0.0,0.0,"[0.0, 0.0, 0.0]",0.0,0.0,0.0,0.7837837771610455,10010880
75f014a16a02,bdh_cq,propagate,35000,32,interp,"{""dim"": 1, ""distance"": 4, ""length"": 12, ""n_sources"": 1}",3,True,False,0,0.0,0.0,0.0,0.0,"[0.0, 0.0, 0.0]",0.0,0.0,0.0,0.7603436698009064,10010880
75f014a16a02,bdh_cq,propagate,37500,32,interp,"{""dim"": 1, ""distance"": 1, ""length"": 12, ""n_sources"": 1}",3,True,False,0,0.0,0.0,0.0,0.0,"[0.0, 0.0, 0.0]",0.0,0.0,0.0,0.7954923396041531,10010880
75f014a16a02,bdh_cq,propagate,37500,32,interp,"{""dim"": 1, ""distance"": 2, ""length"": 12, ""n_sources"": 1}",3,True,False,0,0.0,0.0,0.0,0.0,"[0.0, 0.0, 0.0]",0.0,0.0,0.0,0.7828661930692328,10010880
75f014a16a02,bdh_cq,propagate,37500,32,interp,"{""dim"": 1, ""distance"": 4, ""length"": 12, ""n_sources"": 1}",3,True,False,0,0.0,0.0,0.0,0.0,"[0.0, 0.0, 0.0]",0.0,0.0,0.0,0.7599265856427831,10010880
75f014a16a02,bdh_cq,propagate,40000,32,interp,"{""dim"": 1, ""distance"": 1, ""length"": 12, ""n_sources"": 1}",3,True,False,0,0.0,0.0,0.0,0.0,"[0.0, 0.0, 0.0]",0.0,0.0,0.0,0.7929141629122927,10010880
75f014a16a02,bdh_cq,propagate,40000,32,interp,"{""dim"": 1, ""distance"": 2, ""length"": 12, ""n_sources"": 1}",3,True,False,0,0.001001001001001001,0.0014156291915646596,0.0,0.003003003003003003,"[0.003003003003003003, 0.0, 0.0]",0.0,0.003003003003003003,0.001001001001001001,0.7814481081189335,10010880
75f014a16a02,bdh_cq,propagate,40000,32,interp,"{""dim"": 1, ""distance"": 4, ""length"": 12, ""n_sources"": 1}",3,True,False,0,0.0,0.0,0.0,0.0,"[0.0, 0.0, 0.0]",0.0,0.0,0.0,0.7577577507173693,10010880
f0b8b7c55f92,bdh_cq,propagate,40000,32,interp,"{""dim"": 1, ""distance"": 1, ""length"": 12, ""n_sources"": 1}",3,True,False,0,0.0,0.0,0.0,0.0,"[0.0, 0.0, 0.0]",0.0,0.0,0.0,0.7470891561931717,10010880
f0b8b7c55f92,bdh_cq,propagate,40000,32,interp,"{""dim"": 1, ""distance"": 2, ""length"": 12, ""n_sources"": 1}",3,True,False,0,0.0,0.0,0.0,0.0,"[0.0, 0.0, 0.0]",0.0,0.0,0.0,0.6839339447331739,10010880
f0b8b7c55f92,bdh_cq,propagate,40000,32,interp,"{""dim"": 1, ""distance"": 4, ""length"": 12, ""n_sources"": 1}",3,True,False,0,0.0,0.0,0.0,0.0,"[0.0, 0.0, 0.0]",0.0,0.0,0.0,0.5600600575839912,10010880
75f014a16a02,bdh_cq,propagate,2500,1,mild,"{""dim"": 1, ""distance"": 6, ""length"": 12, ""n_sources"": 1}",3,True,False,0,0.0,0.0,0.0,0.0,"[0.0, 0.0, 0.0]",0.0,0.0,0.0,0.7869444331924119,10010880
75f014a16a02,bdh_cq,propagate,2500,1,mild,"{""dim"": 1, ""distance"": 8, ""length"": 12, ""n_sources"": 1}",3,True,False,0,0.0,0.0,0.0,0.0,"[0.0, 0.0, 0.0]",0.0,0.0,0.0,0.7919999877214431,10010880
75f014a16a02,bdh_cq,propagate,5000,1,mild,"{""dim"": 1, ""distance"": 6, ""length"": 12, ""n_sources"": 1}",3,True,False,0,0.0,0.0,0.0,0.0,"[0.0, 0.0, 0.0]",0.0,0.0,0.0,0.8082777631282806,10010880
75f014a16a02,bdh_cq,propagate,5000,1,mild,"{""dim"": 1, ""distance"": 8, ""length"": 12, ""n_sources"": 1}",3,True,False,0,0.0,0.0,0.0,0.0,"[0.0, 0.0, 0.0]",0.0,0.0,0.0,0.807833318710327,10010880
75f014a16a02,bdh_cq,propagate,7500,1,mild,"{""dim"": 1, ""distance"": 6, ""length"": 12, ""n_sources"": 1}",3,True,False,0,0.0,0.0,0.0,0.0,"[0.0, 0.0, 0.0]",0.0,0.0,0.0,0.781388876914978,10010880
75f014a16a02,bdh_cq,propagate,7500,1,mild,"{""dim"": 1, ""distance"": 8, ""length"": 12, ""n_sources"": 1}",3,True,False,0,0.0,0.0,0.0,0.0,"[0.0, 0.0, 0.0]",0.0,0.0,0.0,0.7615555426081021,10010880
75f014a16a02,bdh_cq,propagate,10000,1,mild,"{""dim"": 1, ""distance"": 6, ""length"": 12, ""n_sources"": 1}",3,True,False,0,0.0013333333333333333,0.0018856180831641268,0.0,0.004,"[0.0, 0.004, 0.0]",0.0,0.004,0.0013333333333333333,0.7552777676979702,10010880
75f014a16a02,bdh_cq,propagate,10000,1,mild,"{""dim"": 1, ""distance"": 8, ""length"": 12, ""n_sources"": 1}",3,True,False,0,0.0,0.0,0.0,0.0,"[0.0, 0.0, 0.0]",0.0,0.0,0.0,0.7327222114503383,10010880
75f014a16a02,bdh_cq,propagate,12500,1,mild,"{""dim"": 1, ""distance"": 6, ""length"": 12, ""n_sources"": 1}",3,True,False,0,0.004,0.001632993161855452,0.002,0.006,"[0.002, 0.006, 0.004]",0.002,0.006000000000000001,0.004,0.7639999949534735,10010880
75f014a16a02,bdh_cq,propagate,12500,1,mild,"{""dim"": 1, ""distance"": 8, ""length"": 12, ""n_sources"": 1}",3,True,False,0,0.0006666666666666666,0.0009428090415820634,0.0,0.002,"[0.0, 0.002, 0.0]",0.0,0.002,0.0006666666666666666,0.7299444374144076,10010880
75f014a16a02,bdh_cq,propagate,15000,1,mild,"{""dim"": 1, ""distance"": 6, ""length"": 12, ""n_sources"": 1}",3,True,False,0,0.005333333333333333,0.00339934634239519,0.002,0.01,"[0.002, 0.004, 0.01]",0.002,0.01,0.005333333333333333,0.802833330432574,10010880
75f014a16a02,bdh_cq,propagate,15000,1,mild,"{""dim"": 1, ""distance"": 8, ""length"": 12, ""n_sources"": 1}",3,True,False,0,0.0013333333333333333,0.0009428090415820634,0.0,0.002,"[0.0, 0.002, 0.002]",0.0,0.002,0.0013333333333333333,0.7459999948342642,10010880
75f014a16a02,bdh_cq,propagate,17500,1,mild,"{""dim"": 1, ""distance"": 6, ""length"": 12, ""n_sources"": 1}",3,True,False,0,0.06133333333333333,0.046942044646090524,0.0,0.114,"[0.07, 0.0, 0.114]",0.0,0.114,0.06133333333333333,0.831500000476837,10010880
75f014a16a02,bdh_cq,propagate,17500,1,mild,"{""dim"": 1, ""distance"": 8, ""length"": 12, ""n_sources"": 1}",3,True,False,0,0.005999999999999999,0.00848528137423857,0.0,0.018,"[0.0, 0.0, 0.018]",0.0,0.018,0.005999999999999999,0.7441666620572408,10010880
75f014a16a02,bdh_cq,propagate,20000,1,mild,"{""dim"": 1, ""distance"": 6, ""length"": 12, ""n_sources"": 1}",3,True,False,0,0.17733333333333334,0.21225351718064778,0.002,0.476,"[0.054, 0.002, 0.476]",0.002,0.476,0.17733333333333334,0.8360000018278758,10010880
75f014a16a02,bdh_cq,propagate,20000,1,mild,"{""dim"": 1, ""distance"": 8, ""length"": 12, ""n_sources"": 1}",3,True,False,0,0.02266666666666667,0.026599916457680003,0.0,0.06,"[0.008, 0.0, 0.06]",0.0,0.06,0.02266666666666667,0.7382777751882871,10010880
75f014a16a02,bdh_cq,propagate,22500,1,mild,"{""dim"": 1, ""distance"": 6, ""length"": 12, ""n_sources"": 1}",3,True,False,0,0.19933333333333333,0.21929178937864702,0.006,0.506,"[0.086, 0.006, 0.506]",0.006000000000000001,0.506,0.19933333333333333,0.8491111140251159,10010880
75f014a16a02,bdh_cq,propagate,22500,1,mild,"{""dim"": 1, ""distance"": 8, ""length"": 12, ""n_sources"": 1}",3,True,False,0,0.026,0.018402898322456347,0.0,0.04,"[0.04, 0.0, 0.038]",0.0,0.04,0.026,0.7523888865113258,10010880
75f014a16a02,bdh_cq,propagate,25000,1,mild,"{""dim"": 1, ""distance"": 6, ""length"": 12, ""n_sources"": 1}",3,True,False,0,0.15,0.1753396703544295,0.0,0.396,"[0.054, 0.0, 0.396]",0.0,0.3960000000000001,0.15,0.8387222247123719,10010880
75f014a16a02,bdh_cq,propagate,25000,1,mild,"{""dim"": 1, ""distance"": 8, ""length"": 12, ""n_sources"": 1}",3,True,False,0,0.012666666666666666,0.010624918300339485,0.0,0.026,"[0.026, 0.0, 0.012]",0.0,0.026,0.012666666666666666,0.7534444388548532,10010880
75f014a16a02,bdh_cq,propagate,27500,1,mild,"{""dim"": 1, ""distance"": 6, ""length"": 12, ""n_sources"": 1}",3,True,False,0,0.18133333333333335,0.18305069121845882,0.0,0.432,"[0.112, 0.0, 0.432]",0.0,0.432,0.18133333333333335,0.8577222243944803,10010880
75f014a16a02,bdh_cq,propagate,27500,1,mild,"{""dim"": 1, ""distance"": 8, ""length"": 12, ""n_sources"": 1}",3,True,False,0,0.005333333333333333,0.006182412330330469,0.0,0.014,"[0.014, 0.0, 0.002]",0.0,0.014,0.005333333333333333,0.7528888825774193,10010880
75f014a16a02,bdh_cq,propagate,30000,1,mild,"{""dim"": 1, ""distance"": 6, ""length"": 12, ""n_sources"": 1}",3,True,False,0,0.19133333333333333,0.20769421968097448,0.0,0.48,"[0.094, 0.0, 0.48]",0.0,0.48,0.19133333333333333,0.8645000018278758,10010880
75f014a16a02,bdh_cq,propagate,30000,1,mild,"{""dim"": 1, ""distance"": 8, ""length"": 12, ""n_sources"": 1}",3,True,False,0,0.012666666666666666,0.008993825042154695,0.0,0.02,"[0.02, 0.0, 0.018]",0.0,0.02,0.012666666666666666,0.7505555497606595,10010880
75f014a16a02,bdh_cq,propagate,32500,1,mild,"{""dim"": 1, ""distance"": 6, ""length"": 12, ""n_sources"": 1}",3,True,False,0,0.17933333333333334,0.16589420993177817,0.0,0.4,"[0.138, 0.0, 0.4]",0.0,0.4000000000000001,0.17933333333333334,0.8623888921737671,10010880
75f014a16a02,bdh_cq,propagate,32500,1,mild,"{""dim"": 1, ""distance"": 8, ""length"": 12, ""n_sources"": 1}",3,True,False,0,0.005999999999999999,0.00848528137423857,0.0,0.018,"[0.018, 0.0, 0.0]",0.0,0.018,0.005999999999999999,0.7419444386164348,10010880
75f014a16a02,bdh_cq,propagate,35000,1,mild,"{""dim"": 1, ""distance"": 6, ""length"": 12, ""n_sources"": 1}",3,True,False,0,0.18400000000000002,0.1775687660222559,0.0,0.424,"[0.128, 0.0, 0.424]",0.0,0.424,0.18400000000000002,0.8593333367904027,10010880
75f014a16a02,bdh_cq,propagate,35000,1,mild,"{""dim"": 1, ""distance"": 8, ""length"": 12, ""n_sources"": 1}",3,True,False,0,0.006000000000000001,0.004898979485566357,0.0,0.012,"[0.012, 0.0, 0.006]",0.0,0.012000000000000002,0.006000000000000001,0.7391666604876518,10010880
75f014a16a02,bdh_cq,propagate,37500,1,mild,"{""dim"": 1, ""distance"": 6, ""length"": 12, ""n_sources"": 1}",3,True,False,0,0.20333333333333334,0.1894013962168413,0.0,0.456,"[0.154, 0.0, 0.456]",0.0,0.456,0.20333333333333334,0.8620000033378602,10010880
75f014a16a02,bdh_cq,propagate,37500,1,mild,"{""dim"": 1, ""distance"": 8, ""length"": 12, ""n_sources"": 1}",3,True,False,0,0.011333333333333334,0.014636332266733432,0.0,0.032,"[0.032, 0.0, 0.002]",0.0,0.032,0.011333333333333334,0.7407777726252874,10010880
75f014a16a02,bdh_cq,propagate,40000,1,mild,"{""dim"": 1, ""distance"": 6, ""length"": 12, ""n_sources"": 1}",3,True,False,0,0.21133333333333335,0.19373062627152052,0.0,0.468,"[0.166, 0.0, 0.468]",0.0,0.468,0.21133333333333335,0.8663888921737671,10010880
75f014a16a02,bdh_cq,propagate,40000,1,mild,"{""dim"": 1, ""distance"": 8, ""length"": 12, ""n_sources"": 1}",3,True,False,0,0.011333333333333334,0.013299958228840001,0.0,0.03,"[0.03, 0.0, 0.004]",0.0,0.03,0.011333333333333334,0.7412222170233727,10010880
f0b8b7c55f92,bdh_cq,propagate,2500,1,mild,"{""dim"": 1, ""distance"": 6, ""length"": 12, ""n_sources"": 1}",3,True,False,0,0.0,0.0,0.0,0.0,"[0.0, 0.0, 0.0]",0.0,0.0,0.0,0.7853333224256834,10010880
f0b8b7c55f92,bdh_cq,propagate,2500,1,mild,"{""dim"": 1, ""distance"": 8, ""length"": 12, ""n_sources"": 1}",3,True,False,0,0.0,0.0,0.0,0.0,"[0.0, 0.0, 0.0]",0.0,0.0,0.0,0.7908333209405343,10010880
f0b8b7c55f92,bdh_cq,propagate,5000,1,mild,"{""dim"": 1, ""distance"": 6, ""length"": 12, ""n_sources"": 1}",3,True,False,0,0.0,0.0,0.0,0.0,"[0.0, 0.0, 0.0]",0.0,0.0,0.0,0.8004444313247999,10010880
f0b8b7c55f92,bdh_cq,propagate,5000,1,mild,"{""dim"": 1, ""distance"": 8, ""length"": 12, ""n_sources"": 1}",3,True,False,0,0.0,0.0,0.0,0.0,"[0.0, 0.0, 0.0]",0.0,0.0,0.0,0.8067222079833348,10010880
f0b8b7c55f92,bdh_cq,propagate,7500,1,mild,"{""dim"": 1, ""distance"": 6, ""length"": 12, ""n_sources"": 1}",3,True,False,0,0.0006666666666666666,0.0009428090415820634,0.0,0.002,"[0.0, 0.002, 0.0]",0.0,0.002,0.0006666666666666666,0.7789999890128773,10010880
f0b8b7c55f92,bdh_cq,propagate,7500,1,mild,"{""dim"": 1, ""distance"": 8, ""length"": 12, ""n_sources"": 1}",3,True,False,0,0.0013333333333333333,0.0009428090415820634,0.0,0.002,"[0.0, 0.002, 0.002]",0.0,0.002,0.0013333333333333333,0.7427777667343617,10010880
f0b8b7c55f92,bdh_cq,propagate,10000,1,mild,"{""dim"": 1, ""distance"": 6, ""length"": 12, ""n_sources"": 1}",3,True,False,0,0.004,0.001632993161855452,0.002,0.006,"[0.004, 0.006, 0.002]",0.002,0.006000000000000001,0.004,0.7754444376428923,10010880
f0b8b7c55f92,bdh_cq,propagate,10000,1,mild,"{""dim"": 1, ""distance"": 8, ""length"": 12, ""n_sources"": 1}",3,True,False,0,0.0006666666666666666,0.0009428090415820634,0.0,0.002,"[0.0, 0.002, 0.0]",0.0,0.002,0.0006666666666666666,0.6791666590770085,10010880
f0b8b7c55f92,bdh_cq,propagate,12500,1,mild,"{""dim"": 1, ""distance"": 6, ""length"": 12, ""n_sources"": 1}",3,True,False,0,0.016666666666666666,0.006798692684790379,0.01,0.026,"[0.01, 0.026, 0.014]",0.01,0.026,0.016666666666666666,0.8119999978741009,10010880
f0b8b7c55f92,bdh_cq,propagate,12500,1,mild,"{""dim"": 1, ""distance"": 8, ""length"": 12, ""n_sources"": 1}",3,True,False,0,0.0026666666666666666,0.0024944382578492943,0.0,0.006,"[0.0, 0.002, 0.006]",0.0,0.006000000000000001,0.0026666666666666666,0.7023333280881245,10010880
f0b8b7c55f92,bdh_cq,propagate,15000,1,mild,"{""dim"": 1, ""distance"": 6, ""length"": 12, ""n_sources"": 1}",3,True,False,0,0.17200000000000001,0.052179178478265316,0.1,0.222,"[0.1, 0.222, 0.194]",0.10000000000000002,0.222,0.17200000000000001,0.9011111160914104,10010880
f0b8b7c55f92,bdh_cq,propagate,15000,1,mild,"{""dim"": 1, ""distance"": 8, ""length"": 12, ""n_sources"": 1}",3,True,False,0,0.027999999999999997,0.015577761927397233,0.006,0.04,"[0.006, 0.038, 0.04]",0.006000000000000001,0.04,0.027999999999999997,0.7993333335320155,10010880
f0b8b7c55f92,bdh_cq,propagate,17500,1,mild,"{""dim"": 1, ""distance"": 6, ""length"": 12, ""n_sources"": 1}",3,True,False,0,0.5553333333333333,0.23480109785849718,0.224,0.74,"[0.224, 0.702, 0.74]",0.224,0.7399999999999999,0.5553333333333333,0.9481111147801081,10010880
f0b8b7c55f92,bdh_cq,propagate,17500,1,mild,"{""dim"": 1, ""distance"": 8, ""length"": 12, ""n_sources"": 1}",3,True,False,0,0.22799999999999998,0.154220621189256,0.018,0.384,"[0.018, 0.384, 0.282]",0.018,0.38400000000000006,0.22799999999999998,0.8378888931473097,10010880
f0b8b7c55f92,bdh_cq,propagate,20000,1,mild,"{""dim"": 1, ""distance"": 6, ""length"": 12, ""n_sources"": 1}",3,True,False,0,0.6946666666666667,0.17348454942411698,0.46,0.874,"[0.46, 0.75, 0.874]",0.46,0.874,0.6946666666666667,0.969888893008232,10010880
f0b8b7c55f92,bdh_cq,propagate,20000,1,mild,"{""dim"": 1, ""distance"": 8, ""length"": 12, ""n_sources"": 1}",3,True,False,0,0.242,0.1979360165979569,0.038,0.51,"[0.038, 0.178, 0.51]",0.038,0.51,0.242,0.8742222230037053,10010880
f0b8b7c55f92,bdh_cq,propagate,22500,1,mild,"{""dim"": 1, ""distance"": 6, ""length"": 12, ""n_sources"": 1}",3,True,False,0,0.7000000000000001,0.17030169308220827,0.468,0.872,"[0.468, 0.76, 0.872]",0.468,0.872,0.7000000000000001,0.9700555595556896,10010880
f0b8b7c55f92,bdh_cq,propagate,22500,1,mild,"{""dim"": 1, ""distance"": 8, ""length"": 12, ""n_sources"": 1}",3,True,False,0,0.2813333333333334,0.25307355101278806,0.044,0.632,"[0.044, 0.168, 0.632]",0.044000000000000004,0.632,0.2813333333333334,0.8905000007549922,10010880
f0b8b7c55f92,bdh_cq,propagate,25000,1,mild,"{""dim"": 1, ""distance"": 6, ""length"": 12, ""n_sources"": 1}",3,True,False,0,0.7000000000000001,0.19383154198083105,0.43,0.876,"[0.43, 0.794, 0.876]",0.43,0.876,0.7000000000000001,0.9701111150185268,10010880
f0b8b7c55f92,bdh_cq,propagate,25000,1,mild,"{""dim"": 1, ""distance"": 8, ""length"": 12, ""n_sources"": 1}",3,True,False,0,0.296,0.2679452680430589,0.028,0.662,"[0.028, 0.198, 0.662]",0.028,0.662,0.296,0.8947777789831162,10010880
f0b8b7c55f92,bdh_cq,propagate,27500,1,mild,"{""dim"": 1, ""distance"": 6, ""length"": 12, ""n_sources"": 1}",3,True,False,0,0.7013333333333334,0.1405923974552757,0.542,0.884,"[0.542, 0.678, 0.884]",0.542,0.884,0.7013333333333334,0.9717777822812398,10010880
f0b8b7c55f92,bdh_cq,propagate,27500,1,mild,"{""dim"": 1, ""distance"": 8, ""length"": 12, ""n_sources"": 1}",3,True,False,0,0.29,0.2688097220464072,0.018,0.656,"[0.018, 0.196, 0.656]",0.018,0.656,0.29,0.9014444464047751,10010880
f0b8b7c55f92,bdh_cq,propagate,30000,1,mild,"{""dim"": 1, ""distance"": 6, ""length"": 12, ""n_sources"": 1}",3,True,False,0,0.7173333333333334,0.1936135899729722,0.468,0.94,"[0.468, 0.744, 0.94]",0.468,0.94,0.7173333333333334,0.9743888935248056,10010880
f0b8b7c55f92,bdh_cq,propagate,30000,1,mild,"{""dim"": 1, ""distance"": 8, ""length"": 12, ""n_sources"": 1}",3,True,False,0,0.2966666666666667,0.2981379248304754,0.036,0.714,"[0.036, 0.14, 0.714]",0.036,0.714,0.2966666666666667,0.9012777788241705,10010880
f0b8b7c55f92,bdh_cq,propagate,32500,1,mild,"{""dim"": 1, ""distance"": 6, ""length"": 12, ""n_sources"": 1}",3,True,False,0,0.684,0.21673947494630505,0.404,0.932,"[0.404, 0.716, 0.932]",0.4040000000000001,0.932,0.684,0.9701111158927281,10010880
f0b8b7c55f92,bdh_cq,propagate,32500,1,mild,"{""dim"": 1, ""distance"": 8, ""length"": 12, ""n_sources"": 1}",3,True,False,0,0.286,0.2913737576836093,0.022,0.692,"[0.022, 0.144, 0.692]",0.022000000000000002,0.6919999999999998,0.286,0.8971666674216588,10010880
f0b8b7c55f92,bdh_cq,propagate,35000,1,mild,"{""dim"": 1, ""distance"": 6, ""length"": 12, ""n_sources"": 1}",3,True,False,0,0.7120000000000001,0.1713320363115628,0.52,0.936,"[0.52, 0.68, 0.936]",0.52,0.936,0.7120000000000001,0.9731111155748368,10010880
f0b8b7c55f92,bdh_cq,propagate,35000,1,mild,"{""dim"": 1, ""distance"": 8, ""length"": 12, ""n_sources"": 1}",3,True,False,0,0.25333333333333335,0.2602067553995391,0.018,0.616,"[0.018, 0.126, 0.616]",0.018,0.616,0.25333333333333335,0.8931666678190231,10010880
f0b8b7c55f92,bdh_cq,propagate,37500,1,mild,"{""dim"": 1, ""distance"": 6, ""length"": 12, ""n_sources"": 1}",3,True,False,0,0.6900000000000001,0.18397825958520211,0.472,0.922,"[0.472, 0.676, 0.922]",0.472,0.922,0.6900000000000001,0.9712777827183405,10010880
f0b8b7c55f92,bdh_cq,propagate,37500,1,mild,"{""dim"": 1, ""distance"": 8, ""length"": 12, ""n_sources"": 1}",3,True,False,0,0.238,0.26450456832853886,0.018,0.61,"[0.018, 0.086, 0.61]",0.018,0.61,0.238,0.8913333340883255,10010880
f0b8b7c55f92,bdh_cq,propagate,40000,1,mild,"{""dim"": 1, ""distance"": 6, ""length"": 12, ""n_sources"": 1}",3,True,False,0,0.6926666666666668,0.18631395248045407,0.47,0.926,"[0.47, 0.682, 0.926]",0.47,0.926,0.6926666666666668,0.9712777825196585,10010880
f0b8b7c55f92,bdh_cq,propagate,40000,1,mild,"{""dim"": 1, ""distance"": 8, ""length"": 12, ""n_sources"": 1}",3,True,False,0,0.24933333333333332,0.2725500973317668,0.018,0.632,"[0.018, 0.098, 0.632]",0.018,0.632,0.24933333333333332,0.8907222229639689,10010880
75f014a16a02,bdh_cq,propagate,40000,2,mild,"{""dim"": 1, ""distance"": 6, ""length"": 12, ""n_sources"": 1}",3,True,False,0,0.13133333333333333,0.1829049540669203,0.002,0.39,"[0.39, 0.002, 0.002]",0.002,0.38999999999999996,0.13133333333333333,0.8921111123959223,10010880
75f014a16a02,bdh_cq,propagate,40000,2,mild,"{""dim"": 1, ""distance"": 8, ""length"": 12, ""n_sources"": 1}",3,True,False,0,0.06733333333333334,0.09522371319978841,0.0,0.202,"[0.202, 0.0, 0.0]",0.0,0.20200000000000004,0.06733333333333334,0.841055552482605,10010880
f0b8b7c55f92,bdh_cq,propagate,40000,2,mild,"{""dim"": 1, ""distance"": 6, ""length"": 12, ""n_sources"": 1}",3,True,False,0,0.42799999999999994,0.20375148261219267,0.14,0.58,"[0.14, 0.564, 0.58]",0.14,0.58,0.42799999999999994,0.9426666734218596,10010880
f0b8b7c55f92,bdh_cq,propagate,40000,2,mild,"{""dim"": 1, ""distance"": 8, ""length"": 12, ""n_sources"": 1}",3,True,False,0,0.12466666666666666,0.08944768800192036,0.022,0.24,"[0.022, 0.112, 0.24]",0.022000000000000002,0.24,0.12466666666666666,0.8895000009139379,10010880
75f014a16a02,bdh_cq,propagate,2500,4,mild,"{""dim"": 1, ""distance"": 6, ""length"": 12, ""n_sources"": 1}",3,True,False,0,0.0,0.0,0.0,0.0,"[0.0, 0.0, 0.0]",0.0,0.0,0.0,0.7842222101887067,10010880
75f014a16a02,bdh_cq,propagate,2500,4,mild,"{""dim"": 1, ""distance"": 8, ""length"": 12, ""n_sources"": 1}",3,True,False,0,0.0,0.0,0.0,0.0,"[0.0, 0.0, 0.0]",0.0,0.0,0.0,0.7880555432637532,10010880
75f014a16a02,bdh_cq,propagate,5000,4,mild,"{""dim"": 1, ""distance"": 6, ""length"": 12, ""n_sources"": 1}",3,True,False,0,0.0,0.0,0.0,0.0,"[0.0, 0.0, 0.0]",0.0,0.0,0.0,0.8039444299340248,10010880
75f014a16a02,bdh_cq,propagate,5000,4,mild,"{""dim"": 1, ""distance"": 8, ""length"": 12, ""n_sources"": 1}",3,True,False,0,0.0,0.0,0.0,0.0,"[0.0, 0.0, 0.0]",0.0,0.0,0.0,0.807666651636362,10010880
75f014a16a02,bdh_cq,propagate,7500,4,mild,"{""dim"": 1, ""distance"": 6, ""length"": 12, ""n_sources"": 1}",3,True,False,0,0.0006666666666666666,0.0009428090415820634,0.0,0.002,"[0.0, 0.002, 0.0]",0.0,0.002,0.0006666666666666666,0.7686666566332182,10010880
75f014a16a02,bdh_cq,propagate,7500,4,mild,"{""dim"": 1, ""distance"": 8, ""length"": 12, ""n_sources"": 1}",3,True,False,0,0.0,0.0,0.0,0.0,"[0.0, 0.0, 0.0]",0.0,0.0,0.0,0.7366666556000708,10010880
75f014a16a02,bdh_cq,propagate,10000,4,mild,"{""dim"": 1, ""distance"": 6, ""length"": 12, ""n_sources"": 1}",3,True,False,0,0.0013333333333333333,0.0018856180831641268,0.0,0.004,"[0.0, 0.0, 0.004]",0.0,0.004,0.0013333333333333333,0.7486111022035281,10010880
75f014a16a02,bdh_cq,propagate,10000,4,mild,"{""dim"": 1, ""distance"": 8, ""length"": 12, ""n_sources"": 1}",3,True,False,0,0.0,0.0,0.0,0.0,"[0.0, 0.0, 0.0]",0.0,0.0,0.0,0.7178333238661289,10010880
75f014a16a02,bdh_cq,propagate,12500,4,mild,"{""dim"": 1, ""distance"": 6, ""length"": 12, ""n_sources"": 1}",3,True,False,0,0.004666666666666667,0.0037712361663282535,0.002,0.01,"[0.002, 0.002, 0.01]",0.002,0.01,0.004666666666666667,0.7791111059586208,10010880
75f014a16a02,bdh_cq,propagate,12500,4,mild,"{""dim"": 1, ""distance"": 8, ""length"": 12, ""n_sources"": 1}",3,True,False,0,0.0,0.0,0.0,0.0,"[0.0, 0.0, 0.0]",0.0,0.0,0.0,0.7422777717312177,10010880
75f014a16a02,bdh_cq,propagate,15000,4,mild,"{""dim"": 1, ""distance"": 6, ""length"": 12, ""n_sources"": 1}",3,True,False,0,0.002,0.001632993161855452,0.0,0.004,"[0.0, 0.002, 0.004]",0.0,0.004,0.002,0.7890555506149929,10010880
75f014a16a02,bdh_cq,propagate,15000,4,mild,"{""dim"": 1, ""distance"": 8, ""length"": 12, ""n_sources"": 1}",3,True,False,0,0.0,0.0,0.0,0.0,"[0.0, 0.0, 0.0]",0.0,0.0,0.0,0.7423333311080933,10010880
75f014a16a02,bdh_cq,propagate,17500,4,mild,"{""dim"": 1, ""distance"": 6, ""length"": 12, ""n_sources"": 1}",3,True,False,0,0.013999999999999999,0.012328828005937952,0.0,0.03,"[0.012, 0.0, 0.03]",0.0,0.03,0.013999999999999999,0.8116111052036286,10010880
75f014a16a02,bdh_cq,propagate,17500,4,mild,"{""dim"": 1, ""distance"": 8, ""length"": 12, ""n_sources"": 1}",3,True,False,0,0.0006666666666666666,0.0009428090415820634,0.0,0.002,"[0.0, 0.0, 0.002]",0.0,0.002,0.0006666666666666666,0.7400000003377597,10010880
75f014a16a02,bdh_cq,propagate,20000,4,mild,"{""dim"": 1, ""distance"": 6, ""length"": 12, ""n_sources"": 1}",3,True,False,0,0.013333333333333334,0.013597385369580758,0.0,0.032,"[0.032, 0.0, 0.008]",0.0,0.032,0.013333333333333334,0.8165555503765741,10010880
75f014a16a02,bdh_cq,propagate,20000,4,mild,"{""dim"": 1, ""distance"": 8, ""length"": 12, ""n_sources"": 1}",3,True,False,0,0.0,0.0,0.0,0.0,"[0.0, 0.0, 0.0]",0.0,0.0,0.0,0.7192777810494104,10010880
75f014a16a02,bdh_cq,propagate,22500,4,mild,"{""dim"": 1, ""distance"": 6, ""length"": 12, ""n_sources"": 1}",3,True,False,0,0.007333333333333333,0.008993825042154695,0.0,0.02,"[0.02, 0.002, 0.0]",0.0,0.02,0.007333333333333333,0.8096666608254116,10010880
75f014a16a02,bdh_cq,propagate,22500,4,mild,"{""dim"": 1, ""distance"": 8, ""length"": 12, ""n_sources"": 1}",3,True,False,0,0.0,0.0,0.0,0.0,"[0.0, 0.0, 0.0]",0.0,0.0,0.0,0.7076666713953018,10010880
75f014a16a02,bdh_cq,propagate,25000,4,mild,"{""dim"": 1, ""distance"": 6, ""length"": 12, ""n_sources"": 1}",3,True,False,0,0.008,0.007118052168020873,0.002,0.018,"[0.018, 0.004, 0.002]",0.002,0.018,0.008,0.8248333280086517,10010880
75f014a16a02,bdh_cq,propagate,25000,4,mild,"{""dim"": 1, ""distance"": 8, ""length"": 12, ""n_sources"": 1}",3,True,False,0,0.0,0.0,0.0,0.0,"[0.0, 0.0, 0.0]",0.0,0.0,0.0,0.7121111168464025,10010880
75f014a16a02,bdh_cq,propagate,27500,4,mild,"{""dim"": 1, ""distance"": 6, ""length"": 12, ""n_sources"": 1}",3,True,False,0,0.004666666666666667,0.006599663291074444,0.0,0.014,"[0.014, 0.0, 0.0]",0.0,0.014,0.004666666666666667,0.8257777740557989,10010880
75f014a16a02,bdh_cq,propagate,27500,4,mild,"{""dim"": 1, ""distance"": 8, ""length"": 12, ""n_sources"": 1}",3,True,False,0,0.0,0.0,0.0,0.0,"[0.0, 0.0, 0.0]",0.0,0.0,0.0,0.7135555615822474,10010880
75f014a16a02,bdh_cq,propagate,30000,4,mild,"{""dim"": 1, ""distance"": 6, ""length"": 12, ""n_sources"": 1}",3,True,False,0,0.008666666666666668,0.010873004286866727,0.0,0.024,"[0.024, 0.002, 0.0]",0.0,0.024000000000000004,0.008666666666666668,0.8346111082633336,10010880
75f014a16a02,bdh_cq,propagate,30000,4,mild,"{""dim"": 1, ""distance"": 8, ""length"": 12, ""n_sources"": 1}",3,True,False,0,0.0,0.0,0.0,0.0,"[0.0, 0.0, 0.0]",0.0,0.0,0.0,0.7155000056425731,10010880
75f014a16a02,bdh_cq,propagate,32500,4,mild,"{""dim"": 1, ""distance"": 6, ""length"": 12, ""n_sources"": 1}",3,True,False,0,0.007333333333333333,0.010370899457402695,0.0,0.022,"[0.022, 0.0, 0.0]",0.0,0.022000000000000002,0.007333333333333333,0.8400555534760157,10010880
75f014a16a02,bdh_cq,propagate,32500,4,mild,"{""dim"": 1, ""distance"": 8, ""length"": 12, ""n_sources"": 1}",3,True,False,0,0.0,0.0,0.0,0.0,"[0.0, 0.0, 0.0]",0.0,0.0,0.0,0.7174444508155187,10010880
75f014a16a02,bdh_cq,propagate,35000,4,mild,"{""dim"": 1, ""distance"": 6, ""length"": 12, ""n_sources"": 1}",3,True,False,0,0.014666666666666666,0.02074179891480539,0.0,0.044,"[0.044, 0.0, 0.0]",0.0,0.044000000000000004,0.014666666666666666,0.8382222183148066,10010880
75f014a16a02,bdh_cq,propagate,35000,4,mild,"{""dim"": 1, ""distance"": 8, ""length"": 12, ""n_sources"": 1}",3,True,False,0,0.0,0.0,0.0,0.0,"[0.0, 0.0, 0.0]",0.0,0.0,0.0,0.7215000060399374,10010880
75f014a16a02,bdh_cq,propagate,37500,4,mild,"{""dim"": 1, ""distance"": 6, ""length"": 12, ""n_sources"": 1}",3,True,False,0,0.01,0.01414213562373095,0.0,0.03,"[0.03, 0.0, 0.0]",0.0,0.03,0.01,0.8371666624148686,10010880
75f014a16a02,bdh_cq,propagate,37500,4,mild,"{""dim"": 1, ""distance"": 8, ""length"": 12, ""n_sources"": 1}",3,True,False,0,0.0,0.0,0.0,0.0,"[0.0, 0.0, 0.0]",0.0,0.0,0.0,0.7204444503386815,10010880
75f014a16a02,bdh_cq,propagate,40000,4,mild,"{""dim"": 1, ""distance"": 6, ""length"": 12, ""n_sources"": 1}",3,True,False,0,0.008,0.01131370849898476,0.0,0.024,"[0.024, 0.0, 0.0]",0.0,0.024000000000000004,0.008,0.8373888846238454,10010880
75f014a16a02,bdh_cq,propagate,40000,4,mild,"{""dim"": 1, ""distance"": 8, ""length"": 12, ""n_sources"": 1}",3,True,False,0,0.0,0.0,0.0,0.0,"[0.0, 0.0, 0.0]",0.0,0.0,0.0,0.7198333392143249,10010880
f0b8b7c55f92,bdh_cq,propagate,2500,4,mild,"{""dim"": 1, ""distance"": 6, ""length"": 12, ""n_sources"": 1}",3,True,False,0,0.0,0.0,0.0,0.0,"[0.0, 0.0, 0.0]",0.0,0.0,0.0,0.7829999883373578,10010880
f0b8b7c55f92,bdh_cq,propagate,2500,4,mild,"{""dim"": 1, ""distance"": 8, ""length"": 12, ""n_sources"": 1}",3,True,False,0,0.0,0.0,0.0,0.0,"[0.0, 0.0, 0.0]",0.0,0.0,0.0,0.7877222094337145,10010880
f0b8b7c55f92,bdh_cq,propagate,5000,4,mild,"{""dim"": 1, ""distance"": 6, ""length"": 12, ""n_sources"": 1}",3,True,False,0,0.0,0.0,0.0,0.0,"[0.0, 0.0, 0.0]",0.0,0.0,0.0,0.7928333195845285,10010880
f0b8b7c55f92,bdh_cq,propagate,5000,4,mild,"{""dim"": 1, ""distance"": 8, ""length"": 12, ""n_sources"": 1}",3,True,False,0,0.0,0.0,0.0,0.0,"[0.0, 0.0, 0.0]",0.0,0.0,0.0,0.7988333183825015,10010880
f0b8b7c55f92,bdh_cq,propagate,7500,4,mild,"{""dim"": 1, ""distance"": 6, ""length"": 12, ""n_sources"": 1}",3,True,False,0,0.0,0.0,0.0,0.0,"[0.0, 0.0, 0.0]",0.0,0.0,0.0,0.7663888801137606,10010880
f0b8b7c55f92,bdh_cq,propagate,7500,4,mild,"{""dim"": 1, ""distance"": 8, ""length"": 12, ""n_sources"": 1}",3,True,False,0,0.0,0.0,0.0,0.0,"[0.0, 0.0, 0.0]",0.0,0.0,0.0,0.7507777669827144,10010880
f0b8b7c55f92,bdh_cq,propagate,10000,4,mild,"{""dim"": 1, ""distance"": 6, ""length"": 12, ""n_sources"": 1}",3,True,False,0,0.002,0.001632993161855452,0.0,0.004,"[0.004, 0.002, 0.0]",0.0,0.004,0.002,0.7909999918540319,10010880
f0b8b7c55f92,bdh_cq,propagate,10000,4,mild,"{""dim"": 1, ""distance"": 8, ""length"": 12, ""n_sources"": 1}",3,True,False,0,0.0,0.0,0.0,0.0,"[0.0, 0.0, 0.0]",0.0,0.0,0.0,0.7699444355567296,10010880
f0b8b7c55f92,bdh_cq,propagate,12500,4,mild,"{""dim"": 1, ""distance"": 6, ""length"": 12, ""n_sources"": 1}",3,True,False,0,0.005333333333333333,0.0061824123303304696,0.0,0.014,"[0.0, 0.002, 0.014]",0.0,0.014,0.005333333333333333,0.8183888801336288,10010880
f0b8b7c55f92,bdh_cq,propagate,12500,4,mild,"{""dim"": 1, ""distance"": 8, ""length"": 12, ""n_sources"": 1}",3,True,False,0,0.0013333333333333333,0.0018856180831641268,0.0,0.004,"[0.0, 0.0, 0.004]",0.0,0.004,0.0013333333333333333,0.7892777710358302,10010880
f0b8b7c55f92,bdh_cq,propagate,15000,4,mild,"{""dim"": 1, ""distance"": 6, ""length"": 12, ""n_sources"": 1}",3,True,False,0,0.11333333333333334,0.10684984271812893,0.028,0.264,"[0.264, 0.028, 0.048]",0.028,0.264,0.11333333333333334,0.8825555555820465,10010880
f0b8b7c55f92,bdh_cq,propagate,15000,4,mild,"{""dim"": 1, ""distance"": 8, ""length"": 12, ""n_sources"": 1}",3,True,False,0,0.006000000000000001,0.007118052168020874,0.0,0.016,"[0.0, 0.002, 0.016]",0.0,0.016,0.006000000000000001,0.8158333236376444,10010880
f0b8b7c55f92,bdh_cq,propagate,17500,4,mild,"{""dim"": 1, ""distance"": 6, ""length"": 12, ""n_sources"": 1}",3,True,False,0,0.45199999999999996,0.22289608939294261,0.214,0.75,"[0.75, 0.214, 0.392]",0.214,0.75,0.45199999999999996,0.945222229083379,10010880
f0b8b7c55f92,bdh_cq,propagate,17500,4,mild,"{""dim"": 1, ""distance"": 8, ""length"": 12, ""n_sources"": 1}",3,True,False,0,0.011999999999999999,0.009092121131323903,0.0,0.022,"[0.022, 0.0, 0.014]",0.0,0.022000000000000002,0.011999999999999999,0.8575555564959844,10010880
f0b8b7c55f92,bdh_cq,propagate,20000,4,mild,"{""dim"": 1, ""distance"": 6, ""length"": 12, ""n_sources"": 1}",3,True,False,0,0.684,0.2124209656946947,0.396,0.902,"[0.902, 0.754, 0.396]",0.3960000000000001,0.902,0.684,0.9718333387374877,10010880
f0b8b7c55f92,bdh_cq,propagate,20000,4,mild,"{""dim"": 1, ""distance"": 8, ""length"": 12, ""n_sources"": 1}",3,True,False,0,0.050666666666666665,0.04208985098043892,0.004,0.106,"[0.106, 0.004, 0.042]",0.004,0.106,0.050666666666666665,0.8790000048875809,10010880
f0b8b7c55f92,bdh_cq,propagate,22500,4,mild,"{""dim"": 1, ""distance"": 6, ""length"": 12, ""n_sources"": 1}",3,True,False,0,0.8893333333333334,0.027920522121829255,0.85,0.912,"[0.912, 0.85, 0.906]",0.85,0.912,0.8893333333333334,0.9903888909022013,10010880
f0b8b7c55f92,bdh_cq,propagate,22500,4,mild,"{""dim"": 1, ""distance"": 8, ""length"": 12, ""n_sources"": 1}",3,True,False,0,0.056,0.03532704346531139,0.008,0.092,"[0.068, 0.008, 0.092]",0.008,0.09200000000000001,0.056,0.8818333376646041,10010880
f0b8b7c55f92,bdh_cq,propagate,25000,4,mild,"{""dim"": 1, ""distance"": 6, ""length"": 12, ""n_sources"": 1}",3,True,False,0,0.904,0.02039607805437116,0.876,0.924,"[0.924, 0.876, 0.912]",0.876,0.924,0.904,0.9918333351612091,10010880
f0b8b7c55f92,bdh_cq,propagate,25000,4,mild,"{""dim"": 1, ""distance"": 8, ""length"": 12, ""n_sources"": 1}",3,True,False,0,0.12533333333333332,0.10402991022884825,0.042,0.272,"[0.062, 0.042, 0.272]",0.042,0.272,0.12533333333333332,0.8902777830759684,10010880
f0b8b7c55f92,bdh_cq,propagate,27500,4,mild,"{""dim"": 1, ""distance"": 6, ""length"": 12, ""n_sources"": 1}",3,True,False,0,0.9659999999999999,0.015748015748023637,0.952,0.988,"[0.952, 0.958, 0.988]",0.952,0.988,0.9659999999999999,0.9971111117601396,10010880
f0b8b7c55f92,bdh_cq,propagate,27500,4,mild,"{""dim"": 1, ""distance"": 8, ""length"": 12, ""n_sources"": 1}",3,True,False,0,0.124,0.07301141463269059,0.04,0.218,"[0.04, 0.114, 0.218]",0.04,0.218,0.124,0.895055560429891,10010880
f0b8b7c55f92,bdh_cq,propagate,30000,4,mild,"{""dim"": 1, ""distance"": 6, ""length"": 12, ""n_sources"": 1}",3,True,False,0,0.9253333333333332,0.05228979080300688,0.86,0.988,"[0.928, 0.86, 0.988]",0.86,0.988,0.9253333333333332,0.9934444457689922,10010880
f0b8b7c55f92,bdh_cq,propagate,30000,4,mild,"{""dim"": 1, ""distance"": 8, ""length"": 12, ""n_sources"": 1}",3,True,False,0,0.142,0.1287167432776327,0.02,0.32,"[0.02, 0.086, 0.32]",0.02,0.32,0.142,0.8937222261826197,10010880
f0b8b7c55f92,bdh_cq,propagate,32500,4,mild,"{""dim"": 1, ""distance"": 6, ""length"": 12, ""n_sources"": 1}",3,True,False,0,0.9606666666666666,0.025525586292102175,0.932,0.994,"[0.956, 0.932, 0.994]",0.932,0.9940000000000001,0.9606666666666666,0.9967222230037054,10010880
f0b8b7c55f92,bdh_cq,propagate,32500,4,mild,"{""dim"": 1, ""distance"": 8, ""length"": 12, ""n_sources"": 1}",3,True,False,0,0.17066666666666666,0.10146044658990133,0.042,0.29,"[0.042, 0.18, 0.29]",0.042,0.29,0.17066666666666666,0.9004444485108057,10010880
f0b8b7c55f92,bdh_cq,propagate,35000,4,mild,"{""dim"": 1, ""distance"": 6, ""length"": 12, ""n_sources"": 1}",3,True,False,0,0.9739999999999999,0.015748015748023637,0.952,0.988,"[0.982, 0.952, 0.988]",0.952,0.988,0.9739999999999999,0.9978333338499069,10010880
f0b8b7c55f92,bdh_cq,propagate,35000,4,mild,"{""dim"": 1, ""distance"": 8, ""length"": 12, ""n_sources"": 1}",3,True,False,0,0.146,0.08769644614616186,0.03,0.242,"[0.03, 0.166, 0.242]",0.03,0.242,0.146,0.9023888952732085,10010880
f0b8b7c55f92,bdh_cq,propagate,37500,4,mild,"{""dim"": 1, ""distance"": 6, ""length"": 12, ""n_sources"": 1}",3,True,False,0,0.9713333333333333,0.014817407180595259,0.952,0.988,"[0.974, 0.952, 0.988]",0.952,0.988,0.9713333333333333,0.9976111116806666,10010880
f0b8b7c55f92,bdh_cq,propagate,37500,4,mild,"{""dim"": 1, ""distance"": 8, ""length"": 12, ""n_sources"": 1}",3,True,False,0,0.17400000000000002,0.10009328981838227,0.038,0.276,"[0.038, 0.208, 0.276]",0.038,0.276,0.17400000000000002,0.9058888949950535,10010880
f0b8b7c55f92,bdh_cq,propagate,40000,4,mild,"{""dim"": 1, ""distance"": 6, ""length"": 12, ""n_sources"": 1}",3,True,False,0,0.972,0.01925270543759155,0.946,0.992,"[0.978, 0.946, 0.992]",0.9460000000000001,0.992,0.972,0.9976666672229767,10010880
f0b8b7c55f92,bdh_cq,propagate,40000,4,mild,"{""dim"": 1, ""distance"": 8, ""length"": 12, ""n_sources"": 1}",3,True,False,0,0.18533333333333335,0.1190779389960859,0.028,0.316,"[0.028, 0.212, 0.316]",0.028,0.316,0.18533333333333335,0.9066111166874569,10010880
75f014a16a02,bdh_cq,propagate,2500,8,mild,"{""dim"": 1, ""distance"": 6, ""length"": 12, ""n_sources"": 1}",3,True,False,0,0.0,0.0,0.0,0.0,"[0.0, 0.0, 0.0]",0.0,0.0,0.0,0.7779444326361021,10010880
75f014a16a02,bdh_cq,propagate,2500,8,mild,"{""dim"": 1, ""distance"": 8, ""length"": 12, ""n_sources"": 1}",3,True,False,0,0.0,0.0,0.0,0.0,"[0.0, 0.0, 0.0]",0.0,0.0,0.0,0.7805555428117513,10010880
75f014a16a02,bdh_cq,propagate,5000,8,mild,"{""dim"": 1, ""distance"": 6, ""length"": 12, ""n_sources"": 1}",3,True,False,0,0.0,0.0,0.0,0.0,"[0.0, 0.0, 0.0]",0.0,0.0,0.0,0.7936666526198387,10010880
75f014a16a02,bdh_cq,propagate,5000,8,mild,"{""dim"": 1, ""distance"": 8, ""length"": 12, ""n_sources"": 1}",3,True,False,0,0.0,0.0,0.0,0.0,"[0.0, 0.0, 0.0]",0.0,0.0,0.0,0.8012222072978815,10010880
75f014a16a02,bdh_cq,propagate,7500,8,mild,"{""dim"": 1, ""distance"": 6, ""length"": 12, ""n_sources"": 1}",3,True,False,0,0.0,0.0,0.0,0.0,"[0.0, 0.0, 0.0]",0.0,0.0,0.0,0.7493333228826523,10010880
75f014a16a02,bdh_cq,propagate,7500,8,mild,"{""dim"": 1, ""distance"": 8, ""length"": 12, ""n_sources"": 1}",3,True,False,0,0.0,0.0,0.0,0.0,"[0.0, 0.0, 0.0]",0.0,0.0,0.0,0.7084444338281949,10010880
75f014a16a02,bdh_cq,propagate,10000,8,mild,"{""dim"": 1, ""distance"": 6, ""length"": 12, ""n_sources"": 1}",3,True,False,0,0.0026666666666666666,0.0018856180831641268,0.0,0.004,"[0.004, 0.0, 0.004]",0.0,0.004,0.0026666666666666666,0.7277222127517065,10010880
75f014a16a02,bdh_cq,propagate,10000,8,mild,"{""dim"": 1, ""distance"": 8, ""length"": 12, ""n_sources"": 1}",3,True,False,0,0.0,0.0,0.0,0.0,"[0.0, 0.0, 0.0]",0.0,0.0,0.0,0.6835555462638537,10010880
75f014a16a02,bdh_cq,propagate,12500,8,mild,"{""dim"": 1, ""distance"": 6, ""length"": 12, ""n_sources"": 1}",3,True,False,0,0.004,0.00282842712474619,0.0,0.006,"[0.006, 0.0, 0.006]",0.0,0.006000000000000001,0.004,0.7766111047069231,10010880
75f014a16a02,bdh_cq,propagate,12500,8,mild,"{""dim"": 1, ""distance"": 8, ""length"": 12, ""n_sources"": 1}",3,True,False,0,0.0,0.0,0.0,0.0,"[0.0, 0.0, 0.0]",0.0,0.0,0.0,0.729944435954094,10010880
75f014a16a02,bdh_cq,propagate,15000,8,mild,"{""dim"": 1, ""distance"": 6, ""length"": 12, ""n_sources"": 1}",3,True,False,0,0.005333333333333333,0.00339934634239519,0.002,0.01,"[0.01, 0.004, 0.002]",0.002,0.01,0.005333333333333333,0.7997777724266052,10010880
75f014a16a02,bdh_cq,propagate,15000,8,mild,"{""dim"": 1, ""distance"": 8, ""length"": 12, ""n_sources"": 1}",3,True,False,0,0.0,0.0,0.0,0.0,"[0.0, 0.0, 0.0]",0.0,0.0,0.0,0.7299444392919541,10010880
75f014a16a02,bdh_cq,propagate,17500,8,mild,"{""dim"": 1, ""distance"": 6, ""length"": 12, ""n_sources"": 1}",3,True,False,0,0.03333333333333333,0.024944382578492942,0.0,0.06,"[0.06, 0.0, 0.04]",0.0,0.06,0.03333333333333333,0.8381666642427444,10010880
75f014a16a02,bdh_cq,propagate,17500,8,mild,"{""dim"": 1, ""distance"": 8, ""length"": 12, ""n_sources"": 1}",3,True,False,0,0.0013333333333333333,0.0018856180831641268,0.0,0.004,"[0.0, 0.0, 0.004]",0.0,0.004,0.0013333333333333333,0.7372777756253878,10010880
75f014a16a02,bdh_cq,propagate,20000,8,mild,"{""dim"": 1, ""distance"": 6, ""length"": 12, ""n_sources"": 1}",3,True,False,0,0.09599999999999999,0.13293607486307094,0.002,0.284,"[0.284, 0.002, 0.002]",0.002,0.284,0.09599999999999999,0.8562777704000473,10010880
75f014a16a02,bdh_cq,propagate,20000,8,mild,"{""dim"": 1, ""distance"": 8, ""length"": 12, ""n_sources"": 1}",3,True,False,0,0.0,0.0,0.0,0.0,"[0.0, 0.0, 0.0]",0.0,0.0,0.0,0.7446666633685429,10010880
75f014a16a02,bdh_cq,propagate,22500,8,mild,"{""dim"": 1, ""distance"": 6, ""length"": 12, ""n_sources"": 1}",3,True,False,0,0.068,0.09475582655787805,0.0,0.202,"[0.202, 0.002, 0.0]",0.0,0.20200000000000004,0.068,0.8466111030181249,10010880
75f014a16a02,bdh_cq,propagate,22500,8,mild,"{""dim"": 1, ""distance"": 8, ""length"": 12, ""n_sources"": 1}",3,True,False,0,0.0013333333333333333,0.0018856180831641268,0.0,0.004,"[0.004, 0.0, 0.0]",0.0,0.004,0.0013333333333333333,0.6954444421927134,10010880
75f014a16a02,bdh_cq,propagate,25000,8,mild,"{""dim"": 1, ""distance"": 6, ""length"": 12, ""n_sources"": 1}",3,True,False,0,0.057999999999999996,0.06968500556073738,0.0,0.156,"[0.156, 0.018, 0.0]",0.0,0.156,0.057999999999999996,0.8502777696450551,10010880
75f014a16a02,bdh_cq,propagate,25000,8,mild,"{""dim"": 1, ""distance"": 8, ""length"": 12, ""n_sources"": 1}",3,True,False,0,0.002,0.001632993161855452,0.0,0.004,"[0.004, 0.002, 0.0]",0.0,0.004,0.002,0.775777775088946,10010880
75f014a16a02,bdh_cq,propagate,27500,8,mild,"{""dim"": 1, ""distance"": 6, ""length"": 12, ""n_sources"": 1}",3,True,False,0,0.05666666666666667,0.07318166133366716,0.0,0.16,"[0.16, 0.01, 0.0]",0.0,0.16,0.05666666666666667,0.8482222144206365,10010880
75f014a16a02,bdh_cq,propagate,27500,8,mild,"{""dim"": 1, ""distance"": 8, ""length"": 12, ""n_sources"": 1}",3,True,False,0,0.0026666666666666666,0.0037712361663282535,0.0,0.008,"[0.008, 0.0, 0.0]",0.0,0.008,0.0026666666666666666,0.7533333302736281,10010880
75f014a16a02,bdh_cq,propagate,30000,8,mild,"{""dim"": 1, ""distance"": 6, ""length"": 12, ""n_sources"": 1}",3,True,False,0,0.06466666666666666,0.09004196552472385,0.0,0.192,"[0.192, 0.002, 0.0]",0.0,0.19200000000000003,0.06466666666666666,0.8527777704397836,10010880
75f014a16a02,bdh_cq,propagate,30000,8,mild,"{""dim"": 1, ""distance"": 8, ""length"": 12, ""n_sources"": 1}",3,True,False,0,0.0026666666666666666,0.0037712361663282535,0.0,0.008,"[0.008, 0.0, 0.0]",0.0,0.008,0.0026666666666666666,0.7333333296974499,10010880
75f014a16a02,bdh_cq,propagate,32500,8,mild,"{""dim"": 1, ""distance"": 6, ""length"": 12, ""n_sources"": 1}",3,True,False,0,0.08466666666666667,0.11973674828092204,0.0,0.254,"[0.254, 0.0, 0.0]",0.0,0.254,0.08466666666666667,0.8543333253065746,10010880
75f014a16a02,bdh_cq,propagate,32500,8,mild,"{""dim"": 1, ""distance"": 8, ""length"": 12, ""n_sources"": 1}",3,True,False,0,0.0,0.0,0.0,0.0,"[0.0, 0.0, 0.0]",0.0,0.0,0.0,0.7421666649381319,10010880
75f014a16a02,bdh_cq,propagate,35000,8,mild,"{""dim"": 1, ""distance"": 6, ""length"": 12, ""n_sources"": 1}",3,True,False,0,0.08466666666666667,0.11973674828092204,0.0,0.254,"[0.254, 0.0, 0.0]",0.0,0.254,0.08466666666666667,0.8533333248297374,10010880
75f014a16a02,bdh_cq,propagate,35000,8,mild,"{""dim"": 1, ""distance"": 8, ""length"": 12, ""n_sources"": 1}",3,True,False,0,0.0033333333333333335,0.004714045207910317,0.0,0.01,"[0.01, 0.0, 0.0]",0.0,0.01,0.0033333333333333335,0.7478888863126437,10010880
75f014a16a02,bdh_cq,propagate,37500,8,mild,"{""dim"": 1, ""distance"": 6, ""length"": 12, ""n_sources"": 1}",3,True,False,0,0.076,0.10748023074035523,0.0,0.228,"[0.228, 0.0, 0.0]",0.0,0.228,0.076,0.8519444355169932,10010880
75f014a16a02,bdh_cq,propagate,37500,8,mild,"{""dim"": 1, ""distance"": 8, ""length"": 12, ""n_sources"": 1}",3,True,False,0,0.0006666666666666666,0.0009428090415820634,0.0,0.002,"[0.002, 0.0, 0.0]",0.0,0.002,0.0006666666666666666,0.7448333313663801,10010880
75f014a16a02,bdh_cq,propagate,40000,8,mild,"{""dim"": 1, ""distance"": 6, ""length"": 12, ""n_sources"": 1}",3,True,False,0,0.07866666666666666,0.11125146690668347,0.0,0.236,"[0.236, 0.0, 0.0]",0.0,0.236,0.07866666666666666,0.8523888798157374,10010880
75f014a16a02,bdh_cq,propagate,40000,8,mild,"{""dim"": 1, ""distance"": 8, ""length"": 12, ""n_sources"": 1}",3,True,False,0,0.002,0.00282842712474619,0.0,0.006,"[0.006, 0.0, 0.0]",0.0,0.006000000000000001,0.002,0.746999997874101,10010880
f0b8b7c55f92,bdh_cq,propagate,40000,8,mild,"{""dim"": 1, ""distance"": 6, ""length"": 12, ""n_sources"": 1}",3,True,False,0,0.0,0.0,0.0,0.0,"[0.0, 0.0, 0.0]",0.0,0.0,0.0,0.6132777781883876,10010880
f0b8b7c55f92,bdh_cq,propagate,40000,8,mild,"{""dim"": 1, ""distance"": 8, ""length"": 12, ""n_sources"": 1}",3,True,False,0,0.0,0.0,0.0,0.0,"[0.0, 0.0, 0.0]",0.0,0.0,0.0,0.5793333282272021,10010880
75f014a16a02,bdh_cq,propagate,40000,16,mild,"{""dim"": 1, ""distance"": 6, ""length"": 12, ""n_sources"": 1}",3,True,False,0,0.0006666666666666666,0.0009428090415820634,0.0,0.002,"[0.0, 0.002, 0.0]",0.0,0.002,0.0006666666666666666,0.7187222207784654,10010880
75f014a16a02,bdh_cq,propagate,40000,16,mild,"{""dim"": 1, ""distance"": 8, ""length"": 12, ""n_sources"": 1}",3,True,False,0,0.0,0.0,0.0,0.0,"[0.0, 0.0, 0.0]",0.0,0.0,0.0,0.6793888879517714,10010880
f0b8b7c55f92,bdh_cq,propagate,2500,16,mild,"{""dim"": 1, ""distance"": 6, ""length"": 12, ""n_sources"": 1}",3,True,False,0,0.0,0.0,0.0,0.0,"[0.0, 0.0, 0.0]",0.0,0.0,0.0,0.7666666551033656,10010880
f0b8b7c55f92,bdh_cq,propagate,2500,16,mild,"{""dim"": 1, ""distance"": 8, ""length"": 12, ""n_sources"": 1}",3,True,False,0,0.0,0.0,0.0,0.0,"[0.0, 0.0, 0.0]",0.0,0.0,0.0,0.76711109859248,10010880
f0b8b7c55f92,bdh_cq,propagate,5000,16,mild,"{""dim"": 1, ""distance"": 6, ""length"": 12, ""n_sources"": 1}",3,True,False,0,0.0,0.0,0.0,0.0,"[0.0, 0.0, 0.0]",0.0,0.0,0.0,0.7337222203314303,10010880
f0b8b7c55f92,bdh_cq,propagate,5000,16,mild,"{""dim"": 1, ""distance"": 8, ""length"": 12, ""n_sources"": 1}",3,True,False,0,0.0,0.0,0.0,0.0,"[0.0, 0.0, 0.0]",0.0,0.0,0.0,0.743944441696008,10010880
f0b8b7c55f92,bdh_cq,propagate,7500,16,mild,"{""dim"": 1, ""distance"": 6, ""length"": 12, ""n_sources"": 1}",3,True,False,0,0.0,0.0,0.0,0.0,"[0.0, 0.0, 0.0]",0.0,0.0,0.0,0.749777772396803,10010880
f0b8b7c55f92,bdh_cq,propagate,7500,16,mild,"{""dim"": 1, ""distance"": 8, ""length"": 12, ""n_sources"": 1}",3,True,False,0,0.0,0.0,0.0,0.0,"[0.0, 0.0, 0.0]",0.0,0.0,0.0,0.7487222167601187,10010880
f0b8b7c55f92,bdh_cq,propagate,10000,16,mild,"{""dim"": 1, ""distance"": 6, ""length"": 12, ""n_sources"": 1}",3,True,False,0,0.0,0.0,0.0,0.0,"[0.0, 0.0, 0.0]",0.0,0.0,0.0,0.7731666611631711,10010880
f0b8b7c55f92,bdh_cq,propagate,10000,16,mild,"{""dim"": 1, ""distance"": 8, ""length"": 12, ""n_sources"": 1}",3,True,False,0,0.0,0.0,0.0,0.0,"[0.0, 0.0, 0.0]",0.0,0.0,0.0,0.7708888831535975,10010880
f0b8b7c55f92,bdh_cq,propagate,12500,16,mild,"{""dim"": 1, ""distance"": 6, ""length"": 12, ""n_sources"": 1}",3,True,False,0,0.0,0.0,0.0,0.0,"[0.0, 0.0, 0.0]",0.0,0.0,0.0,0.7407222191492716,10010880
f0b8b7c55f92,bdh_cq,propagate,12500,16,mild,"{""dim"": 1, ""distance"": 8, ""length"": 12, ""n_sources"": 1}",3,True,False,0,0.0,0.0,0.0,0.0,"[0.0, 0.0, 0.0]",0.0,0.0,0.0,0.746111106445392,10010880
f0b8b7c55f92,bdh_cq,propagate,15000,16,mild,"{""dim"": 1, ""distance"": 6, ""length"": 12, ""n_sources"": 1}",3,True,False,0,0.0,0.0,0.0,0.0,"[0.0, 0.0, 0.0]",0.0,0.0,0.0,0.6601111084123453,10010880
f0b8b7c55f92,bdh_cq,propagate,15000,16,mild,"{""dim"": 1, ""distance"": 8, ""length"": 12, ""n_sources"": 1}",3,True,False,0,0.0,0.0,0.0,0.0,"[0.0, 0.0, 0.0]",0.0,0.0,0.0,0.6687777752081553,10010880
f0b8b7c55f92,bdh_cq,propagate,17500,16,mild,"{""dim"": 1, ""distance"": 6, ""length"": 12, ""n_sources"": 1}",3,True,False,0,0.0,0.0,0.0,0.0,"[0.0, 0.0, 0.0]",0.0,0.0,0.0,0.6515555516282717,10010880
f0b8b7c55f92,bdh_cq,propagate,17500,16,mild,"{""dim"": 1, ""distance"": 8, ""length"": 12, ""n_sources"": 1}",3,True,False,0,0.0,0.0,0.0,0.0,"[0.0, 0.0, 0.0]",0.0,0.0,0.0,0.6297222194721303,10010880
f0b8b7c55f92,bdh_cq,propagate,20000,16,mild,"{""dim"": 1, ""distance"": 6, ""length"": 12, ""n_sources"": 1}",3,True,False,0,0.0,0.0,0.0,0.0,"[0.0, 0.0, 0.0]",0.0,0.0,0.0,0.6346666624645392,10010880
f0b8b7c55f92,bdh_cq,propagate,20000,16,mild,"{""dim"": 1, ""distance"": 8, ""length"": 12, ""n_sources"": 1}",3,True,False,0,0.0,0.0,0.0,0.0,"[0.0, 0.0, 0.0]",0.0,0.0,0.0,0.6108888853142659,10010880
f0b8b7c55f92,bdh_cq,propagate,22500,16,mild,"{""dim"": 1, ""distance"": 6, ""length"": 12, ""n_sources"": 1}",3,True,False,0,0.0,0.0,0.0,0.0,"[0.0, 0.0, 0.0]",0.0,0.0,0.0,0.6501111064950625,10010880
f0b8b7c55f92,bdh_cq,propagate,22500,16,mild,"{""dim"": 1, ""distance"": 8, ""length"": 12, ""n_sources"": 1}",3,True,False,0,0.0,0.0,0.0,0.0,"[0.0, 0.0, 0.0]",0.0,0.0,0.0,0.6151666616996129,10010880
f0b8b7c55f92,bdh_cq,propagate,25000,16,mild,"{""dim"": 1, ""distance"": 6, ""length"": 12, ""n_sources"": 1}",3,True,False,0,0.0,0.0,0.0,0.0,"[0.0, 0.0, 0.0]",0.0,0.0,0.0,0.6676111062169076,10010880
f0b8b7c55f92,bdh_cq,propagate,25000,16,mild,"{""dim"": 1, ""distance"": 8, ""length"": 12, ""n_sources"": 1}",3,True,False,0,0.0,0.0,0.0,0.0,"[0.0, 0.0, 0.0]",0.0,0.0,0.0,0.6371666611681381,10010880
f0b8b7c55f92,bdh_cq,propagate,27500,16,mild,"{""dim"": 1, ""distance"": 6, ""length"": 12, ""n_sources"": 1}",3,True,False,0,0.0,0.0,0.0,0.0,"[0.0, 0.0, 0.0]",0.0,0.0,0.0,0.6772222160696982,10010880
f0b8b7c55f92,bdh_cq,propagate,27500,16,mild,"{""dim"": 1, ""distance"": 8, ""length"": 12, ""n_sources"": 1}",3,True,False,0,0.0,0.0,0.0,0.0,"[0.0, 0.0, 0.0]",0.0,0.0,0.0,0.6596666597326597,10010880
f0b8b7c55f92,bdh_cq,propagate,30000,16,mild,"{""dim"": 1, ""distance"": 6, ""length"": 12, ""n_sources"": 1}",3,True,False,0,0.0,0.0,0.0,0.0,"[0.0, 0.0, 0.0]",0.0,0.0,0.0,0.6836111046870549,10010880
f0b8b7c55f92,bdh_cq,propagate,30000,16,mild,"{""dim"": 1, ""distance"": 8, ""length"": 12, ""n_sources"": 1}",3,True,False,0,0.0,0.0,0.0,0.0,"[0.0, 0.0, 0.0]",0.0,0.0,0.0,0.6652777700821558,10010880
f0b8b7c55f92,bdh_cq,propagate,32500,16,mild,"{""dim"": 1, ""distance"": 6, ""length"": 12, ""n_sources"": 1}",3,True,False,0,0.0,0.0,0.0,0.0,"[0.0, 0.0, 0.0]",0.0,0.0,0.0,0.6976666595339776,10010880
f0b8b7c55f92,bdh_cq,propagate,32500,16,mild,"{""dim"": 1, ""distance"": 8, ""length"": 12, ""n_sources"": 1}",3,True,False,0,0.0,0.0,0.0,0.0,"[0.0, 0.0, 0.0]",0.0,0.0,0.0,0.6857222135762374,10010880
f0b8b7c55f92,bdh_cq,propagate,35000,16,mild,"{""dim"": 1, ""distance"": 6, ""length"": 12, ""n_sources"": 1}",3,True,False,0,0.0,0.0,0.0,0.0,"[0.0, 0.0, 0.0]",0.0,0.0,0.0,0.6819444377223651,10010880
f0b8b7c55f92,bdh_cq,propagate,35000,16,mild,"{""dim"": 1, ""distance"": 8, ""length"": 12, ""n_sources"": 1}",3,True,False,0,0.0,0.0,0.0,0.0,"[0.0, 0.0, 0.0]",0.0,0.0,0.0,0.666277769729495,10010880
f0b8b7c55f92,bdh_cq,propagate,37500,16,mild,"{""dim"": 1, ""distance"": 6, ""length"": 12, ""n_sources"": 1}",3,True,False,0,0.0,0.0,0.0,0.0,"[0.0, 0.0, 0.0]",0.0,0.0,0.0,0.6839999934037526,10010880
f0b8b7c55f92,bdh_cq,propagate,37500,16,mild,"{""dim"": 1, ""distance"": 8, ""length"": 12, ""n_sources"": 1}",3,True,False,0,0.0,0.0,0.0,0.0,"[0.0, 0.0, 0.0]",0.0,0.0,0.0,0.6682777695705493,10010880
f0b8b7c55f92,bdh_cq,propagate,40000,16,mild,"{""dim"": 1, ""distance"": 6, ""length"": 12, ""n_sources"": 1}",3,True,False,0,0.0,0.0,0.0,0.0,"[0.0, 0.0, 0.0]",0.0,0.0,0.0,0.6833333264986674,10010880
f0b8b7c55f92,bdh_cq,propagate,40000,16,mild,"{""dim"": 1, ""distance"": 8, ""length"": 12, ""n_sources"": 1}",3,True,False,0,0.0,0.0,0.0,0.0,"[0.0, 0.0, 0.0]",0.0,0.0,0.0,0.6656666586647431,10010880
75f014a16a02,bdh_cq,propagate,2500,32,mild,"{""dim"": 1, ""distance"": 6, ""length"": 12, ""n_sources"": 1}",3,True,False,0,0.0,0.0,0.0,0.0,"[0.0, 0.0, 0.0]",0.0,0.0,0.0,0.7468333232998847,10010880
75f014a16a02,bdh_cq,propagate,2500,32,mild,"{""dim"": 1, ""distance"": 8, ""length"": 12, ""n_sources"": 1}",3,True,False,0,0.0,0.0,0.0,0.0,"[0.0, 0.0, 0.0]",0.0,0.0,0.0,0.7465555434376001,10010880
75f014a16a02,bdh_cq,propagate,5000,32,mild,"{""dim"": 1, ""distance"": 6, ""length"": 12, ""n_sources"": 1}",3,True,False,0,0.0,0.0,0.0,0.0,"[0.0, 0.0, 0.0]",0.0,0.0,0.0,0.7089444429675739,10010880
75f014a16a02,bdh_cq,propagate,5000,32,mild,"{""dim"": 1, ""distance"": 8, ""length"": 12, ""n_sources"": 1}",3,True,False,0,0.0,0.0,0.0,0.0,"[0.0, 0.0, 0.0]",0.0,0.0,0.0,0.725444442341725,10010880
75f014a16a02,bdh_cq,propagate,7500,32,mild,"{""dim"": 1, ""distance"": 6, ""length"": 12, ""n_sources"": 1}",3,True,False,0,0.0006666666666666666,0.0009428090415820634,0.0,0.002,"[0.002, 0.0, 0.0]",0.0,0.002,0.0006666666666666666,0.7410555549065272,10010880
75f014a16a02,bdh_cq,propagate,7500,32,mild,"{""dim"": 1, ""distance"": 8, ""length"": 12, ""n_sources"": 1}",3,True,False,0,0.0,0.0,0.0,0.0,"[0.0, 0.0, 0.0]",0.0,0.0,0.0,0.7608333331843218,10010880
75f014a16a02,bdh_cq,propagate,10000,32,mild,"{""dim"": 1, ""distance"": 6, ""length"": 12, ""n_sources"": 1}",3,True,False,0,0.0,0.0,0.0,0.0,"[0.0, 0.0, 0.0]",0.0,0.0,0.0,0.722555555890004,10010880
75f014a16a02,bdh_cq,propagate,10000,32,mild,"{""dim"": 1, ""distance"": 8, ""length"": 12, ""n_sources"": 1}",3,True,False,0,0.0,0.0,0.0,0.0,"[0.0, 0.0, 0.0]",0.0,0.0,0.0,0.7344444451332093,10010880
75f014a16a02,bdh_cq,propagate,12500,32,mild,"{""dim"": 1, ""distance"": 6, ""length"": 12, ""n_sources"": 1}",3,True,False,0,0.0006666666666666666,0.0009428090415820634,0.0,0.002,"[0.002, 0.0, 0.0]",0.0,0.002,0.0006666666666666666,0.7072777769068876,10010880
75f014a16a02,bdh_cq,propagate,12500,32,mild,"{""dim"": 1, ""distance"": 8, ""length"": 12, ""n_sources"": 1}",3,True,False,0,0.0,0.0,0.0,0.0,"[0.0, 0.0, 0.0]",0.0,0.0,0.0,0.7037222211758296,10010880
75f014a16a02,bdh_cq,propagate,15000,32,mild,"{""dim"": 1, ""distance"": 6, ""length"": 12, ""n_sources"": 1}",3,True,False,0,0.0026666666666666666,0.0037712361663282535,0.0,0.008,"[0.008, 0.0, 0.0]",0.0,0.008,0.0026666666666666666,0.7518333302537599,10010880
75f014a16a02,bdh_cq,propagate,15000,32,mild,"{""dim"": 1, ""distance"": 8, ""length"": 12, ""n_sources"": 1}",3,True,False,0,0.0013333333333333333,0.0018856180831641268,0.0,0.004,"[0.004, 0.0, 0.0]",0.0,0.004,0.0013333333333333333,0.7602222191492717,10010880
75f014a16a02,bdh_cq,propagate,17500,32,mild,"{""dim"": 1, ""distance"": 6, ""length"": 12, ""n_sources"": 1}",3,True,False,0,0.0013333333333333333,0.0018856180831641268,0.0,0.004,"[0.004, 0.0, 0.0]",0.0,0.004,0.0013333333333333333,0.729833328406016,10010880
75f014a16a02,bdh_cq,propagate,17500,32,mild,"{""dim"": 1, ""distance"": 8, ""length"": 12, ""n_sources"": 1}",3,True,False,0,0.0013333333333333333,0.0018856180831641268,0.0,0.004,"[0.004, 0.0, 0.0]",0.0,0.004,0.0013333333333333333,0.7442777736137312,10010880
75f014a16a02,bdh_cq,propagate,20000,32,mild,"{""dim"": 1, ""distance"": 6, ""length"": 12, ""n_sources"": 1}",3,True,False,0,0.0013333333333333333,0.0009428090415820634,0.0,0.002,"[0.002, 0.002, 0.0]",0.0,0.002,0.0013333333333333333,0.7813888819813729,10010880
75f014a16a02,bdh_cq,propagate,20000,32,mild,"{""dim"": 1, ""distance"": 8, ""length"": 12, ""n_sources"": 1}",3,True,False,0,0.0033333333333333335,0.0033993463423951896,0.0,0.008,"[0.008, 0.002, 0.0]",0.0,0.008,0.0033333333333333335,0.7784444380452236,10010880
75f014a16a02,bdh_cq,propagate,22500,32,mild,"{""dim"": 1, ""distance"": 6, ""length"": 12, ""n_sources"": 1}",3,True,False,0,0.0013333333333333333,0.0009428090415820634,0.0,0.002,"[0.002, 0.002, 0.0]",0.0,0.002,0.0013333333333333333,0.7827777724762757,10010880
75f014a16a02,bdh_cq,propagate,22500,32,mild,"{""dim"": 1, ""distance"": 8, ""length"": 12, ""n_sources"": 1}",3,True,False,0,0.004666666666666667,0.006599663291074444,0.0,0.014,"[0.014, 0.0, 0.0]",0.0,0.014,0.004666666666666667,0.783611105988423,10010880
75f014a16a02,bdh_cq,propagate,25000,32,mild,"{""dim"": 1, ""distance"": 6, ""length"": 12, ""n_sources"": 1}",3,True,False,0,0.004,0.003265986323710904,0.0,0.008,"[0.004, 0.008, 0.0]",0.0,0.008,0.004,0.7557222183148067,10010880
75f014a16a02,bdh_cq,propagate,25000,32,mild,"{""dim"": 1, ""distance"": 8, ""length"": 12, ""n_sources"": 1}",3,True,False,0,0.008666666666666666,0.012256517540566822,0.0,0.026,"[0.026, 0.0, 0.0]",0.0,0.026,0.008666666666666666,0.7497777740557988,10010880
75f014a16a02,bdh_cq,propagate,27500,32,mild,"{""dim"": 1, ""distance"": 6, ""length"": 12, ""n_sources"": 1}",3,True,False,0,0.002,0.00282842712474619,0.0,0.006,"[0.006, 0.0, 0.0]",0.0,0.006000000000000001,0.002,0.7577222166061403,10010880
75f014a16a02,bdh_cq,propagate,27500,32,mild,"{""dim"": 1, ""distance"": 8, ""length"": 12, ""n_sources"": 1}",3,True,False,0,0.0033333333333333335,0.004714045207910317,0.0,0.01,"[0.01, 0.0, 0.0]",0.0,0.01,0.0033333333333333335,0.7416666629513106,10010880
75f014a16a02,bdh_cq,propagate,30000,32,mild,"{""dim"": 1, ""distance"": 6, ""length"": 12, ""n_sources"": 1}",3,True,False,0,0.0026666666666666666,0.0037712361663282535,0.0,0.008,"[0.008, 0.0, 0.0]",0.0,0.008,0.0026666666666666666,0.7448333287040393,10010880
75f014a16a02,bdh_cq,propagate,30000,32,mild,"{""dim"": 1, ""distance"": 8, ""length"": 12, ""n_sources"": 1}",3,True,False,0,0.004,0.004320493798938574,0.0,0.01,"[0.01, 0.002, 0.0]",0.0,0.01,0.004,0.7322222189505895,10010880
75f014a16a02,bdh_cq,propagate,32500,32,mild,"{""dim"": 1, ""distance"": 6, ""length"": 12, ""n_sources"": 1}",3,True,False,0,0.0026666666666666666,0.0024944382578492943,0.0,0.006,"[0.006, 0.002, 0.0]",0.0,0.006000000000000001,0.0026666666666666666,0.7385555507342021,10010880
75f014a16a02,bdh_cq,propagate,32500,32,mild,"{""dim"": 1, ""distance"": 8, ""length"": 12, ""n_sources"": 1}",3,True,False,0,0.0006666666666666666,0.0009428090415820634,0.0,0.002,"[0.002, 0.0, 0.0]",0.0,0.002,0.0006666666666666666,0.7272777748405933,10010880
75f014a16a02,bdh_cq,propagate,35000,32,mild,"{""dim"": 1, ""distance"": 6, ""length"": 12, ""n_sources"": 1}",3,True,False,0,0.0013333333333333333,0.0018856180831641268,0.0,0.004,"[0.004, 0.0, 0.0]",0.0,0.004,0.0013333333333333333,0.7568333273132642,10010880
75f014a16a02,bdh_cq,propagate,35000,32,mild,"{""dim"": 1, ""distance"": 8, ""length"": 12, ""n_sources"": 1}",3,True,False,0,0.0013333333333333333,0.0018856180831641268,0.0,0.004,"[0.004, 0.0, 0.0]",0.0,0.004,0.0013333333333333333,0.7357222192883492,10010880
75f014a16a02,bdh_cq,propagate,37500,32,mild,"{""dim"": 1, ""distance"": 6, ""length"": 12, ""n_sources"": 1}",3,True,False,0,0.0006666666666666666,0.0009428090415820634,0.0,0.002,"[0.0, 0.002, 0.0]",0.0,0.002,0.0006666666666666666,0.7543888833522797,10010880
75f014a16a02,bdh_cq,propagate,37500,32,mild,"{""dim"": 1, ""distance"": 8, ""length"": 12, ""n_sources"": 1}",3,True,False,0,0.0006666666666666666,0.0009428090415820634,0.0,0.002,"[0.002, 0.0, 0.0]",0.0,0.002,0.0006666666666666666,0.7377777744531632,10010880
75f014a16a02,bdh_cq,propagate,40000,32,mild,"{""dim"": 1, ""distance"": 6, ""length"": 12, ""n_sources"": 1}",3,True,False,0,0.0,0.0,0.0,0.0,"[0.0, 0.0, 0.0]",0.0,0.0,0.0,0.7521666608452797,10010880
75f014a16a02,bdh_cq,propagate,40000,32,mild,"{""dim"": 1, ""distance"": 8, ""length"": 12, ""n_sources"": 1}",3,True,False,0,0.0013333333333333333,0.0009428090415820634,0.0,0.002,"[0.002, 0.002, 0.0]",0.0,0.002,0.0013333333333333333,0.7338888855576515,10010880
f0b8b7c55f92,bdh_cq,propagate,40000,32,mild,"{""dim"": 1, ""distance"": 6, ""length"": 12, ""n_sources"": 1}",3,True,False,0,0.0,0.0,0.0,0.0,"[0.0, 0.0, 0.0]",0.0,0.0,0.0,0.4850555570622285,10010880
f0b8b7c55f92,bdh_cq,propagate,40000,32,mild,"{""dim"": 1, ""distance"": 8, ""length"": 12, ""n_sources"": 1}",3,True,False,0,0.0,0.0,0.0,0.0,"[0.0, 0.0, 0.0]",0.0,0.0,0.0,0.4369444431960583,10010880
75f014a16a02,bdh_cq,propagate,2500,1,strong,"{""dim"": 1, ""distance"": 12, ""length"": 48, ""n_sources"": 1}",3,True,False,0,0.0,0.0,0.0,0.0,"[0.0, 0.0, 0.0]",0.0,0.0,0.0,0.7492916518052418,10010880
75f014a16a02,bdh_cq,propagate,2500,1,strong,"{""dim"": 1, ""distance"": 24, ""length"": 48, ""n_sources"": 1}",3,True,False,0,0.0,0.0,0.0,0.0,"[0.0, 0.0, 0.0]",0.0,0.0,0.0,0.6222361130913098,10010880
75f014a16a02,bdh_cq,propagate,5000,1,strong,"{""dim"": 1, ""distance"": 12, ""length"": 48, ""n_sources"": 1}",3,True,False,0,0.0,0.0,0.0,0.0,"[0.0, 0.0, 0.0]",0.0,0.0,0.0,0.7380416521231333,10010880
75f014a16a02,bdh_cq,propagate,5000,1,strong,"{""dim"": 1, ""distance"": 24, ""length"": 48, ""n_sources"": 1}",3,True,False,0,0.0,0.0,0.0,0.0,"[0.0, 0.0, 0.0]",0.0,0.0,0.0,0.5969305576086045,10010880
75f014a16a02,bdh_cq,propagate,7500,1,strong,"{""dim"": 1, ""distance"": 12, ""length"": 48, ""n_sources"": 1}",3,True,False,0,0.0,0.0,0.0,0.0,"[0.0, 0.0, 0.0]",0.0,0.0,0.0,0.7402222083409628,10010880
75f014a16a02,bdh_cq,propagate,7500,1,strong,"{""dim"": 1, ""distance"": 24, ""length"": 48, ""n_sources"": 1}",3,True,False,0,0.0,0.0,0.0,0.0,"[0.0, 0.0, 0.0]",0.0,0.0,0.0,0.6153611117601394,10010880
75f014a16a02,bdh_cq,propagate,10000,1,strong,"{""dim"": 1, ""distance"": 12, ""length"": 48, ""n_sources"": 1}",3,True,False,0,0.0,0.0,0.0,0.0,"[0.0, 0.0, 0.0]",0.0,0.0,0.0,0.7561805431842803,10010880
75f014a16a02,bdh_cq,propagate,10000,1,strong,"{""dim"": 1, ""distance"": 24, ""length"": 48, ""n_sources"": 1}",3,True,False,0,0.0,0.0,0.0,0.0,"[0.0, 0.0, 0.0]",0.0,0.0,0.0,0.6550833337505658,10010880
75f014a16a02,bdh_cq,propagate,12500,1,strong,"{""dim"": 1, ""distance"": 12, ""length"": 48, ""n_sources"": 1}",3,True,False,0,0.0,0.0,0.0,0.0,"[0.0, 0.0, 0.0]",0.0,0.0,0.0,0.7641527664661408,10010880
75f014a16a02,bdh_cq,propagate,12500,1,strong,"{""dim"": 1, ""distance"": 24, ""length"": 48, ""n_sources"": 1}",3,True,False,0,0.0,0.0,0.0,0.0,"[0.0, 0.0, 0.0]",0.0,0.0,0.0,0.6752083341081937,10010880
75f014a16a02,bdh_cq,propagate,15000,1,strong,"{""dim"": 1, ""distance"": 12, ""length"": 48, ""n_sources"": 1}",3,True,False,0,0.0,0.0,0.0,0.0,"[0.0, 0.0, 0.0]",0.0,0.0,0.0,0.7772777666250864,10010880
75f014a16a02,bdh_cq,propagate,15000,1,strong,"{""dim"": 1, ""distance"": 24, ""length"": 48, ""n_sources"": 1}",3,True,False,0,0.0,0.0,0.0,0.0,"[0.0, 0.0, 0.0]",0.0,0.0,0.0,0.6941249993046125,10010880
75f014a16a02,bdh_cq,propagate,17500,1,strong,"{""dim"": 1, ""distance"": 12, ""length"": 48, ""n_sources"": 1}",3,True,False,0,0.0,0.0,0.0,0.0,"[0.0, 0.0, 0.0]",0.0,0.0,0.0,0.7764305444955825,10010880
75f014a16a02,bdh_cq,propagate,17500,1,strong,"{""dim"": 1, ""distance"": 24, ""length"": 48, ""n_sources"": 1}",3,True,False,0,0.0,0.0,0.0,0.0,"[0.0, 0.0, 0.0]",0.0,0.0,0.0,0.686236110428969,10010880
75f014a16a02,bdh_cq,propagate,20000,1,strong,"{""dim"": 1, ""distance"": 12, ""length"": 48, ""n_sources"": 1}",3,True,False,0,0.0,0.0,0.0,0.0,"[0.0, 0.0, 0.0]",0.0,0.0,0.0,0.7664583202997842,10010880
75f014a16a02,bdh_cq,propagate,20000,1,strong,"{""dim"": 1, ""distance"": 24, ""length"": 48, ""n_sources"": 1}",3,True,False,0,0.0,0.0,0.0,0.0,"[0.0, 0.0, 0.0]",0.0,0.0,0.0,0.6487083344658217,10010880
75f014a16a02,bdh_cq,propagate,22500,1,strong,"{""dim"": 1, ""distance"": 12, ""length"": 48, ""n_sources"": 1}",3,True,False,0,0.0,0.0,0.0,0.0,"[0.0, 0.0, 0.0]",0.0,0.0,0.0,0.786194432536761,10010880
75f014a16a02,bdh_cq,propagate,22500,1,strong,"{""dim"": 1, ""distance"": 24, ""length"": 48, ""n_sources"": 1}",3,True,False,0,0.0,0.0,0.0,0.0,"[0.0, 0.0, 0.0]",0.0,0.0,0.0,0.670208333849907,10010880
75f014a16a02,bdh_cq,propagate,25000,1,strong,"{""dim"": 1, ""distance"": 12, ""length"": 48, ""n_sources"": 1}",3,True,False,0,0.0,0.0,0.0,0.0,"[0.0, 0.0, 0.0]",0.0,0.0,0.0,0.7834722105662028,10010880
75f014a16a02,bdh_cq,propagate,25000,1,strong,"{""dim"": 1, ""distance"": 24, ""length"": 48, ""n_sources"": 1}",3,True,False,0,0.0,0.0,0.0,0.0,"[0.0, 0.0, 0.0]",0.0,0.0,0.0,0.6696388896306357,10010880
75f014a16a02,bdh_cq,propagate,27500,1,strong,"{""dim"": 1, ""distance"": 12, ""length"": 48, ""n_sources"": 1}",3,True,False,0,0.0,0.0,0.0,0.0,"[0.0, 0.0, 0.0]",0.0,0.0,0.0,0.7794583214918772,10010880
75f014a16a02,bdh_cq,propagate,27500,1,strong,"{""dim"": 1, ""distance"": 24, ""length"": 48, ""n_sources"": 1}",3,True,False,0,0.0,0.0,0.0,0.0,"[0.0, 0.0, 0.0]",0.0,0.0,0.0,0.6625416676799456,10010880
75f014a16a02,bdh_cq,propagate,30000,1,strong,"{""dim"": 1, ""distance"": 12, ""length"": 48, ""n_sources"": 1}",3,True,False,0,0.0,0.0,0.0,0.0,"[0.0, 0.0, 0.0]",0.0,0.0,0.0,0.7735277656714121,10010880
75f014a16a02,bdh_cq,propagate,30000,1,strong,"{""dim"": 1, ""distance"": 24, ""length"": 48, ""n_sources"": 1}",3,True,False,0,0.0,0.0,0.0,0.0,"[0.0, 0.0, 0.0]",0.0,0.0,0.0,0.6435138899286588,10010880
75f014a16a02,bdh_cq,propagate,32500,1,strong,"{""dim"": 1, ""distance"": 12, ""length"": 48, ""n_sources"": 1}",3,True,False,0,0.0,0.0,0.0,0.0,"[0.0, 0.0, 0.0]",0.0,0.0,0.0,0.7682638761599859,10010880
75f014a16a02,bdh_cq,propagate,32500,1,strong,"{""dim"": 1, ""distance"": 24, ""length"": 48, ""n_sources"": 1}",3,True,False,0,0.0,0.0,0.0,0.0,"[0.0, 0.0, 0.0]",0.0,0.0,0.0,0.6348472236792246,10010880
75f014a16a02,bdh_cq,propagate,35000,1,strong,"{""dim"": 1, ""distance"": 12, ""length"": 48, ""n_sources"": 1}",3,True,False,0,0.0,0.0,0.0,0.0,"[0.0, 0.0, 0.0]",0.0,0.0,0.0,0.767749986966451,10010880
75f014a16a02,bdh_cq,propagate,35000,1,strong,"{""dim"": 1, ""distance"": 24, ""length"": 48, ""n_sources"": 1}",3,True,False,0,0.0,0.0,0.0,0.0,"[0.0, 0.0, 0.0]",0.0,0.0,0.0,0.6358611128330232,10010880
75f014a16a02,bdh_cq,propagate,37500,1,strong,"{""dim"": 1, ""distance"": 12, ""length"": 48, ""n_sources"": 1}",3,True,False,0,0.0,0.0,0.0,0.0,"[0.0, 0.0, 0.0]",0.0,0.0,0.0,0.7666805428266525,10010880
75f014a16a02,bdh_cq,propagate,37500,1,strong,"{""dim"": 1, ""distance"": 24, ""length"": 48, ""n_sources"": 1}",3,True,False,0,0.0,0.0,0.0,0.0,"[0.0, 0.0, 0.0]",0.0,0.0,0.0,0.634347223718961,10010880
75f014a16a02,bdh_cq,propagate,40000,1,strong,"{""dim"": 1, ""distance"": 12, ""length"": 48, ""n_sources"": 1}",3,True,False,0,0.0,0.0,0.0,0.0,"[0.0, 0.0, 0.0]",0.0,0.0,0.0,0.7668333204984664,10010880
75f014a16a02,bdh_cq,propagate,40000,1,strong,"{""dim"": 1, ""distance"": 24, ""length"": 48, ""n_sources"": 1}",3,True,False,0,0.0,0.0,0.0,0.0,"[0.0, 0.0, 0.0]",0.0,0.0,0.0,0.634902779618899,10010880
f0b8b7c55f92,bdh_cq,propagate,2500,1,strong,"{""dim"": 1, ""distance"": 12, ""length"": 48, ""n_sources"": 1}",3,True,False,0,0.0,0.0,0.0,0.0,"[0.0, 0.0, 0.0]",0.0,0.0,0.0,0.7422083179155985,10010880
f0b8b7c55f92,bdh_cq,propagate,2500,1,strong,"{""dim"": 1, ""distance"": 24, ""length"": 48, ""n_sources"": 1}",3,True,False,0,0.0,0.0,0.0,0.0,"[0.0, 0.0, 0.0]",0.0,0.0,0.0,0.6021250027815501,10010880
f0b8b7c55f92,bdh_cq,propagate,5000,1,strong,"{""dim"": 1, ""distance"": 12, ""length"": 48, ""n_sources"": 1}",3,True,False,0,0.0,0.0,0.0,0.0,"[0.0, 0.0, 0.0]",0.0,0.0,0.0,0.7284722067515054,10010880
f0b8b7c55f92,bdh_cq,propagate,5000,1,strong,"{""dim"": 1, ""distance"": 24, ""length"": 48, ""n_sources"": 1}",3,True,False,0,0.0,0.0,0.0,0.0,"[0.0, 0.0, 0.0]",0.0,0.0,0.0,0.5704861126939456,10010880
f0b8b7c55f92,bdh_cq,propagate,7500,1,strong,"{""dim"": 1, ""distance"": 12, ""length"": 48, ""n_sources"": 1}",3,True,False,0,0.0,0.0,0.0,0.0,"[0.0, 0.0, 0.0]",0.0,0.0,0.0,0.7345694299936295,10010880
f0b8b7c55f92,bdh_cq,propagate,7500,1,strong,"{""dim"": 1, ""distance"": 24, ""length"": 48, ""n_sources"": 1}",3,True,False,0,0.0,0.0,0.0,0.0,"[0.0, 0.0, 0.0]",0.0,0.0,0.0,0.5896111118197441,10010880
f0b8b7c55f92,bdh_cq,propagate,10000,1,strong,"{""dim"": 1, ""distance"": 12, ""length"": 48, ""n_sources"": 1}",3,True,False,0,0.0,0.0,0.0,0.0,"[0.0, 0.0, 0.0]",0.0,0.0,0.0,0.750874987880389,10010880
f0b8b7c55f92,bdh_cq,propagate,10000,1,strong,"{""dim"": 1, ""distance"": 24, ""length"": 48, ""n_sources"": 1}",3,True,False,0,0.0,0.0,0.0,0.0,"[0.0, 0.0, 0.0]",0.0,0.0,0.0,0.6342777782877286,10010880
f0b8b7c55f92,bdh_cq,propagate,12500,1,strong,"{""dim"": 1, ""distance"": 12, ""length"": 48, ""n_sources"": 1}",3,True,False,0,0.0,0.0,0.0,0.0,"[0.0, 0.0, 0.0]",0.0,0.0,0.0,0.7350833189090094,10010880
f0b8b7c55f92,bdh_cq,propagate,12500,1,strong,"{""dim"": 1, ""distance"": 24, ""length"": 48, ""n_sources"": 1}",3,True,False,0,0.0,0.0,0.0,0.0,"[0.0, 0.0, 0.0]",0.0,0.0,0.0,0.5868194454809029,10010880
f0b8b7c55f92,bdh_cq,propagate,15000,1,strong,"{""dim"": 1, ""distance"": 12, ""length"": 48, ""n_sources"": 1}",3,True,False,0,0.0,0.0,0.0,0.0,"[0.0, 0.0, 0.0]",0.0,0.0,0.0,0.7247222066720327,10010880
f0b8b7c55f92,bdh_cq,propagate,15000,1,strong,"{""dim"": 1, ""distance"": 24, ""length"": 48, ""n_sources"": 1}",3,True,False,0,0.0,0.0,0.0,0.0,"[0.0, 0.0, 0.0]",0.0,0.0,0.0,0.5471111119886239,10010880
f0b8b7c55f92,bdh_cq,propagate,17500,1,strong,"{""dim"": 1, ""distance"": 12, ""length"": 48, ""n_sources"": 1}",3,True,False,0,0.0,0.0,0.0,0.0,"[0.0, 0.0, 0.0]",0.0,0.0,0.0,0.7262777626514435,10010880
f0b8b7c55f92,bdh_cq,propagate,17500,1,strong,"{""dim"": 1, ""distance"": 24, ""length"": 48, ""n_sources"": 1}",3,True,False,0,0.0,0.0,0.0,0.0,"[0.0, 0.0, 0.0]",0.0,0.0,0.0,0.5385416689217091,10010880
f0b8b7c55f92,bdh_cq,propagate,20000,1,strong,"{""dim"": 1, ""distance"": 12, ""length"": 48, ""n_sources"": 1}",3,True,False,0,0.0,0.0,0.0,0.0,"[0.0, 0.0, 0.0]",0.0,0.0,0.0,0.7186110944946607,10010880
f0b8b7c55f92,bdh_cq,propagate,20000,1,strong,"{""dim"": 1, ""distance"": 24, ""length"": 48, ""n_sources"": 1}",3,True,False,0,0.0,0.0,0.0,0.0,"[0.0, 0.0, 0.0]",0.0,0.0,0.0,0.5018472256213427,10010880
f0b8b7c55f92,bdh_cq,propagate,22500,1,strong,"{""dim"": 1, ""distance"": 12, ""length"": 48, ""n_sources"": 1}",3,True,False,0,0.0,0.0,0.0,0.0,"[0.0, 0.0, 0.0]",0.0,0.0,0.0,0.7227222069501877,10010880
f0b8b7c55f92,bdh_cq,propagate,22500,1,strong,"{""dim"": 1, ""distance"": 24, ""length"": 48, ""n_sources"": 1}",3,True,False,0,0.0,0.0,0.0,0.0,"[0.0, 0.0, 0.0]",0.0,0.0,0.0,0.5169722253580887,10010880
f0b8b7c55f92,bdh_cq,propagate,25000,1,strong,"{""dim"": 1, ""distance"": 12, ""length"": 48, ""n_sources"": 1}",3,True,False,0,0.0,0.0,0.0,0.0,"[0.0, 0.0, 0.0]",0.0,0.0,0.0,0.7238888736565908,10010880
f0b8b7c55f92,bdh_cq,propagate,25000,1,strong,"{""dim"": 1, ""distance"": 24, ""length"": 48, ""n_sources"": 1}",3,True,False,0,0.0,0.0,0.0,0.0,"[0.0, 0.0, 0.0]",0.0,0.0,0.0,0.5245416693091393,10010880
f0b8b7c55f92,bdh_cq,propagate,27500,1,strong,"{""dim"": 1, ""distance"": 12, ""length"": 48, ""n_sources"": 1}",3,True,False,0,0.0,0.0,0.0,0.0,"[0.0, 0.0, 0.0]",0.0,0.0,0.0,0.7305694299141566,10010880
f0b8b7c55f92,bdh_cq,propagate,27500,1,strong,"{""dim"": 1, ""distance"": 24, ""length"": 48, ""n_sources"": 1}",3,True,False,0,0.0,0.0,0.0,0.0,"[0.0, 0.0, 0.0]",0.0,0.0,0.0,0.546541668454806,10010880
f0b8b7c55f92,bdh_cq,propagate,30000,1,strong,"{""dim"": 1, ""distance"": 12, ""length"": 48, ""n_sources"": 1}",3,True,False,0,0.0,0.0,0.0,0.0,"[0.0, 0.0, 0.0]",0.0,0.0,0.0,0.7345694304307302,10010880
f0b8b7c55f92,bdh_cq,propagate,30000,1,strong,"{""dim"": 1, ""distance"": 24, ""length"": 48, ""n_sources"": 1}",3,True,False,0,0.0,0.0,0.0,0.0,"[0.0, 0.0, 0.0]",0.0,0.0,0.0,0.5601527793506781,10010880
f0b8b7c55f92,bdh_cq,propagate,32500,1,strong,"{""dim"": 1, ""distance"": 12, ""length"": 48, ""n_sources"": 1}",3,True,False,0,0.0,0.0,0.0,0.0,"[0.0, 0.0, 0.0]",0.0,0.0,0.0,0.7307083192666372,10010880
f0b8b7c55f92,bdh_cq,propagate,32500,1,strong,"{""dim"": 1, ""distance"": 24, ""length"": 48, ""n_sources"": 1}",3,True,False,0,0.0,0.0,0.0,0.0,"[0.0, 0.0, 0.0]",0.0,0.0,0.0,0.5446527801156044,10010880
f0b8b7c55f92,bdh_cq,propagate,35000,1,strong,"{""dim"": 1, ""distance"": 12, ""length"": 48, ""n_sources"": 1}",3,True,False,0,0.0,0.0,0.0,0.0,"[0.0, 0.0, 0.0]",0.0,0.0,0.0,0.7298472075859705,10010880
f0b8b7c55f92,bdh_cq,propagate,35000,1,strong,"{""dim"": 1, ""distance"": 24, ""length"": 48, ""n_sources"": 1}",3,True,False,0,0.0,0.0,0.0,0.0,"[0.0, 0.0, 0.0]",0.0,0.0,0.0,0.5424722248117129,10010880
f0b8b7c55f92,bdh_cq,propagate,37500,1,strong,"{""dim"": 1, ""distance"": 12, ""length"": 48, ""n_sources"": 1}",3,True,False,0,0.0,0.0,0.0,0.0,"[0.0, 0.0, 0.0]",0.0,0.0,0.0,0.7287083186308543,10010880
f0b8b7c55f92,bdh_cq,propagate,37500,1,strong,"{""dim"": 1, ""distance"": 24, ""length"": 48, ""n_sources"": 1}",3,True,False,0,0.0,0.0,0.0,0.0,"[0.0, 0.0, 0.0]",0.0,0.0,0.0,0.5396527798970542,10010880
f0b8b7c55f92,bdh_cq,propagate,40000,1,strong,"{""dim"": 1, ""distance"": 12, ""length"": 48, ""n_sources"": 1}",3,True,False,0,0.0,0.0,0.0,0.0,"[0.0, 0.0, 0.0]",0.0,0.0,0.0,0.7282083184719085,10010880
f0b8b7c55f92,bdh_cq,propagate,40000,1,strong,"{""dim"": 1, ""distance"": 24, ""length"": 48, ""n_sources"": 1}",3,True,False,0,0.0,0.0,0.0,0.0,"[0.0, 0.0, 0.0]",0.0,0.0,0.0,0.5387500024835269,10010880
75f014a16a02,bdh_cq,propagate,40000,2,strong,"{""dim"": 1, ""distance"": 12, ""length"": 48, ""n_sources"": 1}",3,True,False,0,0.0,0.0,0.0,0.0,"[0.0, 0.0, 0.0]",0.0,0.0,0.0,0.7649583204189936,10010880
75f014a16a02,bdh_cq,propagate,40000,2,strong,"{""dim"": 1, ""distance"": 24, ""length"": 48, ""n_sources"": 1}",3,True,False,0,0.0,0.0,0.0,0.0,"[0.0, 0.0, 0.0]",0.0,0.0,0.0,0.6299166680971782,10010880
f0b8b7c55f92,bdh_cq,propagate,40000,2,strong,"{""dim"": 1, ""distance"": 12, ""length"": 48, ""n_sources"": 1}",3,True,False,0,0.0,0.0,0.0,0.0,"[0.0, 0.0, 0.0]",0.0,0.0,0.0,0.7266805406014125,10010880
f0b8b7c55f92,bdh_cq,propagate,40000,2,strong,"{""dim"": 1, ""distance"": 24, ""length"": 48, ""n_sources"": 1}",3,True,False,0,0.0,0.0,0.0,0.0,"[0.0, 0.0, 0.0]",0.0,0.0,0.0,0.5356388909518719,10010880
75f014a16a02,bdh_cq,propagate,2500,4,strong,"{""dim"": 1, ""distance"": 12, ""length"": 48, ""n_sources"": 1}",3,True,False,0,0.0,0.0,0.0,0.0,"[0.0, 0.0, 0.0]",0.0,0.0,0.0,0.7464444297552109,10010880
75f014a16a02,bdh_cq,propagate,2500,4,strong,"{""dim"": 1, ""distance"": 24, ""length"": 48, ""n_sources"": 1}",3,True,False,0,0.0,0.0,0.0,0.0,"[0.0, 0.0, 0.0]",0.0,0.0,0.0,0.6146388909220696,10010880
75f014a16a02,bdh_cq,propagate,5000,4,strong,"{""dim"": 1, ""distance"": 12, ""length"": 48, ""n_sources"": 1}",3,True,False,0,0.0,0.0,0.0,0.0,"[0.0, 0.0, 0.0]",0.0,0.0,0.0,0.7330138738552728,10010880
75f014a16a02,bdh_cq,propagate,5000,4,strong,"{""dim"": 1, ""distance"": 24, ""length"": 48, ""n_sources"": 1}",3,True,False,0,0.0,0.0,0.0,0.0,"[0.0, 0.0, 0.0]",0.0,0.0,0.0,0.5809305573900541,10010880
75f014a16a02,bdh_cq,propagate,7500,4,strong,"{""dim"": 1, ""distance"": 12, ""length"": 48, ""n_sources"": 1}",3,True,False,0,0.0,0.0,0.0,0.0,"[0.0, 0.0, 0.0]",0.0,0.0,0.0,0.7325972075064978,10010880
75f014a16a02,bdh_cq,propagate,7500,4,strong,"{""dim"": 1, ""distance"": 24, ""length"": 48, ""n_sources"": 1}",3,True,False,0,0.0,0.0,0.0,0.0,"[0.0, 0.0, 0.0]",0.0,0.0,0.0,0.5940694459875425,10010880
75f014a16a02,bdh_cq,propagate,10000,4,strong,"{""dim"": 1, ""distance"": 12, ""length"": 48, ""n_sources"": 1}",3,True,False,0,0.0,0.0,0.0,0.0,"[0.0, 0.0, 0.0]",0.0,0.0,0.0,0.7499444315036138,10010880
75f014a16a02,bdh_cq,propagate,10000,4,strong,"{""dim"": 1, ""distance"": 24, ""length"": 48, ""n_sources"": 1}",3,True,False,0,0.0,0.0,0.0,0.0,"[0.0, 0.0, 0.0]",0.0,0.0,0.0,0.6406666670441628,10010880
75f014a16a02,bdh_cq,propagate,12500,4,strong,"{""dim"": 1, ""distance"": 12, ""length"": 48, ""n_sources"": 1}",3,True,False,0,0.0,0.0,0.0,0.0,"[0.0, 0.0, 0.0]",0.0,0.0,0.0,0.7595694320996603,10010880
75f014a16a02,bdh_cq,propagate,12500,4,strong,"{""dim"": 1, ""distance"": 24, ""length"": 48, ""n_sources"": 1}",3,True,False,0,0.0,0.0,0.0,0.0,"[0.0, 0.0, 0.0]",0.0,0.0,0.0,0.6598472222288451,10010880
75f014a16a02,bdh_cq,propagate,15000,4,strong,"{""dim"": 1, ""distance"": 12, ""length"": 48, ""n_sources"": 1}",3,True,False,0,0.0,0.0,0.0,0.0,"[0.0, 0.0, 0.0]",0.0,0.0,0.0,0.7724583209355673,10010880
75f014a16a02,bdh_cq,propagate,15000,4,strong,"{""dim"": 1, ""distance"": 24, ""length"": 48, ""n_sources"": 1}",3,True,False,0,0.0,0.0,0.0,0.0,"[0.0, 0.0, 0.0]",0.0,0.0,0.0,0.6770555551846823,10010880
75f014a16a02,bdh_cq,propagate,17500,4,strong,"{""dim"": 1, ""distance"": 12, ""length"": 48, ""n_sources"": 1}",3,True,False,0,0.0,0.0,0.0,0.0,"[0.0, 0.0, 0.0]",0.0,0.0,0.0,0.7683055437008539,10010880
75f014a16a02,bdh_cq,propagate,17500,4,strong,"{""dim"": 1, ""distance"": 24, ""length"": 48, ""n_sources"": 1}",3,True,False,0,0.0,0.0,0.0,0.0,"[0.0, 0.0, 0.0]",0.0,0.0,0.0,0.6664305553634962,10010880
75f014a16a02,bdh_cq,propagate,20000,4,strong,"{""dim"": 1, ""distance"": 12, ""length"": 48, ""n_sources"": 1}",3,True,False,0,0.0,0.0,0.0,0.0,"[0.0, 0.0, 0.0]",0.0,0.0,0.0,0.7622360983689626,10010880
75f014a16a02,bdh_cq,propagate,20000,4,strong,"{""dim"": 1, ""distance"": 24, ""length"": 48, ""n_sources"": 1}",3,True,False,0,0.0,0.0,0.0,0.0,"[0.0, 0.0, 0.0]",0.0,0.0,0.0,0.6363194456895193,10010880
75f014a16a02,bdh_cq,propagate,22500,4,strong,"{""dim"": 1, ""distance"": 12, ""length"": 48, ""n_sources"": 1}",3,True,False,0,0.0,0.0,0.0,0.0,"[0.0, 0.0, 0.0]",0.0,0.0,0.0,0.7834027653535207,10010880
75f014a16a02,bdh_cq,propagate,22500,4,strong,"{""dim"": 1, ""distance"": 24, ""length"": 48, ""n_sources"": 1}",3,True,False,0,0.0,0.0,0.0,0.0,"[0.0, 0.0, 0.0]",0.0,0.0,0.0,0.6642916674216588,10010880
75f014a16a02,bdh_cq,propagate,25000,4,strong,"{""dim"": 1, ""distance"": 12, ""length"": 48, ""n_sources"": 1}",3,True,False,0,0.0,0.0,0.0,0.0,"[0.0, 0.0, 0.0]",0.0,0.0,0.0,0.782124987880389,10010880
75f014a16a02,bdh_cq,propagate,25000,4,strong,"{""dim"": 1, ""distance"": 24, ""length"": 48, ""n_sources"": 1}",3,True,False,0,0.0,0.0,0.0,0.0,"[0.0, 0.0, 0.0]",0.0,0.0,0.0,0.6628750004371008,10010880
75f014a16a02,bdh_cq,propagate,27500,4,strong,"{""dim"": 1, ""distance"": 12, ""length"": 48, ""n_sources"": 1}",3,True,False,0,0.0,0.0,0.0,0.0,"[0.0, 0.0, 0.0]",0.0,0.0,0.0,0.7778333211342493,10010880
75f014a16a02,bdh_cq,propagate,27500,4,strong,"{""dim"": 1, ""distance"": 24, ""length"": 48, ""n_sources"": 1}",3,True,False,0,0.0,0.0,0.0,0.0,"[0.0, 0.0, 0.0]",0.0,0.0,0.0,0.6575694453716278,10010880
75f014a16a02,bdh_cq,propagate,30000,4,strong,"{""dim"": 1, ""distance"": 12, ""length"": 48, ""n_sources"": 1}",3,True,False,0,0.0,0.0,0.0,0.0,"[0.0, 0.0, 0.0]",0.0,0.0,0.0,0.7714722098112107,10010880
75f014a16a02,bdh_cq,propagate,30000,4,strong,"{""dim"": 1, ""distance"": 24, ""length"": 48, ""n_sources"": 1}",3,True,False,0,0.0,0.0,0.0,0.0,"[0.0, 0.0, 0.0]",0.0,0.0,0.0,0.6401388904651005,10010880
75f014a16a02,bdh_cq,propagate,32500,4,strong,"{""dim"": 1, ""distance"": 12, ""length"": 48, ""n_sources"": 1}",3,True,False,0,0.0,0.0,0.0,0.0,"[0.0, 0.0, 0.0]",0.0,0.0,0.0,0.7659166536331177,10010880
75f014a16a02,bdh_cq,propagate,32500,4,strong,"{""dim"": 1, ""distance"": 24, ""length"": 48, ""n_sources"": 1}",3,True,False,0,0.0,0.0,0.0,0.0,"[0.0, 0.0, 0.0]",0.0,0.0,0.0,0.6299861130317052,10010880
75f014a16a02,bdh_cq,propagate,35000,4,strong,"{""dim"": 1, ""distance"": 12, ""length"": 48, ""n_sources"": 1}",3,True,False,0,0.0,0.0,0.0,0.0,"[0.0, 0.0, 0.0]",0.0,0.0,0.0,0.7655555428266525,10010880
75f014a16a02,bdh_cq,propagate,35000,4,strong,"{""dim"": 1, ""distance"": 24, ""length"": 48, ""n_sources"": 1}",3,True,False,0,0.0,0.0,0.0,0.0,"[0.0, 0.0, 0.0]",0.0,0.0,0.0,0.6295694458087285,10010880
75f014a16a02,bdh_cq,propagate,37500,4,strong,"{""dim"": 1, ""distance"": 12, ""length"": 48, ""n_sources"": 1}",3,True,False,0,0.0,0.0,0.0,0.0,"[0.0, 0.0, 0.0]",0.0,0.0,0.0,0.7643749872843425,10010880
75f014a16a02,bdh_cq,propagate,37500,4,strong,"{""dim"": 1, ""distance"": 24, ""length"": 48, ""n_sources"": 1}",3,True,False,0,0.0,0.0,0.0,0.0,"[0.0, 0.0, 0.0]",0.0,0.0,0.0,0.6282083356380462,10010880
75f014a16a02,bdh_cq,propagate,40000,4,strong,"{""dim"": 1, ""distance"": 12, ""length"": 48, ""n_sources"": 1}",3,True,False,0,0.0,0.0,0.0,0.0,"[0.0, 0.0, 0.0]",0.0,0.0,0.0,0.7645833202997844,10010880
75f014a16a02,bdh_cq,propagate,40000,4,strong,"{""dim"": 1, ""distance"": 24, ""length"": 48, ""n_sources"": 1}",3,True,False,0,0.0,0.0,0.0,0.0,"[0.0, 0.0, 0.0]",0.0,0.0,0.0,0.6288055577874184,10010880
f0b8b7c55f92,bdh_cq,propagate,2500,4,strong,"{""dim"": 1, ""distance"": 12, ""length"": 48, ""n_sources"": 1}",3,True,False,0,0.0,0.0,0.0,0.0,"[0.0, 0.0, 0.0]",0.0,0.0,0.0,0.7395694291591645,10010880
f0b8b7c55f92,bdh_cq,propagate,2500,4,strong,"{""dim"": 1, ""distance"": 24, ""length"": 48, ""n_sources"": 1}",3,True,False,0,0.0,0.0,0.0,0.0,"[0.0, 0.0, 0.0]",0.0,0.0,0.0,0.5949166698853174,10010880
f0b8b7c55f92,bdh_cq,propagate,5000,4,strong,"{""dim"": 1, ""distance"": 12, ""length"": 48, ""n_sources"": 1}",3,True,False,0,0.0,0.0,0.0,0.0,"[0.0, 0.0, 0.0]",0.0,0.0,0.0,0.7238749837080638,10010880
f0b8b7c55f92,bdh_cq,propagate,5000,4,strong,"{""dim"": 1, ""distance"": 24, ""length"": 48, ""n_sources"": 1}",3,True,False,0,0.0,0.0,0.0,0.0,"[0.0, 0.0, 0.0]",0.0,0.0,0.0,0.5586250020662944,10010880
f0b8b7c55f92,bdh_cq,propagate,7500,4,strong,"{""dim"": 1, ""distance"": 12, ""length"": 48, ""n_sources"": 1}",3,True,False,0,0.0,0.0,0.0,0.0,"[0.0, 0.0, 0.0]",0.0,0.0,0.0,0.7296527622938157,10010880
f0b8b7c55f92,bdh_cq,propagate,7500,4,strong,"{""dim"": 1, ""distance"": 24, ""length"": 48, ""n_sources"": 1}",3,True,False,0,0.0,0.0,0.0,0.0,"[0.0, 0.0, 0.0]",0.0,0.0,0.0,0.5735000014702479,10010880
f0b8b7c55f92,bdh_cq,propagate,10000,4,strong,"{""dim"": 1, ""distance"": 12, ""length"": 48, ""n_sources"": 1}",3,True,False,0,0.0,0.0,0.0,0.0,"[0.0, 0.0, 0.0]",0.0,0.0,0.0,0.7404305416345597,10010880
f0b8b7c55f92,bdh_cq,propagate,10000,4,strong,"{""dim"": 1, ""distance"": 24, ""length"": 48, ""n_sources"": 1}",3,True,False,0,0.0,0.0,0.0,0.0,"[0.0, 0.0, 0.0]",0.0,0.0,0.0,0.6086250000596046,10010880
f0b8b7c55f92,bdh_cq,propagate,12500,4,strong,"{""dim"": 1, ""distance"": 12, ""length"": 48, ""n_sources"": 1}",3,True,False,0,0.0,0.0,0.0,0.0,"[0.0, 0.0, 0.0]",0.0,0.0,0.0,0.7257222063541412,10010880
f0b8b7c55f92,bdh_cq,propagate,12500,4,strong,"{""dim"": 1, ""distance"": 24, ""length"": 48, ""n_sources"": 1}",3,True,False,0,0.0,0.0,0.0,0.0,"[0.0, 0.0, 0.0]",0.0,0.0,0.0,0.5641805565655232,10010880
f0b8b7c55f92,bdh_cq,propagate,15000,4,strong,"{""dim"": 1, ""distance"": 12, ""length"": 48, ""n_sources"": 1}",3,True,False,0,0.0,0.0,0.0,0.0,"[0.0, 0.0, 0.0]",0.0,0.0,0.0,0.7186249845425287,10010880
f0b8b7c55f92,bdh_cq,propagate,15000,4,strong,"{""dim"": 1, ""distance"": 24, ""length"": 48, ""n_sources"": 1}",3,True,False,0,0.0,0.0,0.0,0.0,"[0.0, 0.0, 0.0]",0.0,0.0,0.0,0.5373750005463759,10010880
f0b8b7c55f92,bdh_cq,propagate,17500,4,strong,"{""dim"": 1, ""distance"": 12, ""length"": 48, ""n_sources"": 1}",3,True,False,0,0.0,0.0,0.0,0.0,"[0.0, 0.0, 0.0]",0.0,0.0,0.0,0.7213749855955441,10010880
f0b8b7c55f92,bdh_cq,propagate,17500,4,strong,"{""dim"": 1, ""distance"": 24, ""length"": 48, ""n_sources"": 1}",3,True,False,0,0.0,0.0,0.0,0.0,"[0.0, 0.0, 0.0]",0.0,0.0,0.0,0.5376944467276336,10010880
f0b8b7c55f92,bdh_cq,propagate,20000,4,strong,"{""dim"": 1, ""distance"": 12, ""length"": 48, ""n_sources"": 1}",3,True,False,0,0.0,0.0,0.0,0.0,"[0.0, 0.0, 0.0]",0.0,0.0,0.0,0.7159166507124901,10010880
f0b8b7c55f92,bdh_cq,propagate,20000,4,strong,"{""dim"": 1, ""distance"": 24, ""length"": 48, ""n_sources"": 1}",3,True,False,0,0.0,0.0,0.0,0.0,"[0.0, 0.0, 0.0]",0.0,0.0,0.0,0.5050833363433679,10010880
f0b8b7c55f92,bdh_cq,propagate,22500,4,strong,"{""dim"": 1, ""distance"": 12, ""length"": 48, ""n_sources"": 1}",3,True,False,0,0.0,0.0,0.0,0.0,"[0.0, 0.0, 0.0]",0.0,0.0,0.0,0.7207222073276838,10010880
f0b8b7c55f92,bdh_cq,propagate,22500,4,strong,"{""dim"": 1, ""distance"": 24, ""length"": 48, ""n_sources"": 1}",3,True,False,0,0.0,0.0,0.0,0.0,"[0.0, 0.0, 0.0]",0.0,0.0,0.0,0.5198888911853233,10010880
f0b8b7c55f92,bdh_cq,propagate,25000,4,strong,"{""dim"": 1, ""distance"": 12, ""length"": 48, ""n_sources"": 1}",3,True,False,0,0.0,0.0,0.0,0.0,"[0.0, 0.0, 0.0]",0.0,0.0,0.0,0.7219027626514435,10010880
f0b8b7c55f92,bdh_cq,propagate,25000,4,strong,"{""dim"": 1, ""distance"": 24, ""length"": 48, ""n_sources"": 1}",3,True,False,0,0.0,0.0,0.0,0.0,"[0.0, 0.0, 0.0]",0.0,0.0,0.0,0.5258055579637487,10010880
f0b8b7c55f92,bdh_cq,propagate,27500,4,strong,"{""dim"": 1, ""distance"": 12, ""length"": 48, ""n_sources"": 1}",3,True,False,0,0.0,0.0,0.0,0.0,"[0.0, 0.0, 0.0]",0.0,0.0,0.0,0.7292360972563426,10010880
f0b8b7c55f92,bdh_cq,propagate,27500,4,strong,"{""dim"": 1, ""distance"": 24, ""length"": 48, ""n_sources"": 1}",3,True,False,0,0.0,0.0,0.0,0.0,"[0.0, 0.0, 0.0]",0.0,0.0,0.0,0.5484166686634223,10010880
f0b8b7c55f92,bdh_cq,propagate,30000,4,strong,"{""dim"": 1, ""distance"": 12, ""length"": 48, ""n_sources"": 1}",3,True,False,0,0.0,0.0,0.0,0.0,"[0.0, 0.0, 0.0]",0.0,0.0,0.0,0.7331110978722574,10010880
f0b8b7c55f92,bdh_cq,propagate,30000,4,strong,"{""dim"": 1, ""distance"": 24, ""length"": 48, ""n_sources"": 1}",3,True,False,0,0.0,0.0,0.0,0.0,"[0.0, 0.0, 0.0]",0.0,0.0,0.0,0.5621111130764086,10010880
f0b8b7c55f92,bdh_cq,propagate,32500,4,strong,"{""dim"": 1, ""distance"": 12, ""length"": 48, ""n_sources"": 1}",3,True,False,0,0.0,0.0,0.0,0.0,"[0.0, 0.0, 0.0]",0.0,0.0,0.0,0.7294999858140945,10010880
f0b8b7c55f92,bdh_cq,propagate,32500,4,strong,"{""dim"": 1, ""distance"": 24, ""length"": 48, ""n_sources"": 1}",3,True,False,0,0.0,0.0,0.0,0.0,"[0.0, 0.0, 0.0]",0.0,0.0,0.0,0.547375001847744,10010880
f0b8b7c55f92,bdh_cq,propagate,35000,4,strong,"{""dim"": 1, ""distance"": 12, ""length"": 48, ""n_sources"": 1}",3,True,False,0,0.0,0.0,0.0,0.0,"[0.0, 0.0, 0.0]",0.0,0.0,0.0,0.7280555410385131,10010880
f0b8b7c55f92,bdh_cq,propagate,35000,4,strong,"{""dim"": 1, ""distance"": 24, ""length"": 48, ""n_sources"": 1}",3,True,False,0,0.0,0.0,0.0,0.0,"[0.0, 0.0, 0.0]",0.0,0.0,0.0,0.5433611131558815,10010880
f0b8b7c55f92,bdh_cq,propagate,37500,4,strong,"{""dim"": 1, ""distance"": 12, ""length"": 48, ""n_sources"": 1}",3,True,False,0,0.0,0.0,0.0,0.0,"[0.0, 0.0, 0.0]",0.0,0.0,0.0,0.7267499856551488,10010880
f0b8b7c55f92,bdh_cq,propagate,37500,4,strong,"{""dim"": 1, ""distance"": 24, ""length"": 48, ""n_sources"": 1}",3,True,False,0,0.0,0.0,0.0,0.0,"[0.0, 0.0, 0.0]",0.0,0.0,0.0,0.5402916685591141,10010880
f0b8b7c55f92,bdh_cq,propagate,40000,4,strong,"{""dim"": 1, ""distance"": 12, ""length"": 48, ""n_sources"": 1}",3,True,False,0,0.0,0.0,0.0,0.0,"[0.0, 0.0, 0.0]",0.0,0.0,0.0,0.7266110965013505,10010880
f0b8b7c55f92,bdh_cq,propagate,40000,4,strong,"{""dim"": 1, ""distance"": 24, ""length"": 48, ""n_sources"": 1}",3,True,False,0,0.0,0.0,0.0,0.0,"[0.0, 0.0, 0.0]",0.0,0.0,0.0,0.5399305576235056,10010880
75f014a16a02,bdh_cq,propagate,2500,8,strong,"{""dim"": 1, ""distance"": 12, ""length"": 48, ""n_sources"": 1}",3,True,False,0,0.0,0.0,0.0,0.0,"[0.0, 0.0, 0.0]",0.0,0.0,0.0,0.7437916514078776,10010880
75f014a16a02,bdh_cq,propagate,2500,8,strong,"{""dim"": 1, ""distance"": 24, ""length"": 48, ""n_sources"": 1}",3,True,False,0,0.0,0.0,0.0,0.0,"[0.0, 0.0, 0.0]",0.0,0.0,0.0,0.6061111139655114,10010880
75f014a16a02,bdh_cq,propagate,5000,8,strong,"{""dim"": 1, ""distance"": 12, ""length"": 48, ""n_sources"": 1}",3,True,False,0,0.0,0.0,0.0,0.0,"[0.0, 0.0, 0.0]",0.0,0.0,0.0,0.7323749850591024,10010880
75f014a16a02,bdh_cq,propagate,5000,8,strong,"{""dim"": 1, ""distance"": 24, ""length"": 48, ""n_sources"": 1}",3,True,False,0,0.0,0.0,0.0,0.0,"[0.0, 0.0, 0.0]",0.0,0.0,0.0,0.5815694465438526,10010880
75f014a16a02,bdh_cq,propagate,7500,8,strong,"{""dim"": 1, ""distance"": 12, ""length"": 48, ""n_sources"": 1}",3,True,False,0,0.0,0.0,0.0,0.0,"[0.0, 0.0, 0.0]",0.0,0.0,0.0,0.7306388737360637,10010880
75f014a16a02,bdh_cq,propagate,7500,8,strong,"{""dim"": 1, ""distance"": 24, ""length"": 48, ""n_sources"": 1}",3,True,False,0,0.0,0.0,0.0,0.0,"[0.0, 0.0, 0.0]",0.0,0.0,0.0,0.592111112554868,10010880
75f014a16a02,bdh_cq,propagate,10000,8,strong,"{""dim"": 1, ""distance"": 12, ""length"": 48, ""n_sources"": 1}",3,True,False,0,0.0,0.0,0.0,0.0,"[0.0, 0.0, 0.0]",0.0,0.0,0.0,0.7498055426677069,10010880
75f014a16a02,bdh_cq,propagate,10000,8,strong,"{""dim"": 1, ""distance"": 24, ""length"": 48, ""n_sources"": 1}",3,True,False,0,0.0,0.0,0.0,0.0,"[0.0, 0.0, 0.0]",0.0,0.0,0.0,0.6461527776519458,10010880
75f014a16a02,bdh_cq,propagate,12500,8,strong,"{""dim"": 1, ""distance"": 12, ""length"": 48, ""n_sources"": 1}",3,True,False,0,0.0,0.0,0.0,0.0,"[0.0, 0.0, 0.0]",0.0,0.0,0.0,0.7569722094933192,10010880
75f014a16a02,bdh_cq,propagate,12500,8,strong,"{""dim"": 1, ""distance"": 24, ""length"": 48, ""n_sources"": 1}",3,True,False,0,0.0,0.0,0.0,0.0,"[0.0, 0.0, 0.0]",0.0,0.0,0.0,0.6599027778108915,10010880
75f014a16a02,bdh_cq,propagate,15000,8,strong,"{""dim"": 1, ""distance"": 12, ""length"": 48, ""n_sources"": 1}",3,True,False,0,0.0,0.0,0.0,0.0,"[0.0, 0.0, 0.0]",0.0,0.0,0.0,0.7681666549841563,10010880
75f014a16a02,bdh_cq,propagate,15000,8,strong,"{""dim"": 1, ""distance"": 24, ""length"": 48, ""n_sources"": 1}",3,True,False,0,0.0,0.0,0.0,0.0,"[0.0, 0.0, 0.0]",0.0,0.0,0.0,0.6695277783870698,10010880
75f014a16a02,bdh_cq,propagate,17500,8,strong,"{""dim"": 1, ""distance"": 12, ""length"": 48, ""n_sources"": 1}",3,True,False,0,0.0,0.0,0.0,0.0,"[0.0, 0.0, 0.0]",0.0,0.0,0.0,0.7606805427074432,10010880
75f014a16a02,bdh_cq,propagate,17500,8,strong,"{""dim"": 1, ""distance"": 24, ""length"": 48, ""n_sources"": 1}",3,True,False,0,0.0,0.0,0.0,0.0,"[0.0, 0.0, 0.0]",0.0,0.0,0.0,0.6552222223877907,10010880
75f014a16a02,bdh_cq,propagate,20000,8,strong,"{""dim"": 1, ""distance"": 12, ""length"": 48, ""n_sources"": 1}",3,True,False,0,0.0,0.0,0.0,0.0,"[0.0, 0.0, 0.0]",0.0,0.0,0.0,0.7606527648766835,10010880
75f014a16a02,bdh_cq,propagate,20000,8,strong,"{""dim"": 1, ""distance"": 24, ""length"": 48, ""n_sources"": 1}",3,True,False,0,0.0,0.0,0.0,0.0,"[0.0, 0.0, 0.0]",0.0,0.0,0.0,0.6318333346446355,10010880
75f014a16a02,bdh_cq,propagate,22500,8,strong,"{""dim"": 1, ""distance"": 12, ""length"": 48, ""n_sources"": 1}",3,True,False,0,0.0,0.0,0.0,0.0,"[0.0, 0.0, 0.0]",0.0,0.0,0.0,0.7817916541496913,10010880
75f014a16a02,bdh_cq,propagate,22500,8,strong,"{""dim"": 1, ""distance"": 24, ""length"": 48, ""n_sources"": 1}",3,True,False,0,0.0,0.0,0.0,0.0,"[0.0, 0.0, 0.0]",0.0,0.0,0.0,0.6597638900081316,10010880
75f014a16a02,bdh_cq,propagate,25000,8,strong,"{""dim"": 1, ""distance"": 12, ""length"": 48, ""n_sources"": 1}",3,True,False,0,0.0,0.0,0.0,0.0,"[0.0, 0.0, 0.0]",0.0,0.0,0.0,0.7786944323380788,10010880
75f014a16a02,bdh_cq,propagate,25000,8,strong,"{""dim"": 1, ""distance"": 24, ""length"": 48, ""n_sources"": 1}",3,True,False,0,0.0,0.0,0.0,0.0,"[0.0, 0.0, 0.0]",0.0,0.0,0.0,0.6568194455305735,10010880
75f014a16a02,bdh_cq,propagate,27500,8,strong,"{""dim"": 1, ""distance"": 12, ""length"": 48, ""n_sources"": 1}",3,True,False,0,0.0,0.0,0.0,0.0,"[0.0, 0.0, 0.0]",0.0,0.0,0.0,0.7758055435021718,10010880
75f014a16a02,bdh_cq,propagate,27500,8,strong,"{""dim"": 1, ""distance"": 24, ""length"": 48, ""n_sources"": 1}",3,True,False,0,0.0,0.0,0.0,0.0,"[0.0, 0.0, 0.0]",0.0,0.0,0.0,0.6511250013907751,10010880
75f014a16a02,bdh_cq,propagate,30000,8,strong,"{""dim"": 1, ""distance"": 12, ""length"": 48, ""n_sources"": 1}",3,True,False,0,0.0,0.0,0.0,0.0,"[0.0, 0.0, 0.0]",0.0,0.0,0.0,0.7721666543881098,10010880
75f014a16a02,bdh_cq,propagate,30000,8,strong,"{""dim"": 1, ""distance"": 24, ""length"": 48, ""n_sources"": 1}",3,True,False,0,0.0,0.0,0.0,0.0,"[0.0, 0.0, 0.0]",0.0,0.0,0.0,0.6378194459279379,10010880
75f014a16a02,bdh_cq,propagate,32500,8,strong,"{""dim"": 1, ""distance"": 12, ""length"": 48, ""n_sources"": 1}",3,True,False,0,0.0,0.0,0.0,0.0,"[0.0, 0.0, 0.0]",0.0,0.0,0.0,0.7643472098906835,10010880
75f014a16a02,bdh_cq,propagate,32500,8,strong,"{""dim"": 1, ""distance"": 24, ""length"": 48, ""n_sources"": 1}",3,True,False,0,0.0,0.0,0.0,0.0,"[0.0, 0.0, 0.0]",0.0,0.0,0.0,0.6258333357373873,10010880
75f014a16a02,bdh_cq,propagate,35000,8,strong,"{""dim"": 1, ""distance"": 12, ""length"": 48, ""n_sources"": 1}",3,True,False,0,0.0,0.0,0.0,0.0,"[0.0, 0.0, 0.0]",0.0,0.0,0.0,0.7644166541894277,10010880
75f014a16a02,bdh_cq,propagate,35000,8,strong,"{""dim"": 1, ""distance"": 24, ""length"": 48, ""n_sources"": 1}",3,True,False,0,0.0,0.0,0.0,0.0,"[0.0, 0.0, 0.0]",0.0,0.0,0.0,0.6253333352208138,10010880
75f014a16a02,bdh_cq,propagate,37500,8,strong,"{""dim"": 1, ""distance"": 12, ""length"": 48, ""n_sources"": 1}",3,True,False,0,0.0,0.0,0.0,0.0,"[0.0, 0.0, 0.0]",0.0,0.0,0.0,0.7623472094138464,10010880
75f014a16a02,bdh_cq,propagate,37500,8,strong,"{""dim"": 1, ""distance"": 24, ""length"": 48, ""n_sources"": 1}",3,True,False,0,0.0,0.0,0.0,0.0,"[0.0, 0.0, 0.0]",0.0,0.0,0.0,0.6225833351612091,10010880
75f014a16a02,bdh_cq,propagate,40000,8,strong,"{""dim"": 1, ""distance"": 12, ""length"": 48, ""n_sources"": 1}",3,True,False,0,0.0,0.0,0.0,0.0,"[0.0, 0.0, 0.0]",0.0,0.0,0.0,0.7622916538715363,10010880
75f014a16a02,bdh_cq,propagate,40000,8,strong,"{""dim"": 1, ""distance"": 24, ""length"": 48, ""n_sources"": 1}",3,True,False,0,0.0,0.0,0.0,0.0,"[0.0, 0.0, 0.0]",0.0,0.0,0.0,0.6225972240567207,10010880
f0b8b7c55f92,bdh_cq,propagate,40000,8,strong,"{""dim"": 1, ""distance"": 12, ""length"": 48, ""n_sources"": 1}",3,True,False,0,0.0,0.0,0.0,0.0,"[0.0, 0.0, 0.0]",0.0,0.0,0.0,0.7273472084005673,10010880
f0b8b7c55f92,bdh_cq,propagate,40000,8,strong,"{""dim"": 1, ""distance"": 24, ""length"": 48, ""n_sources"": 1}",3,True,False,0,0.0,0.0,0.0,0.0,"[0.0, 0.0, 0.0]",0.0,0.0,0.0,0.5478333351612091,10010880
75f014a16a02,bdh_cq,propagate,40000,16,strong,"{""dim"": 1, ""distance"": 12, ""length"": 48, ""n_sources"": 1}",3,True,False,0,0.0,0.0,0.0,0.0,"[0.0, 0.0, 0.0]",0.0,0.0,0.0,0.7574860977331798,10010880
75f014a16a02,bdh_cq,propagate,40000,16,strong,"{""dim"": 1, ""distance"": 24, ""length"": 48, ""n_sources"": 1}",3,True,False,0,0.0,0.0,0.0,0.0,"[0.0, 0.0, 0.0]",0.0,0.0,0.0,0.6123750019272168,10010880
f0b8b7c55f92,bdh_cq,propagate,2500,16,strong,"{""dim"": 1, ""distance"": 12, ""length"": 48, ""n_sources"": 1}",3,True,False,0,0.0,0.0,0.0,0.0,"[0.0, 0.0, 0.0]",0.0,0.0,0.0,0.7347222064336142,10010880
f0b8b7c55f92,bdh_cq,propagate,2500,16,strong,"{""dim"": 1, ""distance"": 24, ""length"": 48, ""n_sources"": 1}",3,True,False,0,0.0,0.0,0.0,0.0,"[0.0, 0.0, 0.0]",0.0,0.0,0.0,0.5774305596152942,10010880
f0b8b7c55f92,bdh_cq,propagate,5000,16,strong,"{""dim"": 1, ""distance"": 12, ""length"": 48, ""n_sources"": 1}",3,True,False,0,0.0,0.0,0.0,0.0,"[0.0, 0.0, 0.0]",0.0,0.0,0.0,0.7227916506528854,10010880
f0b8b7c55f92,bdh_cq,propagate,5000,16,strong,"{""dim"": 1, ""distance"": 24, ""length"": 48, ""n_sources"": 1}",3,True,False,0,0.0,0.0,0.0,0.0,"[0.0, 0.0, 0.0]",0.0,0.0,0.0,0.5617916696667672,10010880
f0b8b7c55f92,bdh_cq,propagate,7500,16,strong,"{""dim"": 1, ""distance"": 12, ""length"": 48, ""n_sources"": 1}",3,True,False,0,0.0,0.0,0.0,0.0,"[0.0, 0.0, 0.0]",0.0,0.0,0.0,0.7239166541894276,10010880
f0b8b7c55f92,bdh_cq,propagate,7500,16,strong,"{""dim"": 1, ""distance"": 24, ""length"": 48, ""n_sources"": 1}",3,True,False,0,0.0,0.0,0.0,0.0,"[0.0, 0.0, 0.0]",0.0,0.0,0.0,0.5806527798970541,10010880
f0b8b7c55f92,bdh_cq,propagate,10000,16,strong,"{""dim"": 1, ""distance"": 12, ""length"": 48, ""n_sources"": 1}",3,True,False,0,0.0,0.0,0.0,0.0,"[0.0, 0.0, 0.0]",0.0,0.0,0.0,0.7313888781865439,10010880
f0b8b7c55f92,bdh_cq,propagate,10000,16,strong,"{""dim"": 1, ""distance"": 24, ""length"": 48, ""n_sources"": 1}",3,True,False,0,0.0,0.0,0.0,0.0,"[0.0, 0.0, 0.0]",0.0,0.0,0.0,0.5879861129522324,10010880
f0b8b7c55f92,bdh_cq,propagate,12500,16,strong,"{""dim"": 1, ""distance"": 12, ""length"": 48, ""n_sources"": 1}",3,True,False,0,0.0,0.0,0.0,0.0,"[0.0, 0.0, 0.0]",0.0,0.0,0.0,0.716680544257164,10010880
f0b8b7c55f92,bdh_cq,propagate,12500,16,strong,"{""dim"": 1, ""distance"": 24, ""length"": 48, ""n_sources"": 1}",3,True,False,0,0.0,0.0,0.0,0.0,"[0.0, 0.0, 0.0]",0.0,0.0,0.0,0.5389861128032208,10010880
f0b8b7c55f92,bdh_cq,propagate,15000,16,strong,"{""dim"": 1, ""distance"": 12, ""length"": 48, ""n_sources"": 1}",3,True,False,0,0.0,0.0,0.0,0.0,"[0.0, 0.0, 0.0]",0.0,0.0,0.0,0.7154722090363502,10010880
f0b8b7c55f92,bdh_cq,propagate,15000,16,strong,"{""dim"": 1, ""distance"": 24, ""length"": 48, ""n_sources"": 1}",3,True,False,0,0.0,0.0,0.0,0.0,"[0.0, 0.0, 0.0]",0.0,0.0,0.0,0.5378611131310463,10010880
f0b8b7c55f92,bdh_cq,propagate,17500,16,strong,"{""dim"": 1, ""distance"": 12, ""length"": 48, ""n_sources"": 1}",3,True,False,0,0.0,0.0,0.0,0.0,"[0.0, 0.0, 0.0]",0.0,0.0,0.0,0.717291653474172,10010880
f0b8b7c55f92,bdh_cq,propagate,17500,16,strong,"{""dim"": 1, ""distance"": 24, ""length"": 48, ""n_sources"": 1}",3,True,False,0,0.0,0.0,0.0,0.0,"[0.0, 0.0, 0.0]",0.0,0.0,0.0,0.5409722253382205,10010880
f0b8b7c55f92,bdh_cq,propagate,20000,16,strong,"{""dim"": 1, ""distance"": 12, ""length"": 48, ""n_sources"": 1}",3,True,False,0,0.0,0.0,0.0,0.0,"[0.0, 0.0, 0.0]",0.0,0.0,0.0,0.715902762512366,10010880
f0b8b7c55f92,bdh_cq,propagate,20000,16,strong,"{""dim"": 1, ""distance"": 24, ""length"": 48, ""n_sources"": 1}",3,True,False,0,0.0,0.0,0.0,0.0,"[0.0, 0.0, 0.0]",0.0,0.0,0.0,0.516472225566705,10010880
f0b8b7c55f92,bdh_cq,propagate,22500,16,strong,"{""dim"": 1, ""distance"": 12, ""length"": 48, ""n_sources"": 1}",3,True,False,0,0.0,0.0,0.0,0.0,"[0.0, 0.0, 0.0]",0.0,0.0,0.0,0.7191805412968,10010880
f0b8b7c55f92,bdh_cq,propagate,22500,16,strong,"{""dim"": 1, ""distance"": 24, ""length"": 48, ""n_sources"": 1}",3,True,False,0,0.0,0.0,0.0,0.0,"[0.0, 0.0, 0.0]",0.0,0.0,0.0,0.5247222247670095,10010880
f0b8b7c55f92,bdh_cq,propagate,25000,16,strong,"{""dim"": 1, ""distance"": 12, ""length"": 48, ""n_sources"": 1}",3,True,False,0,0.0,0.0,0.0,0.0,"[0.0, 0.0, 0.0]",0.0,0.0,0.0,0.7201944302717843,10010880
f0b8b7c55f92,bdh_cq,propagate,25000,16,strong,"{""dim"": 1, ""distance"": 24, ""length"": 48, ""n_sources"": 1}",3,True,False,0,0.0,0.0,0.0,0.0,"[0.0, 0.0, 0.0]",0.0,0.0,0.0,0.5289444474925596,10010880
f0b8b7c55f92,bdh_cq,propagate,27500,16,strong,"{""dim"": 1, ""distance"": 12, ""length"": 48, ""n_sources"": 1}",3,True,False,0,0.0,0.0,0.0,0.0,"[0.0, 0.0, 0.0]",0.0,0.0,0.0,0.7306249864101412,10010880
f0b8b7c55f92,bdh_cq,propagate,27500,16,strong,"{""dim"": 1, ""distance"": 24, ""length"": 48, ""n_sources"": 1}",3,True,False,0,0.0,0.0,0.0,0.0,"[0.0, 0.0, 0.0]",0.0,0.0,0.0,0.5598611136128505,10010880
f0b8b7c55f92,bdh_cq,propagate,30000,16,strong,"{""dim"": 1, ""distance"": 12, ""length"": 48, ""n_sources"": 1}",3,True,False,0,0.0,0.0,0.0,0.0,"[0.0, 0.0, 0.0]",0.0,0.0,0.0,0.7352222092549004,10010880
f0b8b7c55f92,bdh_cq,propagate,30000,16,strong,"{""dim"": 1, ""distance"": 24, ""length"": 48, ""n_sources"": 1}",3,True,False,0,0.0,0.0,0.0,0.0,"[0.0, 0.0, 0.0]",0.0,0.0,0.0,0.579944446320335,10010880
f0b8b7c55f92,bdh_cq,propagate,32500,16,strong,"{""dim"": 1, ""distance"": 12, ""length"": 48, ""n_sources"": 1}",3,True,False,0,0.0,0.0,0.0,0.0,"[0.0, 0.0, 0.0]",0.0,0.0,0.0,0.730874986588955,10010880
f0b8b7c55f92,bdh_cq,propagate,32500,16,strong,"{""dim"": 1, ""distance"": 24, ""length"": 48, ""n_sources"": 1}",3,True,False,0,0.0,0.0,0.0,0.0,"[0.0, 0.0, 0.0]",0.0,0.0,0.0,0.5654583357671896,10010880
f0b8b7c55f92,bdh_cq,propagate,35000,16,strong,"{""dim"": 1, ""distance"": 12, ""length"": 48, ""n_sources"": 1}",3,True,False,0,0.0,0.0,0.0,0.0,"[0.0, 0.0, 0.0]",0.0,0.0,0.0,0.7301805422703426,10010880
f0b8b7c55f92,bdh_cq,propagate,35000,16,strong,"{""dim"": 1, ""distance"": 24, ""length"": 48, ""n_sources"": 1}",3,True,False,0,0.0,0.0,0.0,0.0,"[0.0, 0.0, 0.0]",0.0,0.0,0.0,0.5596388908475638,10010880
f0b8b7c55f92,bdh_cq,propagate,37500,16,strong,"{""dim"": 1, ""distance"": 12, ""length"": 48, ""n_sources"": 1}",3,True,False,0,0.0,0.0,0.0,0.0,"[0.0, 0.0, 0.0]",0.0,0.0,0.0,0.7283472089370092,10010880
f0b8b7c55f92,bdh_cq,propagate,37500,16,strong,"{""dim"": 1, ""distance"": 24, ""length"": 48, ""n_sources"": 1}",3,True,False,0,0.0,0.0,0.0,0.0,"[0.0, 0.0, 0.0]",0.0,0.0,0.0,0.5535694465984902,10010880
f0b8b7c55f92,bdh_cq,propagate,40000,16,strong,"{""dim"": 1, ""distance"": 12, ""length"": 48, ""n_sources"": 1}",3,True,False,0,0.0,0.0,0.0,0.0,"[0.0, 0.0, 0.0]",0.0,0.0,0.0,0.7277222087780634,10010880
f0b8b7c55f92,bdh_cq,propagate,40000,16,strong,"{""dim"": 1, ""distance"": 24, ""length"": 48, ""n_sources"": 1}",3,True,False,0,0.0,0.0,0.0,0.0,"[0.0, 0.0, 0.0]",0.0,0.0,0.0,0.5537777800609668,10010880
75f014a16a02,bdh_cq,propagate,2500,32,strong,"{""dim"": 1, ""distance"": 12, ""length"": 48, ""n_sources"": 1}",3,True,False,0,0.0,0.0,0.0,0.0,"[0.0, 0.0, 0.0]",0.0,0.0,0.0,0.7376527616580327,10010880
75f014a16a02,bdh_cq,propagate,2500,32,strong,"{""dim"": 1, ""distance"": 24, ""length"": 48, ""n_sources"": 1}",3,True,False,0,0.0,0.0,0.0,0.0,"[0.0, 0.0, 0.0]",0.0,0.0,0.0,0.5764583369294803,10010880
75f014a16a02,bdh_cq,propagate,5000,32,strong,"{""dim"": 1, ""distance"": 12, ""length"": 48, ""n_sources"": 1}",3,True,False,0,0.0,0.0,0.0,0.0,"[0.0, 0.0, 0.0]",0.0,0.0,0.0,0.7380694329341253,10010880
75f014a16a02,bdh_cq,propagate,5000,32,strong,"{""dim"": 1, ""distance"": 24, ""length"": 48, ""n_sources"": 1}",3,True,False,0,0.0,0.0,0.0,0.0,"[0.0, 0.0, 0.0]",0.0,0.0,0.0,0.5987361138661703,10010880
75f014a16a02,bdh_cq,propagate,7500,32,strong,"{""dim"": 1, ""distance"": 12, ""length"": 48, ""n_sources"": 1}",3,True,False,0,0.0,0.0,0.0,0.0,"[0.0, 0.0, 0.0]",0.0,0.0,0.0,0.7335277645985285,10010880
75f014a16a02,bdh_cq,propagate,7500,32,strong,"{""dim"": 1, ""distance"": 24, ""length"": 48, ""n_sources"": 1}",3,True,False,0,0.0,0.0,0.0,0.0,"[0.0, 0.0, 0.0]",0.0,0.0,0.0,0.5969305573105812,10010880
75f014a16a02,bdh_cq,propagate,10000,32,strong,"{""dim"": 1, ""distance"": 12, ""length"": 48, ""n_sources"": 1}",3,True,False,0,0.0,0.0,0.0,0.0,"[0.0, 0.0, 0.0]",0.0,0.0,0.0,0.7644999914566677,10010880
75f014a16a02,bdh_cq,propagate,10000,32,strong,"{""dim"": 1, ""distance"": 24, ""length"": 48, ""n_sources"": 1}",3,True,False,0,0.0,0.0,0.0,0.0,"[0.0, 0.0, 0.0]",0.0,0.0,0.0,0.676819445212682,10010880
75f014a16a02,bdh_cq,propagate,12500,32,strong,"{""dim"": 1, ""distance"": 12, ""length"": 48, ""n_sources"": 1}",3,True,False,0,0.0,0.0,0.0,0.0,"[0.0, 0.0, 0.0]",0.0,0.0,0.0,0.7660833247502645,10010880
75f014a16a02,bdh_cq,propagate,12500,32,strong,"{""dim"": 1, ""distance"": 24, ""length"": 48, ""n_sources"": 1}",3,True,False,0,0.0,0.0,0.0,0.0,"[0.0, 0.0, 0.0]",0.0,0.0,0.0,0.6703611113627752,10010880
75f014a16a02,bdh_cq,propagate,15000,32,strong,"{""dim"": 1, ""distance"": 12, ""length"": 48, ""n_sources"": 1}",3,True,False,0,0.0,0.0,0.0,0.0,"[0.0, 0.0, 0.0]",0.0,0.0,0.0,0.7675833237568538,10010880
75f014a16a02,bdh_cq,propagate,15000,32,strong,"{""dim"": 1, ""distance"": 24, ""length"": 48, ""n_sources"": 1}",3,True,False,0,0.0,0.0,0.0,0.0,"[0.0, 0.0, 0.0]",0.0,0.0,0.0,0.6573055564761162,10010880
75f014a16a02,bdh_cq,propagate,17500,32,strong,"{""dim"": 1, ""distance"": 12, ""length"": 48, ""n_sources"": 1}",3,True,False,0,0.0,0.0,0.0,0.0,"[0.0, 0.0, 0.0]",0.0,0.0,0.0,0.7585972096920014,10010880
75f014a16a02,bdh_cq,propagate,17500,32,strong,"{""dim"": 1, ""distance"": 24, ""length"": 48, ""n_sources"": 1}",3,True,False,0,0.0,0.0,0.0,0.0,"[0.0, 0.0, 0.0]",0.0,0.0,0.0,0.6257500010927518,10010880
75f014a16a02,bdh_cq,propagate,20000,32,strong,"{""dim"": 1, ""distance"": 12, ""length"": 48, ""n_sources"": 1}",3,True,False,0,0.0,0.0,0.0,0.0,"[0.0, 0.0, 0.0]",0.0,0.0,0.0,0.7649444319804509,10010880
75f014a16a02,bdh_cq,propagate,20000,32,strong,"{""dim"": 1, ""distance"": 24, ""length"": 48, ""n_sources"": 1}",3,True,False,0,0.0,0.0,0.0,0.0,"[0.0, 0.0, 0.0]",0.0,0.0,0.0,0.615458335061868,10010880
75f014a16a02,bdh_cq,propagate,22500,32,strong,"{""dim"": 1, ""distance"": 12, ""length"": 48, ""n_sources"": 1}",3,True,False,0,0.0,0.0,0.0,0.0,"[0.0, 0.0, 0.0]",0.0,0.0,0.0,0.783361100355784,10010880
75f014a16a02,bdh_cq,propagate,22500,32,strong,"{""dim"": 1, ""distance"": 24, ""length"": 48, ""n_sources"": 1}",3,True,False,0,0.0,0.0,0.0,0.0,"[0.0, 0.0, 0.0]",0.0,0.0,0.0,0.6510555572311083,10010880
75f014a16a02,bdh_cq,propagate,25000,32,strong,"{""dim"": 1, ""distance"": 12, ""length"": 48, ""n_sources"": 1}",3,True,False,0,0.0,0.0,0.0,0.0,"[0.0, 0.0, 0.0]",0.0,0.0,0.0,0.7821388775110245,10010880
75f014a16a02,bdh_cq,propagate,25000,32,strong,"{""dim"": 1, ""distance"": 24, ""length"": 48, ""n_sources"": 1}",3,True,False,0,0.0,0.0,0.0,0.0,"[0.0, 0.0, 0.0]",0.0,0.0,0.0,0.6529444462458293,10010880
75f014a16a02,bdh_cq,propagate,27500,32,strong,"{""dim"": 1, ""distance"": 12, ""length"": 48, ""n_sources"": 1}",3,True,False,0,0.0,0.0,0.0,0.0,"[0.0, 0.0, 0.0]",0.0,0.0,0.0,0.7782638791799545,10010880
75f014a16a02,bdh_cq,propagate,27500,32,strong,"{""dim"": 1, ""distance"": 24, ""length"": 48, ""n_sources"": 1}",3,True,False,0,0.0,0.0,0.0,0.0,"[0.0, 0.0, 0.0]",0.0,0.0,0.0,0.6580000025232633,10010880
75f014a16a02,bdh_cq,propagate,30000,32,strong,"{""dim"": 1, ""distance"": 12, ""length"": 48, ""n_sources"": 1}",3,True,False,0,0.0,0.0,0.0,0.0,"[0.0, 0.0, 0.0]",0.0,0.0,0.0,0.7761388773123423,10010880
75f014a16a02,bdh_cq,propagate,30000,32,strong,"{""dim"": 1, ""distance"": 24, ""length"": 48, ""n_sources"": 1}",3,True,False,0,0.0,0.0,0.0,0.0,"[0.0, 0.0, 0.0]",0.0,0.0,0.0,0.6448888909022013,10010880
75f014a16a02,bdh_cq,propagate,32500,32,strong,"{""dim"": 1, ""distance"": 12, ""length"": 48, ""n_sources"": 1}",3,True,False,0,0.0,0.0,0.0,0.0,"[0.0, 0.0, 0.0]",0.0,0.0,0.0,0.7683888773123423,10010880
75f014a16a02,bdh_cq,propagate,32500,32,strong,"{""dim"": 1, ""distance"": 24, ""length"": 48, ""n_sources"": 1}",3,True,False,0,0.0,0.0,0.0,0.0,"[0.0, 0.0, 0.0]",0.0,0.0,0.0,0.6273194471796354,10010880
75f014a16a02,bdh_cq,propagate,35000,32,strong,"{""dim"": 1, ""distance"": 12, ""length"": 48, ""n_sources"": 1}",3,True,False,0,0.0,0.0,0.0,0.0,"[0.0, 0.0, 0.0]",0.0,0.0,0.0,0.7666527657906214,10010880
75f014a16a02,bdh_cq,propagate,35000,32,strong,"{""dim"": 1, ""distance"": 24, ""length"": 48, ""n_sources"": 1}",3,True,False,0,0.0,0.0,0.0,0.0,"[0.0, 0.0, 0.0]",0.0,0.0,0.0,0.6260972242156665,10010880
75f014a16a02,bdh_cq,propagate,37500,32,strong,"{""dim"": 1, ""distance"": 12, ""length"": 48, ""n_sources"": 1}",3,True,False,0,0.0,0.0,0.0,0.0,"[0.0, 0.0, 0.0]",0.0,0.0,0.0,0.7648194320599236,10010880
75f014a16a02,bdh_cq,propagate,37500,32,strong,"{""dim"": 1, ""distance"": 24, ""length"": 48, ""n_sources"": 1}",3,True,False,0,0.0,0.0,0.0,0.0,"[0.0, 0.0, 0.0]",0.0,0.0,0.0,0.6236944466233253,10010880
75f014a16a02,bdh_cq,propagate,40000,32,strong,"{""dim"": 1, ""distance"": 12, ""length"": 48, ""n_sources"": 1}",3,True,False,0,0.0,0.0,0.0,0.0,"[0.0, 0.0, 0.0]",0.0,0.0,0.0,0.7644583211342493,10010880
75f014a16a02,bdh_cq,propagate,40000,32,strong,"{""dim"": 1, ""distance"": 24, ""length"": 48, ""n_sources"": 1}",3,True,False,0,0.0,0.0,0.0,0.0,"[0.0, 0.0, 0.0]",0.0,0.0,0.0,0.6228611138065655,10010880
f0b8b7c55f92,bdh_cq,propagate,40000,32,strong,"{""dim"": 1, ""distance"": 12, ""length"": 48, ""n_sources"": 1}",3,True,False,0,0.0,0.0,0.0,0.0,"[0.0, 0.0, 0.0]",0.0,0.0,0.0,0.7353333192467689,10010880
f0b8b7c55f92,bdh_cq,propagate,40000,32,strong,"{""dim"": 1, ""distance"": 24, ""length"": 48, ""n_sources"": 1}",3,True,False,0,0.0,0.0,0.0,0.0,"[0.0, 0.0, 0.0]",0.0,0.0,0.0,0.5587222242752711,10010880
