config_hash,model,task,step,reasoning_steps,split,difficulty,n_seeds,provisional,dev,diverged_k,exact_match_mean,exact_match_std,exact_match_min,exact_match_max,exact_match_values,exact_match_ci95_lo,exact_match_ci95_hi,exact_match_mean_incl_failed,token_acc_mean,params
7eba1df15c93,bdh,propagate,2500,1,interp,"{""dim"": 1, ""distance"": 1, ""length"": 12, ""n_sources"": 1}",3,True,False,0,0.0,0.0,0.0,0.0,"[0.0, 0.0, 0.0]",0.0,0.0,0.0,0.8059713769101812,29917440
7eba1df15c93,bdh,propagate,2500,1,interp,"{""dim"": 1, ""distance"": 2, ""length"": 12, ""n_sources"": 1}",3,True,False,0,0.0,0.0,0.0,0.0,"[0.0, 0.0, 0.0]",0.0,0.0,0.0,0.8004671219471579,29917440
7eba1df15c93,bdh,propagate,2500,1,interp,"{""dim"": 1, ""distance"": 4, ""length"": 12, ""n_sources"": 1}",3,True,False,0,0.0,0.0,0.0,0.0,"[0.0, 0.0, 0.0]",0.0,0.0,0.0,0.7872872745787894,29917440
7eba1df15c93,bdh,propagate,5000,1,interp,"{""dim"": 1, ""distance"": 1, ""length"": 12, ""n_sources"": 1}",3,True,False,0,0.008982035928143712,0.007333801625099335,0.0,0.017964071856287425,"[0.0, 0.017964071856287425, 0.008982035928143712]",0.0,0.017964071856287425,0.008982035928143712,0.8150365865991978,29917440
7eba1df15c93,bdh,propagate,5000,1,interp,"{""dim"": 1, ""distance"": 2, ""length"": 12, ""n_sources"": 1}",3,True,False,0,0.022022022022022022,0.008610936203245873,0.012012012012012012,0.03303303303303303,"[0.03303303303303303, 0.012012012012012012, 0.021021021021021023]",0.012012012012012012,0.03303303303303303,0.022022022022022022,0.8191524811454483,29917440
7eba1df15c93,bdh,propagate,5000,1,interp,"{""dim"": 1, ""distance"": 4, ""length"": 12, ""n_sources"": 1}",3,True,False,0,0.011011011011011013,0.005104123637230015,0.006006006006006006,0.018018018018018018,"[0.009009009009009009, 0.018018018018018018, 0.006006006006006006]",0.006006006006006006,0.018018018018018018,0.011011011011011013,0.8121454729749873,29917440
7eba1df15c93,bdh,propagate,7500,1,interp,"{""dim"": 1, ""distance"": 1, ""length"": 12, ""n_sources"": 1}",3,True,False,0,0.9780439121756487,0.01205892811735988,0.9610778443113772,0.9880239520958084,"[0.9850299401197605, 0.9880239520958084, 0.9610778443113772]",0.9610778443113772,0.9880239520958084,0.9780439121756487,0.9981703264508656,29917440
7eba1df15c93,bdh,propagate,7500,1,interp,"{""dim"": 1, ""distance"": 2, ""length"": 12, ""n_sources"": 1}",3,True,False,0,0.960960960960961,0.002451941684467681,0.9579579579579579,0.963963963963964,"[0.960960960960961, 0.963963963963964, 0.9579579579579579]",0.9579579579579579,0.963963963963964,0.960960960960961,0.996329663632749,29917440
7eba1df15c93,bdh,propagate,7500,1,interp,"{""dim"": 1, ""distance"": 4, ""length"": 12, ""n_sources"": 1}",3,True,False,0,0.971971971971972,0.005662516766258616,0.963963963963964,0.975975975975976,"[0.963963963963964, 0.975975975975976, 0.975975975975976]",0.963963963963964,0.975975975975976,0.971971971971972,0.9976643315545312,29917440
7eba1df15c93,bdh,propagate,10000,1,interp,"{""dim"": 1, ""distance"": 1, ""length"": 12, ""n_sources"": 1}",3,True,False,0,0.9860279441117764,0.011552731439910419,0.9700598802395209,0.9970059880239521,"[0.9700598802395209, 0.9970059880239521, 0.9910179640718563]",0.9700598802395209,0.9970059880239521,0.9860279441117764,0.9985861612294249,29917440
7eba1df15c93,bdh,propagate,10000,1,interp,"{""dim"": 1, ""distance"": 2, ""length"": 12, ""n_sources"": 1}",3,True,False,0,0.975975975975976,0.012740662724081964,0.9669669669669669,0.993993993993994,"[0.9669669669669669, 0.993993993993994, 0.9669669669669669]",0.9669669669669668,0.993993993993994,0.975975975975976,0.9974974978554833,29917440
7eba1df15c93,bdh,propagate,10000,1,interp,"{""dim"": 1, ""distance"": 4, ""length"": 12, ""n_sources"": 1}",3,True,False,0,0.985985985985986,0.006170584587556532,0.978978978978979,0.993993993993994,"[0.984984984984985, 0.993993993993994, 0.978978978978979]",0.978978978978979,0.993993993993994,0.985985985985986,0.998748748987406,29917440
7eba1df15c93,bdh,propagate,12500,1,interp,"{""dim"": 1, ""distance"": 1, ""length"": 12, ""n_sources"": 1}",3,True,False,0,0.9880239520958084,0.00488920108339955,0.9820359281437125,0.9940119760479041,"[0.9820359281437125, 0.9880239520958084, 0.9940119760479041]",0.9820359281437124,0.9940119760479041,0.9880239520958084,0.9988356621679432,29917440
7eba1df15c93,bdh,propagate,12500,1,interp,"{""dim"": 1, ""distance"": 2, ""length"": 12, ""n_sources"": 1}",3,True,False,0,0.981981981981982,0.01123620836869054,0.9669669669669669,0.993993993993994,"[0.9669669669669669, 0.993993993993994, 0.984984984984985]",0.9669669669669668,0.993993993993994,0.981981981981982,0.9983316652767651,29917440
7eba1df15c93,bdh,propagate,12500,1,interp,"{""dim"": 1, ""distance"": 4, ""length"": 12, ""n_sources"": 1}",3,True,False,0,0.9869869869869871,0.007881889763775596,0.975975975975976,0.993993993993994,"[0.993993993993994, 0.990990990990991, 0.975975975975976]",0.975975975975976,0.993993993993994,0.9869869869869871,0.9988321657176013,29917440
7eba1df15c93,bdh,propagate,15000,1,interp,"{""dim"": 1, ""distance"": 1, ""length"": 12, ""n_sources"": 1}",3,True,False,0,0.9940119760479043,0.0024446005416997978,0.9910179640718563,0.9970059880239521,"[0.9970059880239521, 0.9940119760479041, 0.9910179640718563]",0.9910179640718563,0.9970059880239521,0.9940119760479043,0.9995009981229633,29917440
7eba1df15c93,bdh,propagate,15000,1,interp,"{""dim"": 1, ""distance"": 2, ""length"": 12, ""n_sources"": 1}",3,True,False,0,0.993993993993994,0.004246887574693988,0.990990990990991,1.0,"[0.990990990990991, 0.990990990990991, 1.0]",0.990990990990991,1.0,0.993993993993994,0.9994994996188282,29917440
7eba1df15c93,bdh,propagate,15000,1,interp,"{""dim"": 1, ""distance"": 4, ""length"": 12, ""n_sources"": 1}",3,True,False,0,0.993993993993994,0.0,0.993993993993994,0.993993993993994,"[0.993993993993994, 0.993993993993994, 0.993993993993994]",0.993993993993994,0.993993993993994,0.993993993993994,0.9994160828289685,29917440
7eba1df15c93,bdh,propagate,17500,1,interp,"{""dim"": 1, ""distance"": 1, ""length"": 12, ""n_sources"": 1}",3,True,False,0,0.9950099800399202,0.007056953904057337,0.9850299401197605,1.0,"[1.0, 0.9850299401197605, 1.0]",0.9850299401197605,1.0,0.9950099800399202,0.9995841651024695,29917440
7eba1df15c93,bdh,propagate,17500,1,interp,"{""dim"": 1, ""distance"": 2, ""length"": 12, ""n_sources"": 1}",3,True,False,0,0.9919919919919921,0.007490805579127028,0.9819819819819819,1.0,"[0.9819819819819819, 1.0, 0.993993993993994]",0.9819819819819818,1.0,0.9919919919919921,0.999249249368578,29917440
7eba1df15c93,bdh,propagate,17500,1,interp,"{""dim"": 1, ""distance"": 4, ""length"": 12, ""n_sources"": 1}",3,True,False,0,0.998998998998999,0.0014156291915646802,0.996996996996997,1.0,"[0.996996996996997, 1.0, 1.0]",0.9969969969969968,1.0,0.998998998998999,0.9999165832698047,29917440
7eba1df15c93,bdh,propagate,20000,1,interp,"{""dim"": 1, ""distance"": 1, ""length"": 12, ""n_sources"": 1}",3,True,False,0,1.0,0.0,1.0,1.0,"[1.0, 1.0, 1.0]",1.0,1.0,1.0,1.0,29917440
7eba1df15c93,bdh,propagate,20000,1,interp,"{""dim"": 1, ""distance"": 2, ""length"": 12, ""n_sources"": 1}",3,True,False,0,0.9929929929929929,0.002831258383129308,0.990990990990991,0.996996996996997,"[0.990990990990991, 0.996996996996997, 0.990990990990991]",0.990990990990991,0.9969969969969968,0.9929929929929929,0.9994160828886329,29917440
7eba1df15c93,bdh,propagate,20000,1,interp,"{""dim"": 1, ""distance"": 4, ""length"": 12, ""n_sources"": 1}",3,True,False,0,0.998998998998999,0.0014156291915646802,0.996996996996997,1.0,"[1.0, 0.996996996996997, 1.0]",0.9969969969969968,1.0,0.998998998998999,0.9999165832698047,29917440
7eba1df15c93,bdh,propagate,22500,1,interp,"{""dim"": 1, ""distance"": 1, ""length"": 12, ""n_sources"": 1}",3,True,False,0,0.9960079840319361,0.0037341890087564385,0.9910179640718563,1.0,"[1.0, 0.9910179640718563, 0.9970059880239521]",0.9910179640718563,1.0,0.9960079840319361,0.9994178310244859,29917440
7eba1df15c93,bdh,propagate,22500,1,interp,"{""dim"": 1, ""distance"": 2, ""length"": 12, ""n_sources"": 1}",3,True,False,0,0.998998998998999,0.0014156291915646802,0.996996996996997,1.0,"[0.996996996996997, 1.0, 1.0]",0.9969969969969968,1.0,0.998998998998999,0.9999165832698047,29917440
7eba1df15c93,bdh,propagate,22500,1,interp,"{""dim"": 1, ""distance"": 4, ""length"": 12, ""n_sources"": 1}",3,True,False,0,0.9979979979979979,0.002831258383129308,0.993993993993994,1.0,"[1.0, 0.993993993993994, 1.0]",0.993993993993994,1.0,0.9979979979979979,0.9997497497497498,29917440
7eba1df15c93,bdh,propagate,25000,1,interp,"{""dim"": 1, ""distance"": 1, ""length"": 12, ""n_sources"": 1}",3,True,False,0,0.9980039920159681,0.0014113907808114572,0.9970059880239521,1.0,"[0.9970059880239521, 1.0, 0.9970059880239521]",0.9970059880239521,1.0,0.9980039920159681,0.9998336660409878,29917440
7eba1df15c93,bdh,propagate,25000,1,interp,"{""dim"": 1, ""distance"": 2, ""length"": 12, ""n_sources"": 1}",3,True,False,0,0.993993993993994,0.002451941684467636,0.990990990990991,0.996996996996997,"[0.996996996996997, 0.993993993993994, 0.990990990990991]",0.990990990990991,0.9969969969969968,0.993993993993994,0.9994994996188282,29917440
7eba1df15c93,bdh,propagate,25000,1,interp,"{""dim"": 1, ""distance"": 4, ""length"": 12, ""n_sources"": 1}",3,True,False,0,0.998998998998999,0.0014156291915646802,0.996996996996997,1.0,"[1.0, 0.996996996996997, 1.0]",0.9969969969969968,1.0,0.998998998998999,0.9999165832698047,29917440
7eba1df15c93,bdh,propagate,27500,1,interp,"{""dim"": 1, ""distance"": 1, ""length"": 12, ""n_sources"": 1}",3,True,False,0,0.9970059880239521,0.0024446005416997978,0.9940119760479041,1.0,"[0.9970059880239521, 1.0, 0.9940119760479041]",0.9940119760479041,1.0,0.9970059880239521,0.9997504990614816,29917440
7eba1df15c93,bdh,propagate,27500,1,interp,"{""dim"": 1, ""distance"": 2, ""length"": 12, ""n_sources"": 1}",3,True,False,0,0.998998998998999,0.0014156291915646802,0.996996996996997,1.0,"[1.0, 1.0, 0.996996996996997]",0.9969969969969968,1.0,0.998998998998999,0.9999165832698047,29917440
7eba1df15c93,bdh,propagate,27500,1,interp,"{""dim"": 1, ""distance"": 4, ""length"": 12, ""n_sources"": 1}",3,True,False,0,1.0,0.0,1.0,1.0,"[1.0, 1.0, 1.0]",1.0,1.0,1.0,1.0,29917440
7eba1df15c93,bdh,propagate,30000,1,interp,"{""dim"": 1, ""distance"": 1, ""length"": 12, ""n_sources"": 1}",3,True,False,0,1.0,0.0,1.0,1.0,"[1.0, 1.0, 1.0]",1.0,1.0,1.0,1.0,29917440
7eba1df15c93,bdh,propagate,30000,1,interp,"{""dim"": 1, ""distance"": 2, ""length"": 12, ""n_sources"": 1}",3,True,False,0,0.998998998998999,0.0014156291915646802,0.996996996996997,1.0,"[0.996996996996997, 1.0, 1.0]",0.9969969969969968,1.0,0.998998998998999,0.9999165832698047,29917440
7eba1df15c93,bdh,propagate,30000,1,interp,"{""dim"": 1, ""distance"": 4, ""length"": 12, ""n_sources"": 1}",3,True,False,0,1.0,0.0,1.0,1.0,"[1.0, 1.0, 1.0]",1.0,1.0,1.0,1.0,29917440
7eba1df15c93,bdh,propagate,32500,1,interp,"{""dim"": 1, ""distance"": 1, ""length"": 12, ""n_sources"": 1}",3,True,False,0,1.0,0.0,1.0,1.0,"[1.0, 1.0, 1.0]",1.0,1.0,1.0,1.0,29917440
7eba1df15c93,bdh,propagate,32500,1,interp,"{""dim"": 1, ""distance"": 2, ""length"": 12, ""n_sources"": 1}",3,True,False,0,1.0,0.0,1.0,1.0,"[1.0, 1.0, 1.0]",1.0,1.0,1.0,1.0,29917440
7eba1df15c93,bdh,propagate,32500,1,interp,"{""dim"": 1, ""distance"": 4, ""length"": 12, ""n_sources"": 1}",3,True,False,0,1.0,0.0,1.0,1.0,"[1.0, 1.0, 1.0]",1.0,1.0,1.0,1.0,29917440
7eba1df15c93,bdh,propagate,35000,1,interp,"{""dim"": 1, ""distance"": 1, ""length"": 12, ""n_sources"": 1}",3,True,False,0,1.0,0.0,1.0,1.0,"[1.0, 1.0, 1.0]",1.0,1.0,1.0,1.0,29917440
7eba1df15c93,bdh,propagate,35000,1,interp,"{""dim"": 1, ""distance"": 2, ""length"": 12, ""n_sources"": 1}",3,True,False,0,1.0,0.0,1.0,1.0,"[1.0, 1.0, 1.0]",1.0,1.0,1.0,1.0,29917440
7eba1df15c93,bdh,propagate,35000,1,interp,"{""dim"": 1, ""distance"": 4, ""length"": 12, ""n_sources"": 1}",3,True,False,0,1.0,0.0,1.0,1.0,"[1.0, 1.0, 1.0]",1.0,1.0,1.0,1.0,29917440
7eba1df15c93,bdh,propagate,37500,1,interp,"{""dim"": 1, ""distance"": 1, ""length"": 12, ""n_sources"": 1}",3,True,False,0,1.0,0.0,1.0,1.0,"[1.0, 1.0, 1.0]",1.0,1.0,1.0,1.0,29917440
7eba1df15c93,bdh,propagate,37500,1,interp,"{""dim"": 1, ""distance"": 2, ""length"": 12, ""n_sources"": 1}",3,True,False,0,1.0,0.0,1.0,1.0,"[1.0, 1.0, 1.0]",1.0,1.0,1.0,1.0,29917440
7eba1df15c93,bdh,propagate,37500,1,interp,"{""dim"": 1, ""distance"": 4, ""length"": 12, ""n_sources"": 1}",3,True,False,0,1.0,0.0,1.0,1.0,"[1.0, 1.0, 1.0]",1.0,1.0,1.0,1.0,29917440
7eba1df15c93,bdh,propagate,40000,1,interp,"{""dim"": 1, ""distance"": 1, ""length"": 12, ""n_sources"": 1}",3,True,False,0,1.0,0.0,1.0,1.0,"[1.0, 1.0, 1.0]",1.0,1.0,1.0,1.0,29917440
7eba1df15c93,bdh,propagate,40000,1,interp,"{""dim"": 1, ""distance"": 2, ""length"": 12, ""n_sources"": 1}",3,True,False,0,1.0,0.0,1.0,1.0,"[1.0, 1.0, 1.0]",1.0,1.0,1.0,1.0,29917440
7eba1df15c93,bdh,propagate,40000,1,interp,"{""dim"": 1, ""distance"": 4, ""length"": 12, ""n_sources"": 1}",3,True,False,0,1.0,0.0,1.0,1.0,"[1.0, 1.0, 1.0]",1.0,1.0,1.0,1.0,29917440
7eba1df15c93,bdh,propagate,40000,2,interp,"{""dim"": 1, ""distance"": 1, ""length"": 12, ""n_sources"": 1}",3,True,False,0,1.0,0.0,1.0,1.0,"[1.0, 1.0, 1.0]",1.0,1.0,1.0,1.0,29917440
7eba1df15c93,bdh,propagate,40000,2,interp,"{""dim"": 1, ""distance"": 2, ""length"": 12, ""n_sources"": 1}",3,True,False,0,1.0,0.0,1.0,1.0,"[1.0, 1.0, 1.0]",1.0,1.0,1.0,1.0,29917440
7eba1df15c93,bdh,propagate,40000,2,interp,"{""dim"": 1, ""distance"": 4, ""length"": 12, ""n_sources"": 1}",3,True,False,0,1.0,0.0,1.0,1.0,"[1.0, 1.0, 1.0]",1.0,1.0,1.0,1.0,29917440
7eba1df15c93,bdh,propagate,2500,4,interp,"{""dim"": 1, ""distance"": 1, ""length"": 12, ""n_sources"": 1}",3,True,False,0,0.0,0.0,0.0,0.0,"[0.0, 0.0, 0.0]",0.0,0.0,0.0,0.8059713769101812,29917440
7eba1df15c93,bdh,propagate,2500,4,interp,"{""dim"": 1, ""distance"": 2, ""length"": 12, ""n_sources"": 1}",3,True,False,0,0.0,0.0,0.0,0.0,"[0.0, 0.0, 0.0]",0.0,0.0,0.0,0.8004671219471579,29917440
7eba1df15c93,bdh,propagate,2500,4,interp,"{""dim"": 1, ""distance"": 4, ""length"": 12, ""n_sources"": 1}",3,True,False,0,0.0,0.0,0.0,0.0,"[0.0, 0.0, 0.0]",0.0,0.0,0.0,0.7872872745787894,29917440
7eba1df15c93,bdh,propagate,5000,4,interp,"{""dim"": 1, ""distance"": 1, ""length"": 12, ""n_sources"": 1}",3,True,False,0,0.008982035928143712,0.007333801625099335,0.0,0.017964071856287425,"[0.0, 0.017964071856287425, 0.008982035928143712]",0.0,0.017964071856287425,0.008982035928143712,0.8150365865991978,29917440
7eba1df15c93,bdh,propagate,5000,4,interp,"{""dim"": 1, ""distance"": 2, ""length"": 12, ""n_sources"": 1}",3,True,False,0,0.022022022022022022,0.008610936203245873,0.012012012012012012,0.03303303303303303,"[0.03303303303303303, 0.012012012012012012, 0.021021021021021023]",0.012012012012012012,0.03303303303303303,0.022022022022022022,0.8191524811454483,29917440
7eba1df15c93,bdh,propagate,5000,4,interp,"{""dim"": 1, ""distance"": 4, ""length"": 12, ""n_sources"": 1}",3,True,False,0,0.011011011011011013,0.005104123637230015,0.006006006006006006,0.018018018018018018,"[0.009009009009009009, 0.018018018018018018, 0.006006006006006006]",0.006006006006006006,0.018018018018018018,0.011011011011011013,0.8121454729749873,29917440
7eba1df15c93,bdh,propagate,7500,4,interp,"{""dim"": 1, ""distance"": 1, ""length"": 12, ""n_sources"": 1}",3,True,False,0,0.9780439121756487,0.01205892811735988,0.9610778443113772,0.9880239520958084,"[0.9850299401197605, 0.9880239520958084, 0.9610778443113772]",0.9610778443113772,0.9880239520958084,0.9780439121756487,0.9981703264508656,29917440
7eba1df15c93,bdh,propagate,7500,4,interp,"{""dim"": 1, ""distance"": 2, ""length"": 12, ""n_sources"": 1}",3,True,False,0,0.960960960960961,0.002451941684467681,0.9579579579579579,0.963963963963964,"[0.960960960960961, 0.963963963963964, 0.9579579579579579]",0.9579579579579579,0.963963963963964,0.960960960960961,0.996329663632749,29917440
7eba1df15c93,bdh,propagate,7500,4,interp,"{""dim"": 1, ""distance"": 4, ""length"": 12, ""n_sources"": 1}",3,True,False,0,0.971971971971972,0.005662516766258616,0.963963963963964,0.975975975975976,"[0.963963963963964, 0.975975975975976, 0.975975975975976]",0.963963963963964,0.975975975975976,0.971971971971972,0.9976643315545312,29917440
7eba1df15c93,bdh,propagate,10000,4,interp,"{""dim"": 1, ""distance"": 1, ""length"": 12, ""n_sources"": 1}",3,True,False,0,0.9860279441117764,0.011552731439910419,0.9700598802395209,0.9970059880239521,"[0.9700598802395209, 0.9970059880239521, 0.9910179640718563]",0.9700598802395209,0.9970059880239521,0.9860279441117764,0.9985861612294249,29917440
7eba1df15c93,bdh,propagate,10000,4,interp,"{""dim"": 1, ""distance"": 2, ""length"": 12, ""n_sources"": 1}",3,True,False,0,0.975975975975976,0.012740662724081964,0.9669669669669669,0.993993993993994,"[0.9669669669669669, 0.993993993993994, 0.9669669669669669]",0.9669669669669668,0.993993993993994,0.975975975975976,0.9974974978554833,29917440
7eba1df15c93,bdh,propagate,10000,4,interp,"{""dim"": 1, ""distance"": 4, ""length"": 12, ""n_sources"": 1}",3,True,False,0,0.985985985985986,0.006170584587556532,0.978978978978979,0.993993993993994,"[0.984984984984985, 0.993993993993994, 0.978978978978979]",0.978978978978979,0.993993993993994,0.985985985985986,0.998748748987406,29917440
7eba1df15c93,bdh,propagate,12500,4,interp,"{""dim"": 1, ""distance"": 1, ""length"": 12, ""n_sources"": 1}",3,True,False,0,0.9880239520958084,0.00488920108339955,0.9820359281437125,0.9940119760479041,"[0.9820359281437125, 0.9880239520958084, 0.9940119760479041]",0.9820359281437124,0.9940119760479041,0.9880239520958084,0.9988356621679432,29917440
7eba1df15c93,bdh,propagate,12500,4,interp,"{""dim"": 1, ""distance"": 2, ""length"": 12, ""n_sources"": 1}",3,True,False,0,0.981981981981982,0.01123620836869054,0.9669669669669669,0.993993993993994,"[0.9669669669669669, 0.993993993993994, 0.984984984984985]",0.9669669669669668,0.993993993993994,0.981981981981982,0.9983316652767651,29917440
7eba1df15c93,bdh,propagate,12500,4,interp,"{""dim"": 1, ""distance"": 4, ""length"": 12, ""n_sources"": 1}",3,True,False,0,0.9869869869869871,0.007881889763775596,0.975975975975976,0.993993993993994,"[0.993993993993994, 0.990990990990991, 0.975975975975976]",0.975975975975976,0.993993993993994,0.9869869869869871,0.9988321657176013,29917440
7eba1df15c93,bdh,propagate,15000,4,interp,"{""dim"": 1, ""distance"": 1, ""length"": 12, ""n_sources"": 1}",3,True,False,0,0.9940119760479043,0.0024446005416997978,0.9910179640718563,0.9970059880239521,"[0.9970059880239521, 0.9940119760479041, 0.9910179640718563]",0.9910179640718563,0.9970059880239521,0.9940119760479043,0.9995009981229633,29917440
7eba1df15c93,bdh,propagate,15000,4,interp,"{""dim"": 1, ""distance"": 2, ""length"": 12, ""n_sources"": 1}",3,True,False,0,0.993993993993994,0.004246887574693988,0.990990990990991,1.0,"[0.990990990990991, 0.990990990990991, 1.0]",0.990990990990991,1.0,0.993993993993994,0.9994994996188282,29917440
7eba1df15c93,bdh,propagate,15000,4,interp,"{""dim"": 1, ""distance"": 4, ""length"": 12, ""n_sources"": 1}",3,True,False,0,0.993993993993994,0.0,0.993993993993994,0.993993993993994,"[0.993993993993994, 0.993993993993994, 0.993993993993994]",0.993993993993994,0.993993993993994,0.993993993993994,0.9994160828289685,29917440
7eba1df15c93,bdh,propagate,17500,4,interp,"{""dim"": 1, ""distance"": 1, ""length"": 12, ""n_sources"": 1}",3,True,False,0,0.9950099800399202,0.007056953904057337,0.9850299401197605,1.0,"[1.0, 0.9850299401197605, 1.0]",0.9850299401197605,1.0,0.9950099800399202,0.9995841651024695,29917440
7eba1df15c93,bdh,propagate,17500,4,interp,"{""dim"": 1, ""distance"": 2, ""length"": 12, ""n_sources"": 1}",3,True,False,0,0.9919919919919921,0.007490805579127028,0.9819819819819819,1.0,"[0.9819819819819819, 1.0, 0.993993993993994]",0.9819819819819818,1.0,0.9919919919919921,0.999249249368578,29917440
7eba1df15c93,bdh,propagate,17500,4,interp,"{""dim"": 1, ""distance"": 4, ""length"": 12, ""n_sources"": 1}",3,True,False,0,0.998998998998999,0.0014156291915646802,0.996996996996997,1.0,"[0.996996996996997, 1.0, 1.0]",0.9969969969969968,1.0,0.998998998998999,0.9999165832698047,29917440
7eba1df15c93,bdh,propagate,20000,4,interp,"{""dim"": 1, ""distance"": 1, ""length"": 12, ""n_sources"": 1}",3,True,False,0,1.0,0.0,1.0,1.0,"[1.0, 1.0, 1.0]",1.0,1.0,1.0,1.0,29917440
7eba1df15c93,bdh,propagate,20000,4,interp,"{""dim"": 1, ""distance"": 2, ""length"": 12, ""n_sources"": 1}",3,True,False,0,0.9929929929929929,0.002831258383129308,0.990990990990991,0.996996996996997,"[0.990990990990991, 0.996996996996997, 0.990990990990991]",0.990990990990991,0.9969969969969968,0.9929929929929929,0.9994160828886329,29917440
7eba1df15c93,bdh,propagate,20000,4,interp,"{""dim"": 1, ""distance"": 4, ""length"": 12, ""n_sources"": 1}",3,True,False,0,0.998998998998999,0.0014156291915646802,0.996996996996997,1.0,"[1.0, 0.996996996996997, 1.0]",0.9969969969969968,1.0,0.998998998998999,0.9999165832698047,29917440
7eba1df15c93,bdh,propagate,22500,4,interp,"{""dim"": 1, ""distance"": 1, ""length"": 12, ""n_sources"": 1}",3,True,False,0,0.9960079840319361,0.0037341890087564385,0.9910179640718563,1.0,"[1.0, 0.9910179640718563, 0.9970059880239521]",0.9910179640718563,1.0,0.9960079840319361,0.9994178310244859,29917440
7eba1df15c93,bdh,propagate,22500,4,interp,"{""dim"": 1, ""distance"": 2, ""length"": 12, ""n_sources"": 1}",3,True,False,0,0.998998998998999,0.0014156291915646802,0.996996996996997,1.0,"[0.996996996996997, 1.0, 1.0]",0.9969969969969968,1.0,0.998998998998999,0.9999165832698047,29917440
7eba1df15c93,bdh,propagate,22500,4,interp,"{""dim"": 1, ""distance"": 4, ""length"": 12, ""n_sources"": 1}",3,True,False,0,0.9979979979979979,0.002831258383129308,0.993993993993994,1.0,"[1.0, 0.993993993993994, 1.0]",0.993993993993994,1.0,0.9979979979979979,0.9997497497497498,29917440
7eba1df15c93,bdh,propagate,25000,4,interp,"{""dim"": 1, ""distance"": 1, ""length"": 12, ""n_sources"": 1}",3,True,False,0,0.9980039920159681,0.0014113907808114572,0.9970059880239521,1.0,"[0.9970059880239521, 1.0, 0.9970059880239521]",0.9970059880239521,1.0,0.9980039920159681,0.9998336660409878,29917440
7eba1df15c93,bdh,propagate,25000,4,interp,"{""dim"": 1, ""distance"": 2, ""length"": 12, ""n_sources"": 1}",3,True,False,0,0.993993993993994,0.002451941684467636,0.990990990990991,0.996996996996997,"[0.996996996996997, 0.993993993993994, 0.990990990990991]",0.990990990990991,0.9969969969969968,0.993993993993994,0.9994994996188282,29917440
7eba1df15c93,bdh,propagate,25000,4,interp,"{""dim"": 1, ""distance"": 4, ""length"": 12, ""n_sources"": 1}",3,True,False,0,0.998998998998999,0.0014156291915646802,0.996996996996997,1.0,"[1.0, 0.996996996996997, 1.0]",0.9969969969969968,1.0,0.998998998998999,0.9999165832698047,29917440
7eba1df15c93,bdh,propagate,27500,4,interp,"{""dim"": 1, ""distance"": 1, ""length"": 12, ""n_sources"": 1}",3,True,False,0,0.9970059880239521,0.0024446005416997978,0.9940119760479041,1.0,"[0.9970059880239521, 1.0, 0.9940119760479041]",0.9940119760479041,1.0,0.9970059880239521,0.9997504990614816,29917440
7eba1df15c93,bdh,propagate,27500,4,interp,"{""dim"": 1, ""distance"": 2, ""length"": 12, ""n_sources"": 1}",3,True,False,0,0.998998998998999,0.0014156291915646802,0.996996996996997,1.0,"[1.0, 1.0, 0.996996996996997]",0.9969969969969968,1.0,0.998998998998999,0.9999165832698047,29917440
7eba1df15c93,bdh,propagate,27500,4,interp,"{""dim"": 1, ""distance"": 4, ""length"": 12, ""n_sources"": 1}",3,True,False,0,1.0,0.0,1.0,1.0,"[1.0, 1.0, 1.0]",1.0,1.0,1.0,1.0,29917440
7eba1df15c93,bdh,propagate,30000,4,interp,"{""dim"": 1, ""distance"": 1, ""length"": 12, ""n_sources"": 1}",3,True,False,0,1.0,0.0,1.0,1.0,"[1.0, 1.0, 1.0]",1.0,1.0,1.0,1.0,29917440
7eba1df15c93,bdh,propagate,30000,4,interp,"{""dim"": 1, ""distance"": 2, ""length"": 12, ""n_sources"": 1}",3,True,False,0,0.998998998998999,0.0014156291915646802,0.996996996996997,1.0,"[0.996996996996997, 1.0, 1.0]",0.9969969969969968,1.0,0.998998998998999,0.9999165832698047,29917440
7eba1df15c93,bdh,propagate,30000,4,interp,"{""dim"": 1, ""distance"": 4, ""length"": 12, ""n_sources"": 1}",3,True,False,0,1.0,0.0,1.0,1.0,"[1.0, 1.0, 1.0]",1.0,1.0,1.0,1.0,29917440
7eba1df15c93,bdh,propagate,32500,4,interp,"{""dim"": 1, ""distance"": 1, ""length"": 12, ""n_sources"": 1}",3,True,False,0,1.0,0.0,1.0,1.0,"[1.0, 1.0, 1.0]",1.0,1.0,1.0,1.0,29917440
7eba1df15c93,bdh,propagate,32500,4,interp,"{""dim"": 1, ""distance"": 2, ""length"": 12, ""n_sources"": 1}",3,True,False,0,1.0,0.0,1.0,1.0,"[1.0, 1.0, 1.0]",1.0,1.0,1.0,1.0,29917440
7eba1df15c93,bdh,propagate,32500,4,interp,"{""dim"": 1, ""distance"": 4, ""length"": 12, ""n_sources"": 1}",3,True,False,0,1.0,0.0,1.0,1.0,"[1.0, 1.0, 1.0]",1.0,1.0,1.0,1.0,29917440
7eba1df15c93,bdh,propagate,35000,4,interp,"{""dim"": 1, ""distance"": 1, ""length"": 12, ""n_sources"": 1}",3,True,False,0,1.0,0.0,1.0,1.0,"[1.0, 1.0, 1.0]",1.0,1.0,1.0,1.0,29917440
7eba1df15c93,bdh,propagate,35000,4,interp,"{""dim"": 1, ""distance"": 2, ""length"": 12, ""n_sources"": 1}",3,True,False,0,1.0,0.0,1.0,1.0,"[1.0, 1.0, 1.0]",1.0,1.0,1.0,1.0,29917440
7eba1df15c93,bdh,propagate,35000,4,interp,"{""dim"": 1, ""distance"": 4, ""length"": 12, ""n_sources"": 1}",3,True,False,0,1.0,0.0,1.0,1.0,"[1.0, 1.0, 1.0]",1.0,1.0,1.0,1.0,29917440
7eba1df15c93,bdh,propagate,37500,4,interp,"{""dim"": 1, ""distance"": 1, ""length"": 12, ""n_sources"": 1}",3,True,False,0,1.0,0.0,1.0,1.0,"[1.0, 1.0, 1.0]",1.0,1.0,1.0,1.0,29917440
7eba1df15c93,bdh,propagate,37500,4,interp,"{""dim"": 1, ""distance"": 2, ""length"": 12, ""n_sources"": 1}",3,True,False,0,1.0,0.0,1.0,1.0,"[1.0, 1.0, 1.0]",1.0,1.0,1.0,1.0,29917440
7eba1df15c93,bdh,propagate,37500,4,interp,"{""dim"": 1, ""distance"": 4, ""length"": 12, ""n_sources"": 1}",3,True,False,0,1.0,0.0,1.0,1.0,"[1.0, 1.0, 1.0]",1.0,1.0,1.0,1.0,29917440
7eba1df15c93,bdh,propagate,40000,4,interp,"{""dim"": 1, ""distance"": 1, ""length"": 12, ""n_sources"": 1}",3,True,False,0,1.0,0.0,1.0,1.0,"[1.0, 1.0, 1.0]",1.0,1.0,1.0,1.0,29917440
7eba1df15c93,bdh,propagate,40000,4,interp,"{""dim"": 1, ""distance"": 2, ""length"": 12, ""n_sources"": 1}",3,True,False,0,1.0,0.0,1.0,1.0,"[1.0, 1.0, 1.0]",1.0,1.0,1.0,1.0,29917440
7eba1df15c93,bdh,propagate,40000,4,interp,"{""dim"": 1, ""distance"": 4, ""length"": 12, ""n_sources"": 1}",3,True,False,0,1.0,0.0,1.0,1.0,"[1.0, 1.0, 1.0]",1.0,1.0,1.0,1.0,29917440
7eba1df15c93,bdh,propagate,40000,8,interp,"{""dim"": 1, ""distance"": 1, ""length"": 12, ""n_sources"": 1}",3,True,False,0,1.0,0.0,1.0,1.0,"[1.0, 1.0, 1.0]",1.0,1.0,1.0,1.0,29917440
7eba1df15c93,bdh,propagate,40000,8,interp,"{""dim"": 1, ""distance"": 2, ""length"": 12, ""n_sources"": 1}",3,True,False,0,1.0,0.0,1.0,1.0,"[1.0, 1.0, 1.0]",1.0,1.0,1.0,1.0,29917440
7eba1df15c93,bdh,propagate,40000,8,interp,"{""dim"": 1, ""distance"": 4, ""length"": 12, ""n_sources"": 1}",3,True,False,0,1.0,0.0,1.0,1.0,"[1.0, 1.0, 1.0]",1.0,1.0,1.0,1.0,29917440
7eba1df15c93,bdh,propagate,2500,16,interp,"{""dim"": 1, ""distance"": 1, ""length"": 12, ""n_sources"": 1}",3,True,False,0,0.0,0.0,0.0,0.0,"[0.0, 0.0, 0.0]",0.0,0.0,0.0,0.8059713769101812,29917440
7eba1df15c93,bdh,propagate,2500,16,interp,"{""dim"": 1, ""distance"": 2, ""length"": 12, ""n_sources"": 1}",3,True,False,0,0.0,0.0,0.0,0.0,"[0.0, 0.0, 0.0]",0.0,0.0,0.0,0.8004671219471579,29917440
7eba1df15c93,bdh,propagate,2500,16,interp,"{""dim"": 1, ""distance"": 4, ""length"": 12, ""n_sources"": 1}",3,True,False,0,0.0,0.0,0.0,0.0,"[0.0, 0.0, 0.0]",0.0,0.0,0.0,0.7872872745787894,29917440
7eba1df15c93,bdh,propagate,5000,16,interp,"{""dim"": 1, ""distance"": 1, ""length"": 12, ""n_sources"": 1}",3,True,False,0,0.008982035928143712,0.007333801625099335,0.0,0.017964071856287425,"[0.0, 0.017964071856287425, 0.008982035928143712]",0.0,0.017964071856287425,0.008982035928143712,0.8150365865991978,29917440
7eba1df15c93,bdh,propagate,5000,16,interp,"{""dim"": 1, ""distance"": 2, ""length"": 12, ""n_sources"": 1}",3,True,False,0,0.022022022022022022,0.008610936203245873,0.012012012012012012,0.03303303303303303,"[0.03303303303303303, 0.012012012012012012, 0.021021021021021023]",0.012012012012012012,0.03303303303303303,0.022022022022022022,0.8191524811454483,29917440
7eba1df15c93,bdh,propagate,5000,16,interp,"{""dim"": 1, ""distance"": 4, ""length"": 12, ""n_sources"": 1}",3,True,False,0,0.011011011011011013,0.005104123637230015,0.006006006006006006,0.018018018018018018,"[0.009009009009009009, 0.018018018018018018, 0.006006006006006006]",0.006006006006006006,0.018018018018018018,0.011011011011011013,0.8121454729749873,29917440
7eba1df15c93,bdh,propagate,7500,16,interp,"{""dim"": 1, ""distance"": 1, ""length"": 12, ""n_sources"": 1}",3,True,False,0,0.9780439121756487,0.01205892811735988,0.9610778443113772,0.9880239520958084,"[0.9850299401197605, 0.9880239520958084, 0.9610778443113772]",0.9610778443113772,0.9880239520958084,0.9780439121756487,0.9981703264508656,29917440
7eba1df15c93,bdh,propagate,7500,16,interp,"{""dim"": 1, ""distance"": 2, ""length"": 12, ""n_sources"": 1}",3,True,False,0,0.960960960960961,0.002451941684467681,0.9579579579579579,0.963963963963964,"[0.960960960960961, 0.963963963963964, 0.9579579579579579]",0.9579579579579579,0.963963963963964,0.960960960960961,0.996329663632749,29917440
7eba1df15c93,bdh,propagate,7500,16,interp,"{""dim"": 1, ""distance"": 4, ""length"": 12, ""n_sources"": 1}",3,True,False,0,0.971971971971972,0.005662516766258616,0.963963963963964,0.975975975975976,"[0.963963963963964, 0.975975975975976, 0.975975975975976]",0.963963963963964,0.975975975975976,0.971971971971972,0.9976643315545312,29917440
7eba1df15c93,bdh,propagate,10000,16,interp,"{""dim"": 1, ""distance"": 1, ""length"": 12, ""n_sources"": 1}",3,True,False,0,0.9860279441117764,0.011552731439910419,0.9700598802395209,0.9970059880239521,"[0.9700598802395209, 0.9970059880239521, 0.9910179640718563]",0.9700598802395209,0.9970059880239521,0.9860279441117764,0.9985861612294249,29917440
7eba1df15c93,bdh,propagate,10000,16,interp,"{""dim"": 1, ""distance"": 2, ""length"": 12, ""n_sources"": 1}",3,True,False,0,0.975975975975976,0.012740662724081964,0.9669669669669669,0.993993993993994,"[0.9669669669669669, 0.993993993993994, 0.9669669669669669]",0.9669669669669668,0.993993993993994,0.975975975975976,0.9974974978554833,29917440
7eba1df15c93,bdh,propagate,10000,16,interp,"{""dim"": 1, ""distance"": 4, ""length"": 12, ""n_sources"": 1}",3,True,False,0,0.985985985985986,0.006170584587556532,0.978978978978979,0.993993993993994,"[0.984984984984985, 0.993993993993994, 0.978978978978979]",0.978978978978979,0.993993993993994,0.985985985985986,0.998748748987406,29917440
7eba1df15c93,bdh,propagate,12500,16,interp,"{""dim"": 1, ""distance"": 1, ""length"": 12, ""n_sources"": 1}",3,True,False,0,0.9880239520958084,0.00488920108339955,0.9820359281437125,0.9940119760479041,"[0.9820359281437125, 0.9880239520958084, 0.9940119760479041]",0.9820359281437124,0.9940119760479041,0.9880239520958084,0.9988356621679432,29917440
7eba1df15c93,bdh,propagate,12500,16,interp,"{""dim"": 1, ""distance"": 2, ""length"": 12, ""n_sources"": 1}",3,True,False,0,0.981981981981982,0.01123620836869054,0.9669669669669669,0.993993993993994,"[0.9669669669669669, 0.993993993993994, 0.984984984984985]",0.9669669669669668,0.993993993993994,0.981981981981982,0.9983316652767651,29917440
7eba1df15c93,bdh,propagate,12500,16,interp,"{""dim"": 1, ""distance"": 4, ""length"": 12, ""n_sources"": 1}",3,True,False,0,0.9869869869869871,0.007881889763775596,0.975975975975976,0.993993993993994,"[0.993993993993994, 0.990990990990991, 0.975975975975976]",0.975975975975976,0.993993993993994,0.9869869869869871,0.9988321657176013,29917440
7eba1df15c93,bdh,propagate,15000,16,interp,"{""dim"": 1, ""distance"": 1, ""length"": 12, ""n_sources"": 1}",3,True,False,0,0.9940119760479043,0.0024446005416997978,0.9910179640718563,0.9970059880239521,"[0.9970059880239521, 0.9940119760479041, 0.9910179640718563]",0.9910179640718563,0.9970059880239521,0.9940119760479043,0.9995009981229633,29917440
7eba1df15c93,bdh,propagate,15000,16,interp,"{""dim"": 1, ""distance"": 2, ""length"": 12, ""n_sources"": 1}",3,True,False,0,0.993993993993994,0.004246887574693988,0.990990990990991,1.0,"[0.990990990990991, 0.990990990990991, 1.0]",0.990990990990991,1.0,0.993993993993994,0.9994994996188282,29917440
7eba1df15c93,bdh,propagate,15000,16,interp,"{""dim"": 1, ""distance"": 4, ""length"": 12, ""n_sources"": 1}",3,True,False,0,0.993993993993994,0.0,0.993993993993994,0.993993993993994,"[0.993993993993994, 0.993993993993994, 0.993993993993994]",0.993993993993994,0.993993993993994,0.993993993993994,0.9994160828289685,29917440
7eba1df15c93,bdh,propagate,17500,16,interp,"{""dim"": 1, ""distance"": 1, ""length"": 12, ""n_sources"": 1}",3,True,False,0,0.9950099800399202,0.007056953904057337,0.9850299401197605,1.0,"[1.0, 0.9850299401197605, 1.0]",0.9850299401197605,1.0,0.9950099800399202,0.9995841651024695,29917440
7eba1df15c93,bdh,propagate,17500,16,interp,"{""dim"": 1, ""distance"": 2, ""length"": 12, ""n_sources"": 1}",3,True,False,0,0.9919919919919921,0.007490805579127028,0.9819819819819819,1.0,"[0.9819819819819819, 1.0, 0.993993993993994]",0.9819819819819818,1.0,0.9919919919919921,0.999249249368578,29917440
7eba1df15c93,bdh,propagate,17500,16,interp,"{""dim"": 1, ""distance"": 4, ""length"": 12, ""n_sources"": 1}",3,True,False,0,0.998998998998999,0.0014156291915646802,0.996996996996997,1.0,"[0.996996996996997, 1.0, 1.0]",0.9969969969969968,1.0,0.998998998998999,0.9999165832698047,29917440
7eba1df15c93,bdh,propagate,20000,16,interp,"{""dim"": 1, ""distance"": 1, ""length"": 12, ""n_sources"": 1}",3,True,False,0,1.0,0.0,1.0,1.0,"[1.0, 1.0, 1.0]",1.0,1.0,1.0,1.0,29917440
7eba1df15c93,bdh,propagate,20000,16,interp,"{""dim"": 1, ""distance"": 2, ""length"": 12, ""n_sources"": 1}",3,True,False,0,0.9929929929929929,0.002831258383129308,0.990990990990991,0.996996996996997,"[0.990990990990991, 0.996996996996997, 0.990990990990991]",0.990990990990991,0.9969969969969968,0.9929929929929929,0.9994160828886329,29917440
7eba1df15c93,bdh,propagate,20000,16,interp,"{""dim"": 1, ""distance"": 4, ""length"": 12, ""n_sources"": 1}",3,True,False,0,0.998998998998999,0.0014156291915646802,0.996996996996997,1.0,"[1.0, 0.996996996996997, 1.0]",0.9969969969969968,1.0,0.998998998998999,0.9999165832698047,29917440
7eba1df15c93,bdh,propagate,22500,16,interp,"{""dim"": 1, ""distance"": 1, ""length"": 12, ""n_sources"": 1}",3,True,False,0,0.9960079840319361,0.0037341890087564385,0.9910179640718563,1.0,"[1.0, 0.9910179640718563, 0.9970059880239521]",0.9910179640718563,1.0,0.9960079840319361,0.9994178310244859,29917440
7eba1df15c93,bdh,propagate,22500,16,interp,"{""dim"": 1, ""distance"": 2, ""length"": 12, ""n_sources"": 1}",3,True,False,0,0.998998998998999,0.0014156291915646802,0.996996996996997,1.0,"[0.996996996996997, 1.0, 1.0]",0.9969969969969968,1.0,0.998998998998999,0.9999165832698047,29917440
7eba1df15c93,bdh,propagate,22500,16,interp,"{""dim"": 1, ""distance"": 4, ""length"": 12, ""n_sources"": 1}",3,True,False,0,0.9979979979979979,0.002831258383129308,0.993993993993994,1.0,"[1.0, 0.993993993993994, 1.0]",0.993993993993994,1.0,0.9979979979979979,0.9997497497497498,29917440
7eba1df15c93,bdh,propagate,25000,16,interp,"{""dim"": 1, ""distance"": 1, ""length"": 12, ""n_sources"": 1}",3,True,False,0,0.9980039920159681,0.0014113907808114572,0.9970059880239521,1.0,"[0.9970059880239521, 1.0, 0.9970059880239521]",0.9970059880239521,1.0,0.9980039920159681,0.9998336660409878,29917440
7eba1df15c93,bdh,propagate,25000,16,interp,"{""dim"": 1, ""distance"": 2, ""length"": 12, ""n_sources"": 1}",3,True,False,0,0.993993993993994,0.002451941684467636,0.990990990990991,0.996996996996997,"[0.996996996996997, 0.993993993993994, 0.990990990990991]",0.990990990990991,0.9969969969969968,0.993993993993994,0.9994994996188282,29917440
7eba1df15c93,bdh,propagate,25000,16,interp,"{""dim"": 1, ""distance"": 4, ""length"": 12, ""n_sources"": 1}",3,True,False,0,0.998998998998999,0.0014156291915646802,0.996996996996997,1.0,"[1.0, 0.996996996996997, 1.0]",0.9969969969969968,1.0,0.998998998998999,0.9999165832698047,29917440
7eba1df15c93,bdh,propagate,27500,16,interp,"{""dim"": 1, ""distance"": 1, ""length"": 12, ""n_sources"": 1}",3,True,False,0,0.9970059880239521,0.0024446005416997978,0.9940119760479041,1.0,"[0.9970059880239521, 1.0, 0.9940119760479041]",0.9940119760479041,1.0,0.9970059880239521,0.9997504990614816,29917440
7eba1df15c93,bdh,propagate,27500,16,interp,"{""dim"": 1, ""distance"": 2, ""length"": 12, ""n_sources"": 1}",3,True,False,0,0.998998998998999,0.0014156291915646802,0.996996996996997,1.0,"[1.0, 1.0, 0.996996996996997]",0.9969969969969968,1.0,0.998998998998999,0.9999165832698047,29917440
7eba1df15c93,bdh,propagate,27500,16,interp,"{""dim"": 1, ""distance"": 4, ""length"": 12, ""n_sources"": 1}",3,True,False,0,1.0,0.0,1.0,1.0,"[1.0, 1.0, 1.0]",1.0,1.0,1.0,1.0,29917440
7eba1df15c93,bdh,propagate,30000,16,interp,"{""dim"": 1, ""distance"": 1, ""length"": 12, ""n_sources"": 1}",3,True,False,0,1.0,0.0,1.0,1.0,"[1.0, 1.0, 1.0]",1.0,1.0,1.0,1.0,29917440
7eba1df15c93,bdh,propagate,30000,16,interp,"{""dim"": 1, ""distance"": 2, ""length"": 12, ""n_sources"": 1}",3,True,False,0,0.998998998998999,0.0014156291915646802,0.996996996996997,1.0,"[0.996996996996997, 1.0, 1.0]",0.9969969969969968,1.0,0.998998998998999,0.9999165832698047,29917440
7eba1df15c93,bdh,propagate,30000,16,interp,"{""dim"": 1, ""distance"": 4, ""length"": 12, ""n_sources"": 1}",3,True,False,0,1.0,0.0,1.0,1.0,"[1.0, 1.0, 1.0]",1.0,1.0,1.0,1.0,29917440
7eba1df15c93,bdh,propagate,32500,16,interp,"{""dim"": 1, ""distance"": 1, ""length"": 12, ""n_sources"": 1}",3,True,False,0,1.0,0.0,1.0,1.0,"[1.0, 1.0, 1.0]",1.0,1.0,1.0,1.0,29917440
7eba1df15c93,bdh,propagate,32500,16,interp,"{""dim"": 1, ""distance"": 2, ""length"": 12, ""n_sources"": 1}",3,True,False,0,1.0,0.0,1.0,1.0,"[1.0, 1.0, 1.0]",1.0,1.0,1.0,1.0,29917440
7eba1df15c93,bdh,propagate,32500,16,interp,"{""dim"": 1, ""distance"": 4, ""length"": 12, ""n_sources"": 1}",3,True,False,0,1.0,0.0,1.0,1.0,"[1.0, 1.0, 1.0]",1.0,1.0,1.0,1.0,29917440
7eba1df15c93,bdh,propagate,35000,16,interp,"{""dim"": 1, ""distance"": 1, ""length"": 12, ""n_sources"": 1}",3,True,False,0,1.0,0.0,1.0,1.0,"[1.0, 1.0, 1.0]",1.0,1.0,1.0,1.0,29917440
7eba1df15c93,bdh,propagate,35000,16,interp,"{""dim"": 1, ""distance"": 2, ""length"": 12, ""n_sources"": 1}",3,True,False,0,1.0,0.0,1.0,1.0,"[1.0, 1.0, 1.0]",1.0,1.0,1.0,1.0,29917440
7eba1df15c93,bdh,propagate,35000,16,interp,"{""dim"": 1, ""distance"": 4, ""length"": 12, ""n_sources"": 1}",3,True,False,0,1.0,0.0,1.0,1.0,"[1.0, 1.0, 1.0]",1.0,1.0,1.0,1.0,29917440
7eba1df15c93,bdh,propagate,37500,16,interp,"{""dim"": 1, ""distance"": 1, ""length"": 12, ""n_sources"": 1}",3,True,False,0,1.0,0.0,1.0,1.0,"[1.0, 1.0, 1.0]",1.0,1.0,1.0,1.0,29917440
7eba1df15c93,bdh,propagate,37500,16,interp,"{""dim"": 1, ""distance"": 2, ""length"": 12, ""n_sources"": 1}",3,True,False,0,1.0,0.0,1.0,1.0,"[1.0, 1.0, 1.0]",1.0,1.0,1.0,1.0,29917440
7eba1df15c93,bdh,propagate,37500,16,interp,"{""dim"": 1, ""distance"": 4, ""length"": 12, ""n_sources"": 1}",3,True,False,0,1.0,0.0,1.0,1.0,"[1.0, 1.0, 1.0]",1.0,1.0,1.0,1.0,29917440
7eba1df15c93,bdh,propagate,40000,16,interp,"{""dim"": 1, ""distance"": 1, ""length"": 12, ""n_sources"": 1}",3,True,False,0,1.0,0.0,1.0,1.0,"[1.0, 1.0, 1.0]",1.0,1.0,1.0,1.0,29917440
7eba1df15c93,bdh,propagate,40000,16,interp,"{""dim"": 1, ""distance"": 2, ""length"": 12, ""n_sources"": 1}",3,True,False,0,1.0,0.0,1.0,1.0,"[1.0, 1.0, 1.0]",1.0,1.0,1.0,1.0,29917440
7eba1df15c93,bdh,propagate,40000,16,interp,"{""dim"": 1, ""distance"": 4, ""length"": 12, ""n_sources"": 1}",3,True,False,0,1.0,0.0,1.0,1.0,"[1.0, 1.0, 1.0]",1.0,1.0,1.0,1.0,29917440
7eba1df15c93,bdh,propagate,40000,32,interp,"{""dim"": 1, ""distance"": 1, ""length"": 12, ""n_sources"": 1}",3,True,False,0,1.0,0.0,1.0,1.0,"[1.0, 1.0, 1.0]",1.0,1.0,1.0,1.0,29917440
7eba1df15c93,bdh,propagate,40000,32,interp,"{""dim"": 1, ""distance"": 2, ""length"": 12, ""n_sources"": 1}",3,True,False,0,1.0,0.0,1.0,1.0,"[1.0, 1.0, 1.0]",1.0,1.0,1.0,1.0,29917440
7eba1df15c93,bdh,propagate,40000,32,interp,"{""dim"": 1, ""distance"": 4, ""length"": 12, ""n_sources"": 1}",3,True,False,0,1.0,0.0,1.0,1.0,"[1.0, 1.0, 1.0]",1.0,1.0,1.0,1.0,29917440
7eba1df15c93,bdh,propagate,2500,1,mild,"{""dim"": 1, ""distance"": 6, ""length"": 12, ""n_sources"": 1}",3,True,False,0,0.0,0.0,0.0,0.0,"[0.0, 0.0, 0.0]",0.0,0.0,0.0,0.7948888761997224,29917440
7eba1df15c93,bdh,propagate,2500,1,mild,"{""dim"": 1, ""distance"": 8, ""length"": 12, ""n_sources"": 1}",3,True,False,0,0.0,0.0,0.0,0.0,"[0.0, 0.0, 0.0]",0.0,0.0,0.0,0.7944999868174394,29917440
7eba1df15c93,bdh,propagate,5000,1,mild,"{""dim"": 1, ""distance"": 6, ""length"": 12, ""n_sources"": 1}",3,True,False,0,0.007333333333333333,0.0018856180831641268,0.006,0.01,"[0.006, 0.01, 0.006]",0.006000000000000001,0.01,0.007333333333333333,0.7947777700821558,29917440
7eba1df15c93,bdh,propagate,5000,1,mild,"{""dim"": 1, ""distance"": 8, ""length"": 12, ""n_sources"": 1}",3,True,False,0,0.006666666666666667,0.0037712361663282535,0.004,0.012,"[0.004, 0.012, 0.004]",0.004,0.012000000000000002,0.006666666666666667,0.7901666590273381,29917440
7eba1df15c93,bdh,propagate,7500,1,mild,"{""dim"": 1, ""distance"": 6, ""length"": 12, ""n_sources"": 1}",3,True,False,0,0.126,0.09448809448814173,0.042,0.258,"[0.042, 0.078, 0.258]",0.042,0.258,0.126,0.8785555565754573,29917440
7eba1df15c93,bdh,propagate,7500,1,mild,"{""dim"": 1, ""distance"": 8, ""length"": 12, ""n_sources"": 1}",3,True,False,0,0.13333333333333333,0.08109802025258625,0.074,0.248,"[0.248, 0.074, 0.078]",0.074,0.248,0.13333333333333333,0.8579444457292557,29917440
7eba1df15c93,bdh,propagate,10000,1,mild,"{""dim"": 1, ""distance"": 6, ""length"": 12, ""n_sources"": 1}",3,True,False,0,0.035333333333333335,0.011469767022723502,0.022,0.05,"[0.022, 0.034, 0.05]",0.022000000000000002,0.05000000000000001,0.035333333333333335,0.8536666642030081,29917440
7eba1df15c93,bdh,propagate,10000,1,mild,"{""dim"": 1, ""distance"": 8, ""length"": 12, ""n_sources"": 1}",3,True,False,0,0.04666666666666666,0.05226428566005237,0.002,0.12,"[0.12, 0.018, 0.002]",0.002,0.12,0.04666666666666666,0.8166111089587211,29917440
7eba1df15c93,bdh,propagate,12500,1,mild,"{""dim"": 1, ""distance"": 6, ""length"": 12, ""n_sources"": 1}",3,True,False,0,0.017333333333333336,0.017913371790059206,0.0,0.042,"[0.0, 0.01, 0.042]",0.0,0.042,0.017333333333333336,0.832444437543551,29917440
7eba1df15c93,bdh,propagate,12500,1,mild,"{""dim"": 1, ""distance"": 8, ""length"": 12, ""n_sources"": 1}",3,True,False,0,0.021333333333333333,0.027390184778898853,0.0,0.06,"[0.06, 0.004, 0.0]",0.0,0.06,0.021333333333333333,0.7520555534760157,29917440
7eba1df15c93,bdh,propagate,15000,1,mild,"{""dim"": 1, ""distance"": 6, ""length"": 12, ""n_sources"": 1}",3,True,False,0,0.0026666666666666666,0.0024944382578492943,0.0,0.006,"[0.0, 0.002, 0.006]",0.0,0.006000000000000001,0.0026666666666666666,0.8067777674595514,29917440
7eba1df15c93,bdh,propagate,15000,1,mild,"{""dim"": 1, ""distance"": 8, ""length"": 12, ""n_sources"": 1}",3,True,False,0,0.006666666666666667,0.009428090415820633,0.0,0.02,"[0.02, 0.0, 0.0]",0.0,0.02,0.006666666666666667,0.6723333335518836,29917440
7eba1df15c93,bdh,propagate,17500,1,mild,"{""dim"": 1, ""distance"": 6, ""length"": 12, ""n_sources"": 1}",3,True,False,0,0.008666666666666668,0.005249338582674541,0.004,0.016,"[0.004, 0.006, 0.016]",0.004,0.016,0.008666666666666668,0.7983333275318145,29917440
7eba1df15c93,bdh,propagate,17500,1,mild,"{""dim"": 1, ""distance"": 8, ""length"": 12, ""n_sources"": 1}",3,True,False,0,0.004,0.00565685424949238,0.0,0.012,"[0.012, 0.0, 0.0]",0.0,0.012000000000000002,0.004,0.6775555562575658,29917440
7eba1df15c93,bdh,propagate,20000,1,mild,"{""dim"": 1, ""distance"": 6, ""length"": 12, ""n_sources"": 1}",3,True,False,0,0.008,0.009933109617167559,0.0,0.022,"[0.002, 0.0, 0.022]",0.0,0.022000000000000002,0.008,0.7974999926090242,29917440
7eba1df15c93,bdh,propagate,20000,1,mild,"{""dim"": 1, ""distance"": 8, ""length"": 12, ""n_sources"": 1}",3,True,False,0,0.002,0.00282842712474619,0.0,0.006,"[0.006, 0.0, 0.0]",0.0,0.006000000000000001,0.002,0.6470555561284225,29917440
7eba1df15c93,bdh,propagate,22500,1,mild,"{""dim"": 1, ""distance"": 6, ""length"": 12, ""n_sources"": 1}",3,True,False,0,0.008666666666666666,0.009568466729604883,0.0,0.022,"[0.0, 0.004, 0.022]",0.0,0.022000000000000002,0.008666666666666666,0.8060555462439855,29917440
7eba1df15c93,bdh,propagate,22500,1,mild,"{""dim"": 1, ""distance"": 8, ""length"": 12, ""n_sources"": 1}",3,True,False,0,0.0006666666666666666,0.0009428090415820634,0.0,0.002,"[0.002, 0.0, 0.0]",0.0,0.002,0.0006666666666666666,0.626000000099341,29917440
7eba1df15c93,bdh,propagate,25000,1,mild,"{""dim"": 1, ""distance"": 6, ""length"": 12, ""n_sources"": 1}",3,True,False,0,0.005333333333333333,0.00339934634239519,0.002,0.01,"[0.002, 0.004, 0.01]",0.002,0.01,0.005333333333333333,0.7825555500189463,29917440
7eba1df15c93,bdh,propagate,25000,1,mild,"{""dim"": 1, ""distance"": 8, ""length"": 12, ""n_sources"": 1}",3,True,False,0,0.004666666666666667,0.006599663291074444,0.0,0.014,"[0.014, 0.0, 0.0]",0.0,0.014,0.004666666666666667,0.6339444433848063,29917440
7eba1df15c93,bdh,propagate,27500,1,mild,"{""dim"": 1, ""distance"": 6, ""length"": 12, ""n_sources"": 1}",3,True,False,0,0.004,0.00565685424949238,0.0,0.012,"[0.0, 0.0, 0.012]",0.0,0.012000000000000002,0.004,0.8001111022233963,29917440
7eba1df15c93,bdh,propagate,27500,1,mild,"{""dim"": 1, ""distance"": 8, ""length"": 12, ""n_sources"": 1}",3,True,False,0,0.0013333333333333333,0.0018856180831641268,0.0,0.004,"[0.004, 0.0, 0.0]",0.0,0.004,0.0013333333333333333,0.6110555534760157,29917440
7eba1df15c93,bdh,propagate,30000,1,mild,"{""dim"": 1, ""distance"": 6, ""length"": 12, ""n_sources"": 1}",3,True,False,0,0.004,0.00565685424949238,0.0,0.012,"[0.0, 0.0, 0.012]",0.0,0.012000000000000002,0.004,0.7896666600704193,29917440
7eba1df15c93,bdh,propagate,30000,1,mild,"{""dim"": 1, ""distance"": 8, ""length"": 12, ""n_sources"": 1}",3,True,False,0,0.0006666666666666666,0.0009428090415820634,0.0,0.002,"[0.002, 0.0, 0.0]",0.0,0.002,0.0006666666666666666,0.6163333317637444,29917440
7eba1df15c93,bdh,propagate,32500,1,mild,"{""dim"": 1, ""distance"": 6, ""length"": 12, ""n_sources"": 1}",3,True,False,0,0.005333333333333333,0.007542472332656507,0.0,0.016,"[0.0, 0.0, 0.016]",0.0,0.016,0.005333333333333333,0.7874999933640162,29917440
7eba1df15c93,bdh,propagate,32500,1,mild,"{""dim"": 1, ""distance"": 8, ""length"": 12, ""n_sources"": 1}",3,True,False,0,0.0033333333333333335,0.004714045207910317,0.0,0.01,"[0.01, 0.0, 0.0]",0.0,0.01,0.0033333333333333335,0.648722225745519,29917440
7eba1df15c93,bdh,propagate,35000,1,mild,"{""dim"": 1, ""distance"": 6, ""length"": 12, ""n_sources"": 1}",3,True,False,0,0.0033333333333333335,0.004714045207910317,0.0,0.01,"[0.0, 0.0, 0.01]",0.0,0.01,0.0033333333333333335,0.7833333266973496,29917440
7eba1df15c93,bdh,propagate,35000,1,mild,"{""dim"": 1, ""distance"": 8, ""length"": 12, ""n_sources"": 1}",3,True,False,0,0.004,0.00565685424949238,0.0,0.012,"[0.012, 0.0, 0.0]",0.0,0.012000000000000002,0.004,0.6423333346247673,29917440
7eba1df15c93,bdh,propagate,37500,1,mild,"{""dim"": 1, ""distance"": 6, ""length"": 12, ""n_sources"": 1}",3,True,False,0,0.002,0.00282842712474619,0.0,0.006,"[0.0, 0.0, 0.006]",0.0,0.006000000000000001,0.002,0.78366665995121,29917440
7eba1df15c93,bdh,propagate,37500,1,mild,"{""dim"": 1, ""distance"": 8, ""length"": 12, ""n_sources"": 1}",3,True,False,0,0.0033333333333333335,0.004714045207910317,0.0,0.01,"[0.01, 0.0, 0.0]",0.0,0.01,0.0033333333333333335,0.6409444458087286,29917440
7eba1df15c93,bdh,propagate,40000,1,mild,"{""dim"": 1, ""distance"": 6, ""length"": 12, ""n_sources"": 1}",3,True,False,0,0.0026666666666666666,0.0037712361663282535,0.0,0.008,"[0.0, 0.0, 0.008]",0.0,0.008,0.0026666666666666666,0.7833333266973496,29917440
7eba1df15c93,bdh,propagate,40000,1,mild,"{""dim"": 1, ""distance"": 8, ""length"": 12, ""n_sources"": 1}",3,True,False,0,0.0033333333333333335,0.004714045207910317,0.0,0.01,"[0.01, 0.0, 0.0]",0.0,0.01,0.0033333333333333335,0.6406666680773099,29917440
7eba1df15c93,bdh,propagate,40000,2,mild,"{""dim"": 1, ""distance"": 6, ""length"": 12, ""n_sources"": 1}",3,True,False,0,0.0026666666666666666,0.0037712361663282535,0.0,0.008,"[0.0, 0.0, 0.008]",0.0,0.008,0.0026666666666666666,0.7833333266973496,29917440
7eba1df15c93,bdh,propagate,40000,2,mild,"{""dim"": 1, ""distance"": 8, ""length"": 12, ""n_sources"": 1}",3,True,False,0,0.0033333333333333335,0.004714045207910317,0.0,0.01,"[0.01, 0.0, 0.0]",0.0,0.01,0.0033333333333333335,0.6406666680773099,29917440
7eba1df15c93,bdh,propagate,2500,4,mild,"{""dim"": 1, ""distance"": 6, ""length"": 12, ""n_sources"": 1}",3,True,False,0,0.0,0.0,0.0,0.0,"[0.0, 0.0, 0.0]",0.0,0.0,0.0,0.7948888761997224,29917440
7eba1df15c93,bdh,propagate,2500,4,mild,"{""dim"": 1, ""distance"": 8, ""length"": 12, ""n_sources"": 1}",3,True,False,0,0.0,0.0,0.0,0.0,"[0.0, 0.0, 0.0]",0.0,0.0,0.0,0.7944999868174394,29917440
7eba1df15c93,bdh,propagate,5000,4,mild,"{""dim"": 1, ""distance"": 6, ""length"": 12, ""n_sources"": 1}",3,True,False,0,0.007333333333333333,0.0018856180831641268,0.006,0.01,"[0.006, 0.01, 0.006]",0.006000000000000001,0.01,0.007333333333333333,0.7947777700821558,29917440
7eba1df15c93,bdh,propagate,5000,4,mild,"{""dim"": 1, ""distance"": 8, ""length"": 12, ""n_sources"": 1}",3,True,False,0,0.006666666666666667,0.0037712361663282535,0.004,0.012,"[0.004, 0.012, 0.004]",0.004,0.012000000000000002,0.006666666666666667,0.7901666590273381,29917440
7eba1df15c93,bdh,propagate,7500,4,mild,"{""dim"": 1, ""distance"": 6, ""length"": 12, ""n_sources"": 1}",3,True,False,0,0.126,0.09448809448814173,0.042,0.258,"[0.042, 0.078, 0.258]",0.042,0.258,0.126,0.8785555565754573,29917440
7eba1df15c93,bdh,propagate,7500,4,mild,"{""dim"": 1, ""distance"": 8, ""length"": 12, ""n_sources"": 1}",3,True,False,0,0.13333333333333333,0.08109802025258625,0.074,0.248,"[0.248, 0.074, 0.078]",0.074,0.248,0.13333333333333333,0.8579444457292557,29917440
7eba1df15c93,bdh,propagate,10000,4,mild,"{""dim"": 1, ""distance"": 6, ""length"": 12, ""n_sources"": 1}",3,True,False,0,0.035333333333333335,0.011469767022723502,0.022,0.05,"[0.022, 0.034, 0.05]",0.022000000000000002,0.05000000000000001,0.035333333333333335,0.8536666642030081,29917440
7eba1df15c93,bdh,propagate,10000,4,mild,"{""dim"": 1, ""distance"": 8, ""length"": 12, ""n_sources"": 1}",3,True,False,0,0.04666666666666666,0.05226428566005237,0.002,0.12,"[0.12, 0.018, 0.002]",0.002,0.12,0.04666666666666666,0.8166111089587211,29917440
7eba1df15c93,bdh,propagate,12500,4,mild,"{""dim"": 1, ""distance"": 6, ""length"": 12, ""n_sources"": 1}",3,True,False,0,0.017333333333333336,0.017913371790059206,0.0,0.042,"[0.0, 0.01, 0.042]",0.0,0.042,0.017333333333333336,0.832444437543551,29917440
7eba1df15c93,bdh,propagate,12500,4,mild,"{""dim"": 1, ""distance"": 8, ""length"": 12, ""n_sources"": 1}",3,True,False,0,0.021333333333333333,0.027390184778898853,0.0,0.06,"[0.06, 0.004, 0.0]",0.0,0.06,0.021333333333333333,0.7520555534760157,29917440
7eba1df15c93,bdh,propagate,15000,4,mild,"{""dim"": 1, ""distance"": 6, ""length"": 12, ""n_sources"": 1}",3,True,False,0,0.0026666666666666666,0.0024944382578492943,0.0,0.006,"[0.0, 0.002, 0.006]",0.0,0.006000000000000001,0.0026666666666666666,0.8067777674595514,29917440
7eba1df15c93,bdh,propagate,15000,4,mild,"{""dim"": 1, ""distance"": 8, ""length"": 12, ""n_sources"": 1}",3,True,False,0,0.006666666666666667,0.009428090415820633,0.0,0.02,"[0.02, 0.0, 0.0]",0.0,0.02,0.006666666666666667,0.6723333335518836,29917440
7eba1df15c93,bdh,propagate,17500,4,mild,"{""dim"": 1, ""distance"": 6, ""length"": 12, ""n_sources"": 1}",3,True,False,0,0.008666666666666668,0.005249338582674541,0.004,0.016,"[0.004, 0.006, 0.016]",0.004,0.016,0.008666666666666668,0.7983333275318145,29917440
7eba1df15c93,bdh,propagate,17500,4,mild,"{""dim"": 1, ""distance"": 8, ""length"": 12, ""n_sources"": 1}",3,True,False,0,0.004,0.00565685424949238,0.0,0.012,"[0.012, 0.0, 0.0]",0.0,0.012000000000000002,0.004,0.6775555562575658,29917440
7eba1df15c93,bdh,propagate,20000,4,mild,"{""dim"": 1, ""distance"": 6, ""length"": 12, ""n_sources"": 1}",3,True,False,0,0.008,0.009933109617167559,0.0,0.022,"[0.002, 0.0, 0.022]",0.0,0.022000000000000002,0.008,0.7974999926090242,29917440
7eba1df15c93,bdh,propagate,20000,4,mild,"{""dim"": 1, ""distance"": 8, ""length"": 12, ""n_sources"": 1}",3,True,False,0,0.002,0.00282842712474619,0.0,0.006,"[0.006, 0.0, 0.0]",0.0,0.006000000000000001,0.002,0.6470555561284225,29917440
7eba1df15c93,bdh,propagate,22500,4,mild,"{""dim"": 1, ""distance"": 6, ""length"": 12, ""n_sources"": 1}",3,True,False,0,0.008666666666666666,0.009568466729604883,0.0,0.022,"[0.0, 0.004, 0.022]",0.0,0.022000000000000002,0.008666666666666666,0.8060555462439855,29917440
7eba1df15c93,bdh,propagate,22500,4,mild,"{""dim"": 1, ""distance"": 8, ""length"": 12, ""n_sources"": 1}",3,True,False,0,0.0006666666666666666,0.0009428090415820634,0.0,0.002,"[0.002, 0.0, 0.0]",0.0,0.002,0.0006666666666666666,0.626000000099341,29917440
7eba1df15c93,bdh,propagate,25000,4,mild,"{""dim"": 1, ""distance"": 6, ""length"": 12, ""n_sources"": 1}",3,True,False,0,0.005333333333333333,0.00339934634239519,0.002,0.01,"[0.002, 0.004, 0.01]",0.002,0.01,0.005333333333333333,0.7825555500189463,29917440
7eba1df15c93,bdh,propagate,25000,4,mild,"{""dim"": 1, ""distance"": 8, ""length"": 12, ""n_sources"": 1}",3,True,False,0,0.004666666666666667,0.006599663291074444,0.0,0.014,"[0.014, 0.0, 0.0]",0.0,0.014,0.004666666666666667,0.6339444433848063,29917440
7eba1df15c93,bdh,propagate,27500,4,mild,"{""dim"": 1, ""distance"": 6, ""length"": 12, ""n_sources"": 1}",3,True,False,0,0.004,0.00565685424949238,0.0,0.012,"[0.0, 0.0, 0.012]",0.0,0.012000000000000002,0.004,0.8001111022233963,29917440
7eba1df15c93,bdh,propagate,27500,4,mild,"{""dim"": 1, ""distance"": 8, ""length"": 12, ""n_sources"": 1}",3,True,False,0,0.0013333333333333333,0.0018856180831641268,0.0,0.004,"[0.004, 0.0, 0.0]",0.0,0.004,0.0013333333333333333,0.6110555534760157,29917440
7eba1df15c93,bdh,propagate,30000,4,mild,"{""dim"": 1, ""distance"": 6, ""length"": 12, ""n_sources"": 1}",3,True,False,0,0.004,0.00565685424949238,0.0,0.012,"[0.0, 0.0, 0.012]",0.0,0.012000000000000002,0.004,0.7896666600704193,29917440
7eba1df15c93,bdh,propagate,30000,4,mild,"{""dim"": 1, ""distance"": 8, ""length"": 12, ""n_sources"": 1}",3,True,False,0,0.0006666666666666666,0.0009428090415820634,0.0,0.002,"[0.002, 0.0, 0.0]",0.0,0.002,0.0006666666666666666,0.6163333317637444,29917440
7eba1df15c93,bdh,propagate,32500,4,mild,"{""dim"": 1, ""distance"": 6, ""length"": 12, ""n_sources"": 1}",3,True,False,0,0.005333333333333333,0.007542472332656507,0.0,0.016,"[0.0, 0.0, 0.016]",0.0,0.016,0.005333333333333333,0.7874999933640162,29917440
7eba1df15c93,bdh,propagate,32500,4,mild,"{""dim"": 1, ""distance"": 8, ""length"": 12, ""n_sources"": 1}",3,True,False,0,0.0033333333333333335,0.004714045207910317,0.0,0.01,"[0.01, 0.0, 0.0]",0.0,0.01,0.0033333333333333335,0.648722225745519,29917440
7eba1df15c93,bdh,propagate,35000,4,mild,"{""dim"": 1, ""distance"": 6, ""length"": 12, ""n_sources"": 1}",3,True,False,0,0.0033333333333333335,0.004714045207910317,0.0,0.01,"[0.0, 0.0, 0.01]",0.0,0.01,0.0033333333333333335,0.7833333266973496,29917440
7eba1df15c93,bdh,propagate,35000,4,mild,"{""dim"": 1, ""distance"": 8, ""length"": 12, ""n_sources"": 1}",3,True,False,0,0.004,0.00565685424949238,0.0,0.012,"[0.012, 0.0, 0.0]",0.0,0.012000000000000002,0.004,0.6423333346247673,29917440
7eba1df15c93,bdh,propagate,37500,4,mild,"{""dim"": 1, ""distance"": 6, ""length"": 12, ""n_sources"": 1}",3,True,False,0,0.002,0.00282842712474619,0.0,0.006,"[0.0, 0.0, 0.006]",0.0,0.006000000000000001,0.002,0.78366665995121,29917440
7eba1df15c93,bdh,propagate,37500,4,mild,"{""dim"": 1, ""distance"": 8, ""length"": 12, ""n_sources"": 1}",3,True,False,0,0.0033333333333333335,0.004714045207910317,0.0,0.01,"[0.01, 0.0, 0.0]",0.0,0.01,0.0033333333333333335,0.6409444458087286,29917440
7eba1df15c93,bdh,propagate,40000,4,mild,"{""dim"": 1, ""distance"": 6, ""length"": 12, ""n_sources"": 1}",3,True,False,0,0.0026666666666666666,0.0037712361663282535,0.0,0.008,"[0.0, 0.0, 0.008]",0.0,0.008,0.0026666666666666666,0.7833333266973496,29917440
7eba1df15c93,bdh,propagate,40000,4,mild,"{""dim"": 1, ""distance"": 8, ""length"": 12, ""n_sources"": 1}",3,True,False,0,0.0033333333333333335,0.004714045207910317,0.0,0.01,"[0.01, 0.0, 0.0]",0.0,0.01,0.0033333333333333335,0.6406666680773099,29917440
7eba1df15c93,bdh,propagate,40000,8,mild,"{""dim"": 1, ""distance"": 6, ""length"": 12, ""n_sources"": 1}",3,True,False,0,0.0026666666666666666,0.0037712361663282535,0.0,0.008,"[0.0, 0.0, 0.008]",0.0,0.008,0.0026666666666666666,0.7833333266973496,29917440
7eba1df15c93,bdh,propagate,40000,8,mild,"{""dim"": 1, ""distance"": 8, ""length"": 12, ""n_sources"": 1}",3,True,False,0,0.0033333333333333335,0.004714045207910317,0.0,0.01,"[0.01, 0.0, 0.0]",0.0,0.01,0.0033333333333333335,0.6406666680773099,29917440
7eba1df15c93,bdh,propagate,2500,16,mild,"{""dim"": 1, ""distance"": 6, ""length"": 12, ""n_sources"": 1}",3,True,False,0,0.0,0.0,0.0,0.0,"[0.0, 0.0, 0.0]",0.0,0.0,0.0,0.7948888761997224,29917440
7eba1df15c93,bdh,propagate,2500,16,mild,"{""dim"": 1, ""distance"": 8, ""length"": 12, ""n_sources"": 1}",3,True,False,0,0.0,0.0,0.0,0.0,"[0.0, 0.0, 0.0]",0.0,0.0,0.0,0.7944999868174394,29917440
7eba1df15c93,bdh,propagate,5000,16,mild,"{""dim"": 1, ""distance"": 6, ""length"": 12, ""n_sources"": 1}",3,True,False,0,0.007333333333333333,0.0018856180831641268,0.006,0.01,"[0.006, 0.01, 0.006]",0.006000000000000001,0.01,0.007333333333333333,0.7947777700821558,29917440
7eba1df15c93,bdh,propagate,5000,16,mild,"{""dim"": 1, ""distance"": 8, ""length"": 12, ""n_sources"": 1}",3,True,False,0,0.006666666666666667,0.0037712361663282535,0.004,0.012,"[0.004, 0.012, 0.004]",0.004,0.012000000000000002,0.006666666666666667,0.7901666590273381,29917440
7eba1df15c93,bdh,propagate,7500,16,mild,"{""dim"": 1, ""distance"": 6, ""length"": 12, ""n_sources"": 1}",3,True,False,0,0.126,0.09448809448814173,0.042,0.258,"[0.042, 0.078, 0.258]",0.042,0.258,0.126,0.8785555565754573,29917440
7eba1df15c93,bdh,propagate,7500,16,mild,"{""dim"": 1, ""distance"": 8, ""length"": 12, ""n_sources"": 1}",3,True,False,0,0.13333333333333333,0.08109802025258625,0.074,0.248,"[0.248, 0.074, 0.078]",0.074,0.248,0.13333333333333333,0.8579444457292557,29917440
7eba1df15c93,bdh,propagate,10000,16,mild,"{""dim"": 1, ""distance"": 6, ""length"": 12, ""n_sources"": 1}",3,True,False,0,0.035333333333333335,0.011469767022723502,0.022,0.05,"[0.022, 0.034, 0.05]",0.022000000000000002,0.05000000000000001,0.035333333333333335,0.8536666642030081,29917440
7eba1df15c93,bdh,propagate,10000,16,mild,"{""dim"": 1, ""distance"": 8, ""length"": 12, ""n_sources"": 1}",3,True,False,0,0.04666666666666666,0.05226428566005237,0.002,0.12,"[0.12, 0.018, 0.002]",0.002,0.12,0.04666666666666666,0.8166111089587211,29917440
7eba1df15c93,bdh,propagate,12500,16,mild,"{""dim"": 1, ""distance"": 6, ""length"": 12, ""n_sources"": 1}",3,True,False,0,0.017333333333333336,0.017913371790059206,0.0,0.042,"[0.0, 0.01, 0.042]",0.0,0.042,0.017333333333333336,0.832444437543551,29917440
7eba1df15c93,bdh,propagate,12500,16,mild,"{""dim"": 1, ""distance"": 8, ""length"": 12, ""n_sources"": 1}",3,True,False,0,0.021333333333333333,0.027390184778898853,0.0,0.06,"[0.06, 0.004, 0.0]",0.0,0.06,0.021333333333333333,0.7520555534760157,29917440
7eba1df15c93,bdh,propagate,15000,16,mild,"{""dim"": 1, ""distance"": 6, ""length"": 12, ""n_sources"": 1}",3,True,False,0,0.0026666666666666666,0.0024944382578492943,0.0,0.006,"[0.0, 0.002, 0.006]",0.0,0.006000000000000001,0.0026666666666666666,0.8067777674595514,29917440
7eba1df15c93,bdh,propagate,15000,16,mild,"{""dim"": 1, ""distance"": 8, ""length"": 12, ""n_sources"": 1}",3,True,False,0,0.006666666666666667,0.009428090415820633,0.0,0.02,"[0.02, 0.0, 0.0]",0.0,0.02,0.006666666666666667,0.6723333335518836,29917440
7eba1df15c93,bdh,propagate,17500,16,mild,"{""dim"": 1, ""distance"": 6, ""length"": 12, ""n_sources"": 1}",3,True,False,0,0.008666666666666668,0.005249338582674541,0.004,0.016,"[0.004, 0.006, 0.016]",0.004,0.016,0.008666666666666668,0.7983333275318145,29917440
7eba1df15c93,bdh,propagate,17500,16,mild,"{""dim"": 1, ""distance"": 8, ""length"": 12, ""n_sources"": 1}",3,True,False,0,0.004,0.00565685424949238,0.0,0.012,"[0.012, 0.0, 0.0]",0.0,0.012000000000000002,0.004,0.6775555562575658,29917440
7eba1df15c93,bdh,propagate,20000,16,mild,"{""dim"": 1, ""distance"": 6, ""length"": 12, ""n_sources"": 1}",3,True,False,0,0.008,0.009933109617167559,0.0,0.022,"[0.002, 0.0, 0.022]",0.0,0.022000000000000002,0.008,0.7974999926090242,29917440
7eba1df15c93,bdh,propagate,20000,16,mild,"{""dim"": 1, ""distance"": 8, ""length"": 12, ""n_sources"": 1}",3,True,False,0,0.002,0.00282842712474619,0.0,0.006,"[0.006, 0.0, 0.0]",0.0,0.006000000000000001,0.002,0.6470555561284225,29917440
7eba1df15c93,bdh,propagate,22500,16,mild,"{""dim"": 1, ""distance"": 6, ""length"": 12, ""n_sources"": 1}",3,True,False,0,0.008666666666666666,0.009568466729604883,0.0,0.022,"[0.0, 0.004, 0.022]",0.0,0.022000000000000002,0.008666666666666666,0.8060555462439855,29917440
7eba1df15c93,bdh,propagate,22500,16,mild,"{""dim"": 1, ""distance"": 8, ""length"": 12, ""n_sources"": 1}",3,True,False,0,0.0006666666666666666,0.0009428090415820634,0.0,0.002,"[0.002, 0.0, 0.0]",0.0,0.002,0.0006666666666666666,0.626000000099341,29917440
7eba1df15c93,bdh,propagate,25000,16,mild,"{""dim"": 1, ""distance"": 6, ""length"": 12, ""n_sources"": 1}",3,True,False,0,0.005333333333333333,0.00339934634239519,0.002,0.01,"[0.002, 0.004, 0.01]",0.002,0.01,0.005333333333333333,0.7825555500189463,29917440
7eba1df15c93,bdh,propagate,25000,16,mild,"{""dim"": 1, ""distance"": 8, ""length"": 12, ""n_sources"": 1}",3,True,False,0,0.004666666666666667,0.006599663291074444,0.0,0.014,"[0.014, 0.0, 0.0]",0.0,0.014,0.004666666666666667,0.6339444433848063,29917440
7eba1df15c93,bdh,propagate,27500,16,mild,"{""dim"": 1, ""distance"": 6, ""length"": 12, ""n_sources"": 1}",3,True,False,0,0.004,0.00565685424949238,0.0,0.012,"[0.0, 0.0, 0.012]",0.0,0.012000000000000002,0.004,0.8001111022233963,29917440
7eba1df15c93,bdh,propagate,27500,16,mild,"{""dim"": 1, ""distance"": 8, ""length"": 12, ""n_sources"": 1}",3,True,False,0,0.0013333333333333333,0.0018856180831641268,0.0,0.004,"[0.004, 0.0, 0.0]",0.0,0.004,0.0013333333333333333,0.6110555534760157,29917440
7eba1df15c93,bdh,propagate,30000,16,mild,"{""dim"": 1, ""distance"": 6, ""length"": 12, ""n_sources"": 1}",3,True,False,0,0.004,0.00565685424949238,0.0,0.012,"[0.0, 0.0, 0.012]",0.0,0.012000000000000002,0.004,0.7896666600704193,29917440
7eba1df15c93,bdh,propagate,30000,16,mild,"{""dim"": 1, ""distance"": 8, ""length"": 12, ""n_sources"": 1}",3,True,False,0,0.0006666666666666666,0.0009428090415820634,0.0,0.002,"[0.002, 0.0, 0.0]",0.0,0.002,0.0006666666666666666,0.6163333317637444,29917440
7eba1df15c93,bdh,propagate,32500,16,mild,"{""dim"": 1, ""distance"": 6, ""length"": 12, ""n_sources"": 1}",3,True,False,0,0.005333333333333333,0.007542472332656507,0.0,0.016,"[0.0, 0.0, 0.016]",0.0,0.016,0.005333333333333333,0.7874999933640162,29917440
7eba1df15c93,bdh,propagate,32500,16,mild,"{""dim"": 1, ""distance"": 8, ""length"": 12, ""n_sources"": 1}",3,True,False,0,0.0033333333333333335,0.004714045207910317,0.0,0.01,"[0.01, 0.0, 0.0]",0.0,0.01,0.0033333333333333335,0.648722225745519,29917440
7eba1df15c93,bdh,propagate,35000,16,mild,"{""dim"": 1, ""distance"": 6, ""length"": 12, ""n_sources"": 1}",3,True,False,0,0.0033333333333333335,0.004714045207910317,0.0,0.01,"[0.0, 0.0, 0.01]",0.0,0.01,0.0033333333333333335,0.7833333266973496,29917440
7eba1df15c93,bdh,propagate,35000,16,mild,"{""dim"": 1, ""distance"": 8, ""length"": 12, ""n_sources"": 1}",3,True,False,0,0.004,0.00565685424949238,0.0,0.012,"[0.012, 0.0, 0.0]",0.0,0.012000000000000002,0.004,0.6423333346247673,29917440
7eba1df15c93,bdh,propagate,37500,16,mild,"{""dim"": 1, ""distance"": 6, ""length"": 12, ""n_sources"": 1}",3,True,False,0,0.002,0.00282842712474619,0.0,0.006,"[0.0, 0.0, 0.006]",0.0,0.006000000000000001,0.002,0.78366665995121,29917440
7eba1df15c93,bdh,propagate,37500,16,mild,"{""dim"": 1, ""distance"": 8, ""length"": 12, ""n_sources"": 1}",3,True,False,0,0.0033333333333333335,0.004714045207910317,0.0,0.01,"[0.01, 0.0, 0.0]",0.0,0.01,0.0033333333333333335,0.6409444458087286,29917440
7eba1df15c93,bdh,propagate,40000,16,mild,"{""dim"": 1, ""distance"": 6, ""length"": 12, ""n_sources"": 1}",3,True,False,0,0.0026666666666666666,0.0037712361663282535,0.0,0.008,"[0.0, 0.0, 0.008]",0.0,0.008,0.0026666666666666666,0.7833333266973496,29917440
7eba1df15c93,bdh,propagate,40000,16,mild,"{""dim"": 1, ""distance"": 8, ""length"": 12, ""n_sources"": 1}",3,True,False,0,0.0033333333333333335,0.004714045207910317,0.0,0.01,"[0.01, 0.0, 0.0]",0.0,0.01,0.0033333333333333335,0.6406666680773099,29917440
7eba1df15c93,bdh,propagate,40000,32,mild,"{""dim"": 1, ""distance"": 6, ""length"": 12, ""n_sources"": 1}",3,True,False,0,0.0026666666666666666,0.0037712361663282535,0.0,0.008,"[0.0, 0.0, 0.008]",0.0,0.008,0.0026666666666666666,0.7833333266973496,29917440
7eba1df15c93,bdh,propagate,40000,32,mild,"{""dim"": 1, ""distance"": 8, ""length"": 12, ""n_sources"": 1}",3,True,False,0,0.0033333333333333335,0.004714045207910317,0.0,0.01,"[0.01, 0.0, 0.0]",0.0,0.01,0.0033333333333333335,0.6406666680773099,29917440
7eba1df15c93,bdh,propagate,2500,1,strong,"{""dim"": 1, ""distance"": 12, ""length"": 48, ""n_sources"": 1}",3,True,False,0,0.0,0.0,0.0,0.0,"[0.0, 0.0, 0.0]",0.0,0.0,0.0,0.7537777652479708,29917440
7eba1df15c93,bdh,propagate,2500,1,strong,"{""dim"": 1, ""distance"": 24, ""length"": 48, ""n_sources"": 1}",3,True,False,0,0.0,0.0,0.0,0.0,"[0.0, 0.0, 0.0]",0.0,0.0,0.0,0.6338055564363798,29917440
7eba1df15c93,bdh,propagate,5000,1,strong,"{""dim"": 1, ""distance"": 12, ""length"": 48, ""n_sources"": 1}",3,True,False,0,0.0,0.0,0.0,0.0,"[0.0, 0.0, 0.0]",0.0,0.0,0.0,0.7547916535139083,29917440
7eba1df15c93,bdh,propagate,5000,1,strong,"{""dim"": 1, ""distance"": 24, ""length"": 48, ""n_sources"": 1}",3,True,False,0,0.0,0.0,0.0,0.0,"[0.0, 0.0, 0.0]",0.0,0.0,0.0,0.6585000007351239,29917440
7eba1df15c93,bdh,propagate,7500,1,strong,"{""dim"": 1, ""distance"": 12, ""length"": 48, ""n_sources"": 1}",3,True,False,0,0.0,0.0,0.0,0.0,"[0.0, 0.0, 0.0]",0.0,0.0,0.0,0.8370416602691014,29917440
7eba1df15c93,bdh,propagate,7500,1,strong,"{""dim"": 1, ""distance"": 24, ""length"": 48, ""n_sources"": 1}",3,True,False,0,0.0,0.0,0.0,0.0,"[0.0, 0.0, 0.0]",0.0,0.0,0.0,0.7971388860344887,29917440
7eba1df15c93,bdh,propagate,10000,1,strong,"{""dim"": 1, ""distance"": 12, ""length"": 48, ""n_sources"": 1}",3,True,False,0,0.0,0.0,0.0,0.0,"[0.0, 0.0, 0.0]",0.0,0.0,0.0,0.8164583257685104,29917440
7eba1df15c93,bdh,propagate,10000,1,strong,"{""dim"": 1, ""distance"": 24, ""length"": 48, ""n_sources"": 1}",3,True,False,0,0.0,0.0,0.0,0.0,"[0.0, 0.0, 0.0]",0.0,0.0,0.0,0.7350277770360312,29917440
7eba1df15c93,bdh,propagate,12500,1,strong,"{""dim"": 1, ""distance"": 12, ""length"": 48, ""n_sources"": 1}",3,True,False,0,0.0,0.0,0.0,0.0,"[0.0, 0.0, 0.0]",0.0,0.0,0.0,0.8033194381793339,29917440
7eba1df15c93,bdh,propagate,12500,1,strong,"{""dim"": 1, ""distance"": 24, ""length"": 48, ""n_sources"": 1}",3,True,False,0,0.0,0.0,0.0,0.0,"[0.0, 0.0, 0.0]",0.0,0.0,0.0,0.7021527772744497,29917440
7eba1df15c93,bdh,propagate,15000,1,strong,"{""dim"": 1, ""distance"": 12, ""length"": 48, ""n_sources"": 1}",3,True,False,0,0.0,0.0,0.0,0.0,"[0.0, 0.0, 0.0]",0.0,0.0,0.0,0.8162222199837367,29917440
7eba1df15c93,bdh,propagate,15000,1,strong,"{""dim"": 1, ""distance"": 24, ""length"": 48, ""n_sources"": 1}",3,True,False,0,0.0,0.0,0.0,0.0,"[0.0, 0.0, 0.0]",0.0,0.0,0.0,0.7297499987880389,29917440
7eba1df15c93,bdh,propagate,17500,1,strong,"{""dim"": 1, ""distance"": 12, ""length"": 48, ""n_sources"": 1}",3,True,False,0,0.0,0.0,0.0,0.0,"[0.0, 0.0, 0.0]",0.0,0.0,0.0,0.810652774758637,29917440
7eba1df15c93,bdh,propagate,17500,1,strong,"{""dim"": 1, ""distance"": 24, ""length"": 48, ""n_sources"": 1}",3,True,False,0,0.0,0.0,0.0,0.0,"[0.0, 0.0, 0.0]",0.0,0.0,0.0,0.6979861114819844,29917440
7eba1df15c93,bdh,propagate,20000,1,strong,"{""dim"": 1, ""distance"": 12, ""length"": 48, ""n_sources"": 1}",3,True,False,0,0.0,0.0,0.0,0.0,"[0.0, 0.0, 0.0]",0.0,0.0,0.0,0.8128888861338298,29917440
7eba1df15c93,bdh,propagate,20000,1,strong,"{""dim"": 1, ""distance"": 24, ""length"": 48, ""n_sources"": 1}",3,True,False,0,0.0,0.0,0.0,0.0,"[0.0, 0.0, 0.0]",0.0,0.0,0.0,0.7002777777214845,29917440
7eba1df15c93,bdh,propagate,22500,1,strong,"{""dim"": 1, ""distance"": 12, ""length"": 48, ""n_sources"": 1}",3,True,False,0,0.0,0.0,0.0,0.0,"[0.0, 0.0, 0.0]",0.0,0.0,0.0,0.8358194437424342,29917440
7eba1df15c93,bdh,propagate,22500,1,strong,"{""dim"": 1, ""distance"": 24, ""length"": 48, ""n_sources"": 1}",3,True,False,0,0.0,0.0,0.0,0.0,"[0.0, 0.0, 0.0]",0.0,0.0,0.0,0.7551388889948528,29917440
7eba1df15c93,bdh,propagate,25000,1,strong,"{""dim"": 1, ""distance"": 12, ""length"": 48, ""n_sources"": 1}",3,True,False,0,0.0,0.0,0.0,0.0,"[0.0, 0.0, 0.0]",0.0,0.0,0.0,0.8269999982515971,29917440
7eba1df15c93,bdh,propagate,25000,1,strong,"{""dim"": 1, ""distance"": 24, ""length"": 48, ""n_sources"": 1}",3,True,False,0,0.0,0.0,0.0,0.0,"[0.0, 0.0, 0.0]",0.0,0.0,0.0,0.7331805553634961,29917440
7eba1df15c93,bdh,propagate,27500,1,strong,"{""dim"": 1, ""distance"": 12, ""length"": 48, ""n_sources"": 1}",3,True,False,0,0.0,0.0,0.0,0.0,"[0.0, 0.0, 0.0]",0.0,0.0,0.0,0.8339722207387288,29917440
7eba1df15c93,bdh,propagate,27500,1,strong,"{""dim"": 1, ""distance"": 24, ""length"": 48, ""n_sources"": 1}",3,True,False,0,0.0,0.0,0.0,0.0,"[0.0, 0.0, 0.0]",0.0,0.0,0.0,0.7539444445570309,29917440
7eba1df15c93,bdh,propagate,30000,1,strong,"{""dim"": 1, ""distance"": 12, ""length"": 48, ""n_sources"": 1}",3,True,False,0,0.0,0.0,0.0,0.0,"[0.0, 0.0, 0.0]",0.0,0.0,0.0,0.8263472212950389,29917440
7eba1df15c93,bdh,propagate,30000,1,strong,"{""dim"": 1, ""distance"": 24, ""length"": 48, ""n_sources"": 1}",3,True,False,0,0.0,0.0,0.0,0.0,"[0.0, 0.0, 0.0]",0.0,0.0,0.0,0.7319305559794108,29917440
7eba1df15c93,bdh,propagate,32500,1,strong,"{""dim"": 1, ""distance"": 12, ""length"": 48, ""n_sources"": 1}",3,True,False,0,0.0,0.0,0.0,0.0,"[0.0, 0.0, 0.0]",0.0,0.0,0.0,0.8239722205400467,29917440
7eba1df15c93,bdh,propagate,32500,1,strong,"{""dim"": 1, ""distance"": 24, ""length"": 48, ""n_sources"": 1}",3,True,False,0,0.0,0.0,0.0,0.0,"[0.0, 0.0, 0.0]",0.0,0.0,0.0,0.7253194448749225,29917440
7eba1df15c93,bdh,propagate,35000,1,strong,"{""dim"": 1, ""distance"": 12, ""length"": 48, ""n_sources"": 1}",3,True,False,0,0.0,0.0,0.0,0.0,"[0.0, 0.0, 0.0]",0.0,0.0,0.0,0.821833332379659,29917440
7eba1df15c93,bdh,propagate,35000,1,strong,"{""dim"": 1, ""distance"": 24, ""length"": 48, ""n_sources"": 1}",3,True,False,0,0.0,0.0,0.0,0.0,"[0.0, 0.0, 0.0]",0.0,0.0,0.0,0.7203333330750464,29917440
7eba1df15c93,bdh,propagate,37500,1,strong,"{""dim"": 1, ""distance"": 12, ""length"": 48, ""n_sources"": 1}",3,True,False,0,0.0,0.0,0.0,0.0,"[0.0, 0.0, 0.0]",0.0,0.0,0.0,0.821847221215566,29917440
7eba1df15c93,bdh,propagate,37500,1,strong,"{""dim"": 1, ""distance"": 24, ""length"": 48, ""n_sources"": 1}",3,True,False,0,0.0,0.0,0.0,0.0,"[0.0, 0.0, 0.0]",0.0,0.0,0.0,0.7204166670044264,29917440
7eba1df15c93,bdh,propagate,40000,1,strong,"{""dim"": 1, ""distance"": 12, ""length"": 48, ""n_sources"": 1}",3,True,False,0,0.0,0.0,0.0,0.0,"[0.0, 0.0, 0.0]",0.0,0.0,0.0,0.8220694436232249,29917440
7eba1df15c93,bdh,propagate,40000,1,strong,"{""dim"": 1, ""distance"": 24, ""length"": 48, ""n_sources"": 1}",3,True,False,0,0.0,0.0,0.0,0.0,"[0.0, 0.0, 0.0]",0.0,0.0,0.0,0.7204583339095115,29917440
7eba1df15c93,bdh,propagate,40000,2,strong,"{""dim"": 1, ""distance"": 12, ""length"": 48, ""n_sources"": 1}",3,True,False,0,0.0,0.0,0.0,0.0,"[0.0, 0.0, 0.0]",0.0,0.0,0.0,0.8220694436232249,29917440
7eba1df15c93,bdh,propagate,40000,2,strong,"{""dim"": 1, ""distance"": 24, ""length"": 48, ""n_sources"": 1}",3,True,False,0,0.0,0.0,0.0,0.0,"[0.0, 0.0, 0.0]",0.0,0.0,0.0,0.7204583339095115,29917440
7eba1df15c93,bdh,propagate,2500,4,strong,"{""dim"": 1, ""distance"": 12, ""length"": 48, ""n_sources"": 1}",3,True,False,0,0.0,0.0,0.0,0.0,"[0.0, 0.0, 0.0]",0.0,0.0,0.0,0.7537777652479708,29917440
7eba1df15c93,bdh,propagate,2500,4,strong,"{""dim"": 1, ""distance"": 24, ""length"": 48, ""n_sources"": 1}",3,True,False,0,0.0,0.0,0.0,0.0,"[0.0, 0.0, 0.0]",0.0,0.0,0.0,0.6338055564363798,29917440
7eba1df15c93,bdh,propagate,5000,4,strong,"{""dim"": 1, ""distance"": 12, ""length"": 48, ""n_sources"": 1}",3,True,False,0,0.0,0.0,0.0,0.0,"[0.0, 0.0, 0.0]",0.0,0.0,0.0,0.7547916535139083,29917440
7eba1df15c93,bdh,propagate,5000,4,strong,"{""dim"": 1, ""distance"": 24, ""length"": 48, ""n_sources"": 1}",3,True,False,0,0.0,0.0,0.0,0.0,"[0.0, 0.0, 0.0]",0.0,0.0,0.0,0.6585000007351239,29917440
7eba1df15c93,bdh,propagate,7500,4,strong,"{""dim"": 1, ""distance"": 12, ""length"": 48, ""n_sources"": 1}",3,True,False,0,0.0,0.0,0.0,0.0,"[0.0, 0.0, 0.0]",0.0,0.0,0.0,0.8370416602691014,29917440
7eba1df15c93,bdh,propagate,7500,4,strong,"{""dim"": 1, ""distance"": 24, ""length"": 48, ""n_sources"": 1}",3,True,False,0,0.0,0.0,0.0,0.0,"[0.0, 0.0, 0.0]",0.0,0.0,0.0,0.7971388860344887,29917440
7eba1df15c93,bdh,propagate,10000,4,strong,"{""dim"": 1, ""distance"": 12, ""length"": 48, ""n_sources"": 1}",3,True,False,0,0.0,0.0,0.0,0.0,"[0.0, 0.0, 0.0]",0.0,0.0,0.0,0.8164583257685104,29917440
7eba1df15c93,bdh,propagate,10000,4,strong,"{""dim"": 1, ""distance"": 24, ""length"": 48, ""n_sources"": 1}",3,True,False,0,0.0,0.0,0.0,0.0,"[0.0, 0.0, 0.0]",0.0,0.0,0.0,0.7350277770360312,29917440
7eba1df15c93,bdh,propagate,12500,4,strong,"{""dim"": 1, ""distance"": 12, ""length"": 48, ""n_sources"": 1}",3,True,False,0,0.0,0.0,0.0,0.0,"[0.0, 0.0, 0.0]",0.0,0.0,0.0,0.8033194381793339,29917440
7eba1df15c93,bdh,propagate,12500,4,strong,"{""dim"": 1, ""distance"": 24, ""length"": 48, ""n_sources"": 1}",3,True,False,0,0.0,0.0,0.0,0.0,"[0.0, 0.0, 0.0]",0.0,0.0,0.0,0.7021527772744497,29917440
7eba1df15c93,bdh,propagate,15000,4,strong,"{""dim"": 1, ""distance"": 12, ""length"": 48, ""n_sources"": 1}",3,True,False,0,0.0,0.0,0.0,0.0,"[0.0, 0.0, 0.0]",0.0,0.0,0.0,0.8162222199837367,29917440
7eba1df15c93,bdh,propagate,15000,4,strong,"{""dim"": 1, ""distance"": 24, ""length"": 48, ""n_sources"": 1}",3,True,False,0,0.0,0.0,0.0,0.0,"[0.0, 0.0, 0.0]",0.0,0.0,0.0,0.7297499987880389,29917440
7eba1df15c93,bdh,propagate,17500,4,strong,"{""dim"": 1, ""distance"": 12, ""length"": 48, ""n_sources"": 1}",3,True,False,0,0.0,0.0,0.0,0.0,"[0.0, 0.0, 0.0]",0.0,0.0,0.0,0.810652774758637,29917440
7eba1df15c93,bdh,propagate,17500,4,strong,"{""dim"": 1, ""distance"": 24, ""length"": 48, ""n_sources"": 1}",3,True,False,0,0.0,0.0,0.0,0.0,"[0.0, 0.0, 0.0]",0.0,0.0,0.0,0.6979861114819844,29917440
7eba1df15c93,bdh,propagate,20000,4,strong,"{""dim"": 1, ""distance"": 12, ""length"": 48, ""n_sources"": 1}",3,True,False,0,0.0,0.0,0.0,0.0,"[0.0, 0.0, 0.0]",0.0,0.0,0.0,0.8128888861338298,29917440
7eba1df15c93,bdh,propagate,20000,4,strong,"{""dim"": 1, ""distance"": 24, ""length"": 48, ""n_sources"": 1}",3,True,False,0,0.0,0.0,0.0,0.0,"[0.0, 0.0, 0.0]",0.0,0.0,0.0,0.7002777777214845,29917440
7eba1df15c93,bdh,propagate,22500,4,strong,"{""dim"": 1, ""distance"": 12, ""length"": 48, ""n_sources"": 1}",3,True,False,0,0.0,0.0,0.0,0.0,"[0.0, 0.0, 0.0]",0.0,0.0,0.0,0.8358194437424342,29917440
7eba1df15c93,bdh,propagate,22500,4,strong,"{""dim"": 1, ""distance"": 24, ""length"": 48, ""n_sources"": 1}",3,True,False,0,0.0,0.0,0.0,0.0,"[0.0, 0.0, 0.0]",0.0,0.0,0.0,0.7551388889948528,29917440
7eba1df15c93,bdh,propagate,25000,4,strong,"{""dim"": 1, ""distance"": 12, ""length"": 48, ""n_sources"": 1}",3,True,False,0,0.0,0.0,0.0,0.0,"[0.0, 0.0, 0.0]",0.0,0.0,0.0,0.8269999982515971,29917440
7eba1df15c93,bdh,propagate,25000,4,strong,"{""dim"": 1, ""distance"": 24, ""length"": 48, ""n_sources"": 1}",3,True,False,0,0.0,0.0,0.0,0.0,"[0.0, 0.0, 0.0]",0.0,0.0,0.0,0.7331805553634961,29917440
7eba1df15c93,bdh,propagate,27500,4,strong,"{""dim"": 1, ""distance"": 12, ""length"": 48, ""n_sources"": 1}",3,True,False,0,0.0,0.0,0.0,0.0,"[0.0, 0.0, 0.0]",0.0,0.0,0.0,0.8339722207387288,29917440
7eba1df15c93,bdh,propagate,27500,4,strong,"{""dim"": 1, ""distance"": 24, ""length"": 48, ""n_sources"": 1}",3,True,False,0,0.0,0.0,0.0,0.0,"[0.0, 0.0, 0.0]",0.0,0.0,0.0,0.7539444445570309,29917440
7eba1df15c93,bdh,propagate,30000,4,strong,"{""dim"": 1, ""distance"": 12, ""length"": 48, ""n_sources"": 1}",3,True,False,0,0.0,0.0,0.0,0.0,"[0.0, 0.0, 0.0]",0.0,0.0,0.0,0.8263472212950389,29917440
7eba1df15c93,bdh,propagate,30000,4,strong,"{""dim"": 1, ""distance"": 24, ""length"": 48, ""n_sources"": 1}",3,True,False,0,0.0,0.0,0.0,0.0,"[0.0, 0.0, 0.0]",0.0,0.0,0.0,0.7319305559794108,29917440
7eba1df15c93,bdh,propagate,32500,4,strong,"{""dim"": 1, ""distance"": 12, ""length"": 48, ""n_sources"": 1}",3,True,False,0,0.0,0.0,0.0,0.0,"[0.0, 0.0, 0.0]",0.0,0.0,0.0,0.8239722205400467,29917440
7eba1df15c93,bdh,propagate,32500,4,strong,"{""dim"": 1, ""distance"": 24, ""length"": 48, ""n_sources"": 1}",3,True,False,0,0.0,0.0,0.0,0.0,"[0.0, 0.0, 0.0]",0.0,0.0,0.0,0.7253194448749225,29917440
7eba1df15c93,bdh,propagate,35000,4,strong,"{""dim"": 1, ""distance"": 12, ""length"": 48, ""n_sources"": 1}",3,True,False,0,0.0,0.0,0.0,0.0,"[0.0, 0.0, 0.0]",0.0,0.0,0.0,0.821833332379659,29917440
7eba1df15c93,bdh,propagate,35000,4,strong,"{""dim"": 1, ""distance"": 24, ""length"": 48, ""n_sources"": 1}",3,True,False,0,0.0,0.0,0.0,0.0,"[0.0, 0.0, 0.0]",0.0,0.0,0.0,0.7203333330750464,29917440
7eba1df15c93,bdh,propagate,37500,4,strong,"{""dim"": 1, ""distance"": 12, ""length"": 48, ""n_sources"": 1}",3,True,False,0,0.0,0.0,0.0,0.0,"[0.0, 0.0, 0.0]",0.0,0.0,0.0,0.821847221215566,29917440
7eba1df15c93,bdh,propagate,37500,4,strong,"{""dim"": 1, ""distance"": 24, ""length"": 48, ""n_sources"": 1}",3,True,False,0,0.0,0.0,0.0,0.0,"[0.0, 0.0, 0.0]",0.0,0.0,0.0,0.7204166670044264,29917440
7eba1df15c93,bdh,propagate,40000,4,strong,"{""dim"": 1, ""distance"": 12, ""length"": 48, ""n_sources"": 1}",3,True,False,0,0.0,0.0,0.0,0.0,"[0.0, 0.0, 0.0]",0.0,0.0,0.0,0.8220694436232249,29917440
7eba1df15c93,bdh,propagate,40000,4,strong,"{""dim"": 1, ""distance"": 24, ""length"": 48, ""n_sources"": 1}",3,True,False,0,0.0,0.0,0.0,0.0,"[0.0, 0.0, 0.0]",0.0,0.0,0.0,0.7204583339095115,29917440
7eba1df15c93,bdh,propagate,40000,8,strong,"{""dim"": 1, ""distance"": 12, ""length"": 48, ""n_sources"": 1}",3,True,False,0,0.0,0.0,0.0,0.0,"[0.0, 0.0, 0.0]",0.0,0.0,0.0,0.8220694436232249,29917440
7eba1df15c93,bdh,propagate,40000,8,strong,"{""dim"": 1, ""distance"": 24, ""length"": 48, ""n_sources"": 1}",3,True,False,0,0.0,0.0,0.0,0.0,"[0.0, 0.0, 0.0]",0.0,0.0,0.0,0.7204583339095115,29917440
7eba1df15c93,bdh,propagate,2500,16,strong,"{""dim"": 1, ""distance"": 12, ""length"": 48, ""n_sources"": 1}",3,True,False,0,0.0,0.0,0.0,0.0,"[0.0, 0.0, 0.0]",0.0,0.0,0.0,0.7537777652479708,29917440
7eba1df15c93,bdh,propagate,2500,16,strong,"{""dim"": 1, ""distance"": 24, ""length"": 48, ""n_sources"": 1}",3,True,False,0,0.0,0.0,0.0,0.0,"[0.0, 0.0, 0.0]",0.0,0.0,0.0,0.6338055564363798,29917440
7eba1df15c93,bdh,propagate,5000,16,strong,"{""dim"": 1, ""distance"": 12, ""length"": 48, ""n_sources"": 1}",3,True,False,0,0.0,0.0,0.0,0.0,"[0.0, 0.0, 0.0]",0.0,0.0,0.0,0.7547916535139083,29917440
7eba1df15c93,bdh,propagate,5000,16,strong,"{""dim"": 1, ""distance"": 24, ""length"": 48, ""n_sources"": 1}",3,True,False,0,0.0,0.0,0.0,0.0,"[0.0, 0.0, 0.0]",0.0,0.0,0.0,0.6585000007351239,29917440
7eba1df15c93,bdh,propagate,7500,16,strong,"{""dim"": 1, ""distance"": 12, ""length"": 48, ""n_sources"": 1}",3,True,False,0,0.0,0.0,0.0,0.0,"[0.0, 0.0, 0.0]",0.0,0.0,0.0,0.8370416602691014,29917440
7eba1df15c93,bdh,propagate,7500,16,strong,"{""dim"": 1, ""distance"": 24, ""length"": 48, ""n_sources"": 1}",3,True,False,0,0.0,0.0,0.0,0.0,"[0.0, 0.0, 0.0]",0.0,0.0,0.0,0.7971388860344887,29917440
7eba1df15c93,bdh,propagate,10000,16,strong,"{""dim"": 1, ""distance"": 12, ""length"": 48, ""n_sources"": 1}",3,True,False,0,0.0,0.0,0.0,0.0,"[0.0, 0.0, 0.0]",0.0,0.0,0.0,0.8164583257685104,29917440
7eba1df15c93,bdh,propagate,10000,16,strong,"{""dim"": 1, ""distance"": 24, ""length"": 48, ""n_sources"": 1}",3,True,False,0,0.0,0.0,0.0,0.0,"[0.0, 0.0, 0.0]",0.0,0.0,0.0,0.7350277770360312,29917440
7eba1df15c93,bdh,propagate,12500,16,strong,"{""dim"": 1, ""distance"": 12, ""length"": 48, ""n_sources"": 1}",3,True,False,0,0.0,0.0,0.0,0.0,"[0.0, 0.0, 0.0]",0.0,0.0,0.0,0.8033194381793339,29917440
7eba1df15c93,bdh,propagate,12500,16,strong,"{""dim"": 1, ""distance"": 24, ""length"": 48, ""n_sources"": 1}",3,True,False,0,0.0,0.0,0.0,0.0,"[0.0, 0.0, 0.0]",0.0,0.0,0.0,0.7021527772744497,29917440
7eba1df15c93,bdh,propagate,15000,16,strong,"{""dim"": 1, ""distance"": 12, ""length"": 48, ""n_sources"": 1}",3,True,False,0,0.0,0.0,0.0,0.0,"[0.0, 0.0, 0.0]",0.0,0.0,0.0,0.8162222199837367,29917440
7eba1df15c93,bdh,propagate,15000,16,strong,"{""dim"": 1, ""distance"": 24, ""length"": 48, ""n_sources"": 1}",3,True,False,0,0.0,0.0,0.0,0.0,"[0.0, 0.0, 0.0]",0.0,0.0,0.0,0.7297499987880389,29917440
7eba1df15c93,bdh,propagate,17500,16,strong,"{""dim"": 1, ""distance"": 12, ""length"": 48, ""n_sources"": 1}",3,True,False,0,0.0,0.0,0.0,0.0,"[0.0, 0.0, 0.0]",0.0,0.0,0.0,0.810652774758637,29917440
7eba1df15c93,bdh,propagate,17500,16,strong,"{""dim"": 1, ""distance"": 24, ""length"": 48, ""n_sources"": 1}",3,True,False,0,0.0,0.0,0.0,0.0,"[0.0, 0.0, 0.0]",0.0,0.0,0.0,0.6979861114819844,29917440
7eba1df15c93,bdh,propagate,20000,16,strong,"{""dim"": 1, ""distance"": 12, ""length"": 48, ""n_sources"": 1}",3,True,False,0,0.0,0.0,0.0,0.0,"[0.0, 0.0, 0.0]",0.0,0.0,0.0,0.8128888861338298,29917440
7eba1df15c93,bdh,propagate,20000,16,strong,"{""dim"": 1, ""distance"": 24, ""length"": 48, ""n_sources"": 1}",3,True,False,0,0.0,0.0,0.0,0.0,"[0.0, 0.0, 0.0]",0.0,0.0,0.0,0.7002777777214845,29917440
7eba1df15c93,bdh,propagate,22500,16,strong,"{""dim"": 1, ""distance"": 12, ""length"": 48, ""n_sources"": 1}",3,True,False,0,0.0,0.0,0.0,0.0,"[0.0, 0.0, 0.0]",0.0,0.0,0.0,0.8358194437424342,29917440
7eba1df15c93,bdh,propagate,22500,16,strong,"{""dim"": 1, ""distance"": 24, ""length"": 48, ""n_sources"": 1}",3,True,False,0,0.0,0.0,0.0,0.0,"[0.0, 0.0, 0.0]",0.0,0.0,0.0,0.7551388889948528,29917440
7eba1df15c93,bdh,propagate,25000,16,strong,"{""dim"": 1, ""distance"": 12, ""length"": 48, ""n_sources"": 1}",3,True,False,0,0.0,0.0,0.0,0.0,"[0.0, 0.0, 0.0]",0.0,0.0,0.0,0.8269999982515971,29917440
7eba1df15c93,bdh,propagate,25000,16,strong,"{""dim"": 1, ""distance"": 24, ""length"": 48, ""n_sources"": 1}",3,True,False,0,0.0,0.0,0.0,0.0,"[0.0, 0.0, 0.0]",0.0,0.0,0.0,0.7331805553634961,29917440
7eba1df15c93,bdh,propagate,27500,16,strong,"{""dim"": 1, ""distance"": 12, ""length"": 48, ""n_sources"": 1}",3,True,False,0,0.0,0.0,0.0,0.0,"[0.0, 0.0, 0.0]",0.0,0.0,0.0,0.8339722207387288,29917440
7eba1df15c93,bdh,propagate,27500,16,strong,"{""dim"": 1, ""distance"": 24, ""length"": 48, ""n_sources"": 1}",3,True,False,0,0.0,0.0,0.0,0.0,"[0.0, 0.0, 0.0]",0.0,0.0,0.0,0.7539444445570309,29917440
7eba1df15c93,bdh,propagate,30000,16,strong,"{""dim"": 1, ""distance"": 12, ""length"": 48, ""n_sources"": 1}",3,True,False,0,0.0,0.0,0.0,0.0,"[0.0, 0.0, 0.0]",0.0,0.0,0.0,0.8263472212950389,29917440
7eba1df15c93,bdh,propagate,30000,16,strong,"{""dim"": 1, ""distance"": 24, ""length"": 48, ""n_sources"": 1}",3,True,False,0,0.0,0.0,0.0,0.0,"[0.0, 0.0, 0.0]",0.0,0.0,0.0,0.7319305559794108,29917440
7eba1df15c93,bdh,propagate,32500,16,strong,"{""dim"": 1, ""distance"": 12, ""length"": 48, ""n_sources"": 1}",3,True,False,0,0.0,0.0,0.0,0.0,"[0.0, 0.0, 0.0]",0.0,0.0,0.0,0.8239722205400467,29917440
7eba1df15c93,bdh,propagate,32500,16,strong,"{""dim"": 1, ""distance"": 24, ""length"": 48, ""n_sources"": 1}",3,True,False,0,0.0,0.0,0.0,0.0,"[0.0, 0.0, 0.0]",0.0,0.0,0.0,0.7253194448749225,29917440
7eba1df15c93,bdh,propagate,35000,16,strong,"{""dim"": 1, ""distance"": 12, ""length"": 48, ""n_sources"": 1}",3,True,False,0,0.0,0.0,0.0,0.0,"[0.0, 0.0, 0.0]",0.0,0.0,0.0,0.821833332379659,29917440
7eba1df15c93,bdh,propagate,35000,16,strong,"{""dim"": 1, ""distance"": 24, ""length"": 48, ""n_sources"": 1}",3,True,False,0,0.0,0.0,0.0,0.0,"[0.0, 0.0, 0.0]",0.0,0.0,0.0,0.7203333330750464,29917440
7eba1df15c93,bdh,propagate,37500,16,strong,"{""dim"": 1, ""distance"": 12, ""length"": 48, ""n_sources"": 1}",3,True,False,0,0.0,0.0,0.0,0.0,"[0.0, 0.0, 0.0]",0.0,0.0,0.0,0.821847221215566,29917440
7eba1df15c93,bdh,propagate,37500,16,strong,"{""dim"": 1, ""distance"": 24, ""length"": 48, ""n_sources"": 1}",3,True,False,0,0.0,0.0,0.0,0.0,"[0.0, 0.0, 0.0]",0.0,0.0,0.0,0.7204166670044264,29917440
7eba1df15c93,bdh,propagate,40000,16,strong,"{""dim"": 1, ""distance"": 12, ""length"": 48, ""n_sources"": 1}",3,True,False,0,0.0,0.0,0.0,0.0,"[0.0, 0.0, 0.0]",0.0,0.0,0.0,0.8220694436232249,29917440
7eba1df15c93,bdh,propagate,40000,16,strong,"{""dim"": 1, ""distance"": 24, ""length"": 48, ""n_sources"": 1}",3,True,False,0,0.0,0.0,0.0,0.0,"[0.0, 0.0, 0.0]",0.0,0.0,0.0,0.7204583339095115,29917440
7eba1df15c93,bdh,propagate,40000,32,strong,"{""dim"": 1, ""distance"": 12, ""length"": 48, ""n_sources"": 1}",3,True,False,0,0.0,0.0,0.0,0.0,"[0.0, 0.0, 0.0]",0.0,0.0,0.0,0.8220694436232249,29917440
7eba1df15c93,bdh,propagate,40000,32,strong,"{""dim"": 1, ""distance"": 24, ""length"": 48, ""n_sources"": 1}",3,True,False,0,0.0,0.0,0.0,0.0,"[0.0, 0.0, 0.0]",0.0,0.0,0.0,0.7204583339095115,29917440
c45b3d86175e,bdh_cq,propagate,2500,1,interp,"{""dim"": 1, ""distance"": 1, ""length"": 12, ""n_sources"": 1}",3,True,False,0,0.0,0.0,0.0,0.0,"[0.0, 0.0, 0.0]",0.0,0.0,0.0,0.796240840322838,29917440
c45b3d86175e,bdh_cq,propagate,2500,1,interp,"{""dim"": 1, ""distance"": 2, ""length"": 12, ""n_sources"": 1}",3,True,False,0,0.0,0.0,0.0,0.0,"[0.0, 0.0, 0.0]",0.0,0.0,0.0,0.793126449302152,29917440
c45b3d86175e,bdh_cq,propagate,2500,1,interp,"{""dim"": 1, ""distance"": 4, ""length"": 12, ""n_sources"": 1}",3,True,False,0,0.0,0.0,0.0,0.0,"[0.0, 0.0, 0.0]",0.0,0.0,0.0,0.7825325214946354,29917440
c45b3d86175e,bdh_cq,propagate,5000,1,interp,"{""dim"": 1, ""distance"": 1, ""length"": 12, ""n_sources"": 1}",3,True,False,0,0.0,0.0,0.0,0.0,"[0.0, 0.0, 0.0]",0.0,0.0,0.0,0.788755809802733,29917440
c45b3d86175e,bdh_cq,propagate,5000,1,interp,"{""dim"": 1, ""distance"": 2, ""length"": 12, ""n_sources"": 1}",3,True,False,0,0.002002002002002002,0.0014156291915646596,0.0,0.003003003003003003,"[0.003003003003003003, 0.003003003003003003, 0.0]",0.0,0.003003003003003003,0.002002002002002002,0.7987153708367973,29917440
c45b3d86175e,bdh_cq,propagate,5000,1,interp,"{""dim"": 1, ""distance"": 4, ""length"": 12, ""n_sources"": 1}",3,True,False,0,0.0,0.0,0.0,0.0,"[0.0, 0.0, 0.0]",0.0,0.0,0.0,0.79763095136042,29917440
c45b3d86175e,bdh_cq,propagate,7500,1,interp,"{""dim"": 1, ""distance"": 1, ""length"": 12, ""n_sources"": 1}",3,True,False,0,0.018962075848303395,0.012058928117359851,0.008982035928143712,0.03592814371257485,"[0.03592814371257485, 0.011976047904191617, 0.008982035928143712]",0.008982035928143712,0.03592814371257485,0.018962075848303395,0.8236027885667102,29917440
c45b3d86175e,bdh_cq,propagate,7500,1,interp,"{""dim"": 1, ""distance"": 2, ""length"": 12, ""n_sources"": 1}",3,True,False,0,0.014014014014014012,0.007490805579127009,0.006006006006006006,0.024024024024024024,"[0.024024024024024024, 0.012012012012012012, 0.006006006006006006]",0.006006006006006006,0.024024024024024024,0.014014014014014012,0.8331664915497715,29917440
c45b3d86175e,bdh_cq,propagate,7500,1,interp,"{""dim"": 1, ""distance"": 4, ""length"": 12, ""n_sources"": 1}",3,True,False,0,0.014014014014014016,0.005104123637230016,0.009009009009009009,0.021021021021021023,"[0.012012012012012012, 0.021021021021021023, 0.009009009009009009]",0.009009009009009009,0.021021021021021023,0.014014014014014016,0.8403403373571249,29917440
c45b3d86175e,bdh_cq,propagate,10000,1,interp,"{""dim"": 1, ""distance"": 1, ""length"": 12, ""n_sources"": 1}",3,True,False,0,0.6307385229540917,0.188287147707518,0.38622754491017963,0.844311377245509,"[0.844311377245509, 0.6616766467065869, 0.38622754491017963]",0.3862275449101797,0.844311377245509,0.6307385229540917,0.9616600178078025,29917440
c45b3d86175e,bdh_cq,propagate,10000,1,interp,"{""dim"": 1, ""distance"": 2, ""length"": 12, ""n_sources"": 1}",3,True,False,0,0.5835835835835836,0.2353906585136055,0.26126126126126126,0.8168168168168168,"[0.8168168168168168, 0.6726726726726727, 0.26126126126126126]",0.26126126126126126,0.8168168168168167,0.5835835835835836,0.9553720430807547,29917440
c45b3d86175e,bdh_cq,propagate,10000,1,interp,"{""dim"": 1, ""distance"": 4, ""length"": 12, ""n_sources"": 1}",3,True,False,0,0.6526526526526527,0.3648398046513469,0.14114114114114115,0.9669669669669669,"[0.9669669669669669, 0.8498498498498499, 0.14114114114114115]",0.14114114114114115,0.9669669669669668,0.6526526526526527,0.9589589611068741,29917440
c45b3d86175e,bdh_cq,propagate,12500,1,interp,"{""dim"": 1, ""distance"": 1, ""length"": 12, ""n_sources"": 1}",3,True,False,0,0.9181636726546906,0.009879735465680304,0.9041916167664671,0.9251497005988024,"[0.9251497005988024, 0.9041916167664671, 0.9251497005988024]",0.9041916167664671,0.9251497005988024,0.9181636726546906,0.9928476395245323,29917440
c45b3d86175e,bdh_cq,propagate,12500,1,interp,"{""dim"": 1, ""distance"": 2, ""length"": 12, ""n_sources"": 1}",3,True,False,0,0.9229229229229229,0.02598749746896331,0.8888888888888888,0.9519519519519519,"[0.9519519519519519, 0.8888888888888888, 0.9279279279279279]",0.8888888888888888,0.9519519519519518,0.9229229229229229,0.9933266614053821,29917440
c45b3d86175e,bdh_cq,propagate,12500,1,interp,"{""dim"": 1, ""distance"": 4, ""length"": 12, ""n_sources"": 1}",3,True,False,0,0.9729729729729729,0.019150276746455464,0.9459459459459459,0.987987987987988,"[0.987987987987988, 0.984984984984985, 0.9459459459459459]",0.9459459459459459,0.9879879879879881,0.9729729729729729,0.9977477482847266,29917440
c45b3d86175e,bdh_cq,propagate,15000,1,interp,"{""dim"": 1, ""distance"": 1, ""length"": 12, ""n_sources"": 1}",3,True,False,0,0.9231536926147704,0.06098449547885107,0.8383233532934131,0.9790419161676647,"[0.9520958083832335, 0.8383233532934131, 0.9790419161676647]",0.8383233532934131,0.9790419161676646,0.9231536926147704,0.9930971403440791,29917440
c45b3d86175e,bdh_cq,propagate,15000,1,interp,"{""dim"": 1, ""distance"": 2, ""length"": 12, ""n_sources"": 1}",3,True,False,0,0.9179179179179179,0.056837115381695266,0.8378378378378378,0.963963963963964,"[0.9519519519519519, 0.8378378378378378, 0.963963963963964]",0.8378378378378378,0.963963963963964,0.9179179179179179,0.9926593273848265,29917440
c45b3d86175e,bdh_cq,propagate,15000,1,interp,"{""dim"": 1, ""distance"": 4, ""length"": 12, ""n_sources"": 1}",3,True,False,0,0.980980980980981,0.005104123637230038,0.975975975975976,0.987987987987988,"[0.978978978978979, 0.975975975975976, 0.987987987987988]",0.975975975975976,0.9879879879879881,0.980980980980981,0.99791458150646,29917440
c45b3d86175e,bdh_cq,propagate,17500,1,interp,"{""dim"": 1, ""distance"": 1, ""length"": 12, ""n_sources"": 1}",3,True,False,0,0.9710578842315369,0.013463809943345345,0.9550898203592815,0.9880239520958084,"[0.9550898203592815, 0.9700598802395209, 0.9880239520958084]",0.9550898203592815,0.9880239520958084,0.9710578842315369,0.9973386565368333,29917440
c45b3d86175e,bdh_cq,propagate,17500,1,interp,"{""dim"": 1, ""distance"": 2, ""length"": 12, ""n_sources"": 1}",3,True,False,0,0.970970970970971,0.008610936203245859,0.960960960960961,0.9819819819819819,"[0.960960960960961, 0.96996996996997, 0.9819819819819819]",0.960960960960961,0.9819819819819818,0.970970970970971,0.9975809148243359,29917440
c45b3d86175e,bdh_cq,propagate,17500,1,interp,"{""dim"": 1, ""distance"": 4, ""length"": 12, ""n_sources"": 1}",3,True,False,0,0.974974974974975,0.005104123637229987,0.96996996996997,0.9819819819819819,"[0.96996996996997, 0.9819819819819819, 0.972972972972973]",0.96996996996997,0.9819819819819818,0.974974974974975,0.9977477481653979,29917440
c45b3d86175e,bdh_cq,propagate,20000,1,interp,"{""dim"": 1, ""distance"": 1, ""length"": 12, ""n_sources"": 1}",3,True,False,0,0.9840319361277445,0.005645563123245881,0.9760479041916168,0.9880239520958084,"[0.9760479041916168, 0.9880239520958084, 0.9880239520958084]",0.9760479041916167,0.9880239520958084,0.9840319361277445,0.9986693283279022,29917440
c45b3d86175e,bdh_cq,propagate,20000,1,interp,"{""dim"": 1, ""distance"": 2, ""length"": 12, ""n_sources"": 1}",3,True,False,0,0.981981981981982,0.016078456861070085,0.960960960960961,1.0,"[0.960960960960961, 1.0, 0.984984984984985]",0.960960960960961,1.0,0.981981981981982,0.9983316653364295,29917440
c45b3d86175e,bdh_cq,propagate,20000,1,interp,"{""dim"": 1, ""distance"": 4, ""length"": 12, ""n_sources"": 1}",3,True,False,0,0.993993993993994,0.002451941684467636,0.990990990990991,0.996996996996997,"[0.993993993993994, 0.996996996996997, 0.990990990990991]",0.990990990990991,0.9969969969969968,0.993993993993994,0.9994160828289685,29917440
c45b3d86175e,bdh_cq,propagate,22500,1,interp,"{""dim"": 1, ""distance"": 1, ""length"": 12, ""n_sources"": 1}",3,True,False,0,0.9910179640718564,0.00488920108339955,0.9850299401197605,0.9970059880239521,"[0.9910179640718563, 0.9970059880239521, 0.9850299401197605]",0.9850299401197605,0.9970059880239521,0.9910179640718564,0.9992514971844452,29917440
c45b3d86175e,bdh_cq,propagate,22500,1,interp,"{""dim"": 1, ""distance"": 2, ""length"": 12, ""n_sources"": 1}",3,True,False,0,0.990990990990991,0.004903883368935272,0.984984984984985,0.996996996996997,"[0.984984984984985, 0.996996996996997, 0.990990990990991]",0.984984984984985,0.9969969969969968,0.990990990990991,0.9992492494282422,29917440
c45b3d86175e,bdh_cq,propagate,22500,1,interp,"{""dim"": 1, ""distance"": 4, ""length"": 12, ""n_sources"": 1}",3,True,False,0,0.995995995995996,0.0014156291915646277,0.993993993993994,0.996996996996997,"[0.996996996996997, 0.996996996996997, 0.993993993993994]",0.993993993993994,0.9969969969969968,0.995995995995996,0.9996663330792188,29917440
c45b3d86175e,bdh_cq,propagate,25000,1,interp,"{""dim"": 1, ""distance"": 1, ""length"": 12, ""n_sources"": 1}",3,True,False,0,0.9960079840319361,0.0037341890087564385,0.9910179640718563,1.0,"[0.9910179640718563, 0.9970059880239521, 1.0]",0.9910179640718563,1.0,0.9960079840319361,0.9996673320819757,29917440
c45b3d86175e,bdh_cq,propagate,25000,1,interp,"{""dim"": 1, ""distance"": 2, ""length"": 12, ""n_sources"": 1}",3,True,False,0,0.9969969969969971,0.002451941684467636,0.993993993993994,1.0,"[0.993993993993994, 0.996996996996997, 1.0]",0.993993993993994,1.0,0.9969969969969971,0.9997497498094141,29917440
c45b3d86175e,bdh_cq,propagate,25000,1,interp,"{""dim"": 1, ""distance"": 4, ""length"": 12, ""n_sources"": 1}",3,True,False,0,0.9969969969969971,0.002451941684467636,0.993993993993994,1.0,"[0.996996996996997, 1.0, 0.993993993993994]",0.993993993993994,1.0,0.9969969969969971,0.9997497498094141,29917440
c45b3d86175e,bdh_cq,propagate,27500,1,interp,"{""dim"": 1, ""distance"": 1, ""length"": 12, ""n_sources"": 1}",3,True,False,0,0.9980039920159681,0.0014113907808114572,0.9970059880239521,1.0,"[0.9970059880239521, 1.0, 0.9970059880239521]",0.9970059880239521,1.0,0.9980039920159681,0.9998336660409878,29917440
c45b3d86175e,bdh_cq,propagate,27500,1,interp,"{""dim"": 1, ""distance"": 2, ""length"": 12, ""n_sources"": 1}",3,True,False,0,0.995995995995996,0.0014156291915646277,0.993993993993994,0.996996996996997,"[0.996996996996997, 0.996996996996997, 0.993993993993994]",0.993993993993994,0.9969969969969968,0.995995995995996,0.9996663330792188,29917440
c45b3d86175e,bdh_cq,propagate,27500,1,interp,"{""dim"": 1, ""distance"": 4, ""length"": 12, ""n_sources"": 1}",3,True,False,0,0.998998998998999,0.0014156291915646802,0.996996996996997,1.0,"[0.996996996996997, 1.0, 1.0]",0.9969969969969968,1.0,0.998998998998999,0.9999165832698047,29917440
c45b3d86175e,bdh_cq,propagate,30000,1,interp,"{""dim"": 1, ""distance"": 1, ""length"": 12, ""n_sources"": 1}",3,True,False,0,0.999001996007984,0.0014113907808114572,0.9970059880239521,1.0,"[0.9970059880239521, 1.0, 1.0]",0.9970059880239521,1.0,0.999001996007984,0.9999168330204938,29917440
c45b3d86175e,bdh_cq,propagate,30000,1,interp,"{""dim"": 1, ""distance"": 2, ""length"": 12, ""n_sources"": 1}",3,True,False,0,0.9969969969969971,0.002451941684467636,0.993993993993994,1.0,"[0.993993993993994, 0.996996996996997, 1.0]",0.993993993993994,1.0,0.9969969969969971,0.9997497498094141,29917440
c45b3d86175e,bdh_cq,propagate,30000,1,interp,"{""dim"": 1, ""distance"": 4, ""length"": 12, ""n_sources"": 1}",3,True,False,0,0.998998998998999,0.0014156291915646802,0.996996996996997,1.0,"[0.996996996996997, 1.0, 1.0]",0.9969969969969968,1.0,0.998998998998999,0.9999165832698047,29917440
c45b3d86175e,bdh_cq,propagate,32500,1,interp,"{""dim"": 1, ""distance"": 1, ""length"": 12, ""n_sources"": 1}",3,True,False,0,0.999001996007984,0.0014113907808114572,0.9970059880239521,1.0,"[0.9970059880239521, 1.0, 1.0]",0.9970059880239521,1.0,0.999001996007984,0.9999168330204938,29917440
c45b3d86175e,bdh_cq,propagate,32500,1,interp,"{""dim"": 1, ""distance"": 2, ""length"": 12, ""n_sources"": 1}",3,True,False,0,1.0,0.0,1.0,1.0,"[1.0, 1.0, 1.0]",1.0,1.0,1.0,1.0,29917440
c45b3d86175e,bdh_cq,propagate,32500,1,interp,"{""dim"": 1, ""distance"": 4, ""length"": 12, ""n_sources"": 1}",3,True,False,0,0.998998998998999,0.0014156291915646802,0.996996996996997,1.0,"[0.996996996996997, 1.0, 1.0]",0.9969969969969968,1.0,0.998998998998999,0.9999165832698047,29917440
c45b3d86175e,bdh_cq,propagate,35000,1,interp,"{""dim"": 1, ""distance"": 1, ""length"": 12, ""n_sources"": 1}",3,True,False,0,0.999001996007984,0.0014113907808114572,0.9970059880239521,1.0,"[0.9970059880239521, 1.0, 1.0]",0.9970059880239521,1.0,0.999001996007984,0.9999168330204938,29917440
c45b3d86175e,bdh_cq,propagate,35000,1,interp,"{""dim"": 1, ""distance"": 2, ""length"": 12, ""n_sources"": 1}",3,True,False,0,1.0,0.0,1.0,1.0,"[1.0, 1.0, 1.0]",1.0,1.0,1.0,1.0,29917440
c45b3d86175e,bdh_cq,propagate,35000,1,interp,"{""dim"": 1, ""distance"": 4, ""length"": 12, ""n_sources"": 1}",3,True,False,0,1.0,0.0,1.0,1.0,"[1.0, 1.0, 1.0]",1.0,1.0,1.0,1.0,29917440
c45b3d86175e,bdh_cq,propagate,37500,1,interp,"{""dim"": 1, ""distance"": 1, ""length"": 12, ""n_sources"": 1}",3,True,False,0,0.999001996007984,0.0014113907808114572,0.9970059880239521,1.0,"[0.9970059880239521, 1.0, 1.0]",0.9970059880239521,1.0,0.999001996007984,0.9999168330204938,29917440
c45b3d86175e,bdh_cq,propagate,37500,1,interp,"{""dim"": 1, ""distance"": 2, ""length"": 12, ""n_sources"": 1}",3,True,False,0,1.0,0.0,1.0,1.0,"[1.0, 1.0, 1.0]",1.0,1.0,1.0,1.0,29917440
c45b3d86175e,bdh_cq,propagate,37500,1,interp,"{""dim"": 1, ""distance"": 4, ""length"": 12, ""n_sources"": 1}",3,True,False,0,1.0,0.0,1.0,1.0,"[1.0, 1.0, 1.0]",1.0,1.0,1.0,1.0,29917440
c45b3d86175e,bdh_cq,propagate,40000,1,interp,"{""dim"": 1, ""distance"": 1, ""length"": 12, ""n_sources"": 1}",3,True,False,0,0.999001996007984,0.0014113907808114572,0.9970059880239521,1.0,"[0.9970059880239521, 1.0, 1.0]",0.9970059880239521,1.0,0.999001996007984,0.9999168330204938,29917440
c45b3d86175e,bdh_cq,propagate,40000,1,interp,"{""dim"": 1, ""distance"": 2, ""length"": 12, ""n_sources"": 1}",3,True,False,0,1.0,0.0,1.0,1.0,"[1.0, 1.0, 1.0]",1.0,1.0,1.0,1.0,29917440
c45b3d86175e,bdh_cq,propagate,40000,1,interp,"{""dim"": 1, ""distance"": 4, ""length"": 12, ""n_sources"": 1}",3,True,False,0,1.0,0.0,1.0,1.0,"[1.0, 1.0, 1.0]",1.0,1.0,1.0,1.0,29917440
c45b3d86175e,bdh_cq,propagate,40000,2,interp,"{""dim"": 1, ""distance"": 1, ""length"": 12, ""n_sources"": 1}",3,True,False,0,0.999001996007984,0.0014113907808114572,0.9970059880239521,1.0,"[0.9970059880239521, 1.0, 1.0]",0.9970059880239521,1.0,0.999001996007984,0.9999168330204938,29917440
c45b3d86175e,bdh_cq,propagate,40000,2,interp,"{""dim"": 1, ""distance"": 2, ""length"": 12, ""n_sources"": 1}",3,True,False,0,0.98998998998999,0.007881889763775565,0.978978978978979,0.996996996996997,"[0.996996996996997, 0.993993993993994, 0.978978978978979]",0.978978978978979,0.9969969969969968,0.98998998998999,0.9991658326980469,29917440
c45b3d86175e,bdh_cq,propagate,40000,2,interp,"{""dim"": 1, ""distance"": 4, ""length"": 12, ""n_sources"": 1}",3,True,False,0,1.0,0.0,1.0,1.0,"[1.0, 1.0, 1.0]",1.0,1.0,1.0,1.0,29917440
c45b3d86175e,bdh_cq,propagate,2500,4,interp,"{""dim"": 1, ""distance"": 1, ""length"": 12, ""n_sources"": 1}",3,True,False,0,0.0,0.0,0.0,0.0,"[0.0, 0.0, 0.0]",0.0,0.0,0.0,0.7977378460431765,29917440
c45b3d86175e,bdh_cq,propagate,2500,4,interp,"{""dim"": 1, ""distance"": 2, ""length"": 12, ""n_sources"": 1}",3,True,False,0,0.0,0.0,0.0,0.0,"[0.0, 0.0, 0.0]",0.0,0.0,0.0,0.7916249482183008,29917440
c45b3d86175e,bdh_cq,propagate,2500,4,interp,"{""dim"": 1, ""distance"": 4, ""length"": 12, ""n_sources"": 1}",3,True,False,0,0.0,0.0,0.0,0.0,"[0.0, 0.0, 0.0]",0.0,0.0,0.0,0.7795295178054928,29917440
c45b3d86175e,bdh_cq,propagate,5000,4,interp,"{""dim"": 1, ""distance"": 1, ""length"": 12, ""n_sources"": 1}",3,True,False,0,0.0,0.0,0.0,0.0,"[0.0, 0.0, 0.0]",0.0,0.0,0.0,0.794244831446521,29917440
c45b3d86175e,bdh_cq,propagate,5000,4,interp,"{""dim"": 1, ""distance"": 2, ""length"": 12, ""n_sources"": 1}",3,True,False,0,0.0,0.0,0.0,0.0,"[0.0, 0.0, 0.0]",0.0,0.0,0.0,0.7953787017035651,29917440
c45b3d86175e,bdh_cq,propagate,5000,4,interp,"{""dim"": 1, ""distance"": 4, ""length"": 12, ""n_sources"": 1}",3,True,False,0,0.0,0.0,0.0,0.0,"[0.0, 0.0, 0.0]",0.0,0.0,0.0,0.7893726944147765,29917440
c45b3d86175e,bdh_cq,propagate,7500,4,interp,"{""dim"": 1, ""distance"": 1, ""length"": 12, ""n_sources"": 1}",3,True,False,0,0.02395209580838324,0.004889201083399557,0.017964071856287425,0.029940119760479042,"[0.029940119760479042, 0.017964071856287425, 0.023952095808383235]",0.017964071856287425,0.029940119760479042,0.02395209580838324,0.8285096422611121,29917440
c45b3d86175e,bdh_cq,propagate,7500,4,interp,"{""dim"": 1, ""distance"": 2, ""length"": 12, ""n_sources"": 1}",3,True,False,0,0.008008008008008008,0.007490805579127009,0.0,0.018018018018018018,"[0.018018018018018018, 0.0, 0.006006006006006006]",0.0,0.018018018018018018,0.008008008008008008,0.825825815623229,29917440
c45b3d86175e,bdh_cq,propagate,7500,4,interp,"{""dim"": 1, ""distance"": 4, ""length"": 12, ""n_sources"": 1}",3,True,False,0,0.014014014014014012,0.006170584587556534,0.006006006006006006,0.021021021021021023,"[0.015015015015015015, 0.021021021021021023, 0.006006006006006006]",0.006006006006006006,0.021021021021021023,0.014014014014014012,0.8098932210807207,29917440
c45b3d86175e,bdh_cq,propagate,10000,4,interp,"{""dim"": 1, ""distance"": 1, ""length"": 12, ""n_sources"": 1}",3,True,False,0,0.4441117764471058,0.2909108882524083,0.15269461077844312,0.8413173652694611,"[0.8413173652694611, 0.3383233532934132, 0.15269461077844312]",0.15269461077844312,0.8413173652694611,0.4441117764471058,0.9356287467979385,29917440
c45b3d86175e,bdh_cq,propagate,10000,4,interp,"{""dim"": 1, ""distance"": 2, ""length"": 12, ""n_sources"": 1}",3,True,False,0,0.3193193193193193,0.19024813405305405,0.09309309309309309,0.5585585585585585,"[0.5585585585585585, 0.3063063063063063, 0.09309309309309309]",0.09309309309309309,0.5585585585585585,0.3193193193193193,0.9192525893002301,29917440
c45b3d86175e,bdh_cq,propagate,10000,4,interp,"{""dim"": 1, ""distance"": 4, ""length"": 12, ""n_sources"": 1}",3,True,False,0,0.30130130130130134,0.1972149806770731,0.03303303303303303,0.5015015015015015,"[0.5015015015015015, 0.36936936936936937, 0.03303303303303303]",0.03303303303303303,0.5015015015015015,0.30130130130130134,0.9145812517529851,29917440
c45b3d86175e,bdh_cq,propagate,12500,4,interp,"{""dim"": 1, ""distance"": 1, ""length"": 12, ""n_sources"": 1}",3,True,False,0,0.9201596806387226,0.03951894186272126,0.8682634730538922,0.9640718562874252,"[0.9640718562874252, 0.9281437125748503, 0.8682634730538922]",0.8682634730538922,0.9640718562874252,0.9201596806387226,0.993180307561528,29917440
c45b3d86175e,bdh_cq,propagate,12500,4,interp,"{""dim"": 1, ""distance"": 2, ""length"": 12, ""n_sources"": 1}",3,True,False,0,0.8448448448448448,0.0500300260244236,0.7777777777777778,0.8978978978978979,"[0.8978978978978979, 0.8588588588588588, 0.7777777777777778]",0.7777777777777778,0.8978978978978979,0.8448448448448448,0.9867367396602879,29917440
c45b3d86175e,bdh_cq,propagate,12500,4,interp,"{""dim"": 1, ""distance"": 4, ""length"": 12, ""n_sources"": 1}",3,True,False,0,0.8438438438438438,0.08988966694952412,0.7237237237237237,0.93993993993994,"[0.93993993993994, 0.8678678678678678, 0.7237237237237237]",0.7237237237237237,0.93993993993994,0.8438438438438438,0.9860694054010753,29917440
c45b3d86175e,bdh_cq,propagate,15000,4,interp,"{""dim"": 1, ""distance"": 1, ""length"": 12, ""n_sources"": 1}",3,True,False,0,0.9451097804391217,0.014113907808114728,0.9251497005988024,0.9550898203592815,"[0.9550898203592815, 0.9550898203592815, 0.9251497005988024]",0.9251497005988024,0.9550898203592815,0.9451097804391217,0.9954258161271641,29917440
c45b3d86175e,bdh_cq,propagate,15000,4,interp,"{""dim"": 1, ""distance"": 2, ""length"": 12, ""n_sources"": 1}",3,True,False,0,0.936936936936937,0.02094939893539177,0.9129129129129129,0.963963963963964,"[0.933933933933934, 0.9129129129129129, 0.963963963963964]",0.9129129129129129,0.963963963963964,0.936936936936937,0.9943276620483972,29917440
c45b3d86175e,bdh_cq,propagate,15000,4,interp,"{""dim"": 1, ""distance"": 4, ""length"": 12, ""n_sources"": 1}",3,True,False,0,0.934934934934935,0.013504241805037065,0.9159159159159159,0.9459459459459459,"[0.9159159159159159, 0.9459459459459459, 0.9429429429429429]",0.9159159159159159,0.9459459459459459,0.934934934934935,0.9941608287073351,29917440
c45b3d86175e,bdh_cq,propagate,17500,4,interp,"{""dim"": 1, ""distance"": 1, ""length"": 12, ""n_sources"": 1}",3,True,False,0,0.940119760479042,0.0288214153257358,0.9011976047904192,0.9700598802395209,"[0.9491017964071856, 0.9700598802395209, 0.9011976047904192]",0.9011976047904192,0.9700598802395209,0.940119760479042,0.9945941460941604,29917440
c45b3d86175e,bdh_cq,propagate,17500,4,interp,"{""dim"": 1, ""distance"": 2, ""length"": 12, ""n_sources"": 1}",3,True,False,0,0.943943943943944,0.01840317949034058,0.9309309309309309,0.96996996996997,"[0.96996996996997, 0.9309309309309309, 0.9309309309309309]",0.9309309309309309,0.96996996996997,0.943943943943944,0.9949115792194286,29917440
c45b3d86175e,bdh_cq,propagate,17500,4,interp,"{""dim"": 1, ""distance"": 4, ""length"": 12, ""n_sources"": 1}",3,True,False,0,0.9479479479479479,0.024560248541311898,0.918918918918919,0.978978978978979,"[0.978978978978979, 0.9459459459459459, 0.918918918918919]",0.918918918918919,0.978978978978979,0.9479479479479479,0.9952452461402098,29917440
c45b3d86175e,bdh_cq,propagate,20000,4,interp,"{""dim"": 1, ""distance"": 1, ""length"": 12, ""n_sources"": 1}",3,True,False,0,0.9580838323353293,0.02131153343718826,0.9281437125748503,0.9760479041916168,"[0.9700598802395209, 0.9760479041916168, 0.9281437125748503]",0.9281437125748503,0.9760479041916167,0.9580838323353293,0.9964238198217518,29917440
c45b3d86175e,bdh_cq,propagate,20000,4,interp,"{""dim"": 1, ""distance"": 2, ""length"": 12, ""n_sources"": 1}",3,True,False,0,0.9679679679679679,0.011587424327117372,0.9519519519519519,0.978978978978979,"[0.972972972972973, 0.9519519519519519, 0.978978978978979]",0.9519519519519518,0.978978978978979,0.9679679679679679,0.9970804143834996,29917440
c45b3d86175e,bdh_cq,propagate,20000,4,interp,"{""dim"": 1, ""distance"": 4, ""length"": 12, ""n_sources"": 1}",3,True,False,0,0.9679679679679679,0.007490805579127029,0.9579579579579579,0.975975975975976,"[0.96996996996997, 0.975975975975976, 0.9579579579579579]",0.9579579579579579,0.975975975975976,0.9679679679679679,0.9971638311136951,29917440
c45b3d86175e,bdh_cq,propagate,22500,4,interp,"{""dim"": 1, ""distance"": 1, ""length"": 12, ""n_sources"": 1}",3,True,False,0,0.9670658682634731,0.021170861712172064,0.937125748502994,0.9820359281437125,"[0.9820359281437125, 0.9820359281437125, 0.937125748502994]",0.9371257485029941,0.9820359281437124,0.9670658682634731,0.9972554896762985,29917440
c45b3d86175e,bdh_cq,propagate,22500,4,interp,"{""dim"": 1, ""distance"": 2, ""length"": 12, ""n_sources"": 1}",3,True,False,0,0.988988988988989,0.0037454027895635097,0.984984984984985,0.993993993993994,"[0.993993993993994, 0.987987987987988, 0.984984984984985]",0.984984984984985,0.993993993993994,0.988988988988989,0.9990824159678514,29917440
c45b3d86175e,bdh_cq,propagate,22500,4,interp,"{""dim"": 1, ""distance"": 4, ""length"": 12, ""n_sources"": 1}",3,True,False,0,0.9869869869869868,0.0037454027895635193,0.9819819819819819,0.990990990990991,"[0.990990990990991, 0.987987987987988, 0.9819819819819819]",0.9819819819819818,0.990990990990991,0.9869869869869868,0.9987487489277417,29917440
c45b3d86175e,bdh_cq,propagate,25000,4,interp,"{""dim"": 1, ""distance"": 1, ""length"": 12, ""n_sources"": 1}",3,True,False,0,0.9880239520958084,0.00646780508823138,0.9790419161676647,0.9940119760479041,"[0.9910179640718563, 0.9940119760479041, 0.9790419161676647]",0.9790419161676646,0.9940119760479041,0.9880239520958084,0.9990019962459268,29917440
c45b3d86175e,bdh_cq,propagate,25000,4,interp,"{""dim"": 1, ""distance"": 2, ""length"": 12, ""n_sources"": 1}",3,True,False,0,0.9919919919919921,0.0014156291915646802,0.990990990990991,0.993993993993994,"[0.993993993993994, 0.990990990990991, 0.990990990990991]",0.990990990990991,0.993993993993994,0.9919919919919921,0.9993326661584375,29917440
c45b3d86175e,bdh_cq,propagate,25000,4,interp,"{""dim"": 1, ""distance"": 4, ""length"": 12, ""n_sources"": 1}",3,True,False,0,0.980980980980981,0.006170584587556526,0.972972972972973,0.987987987987988,"[0.9819819819819819, 0.987987987987988, 0.972972972972973]",0.9729729729729731,0.9879879879879881,0.980980980980981,0.9981648318163745,29917440
c45b3d86175e,bdh_cq,propagate,27500,4,interp,"{""dim"": 1, ""distance"": 1, ""length"": 12, ""n_sources"": 1}",3,True,False,0,0.9670658682634731,0.023574873874286847,0.9341317365269461,0.9880239520958084,"[0.9790419161676647, 0.9880239520958084, 0.9341317365269461]",0.9341317365269463,0.9880239520958084,0.9670658682634731,0.9972554896762985,29917440
c45b3d86175e,bdh_cq,propagate,27500,4,interp,"{""dim"": 1, ""distance"": 2, ""length"": 12, ""n_sources"": 1}",3,True,False,0,0.9629629629629629,0.037534200719224566,0.9099099099099099,0.990990990990991,"[0.9099099099099099, 0.987987987987988, 0.990990990990991]",0.9099099099099099,0.990990990990991,0.9629629629629629,0.9969135809827735,29917440
c45b3d86175e,bdh_cq,propagate,27500,4,interp,"{""dim"": 1, ""distance"": 4, ""length"": 12, ""n_sources"": 1}",3,True,False,0,0.9629629629629629,0.04819380627511799,0.8948948948948949,1.0,"[0.8948948948948949, 0.993993993993994, 1.0]",0.8948948948948949,1.0,0.9629629629629629,0.9968301641929137,29917440
c45b3d86175e,bdh_cq,propagate,30000,4,interp,"{""dim"": 1, ""distance"": 1, ""length"": 12, ""n_sources"": 1}",3,True,False,0,0.9890219560878243,0.013463809943345364,0.9700598802395209,1.0,"[0.9970059880239521, 1.0, 0.9700598802395209]",0.9700598802395209,1.0,0.9890219560878243,0.9990851632254328,29917440
c45b3d86175e,bdh_cq,propagate,30000,4,interp,"{""dim"": 1, ""distance"": 2, ""length"": 12, ""n_sources"": 1}",3,True,False,0,0.994994994994995,0.005104123637229987,0.987987987987988,1.0,"[0.987987987987988, 1.0, 0.996996996996997]",0.9879879879879881,1.0,0.994994994994995,0.9995829163490235,29917440
c45b3d86175e,bdh_cq,propagate,30000,4,interp,"{""dim"": 1, ""distance"": 4, ""length"": 12, ""n_sources"": 1}",3,True,False,0,0.9929929929929929,0.009909404340952605,0.978978978978979,1.0,"[0.978978978978979, 1.0, 1.0]",0.978978978978979,1.0,0.9929929929929929,0.9994160828886328,29917440
c45b3d86175e,bdh_cq,propagate,32500,4,interp,"{""dim"": 1, ""distance"": 1, ""length"": 12, ""n_sources"": 1}",3,True,False,0,0.9900199600798403,0.01205892811735988,0.9730538922155688,1.0,"[0.9970059880239521, 1.0, 0.9730538922155688]",0.9730538922155688,1.0,0.9900199600798403,0.999168330204939,29917440
c45b3d86175e,bdh_cq,propagate,32500,4,interp,"{""dim"": 1, ""distance"": 2, ""length"": 12, ""n_sources"": 1}",3,True,False,0,0.998998998998999,0.0014156291915646802,0.996996996996997,1.0,"[0.996996996996997, 1.0, 1.0]",0.9969969969969968,1.0,0.998998998998999,0.9999165832698047,29917440
c45b3d86175e,bdh_cq,propagate,32500,4,interp,"{""dim"": 1, ""distance"": 4, ""length"": 12, ""n_sources"": 1}",3,True,False,0,0.995995995995996,0.0037454027895635097,0.990990990990991,1.0,"[0.990990990990991, 0.996996996996997, 1.0]",0.990990990990991,1.0,0.995995995995996,0.9996663330792188,29917440
c45b3d86175e,bdh_cq,propagate,35000,4,interp,"{""dim"": 1, ""distance"": 1, ""length"": 12, ""n_sources"": 1}",3,True,False,0,0.9910179640718564,0.010655766718594114,0.9760479041916168,1.0,"[0.9970059880239521, 1.0, 0.9760479041916168]",0.9760479041916167,1.0,0.9910179640718564,0.999251497184445,29917440
c45b3d86175e,bdh_cq,propagate,35000,4,interp,"{""dim"": 1, ""distance"": 2, ""length"": 12, ""n_sources"": 1}",3,True,False,0,0.993993993993994,0.004246887574693936,0.987987987987988,0.996996996996997,"[0.987987987987988, 0.996996996996997, 0.996996996996997]",0.9879879879879881,0.9969969969969968,0.993993993993994,0.9994994996188282,29917440
c45b3d86175e,bdh_cq,propagate,35000,4,interp,"{""dim"": 1, ""distance"": 4, ""length"": 12, ""n_sources"": 1}",3,True,False,0,0.995995995995996,0.0037454027895635093,0.990990990990991,1.0,"[0.990990990990991, 1.0, 0.996996996996997]",0.990990990990991,1.0,0.995995995995996,0.9996663330792188,29917440
c45b3d86175e,bdh_cq,propagate,37500,4,interp,"{""dim"": 1, ""distance"": 1, ""length"": 12, ""n_sources"": 1}",3,True,False,0,0.9940119760479043,0.00646780508823138,0.9850299401197605,1.0,"[0.9970059880239521, 1.0, 0.9850299401197605]",0.9850299401197605,1.0,0.9940119760479043,0.9995009981229633,29917440
c45b3d86175e,bdh_cq,propagate,37500,4,interp,"{""dim"": 1, ""distance"": 2, ""length"": 12, ""n_sources"": 1}",3,True,False,0,0.995995995995996,0.005662516766258616,0.987987987987988,1.0,"[0.987987987987988, 1.0, 1.0]",0.9879879879879881,1.0,0.995995995995996,0.9996663330792188,29917440
c45b3d86175e,bdh_cq,propagate,37500,4,interp,"{""dim"": 1, ""distance"": 4, ""length"": 12, ""n_sources"": 1}",3,True,False,0,0.9969969969969971,0.004246887574693988,0.990990990990991,1.0,"[0.990990990990991, 1.0, 1.0]",0.990990990990991,1.0,0.9969969969969971,0.9997497498094141,29917440
c45b3d86175e,bdh_cq,propagate,40000,4,interp,"{""dim"": 1, ""distance"": 1, ""length"": 12, ""n_sources"": 1}",3,True,False,0,0.9930139720558883,0.007858291291428973,0.9820359281437125,1.0,"[0.9970059880239521, 1.0, 0.9820359281437125]",0.9820359281437124,1.0,0.9930139720558883,0.9994178311434573,29917440
c45b3d86175e,bdh_cq,propagate,40000,4,interp,"{""dim"": 1, ""distance"": 2, ""length"": 12, ""n_sources"": 1}",3,True,False,0,0.995995995995996,0.0037454027895635093,0.990990990990991,1.0,"[0.990990990990991, 1.0, 0.996996996996997]",0.990990990990991,1.0,0.995995995995996,0.9996663330792188,29917440
c45b3d86175e,bdh_cq,propagate,40000,4,interp,"{""dim"": 1, ""distance"": 4, ""length"": 12, ""n_sources"": 1}",3,True,False,0,0.9969969969969971,0.004246887574693988,0.990990990990991,1.0,"[0.990990990990991, 1.0, 1.0]",0.990990990990991,1.0,0.9969969969969971,0.9997497498094141,29917440
c45b3d86175e,bdh_cq,propagate,40000,8,interp,"{""dim"": 1, ""distance"": 1, ""length"": 12, ""n_sources"": 1}",3,True,False,0,0.0,0.0,0.0,0.0,"[0.0, 0.0, 0.0]",0.0,0.0,0.0,0.740934792214525,29917440
c45b3d86175e,bdh_cq,propagate,40000,8,interp,"{""dim"": 1, ""distance"": 2, ""length"": 12, ""n_sources"": 1}",3,True,False,0,0.0,0.0,0.0,0.0,"[0.0, 0.0, 0.0]",0.0,0.0,0.0,0.6914414352960175,29917440
c45b3d86175e,bdh_cq,propagate,40000,8,interp,"{""dim"": 1, ""distance"": 4, ""length"": 12, ""n_sources"": 1}",3,True,False,0,0.0,0.0,0.0,0.0,"[0.0, 0.0, 0.0]",0.0,0.0,0.0,0.6235402037312199,29917440
c45b3d86175e,bdh_cq,propagate,2500,16,interp,"{""dim"": 1, ""distance"": 1, ""length"": 12, ""n_sources"": 1}",3,True,False,0,0.0,0.0,0.0,0.0,"[0.0, 0.0, 0.0]",0.0,0.0,0.0,0.7913339888368419,29917440
c45b3d86175e,bdh_cq,propagate,2500,16,interp,"{""dim"": 1, ""distance"": 2, ""length"": 12, ""n_sources"": 1}",3,True,False,0,0.0,0.0,0.0,0.0,"[0.0, 0.0, 0.0]",0.0,0.0,0.0,0.7803636894927726,29917440
c45b3d86175e,bdh_cq,propagate,2500,16,interp,"{""dim"": 1, ""distance"": 4, ""length"": 12, ""n_sources"": 1}",3,True,False,0,0.0,0.0,0.0,0.0,"[0.0, 0.0, 0.0]",0.0,0.0,0.0,0.7621788349416522,29917440
c45b3d86175e,bdh_cq,propagate,5000,16,interp,"{""dim"": 1, ""distance"": 1, ""length"": 12, ""n_sources"": 1}",3,True,False,0,0.0,0.0,0.0,0.0,"[0.0, 0.0, 0.0]",0.0,0.0,0.0,0.7734530895294068,29917440
c45b3d86175e,bdh_cq,propagate,5000,16,interp,"{""dim"": 1, ""distance"": 2, ""length"": 12, ""n_sources"": 1}",3,True,False,0,0.0,0.0,0.0,0.0,"[0.0, 0.0, 0.0]",0.0,0.0,0.0,0.7704371001508025,29917440
c45b3d86175e,bdh_cq,propagate,5000,16,interp,"{""dim"": 1, ""distance"": 4, ""length"": 12, ""n_sources"": 1}",3,True,False,0,0.0,0.0,0.0,0.0,"[0.0, 0.0, 0.0]",0.0,0.0,0.0,0.760677338929267,29917440
c45b3d86175e,bdh_cq,propagate,7500,16,interp,"{""dim"": 1, ""distance"": 1, ""length"": 12, ""n_sources"": 1}",3,True,False,0,0.0009980039920159682,0.0014113907808114721,0.0,0.0029940119760479044,"[0.0, 0.0, 0.0029940119760479044]",0.0,0.002994011976047905,0.0009980039920159682,0.781021284367034,29917440
c45b3d86175e,bdh_cq,propagate,7500,16,interp,"{""dim"": 1, ""distance"": 2, ""length"": 12, ""n_sources"": 1}",3,True,False,0,0.0,0.0,0.0,0.0,"[0.0, 0.0, 0.0]",0.0,0.0,0.0,0.7847847789973468,29917440
c45b3d86175e,bdh_cq,propagate,7500,16,interp,"{""dim"": 1, ""distance"": 4, ""length"": 12, ""n_sources"": 1}",3,True,False,0,0.0,0.0,0.0,0.0,"[0.0, 0.0, 0.0]",0.0,0.0,0.0,0.7808641908584056,29917440
c45b3d86175e,bdh_cq,propagate,10000,16,interp,"{""dim"": 1, ""distance"": 1, ""length"": 12, ""n_sources"": 1}",3,True,False,0,0.0,0.0,0.0,0.0,"[0.0, 0.0, 0.0]",0.0,0.0,0.0,0.7583998643947457,29917440
c45b3d86175e,bdh_cq,propagate,10000,16,interp,"{""dim"": 1, ""distance"": 2, ""length"": 12, ""n_sources"": 1}",3,True,False,0,0.0,0.0,0.0,0.0,"[0.0, 0.0, 0.0]",0.0,0.0,0.0,0.7573406713323907,29917440
c45b3d86175e,bdh_cq,propagate,10000,16,interp,"{""dim"": 1, ""distance"": 4, ""length"": 12, ""n_sources"": 1}",3,True,False,0,0.0,0.0,0.0,0.0,"[0.0, 0.0, 0.0]",0.0,0.0,0.0,0.7475809134520569,29917440
c45b3d86175e,bdh_cq,propagate,12500,16,interp,"{""dim"": 1, ""distance"": 1, ""length"": 12, ""n_sources"": 1}",3,True,False,0,0.0,0.0,0.0,0.0,"[0.0, 0.0, 0.0]",0.0,0.0,0.0,0.7288755814873887,29917440
c45b3d86175e,bdh_cq,propagate,12500,16,interp,"{""dim"": 1, ""distance"": 2, ""length"": 12, ""n_sources"": 1}",3,True,False,0,0.0,0.0,0.0,0.0,"[0.0, 0.0, 0.0]",0.0,0.0,0.0,0.7258925586789697,29917440
c45b3d86175e,bdh_cq,propagate,12500,16,interp,"{""dim"": 1, ""distance"": 4, ""length"": 12, ""n_sources"": 1}",3,True,False,0,0.0,0.0,0.0,0.0,"[0.0, 0.0, 0.0]",0.0,0.0,0.0,0.7301468125752382,29917440
c45b3d86175e,bdh_cq,propagate,15000,16,interp,"{""dim"": 1, ""distance"": 1, ""length"": 12, ""n_sources"": 1}",3,True,False,0,0.0,0.0,0.0,0.0,"[0.0, 0.0, 0.0]",0.0,0.0,0.0,0.7082501646882283,29917440
c45b3d86175e,bdh_cq,propagate,15000,16,interp,"{""dim"": 1, ""distance"": 2, ""length"": 12, ""n_sources"": 1}",3,True,False,0,0.0,0.0,0.0,0.0,"[0.0, 0.0, 0.0]",0.0,0.0,0.0,0.7035368684683,29917440
c45b3d86175e,bdh_cq,propagate,15000,16,interp,"{""dim"": 1, ""distance"": 4, ""length"": 12, ""n_sources"": 1}",3,True,False,0,0.0,0.0,0.0,0.0,"[0.0, 0.0, 0.0]",0.0,0.0,0.0,0.7295628952550458,29917440
c45b3d86175e,bdh_cq,propagate,17500,16,interp,"{""dim"": 1, ""distance"": 1, ""length"": 12, ""n_sources"": 1}",3,True,False,0,0.0,0.0,0.0,0.0,"[0.0, 0.0, 0.0]",0.0,0.0,0.0,0.743180305182101,29917440
c45b3d86175e,bdh_cq,propagate,17500,16,interp,"{""dim"": 1, ""distance"": 2, ""length"": 12, ""n_sources"": 1}",3,True,False,0,0.0,0.0,0.0,0.0,"[0.0, 0.0, 0.0]",0.0,0.0,0.0,0.7508341663473241,29917440
c45b3d86175e,bdh_cq,propagate,17500,16,interp,"{""dim"": 1, ""distance"": 4, ""length"": 12, ""n_sources"": 1}",3,True,False,0,0.0,0.0,0.0,0.0,"[0.0, 0.0, 0.0]",0.0,0.0,0.0,0.7629295926432947,29917440
c45b3d86175e,bdh_cq,propagate,20000,16,interp,"{""dim"": 1, ""distance"": 1, ""length"": 12, ""n_sources"": 1}",3,True,False,0,0.0,0.0,0.0,0.0,"[0.0, 0.0, 0.0]",0.0,0.0,0.0,0.7281270795715545,29917440
c45b3d86175e,bdh_cq,propagate,20000,16,interp,"{""dim"": 1, ""distance"": 2, ""length"": 12, ""n_sources"": 1}",3,True,False,0,0.0,0.0,0.0,0.0,"[0.0, 0.0, 0.0]",0.0,0.0,0.0,0.7336503167947134,29917440
c45b3d86175e,bdh_cq,propagate,20000,16,interp,"{""dim"": 1, ""distance"": 4, ""length"": 12, ""n_sources"": 1}",3,True,False,0,0.0,0.0,0.0,0.0,"[0.0, 0.0, 0.0]",0.0,0.0,0.0,0.756172836841167,29917440
c45b3d86175e,bdh_cq,propagate,22500,16,interp,"{""dim"": 1, ""distance"": 1, ""length"": 12, ""n_sources"": 1}",3,True,False,0,0.0,0.0,0.0,0.0,"[0.0, 0.0, 0.0]",0.0,0.0,0.0,0.7370259478955926,29917440
c45b3d86175e,bdh_cq,propagate,22500,16,interp,"{""dim"": 1, ""distance"": 2, ""length"": 12, ""n_sources"": 1}",3,True,False,0,0.0,0.0,0.0,0.0,"[0.0, 0.0, 0.0]",0.0,0.0,0.0,0.7439105759213517,29917440
c45b3d86175e,bdh_cq,propagate,22500,16,interp,"{""dim"": 1, ""distance"": 4, ""length"": 12, ""n_sources"": 1}",3,True,False,0,0.0,0.0,0.0,0.0,"[0.0, 0.0, 0.0]",0.0,0.0,0.0,0.758091421754988,29917440
c45b3d86175e,bdh_cq,propagate,25000,16,interp,"{""dim"": 1, ""distance"": 1, ""length"": 12, ""n_sources"": 1}",3,True,False,0,0.0,0.0,0.0,0.0,"[0.0, 0.0, 0.0]",0.0,0.0,0.0,0.7327012646341039,29917440
c45b3d86175e,bdh_cq,propagate,25000,16,interp,"{""dim"": 1, ""distance"": 2, ""length"": 12, ""n_sources"": 1}",3,True,False,0,0.0,0.0,0.0,0.0,"[0.0, 0.0, 0.0]",0.0,0.0,0.0,0.7363196509080129,29917440
c45b3d86175e,bdh_cq,propagate,25000,16,interp,"{""dim"": 1, ""distance"": 4, ""length"": 12, ""n_sources"": 1}",3,True,False,0,0.0,0.0,0.0,0.0,"[0.0, 0.0, 0.0]",0.0,0.0,0.0,0.7454120762295671,29917440
c45b3d86175e,bdh_cq,propagate,27500,16,interp,"{""dim"": 1, ""distance"": 1, ""length"": 12, ""n_sources"": 1}",3,True,False,0,0.0,0.0,0.0,0.0,"[0.0, 0.0, 0.0]",0.0,0.0,0.0,0.7267132405630367,29917440
c45b3d86175e,bdh_cq,propagate,27500,16,interp,"{""dim"": 1, ""distance"": 2, ""length"": 12, ""n_sources"": 1}",3,True,False,0,0.0,0.0,0.0,0.0,"[0.0, 0.0, 0.0]",0.0,0.0,0.0,0.7322322311582746,29917440
c45b3d86175e,bdh_cq,propagate,27500,16,interp,"{""dim"": 1, ""distance"": 4, ""length"": 12, ""n_sources"": 1}",3,True,False,0,0.0,0.0,0.0,0.0,"[0.0, 0.0, 0.0]",0.0,0.0,0.0,0.7559225855766235,29917440
c45b3d86175e,bdh_cq,propagate,30000,16,interp,"{""dim"": 1, ""distance"": 1, ""length"": 12, ""n_sources"": 1}",3,True,False,0,0.0,0.0,0.0,0.0,"[0.0, 0.0, 0.0]",0.0,0.0,0.0,0.7319527611047209,29917440
c45b3d86175e,bdh_cq,propagate,30000,16,interp,"{""dim"": 1, ""distance"": 2, ""length"": 12, ""n_sources"": 1}",3,True,False,0,0.0,0.0,0.0,0.0,"[0.0, 0.0, 0.0]",0.0,0.0,0.0,0.7344844828437159,29917440
c45b3d86175e,bdh_cq,propagate,30000,16,interp,"{""dim"": 1, ""distance"": 4, ""length"": 12, ""n_sources"": 1}",3,True,False,0,0.0,0.0,0.0,0.0,"[0.0, 0.0, 0.0]",0.0,0.0,0.0,0.7465799099451548,29917440
c45b3d86175e,bdh_cq,propagate,32500,16,interp,"{""dim"": 1, ""distance"": 1, ""length"": 12, ""n_sources"": 1}",3,True,False,0,0.0,0.0,0.0,0.0,"[0.0, 0.0, 0.0]",0.0,0.0,0.0,0.7368596140555517,29917440
c45b3d86175e,bdh_cq,propagate,32500,16,interp,"{""dim"": 1, ""distance"": 2, ""length"": 12, ""n_sources"": 1}",3,True,False,0,0.0,0.0,0.0,0.0,"[0.0, 0.0, 0.0]",0.0,0.0,0.0,0.7397397381288034,29917440
c45b3d86175e,bdh_cq,propagate,32500,16,interp,"{""dim"": 1, ""distance"": 4, ""length"": 12, ""n_sources"": 1}",3,True,False,0,0.0,0.0,0.0,0.0,"[0.0, 0.0, 0.0]",0.0,0.0,0.0,0.7518351650512494,29917440
c45b3d86175e,bdh_cq,propagate,35000,16,interp,"{""dim"": 1, ""distance"": 1, ""length"": 12, ""n_sources"": 1}",3,True,False,0,0.0,0.0,0.0,0.0,"[0.0, 0.0, 0.0]",0.0,0.0,0.0,0.7416001327499421,29917440
c45b3d86175e,bdh_cq,propagate,35000,16,interp,"{""dim"": 1, ""distance"": 2, ""length"": 12, ""n_sources"": 1}",3,True,False,0,0.0,0.0,0.0,0.0,"[0.0, 0.0, 0.0]",0.0,0.0,0.0,0.7414080730608634,29917440
c45b3d86175e,bdh_cq,propagate,35000,16,interp,"{""dim"": 1, ""distance"": 4, ""length"": 12, ""n_sources"": 1}",3,True,False,0,0.0,0.0,0.0,0.0,"[0.0, 0.0, 0.0]",0.0,0.0,0.0,0.7510009979879534,29917440
c45b3d86175e,bdh_cq,propagate,37500,16,interp,"{""dim"": 1, ""distance"": 1, ""length"": 12, ""n_sources"": 1}",3,True,False,0,0.0,0.0,0.0,0.0,"[0.0, 0.0, 0.0]",0.0,0.0,0.0,0.7426813040783782,29917440
c45b3d86175e,bdh_cq,propagate,37500,16,interp,"{""dim"": 1, ""distance"": 2, ""length"": 12, ""n_sources"": 1}",3,True,False,0,0.0,0.0,0.0,0.0,"[0.0, 0.0, 0.0]",0.0,0.0,0.0,0.7423256576299906,29917440
c45b3d86175e,bdh_cq,propagate,37500,16,interp,"{""dim"": 1, ""distance"": 4, ""length"": 12, ""n_sources"": 1}",3,True,False,0,0.0,0.0,0.0,0.0,"[0.0, 0.0, 0.0]",0.0,0.0,0.0,0.7539205841116003,29917440
c45b3d86175e,bdh_cq,propagate,40000,16,interp,"{""dim"": 1, ""distance"": 1, ""length"": 12, ""n_sources"": 1}",3,True,False,0,0.0,0.0,0.0,0.0,"[0.0, 0.0, 0.0]",0.0,0.0,0.0,0.742598137098872,29917440
c45b3d86175e,bdh_cq,propagate,40000,16,interp,"{""dim"": 1, ""distance"": 2, ""length"": 12, ""n_sources"": 1}",3,True,False,0,0.0,0.0,0.0,0.0,"[0.0, 0.0, 0.0]",0.0,0.0,0.0,0.7411578229001096,29917440
c45b3d86175e,bdh_cq,propagate,40000,16,interp,"{""dim"": 1, ""distance"": 4, ""length"": 12, ""n_sources"": 1}",3,True,False,0,0.0,0.0,0.0,0.0,"[0.0, 0.0, 0.0]",0.0,0.0,0.0,0.7536703338613501,29917440
c45b3d86175e,bdh_cq,propagate,40000,32,interp,"{""dim"": 1, ""distance"": 1, ""length"": 12, ""n_sources"": 1}",3,True,False,0,0.0,0.0,0.0,0.0,"[0.0, 0.0, 0.0]",0.0,0.0,0.0,0.7200598845819751,29917440
c45b3d86175e,bdh_cq,propagate,40000,32,interp,"{""dim"": 1, ""distance"": 2, ""length"": 12, ""n_sources"": 1}",3,True,False,0,0.0,0.0,0.0,0.0,"[0.0, 0.0, 0.0]",0.0,0.0,0.0,0.6975308679364942,29917440
c45b3d86175e,bdh_cq,propagate,40000,32,interp,"{""dim"": 1, ""distance"": 4, ""length"": 12, ""n_sources"": 1}",3,True,False,0,0.0,0.0,0.0,0.0,"[0.0, 0.0, 0.0]",0.0,0.0,0.0,0.7221388062676629,29917440
c45b3d86175e,bdh_cq,propagate,2500,1,mild,"{""dim"": 1, ""distance"": 6, ""length"": 12, ""n_sources"": 1}",3,True,False,0,0.0,0.0,0.0,0.0,"[0.0, 0.0, 0.0]",0.0,0.0,0.0,0.7855555440982182,29917440
c45b3d86175e,bdh_cq,propagate,2500,1,mild,"{""dim"": 1, ""distance"": 8, ""length"": 12, ""n_sources"": 1}",3,True,False,0,0.0,0.0,0.0,0.0,"[0.0, 0.0, 0.0]",0.0,0.0,0.0,0.787666654666265,29917440
c45b3d86175e,bdh_cq,propagate,5000,1,mild,"{""dim"": 1, ""distance"": 6, ""length"": 12, ""n_sources"": 1}",3,True,False,0,0.0,0.0,0.0,0.0,"[0.0, 0.0, 0.0]",0.0,0.0,0.0,0.8025555424690247,29917440
c45b3d86175e,bdh_cq,propagate,5000,1,mild,"{""dim"": 1, ""distance"": 8, ""length"": 12, ""n_sources"": 1}",3,True,False,0,0.0,0.0,0.0,0.0,"[0.0, 0.0, 0.0]",0.0,0.0,0.0,0.7998888741731642,29917440
c45b3d86175e,bdh_cq,propagate,7500,1,mild,"{""dim"": 1, ""distance"": 6, ""length"": 12, ""n_sources"": 1}",3,True,False,0,0.005333333333333333,0.0009428090415820634,0.004,0.006,"[0.006, 0.004, 0.006]",0.004,0.006000000000000001,0.005333333333333333,0.7846111020445824,29917440
c45b3d86175e,bdh_cq,propagate,7500,1,mild,"{""dim"": 1, ""distance"": 8, ""length"": 12, ""n_sources"": 1}",3,True,False,0,0.0,0.0,0.0,0.0,"[0.0, 0.0, 0.0]",0.0,0.0,0.0,0.7307777677973112,29917440
c45b3d86175e,bdh_cq,propagate,10000,1,mild,"{""dim"": 1, ""distance"": 6, ""length"": 12, ""n_sources"": 1}",3,True,False,0,0.08933333333333333,0.03449959742116163,0.062,0.138,"[0.062, 0.138, 0.068]",0.062,0.138,0.08933333333333333,0.877111113746961,29917440
c45b3d86175e,bdh_cq,propagate,10000,1,mild,"{""dim"": 1, ""distance"": 8, ""length"": 12, ""n_sources"": 1}",3,True,False,0,0.050666666666666665,0.0674553350167518,0.0,0.146,"[0.146, 0.006, 0.0]",0.0,0.146,0.050666666666666665,0.8179444438417752,29917440
c45b3d86175e,bdh_cq,propagate,12500,1,mild,"{""dim"": 1, ""distance"": 6, ""length"": 12, ""n_sources"": 1}",3,True,False,0,0.1366666666666667,0.009428090415820628,0.13,0.15,"[0.13, 0.15, 0.13]",0.13,0.15,0.1366666666666667,0.8975555606683095,29917440
c45b3d86175e,bdh_cq,propagate,12500,1,mild,"{""dim"": 1, ""distance"": 8, ""length"": 12, ""n_sources"": 1}",3,True,False,0,0.05466666666666667,0.06318930992572153,0.008,0.144,"[0.144, 0.008, 0.012]",0.008,0.144,0.05466666666666667,0.8101666679382324,29917440
c45b3d86175e,bdh_cq,propagate,15000,1,mild,"{""dim"": 1, ""distance"": 6, ""length"": 12, ""n_sources"": 1}",3,True,False,0,0.14933333333333335,0.014817407180595248,0.13,0.166,"[0.13, 0.166, 0.152]",0.13,0.166,0.14933333333333335,0.89838889336586,29917440
c45b3d86175e,bdh_cq,propagate,15000,1,mild,"{""dim"": 1, ""distance"": 8, ""length"": 12, ""n_sources"": 1}",3,True,False,0,0.043333333333333335,0.0557215298505783,0.0,0.122,"[0.122, 0.0, 0.008]",0.0,0.122,0.043333333333333335,0.8054999988079071,29917440
c45b3d86175e,bdh_cq,propagate,17500,1,mild,"{""dim"": 1, ""distance"": 6, ""length"": 12, ""n_sources"": 1}",3,True,False,0,0.236,0.148171072300455,0.11,0.444,"[0.154, 0.444, 0.11]",0.11,0.444,0.236,0.9048888924121856,29917440
c45b3d86175e,bdh_cq,propagate,17500,1,mild,"{""dim"": 1, ""distance"": 8, ""length"": 12, ""n_sources"": 1}",3,True,False,0,0.018666666666666665,0.019344824171395877,0.004,0.046,"[0.046, 0.006, 0.004]",0.004,0.046000000000000006,0.018666666666666665,0.7874444443186125,29917440
c45b3d86175e,bdh_cq,propagate,20000,1,mild,"{""dim"": 1, ""distance"": 6, ""length"": 12, ""n_sources"": 1}",3,True,False,0,0.26399999999999996,0.16891023256945292,0.114,0.5,"[0.178, 0.5, 0.114]",0.114,0.5,0.26399999999999996,0.9152222275336582,29917440
c45b3d86175e,bdh_cq,propagate,20000,1,mild,"{""dim"": 1, ""distance"": 8, ""length"": 12, ""n_sources"": 1}",3,True,False,0,0.01933333333333333,0.02311324776447962,0.002,0.052,"[0.052, 0.004, 0.002]",0.002,0.052,0.01933333333333333,0.8013888910214106,29917440
c45b3d86175e,bdh_cq,propagate,22500,1,mild,"{""dim"": 1, ""distance"": 6, ""length"": 12, ""n_sources"": 1}",3,True,False,0,0.29533333333333334,0.1460623915394453,0.094,0.436,"[0.356, 0.436, 0.094]",0.09400000000000001,0.436,0.29533333333333334,0.9250000071525574,29917440
c45b3d86175e,bdh_cq,propagate,22500,1,mild,"{""dim"": 1, ""distance"": 8, ""length"": 12, ""n_sources"": 1}",3,True,False,0,0.08933333333333333,0.11238426145249264,0.002,0.248,"[0.248, 0.002, 0.018]",0.002,0.248,0.08933333333333333,0.8185555557409923,29917440
c45b3d86175e,bdh_cq,propagate,25000,1,mild,"{""dim"": 1, ""distance"": 6, ""length"": 12, ""n_sources"": 1}",3,True,False,0,0.32266666666666666,0.15748297967999236,0.1,0.438,"[0.43, 0.438, 0.1]",0.10000000000000002,0.438,0.32266666666666666,0.9263333397308986,29917440
c45b3d86175e,bdh_cq,propagate,25000,1,mild,"{""dim"": 1, ""distance"": 8, ""length"": 12, ""n_sources"": 1}",3,True,False,0,0.05333333333333334,0.0657740239169098,0.0,0.146,"[0.146, 0.0, 0.014]",0.0,0.146,0.05333333333333334,0.8141111127932867,29917440
c45b3d86175e,bdh_cq,propagate,27500,1,mild,"{""dim"": 1, ""distance"": 6, ""length"": 12, ""n_sources"": 1}",3,True,False,0,0.25466666666666665,0.0809993141260399,0.152,0.35,"[0.35, 0.262, 0.152]",0.152,0.3499999999999999,0.25466666666666665,0.9171666728655498,29917440
c45b3d86175e,bdh_cq,propagate,27500,1,mild,"{""dim"": 1, ""distance"": 8, ""length"": 12, ""n_sources"": 1}",3,True,False,0,0.05333333333333334,0.05774272440941995,0.002,0.134,"[0.134, 0.002, 0.024]",0.002,0.134,0.05333333333333334,0.8140000001192093,29917440
c45b3d86175e,bdh_cq,propagate,30000,1,mild,"{""dim"": 1, ""distance"": 6, ""length"": 12, ""n_sources"": 1}",3,True,False,0,0.27999999999999997,0.15779311349569938,0.106,0.488,"[0.488, 0.246, 0.106]",0.106,0.488,0.27999999999999997,0.9209444502989452,29917440
c45b3d86175e,bdh_cq,propagate,30000,1,mild,"{""dim"": 1, ""distance"": 8, ""length"": 12, ""n_sources"": 1}",3,True,False,0,0.06,0.06953176732017292,0.004,0.158,"[0.158, 0.004, 0.018]",0.004,0.158,0.06,0.8176111128727594,29917440
c45b3d86175e,bdh_cq,propagate,32500,1,mild,"{""dim"": 1, ""distance"": 6, ""length"": 12, ""n_sources"": 1}",3,True,False,0,0.2786666666666667,0.17402171001215783,0.07,0.496,"[0.496, 0.27, 0.07]",0.07,0.496,0.2786666666666667,0.9209444504181544,29917440
c45b3d86175e,bdh_cq,propagate,32500,1,mild,"{""dim"": 1, ""distance"": 8, ""length"": 12, ""n_sources"": 1}",3,True,False,0,0.07333333333333333,0.09672412085697939,0.0,0.21,"[0.21, 0.0, 0.01]",0.0,0.21,0.07333333333333333,0.8171666666269303,29917440
c45b3d86175e,bdh_cq,propagate,35000,1,mild,"{""dim"": 1, ""distance"": 6, ""length"": 12, ""n_sources"": 1}",3,True,False,0,0.31266666666666665,0.15144929477844685,0.11,0.474,"[0.474, 0.354, 0.11]",0.11,0.474,0.31266666666666665,0.9270555621782939,29917440
c45b3d86175e,bdh_cq,propagate,35000,1,mild,"{""dim"": 1, ""distance"": 8, ""length"": 12, ""n_sources"": 1}",3,True,False,0,0.07933333333333333,0.08993825042154693,0.006,0.206,"[0.206, 0.006, 0.026]",0.006000000000000001,0.206,0.07933333333333333,0.8287222224076589,29917440
c45b3d86175e,bdh_cq,propagate,37500,1,mild,"{""dim"": 1, ""distance"": 6, ""length"": 12, ""n_sources"": 1}",3,True,False,0,0.26066666666666666,0.12007034974917366,0.116,0.41,"[0.41, 0.256, 0.116]",0.116,0.41,0.26066666666666666,0.9188888948758444,29917440
c45b3d86175e,bdh_cq,propagate,37500,1,mild,"{""dim"": 1, ""distance"": 8, ""length"": 12, ""n_sources"": 1}",3,True,False,0,0.06466666666666666,0.07625104735164115,0.002,0.172,"[0.172, 0.002, 0.02]",0.002,0.17200000000000001,0.06466666666666666,0.82005555554231,29917440
c45b3d86175e,bdh_cq,propagate,40000,1,mild,"{""dim"": 1, ""distance"": 6, ""length"": 12, ""n_sources"": 1}",3,True,False,0,0.25666666666666665,0.12192165061583153,0.102,0.4,"[0.4, 0.268, 0.102]",0.102,0.4000000000000001,0.25666666666666665,0.9190555617809295,29917440
c45b3d86175e,bdh_cq,propagate,40000,1,mild,"{""dim"": 1, ""distance"": 8, ""length"": 12, ""n_sources"": 1}",3,True,False,0,0.062,0.07370210309075312,0.004,0.166,"[0.166, 0.004, 0.016]",0.004,0.166,0.062,0.8208333333730696,29917440
c45b3d86175e,bdh_cq,propagate,40000,2,mild,"{""dim"": 1, ""distance"": 6, ""length"": 12, ""n_sources"": 1}",3,True,False,0,0.5700000000000001,0.24868185833845355,0.328,0.912,"[0.912, 0.47, 0.328]",0.328,0.912,0.5700000000000001,0.9577777832746506,29917440
c45b3d86175e,bdh_cq,propagate,40000,2,mild,"{""dim"": 1, ""distance"": 8, ""length"": 12, ""n_sources"": 1}",3,True,False,0,0.010666666666666666,0.00805536398239638,0.004,0.022,"[0.022, 0.004, 0.006]",0.004,0.022000000000000002,0.010666666666666666,0.8623888879617055,29917440
c45b3d86175e,bdh_cq,propagate,2500,4,mild,"{""dim"": 1, ""distance"": 6, ""length"": 12, ""n_sources"": 1}",3,True,False,0,0.0,0.0,0.0,0.0,"[0.0, 0.0, 0.0]",0.0,0.0,0.0,0.784277765929699,29917440
c45b3d86175e,bdh_cq,propagate,2500,4,mild,"{""dim"": 1, ""distance"": 8, ""length"": 12, ""n_sources"": 1}",3,True,False,0,0.0,0.0,0.0,0.0,"[0.0, 0.0, 0.0]",0.0,0.0,0.0,0.786166654030482,29917440
c45b3d86175e,bdh_cq,propagate,5000,4,mild,"{""dim"": 1, ""distance"": 6, ""length"": 12, ""n_sources"": 1}",3,True,False,0,0.0,0.0,0.0,0.0,"[0.0, 0.0, 0.0]",0.0,0.0,0.0,0.7811666543483734,29917440
c45b3d86175e,bdh_cq,propagate,5000,4,mild,"{""dim"": 1, ""distance"": 8, ""length"": 12, ""n_sources"": 1}",3,True,False,0,0.0,0.0,0.0,0.0,"[0.0, 0.0, 0.0]",0.0,0.0,0.0,0.7830555420666933,29917440
c45b3d86175e,bdh_cq,propagate,7500,4,mild,"{""dim"": 1, ""distance"": 6, ""length"": 12, ""n_sources"": 1}",3,True,False,0,0.0026666666666666666,0.0024944382578492943,0.0,0.006,"[0.0, 0.006, 0.002]",0.0,0.006000000000000001,0.0026666666666666666,0.7648888826370239,29917440
c45b3d86175e,bdh_cq,propagate,7500,4,mild,"{""dim"": 1, ""distance"": 8, ""length"": 12, ""n_sources"": 1}",3,True,False,0,0.0,0.0,0.0,0.0,"[0.0, 0.0, 0.0]",0.0,0.0,0.0,0.7585555450121562,29917440
c45b3d86175e,bdh_cq,propagate,10000,4,mild,"{""dim"": 1, ""distance"": 6, ""length"": 12, ""n_sources"": 1}",3,True,False,0,0.05466666666666667,0.06462885492478486,0.006,0.146,"[0.012, 0.146, 0.006]",0.006000000000000001,0.146,0.05466666666666667,0.8515555529594421,29917440
c45b3d86175e,bdh_cq,propagate,10000,4,mild,"{""dim"": 1, ""distance"": 8, ""length"": 12, ""n_sources"": 1}",3,True,False,0,0.0013333333333333333,0.0018856180831641268,0.0,0.004,"[0.004, 0.0, 0.0]",0.0,0.004,0.0013333333333333333,0.80016666162014,29917440
c45b3d86175e,bdh_cq,propagate,12500,4,mild,"{""dim"": 1, ""distance"": 6, ""length"": 12, ""n_sources"": 1}",3,True,False,0,0.020666666666666667,0.013097921802925667,0.004,0.036,"[0.004, 0.022, 0.036]",0.004,0.036,0.020666666666666667,0.863777777949969,29917440
c45b3d86175e,bdh_cq,propagate,12500,4,mild,"{""dim"": 1, ""distance"": 8, ""length"": 12, ""n_sources"": 1}",3,True,False,0,0.025333333333333333,0.01715290710702481,0.004,0.046,"[0.046, 0.026, 0.004]",0.004,0.046000000000000006,0.025333333333333333,0.8436111056804657,29917440
c45b3d86175e,bdh_cq,propagate,15000,4,mild,"{""dim"": 1, ""distance"": 6, ""length"": 12, ""n_sources"": 1}",3,True,False,0,0.016666666666666666,0.020805982045769646,0.0,0.046,"[0.004, 0.0, 0.046]",0.0,0.046000000000000006,0.016666666666666666,0.8566666670242945,29917440
c45b3d86175e,bdh_cq,propagate,15000,4,mild,"{""dim"": 1, ""distance"": 8, ""length"": 12, ""n_sources"": 1}",3,True,False,0,0.02,0.02262741699796952,0.004,0.052,"[0.052, 0.004, 0.004]",0.004,0.052,0.02,0.8409999962647756,29917440
c45b3d86175e,bdh_cq,propagate,17500,4,mild,"{""dim"": 1, ""distance"": 6, ""length"": 12, ""n_sources"": 1}",3,True,False,0,0.004666666666666667,0.004109609335312651,0.0,0.01,"[0.004, 0.0, 0.01]",0.0,0.01,0.004666666666666667,0.8434999996026358,29917440
c45b3d86175e,bdh_cq,propagate,17500,4,mild,"{""dim"": 1, ""distance"": 8, ""length"": 12, ""n_sources"": 1}",3,True,False,0,0.008666666666666668,0.006798692684790379,0.002,0.018,"[0.018, 0.006, 0.002]",0.002,0.018,0.008666666666666668,0.8348333304723105,29917440
c45b3d86175e,bdh_cq,propagate,20000,4,mild,"{""dim"": 1, ""distance"": 6, ""length"": 12, ""n_sources"": 1}",3,True,False,0,0.05466666666666666,0.06483483288754244,0.002,0.146,"[0.016, 0.002, 0.146]",0.002,0.146,0.05466666666666666,0.8659444473187129,29917440
c45b3d86175e,bdh_cq,propagate,20000,4,mild,"{""dim"": 1, ""distance"": 8, ""length"": 12, ""n_sources"": 1}",3,True,False,0,0.021333333333333333,0.02028683207293725,0.006,0.05,"[0.05, 0.008, 0.006]",0.006000000000000001,0.05000000000000001,0.021333333333333333,0.8493333325386048,29917440
c45b3d86175e,bdh_cq,propagate,22500,4,mild,"{""dim"": 1, ""distance"": 6, ""length"": 12, ""n_sources"": 1}",3,True,False,0,0.10599999999999998,0.09534498763263156,0.01,0.236,"[0.072, 0.01, 0.236]",0.01,0.236,0.10599999999999998,0.8804444471995035,29917440
c45b3d86175e,bdh_cq,propagate,22500,4,mild,"{""dim"": 1, ""distance"": 8, ""length"": 12, ""n_sources"": 1}",3,True,False,0,0.02666666666666667,0.03347967874530592,0.002,0.074,"[0.074, 0.004, 0.002]",0.002,0.074,0.02666666666666667,0.8654444457689922,29917440
c45b3d86175e,bdh_cq,propagate,25000,4,mild,"{""dim"": 1, ""distance"": 6, ""length"": 12, ""n_sources"": 1}",3,True,False,0,0.08666666666666667,0.09879721093679159,0.008,0.226,"[0.026, 0.008, 0.226]",0.008,0.226,0.08666666666666667,0.8690000012318292,29917440
c45b3d86175e,bdh_cq,propagate,25000,4,mild,"{""dim"": 1, ""distance"": 8, ""length"": 12, ""n_sources"": 1}",3,True,False,0,0.018666666666666668,0.022171052197754525,0.002,0.05,"[0.05, 0.002, 0.004]",0.002,0.05000000000000001,0.018666666666666668,0.8448888878822327,29917440
c45b3d86175e,bdh_cq,propagate,27500,4,mild,"{""dim"": 1, ""distance"": 6, ""length"": 12, ""n_sources"": 1}",3,True,False,0,0.12866666666666668,0.12176845057549002,0.028,0.3,"[0.058, 0.028, 0.3]",0.028,0.3,0.12866666666666668,0.8778888918161393,29917440
c45b3d86175e,bdh_cq,propagate,27500,4,mild,"{""dim"": 1, ""distance"": 8, ""length"": 12, ""n_sources"": 1}",3,True,False,0,0.004666666666666667,0.004109609335312651,0.0,0.01,"[0.01, 0.0, 0.004]",0.0,0.01,0.004666666666666667,0.8296111086209614,29917440
c45b3d86175e,bdh_cq,propagate,30000,4,mild,"{""dim"": 1, ""distance"": 6, ""length"": 12, ""n_sources"": 1}",3,True,False,0,0.18000000000000002,0.16502929032952504,0.042,0.412,"[0.086, 0.042, 0.412]",0.042,0.412,0.18000000000000002,0.8858888903856278,29917440
c45b3d86175e,bdh_cq,propagate,30000,4,mild,"{""dim"": 1, ""distance"": 8, ""length"": 12, ""n_sources"": 1}",3,True,False,0,0.02666666666666667,0.028394052585395804,0.0,0.066,"[0.066, 0.0, 0.014]",0.0,0.066,0.02666666666666667,0.841333331624667,29917440
c45b3d86175e,bdh_cq,propagate,32500,4,mild,"{""dim"": 1, ""distance"": 6, ""length"": 12, ""n_sources"": 1}",3,True,False,0,0.206,0.19661807309265003,0.02,0.478,"[0.12, 0.02, 0.478]",0.02,0.478,0.206,0.8911111139853795,29917440
c45b3d86175e,bdh_cq,propagate,32500,4,mild,"{""dim"": 1, ""distance"": 8, ""length"": 12, ""n_sources"": 1}",3,True,False,0,0.013999999999999999,0.01574801574802362,0.0,0.036,"[0.036, 0.0, 0.006]",0.0,0.036,0.013999999999999999,0.8417777760028838,29917440
c45b3d86175e,bdh_cq,propagate,35000,4,mild,"{""dim"": 1, ""distance"": 6, ""length"": 12, ""n_sources"": 1}",3,True,False,0,0.19133333333333333,0.16781206419351646,0.022,0.42,"[0.132, 0.022, 0.42]",0.022000000000000002,0.42,0.19133333333333333,0.8887777803341548,29917440
c45b3d86175e,bdh_cq,propagate,35000,4,mild,"{""dim"": 1, ""distance"": 8, ""length"": 12, ""n_sources"": 1}",3,True,False,0,0.029333333333333333,0.03597530016861878,0.0,0.08,"[0.08, 0.0, 0.008]",0.0,0.08,0.029333333333333333,0.8481111106077829,29917440
c45b3d86175e,bdh_cq,propagate,37500,4,mild,"{""dim"": 1, ""distance"": 6, ""length"": 12, ""n_sources"": 1}",3,True,False,0,0.19399999999999998,0.1753396703544295,0.02,0.434,"[0.128, 0.02, 0.434]",0.02,0.434,0.19399999999999998,0.89194444723924,29917440
c45b3d86175e,bdh_cq,propagate,37500,4,mild,"{""dim"": 1, ""distance"": 8, ""length"": 12, ""n_sources"": 1}",3,True,False,0,0.021333333333333333,0.021060758665241753,0.0,0.05,"[0.05, 0.0, 0.014]",0.0,0.05000000000000001,0.021333333333333333,0.8502777785460154,29917440
c45b3d86175e,bdh_cq,propagate,40000,4,mild,"{""dim"": 1, ""distance"": 6, ""length"": 12, ""n_sources"": 1}",3,True,False,0,0.19666666666666666,0.17509108740563836,0.022,0.436,"[0.132, 0.022, 0.436]",0.022000000000000002,0.436,0.19666666666666666,0.8922777806520462,29917440
c45b3d86175e,bdh_cq,propagate,40000,4,mild,"{""dim"": 1, ""distance"": 8, ""length"": 12, ""n_sources"": 1}",3,True,False,0,0.017333333333333336,0.017913371790059206,0.0,0.042,"[0.042, 0.0, 0.01]",0.0,0.042,0.017333333333333336,0.8493333342472713,29917440
c45b3d86175e,bdh_cq,propagate,40000,8,mild,"{""dim"": 1, ""distance"": 6, ""length"": 12, ""n_sources"": 1}",3,True,False,0,0.0,0.0,0.0,0.0,"[0.0, 0.0, 0.0]",0.0,0.0,0.0,0.7652777759234111,29917440
c45b3d86175e,bdh_cq,propagate,40000,8,mild,"{""dim"": 1, ""distance"": 8, ""length"": 12, ""n_sources"": 1}",3,True,False,0,0.0,0.0,0.0,0.0,"[0.0, 0.0, 0.0]",0.0,0.0,0.0,0.7367777742743492,29917440
c45b3d86175e,bdh_cq,propagate,2500,16,mild,"{""dim"": 1, ""distance"": 6, ""length"": 12, ""n_sources"": 1}",3,True,False,0,0.0,0.0,0.0,0.0,"[0.0, 0.0, 0.0]",0.0,0.0,0.0,0.7640555448532105,29917440
c45b3d86175e,bdh_cq,propagate,2500,16,mild,"{""dim"": 1, ""distance"": 8, ""length"": 12, ""n_sources"": 1}",3,True,False,0,0.0,0.0,0.0,0.0,"[0.0, 0.0, 0.0]",0.0,0.0,0.0,0.7667222102483113,29917440
c45b3d86175e,bdh_cq,propagate,5000,16,mild,"{""dim"": 1, ""distance"": 6, ""length"": 12, ""n_sources"": 1}",3,True,False,0,0.0,0.0,0.0,0.0,"[0.0, 0.0, 0.0]",0.0,0.0,0.0,0.753277773797512,29917440
c45b3d86175e,bdh_cq,propagate,5000,16,mild,"{""dim"": 1, ""distance"": 8, ""length"": 12, ""n_sources"": 1}",3,True,False,0,0.0,0.0,0.0,0.0,"[0.0, 0.0, 0.0]",0.0,0.0,0.0,0.7483888842513163,29917440
c45b3d86175e,bdh_cq,propagate,7500,16,mild,"{""dim"": 1, ""distance"": 6, ""length"": 12, ""n_sources"": 1}",3,True,False,0,0.0,0.0,0.0,0.0,"[0.0, 0.0, 0.0]",0.0,0.0,0.0,0.7753888828953107,29917440
c45b3d86175e,bdh_cq,propagate,7500,16,mild,"{""dim"": 1, ""distance"": 8, ""length"": 12, ""n_sources"": 1}",3,True,False,0,0.0,0.0,0.0,0.0,"[0.0, 0.0, 0.0]",0.0,0.0,0.0,0.7731666607409716,29917440
c45b3d86175e,bdh_cq,propagate,10000,16,mild,"{""dim"": 1, ""distance"": 6, ""length"": 12, ""n_sources"": 1}",3,True,False,0,0.0,0.0,0.0,0.0,"[0.0, 0.0, 0.0]",0.0,0.0,0.0,0.7486666655143103,29917440
c45b3d86175e,bdh_cq,propagate,10000,16,mild,"{""dim"": 1, ""distance"": 8, ""length"": 12, ""n_sources"": 1}",3,True,False,0,0.0,0.0,0.0,0.0,"[0.0, 0.0, 0.0]",0.0,0.0,0.0,0.7597777754863103,29917440
c45b3d86175e,bdh_cq,propagate,12500,16,mild,"{""dim"": 1, ""distance"": 6, ""length"": 12, ""n_sources"": 1}",3,True,False,0,0.0,0.0,0.0,0.0,"[0.0, 0.0, 0.0]",0.0,0.0,0.0,0.7473888885577521,29917440
c45b3d86175e,bdh_cq,propagate,12500,16,mild,"{""dim"": 1, ""distance"": 8, ""length"": 12, ""n_sources"": 1}",3,True,False,0,0.0,0.0,0.0,0.0,"[0.0, 0.0, 0.0]",0.0,0.0,0.0,0.7608888862530391,29917440
c45b3d86175e,bdh_cq,propagate,15000,16,mild,"{""dim"": 1, ""distance"": 6, ""length"": 12, ""n_sources"": 1}",3,True,False,0,0.0,0.0,0.0,0.0,"[0.0, 0.0, 0.0]",0.0,0.0,0.0,0.7460555557807286,29917440
c45b3d86175e,bdh_cq,propagate,15000,16,mild,"{""dim"": 1, ""distance"": 8, ""length"": 12, ""n_sources"": 1}",3,True,False,0,0.0,0.0,0.0,0.0,"[0.0, 0.0, 0.0]",0.0,0.0,0.0,0.7587222195863723,29917440
c45b3d86175e,bdh_cq,propagate,17500,16,mild,"{""dim"": 1, ""distance"": 6, ""length"": 12, ""n_sources"": 1}",3,True,False,0,0.0,0.0,0.0,0.0,"[0.0, 0.0, 0.0]",0.0,0.0,0.0,0.7588888861139615,29917440
c45b3d86175e,bdh_cq,propagate,17500,16,mild,"{""dim"": 1, ""distance"": 8, ""length"": 12, ""n_sources"": 1}",3,True,False,0,0.0,0.0,0.0,0.0,"[0.0, 0.0, 0.0]",0.0,0.0,0.0,0.741166662454605,29917440
c45b3d86175e,bdh_cq,propagate,20000,16,mild,"{""dim"": 1, ""distance"": 6, ""length"": 12, ""n_sources"": 1}",3,True,False,0,0.0,0.0,0.0,0.0,"[0.0, 0.0, 0.0]",0.0,0.0,0.0,0.7545555543502172,29917440
c45b3d86175e,bdh_cq,propagate,20000,16,mild,"{""dim"": 1, ""distance"": 8, ""length"": 12, ""n_sources"": 1}",3,True,False,0,0.0,0.0,0.0,0.0,"[0.0, 0.0, 0.0]",0.0,0.0,0.0,0.7412222197850545,29917440
c45b3d86175e,bdh_cq,propagate,22500,16,mild,"{""dim"": 1, ""distance"": 6, ""length"": 12, ""n_sources"": 1}",3,True,False,0,0.0,0.0,0.0,0.0,"[0.0, 0.0, 0.0]",0.0,0.0,0.0,0.7558333309292794,29917440
c45b3d86175e,bdh_cq,propagate,22500,16,mild,"{""dim"": 1, ""distance"": 8, ""length"": 12, ""n_sources"": 1}",3,True,False,0,0.0,0.0,0.0,0.0,"[0.0, 0.0, 0.0]",0.0,0.0,0.0,0.7446111078262329,29917440
c45b3d86175e,bdh_cq,propagate,25000,16,mild,"{""dim"": 1, ""distance"": 6, ""length"": 12, ""n_sources"": 1}",3,True,False,0,0.0,0.0,0.0,0.0,"[0.0, 0.0, 0.0]",0.0,0.0,0.0,0.7449444430271784,29917440
c45b3d86175e,bdh_cq,propagate,25000,16,mild,"{""dim"": 1, ""distance"": 8, ""length"": 12, ""n_sources"": 1}",3,True,False,0,0.0,0.0,0.0,0.0,"[0.0, 0.0, 0.0]",0.0,0.0,0.0,0.7333888862729072,29917440
c45b3d86175e,bdh_cq,propagate,27500,16,mild,"{""dim"": 1, ""distance"": 6, ""length"": 12, ""n_sources"": 1}",3,True,False,0,0.0,0.0,0.0,0.0,"[0.0, 0.0, 0.0]",0.0,0.0,0.0,0.754388886988163,29917440
c45b3d86175e,bdh_cq,propagate,27500,16,mild,"{""dim"": 1, ""distance"": 8, ""length"": 12, ""n_sources"": 1}",3,True,False,0,0.0,0.0,0.0,0.0,"[0.0, 0.0, 0.0]",0.0,0.0,0.0,0.7397777734994889,29917440
c45b3d86175e,bdh_cq,propagate,30000,16,mild,"{""dim"": 1, ""distance"": 6, ""length"": 12, ""n_sources"": 1}",3,True,False,0,0.0,0.0,0.0,0.0,"[0.0, 0.0, 0.0]",0.0,0.0,0.0,0.7526666652758917,29917440
c45b3d86175e,bdh_cq,propagate,30000,16,mild,"{""dim"": 1, ""distance"": 8, ""length"": 12, ""n_sources"": 1}",3,True,False,0,0.0,0.0,0.0,0.0,"[0.0, 0.0, 0.0]",0.0,0.0,0.0,0.7377777735789617,29917440
c45b3d86175e,bdh_cq,propagate,32500,16,mild,"{""dim"": 1, ""distance"": 6, ""length"": 12, ""n_sources"": 1}",3,True,False,0,0.0,0.0,0.0,0.0,"[0.0, 0.0, 0.0]",0.0,0.0,0.0,0.7544444423715273,29917440
c45b3d86175e,bdh_cq,propagate,32500,16,mild,"{""dim"": 1, ""distance"": 8, ""length"": 12, ""n_sources"": 1}",3,True,False,0,0.0,0.0,0.0,0.0,"[0.0, 0.0, 0.0]",0.0,0.0,0.0,0.7385555508931478,29917440
c45b3d86175e,bdh_cq,propagate,35000,16,mild,"{""dim"": 1, ""distance"": 6, ""length"": 12, ""n_sources"": 1}",3,True,False,0,0.0,0.0,0.0,0.0,"[0.0, 0.0, 0.0]",0.0,0.0,0.0,0.7492777761220931,29917440
c45b3d86175e,bdh_cq,propagate,35000,16,mild,"{""dim"": 1, ""distance"": 8, ""length"": 12, ""n_sources"": 1}",3,True,False,0,0.0,0.0,0.0,0.0,"[0.0, 0.0, 0.0]",0.0,0.0,0.0,0.7341666630307833,29917440
c45b3d86175e,bdh_cq,propagate,37500,16,mild,"{""dim"": 1, ""distance"": 6, ""length"": 12, ""n_sources"": 1}",3,True,False,0,0.0,0.0,0.0,0.0,"[0.0, 0.0, 0.0]",0.0,0.0,0.0,0.7523888870278994,29917440
c45b3d86175e,bdh_cq,propagate,37500,16,mild,"{""dim"": 1, ""distance"": 8, ""length"": 12, ""n_sources"": 1}",3,True,False,0,0.0,0.0,0.0,0.0,"[0.0, 0.0, 0.0]",0.0,0.0,0.0,0.738166662255923,29917440
c45b3d86175e,bdh_cq,propagate,40000,16,mild,"{""dim"": 1, ""distance"": 6, ""length"": 12, ""n_sources"": 1}",3,True,False,0,0.0,0.0,0.0,0.0,"[0.0, 0.0, 0.0]",0.0,0.0,0.0,0.7517222204407056,29917440
c45b3d86175e,bdh_cq,propagate,40000,16,mild,"{""dim"": 1, ""distance"": 8, ""length"": 12, ""n_sources"": 1}",3,True,False,0,0.0,0.0,0.0,0.0,"[0.0, 0.0, 0.0]",0.0,0.0,0.0,0.7365555511514345,29917440
c45b3d86175e,bdh_cq,propagate,40000,32,mild,"{""dim"": 1, ""distance"": 6, ""length"": 12, ""n_sources"": 1}",3,True,False,0,0.0,0.0,0.0,0.0,"[0.0, 0.0, 0.0]",0.0,0.0,0.0,0.7171111115217208,29917440
c45b3d86175e,bdh_cq,propagate,40000,32,mild,"{""dim"": 1, ""distance"": 8, ""length"": 12, ""n_sources"": 1}",3,True,False,0,0.0,0.0,0.0,0.0,"[0.0, 0.0, 0.0]",0.0,0.0,0.0,0.7138333331942559,29917440
c45b3d86175e,bdh_cq,propagate,2500,1,strong,"{""dim"": 1, ""distance"": 12, ""length"": 48, ""n_sources"": 1}",3,True,False,0,0.0,0.0,0.0,0.0,"[0.0, 0.0, 0.0]",0.0,0.0,0.0,0.7514722105860709,29917440
c45b3d86175e,bdh_cq,propagate,2500,1,strong,"{""dim"": 1, ""distance"": 24, ""length"": 48, ""n_sources"": 1}",3,True,False,0,0.0,0.0,0.0,0.0,"[0.0, 0.0, 0.0]",0.0,0.0,0.0,0.6539305560787518,29917440
c45b3d86175e,bdh_cq,propagate,5000,1,strong,"{""dim"": 1, ""distance"": 12, ""length"": 48, ""n_sources"": 1}",3,True,False,0,0.0,0.0,0.0,0.0,"[0.0, 0.0, 0.0]",0.0,0.0,0.0,0.7472638754447302,29917440
c45b3d86175e,bdh_cq,propagate,5000,1,strong,"{""dim"": 1, ""distance"": 24, ""length"": 48, ""n_sources"": 1}",3,True,False,0,0.0,0.0,0.0,0.0,"[0.0, 0.0, 0.0]",0.0,0.0,0.0,0.6139722236394882,29917440
c45b3d86175e,bdh_cq,propagate,7500,1,strong,"{""dim"": 1, ""distance"": 12, ""length"": 48, ""n_sources"": 1}",3,True,False,0,0.0,0.0,0.0,0.0,"[0.0, 0.0, 0.0]",0.0,0.0,0.0,0.8075555468797684,29917440
c45b3d86175e,bdh_cq,propagate,7500,1,strong,"{""dim"": 1, ""distance"": 24, ""length"": 48, ""n_sources"": 1}",3,True,False,0,0.0,0.0,0.0,0.0,"[0.0, 0.0, 0.0]",0.0,0.0,0.0,0.7446249990860622,29917440
c45b3d86175e,bdh_cq,propagate,10000,1,strong,"{""dim"": 1, ""distance"": 12, ""length"": 48, ""n_sources"": 1}",3,True,False,0,0.0,0.0,0.0,0.0,"[0.0, 0.0, 0.0]",0.0,0.0,0.0,0.791958324511846,29917440
c45b3d86175e,bdh_cq,propagate,10000,1,strong,"{""dim"": 1, ""distance"": 24, ""length"": 48, ""n_sources"": 1}",3,True,False,0,0.0,0.0,0.0,0.0,"[0.0, 0.0, 0.0]",0.0,0.0,0.0,0.7185277765393256,29917440
c45b3d86175e,bdh_cq,propagate,12500,1,strong,"{""dim"": 1, ""distance"": 12, ""length"": 48, ""n_sources"": 1}",3,True,False,0,0.0,0.0,0.0,0.0,"[0.0, 0.0, 0.0]",0.0,0.0,0.0,0.7738333224455515,29917440
c45b3d86175e,bdh_cq,propagate,12500,1,strong,"{""dim"": 1, ""distance"": 24, ""length"": 48, ""n_sources"": 1}",3,True,False,0,0.0,0.0,0.0,0.0,"[0.0, 0.0, 0.0]",0.0,0.0,0.0,0.6561805561582247,29917440
c45b3d86175e,bdh_cq,propagate,15000,1,strong,"{""dim"": 1, ""distance"": 12, ""length"": 48, ""n_sources"": 1}",3,True,False,0,0.0,0.0,0.0,0.0,"[0.0, 0.0, 0.0]",0.0,0.0,0.0,0.7647361001968385,29917440
c45b3d86175e,bdh_cq,propagate,15000,1,strong,"{""dim"": 1, ""distance"": 24, ""length"": 48, ""n_sources"": 1}",3,True,False,0,0.0,0.0,0.0,0.0,"[0.0, 0.0, 0.0]",0.0,0.0,0.0,0.6184861124356588,29917440
c45b3d86175e,bdh_cq,propagate,17500,1,strong,"{""dim"": 1, ""distance"": 12, ""length"": 48, ""n_sources"": 1}",3,True,False,0,0.0,0.0,0.0,0.0,"[0.0, 0.0, 0.0]",0.0,0.0,0.0,0.769972211877505,29917440
c45b3d86175e,bdh_cq,propagate,17500,1,strong,"{""dim"": 1, ""distance"": 24, ""length"": 48, ""n_sources"": 1}",3,True,False,0,0.0,0.0,0.0,0.0,"[0.0, 0.0, 0.0]",0.0,0.0,0.0,0.6324444451928138,29917440
c45b3d86175e,bdh_cq,propagate,20000,1,strong,"{""dim"": 1, ""distance"": 12, ""length"": 48, ""n_sources"": 1}",3,True,False,0,0.0,0.0,0.0,0.0,"[0.0, 0.0, 0.0]",0.0,0.0,0.0,0.7486110990842184,29917440
c45b3d86175e,bdh_cq,propagate,20000,1,strong,"{""dim"": 1, ""distance"": 24, ""length"": 48, ""n_sources"": 1}",3,True,False,0,0.0,0.0,0.0,0.0,"[0.0, 0.0, 0.0]",0.0,0.0,0.0,0.5742222232520581,29917440
c45b3d86175e,bdh_cq,propagate,22500,1,strong,"{""dim"": 1, ""distance"": 12, ""length"": 48, ""n_sources"": 1}",3,True,False,0,0.0,0.0,0.0,0.0,"[0.0, 0.0, 0.0]",0.0,0.0,0.0,0.7662361009716987,29917440
c45b3d86175e,bdh_cq,propagate,22500,1,strong,"{""dim"": 1, ""distance"": 24, ""length"": 48, ""n_sources"": 1}",3,True,False,0,0.0,0.0,0.0,0.0,"[0.0, 0.0, 0.0]",0.0,0.0,0.0,0.6177083339293797,29917440
c45b3d86175e,bdh_cq,propagate,25000,1,strong,"{""dim"": 1, ""distance"": 12, ""length"": 48, ""n_sources"": 1}",3,True,False,0,0.0,0.0,0.0,0.0,"[0.0, 0.0, 0.0]",0.0,0.0,0.0,0.7722361020048458,29917440
c45b3d86175e,bdh_cq,propagate,25000,1,strong,"{""dim"": 1, ""distance"": 24, ""length"": 48, ""n_sources"": 1}",3,True,False,0,0.0,0.0,0.0,0.0,"[0.0, 0.0, 0.0]",0.0,0.0,0.0,0.6244027780890464,29917440
c45b3d86175e,bdh_cq,propagate,27500,1,strong,"{""dim"": 1, ""distance"": 12, ""length"": 48, ""n_sources"": 1}",3,True,False,0,0.0,0.0,0.0,0.0,"[0.0, 0.0, 0.0]",0.0,0.0,0.0,0.7577499899665514,29917440
c45b3d86175e,bdh_cq,propagate,27500,1,strong,"{""dim"": 1, ""distance"": 24, ""length"": 48, ""n_sources"": 1}",3,True,False,0,0.0,0.0,0.0,0.0,"[0.0, 0.0, 0.0]",0.0,0.0,0.0,0.5938055550257365,29917440
c45b3d86175e,bdh_cq,propagate,30000,1,strong,"{""dim"": 1, ""distance"": 12, ""length"": 48, ""n_sources"": 1}",3,True,False,0,0.0,0.0,0.0,0.0,"[0.0, 0.0, 0.0]",0.0,0.0,0.0,0.7635833241740863,29917440
c45b3d86175e,bdh_cq,propagate,30000,1,strong,"{""dim"": 1, ""distance"": 24, ""length"": 48, ""n_sources"": 1}",3,True,False,0,0.0,0.0,0.0,0.0,"[0.0, 0.0, 0.0]",0.0,0.0,0.0,0.6011944444775582,29917440
c45b3d86175e,bdh_cq,propagate,32500,1,strong,"{""dim"": 1, ""distance"": 12, ""length"": 48, ""n_sources"": 1}",3,True,False,0,0.0,0.0,0.0,0.0,"[0.0, 0.0, 0.0]",0.0,0.0,0.0,0.7534722128907839,29917440
c45b3d86175e,bdh_cq,propagate,32500,1,strong,"{""dim"": 1, ""distance"": 24, ""length"": 48, ""n_sources"": 1}",3,True,False,0,0.0,0.0,0.0,0.0,"[0.0, 0.0, 0.0]",0.0,0.0,0.0,0.5882499996423721,29917440
c45b3d86175e,bdh_cq,propagate,35000,1,strong,"{""dim"": 1, ""distance"": 12, ""length"": 48, ""n_sources"": 1}",3,True,False,0,0.0,0.0,0.0,0.0,"[0.0, 0.0, 0.0]",0.0,0.0,0.0,0.7562916570504506,29917440
c45b3d86175e,bdh_cq,propagate,35000,1,strong,"{""dim"": 1, ""distance"": 24, ""length"": 48, ""n_sources"": 1}",3,True,False,0,0.0,0.0,0.0,0.0,"[0.0, 0.0, 0.0]",0.0,0.0,0.0,0.5897638893524806,29917440
c45b3d86175e,bdh_cq,propagate,37500,1,strong,"{""dim"": 1, ""distance"": 12, ""length"": 48, ""n_sources"": 1}",3,True,False,0,0.0,0.0,0.0,0.0,"[0.0, 0.0, 0.0]",0.0,0.0,0.0,0.7566527681748072,29917440
c45b3d86175e,bdh_cq,propagate,37500,1,strong,"{""dim"": 1, ""distance"": 24, ""length"": 48, ""n_sources"": 1}",3,True,False,0,0.0,0.0,0.0,0.0,"[0.0, 0.0, 0.0]",0.0,0.0,0.0,0.5910694446663062,29917440
c45b3d86175e,bdh_cq,propagate,40000,1,strong,"{""dim"": 1, ""distance"": 12, ""length"": 48, ""n_sources"": 1}",3,True,False,0,0.0,0.0,0.0,0.0,"[0.0, 0.0, 0.0]",0.0,0.0,0.0,0.7555277677377065,29917440
c45b3d86175e,bdh_cq,propagate,40000,1,strong,"{""dim"": 1, ""distance"": 24, ""length"": 48, ""n_sources"": 1}",3,True,False,0,0.0,0.0,0.0,0.0,"[0.0, 0.0, 0.0]",0.0,0.0,0.0,0.5888333338002364,29917440
c45b3d86175e,bdh_cq,propagate,40000,2,strong,"{""dim"": 1, ""distance"": 12, ""length"": 48, ""n_sources"": 1}",3,True,False,0,0.0,0.0,0.0,0.0,"[0.0, 0.0, 0.0]",0.0,0.0,0.0,0.7560416573286056,29917440
c45b3d86175e,bdh_cq,propagate,40000,2,strong,"{""dim"": 1, ""distance"": 24, ""length"": 48, ""n_sources"": 1}",3,True,False,0,0.0,0.0,0.0,0.0,"[0.0, 0.0, 0.0]",0.0,0.0,0.0,0.5886666668554147,29917440
c45b3d86175e,bdh_cq,propagate,2500,4,strong,"{""dim"": 1, ""distance"": 12, ""length"": 48, ""n_sources"": 1}",3,True,False,0,0.0,0.0,0.0,0.0,"[0.0, 0.0, 0.0]",0.0,0.0,0.0,0.7523610993623734,29917440
c45b3d86175e,bdh_cq,propagate,2500,4,strong,"{""dim"": 1, ""distance"": 24, ""length"": 48, ""n_sources"": 1}",3,True,False,0,0.0,0.0,0.0,0.0,"[0.0, 0.0, 0.0]",0.0,0.0,0.0,0.6570416675209999,29917440
c45b3d86175e,bdh_cq,propagate,5000,4,strong,"{""dim"": 1, ""distance"": 12, ""length"": 48, ""n_sources"": 1}",3,True,False,0,0.0,0.0,0.0,0.0,"[0.0, 0.0, 0.0]",0.0,0.0,0.0,0.7441527641614277,29917440
c45b3d86175e,bdh_cq,propagate,5000,4,strong,"{""dim"": 1, ""distance"": 24, ""length"": 48, ""n_sources"": 1}",3,True,False,0,0.0,0.0,0.0,0.0,"[0.0, 0.0, 0.0]",0.0,0.0,0.0,0.6091527794798215,29917440
c45b3d86175e,bdh_cq,propagate,7500,4,strong,"{""dim"": 1, ""distance"": 12, ""length"": 48, ""n_sources"": 1}",3,True,False,0,0.0,0.0,0.0,0.0,"[0.0, 0.0, 0.0]",0.0,0.0,0.0,0.8053472138643265,29917440
c45b3d86175e,bdh_cq,propagate,7500,4,strong,"{""dim"": 1, ""distance"": 24, ""length"": 48, ""n_sources"": 1}",3,True,False,0,0.0,0.0,0.0,0.0,"[0.0, 0.0, 0.0]",0.0,0.0,0.0,0.7373333322405816,29917440
c45b3d86175e,bdh_cq,propagate,10000,4,strong,"{""dim"": 1, ""distance"": 12, ""length"": 48, ""n_sources"": 1}",3,True,False,0,0.0,0.0,0.0,0.0,"[0.0, 0.0, 0.0]",0.0,0.0,0.0,0.7885972126722335,29917440
c45b3d86175e,bdh_cq,propagate,10000,4,strong,"{""dim"": 1, ""distance"": 24, ""length"": 48, ""n_sources"": 1}",3,True,False,0,0.0,0.0,0.0,0.0,"[0.0, 0.0, 0.0]",0.0,0.0,0.0,0.7099722216924031,29917440
c45b3d86175e,bdh_cq,propagate,12500,4,strong,"{""dim"": 1, ""distance"": 12, ""length"": 48, ""n_sources"": 1}",3,True,False,0,0.0,0.0,0.0,0.0,"[0.0, 0.0, 0.0]",0.0,0.0,0.0,0.76802776658535,29917440
c45b3d86175e,bdh_cq,propagate,12500,4,strong,"{""dim"": 1, ""distance"": 24, ""length"": 48, ""n_sources"": 1}",3,True,False,0,0.0,0.0,0.0,0.0,"[0.0, 0.0, 0.0]",0.0,0.0,0.0,0.6432500009934108,29917440
c45b3d86175e,bdh_cq,propagate,15000,4,strong,"{""dim"": 1, ""distance"": 12, ""length"": 48, ""n_sources"": 1}",3,True,False,0,0.0,0.0,0.0,0.0,"[0.0, 0.0, 0.0]",0.0,0.0,0.0,0.762986100077629,29917440
c45b3d86175e,bdh_cq,propagate,15000,4,strong,"{""dim"": 1, ""distance"": 24, ""length"": 48, ""n_sources"": 1}",3,True,False,0,0.0,0.0,0.0,0.0,"[0.0, 0.0, 0.0]",0.0,0.0,0.0,0.612361112733682,29917440
c45b3d86175e,bdh_cq,propagate,17500,4,strong,"{""dim"": 1, ""distance"": 12, ""length"": 48, ""n_sources"": 1}",3,True,False,0,0.0,0.0,0.0,0.0,"[0.0, 0.0, 0.0]",0.0,0.0,0.0,0.7661249893903732,29917440
c45b3d86175e,bdh_cq,propagate,17500,4,strong,"{""dim"": 1, ""distance"": 24, ""length"": 48, ""n_sources"": 1}",3,True,False,0,0.0,0.0,0.0,0.0,"[0.0, 0.0, 0.0]",0.0,0.0,0.0,0.6223055568734804,29917440
c45b3d86175e,bdh_cq,propagate,20000,4,strong,"{""dim"": 1, ""distance"": 12, ""length"": 48, ""n_sources"": 1}",3,True,False,0,0.0,0.0,0.0,0.0,"[0.0, 0.0, 0.0]",0.0,0.0,0.0,0.748736099779606,29917440
c45b3d86175e,bdh_cq,propagate,20000,4,strong,"{""dim"": 1, ""distance"": 24, ""length"": 48, ""n_sources"": 1}",3,True,False,0,0.0,0.0,0.0,0.0,"[0.0, 0.0, 0.0]",0.0,0.0,0.0,0.575180556923151,29917440
c45b3d86175e,bdh_cq,propagate,22500,4,strong,"{""dim"": 1, ""distance"": 12, ""length"": 48, ""n_sources"": 1}",3,True,False,0,0.0,0.0,0.0,0.0,"[0.0, 0.0, 0.0]",0.0,0.0,0.0,0.765777768055598,29917440
c45b3d86175e,bdh_cq,propagate,22500,4,strong,"{""dim"": 1, ""distance"": 24, ""length"": 48, ""n_sources"": 1}",3,True,False,0,0.0,0.0,0.0,0.0,"[0.0, 0.0, 0.0]",0.0,0.0,0.0,0.6160972236394882,29917440
c45b3d86175e,bdh_cq,propagate,25000,4,strong,"{""dim"": 1, ""distance"": 12, ""length"": 48, ""n_sources"": 1}",3,True,False,0,0.0,0.0,0.0,0.0,"[0.0, 0.0, 0.0]",0.0,0.0,0.0,0.7703749912579854,29917440
c45b3d86175e,bdh_cq,propagate,25000,4,strong,"{""dim"": 1, ""distance"": 24, ""length"": 48, ""n_sources"": 1}",3,True,False,0,0.0,0.0,0.0,0.0,"[0.0, 0.0, 0.0]",0.0,0.0,0.0,0.6218888897498448,29917440
c45b3d86175e,bdh_cq,propagate,27500,4,strong,"{""dim"": 1, ""distance"": 12, ""length"": 48, ""n_sources"": 1}",3,True,False,0,0.0,0.0,0.0,0.0,"[0.0, 0.0, 0.0]",0.0,0.0,0.0,0.7589999907712142,29917440
c45b3d86175e,bdh_cq,propagate,27500,4,strong,"{""dim"": 1, ""distance"": 24, ""length"": 48, ""n_sources"": 1}",3,True,False,0,0.0,0.0,0.0,0.0,"[0.0, 0.0, 0.0]",0.0,0.0,0.0,0.5984583338101706,29917440
c45b3d86175e,bdh_cq,propagate,30000,4,strong,"{""dim"": 1, ""distance"": 12, ""length"": 48, ""n_sources"": 1}",3,True,False,0,0.0,0.0,0.0,0.0,"[0.0, 0.0, 0.0]",0.0,0.0,0.0,0.7638888801236948,29917440
c45b3d86175e,bdh_cq,propagate,30000,4,strong,"{""dim"": 1, ""distance"": 24, ""length"": 48, ""n_sources"": 1}",3,True,False,0,0.0,0.0,0.0,0.0,"[0.0, 0.0, 0.0]",0.0,0.0,0.0,0.604999999721845,29917440
c45b3d86175e,bdh_cq,propagate,32500,4,strong,"{""dim"": 1, ""distance"": 12, ""length"": 48, ""n_sources"": 1}",3,True,False,0,0.0,0.0,0.0,0.0,"[0.0, 0.0, 0.0]",0.0,0.0,0.0,0.7539444359540939,29917440
c45b3d86175e,bdh_cq,propagate,32500,4,strong,"{""dim"": 1, ""distance"": 24, ""length"": 48, ""n_sources"": 1}",3,True,False,0,0.0,0.0,0.0,0.0,"[0.0, 0.0, 0.0]",0.0,0.0,0.0,0.5916944441596667,29917440
c45b3d86175e,bdh_cq,propagate,35000,4,strong,"{""dim"": 1, ""distance"": 12, ""length"": 48, ""n_sources"": 1}",3,True,False,0,0.0,0.0,0.0,0.0,"[0.0, 0.0, 0.0]",0.0,0.0,0.0,0.7572638799250125,29917440
c45b3d86175e,bdh_cq,propagate,35000,4,strong,"{""dim"": 1, ""distance"": 24, ""length"": 48, ""n_sources"": 1}",3,True,False,0,0.0,0.0,0.0,0.0,"[0.0, 0.0, 0.0]",0.0,0.0,0.0,0.5932361107468606,29917440
c45b3d86175e,bdh_cq,propagate,37500,4,strong,"{""dim"": 1, ""distance"": 12, ""length"": 48, ""n_sources"": 1}",3,True,False,0,0.0,0.0,0.0,0.0,"[0.0, 0.0, 0.0]",0.0,0.0,0.0,0.7577083249092103,29917440
c45b3d86175e,bdh_cq,propagate,37500,4,strong,"{""dim"": 1, ""distance"": 24, ""length"": 48, ""n_sources"": 1}",3,True,False,0,0.0,0.0,0.0,0.0,"[0.0, 0.0, 0.0]",0.0,0.0,0.0,0.5955694445272286,29917440
c45b3d86175e,bdh_cq,propagate,40000,4,strong,"{""dim"": 1, ""distance"": 12, ""length"": 48, ""n_sources"": 1}",3,True,False,0,0.0,0.0,0.0,0.0,"[0.0, 0.0, 0.0]",0.0,0.0,0.0,0.7566111024419467,29917440
c45b3d86175e,bdh_cq,propagate,40000,4,strong,"{""dim"": 1, ""distance"": 24, ""length"": 48, ""n_sources"": 1}",3,True,False,0,0.0,0.0,0.0,0.0,"[0.0, 0.0, 0.0]",0.0,0.0,0.0,0.5928472225765388,29917440
c45b3d86175e,bdh_cq,propagate,40000,8,strong,"{""dim"": 1, ""distance"": 12, ""length"": 48, ""n_sources"": 1}",3,True,False,0,0.0,0.0,0.0,0.0,"[0.0, 0.0, 0.0]",0.0,0.0,0.0,0.7649305480718613,29917440
c45b3d86175e,bdh_cq,propagate,40000,8,strong,"{""dim"": 1, ""distance"": 24, ""length"": 48, ""n_sources"": 1}",3,True,False,0,0.0,0.0,0.0,0.0,"[0.0, 0.0, 0.0]",0.0,0.0,0.0,0.6153750007748604,29917440
c45b3d86175e,bdh_cq,propagate,2500,16,strong,"{""dim"": 1, ""distance"": 12, ""length"": 48, ""n_sources"": 1}",3,True,False,0,0.0,0.0,0.0,0.0,"[0.0, 0.0, 0.0]",0.0,0.0,0.0,0.7617916558086874,29917440
c45b3d86175e,bdh_cq,propagate,2500,16,strong,"{""dim"": 1, ""distance"": 24, ""length"": 48, ""n_sources"": 1}",3,True,False,0,0.0,0.0,0.0,0.0,"[0.0, 0.0, 0.0]",0.0,0.0,0.0,0.6831111109455427,29917440
c45b3d86175e,bdh_cq,propagate,5000,16,strong,"{""dim"": 1, ""distance"": 12, ""length"": 48, ""n_sources"": 1}",3,True,False,0,0.0,0.0,0.0,0.0,"[0.0, 0.0, 0.0]",0.0,0.0,0.0,0.750833320637544,29917440
c45b3d86175e,bdh_cq,propagate,5000,16,strong,"{""dim"": 1, ""distance"": 24, ""length"": 48, ""n_sources"": 1}",3,True,False,0,0.0,0.0,0.0,0.0,"[0.0, 0.0, 0.0]",0.0,0.0,0.0,0.6384166685541471,29917440
c45b3d86175e,bdh_cq,propagate,7500,16,strong,"{""dim"": 1, ""distance"": 12, ""length"": 48, ""n_sources"": 1}",3,True,False,0,0.0,0.0,0.0,0.0,"[0.0, 0.0, 0.0]",0.0,0.0,0.0,0.8066944383780162,29917440
c45b3d86175e,bdh_cq,propagate,7500,16,strong,"{""dim"": 1, ""distance"": 24, ""length"": 48, ""n_sources"": 1}",3,True,False,0,0.0,0.0,0.0,0.0,"[0.0, 0.0, 0.0]",0.0,0.0,0.0,0.7630277775526046,29917440
c45b3d86175e,bdh_cq,propagate,10000,16,strong,"{""dim"": 1, ""distance"": 12, ""length"": 48, ""n_sources"": 1}",3,True,False,0,0.0,0.0,0.0,0.0,"[0.0, 0.0, 0.0]",0.0,0.0,0.0,0.7782499909400941,29917440
c45b3d86175e,bdh_cq,propagate,10000,16,strong,"{""dim"": 1, ""distance"": 24, ""length"": 48, ""n_sources"": 1}",3,True,False,0,0.0,0.0,0.0,0.0,"[0.0, 0.0, 0.0]",0.0,0.0,0.0,0.7049166669348876,29917440
c45b3d86175e,bdh_cq,propagate,12500,16,strong,"{""dim"": 1, ""distance"": 12, ""length"": 48, ""n_sources"": 1}",3,True,False,0,0.0,0.0,0.0,0.0,"[0.0, 0.0, 0.0]",0.0,0.0,0.0,0.7597222114404043,29917440
c45b3d86175e,bdh_cq,propagate,12500,16,strong,"{""dim"": 1, ""distance"": 24, ""length"": 48, ""n_sources"": 1}",3,True,False,0,0.0,0.0,0.0,0.0,"[0.0, 0.0, 0.0]",0.0,0.0,0.0,0.6511388896405698,29917440
c45b3d86175e,bdh_cq,propagate,15000,16,strong,"{""dim"": 1, ""distance"": 12, ""length"": 48, ""n_sources"": 1}",3,True,False,0,0.0,0.0,0.0,0.0,"[0.0, 0.0, 0.0]",0.0,0.0,0.0,0.7623472114404043,29917440
c45b3d86175e,bdh_cq,propagate,15000,16,strong,"{""dim"": 1, ""distance"": 24, ""length"": 48, ""n_sources"": 1}",3,True,False,0,0.0,0.0,0.0,0.0,"[0.0, 0.0, 0.0]",0.0,0.0,0.0,0.6413750003278256,29917440
c45b3d86175e,bdh_cq,propagate,17500,16,strong,"{""dim"": 1, ""distance"": 12, ""length"": 48, ""n_sources"": 1}",3,True,False,0,0.0,0.0,0.0,0.0,"[0.0, 0.0, 0.0]",0.0,0.0,0.0,0.771472212433815,29917440
c45b3d86175e,bdh_cq,propagate,17500,16,strong,"{""dim"": 1, ""distance"": 24, ""length"": 48, ""n_sources"": 1}",3,True,False,0,0.0,0.0,0.0,0.0,"[0.0, 0.0, 0.0]",0.0,0.0,0.0,0.6577361105183761,29917440
c45b3d86175e,bdh_cq,propagate,20000,16,strong,"{""dim"": 1, ""distance"": 12, ""length"": 48, ""n_sources"": 1}",3,True,False,0,0.0,0.0,0.0,0.0,"[0.0, 0.0, 0.0]",0.0,0.0,0.0,0.7568888788223266,29917440
c45b3d86175e,bdh_cq,propagate,20000,16,strong,"{""dim"": 1, ""distance"": 24, ""length"": 48, ""n_sources"": 1}",3,True,False,0,0.0,0.0,0.0,0.0,"[0.0, 0.0, 0.0]",0.0,0.0,0.0,0.6231944454511007,29917440
c45b3d86175e,bdh_cq,propagate,22500,16,strong,"{""dim"": 1, ""distance"": 12, ""length"": 48, ""n_sources"": 1}",3,True,False,0,0.0,0.0,0.0,0.0,"[0.0, 0.0, 0.0]",0.0,0.0,0.0,0.7769722138643265,29917440
c45b3d86175e,bdh_cq,propagate,22500,16,strong,"{""dim"": 1, ""distance"": 24, ""length"": 48, ""n_sources"": 1}",3,True,False,0,0.0,0.0,0.0,0.0,"[0.0, 0.0, 0.0]",0.0,0.0,0.0,0.6746666672627132,29917440
c45b3d86175e,bdh_cq,propagate,25000,16,strong,"{""dim"": 1, ""distance"": 12, ""length"": 48, ""n_sources"": 1}",3,True,False,0,0.0,0.0,0.0,0.0,"[0.0, 0.0, 0.0]",0.0,0.0,0.0,0.7853055487076442,29917440
c45b3d86175e,bdh_cq,propagate,25000,16,strong,"{""dim"": 1, ""distance"": 24, ""length"": 48, ""n_sources"": 1}",3,True,False,0,0.0,0.0,0.0,0.0,"[0.0, 0.0, 0.0]",0.0,0.0,0.0,0.689708333114783,29917440
c45b3d86175e,bdh_cq,propagate,27500,16,strong,"{""dim"": 1, ""distance"": 12, ""length"": 48, ""n_sources"": 1}",3,True,False,0,0.0,0.0,0.0,0.0,"[0.0, 0.0, 0.0]",0.0,0.0,0.0,0.7714999917447568,29917440
c45b3d86175e,bdh_cq,propagate,27500,16,strong,"{""dim"": 1, ""distance"": 24, ""length"": 48, ""n_sources"": 1}",3,True,False,0,0.0,0.0,0.0,0.0,"[0.0, 0.0, 0.0]",0.0,0.0,0.0,0.653402777860562,29917440
c45b3d86175e,bdh_cq,propagate,30000,16,strong,"{""dim"": 1, ""distance"": 12, ""length"": 48, ""n_sources"": 1}",3,True,False,0,0.0,0.0,0.0,0.0,"[0.0, 0.0, 0.0]",0.0,0.0,0.0,0.7812638829151789,29917440
c45b3d86175e,bdh_cq,propagate,30000,16,strong,"{""dim"": 1, ""distance"": 24, ""length"": 48, ""n_sources"": 1}",3,True,False,0,0.0,0.0,0.0,0.0,"[0.0, 0.0, 0.0]",0.0,0.0,0.0,0.6699305553237598,29917440
c45b3d86175e,bdh_cq,propagate,32500,16,strong,"{""dim"": 1, ""distance"": 12, ""length"": 48, ""n_sources"": 1}",3,True,False,0,0.0,0.0,0.0,0.0,"[0.0, 0.0, 0.0]",0.0,0.0,0.0,0.7704583265384038,29917440
c45b3d86175e,bdh_cq,propagate,32500,16,strong,"{""dim"": 1, ""distance"": 24, ""length"": 48, ""n_sources"": 1}",3,True,False,0,0.0,0.0,0.0,0.0,"[0.0, 0.0, 0.0]",0.0,0.0,0.0,0.6578749997019767,29917440
c45b3d86175e,bdh_cq,propagate,35000,16,strong,"{""dim"": 1, ""distance"": 12, ""length"": 48, ""n_sources"": 1}",3,True,False,0,0.0,0.0,0.0,0.0,"[0.0, 0.0, 0.0]",0.0,0.0,0.0,0.770736104051272,29917440
c45b3d86175e,bdh_cq,propagate,35000,16,strong,"{""dim"": 1, ""distance"": 24, ""length"": 48, ""n_sources"": 1}",3,True,False,0,0.0,0.0,0.0,0.0,"[0.0, 0.0, 0.0]",0.0,0.0,0.0,0.6509999982714653,29917440
c45b3d86175e,bdh_cq,propagate,37500,16,strong,"{""dim"": 1, ""distance"": 12, ""length"": 48, ""n_sources"": 1}",3,True,False,0,0.0,0.0,0.0,0.0,"[0.0, 0.0, 0.0]",0.0,0.0,0.0,0.7711111043294272,29917440
c45b3d86175e,bdh_cq,propagate,37500,16,strong,"{""dim"": 1, ""distance"": 24, ""length"": 48, ""n_sources"": 1}",3,True,False,0,0.0,0.0,0.0,0.0,"[0.0, 0.0, 0.0]",0.0,0.0,0.0,0.6537222212354342,29917440
c45b3d86175e,bdh_cq,propagate,40000,16,strong,"{""dim"": 1, ""distance"": 12, ""length"": 48, ""n_sources"": 1}",3,True,False,0,0.0,0.0,0.0,0.0,"[0.0, 0.0, 0.0]",0.0,0.0,0.0,0.7697916594942411,29917440
c45b3d86175e,bdh_cq,propagate,40000,16,strong,"{""dim"": 1, ""distance"": 24, ""length"": 48, ""n_sources"": 1}",3,True,False,0,0.0,0.0,0.0,0.0,"[0.0, 0.0, 0.0]",0.0,0.0,0.0,0.650166665871938,29917440
c45b3d86175e,bdh_cq,propagate,40000,32,strong,"{""dim"": 1, ""distance"": 12, ""length"": 48, ""n_sources"": 1}",3,True,False,0,0.0,0.0,0.0,0.0,"[0.0, 0.0, 0.0]",0.0,0.0,0.0,0.788499994556109,29917440
c45b3d86175e,bdh_cq,propagate,40000,32,strong,"{""dim"": 1, ""distance"": 24, ""length"": 48, ""n_sources"": 1}",3,True,False,0,0.0,0.0,0.0,0.0,"[0.0, 0.0, 0.0]",0.0,0.0,0.0,0.6841388880411783,29917440
96c4d04057a6,looped_transformer,propagate,2500,1,interp,"{""dim"": 1, ""distance"": 1, ""length"": 12, ""n_sources"": 1}",3,True,False,0,0.22355289421157684,0.1077104795467628,0.09580838323353294,0.3592814371257485,"[0.2155688622754491, 0.09580838323353294, 0.3592814371257485]",0.09580838323353295,0.3592814371257485,0.22355289421157684,0.897538259952606,30024316
96c4d04057a6,looped_transformer,propagate,2500,1,interp,"{""dim"": 1, ""distance"": 2, ""length"": 12, ""n_sources"": 1}",3,True,False,0,0.2172172172172172,0.09408344454461808,0.08708708708708708,0.3063063063063063,"[0.25825825825825827, 0.08708708708708708, 0.3063063063063063]",0.08708708708708708,0.3063063063063063,0.2172172172172172,0.8777944645485481,30024316
96c4d04057a6,looped_transformer,propagate,2500,1,interp,"{""dim"": 1, ""distance"": 4, ""length"": 12, ""n_sources"": 1}",3,True,False,0,0.33033033033033027,0.21348795900511974,0.07507507507507508,0.5975975975975976,"[0.5975975975975976, 0.07507507507507508, 0.3183183183183183]",0.07507507507507508,0.5975975975975976,0.33033033033033027,0.8438438454846123,30024316
96c4d04057a6,looped_transformer,propagate,5000,1,interp,"{""dim"": 1, ""distance"": 1, ""length"": 12, ""n_sources"": 1}",3,True,False,0,0.2954091816367265,0.14537325042358162,0.08982035928143713,0.39820359281437123,"[0.39820359281437123, 0.08982035928143713, 0.39820359281437123]",0.08982035928143713,0.39820359281437123,0.2954091816367265,0.9090984734946382,30024316
96c4d04057a6,looped_transformer,propagate,5000,1,interp,"{""dim"": 1, ""distance"": 2, ""length"": 12, ""n_sources"": 1}",3,True,False,0,0.2822822822822823,0.14136459214342129,0.0960960960960961,0.43843843843843844,"[0.43843843843843844, 0.0960960960960961, 0.3123123123123123]",0.0960960960960961,0.4384384384384384,0.2822822822822823,0.8878878918257324,30024316
96c4d04057a6,looped_transformer,propagate,5000,1,interp,"{""dim"": 1, ""distance"": 4, ""length"": 12, ""n_sources"": 1}",3,True,False,0,0.3863863863863864,0.2204339667025451,0.14114114114114115,0.6756756756756757,"[0.6756756756756757, 0.14114114114114115, 0.34234234234234234]",0.14114114114114115,0.6756756756756758,0.3863863863863864,0.860694028534092,30024316
96c4d04057a6,looped_transformer,propagate,7500,1,interp,"{""dim"": 1, ""distance"": 1, ""length"": 12, ""n_sources"": 1}",3,True,False,0,0.3812375249500998,0.24079418745019152,0.08682634730538923,0.6766467065868264,"[0.6766467065868264, 0.08682634730538923, 0.38023952095808383]",0.08682634730538923,0.6766467065868264,0.3812375249500998,0.9179973410751053,30024316
96c4d04057a6,looped_transformer,propagate,7500,1,interp,"{""dim"": 1, ""distance"": 2, ""length"": 12, ""n_sources"": 1}",3,True,False,0,0.40340340340340336,0.2755826839363378,0.09309309309309309,0.7627627627627628,"[0.7627627627627628, 0.09309309309309309, 0.35435435435435436]",0.09309309309309309,0.7627627627627628,0.40340340340340336,0.9004838199944825,30024316
96c4d04057a6,looped_transformer,propagate,7500,1,interp,"{""dim"": 1, ""distance"": 4, ""length"": 12, ""n_sources"": 1}",3,True,False,0,0.4194194194194194,0.262739405034572,0.10810810810810811,0.7507507507507507,"[0.7507507507507507, 0.10810810810810811, 0.3993993993993994]",0.10810810810810811,0.7507507507507508,0.4194194194194194,0.8592759432258071,30024316
96c4d04057a6,looped_transformer,propagate,10000,1,interp,"{""dim"": 1, ""distance"": 1, ""length"": 12, ""n_sources"": 1}",3,True,False,0,0.3642714570858283,0.23222847375730932,0.04790419161676647,0.5988023952095808,"[0.5988023952095808, 0.04790419161676647, 0.44610778443113774]",0.04790419161676648,0.5988023952095808,0.3642714570858283,0.9161676672880282,30024316
96c4d04057a6,looped_transformer,propagate,10000,1,interp,"{""dim"": 1, ""distance"": 2, ""length"": 12, ""n_sources"": 1}",3,True,False,0,0.43143143143143137,0.2917844945234365,0.07507507507507508,0.7897897897897898,"[0.7897897897897898, 0.07507507507507508, 0.4294294294294294]",0.07507507507507508,0.7897897897897898,0.43143143143143137,0.9104938299448282,30024316
96c4d04057a6,looped_transformer,propagate,10000,1,interp,"{""dim"": 1, ""distance"": 4, ""length"": 12, ""n_sources"": 1}",3,True,False,0,0.4584584584584584,0.28345478101303107,0.12012012012012012,0.8138138138138138,"[0.8138138138138138, 0.12012012012012012, 0.44144144144144143]",0.12012012012012012,0.8138138138138138,0.4584584584584584,0.872706040516272,30024316
96c4d04057a6,looped_transformer,propagate,12500,1,interp,"{""dim"": 1, ""distance"": 1, ""length"": 12, ""n_sources"": 1}",3,True,False,0,0.4500998003992016,0.2963651791171659,0.0748502994011976,0.7994011976047904,"[0.7994011976047904, 0.0748502994011976, 0.47604790419161674]",0.0748502994011976,0.7994011976047904,0.4500998003992016,0.9288090516231255,30024316
96c4d04057a6,looped_transformer,propagate,12500,1,interp,"{""dim"": 1, ""distance"": 2, ""length"": 12, ""n_sources"": 1}",3,True,False,0,0.4574574574574575,0.3261574020671545,0.05405405405405406,0.8528528528528528,"[0.8528528528528528, 0.05405405405405406, 0.46546546546546547]",0.05405405405405406,0.8528528528528528,0.4574574574574575,0.9131631656093999,30024316
96c4d04057a6,looped_transformer,propagate,12500,1,interp,"{""dim"": 1, ""distance"": 4, ""length"": 12, ""n_sources"": 1}",3,True,False,0,0.4644644644644645,0.30295456946686006,0.08708708708708708,0.8288288288288288,"[0.8288288288288288, 0.08708708708708708, 0.4774774774774775]",0.08708708708708708,0.8288288288288288,0.4644644644644645,0.8764597936435505,30024316
96c4d04057a6,looped_transformer,propagate,15000,1,interp,"{""dim"": 1, ""distance"": 1, ""length"": 12, ""n_sources"": 1}",3,True,False,0,0.40019960079840317,0.3663830195109868,0.0658682634730539,0.9101796407185628,"[0.9101796407185628, 0.0658682634730539, 0.2245508982035928]",0.0658682634730539,0.9101796407185628,0.40019960079840317,0.924650702528849,30024316
96c4d04057a6,looped_transformer,propagate,15000,1,interp,"{""dim"": 1, ""distance"": 2, ""length"": 12, ""n_sources"": 1}",3,True,False,0,0.4294294294294294,0.36459803966742355,0.06606606606606606,0.9279279279279279,"[0.9279279279279279, 0.06606606606606606, 0.29429429429429427]",0.06606606606606606,0.9279279279279279,0.4294294294294294,0.9074908267031679,30024316
96c4d04057a6,looped_transformer,propagate,15000,1,interp,"{""dim"": 1, ""distance"": 4, ""length"": 12, ""n_sources"": 1}",3,True,False,0,0.5085085085085085,0.3198852149990669,0.0990990990990991,0.8798798798798799,"[0.8798798798798799, 0.0990990990990991, 0.5465465465465466]",0.0990990990990991,0.8798798798798799,0.5085085085085085,0.876209544109272,30024316
96c4d04057a6,looped_transformer,propagate,17500,1,interp,"{""dim"": 1, ""distance"": 1, ""length"": 12, ""n_sources"": 1}",3,True,False,0,0.41916167664670656,0.3511130663149838,0.09580838323353294,0.907185628742515,"[0.907185628742515, 0.09580838323353294, 0.25449101796407186]",0.09580838323353295,0.907185628742515,0.41916167664670656,0.927395213625864,30024316
96c4d04057a6,looped_transformer,propagate,17500,1,interp,"{""dim"": 1, ""distance"": 2, ""length"": 12, ""n_sources"": 1}",3,True,False,0,0.42742742742742745,0.3655312470529045,0.057057057057057055,0.924924924924925,"[0.924924924924925, 0.057057057057057055, 0.3003003003003003]",0.057057057057057055,0.924924924924925,0.42742742742742745,0.9129129166717643,30024316
96c4d04057a6,looped_transformer,propagate,17500,1,interp,"{""dim"": 1, ""distance"": 4, ""length"": 12, ""n_sources"": 1}",3,True,False,0,0.5705705705705707,0.33216344587717545,0.11411411411411411,0.8948948948948949,"[0.8948948948948949, 0.11411411411411411, 0.7027027027027027]",0.11411411411411411,0.8948948948948949,0.5705705705705707,0.8859693024370884,30024316
96c4d04057a6,looped_transformer,propagate,20000,1,interp,"{""dim"": 1, ""distance"": 1, ""length"": 12, ""n_sources"": 1}",3,True,False,0,0.4830339321357286,0.3546047362150422,0.11976047904191617,0.9640718562874252,"[0.9640718562874252, 0.11976047904191617, 0.3652694610778443]",0.11976047904191617,0.9640718562874252,0.4830339321357286,0.9331337353902424,30024316
96c4d04057a6,looped_transformer,propagate,20000,1,interp,"{""dim"": 1, ""distance"": 2, ""length"": 12, ""n_sources"": 1}",3,True,False,0,0.48948948948948945,0.3461408776797311,0.10810810810810811,0.9459459459459459,"[0.9459459459459459, 0.10810810810810811, 0.4144144144144144]",0.10810810810810811,0.9459459459459459,0.48948948948948945,0.9217550926976973,30024316
96c4d04057a6,looped_transformer,propagate,20000,1,interp,"{""dim"": 1, ""distance"": 4, ""length"": 12, ""n_sources"": 1}",3,True,False,0,0.6026026026026026,0.36312199507745985,0.09309309309309309,0.9129129129129129,"[0.9129129129129129, 0.09309309309309309, 0.8018018018018018]",0.09309309309309309,0.9129129129129129,0.6026026026026026,0.8962295625183557,30024316
96c4d04057a6,looped_transformer,propagate,22500,1,interp,"{""dim"": 1, ""distance"": 1, ""length"": 12, ""n_sources"": 1}",3,True,False,0,0.4910179640718562,0.3537582786894967,0.11976047904191617,0.9670658682634731,"[0.9670658682634731, 0.11976047904191617, 0.38622754491017963]",0.11976047904191617,0.9670658682634731,0.4910179640718562,0.9358782466062291,30024316
96c4d04057a6,looped_transformer,propagate,22500,1,interp,"{""dim"": 1, ""distance"": 2, ""length"": 12, ""n_sources"": 1}",3,True,False,0,0.5035035035035035,0.3691074971448733,0.07507507507507508,0.975975975975976,"[0.975975975975976, 0.07507507507507508, 0.4594594594594595]",0.07507507507507508,0.975975975975976,0.5035035035035035,0.923423426824289,30024316
96c4d04057a6,looped_transformer,propagate,22500,1,interp,"{""dim"": 1, ""distance"": 4, ""length"": 12, ""n_sources"": 1}",3,True,False,0,0.6226226226226226,0.3605299345207515,0.12312312312312312,0.960960960960961,"[0.960960960960961, 0.12312312312312312, 0.7837837837837838]",0.12312312312312312,0.960960960960961,0.6226226226226226,0.9101601607269711,30024316
96c4d04057a6,looped_transformer,propagate,25000,1,interp,"{""dim"": 1, ""distance"": 1, ""length"": 12, ""n_sources"": 1}",3,True,False,0,0.7904191616766467,0.28157511374958,0.39221556886227543,0.9910179640718563,"[0.9910179640718563, 0.9880239520958084, 0.39221556886227543]",0.39221556886227543,0.9910179640718563,0.7904191616766467,0.9821190991087588,30024316
96c4d04057a6,looped_transformer,propagate,25000,1,interp,"{""dim"": 1, ""distance"": 2, ""length"": 12, ""n_sources"": 1}",3,True,False,0,0.7937937937937939,0.26828694301008316,0.4144144144144144,0.987987987987988,"[0.987987987987988, 0.978978978978979, 0.4144144144144144]",0.4144144144144144,0.9879879879879881,0.7937937937937939,0.9819819856811692,30024316
96c4d04057a6,looped_transformer,propagate,25000,1,interp,"{""dim"": 1, ""distance"": 4, ""length"": 12, ""n_sources"": 1}",3,True,False,0,0.9309309309309309,0.07236344172944073,0.8288288288288288,0.987987987987988,"[0.975975975975976, 0.987987987987988, 0.8288288288288288]",0.8288288288288288,0.9879879879879881,0.9309309309309309,0.9909909914683054,30024316
96c4d04057a6,looped_transformer,propagate,27500,1,interp,"{""dim"": 1, ""distance"": 1, ""length"": 12, ""n_sources"": 1}",3,True,False,0,0.8083832335329341,0.264638594168658,0.4341317365269461,0.9970059880239521,"[0.9970059880239521, 0.9940119760479041, 0.4341317365269461]",0.4341317365269461,0.9970059880239521,0.8083832335329341,0.9836161047398687,30024316
96c4d04057a6,looped_transformer,propagate,27500,1,interp,"{""dim"": 1, ""distance"": 2, ""length"": 12, ""n_sources"": 1}",3,True,False,0,0.8138138138138138,0.25269278468769746,0.45645645645645644,0.993993993993994,"[0.993993993993994, 0.990990990990991, 0.45645645645645644]",0.45645645645645644,0.993993993993994,0.8138138138138138,0.9841508210242331,30024316
96c4d04057a6,looped_transformer,propagate,27500,1,interp,"{""dim"": 1, ""distance"": 4, ""length"": 12, ""n_sources"": 1}",3,True,False,0,0.9179179179179179,0.10128428681193967,0.7747747747747747,0.993993993993994,"[0.984984984984985, 0.993993993993994, 0.7747747747747747]",0.7747747747747747,0.993993993993994,0.9179179179179179,0.9881548216273716,30024316
96c4d04057a6,looped_transformer,propagate,30000,1,interp,"{""dim"": 1, ""distance"": 1, ""length"": 12, ""n_sources"": 1}",3,True,False,0,0.8433133732534931,0.21947467006530777,0.5329341317365269,1.0,"[0.9970059880239521, 1.0, 0.5329341317365269]",0.5329341317365269,1.0,0.8433133732534931,0.9861111138276235,30024316
96c4d04057a6,looped_transformer,propagate,30000,1,interp,"{""dim"": 1, ""distance"": 2, ""length"": 12, ""n_sources"": 1}",3,True,False,0,0.8338338338338338,0.23076058511982078,0.5075075075075075,1.0,"[1.0, 0.993993993993994, 0.5075075075075075]",0.5075075075075075,1.0,0.8338338338338338,0.9856523221080845,30024316
96c4d04057a6,looped_transformer,propagate,30000,1,interp,"{""dim"": 1, ""distance"": 4, ""length"": 12, ""n_sources"": 1}",3,True,False,0,0.9039039039039038,0.1231597396661254,0.7297297297297297,0.990990990990991,"[0.990990990990991, 0.990990990990991, 0.7297297297297297]",0.7297297297297297,0.990990990990991,0.9039039039039038,0.9883216555054123,30024316
96c4d04057a6,looped_transformer,propagate,32500,1,interp,"{""dim"": 1, ""distance"": 1, ""length"": 12, ""n_sources"": 1}",3,True,False,0,0.841317365269461,0.22441113414902408,0.5239520958083832,1.0,"[1.0, 1.0, 0.5239520958083832]",0.5239520958083832,1.0,0.841317365269461,0.9865269491415538,30024316
96c4d04057a6,looped_transformer,propagate,32500,1,interp,"{""dim"": 1, ""distance"": 2, ""length"": 12, ""n_sources"": 1}",3,True,False,0,0.8608608608608609,0.1967724576274877,0.5825825825825826,1.0,"[1.0, 1.0, 0.5825825825825826]",0.5825825825825826,1.0,0.8608608608608609,0.9881548241332725,30024316
96c4d04057a6,looped_transformer,propagate,32500,1,interp,"{""dim"": 1, ""distance"": 4, ""length"": 12, ""n_sources"": 1}",3,True,False,0,0.9219219219219218,0.10620049817717592,0.7717717717717718,1.0,"[0.993993993993994, 1.0, 0.7717717717717718]",0.7717717717717717,1.0,0.9219219219219218,0.9910744084968224,30024316
96c4d04057a6,looped_transformer,propagate,35000,1,interp,"{""dim"": 1, ""distance"": 1, ""length"": 12, ""n_sources"": 1}",3,True,False,0,0.8293413173652695,0.24134782351876172,0.4880239520958084,1.0,"[1.0, 1.0, 0.4880239520958084]",0.48802395209580834,1.0,0.8293413173652695,0.9856121124264723,30024316
96c4d04057a6,looped_transformer,propagate,35000,1,interp,"{""dim"": 1, ""distance"": 2, ""length"": 12, ""n_sources"": 1}",3,True,False,0,0.8758758758758759,0.1755380197540178,0.6276276276276276,1.0,"[1.0, 1.0, 0.6276276276276276]",0.6276276276276276,1.0,0.8758758758758759,0.9896563254557811,30024316
96c4d04057a6,looped_transformer,propagate,35000,1,interp,"{""dim"": 1, ""distance"": 4, ""length"": 12, ""n_sources"": 1}",3,True,False,0,0.9159159159159159,0.11469217687609613,0.7537537537537538,1.0,"[0.993993993993994, 1.0, 0.7537537537537538]",0.7537537537537538,1.0,0.9159159159159159,0.9902402410158763,30024316
96c4d04057a6,looped_transformer,propagate,37500,1,interp,"{""dim"": 1, ""distance"": 1, ""length"": 12, ""n_sources"": 1}",3,True,False,0,0.8263473053892216,0.24558199586119617,0.47904191616766467,1.0,"[1.0, 1.0, 0.47904191616766467]",0.47904191616766467,1.0,0.8263473053892216,0.9853626114879539,30024316
96c4d04057a6,looped_transformer,propagate,37500,1,interp,"{""dim"": 1, ""distance"": 2, ""length"": 12, ""n_sources"": 1}",3,True,False,0,0.8828828828828829,0.16562861541306517,0.6486486486486487,1.0,"[1.0, 1.0, 0.6486486486486487]",0.6486486486486487,1.0,0.8828828828828829,0.9902402425671483,30024316
96c4d04057a6,looped_transformer,propagate,37500,1,interp,"{""dim"": 1, ""distance"": 4, ""length"": 12, ""n_sources"": 1}",3,True,False,0,0.9339339339339339,0.08921833815878756,0.8078078078078078,1.0,"[0.993993993993994, 1.0, 0.8078078078078078]",0.8078078078078078,1.0,0.9339339339339339,0.9924924932681285,30024316
96c4d04057a6,looped_transformer,propagate,40000,1,interp,"{""dim"": 1, ""distance"": 1, ""length"": 12, ""n_sources"": 1}",3,True,False,0,0.8313373253493014,0.23852504195713878,0.4940119760479042,1.0,"[1.0, 1.0, 0.4940119760479042]",0.4940119760479042,1.0,0.8313373253493014,0.9856952793464927,30024316
96c4d04057a6,looped_transformer,propagate,40000,1,interp,"{""dim"": 1, ""distance"": 2, ""length"": 12, ""n_sources"": 1}",3,True,False,0,0.8838838838838838,0.16421298622150055,0.6516516516516516,1.0,"[1.0, 1.0, 0.6516516516516516]",0.6516516516516516,1.0,0.8838838838838838,0.9903236592973436,30024316
96c4d04057a6,looped_transformer,propagate,40000,1,interp,"{""dim"": 1, ""distance"": 4, ""length"": 12, ""n_sources"": 1}",3,True,False,0,0.9309309309309309,0.09346369449639601,0.7987987987987988,1.0,"[0.993993993993994, 1.0, 0.7987987987987988]",0.7987987987987988,1.0,0.9309309309309309,0.9921588262280187,30024316
96c4d04057a6,looped_transformer,propagate,40000,2,interp,"{""dim"": 1, ""distance"": 1, ""length"": 12, ""n_sources"": 1}",3,True,False,0,1.0,0.0,1.0,1.0,"[1.0, 1.0, 1.0]",1.0,1.0,1.0,1.0,30024316
96c4d04057a6,looped_transformer,propagate,40000,2,interp,"{""dim"": 1, ""distance"": 2, ""length"": 12, ""n_sources"": 1}",3,True,False,0,0.998998998998999,0.0014156291915646802,0.996996996996997,1.0,"[1.0, 1.0, 0.996996996996997]",0.9969969969969968,1.0,0.998998998998999,0.9999165832698047,30024316
96c4d04057a6,looped_transformer,propagate,40000,2,interp,"{""dim"": 1, ""distance"": 4, ""length"": 12, ""n_sources"": 1}",3,True,False,0,1.0,0.0,1.0,1.0,"[1.0, 1.0, 1.0]",1.0,1.0,1.0,1.0,30024316
96c4d04057a6,looped_transformer,propagate,2500,4,interp,"{""dim"": 1, ""distance"": 1, ""length"": 12, ""n_sources"": 1}",3,True,False,0,0.5179640718562873,0.17825480023180876,0.2874251497005988,0.7215568862275449,"[0.7215568862275449, 0.2874251497005988, 0.5449101796407185]",0.2874251497005988,0.7215568862275449,0.5179640718562873,0.948186963915587,30024316
96c4d04057a6,looped_transformer,propagate,2500,4,interp,"{""dim"": 1, ""distance"": 2, ""length"": 12, ""n_sources"": 1}",3,True,False,0,0.5055055055055054,0.23176145717675395,0.22522522522522523,0.7927927927927928,"[0.7927927927927928, 0.22522522522522523, 0.4984984984984985]",0.22522522522522523,0.7927927927927928,0.5055055055055054,0.9416916957488647,30024316
96c4d04057a6,looped_transformer,propagate,2500,4,interp,"{""dim"": 1, ""distance"": 4, ""length"": 12, ""n_sources"": 1}",3,True,False,0,0.4834834834834835,0.18139397632092524,0.23423423423423423,0.6606606606606606,"[0.6606606606606606, 0.23423423423423423, 0.5555555555555556]",0.2342342342342342,0.6606606606606606,0.4834834834834835,0.912078749131154,30024316
96c4d04057a6,looped_transformer,propagate,5000,4,interp,"{""dim"": 1, ""distance"": 1, ""length"": 12, ""n_sources"": 1}",3,True,False,0,0.8522954091816367,0.03789787933342818,0.7994011976047904,0.8862275449101796,"[0.8712574850299402, 0.8862275449101796, 0.7994011976047904]",0.7994011976047904,0.8862275449101796,0.8522954091816367,0.9865269486061828,30024316
96c4d04057a6,looped_transformer,propagate,5000,4,interp,"{""dim"": 1, ""distance"": 2, ""length"": 12, ""n_sources"": 1}",3,True,False,0,0.8758758758758759,0.05593079096976572,0.8018018018018018,0.9369369369369369,"[0.9369369369369369, 0.8888888888888888, 0.8018018018018018]",0.8018018018018017,0.9369369369369368,0.8758758758758759,0.9876543227974718,30024316
96c4d04057a6,looped_transformer,propagate,5000,4,interp,"{""dim"": 1, ""distance"": 4, ""length"": 12, ""n_sources"": 1}",3,True,False,0,0.8588588588588588,0.0389233675580052,0.8048048048048048,0.8948948948948949,"[0.8768768768768769, 0.8948948948948949, 0.8048048048048048]",0.8048048048048048,0.8948948948948949,0.8588588588588588,0.9822322340818257,30024316
96c4d04057a6,looped_transformer,propagate,7500,4,interp,"{""dim"": 1, ""distance"": 1, ""length"": 12, ""n_sources"": 1}",3,True,False,0,0.93812375249501,0.024117856234719688,0.9041916167664671,0.9580838323353293,"[0.9520958083832335, 0.9580838323353293, 0.9041916167664671]",0.9041916167664671,0.9580838323353293,0.93812375249501,0.994011976999675,30024316
96c4d04057a6,looped_transformer,propagate,7500,4,interp,"{""dim"": 1, ""distance"": 2, ""length"": 12, ""n_sources"": 1}",3,True,False,0,0.941941941941942,0.028629328620771003,0.9039039039039038,0.972972972972973,"[0.948948948948949, 0.972972972972973, 0.9039039039039038]",0.9039039039039038,0.9729729729729731,0.941941941941942,0.9938271613092394,30024316
96c4d04057a6,looped_transformer,propagate,7500,4,interp,"{""dim"": 1, ""distance"": 4, ""length"": 12, ""n_sources"": 1}",3,True,False,0,0.9219219219219218,0.033708625106071526,0.8768768768768769,0.9579579579579579,"[0.9309309309309309, 0.9579579579579579, 0.8768768768768769]",0.8768768768768768,0.9579579579579579,0.9219219219219218,0.9912412423748632,30024316
96c4d04057a6,looped_transformer,propagate,10000,4,interp,"{""dim"": 1, ""distance"": 1, ""length"": 12, ""n_sources"": 1}",3,True,False,0,0.9411177644710579,0.04093033264353267,0.8832335329341318,0.9700598802395209,"[0.9700598802395209, 0.9700598802395209, 0.8832335329341318]",0.8832335329341318,0.9700598802395209,0.9411177644710579,0.9945109790551686,30024316
96c4d04057a6,looped_transformer,propagate,10000,4,interp,"{""dim"": 1, ""distance"": 2, ""length"": 12, ""n_sources"": 1}",3,True,False,0,0.954954954954955,0.03406346251686397,0.9069069069069069,0.9819819819819819,"[0.975975975975976, 0.9819819819819819, 0.9069069069069069]",0.9069069069069068,0.9819819819819818,0.954954954954955,0.9952452458418883,30024316
96c4d04057a6,looped_transformer,propagate,10000,4,interp,"{""dim"": 1, ""distance"": 4, ""length"": 12, ""n_sources"": 1}",3,True,False,0,0.938938938938939,0.03801168677887392,0.8858858858858859,0.972972972972973,"[0.9579579579579579, 0.972972972972973, 0.8858858858858859]",0.8858858858858859,0.9729729729729731,0.938938938938939,0.9927427435183788,30024316
96c4d04057a6,looped_transformer,propagate,12500,4,interp,"{""dim"": 1, ""distance"": 1, ""length"": 12, ""n_sources"": 1}",3,True,False,0,0.9680638722554891,0.01801943122282214,0.9431137724550899,0.9850299401197605,"[0.9760479041916168, 0.9850299401197605, 0.9431137724550899]",0.9431137724550899,0.9850299401197605,0.9680638722554891,0.9970059884998376,30024316
96c4d04057a6,looped_transformer,propagate,12500,4,interp,"{""dim"": 1, ""distance"": 2, ""length"": 12, ""n_sources"": 1}",3,True,False,0,0.984984984984985,0.002451941684467681,0.9819819819819819,0.987987987987988,"[0.9819819819819819, 0.987987987987988, 0.984984984984985]",0.9819819819819818,0.9879879879879881,0.984984984984985,0.9987487490470702,30024316
96c4d04057a6,looped_transformer,propagate,12500,4,interp,"{""dim"": 1, ""distance"": 4, ""length"": 12, ""n_sources"": 1}",3,True,False,0,0.971971971971972,0.011056417434621909,0.9579579579579579,0.984984984984985,"[0.972972972972973, 0.984984984984985, 0.9579579579579579]",0.9579579579579579,0.984984984984985,0.971971971971972,0.9964964967948181,30024316
96c4d04057a6,looped_transformer,propagate,15000,4,interp,"{""dim"": 1, ""distance"": 1, ""length"": 12, ""n_sources"": 1}",3,True,False,0,0.9840319361277445,0.008585154957128372,0.9730538922155688,0.9940119760479041,"[0.9940119760479041, 0.9850299401197605, 0.9730538922155688]",0.9730538922155688,0.9940119760479041,0.9840319361277445,0.9986693283279022,30024316
96c4d04057a6,looped_transformer,propagate,15000,4,interp,"{""dim"": 1, ""distance"": 2, ""length"": 12, ""n_sources"": 1}",3,True,False,0,0.984984984984985,0.008840601467795632,0.975975975975976,0.996996996996997,"[0.996996996996997, 0.9819819819819819, 0.975975975975976]",0.975975975975976,0.9969969969969968,0.984984984984985,0.9984984986774914,30024316
96c4d04057a6,looped_transformer,propagate,15000,4,interp,"{""dim"": 1, ""distance"": 4, ""length"": 12, ""n_sources"": 1}",3,True,False,0,0.9769769769769768,0.00374540278956347,0.972972972972973,0.9819819819819819,"[0.9819819819819819, 0.975975975975976, 0.972972972972973]",0.9729729729729731,0.9819819819819818,0.9769769769769768,0.9964130800646228,30024316
96c4d04057a6,looped_transformer,propagate,17500,4,interp,"{""dim"": 1, ""distance"": 1, ""length"": 12, ""n_sources"": 1}",3,True,False,0,0.9930139720558881,0.0014113907808114572,0.9910179640718563,0.9940119760479041,"[0.9940119760479041, 0.9940119760479041, 0.9910179640718563]",0.9910179640718563,0.9940119760479041,0.9930139720558881,0.9994178311434573,30024316
96c4d04057a6,looped_transformer,propagate,17500,4,interp,"{""dim"": 1, ""distance"": 2, ""length"": 12, ""n_sources"": 1}",3,True,False,0,0.990990990990991,0.002451941684467636,0.987987987987988,0.993993993993994,"[0.987987987987988, 0.990990990990991, 0.993993993993994]",0.9879879879879881,0.993993993993994,0.990990990990991,0.9992492494282422,30024316
96c4d04057a6,looped_transformer,propagate,17500,4,interp,"{""dim"": 1, ""distance"": 4, ""length"": 12, ""n_sources"": 1}",3,True,False,0,0.9909909909909911,0.002451941684467636,0.987987987987988,0.993993993993994,"[0.993993993993994, 0.987987987987988, 0.990990990990991]",0.9879879879879881,0.993993993993994,0.9909909909909911,0.998915582328468,30024316
96c4d04057a6,looped_transformer,propagate,20000,4,interp,"{""dim"": 1, ""distance"": 1, ""length"": 12, ""n_sources"": 1}",3,True,False,0,0.9960079840319361,0.0014113907808115094,0.9940119760479041,0.9970059880239521,"[0.9940119760479041, 0.9970059880239521, 0.9970059880239521]",0.9940119760479041,0.9970059880239521,0.9960079840319361,0.9996673320819757,30024316
96c4d04057a6,looped_transformer,propagate,20000,4,interp,"{""dim"": 1, ""distance"": 2, ""length"": 12, ""n_sources"": 1}",3,True,False,0,0.9929929929929929,0.002831258383129308,0.990990990990991,0.996996996996997,"[0.990990990990991, 0.996996996996997, 0.990990990990991]",0.990990990990991,0.9969969969969968,0.9929929929929929,0.9994160828886329,30024316
96c4d04057a6,looped_transformer,propagate,20000,4,interp,"{""dim"": 1, ""distance"": 4, ""length"": 12, ""n_sources"": 1}",3,True,False,0,0.9929929929929929,0.007881889763775596,0.9819819819819819,1.0,"[1.0, 0.996996996996997, 0.9819819819819819]",0.9819819819819818,1.0,0.9929929929929929,0.9993326660987732,30024316
96c4d04057a6,looped_transformer,propagate,22500,4,interp,"{""dim"": 1, ""distance"": 1, ""length"": 12, ""n_sources"": 1}",3,True,False,0,0.9950099800399202,0.0037341890087564385,0.9910179640718563,1.0,"[1.0, 0.9910179640718563, 0.9940119760479041]",0.9910179640718563,1.0,0.9950099800399202,0.9995841651024695,30024316
96c4d04057a6,looped_transformer,propagate,22500,4,interp,"{""dim"": 1, ""distance"": 2, ""length"": 12, ""n_sources"": 1}",3,True,False,0,1.0,0.0,1.0,1.0,"[1.0, 1.0, 1.0]",1.0,1.0,1.0,1.0,30024316
96c4d04057a6,looped_transformer,propagate,22500,4,interp,"{""dim"": 1, ""distance"": 4, ""length"": 12, ""n_sources"": 1}",3,True,False,0,0.998998998998999,0.0014156291915646802,0.996996996996997,1.0,"[1.0, 0.996996996996997, 1.0]",0.9969969969969968,1.0,0.998998998998999,0.9999165832698047,30024316
96c4d04057a6,looped_transformer,propagate,25000,4,interp,"{""dim"": 1, ""distance"": 1, ""length"": 12, ""n_sources"": 1}",3,True,False,0,0.999001996007984,0.0014113907808114572,0.9970059880239521,1.0,"[1.0, 0.9970059880239521, 1.0]",0.9970059880239521,1.0,0.999001996007984,0.9999168330204938,30024316
96c4d04057a6,looped_transformer,propagate,25000,4,interp,"{""dim"": 1, ""distance"": 2, ""length"": 12, ""n_sources"": 1}",3,True,False,0,0.998998998998999,0.0014156291915646802,0.996996996996997,1.0,"[1.0, 0.996996996996997, 1.0]",0.9969969969969968,1.0,0.998998998998999,0.9999165832698047,30024316
96c4d04057a6,looped_transformer,propagate,25000,4,interp,"{""dim"": 1, ""distance"": 4, ""length"": 12, ""n_sources"": 1}",3,True,False,0,0.998998998998999,0.0014156291915646802,0.996996996996997,1.0,"[1.0, 0.996996996996997, 1.0]",0.9969969969969968,1.0,0.998998998998999,0.9999165832698047,30024316
96c4d04057a6,looped_transformer,propagate,27500,4,interp,"{""dim"": 1, ""distance"": 1, ""length"": 12, ""n_sources"": 1}",3,True,False,0,1.0,0.0,1.0,1.0,"[1.0, 1.0, 1.0]",1.0,1.0,1.0,1.0,30024316
96c4d04057a6,looped_transformer,propagate,27500,4,interp,"{""dim"": 1, ""distance"": 2, ""length"": 12, ""n_sources"": 1}",3,True,False,0,1.0,0.0,1.0,1.0,"[1.0, 1.0, 1.0]",1.0,1.0,1.0,1.0,30024316
96c4d04057a6,looped_transformer,propagate,27500,4,interp,"{""dim"": 1, ""distance"": 4, ""length"": 12, ""n_sources"": 1}",3,True,False,0,1.0,0.0,1.0,1.0,"[1.0, 1.0, 1.0]",1.0,1.0,1.0,1.0,30024316
96c4d04057a6,looped_transformer,propagate,30000,4,interp,"{""dim"": 1, ""distance"": 1, ""length"": 12, ""n_sources"": 1}",3,True,False,0,1.0,0.0,1.0,1.0,"[1.0, 1.0, 1.0]",1.0,1.0,1.0,1.0,30024316
96c4d04057a6,looped_transformer,propagate,30000,4,interp,"{""dim"": 1, ""distance"": 2, ""length"": 12, ""n_sources"": 1}",3,True,False,0,1.0,0.0,1.0,1.0,"[1.0, 1.0, 1.0]",1.0,1.0,1.0,1.0,30024316
96c4d04057a6,looped_transformer,propagate,30000,4,interp,"{""dim"": 1, ""distance"": 4, ""length"": 12, ""n_sources"": 1}",3,True,False,0,1.0,0.0,1.0,1.0,"[1.0, 1.0, 1.0]",1.0,1.0,1.0,1.0,30024316
96c4d04057a6,looped_transformer,propagate,32500,4,interp,"{""dim"": 1, ""distance"": 1, ""length"": 12, ""n_sources"": 1}",3,True,False,0,1.0,0.0,1.0,1.0,"[1.0, 1.0, 1.0]",1.0,1.0,1.0,1.0,30024316
96c4d04057a6,looped_transformer,propagate,32500,4,interp,"{""dim"": 1, ""distance"": 2, ""length"": 12, ""n_sources"": 1}",3,True,False,0,1.0,0.0,1.0,1.0,"[1.0, 1.0, 1.0]",1.0,1.0,1.0,1.0,30024316
96c4d04057a6,looped_transformer,propagate,32500,4,interp,"{""dim"": 1, ""distance"": 4, ""length"": 12, ""n_sources"": 1}",3,True,False,0,0.998998998998999,0.0014156291915646802,0.996996996996997,1.0,"[1.0, 1.0, 0.996996996996997]",0.9969969969969968,1.0,0.998998998998999,0.9999165832698047,30024316
96c4d04057a6,looped_transformer,propagate,35000,4,interp,"{""dim"": 1, ""distance"": 1, ""length"": 12, ""n_sources"": 1}",3,True,False,0,1.0,0.0,1.0,1.0,"[1.0, 1.0, 1.0]",1.0,1.0,1.0,1.0,30024316
96c4d04057a6,looped_transformer,propagate,35000,4,interp,"{""dim"": 1, ""distance"": 2, ""length"": 12, ""n_sources"": 1}",3,True,False,0,1.0,0.0,1.0,1.0,"[1.0, 1.0, 1.0]",1.0,1.0,1.0,1.0,30024316
96c4d04057a6,looped_transformer,propagate,35000,4,interp,"{""dim"": 1, ""distance"": 4, ""length"": 12, ""n_sources"": 1}",3,True,False,0,1.0,0.0,1.0,1.0,"[1.0, 1.0, 1.0]",1.0,1.0,1.0,1.0,30024316
96c4d04057a6,looped_transformer,propagate,37500,4,interp,"{""dim"": 1, ""distance"": 1, ""length"": 12, ""n_sources"": 1}",3,True,False,0,1.0,0.0,1.0,1.0,"[1.0, 1.0, 1.0]",1.0,1.0,1.0,1.0,30024316
96c4d04057a6,looped_transformer,propagate,37500,4,interp,"{""dim"": 1, ""distance"": 2, ""length"": 12, ""n_sources"": 1}",3,True,False,0,1.0,0.0,1.0,1.0,"[1.0, 1.0, 1.0]",1.0,1.0,1.0,1.0,30024316
96c4d04057a6,looped_transformer,propagate,37500,4,interp,"{""dim"": 1, ""distance"": 4, ""length"": 12, ""n_sources"": 1}",3,True,False,0,1.0,0.0,1.0,1.0,"[1.0, 1.0, 1.0]",1.0,1.0,1.0,1.0,30024316
96c4d04057a6,looped_transformer,propagate,40000,4,interp,"{""dim"": 1, ""distance"": 1, ""length"": 12, ""n_sources"": 1}",3,True,False,0,1.0,0.0,1.0,1.0,"[1.0, 1.0, 1.0]",1.0,1.0,1.0,1.0,30024316
96c4d04057a6,looped_transformer,propagate,40000,4,interp,"{""dim"": 1, ""distance"": 2, ""length"": 12, ""n_sources"": 1}",3,True,False,0,1.0,0.0,1.0,1.0,"[1.0, 1.0, 1.0]",1.0,1.0,1.0,1.0,30024316
96c4d04057a6,looped_transformer,propagate,40000,4,interp,"{""dim"": 1, ""distance"": 4, ""length"": 12, ""n_sources"": 1}",3,True,False,0,1.0,0.0,1.0,1.0,"[1.0, 1.0, 1.0]",1.0,1.0,1.0,1.0,30024316
96c4d04057a6,looped_transformer,propagate,40000,8,interp,"{""dim"": 1, ""distance"": 1, ""length"": 12, ""n_sources"": 1}",3,True,False,0,0.8522954091816368,0.18986747265574633,0.5838323353293413,0.9910179640718563,"[0.9910179640718563, 0.5838323353293413, 0.9820359281437125]",0.5838323353293413,0.9910179640718563,0.8522954091816368,0.9863606144092278,30024316
96c4d04057a6,looped_transformer,propagate,40000,8,interp,"{""dim"": 1, ""distance"": 2, ""length"": 12, ""n_sources"": 1}",3,True,False,0,0.8838838838838838,0.15371803680910728,0.6666666666666666,1.0,"[1.0, 0.6666666666666666, 0.984984984984985]",0.6666666666666666,1.0,0.8838838838838838,0.9893226578190282,30024316
96c4d04057a6,looped_transformer,propagate,40000,8,interp,"{""dim"": 1, ""distance"": 4, ""length"": 12, ""n_sources"": 1}",3,True,False,0,0.8758758758758759,0.133272297380186,0.6876876876876877,0.978978978978979,"[0.978978978978979, 0.6876876876876877, 0.960960960960961]",0.6876876876876877,0.978978978978979,0.8758758758758759,0.9892392415064831,30024316
96c4d04057a6,looped_transformer,propagate,2500,16,interp,"{""dim"": 1, ""distance"": 1, ""length"": 12, ""n_sources"": 1}",3,True,False,0,0.2085828343313373,0.20191769090740636,0.017964071856287425,0.4880239520958084,"[0.4880239520958084, 0.017964071856287425, 0.11976047904191617]",0.017964071856287425,0.48802395209580834,0.2085828343313373,0.8850632058884095,30024316
96c4d04057a6,looped_transformer,propagate,2500,16,interp,"{""dim"": 1, ""distance"": 2, ""length"": 12, ""n_sources"": 1}",3,True,False,0,0.2132132132132132,0.20966610549086762,0.009009009009009009,0.5015015015015015,"[0.5015015015015015, 0.009009009009009009, 0.12912912912912913]",0.009009009009009009,0.5015015015015015,0.2132132132132132,0.876126124753847,30024316
96c4d04057a6,looped_transformer,propagate,2500,16,interp,"{""dim"": 1, ""distance"": 4, ""length"": 12, ""n_sources"": 1}",3,True,False,0,0.1961961961961962,0.17286333788700625,0.03303303303303303,0.43543543543543545,"[0.43543543543543545, 0.03303303303303303, 0.12012012012012012]",0.03303303303303303,0.43543543543543545,0.1961961961961962,0.857273941193973,30024316
96c4d04057a6,looped_transformer,propagate,5000,16,interp,"{""dim"": 1, ""distance"": 1, ""length"": 12, ""n_sources"": 1}",3,True,False,0,0.24650698602794416,0.19700406683162106,0.011976047904191617,0.4940119760479042,"[0.4940119760479042, 0.011976047904191617, 0.23353293413173654]",0.01197604790419162,0.4940119760479042,0.24650698602794416,0.8926314053659192,30024316
96c4d04057a6,looped_transformer,propagate,5000,16,interp,"{""dim"": 1, ""distance"": 2, ""length"": 12, ""n_sources"": 1}",3,True,False,0,0.2572572572572573,0.21744082815097127,0.012012012012012012,0.5405405405405406,"[0.5405405405405406, 0.012012012012012012, 0.21921921921921922]",0.012012012012012012,0.5405405405405406,0.2572572572572573,0.8929763110550316,30024316
96c4d04057a6,looped_transformer,propagate,5000,16,interp,"{""dim"": 1, ""distance"": 4, ""length"": 12, ""n_sources"": 1}",3,True,False,0,0.26626626626626626,0.1912881222142525,0.018018018018018018,0.48348348348348347,"[0.48348348348348347, 0.018018018018018018, 0.2972972972972973]",0.018018018018018018,0.4834834834834834,0.26626626626626626,0.8919753103523522,30024316
96c4d04057a6,looped_transformer,propagate,7500,16,interp,"{""dim"": 1, ""distance"": 1, ""length"": 12, ""n_sources"": 1}",3,True,False,0,0.2904191616766467,0.2347198457786783,0.0,0.5748502994011976,"[0.5748502994011976, 0.0, 0.2964071856287425]",0.0,0.5748502994011976,0.2904191616766467,0.8937957452204889,30024316
96c4d04057a6,looped_transformer,propagate,7500,16,interp,"{""dim"": 1, ""distance"": 2, ""length"": 12, ""n_sources"": 1}",3,True,False,0,0.3233233233233233,0.2896025818966865,0.0,0.7027027027027027,"[0.7027027027027027, 0.0, 0.2672672672672673]",0.0,0.7027027027027027,0.3233233233233233,0.894561230539679,30024316
96c4d04057a6,looped_transformer,propagate,7500,16,interp,"{""dim"": 1, ""distance"": 4, ""length"": 12, ""n_sources"": 1}",3,True,False,0,0.35235235235235235,0.2734913531411289,0.0,0.6666666666666666,"[0.6666666666666666, 0.0, 0.39039039039039036]",0.0,0.6666666666666666,0.35235235235235235,0.8988989009871498,30024316
96c4d04057a6,looped_transformer,propagate,10000,16,interp,"{""dim"": 1, ""distance"": 1, ""length"": 12, ""n_sources"": 1}",3,True,False,0,0.33532934131736525,0.23863358578162244,0.0,0.5359281437125748,"[0.5359281437125748, 0.0, 0.47005988023952094]",0.0,0.5359281437125748,0.33532934131736525,0.8893047264831032,30024316
96c4d04057a6,looped_transformer,propagate,10000,16,interp,"{""dim"": 1, ""distance"": 2, ""length"": 12, ""n_sources"": 1}",3,True,False,0,0.3383383383383383,0.24471966725903171,0.0,0.5705705705705706,"[0.5705705705705706, 0.0, 0.4444444444444444]",0.0,0.5705705705705706,0.3383383383383383,0.8899733089469932,30024316
96c4d04057a6,looped_transformer,propagate,10000,16,interp,"{""dim"": 1, ""distance"": 4, ""length"": 12, ""n_sources"": 1}",3,True,False,0,0.3543543543543543,0.250758243161277,0.0,0.5435435435435435,"[0.5195195195195195, 0.0, 0.5435435435435435]",0.0,0.5435435435435435,0.3543543543543543,0.8888888904998252,30024316
96c4d04057a6,looped_transformer,propagate,12500,16,interp,"{""dim"": 1, ""distance"": 1, ""length"": 12, ""n_sources"": 1}",3,True,False,0,0.42714570858283435,0.309165464644334,0.0,0.7215568862275449,"[0.7215568862275449, 0.0, 0.5598802395209581]",0.0,0.7215568862275449,0.42714570858283435,0.9069361288747388,30024316
96c4d04057a6,looped_transformer,propagate,12500,16,interp,"{""dim"": 1, ""distance"": 2, ""length"": 12, ""n_sources"": 1}",3,True,False,0,0.43243243243243246,0.31508166184468434,0.0,0.7417417417417418,"[0.7417417417417418, 0.0, 0.5555555555555556]",0.0,0.7417417417417417,0.43243243243243246,0.9058224900706753,30024316
96c4d04057a6,looped_transformer,propagate,12500,16,interp,"{""dim"": 1, ""distance"": 4, ""length"": 12, ""n_sources"": 1}",3,True,False,0,0.3993993993993994,0.2941206000057938,0.0,0.6996996996996997,"[0.6996996996996997, 0.0, 0.4984984984984985]",0.0,0.6996996996996997,0.3993993993993994,0.8997330672151453,30024316
96c4d04057a6,looped_transformer,propagate,15000,16,interp,"{""dim"": 1, ""distance"": 1, ""length"": 12, ""n_sources"": 1}",3,True,False,0,0.4441117764471058,0.3201617961015421,0.0,0.7425149700598802,"[0.7425149700598802, 0.0, 0.5898203592814372]",0.0,0.7425149700598802,0.4441117764471058,0.906437126105417,30024316
96c4d04057a6,looped_transformer,propagate,15000,16,interp,"{""dim"": 1, ""distance"": 2, ""length"": 12, ""n_sources"": 1}",3,True,False,0,0.4444444444444445,0.33071230986032923,0.0,0.7927927927927928,"[0.7927927927927928, 0.0, 0.5405405405405406]",0.0,0.7927927927927928,0.4444444444444445,0.9023189856722071,30024316
96c4d04057a6,looped_transformer,propagate,15000,16,interp,"{""dim"": 1, ""distance"": 4, ""length"": 12, ""n_sources"": 1}",3,True,False,0,0.4004004004004004,0.3038660507839948,0.0,0.7357357357357357,"[0.7357357357357357, 0.0, 0.46546546546546547]",0.0,0.7357357357357358,0.4004004004004004,0.8868034695600485,30024316
96c4d04057a6,looped_transformer,propagate,17500,16,interp,"{""dim"": 1, ""distance"": 1, ""length"": 12, ""n_sources"": 1}",3,True,False,0,0.4401197604790419,0.3141383035756882,0.0,0.7125748502994012,"[0.7125748502994012, 0.0, 0.6077844311377245]",0.0,0.7125748502994012,0.4401197604790419,0.9105123091719584,30024316
96c4d04057a6,looped_transformer,propagate,17500,16,interp,"{""dim"": 1, ""distance"": 2, ""length"": 12, ""n_sources"": 1}",3,True,False,0,0.4444444444444445,0.3257762332924276,0.0,0.7717717717717718,"[0.7717717717717718, 0.0, 0.5615615615615616]",0.0,0.7717717717717717,0.4444444444444445,0.9101601599811672,30024316
96c4d04057a6,looped_transformer,propagate,17500,16,interp,"{""dim"": 1, ""distance"": 4, ""length"": 12, ""n_sources"": 1}",3,True,False,0,0.41041041041041043,0.3019407977110736,0.0,0.7177177177177178,"[0.7177177177177178, 0.0, 0.5135135135135135]",0.0,0.7177177177177178,0.41041041041041043,0.9036536545486182,30024316
96c4d04057a6,looped_transformer,propagate,20000,16,interp,"{""dim"": 1, ""distance"": 1, ""length"": 12, ""n_sources"": 1}",3,True,False,0,0.4940119760479042,0.3522346189911341,0.0,0.7964071856287425,"[0.7964071856287425, 0.0, 0.6856287425149701]",0.0,0.7964071856287425,0.4940119760479042,0.9140884897666063,30024316
96c4d04057a6,looped_transformer,propagate,20000,16,interp,"{""dim"": 1, ""distance"": 2, ""length"": 12, ""n_sources"": 1}",3,True,False,0,0.4994994994994995,0.35711192969674527,0.0,0.8138138138138138,"[0.8138138138138138, 0.0, 0.6846846846846847]",0.0,0.8138138138138138,0.4994994994994995,0.9151651655828154,30024316
96c4d04057a6,looped_transformer,propagate,20000,16,interp,"{""dim"": 1, ""distance"": 4, ""length"": 12, ""n_sources"": 1}",3,True,False,0,0.5035035035035035,0.35922689052155976,0.0,0.8138138138138138,"[0.8138138138138138, 0.0, 0.6966966966966966]",0.0,0.8138138138138138,0.5035035035035035,0.9143309974455619,30024316
96c4d04057a6,looped_transformer,propagate,22500,16,interp,"{""dim"": 1, ""distance"": 1, ""length"": 12, ""n_sources"": 1}",3,True,False,0,0.47105788423153694,0.33702108660421415,0.0,0.7694610778443114,"[0.7694610778443114, 0.0, 0.6437125748502994]",0.0,0.7694610778443115,0.47105788423153694,0.9165834993302465,30024316
96c4d04057a6,looped_transformer,propagate,22500,16,interp,"{""dim"": 1, ""distance"": 2, ""length"": 12, ""n_sources"": 1}",3,True,False,0,0.4884884884884884,0.3559146298936317,0.0,0.8378378378378378,"[0.8378378378378378, 0.0, 0.6276276276276276]",0.0,0.8378378378378378,0.4884884884884884,0.9184184175831182,30024316
96c4d04057a6,looped_transformer,propagate,22500,16,interp,"{""dim"": 1, ""distance"": 4, ""length"": 12, ""n_sources"": 1}",3,True,False,0,0.4774774774774775,0.3425091352108701,0.0,0.7867867867867868,"[0.7867867867867868, 0.0, 0.6456456456456456]",0.0,0.7867867867867867,0.4774774774774775,0.9168334997094072,30024316
96c4d04057a6,looped_transformer,propagate,25000,16,interp,"{""dim"": 1, ""distance"": 1, ""length"": 12, ""n_sources"": 1}",3,True,False,0,0.46307385229540915,0.3629003809138048,0.0,0.8862275449101796,"[0.8862275449101796, 0.0, 0.5029940119760479]",0.0,0.8862275449101796,0.46307385229540915,0.9187458406784339,30024316
96c4d04057a6,looped_transformer,propagate,25000,16,interp,"{""dim"": 1, ""distance"": 2, ""length"": 12, ""n_sources"": 1}",3,True,False,0,0.46546546546546547,0.3630612829493921,0.0,0.8858858858858859,"[0.8858858858858859, 0.0, 0.5105105105105106]",0.0,0.8858858858858859,0.46546546546546547,0.9180847507816655,30024316
96c4d04057a6,looped_transformer,propagate,25000,16,interp,"{""dim"": 1, ""distance"": 4, ""length"": 12, ""n_sources"": 1}",3,True,False,0,0.4674674674674675,0.3418180251025503,0.0,0.8078078078078078,"[0.8078078078078078, 0.0, 0.5945945945945946]",0.0,0.8078078078078078,0.4674674674674675,0.9191691680355474,30024316
96c4d04057a6,looped_transformer,propagate,27500,16,interp,"{""dim"": 1, ""distance"": 1, ""length"": 12, ""n_sources"": 1}",3,True,False,0,0.4201596806387226,0.3563614989783713,0.0,0.8712574850299402,"[0.8712574850299402, 0.0, 0.38922155688622756]",0.0,0.8712574850299402,0.4201596806387226,0.9134231523839299,30024316
96c4d04057a6,looped_transformer,propagate,27500,16,interp,"{""dim"": 1, ""distance"": 2, ""length"": 12, ""n_sources"": 1}",3,True,False,0,0.41841841841841837,0.37205202188843906,0.0,0.9039039039039038,"[0.9039039039039038, 0.0, 0.35135135135135137]",0.0,0.9039039039039038,0.41841841841841837,0.9125792445005239,30024316
96c4d04057a6,looped_transformer,propagate,27500,16,interp,"{""dim"": 1, ""distance"": 4, ""length"": 12, ""n_sources"": 1}",3,True,False,0,0.3903903903903904,0.3415071560716681,0.0,0.8318318318318318,"[0.8318318318318318, 0.0, 0.33933933933933935]",0.0,0.8318318318318317,0.3903903903903904,0.9047380692965991,30024316
96c4d04057a6,looped_transformer,propagate,30000,16,interp,"{""dim"": 1, ""distance"": 1, ""length"": 12, ""n_sources"": 1}",3,True,False,0,0.41417165668662675,0.3597994712881121,0.0,0.8772455089820359,"[0.8772455089820359, 0.0, 0.3652694610778443]",0.0,0.8772455089820359,0.41417165668662675,0.9114271442214409,30024316
96c4d04057a6,looped_transformer,propagate,30000,16,interp,"{""dim"": 1, ""distance"": 2, ""length"": 12, ""n_sources"": 1}",3,True,False,0,0.42242242242242245,0.37430745656212083,0.0,0.9099099099099099,"[0.9099099099099099, 0.0, 0.35735735735735735]",0.0,0.9099099099099099,0.42242242242242245,0.911995327627814,30024316
96c4d04057a6,looped_transformer,propagate,30000,16,interp,"{""dim"": 1, ""distance"": 4, ""length"": 12, ""n_sources"": 1}",3,True,False,0,0.3993993993993994,0.3421139676947095,0.003003003003003003,0.8378378378378378,"[0.8378378378378378, 0.003003003003003003, 0.35735735735735735]",0.003003003003003003,0.8378378378378378,0.3993993993993994,0.904738070221396,30024316
96c4d04057a6,looped_transformer,propagate,32500,16,interp,"{""dim"": 1, ""distance"": 1, ""length"": 12, ""n_sources"": 1}",3,True,False,0,0.40818363273453095,0.36817285720684717,0.0,0.8922155688622755,"[0.8922155688622755, 0.0, 0.3323353293413174]",0.0,0.8922155688622754,0.40818363273453095,0.9095974698989928,30024316
96c4d04057a6,looped_transformer,propagate,32500,16,interp,"{""dim"": 1, ""distance"": 2, ""length"": 12, ""n_sources"": 1}",3,True,False,0,0.39839839839839836,0.37670900897803467,0.0,0.9039039039039038,"[0.9039039039039038, 0.0, 0.2912912912912913]",0.0,0.9039039039039038,0.39839839839839836,0.9086586574057082,30024316
96c4d04057a6,looped_transformer,propagate,32500,16,interp,"{""dim"": 1, ""distance"": 4, ""length"": 12, ""n_sources"": 1}",3,True,False,0,0.3793793793793794,0.3497119881428531,0.0,0.8438438438438438,"[0.8438438438438438, 0.0, 0.29429429429429427]",0.0,0.8438438438438438,0.3793793793793794,0.9001501484795496,30024316
96c4d04057a6,looped_transformer,propagate,35000,16,interp,"{""dim"": 1, ""distance"": 1, ""length"": 12, ""n_sources"": 1}",3,True,False,0,0.40618762475049897,0.3716784469790161,0.0,0.8982035928143712,"[0.8982035928143712, 0.0, 0.3203592814371258]",0.0,0.8982035928143711,0.40618762475049897,0.9116766445056168,30024316
96c4d04057a6,looped_transformer,propagate,35000,16,interp,"{""dim"": 1, ""distance"": 2, ""length"": 12, ""n_sources"": 1}",3,True,False,0,0.3893893893893894,0.3794757696053536,0.0,0.9039039039039038,"[0.9039039039039038, 0.0, 0.26426426426426425]",0.0,0.9039039039039038,0.3893893893893894,0.9095762411395351,30024316
96c4d04057a6,looped_transformer,propagate,35000,16,interp,"{""dim"": 1, ""distance"": 4, ""length"": 12, ""n_sources"": 1}",3,True,False,0,0.35735735735735735,0.3581262075115877,0.0,0.8468468468468469,"[0.8468468468468469, 0.0, 0.22522522522522523]",0.0,0.8468468468468467,0.35735735735735735,0.8999833150788232,30024316
96c4d04057a6,looped_transformer,propagate,37500,16,interp,"{""dim"": 1, ""distance"": 1, ""length"": 12, ""n_sources"": 1}",3,True,False,0,0.41417165668662675,0.36851356528601437,0.0,0.8952095808383234,"[0.8952095808383234, 0.0, 0.3473053892215569]",0.0,0.8952095808383232,0.41417165668662675,0.9110944755895884,30024316
96c4d04057a6,looped_transformer,propagate,37500,16,interp,"{""dim"": 1, ""distance"": 2, ""length"": 12, ""n_sources"": 1}",3,True,False,0,0.39839839839839836,0.37834130245076225,0.0,0.9069069069069069,"[0.9069069069069069, 0.0, 0.2882882882882883]",0.0,0.9069069069069068,0.39839839839839836,0.9099933247308473,30024316
96c4d04057a6,looped_transformer,propagate,37500,16,interp,"{""dim"": 1, ""distance"": 4, ""length"": 12, ""n_sources"": 1}",3,True,False,0,0.36236236236236236,0.35464548646319516,0.0,0.8438438438438438,"[0.8438438438438438, 0.0, 0.24324324324324326]",0.0,0.8438438438438438,0.36236236236236236,0.8996496480387134,30024316
96c4d04057a6,looped_transformer,propagate,40000,16,interp,"{""dim"": 1, ""distance"": 1, ""length"": 12, ""n_sources"": 1}",3,True,False,0,0.4131736526946108,0.36869730867944833,0.0,0.8952095808383234,"[0.8952095808383234, 0.0, 0.344311377245509]",0.0,0.8952095808383232,0.4131736526946108,0.9109281415710906,30024316
96c4d04057a6,looped_transformer,propagate,40000,16,interp,"{""dim"": 1, ""distance"": 2, ""length"": 12, ""n_sources"": 1}",3,True,False,0,0.39839839839839836,0.37670900897803467,0.0,0.9039039039039038,"[0.9039039039039038, 0.0, 0.2912912912912913]",0.0,0.9039039039039038,0.39839839839839836,0.9097430746595899,30024316
96c4d04057a6,looped_transformer,propagate,40000,16,interp,"{""dim"": 1, ""distance"": 4, ""length"": 12, ""n_sources"": 1}",3,True,False,0,0.35835835835835833,0.35431476453258226,0.0,0.8408408408408409,"[0.8408408408408409, 0.0, 0.23423423423423423]",0.0,0.8408408408408409,0.35835835835835833,0.8984818135773217,30024316
96c4d04057a6,looped_transformer,propagate,40000,32,interp,"{""dim"": 1, ""distance"": 1, ""length"": 12, ""n_sources"": 1}",3,True,False,0,0.18463073852295409,0.2464362670990174,0.0,0.5329341317365269,"[0.5329341317365269, 0.0, 0.020958083832335328]",0.0,0.5329341317365269,0.18463073852295409,0.8548735835238132,30024316
96c4d04057a6,looped_transformer,propagate,40000,32,interp,"{""dim"": 1, ""distance"": 2, ""length"": 12, ""n_sources"": 1}",3,True,False,0,0.19419419419419418,0.2661834638350061,0.0,0.5705705705705706,"[0.5705705705705706, 0.0, 0.012012012012012012]",0.0,0.5705705705705706,0.19419419419419418,0.8474307621086205,30024316
96c4d04057a6,looped_transformer,propagate,40000,32,interp,"{""dim"": 1, ""distance"": 4, ""length"": 12, ""n_sources"": 1}",3,True,False,0,0.16616616616616617,0.22237547583682662,0.0,0.4804804804804805,"[0.4804804804804805, 0.0, 0.018018018018018018]",0.0,0.4804804804804805,0.16616616616616617,0.8282449095098823,30024316
96c4d04057a6,looped_transformer,propagate,2500,1,mild,"{""dim"": 1, ""distance"": 6, ""length"": 12, ""n_sources"": 1}",3,True,False,0,0.074,0.05099019513592785,0.004,0.124,"[0.004, 0.124, 0.094]",0.004,0.124,0.074,0.7148888875742753,30024316
96c4d04057a6,looped_transformer,propagate,2500,1,mild,"{""dim"": 1, ""distance"": 8, ""length"": 12, ""n_sources"": 1}",3,True,False,0,0.07066666666666667,0.03271425105702746,0.032,0.112,"[0.032, 0.112, 0.068]",0.032,0.112,0.07066666666666667,0.6642222220947346,30024316
96c4d04057a6,looped_transformer,propagate,5000,1,mild,"{""dim"": 1, ""distance"": 6, ""length"": 12, ""n_sources"": 1}",3,True,False,0,0.12266666666666666,0.012256517540566829,0.108,0.138,"[0.122, 0.138, 0.108]",0.108,0.138,0.12266666666666666,0.737333332002163,30024316
96c4d04057a6,looped_transformer,propagate,5000,1,mild,"{""dim"": 1, ""distance"": 8, ""length"": 12, ""n_sources"": 1}",3,True,False,0,0.126,0.08094442537939224,0.012,0.192,"[0.012, 0.192, 0.174]",0.012000000000000002,0.19200000000000003,0.126,0.6555555558751026,30024316
96c4d04057a6,looped_transformer,propagate,7500,1,mild,"{""dim"": 1, ""distance"": 6, ""length"": 12, ""n_sources"": 1}",3,True,False,0,0.128,0.08006663891201296,0.032,0.228,"[0.032, 0.124, 0.228]",0.032,0.228,0.128,0.7334444447755812,30024316
96c4d04057a6,looped_transformer,propagate,7500,1,mild,"{""dim"": 1, ""distance"": 8, ""length"": 12, ""n_sources"": 1}",3,True,False,0,0.162,0.1155162326255492,0.006,0.282,"[0.006, 0.198, 0.282]",0.006000000000000001,0.282,0.162,0.6502777780840794,30024316
96c4d04057a6,looped_transformer,propagate,10000,1,mild,"{""dim"": 1, ""distance"": 6, ""length"": 12, ""n_sources"": 1}",3,True,False,0,0.12933333333333333,0.0881261721750254,0.042,0.25,"[0.042, 0.096, 0.25]",0.042,0.25,0.12933333333333333,0.7437222224473953,30024316
96c4d04057a6,looped_transformer,propagate,10000,1,mild,"{""dim"": 1, ""distance"": 8, ""length"": 12, ""n_sources"": 1}",3,True,False,0,0.104,0.07101173611922657,0.004,0.162,"[0.004, 0.162, 0.146]",0.004,0.162,0.104,0.6466666667759419,30024316
96c4d04057a6,looped_transformer,propagate,12500,1,mild,"{""dim"": 1, ""distance"": 6, ""length"": 12, ""n_sources"": 1}",3,True,False,0,0.168,0.14753982513206393,0.012,0.366,"[0.012, 0.126, 0.366]",0.012000000000000002,0.36599999999999994,0.168,0.7382222223877907,30024316
96c4d04057a6,looped_transformer,propagate,12500,1,mild,"{""dim"": 1, ""distance"": 8, ""length"": 12, ""n_sources"": 1}",3,True,False,0,0.14666666666666667,0.10603563342365412,0.004,0.258,"[0.004, 0.178, 0.258]",0.004,0.258,0.14666666666666667,0.6367222227354845,30024316
96c4d04057a6,looped_transformer,propagate,15000,1,mild,"{""dim"": 1, ""distance"": 6, ""length"": 12, ""n_sources"": 1}",3,True,False,0,0.043333333333333335,0.05169998925424346,0.0,0.116,"[0.014, 0.116, 0.0]",0.0,0.116,0.043333333333333335,0.6914444426695505,30024316
96c4d04057a6,looped_transformer,propagate,15000,1,mild,"{""dim"": 1, ""distance"": 8, ""length"": 12, ""n_sources"": 1}",3,True,False,0,0.05533333333333334,0.07401501349200865,0.002,0.16,"[0.002, 0.16, 0.004]",0.002,0.16,0.05533333333333334,0.5810555573950212,30024316
96c4d04057a6,looped_transformer,propagate,17500,1,mild,"{""dim"": 1, ""distance"": 6, ""length"": 12, ""n_sources"": 1}",3,True,False,0,0.05466666666666667,0.05622178304615471,0.0,0.132,"[0.032, 0.132, 0.0]",0.0,0.132,0.05466666666666667,0.7162777763009073,30024316
96c4d04057a6,looped_transformer,propagate,17500,1,mild,"{""dim"": 1, ""distance"": 8, ""length"": 12, ""n_sources"": 1}",3,True,False,0,0.051333333333333335,0.0711867653117878,0.0,0.152,"[0.002, 0.152, 0.0]",0.0,0.152,0.051333333333333335,0.5708888906240462,30024316
96c4d04057a6,looped_transformer,propagate,20000,1,mild,"{""dim"": 1, ""distance"": 6, ""length"": 12, ""n_sources"": 1}",3,True,False,0,0.055999999999999994,0.06275879752406563,0.002,0.144,"[0.022, 0.144, 0.002]",0.002,0.144,0.055999999999999994,0.7196111073493957,30024316
96c4d04057a6,looped_transformer,propagate,20000,1,mild,"{""dim"": 1, ""distance"": 8, ""length"": 12, ""n_sources"": 1}",3,True,False,0,0.06333333333333334,0.08956685895029601,0.0,0.19,"[0.0, 0.19, 0.0]",0.0,0.19000000000000003,0.06333333333333334,0.5833333350718021,30024316
96c4d04057a6,looped_transformer,propagate,22500,1,mild,"{""dim"": 1, ""distance"": 6, ""length"": 12, ""n_sources"": 1}",3,True,False,0,0.04800000000000001,0.0537649204097492,0.008,0.124,"[0.012, 0.124, 0.008]",0.008,0.124,0.04800000000000001,0.7332777750293413,30024316
96c4d04057a6,looped_transformer,propagate,22500,1,mild,"{""dim"": 1, ""distance"": 8, ""length"": 12, ""n_sources"": 1}",3,True,False,0,0.06666666666666667,0.09428090415820635,0.0,0.2,"[0.0, 0.2, 0.0]",0.0,0.20000000000000004,0.06666666666666667,0.5968333356281121,30024316
96c4d04057a6,looped_transformer,propagate,25000,1,mild,"{""dim"": 1, ""distance"": 6, ""length"": 12, ""n_sources"": 1}",3,True,False,0,0.334,0.4483659219878335,0.008,0.968,"[0.026, 0.968, 0.008]",0.008,0.968,0.334,0.8399444426695505,30024316
96c4d04057a6,looped_transformer,propagate,25000,1,mild,"{""dim"": 1, ""distance"": 8, ""length"": 12, ""n_sources"": 1}",3,True,False,0,0.314,0.44264959806450366,0.0,0.94,"[0.0, 0.94, 0.002]",0.0,0.94,0.314,0.7000555559198062,30024316
96c4d04057a6,looped_transformer,propagate,27500,1,mild,"{""dim"": 1, ""distance"": 6, ""length"": 12, ""n_sources"": 1}",3,True,False,0,0.3393333333333333,0.45740524216011735,0.002,0.986,"[0.03, 0.986, 0.002]",0.002,0.9860000000000001,0.3393333333333333,0.8343333310286204,30024316
96c4d04057a6,looped_transformer,propagate,27500,1,mild,"{""dim"": 1, ""distance"": 8, ""length"": 12, ""n_sources"": 1}",3,True,False,0,0.308,0.43557777721091334,0.0,0.924,"[0.0, 0.924, 0.0]",0.0,0.924,0.308,0.6990555553634961,30024316
96c4d04057a6,looped_transformer,propagate,30000,1,mild,"{""dim"": 1, ""distance"": 6, ""length"": 12, ""n_sources"": 1}",3,True,False,0,0.338,0.45970715316021205,0.002,0.988,"[0.024, 0.988, 0.002]",0.002,0.988,0.338,0.8267777763605118,30024316
96c4d04057a6,looped_transformer,propagate,30000,1,mild,"{""dim"": 1, ""distance"": 8, ""length"": 12, ""n_sources"": 1}",3,True,False,0,0.3233333333333333,0.4572623851673008,0.0,0.97,"[0.0, 0.97, 0.0]",0.0,0.9700000000000001,0.3233333333333333,0.6840555542111396,30024316
96c4d04057a6,looped_transformer,propagate,32500,1,mild,"{""dim"": 1, ""distance"": 6, ""length"": 12, ""n_sources"": 1}",3,True,False,0,0.33666666666666667,0.45785684322601194,0.0,0.984,"[0.026, 0.984, 0.0]",0.0,0.984,0.33666666666666667,0.8276666658322016,30024316
96c4d04057a6,looped_transformer,propagate,32500,1,mild,"{""dim"": 1, ""distance"": 8, ""length"": 12, ""n_sources"": 1}",3,True,False,0,0.31866666666666665,0.4506627218762263,0.0,0.956,"[0.0, 0.956, 0.0]",0.0,0.956,0.31866666666666665,0.6754999972780545,30024316
96c4d04057a6,looped_transformer,propagate,35000,1,mild,"{""dim"": 1, ""distance"": 6, ""length"": 12, ""n_sources"": 1}",3,True,False,0,0.336,0.4611059169720842,0.0,0.988,"[0.02, 0.988, 0.0]",0.0,0.988,0.336,0.8259444437821705,30024316
96c4d04057a6,looped_transformer,propagate,35000,1,mild,"{""dim"": 1, ""distance"": 8, ""length"": 12, ""n_sources"": 1}",3,True,False,0,0.3233333333333333,0.4572623851673008,0.0,0.97,"[0.0, 0.97, 0.0]",0.0,0.9700000000000001,0.3233333333333333,0.66988888468345,30024316
96c4d04057a6,looped_transformer,propagate,37500,1,mild,"{""dim"": 1, ""distance"": 6, ""length"": 12, ""n_sources"": 1}",3,True,False,0,0.336,0.4625062161744423,0.0,0.99,"[0.018, 0.99, 0.0]",0.0,0.9899999999999999,0.336,0.8294444433848063,30024316
96c4d04057a6,looped_transformer,propagate,37500,1,mild,"{""dim"": 1, ""distance"": 8, ""length"": 12, ""n_sources"": 1}",3,True,False,0,0.3233333333333333,0.4572623851673008,0.0,0.97,"[0.0, 0.97, 0.0]",0.0,0.9700000000000001,0.3233333333333333,0.6728888832132022,30024316
96c4d04057a6,looped_transformer,propagate,40000,1,mild,"{""dim"": 1, ""distance"": 6, ""length"": 12, ""n_sources"": 1}",3,True,False,0,0.3353333333333333,0.4629653214754739,0.0,0.99,"[0.016, 0.99, 0.0]",0.0,0.9899999999999999,0.3353333333333333,0.8275555546283723,30024316
96c4d04057a6,looped_transformer,propagate,40000,1,mild,"{""dim"": 1, ""distance"": 8, ""length"": 12, ""n_sources"": 1}",3,True,False,0,0.322,0.45537676708413655,0.0,0.966,"[0.0, 0.966, 0.0]",0.0,0.9659999999999999,0.322,0.67055554997921,30024316
96c4d04057a6,looped_transformer,propagate,40000,2,mild,"{""dim"": 1, ""distance"": 6, ""length"": 12, ""n_sources"": 1}",3,True,False,0,0.4286666666666667,0.4148874010566668,0.01,0.994,"[0.282, 0.994, 0.01]",0.01,0.9940000000000001,0.4286666666666667,0.8954999993244807,30024316
96c4d04057a6,looped_transformer,propagate,40000,2,mild,"{""dim"": 1, ""distance"": 8, ""length"": 12, ""n_sources"": 1}",3,True,False,0,0.32666666666666666,0.461976430375211,0.0,0.98,"[0.0, 0.98, 0.0]",0.0,0.98,0.32666666666666666,0.662222220202287,30024316
96c4d04057a6,looped_transformer,propagate,2500,4,mild,"{""dim"": 1, ""distance"": 6, ""length"": 12, ""n_sources"": 1}",3,True,False,0,0.16066666666666665,0.10268830940710286,0.016,0.244,"[0.016, 0.244, 0.222]",0.016,0.244,0.16066666666666665,0.7848888892928759,30024316
96c4d04057a6,looped_transformer,propagate,2500,4,mild,"{""dim"": 1, ""distance"": 8, ""length"": 12, ""n_sources"": 1}",3,True,False,0,0.14200000000000002,0.10316330096825453,0.004,0.252,"[0.004, 0.252, 0.17]",0.004,0.252,0.14200000000000002,0.7416111122767131,30024316
96c4d04057a6,looped_transformer,propagate,5000,4,mild,"{""dim"": 1, ""distance"": 6, ""length"": 12, ""n_sources"": 1}",3,True,False,0,0.5619999999999999,0.23901464390283705,0.35,0.896,"[0.35, 0.896, 0.44]",0.3499999999999999,0.896,0.5619999999999999,0.9298888914386431,30024316
96c4d04057a6,looped_transformer,propagate,5000,4,mild,"{""dim"": 1, ""distance"": 8, ""length"": 12, ""n_sources"": 1}",3,True,False,0,0.4046666666666667,0.32963144402330447,0.116,0.866,"[0.116, 0.866, 0.232]",0.116,0.866,0.4046666666666667,0.8388888899882634,30024316
96c4d04057a6,looped_transformer,propagate,7500,4,mild,"{""dim"": 1, ""distance"": 6, ""length"": 12, ""n_sources"": 1}",3,True,False,0,0.4426666666666666,0.3668617662765576,0.15,0.96,"[0.218, 0.96, 0.15]",0.15,0.96,0.4426666666666666,0.9040000029206275,30024316
96c4d04057a6,looped_transformer,propagate,7500,4,mild,"{""dim"": 1, ""distance"": 8, ""length"": 12, ""n_sources"": 1}",3,True,False,0,0.37000000000000005,0.4201555267596353,0.06,0.964,"[0.06, 0.964, 0.086]",0.06,0.964,0.37000000000000005,0.7801111113329728,30024316
96c4d04057a6,looped_transformer,propagate,10000,4,mild,"{""dim"": 1, ""distance"": 6, ""length"": 12, ""n_sources"": 1}",3,True,False,0,0.63,0.25090237145152694,0.396,0.978,"[0.396, 0.978, 0.516]",0.3960000000000001,0.9780000000000001,0.63,0.9481666694879533,30024316
96c4d04057a6,looped_transformer,propagate,10000,4,mild,"{""dim"": 1, ""distance"": 8, ""length"": 12, ""n_sources"": 1}",3,True,False,0,0.46599999999999997,0.34789653634378137,0.22,0.958,"[0.22, 0.958, 0.22]",0.22,0.9579999999999999,0.46599999999999997,0.8678333338697751,30024316
96c4d04057a6,looped_transformer,propagate,12500,4,mild,"{""dim"": 1, ""distance"": 6, ""length"": 12, ""n_sources"": 1}",3,True,False,0,0.51,0.33586108239369844,0.228,0.982,"[0.32, 0.982, 0.228]",0.228,0.9819999999999999,0.51,0.9253888916571936,30024316
96c4d04057a6,looped_transformer,propagate,12500,4,mild,"{""dim"": 1, ""distance"": 8, ""length"": 12, ""n_sources"": 1}",3,True,False,0,0.3806666666666667,0.42026446699931963,0.054,0.974,"[0.114, 0.974, 0.054]",0.054,0.9739999999999999,0.3806666666666667,0.8147222222884496,30024316
96c4d04057a6,looped_transformer,propagate,15000,4,mild,"{""dim"": 1, ""distance"": 6, ""length"": 12, ""n_sources"": 1}",3,True,False,0,0.5133333333333333,0.34844543650652426,0.186,0.996,"[0.358, 0.996, 0.186]",0.18600000000000003,0.996,0.5133333333333333,0.9209444473783176,30024316
96c4d04057a6,looped_transformer,propagate,15000,4,mild,"{""dim"": 1, ""distance"": 8, ""length"": 12, ""n_sources"": 1}",3,True,False,0,0.37600000000000006,0.4164068523291453,0.054,0.964,"[0.11, 0.964, 0.054]",0.054,0.964,0.37600000000000006,0.7841666663984457,30024316
96c4d04057a6,looped_transformer,propagate,17500,4,mild,"{""dim"": 1, ""distance"": 6, ""length"": 12, ""n_sources"": 1}",3,True,False,0,0.536,0.3211105728561425,0.3,0.99,"[0.318, 0.99, 0.3]",0.3,0.9899999999999999,0.536,0.9388333374460539,30024316
96c4d04057a6,looped_transformer,propagate,17500,4,mild,"{""dim"": 1, ""distance"": 8, ""length"": 12, ""n_sources"": 1}",3,True,False,0,0.38933333333333336,0.4162702113878543,0.09,0.978,"[0.1, 0.978, 0.09]",0.09000000000000001,0.9780000000000001,0.38933333333333336,0.8229444443384807,30024316
96c4d04057a6,looped_transformer,propagate,20000,4,mild,"{""dim"": 1, ""distance"": 6, ""length"": 12, ""n_sources"": 1}",3,True,False,0,0.5319999999999999,0.34798084238455806,0.162,0.998,"[0.436, 0.998, 0.162]",0.162,0.9979999999999999,0.5319999999999999,0.933500001947085,30024316
96c4d04057a6,looped_transformer,propagate,20000,4,mild,"{""dim"": 1, ""distance"": 8, ""length"": 12, ""n_sources"": 1}",3,True,False,0,0.3873333333333333,0.42315114189718184,0.032,0.982,"[0.148, 0.982, 0.032]",0.032,0.9819999999999999,0.3873333333333333,0.8011111102104187,30024316
96c4d04057a6,looped_transformer,propagate,22500,4,mild,"{""dim"": 1, ""distance"": 6, ""length"": 12, ""n_sources"": 1}",3,True,False,0,0.5206666666666666,0.34458219467768336,0.19,0.996,"[0.376, 0.996, 0.19]",0.19000000000000003,0.996,0.5206666666666666,0.9379444479346275,30024316
96c4d04057a6,looped_transformer,propagate,22500,4,mild,"{""dim"": 1, ""distance"": 8, ""length"": 12, ""n_sources"": 1}",3,True,False,0,0.37333333333333335,0.43980702839111413,0.028,0.994,"[0.098, 0.994, 0.028]",0.028,0.9940000000000001,0.37333333333333335,0.8072222221692403,30024316
96c4d04057a6,looped_transformer,propagate,25000,4,mild,"{""dim"": 1, ""distance"": 6, ""length"": 12, ""n_sources"": 1}",3,True,False,0,0.51,0.3457899169534396,0.22,0.996,"[0.314, 0.996, 0.22]",0.22,0.996,0.51,0.9366111142237982,30024316
96c4d04057a6,looped_transformer,propagate,25000,4,mild,"{""dim"": 1, ""distance"": 8, ""length"": 12, ""n_sources"": 1}",3,True,False,0,0.3526666666666667,0.4535646468684358,0.022,0.994,"[0.042, 0.994, 0.022]",0.022000000000000002,0.9940000000000001,0.3526666666666667,0.7871666660904885,30024316
96c4d04057a6,looped_transformer,propagate,27500,4,mild,"{""dim"": 1, ""distance"": 6, ""length"": 12, ""n_sources"": 1}",3,True,False,0,0.5379999999999999,0.32899037473255455,0.23,0.994,"[0.39, 0.994, 0.23]",0.23,0.9940000000000001,0.5379999999999999,0.9405000035365423,30024316
96c4d04057a6,looped_transformer,propagate,27500,4,mild,"{""dim"": 1, ""distance"": 8, ""length"": 12, ""n_sources"": 1}",3,True,False,0,0.3666666666666667,0.44218950186040773,0.05,0.992,"[0.05, 0.992, 0.058]",0.05000000000000001,0.992,0.3666666666666667,0.8095555557608605,30024316
96c4d04057a6,looped_transformer,propagate,30000,4,mild,"{""dim"": 1, ""distance"": 6, ""length"": 12, ""n_sources"": 1}",3,True,False,0,0.5459999999999999,0.33155391718391747,0.212,0.998,"[0.428, 0.998, 0.212]",0.212,0.9979999999999999,0.5459999999999999,0.9453333369890848,30024316
96c4d04057a6,looped_transformer,propagate,30000,4,mild,"{""dim"": 1, ""distance"": 8, ""length"": 12, ""n_sources"": 1}",3,True,False,0,0.3506666666666667,0.45774034366900873,0.024,0.998,"[0.03, 0.998, 0.024]",0.024000000000000004,0.9979999999999999,0.3506666666666667,0.7942777782877286,30024316
96c4d04057a6,looped_transformer,propagate,32500,4,mild,"{""dim"": 1, ""distance"": 6, ""length"": 12, ""n_sources"": 1}",3,True,False,0,0.53,0.3367412458649321,0.212,0.996,"[0.382, 0.996, 0.212]",0.212,0.996,0.53,0.9426111150582632,30024316
96c4d04057a6,looped_transformer,propagate,32500,4,mild,"{""dim"": 1, ""distance"": 8, ""length"": 12, ""n_sources"": 1}",3,True,False,0,0.3473333333333333,0.45726530106225594,0.022,0.994,"[0.022, 0.994, 0.026]",0.022000000000000002,0.9940000000000001,0.3473333333333333,0.7932777786652246,30024316
96c4d04057a6,looped_transformer,propagate,35000,4,mild,"{""dim"": 1, ""distance"": 6, ""length"": 12, ""n_sources"": 1}",3,True,False,0,0.5239999999999999,0.340716891274853,0.212,0.998,"[0.362, 0.998, 0.212]",0.212,0.9979999999999999,0.5239999999999999,0.9381666702429454,30024316
96c4d04057a6,looped_transformer,propagate,35000,4,mild,"{""dim"": 1, ""distance"": 8, ""length"": 12, ""n_sources"": 1}",3,True,False,0,0.3426666666666667,0.46064978261388795,0.006,0.994,"[0.006, 0.994, 0.028]",0.006000000000000001,0.9940000000000001,0.3426666666666667,0.7757777788241705,30024316
96c4d04057a6,looped_transformer,propagate,37500,4,mild,"{""dim"": 1, ""distance"": 6, ""length"": 12, ""n_sources"": 1}",3,True,False,0,0.5193333333333333,0.3432601863828014,0.21,0.998,"[0.35, 0.998, 0.21]",0.21,0.9979999999999999,0.5193333333333333,0.9374444478750229,30024316
96c4d04057a6,looped_transformer,propagate,37500,4,mild,"{""dim"": 1, ""distance"": 8, ""length"": 12, ""n_sources"": 1}",3,True,False,0,0.3393333333333333,0.4629653214754739,0.004,0.994,"[0.004, 0.994, 0.02]",0.004,0.9940000000000001,0.3393333333333333,0.772611112097899,30024316
96c4d04057a6,looped_transformer,propagate,40000,4,mild,"{""dim"": 1, ""distance"": 6, ""length"": 12, ""n_sources"": 1}",3,True,False,0,0.522,0.3398980239228623,0.226,0.998,"[0.342, 0.998, 0.226]",0.226,0.9979999999999999,0.522,0.9373888920942942,30024316
96c4d04057a6,looped_transformer,propagate,40000,4,mild,"{""dim"": 1, ""distance"": 8, ""length"": 12, ""n_sources"": 1}",3,True,False,0,0.33866666666666667,0.4620226064695199,0.004,0.992,"[0.004, 0.992, 0.02]",0.004,0.992,0.33866666666666667,0.7709444454908372,30024316
96c4d04057a6,looped_transformer,propagate,40000,8,mild,"{""dim"": 1, ""distance"": 6, ""length"": 12, ""n_sources"": 1}",3,True,False,0,0.49400000000000005,0.07463689882803722,0.398,0.58,"[0.504, 0.58, 0.398]",0.39799999999999996,0.58,0.49400000000000005,0.9416111167669295,30024316
96c4d04057a6,looped_transformer,propagate,40000,8,mild,"{""dim"": 1, ""distance"": 8, ""length"": 12, ""n_sources"": 1}",3,True,False,0,0.2786666666666667,0.186906988157806,0.078,0.528,"[0.078, 0.528, 0.23]",0.078,0.528,0.2786666666666667,0.8362222261230151,30024316
96c4d04057a6,looped_transformer,propagate,2500,16,mild,"{""dim"": 1, ""distance"": 6, ""length"": 12, ""n_sources"": 1}",3,True,False,0,0.057999999999999996,0.06364484791926733,0.012,0.148,"[0.012, 0.014, 0.148]",0.012000000000000002,0.148,0.057999999999999996,0.7720000005165737,30024316
96c4d04057a6,looped_transformer,propagate,2500,16,mild,"{""dim"": 1, ""distance"": 8, ""length"": 12, ""n_sources"": 1}",3,True,False,0,0.057333333333333326,0.06162971866090435,0.006,0.144,"[0.006, 0.022, 0.144]",0.006000000000000001,0.144,0.057333333333333326,0.7406111105680465,30024316
96c4d04057a6,looped_transformer,propagate,5000,16,mild,"{""dim"": 1, ""distance"": 6, ""length"": 12, ""n_sources"": 1}",3,True,False,0,0.18866666666666668,0.12852323611791847,0.012,0.314,"[0.314, 0.012, 0.24]",0.012000000000000002,0.314,0.18866666666666668,0.8686111112236977,30024316
96c4d04057a6,looped_transformer,propagate,5000,16,mild,"{""dim"": 1, ""distance"": 8, ""length"": 12, ""n_sources"": 1}",3,True,False,0,0.166,0.10496983693741108,0.018,0.25,"[0.25, 0.018, 0.23]",0.018,0.25,0.166,0.8405555553038915,30024316
96c4d04057a6,looped_transformer,propagate,7500,16,mild,"{""dim"": 1, ""distance"": 6, ""length"": 12, ""n_sources"": 1}",3,True,False,0,0.18600000000000003,0.13532183859229818,0.0,0.318,"[0.318, 0.0, 0.24]",0.0,0.318,0.18600000000000003,0.8580000007748604,30024316
96c4d04057a6,looped_transformer,propagate,7500,16,mild,"{""dim"": 1, ""distance"": 8, ""length"": 12, ""n_sources"": 1}",3,True,False,0,0.15533333333333332,0.1180546013033329,0.0,0.286,"[0.18, 0.0, 0.286]",0.0,0.286,0.15533333333333332,0.8126111095796028,30024316
96c4d04057a6,looped_transformer,propagate,10000,16,mild,"{""dim"": 1, ""distance"": 6, ""length"": 12, ""n_sources"": 1}",3,True,False,0,0.17333333333333334,0.12498888839501783,0.0,0.29,"[0.23, 0.0, 0.29]",0.0,0.29,0.17333333333333334,0.8583888901074728,30024316
96c4d04057a6,looped_transformer,propagate,10000,16,mild,"{""dim"": 1, ""distance"": 8, ""length"": 12, ""n_sources"": 1}",3,True,False,0,0.13133333333333333,0.10461782299822955,0.0,0.256,"[0.138, 0.0, 0.256]",0.0,0.256,0.13133333333333333,0.830222220664223,30024316
96c4d04057a6,looped_transformer,propagate,12500,16,mild,"{""dim"": 1, ""distance"": 6, ""length"": 12, ""n_sources"": 1}",3,True,False,0,0.17533333333333334,0.12404658623096226,0.0,0.268,"[0.268, 0.0, 0.258]",0.0,0.268,0.17533333333333334,0.8412222220500309,30024316
96c4d04057a6,looped_transformer,propagate,12500,16,mild,"{""dim"": 1, ""distance"": 8, ""length"": 12, ""n_sources"": 1}",3,True,False,0,0.08266666666666667,0.06337893095413404,0.0,0.154,"[0.154, 0.0, 0.094]",0.0,0.154,0.08266666666666667,0.7630555532673995,30024316
96c4d04057a6,looped_transformer,propagate,15000,16,mild,"{""dim"": 1, ""distance"": 6, ""length"": 12, ""n_sources"": 1}",3,True,False,0,0.17,0.1505456741324705,0.0,0.366,"[0.366, 0.0, 0.144]",0.0,0.36599999999999994,0.17,0.8111666652957599,30024316
96c4d04057a6,looped_transformer,propagate,15000,16,mild,"{""dim"": 1, ""distance"": 8, ""length"": 12, ""n_sources"": 1}",3,True,False,0,0.10133333333333333,0.09918781287145222,0.0,0.236,"[0.236, 0.0, 0.068]",0.0,0.236,0.10133333333333333,0.7301666628519694,30024316
96c4d04057a6,looped_transformer,propagate,17500,16,mild,"{""dim"": 1, ""distance"": 6, ""length"": 12, ""n_sources"": 1}",3,True,False,0,0.19600000000000004,0.1416756859873987,0.0,0.33,"[0.33, 0.0, 0.258]",0.0,0.33,0.19600000000000004,0.8622222216526666,30024316
96c4d04057a6,looped_transformer,propagate,17500,16,mild,"{""dim"": 1, ""distance"": 8, ""length"": 12, ""n_sources"": 1}",3,True,False,0,0.17266666666666666,0.1246898374189154,0.0,0.29,"[0.29, 0.0, 0.228]",0.0,0.29,0.17266666666666666,0.8124999968608221,30024316
96c4d04057a6,looped_transformer,propagate,20000,16,mild,"{""dim"": 1, ""distance"": 6, ""length"": 12, ""n_sources"": 1}",3,True,False,0,0.27666666666666667,0.20650961774750884,0.0,0.496,"[0.496, 0.0, 0.334]",0.0,0.496,0.27666666666666667,0.8732777770558994,30024316
96c4d04057a6,looped_transformer,propagate,20000,16,mild,"{""dim"": 1, ""distance"": 8, ""length"": 12, ""n_sources"": 1}",3,True,False,0,0.242,0.17916100766256776,0.0,0.428,"[0.428, 0.0, 0.298]",0.0,0.428,0.242,0.8320555525918802,30024316
96c4d04057a6,looped_transformer,propagate,22500,16,mild,"{""dim"": 1, ""distance"": 6, ""length"": 12, ""n_sources"": 1}",3,True,False,0,0.252,0.18923001876023796,0.0,0.456,"[0.456, 0.0, 0.3]",0.0,0.456,0.252,0.8788888880411784,30024316
96c4d04057a6,looped_transformer,propagate,22500,16,mild,"{""dim"": 1, ""distance"": 8, ""length"": 12, ""n_sources"": 1}",3,True,False,0,0.23266666666666666,0.16541127195233368,0.0,0.37,"[0.37, 0.0, 0.328]",0.0,0.36999999999999994,0.23266666666666666,0.8450555532673993,30024316
96c4d04057a6,looped_transformer,propagate,25000,16,mild,"{""dim"": 1, ""distance"": 6, ""length"": 12, ""n_sources"": 1}",3,True,False,0,0.24133333333333332,0.17316145324202176,0.0,0.398,"[0.398, 0.0, 0.326]",0.0,0.39799999999999996,0.24133333333333332,0.8739444419542949,30024316
96c4d04057a6,looped_transformer,propagate,25000,16,mild,"{""dim"": 1, ""distance"": 8, ""length"": 12, ""n_sources"": 1}",3,True,False,0,0.20066666666666666,0.15092897520209814,0.0,0.364,"[0.238, 0.0, 0.364]",0.0,0.36400000000000005,0.20066666666666666,0.8247222182253996,30024316
96c4d04057a6,looped_transformer,propagate,27500,16,mild,"{""dim"": 1, ""distance"": 6, ""length"": 12, ""n_sources"": 1}",3,True,False,0,0.19533333333333336,0.1929444364462359,0.0,0.458,"[0.458, 0.0, 0.128]",0.0,0.458,0.19533333333333336,0.8457777741154034,30024316
96c4d04057a6,looped_transformer,propagate,27500,16,mild,"{""dim"": 1, ""distance"": 8, ""length"": 12, ""n_sources"": 1}",3,True,False,0,0.114,0.09227495145848989,0.0,0.226,"[0.226, 0.0, 0.116]",0.0,0.226,0.114,0.7756111064950625,30024316
96c4d04057a6,looped_transformer,propagate,30000,16,mild,"{""dim"": 1, ""distance"": 6, ""length"": 12, ""n_sources"": 1}",3,True,False,0,0.20933333333333334,0.20404139013663106,0.0,0.486,"[0.486, 0.0, 0.142]",0.0,0.486,0.20933333333333334,0.8625555526018142,30024316
96c4d04057a6,looped_transformer,propagate,30000,16,mild,"{""dim"": 1, ""distance"": 8, ""length"": 12, ""n_sources"": 1}",3,True,False,0,0.13733333333333334,0.1161301951355556,0.0,0.284,"[0.284, 0.0, 0.128]",0.0,0.284,0.13733333333333334,0.8034444401462872,30024316
96c4d04057a6,looped_transformer,propagate,32500,16,mild,"{""dim"": 1, ""distance"": 6, ""length"": 12, ""n_sources"": 1}",3,True,False,0,0.208,0.21377246470644126,0.0,0.502,"[0.502, 0.0, 0.122]",0.0,0.502,0.208,0.8511666633089382,30024316
96c4d04057a6,looped_transformer,propagate,32500,16,mild,"{""dim"": 1, ""distance"": 8, ""length"": 12, ""n_sources"": 1}",3,True,False,0,0.09933333333333333,0.07646059260967196,0.0,0.186,"[0.186, 0.0, 0.112]",0.0,0.18600000000000003,0.09933333333333333,0.7687222164769967,30024316
96c4d04057a6,looped_transformer,propagate,35000,16,mild,"{""dim"": 1, ""distance"": 6, ""length"": 12, ""n_sources"": 1}",3,True,False,0,0.19000000000000003,0.19612920911140866,0.0,0.46,"[0.46, 0.0, 0.11]",0.0,0.46,0.19000000000000003,0.8526666631698608,30024316
96c4d04057a6,looped_transformer,propagate,35000,16,mild,"{""dim"": 1, ""distance"": 8, ""length"": 12, ""n_sources"": 1}",3,True,False,0,0.09933333333333333,0.07361763073853676,0.0,0.176,"[0.176, 0.0, 0.122]",0.0,0.17600000000000002,0.09933333333333333,0.7753888832529386,30024316
96c4d04057a6,looped_transformer,propagate,37500,16,mild,"{""dim"": 1, ""distance"": 6, ""length"": 12, ""n_sources"": 1}",3,True,False,0,0.19133333333333336,0.20036189480260186,0.0,0.468,"[0.468, 0.0, 0.106]",0.0,0.468,0.19133333333333336,0.8505555524031321,30024316
96c4d04057a6,looped_transformer,propagate,37500,16,mild,"{""dim"": 1, ""distance"": 8, ""length"": 12, ""n_sources"": 1}",3,True,False,0,0.09133333333333334,0.06878630354624063,0.0,0.166,"[0.166, 0.0, 0.108]",0.0,0.166,0.09133333333333334,0.7671111057400704,30024316
96c4d04057a6,looped_transformer,propagate,40000,16,mild,"{""dim"": 1, ""distance"": 6, ""length"": 12, ""n_sources"": 1}",3,True,False,0,0.18933333333333335,0.1976011695871819,0.0,0.462,"[0.462, 0.0, 0.106]",0.0,0.462,0.18933333333333335,0.8488888858755429,30024316
96c4d04057a6,looped_transformer,propagate,40000,16,mild,"{""dim"": 1, ""distance"": 8, ""length"": 12, ""n_sources"": 1}",3,True,False,0,0.08733333333333333,0.06409021419495768,0.0,0.152,"[0.152, 0.0, 0.11]",0.0,0.152,0.08733333333333333,0.7637777724266052,30024316
96c4d04057a6,looped_transformer,propagate,40000,32,mild,"{""dim"": 1, ""distance"": 6, ""length"": 12, ""n_sources"": 1}",3,True,False,0,0.08,0.09799319704278796,0.0,0.218,"[0.218, 0.0, 0.022]",0.0,0.218,0.08,0.7669444416761397,30024316
96c4d04057a6,looped_transformer,propagate,40000,32,mild,"{""dim"": 1, ""distance"": 8, ""length"": 12, ""n_sources"": 1}",3,True,False,0,0.03933333333333333,0.047394326899136585,0.0,0.106,"[0.106, 0.0, 0.012]",0.0,0.106,0.03933333333333333,0.6960555518617232,30024316
96c4d04057a6,looped_transformer,propagate,2500,1,strong,"{""dim"": 1, ""distance"": 12, ""length"": 48, ""n_sources"": 1}",3,True,False,0,0.0,0.0,0.0,0.0,"[0.0, 0.0, 0.0]",0.0,0.0,0.0,0.8266805551250775,30024316
96c4d04057a6,looped_transformer,propagate,2500,1,strong,"{""dim"": 1, ""distance"": 24, ""length"": 48, ""n_sources"": 1}",3,True,False,0,0.0,0.0,0.0,0.0,"[0.0, 0.0, 0.0]",0.0,0.0,0.0,0.8140694451729457,30024316
96c4d04057a6,looped_transformer,propagate,5000,1,strong,"{""dim"": 1, ""distance"": 12, ""length"": 48, ""n_sources"": 1}",3,True,False,0,0.0,0.0,0.0,0.0,"[0.0, 0.0, 0.0]",0.0,0.0,0.0,0.7790972224970658,30024316
96c4d04057a6,looped_transformer,propagate,5000,1,strong,"{""dim"": 1, ""distance"": 24, ""length"": 48, ""n_sources"": 1}",3,True,False,0,0.0,0.0,0.0,0.0,"[0.0, 0.0, 0.0]",0.0,0.0,0.0,0.7619305555621784,30024316
96c4d04057a6,looped_transformer,propagate,7500,1,strong,"{""dim"": 1, ""distance"": 12, ""length"": 48, ""n_sources"": 1}",3,True,False,0,0.0,0.0,0.0,0.0,"[0.0, 0.0, 0.0]",0.0,0.0,0.0,0.7808888890743256,30024316
96c4d04057a6,looped_transformer,propagate,7500,1,strong,"{""dim"": 1, ""distance"": 24, ""length"": 48, ""n_sources"": 1}",3,True,False,0,0.0,0.0,0.0,0.0,"[0.0, 0.0, 0.0]",0.0,0.0,0.0,0.7619305553038914,30024316
96c4d04057a6,looped_transformer,propagate,10000,1,strong,"{""dim"": 1, ""distance"": 12, ""length"": 48, ""n_sources"": 1}",3,True,False,0,0.0,0.0,0.0,0.0,"[0.0, 0.0, 0.0]",0.0,0.0,0.0,0.7727638887763023,30024316
96c4d04057a6,looped_transformer,propagate,10000,1,strong,"{""dim"": 1, ""distance"": 24, ""length"": 48, ""n_sources"": 1}",3,True,False,0,0.0,0.0,0.0,0.0,"[0.0, 0.0, 0.0]",0.0,0.0,0.0,0.763930555999279,30024316
96c4d04057a6,looped_transformer,propagate,12500,1,strong,"{""dim"": 1, ""distance"": 12, ""length"": 48, ""n_sources"": 1}",3,True,False,0,0.0,0.0,0.0,0.0,"[0.0, 0.0, 0.0]",0.0,0.0,0.0,0.7536805553237597,30024316
96c4d04057a6,looped_transformer,propagate,12500,1,strong,"{""dim"": 1, ""distance"": 24, ""length"": 48, ""n_sources"": 1}",3,True,False,0,0.0,0.0,0.0,0.0,"[0.0, 0.0, 0.0]",0.0,0.0,0.0,0.7331250001986822,30024316
96c4d04057a6,looped_transformer,propagate,15000,1,strong,"{""dim"": 1, ""distance"": 12, ""length"": 48, ""n_sources"": 1}",3,True,False,0,0.0,0.0,0.0,0.0,"[0.0, 0.0, 0.0]",0.0,0.0,0.0,0.7324583335717518,30024316
96c4d04057a6,looped_transformer,propagate,15000,1,strong,"{""dim"": 1, ""distance"": 24, ""length"": 48, ""n_sources"": 1}",3,True,False,0,0.0,0.0,0.0,0.0,"[0.0, 0.0, 0.0]",0.0,0.0,0.0,0.7132083336313565,30024316
96c4d04057a6,looped_transformer,propagate,17500,1,strong,"{""dim"": 1, ""distance"": 12, ""length"": 48, ""n_sources"": 1}",3,True,False,0,0.0,0.0,0.0,0.0,"[0.0, 0.0, 0.0]",0.0,0.0,0.0,0.7662777770956358,30024316
96c4d04057a6,looped_transformer,propagate,17500,1,strong,"{""dim"": 1, ""distance"": 24, ""length"": 48, ""n_sources"": 1}",3,True,False,0,0.0,0.0,0.0,0.0,"[0.0, 0.0, 0.0]",0.0,0.0,0.0,0.7529583329558373,30024316
96c4d04057a6,looped_transformer,propagate,20000,1,strong,"{""dim"": 1, ""distance"": 12, ""length"": 48, ""n_sources"": 1}",3,True,False,0,0.0,0.0,0.0,0.0,"[0.0, 0.0, 0.0]",0.0,0.0,0.0,0.7584722223480543,30024316
96c4d04057a6,looped_transformer,propagate,20000,1,strong,"{""dim"": 1, ""distance"": 24, ""length"": 48, ""n_sources"": 1}",3,True,False,0,0.0,0.0,0.0,0.0,"[0.0, 0.0, 0.0]",0.0,0.0,0.0,0.7325416665474574,30024316
96c4d04057a6,looped_transformer,propagate,22500,1,strong,"{""dim"": 1, ""distance"": 12, ""length"": 48, ""n_sources"": 1}",3,True,False,0,0.0,0.0,0.0,0.0,"[0.0, 0.0, 0.0]",0.0,0.0,0.0,0.7756388892332713,30024316
96c4d04057a6,looped_transformer,propagate,22500,1,strong,"{""dim"": 1, ""distance"": 24, ""length"": 48, ""n_sources"": 1}",3,True,False,0,0.0,0.0,0.0,0.0,"[0.0, 0.0, 0.0]",0.0,0.0,0.0,0.7599583333532016,30024316
96c4d04057a6,looped_transformer,propagate,25000,1,strong,"{""dim"": 1, ""distance"": 12, ""length"": 48, ""n_sources"": 1}",3,True,False,0,0.0,0.0,0.0,0.0,"[0.0, 0.0, 0.0]",0.0,0.0,0.0,0.7918749994238218,30024316
96c4d04057a6,looped_transformer,propagate,25000,1,strong,"{""dim"": 1, ""distance"": 24, ""length"": 48, ""n_sources"": 1}",3,True,False,0,0.0,0.0,0.0,0.0,"[0.0, 0.0, 0.0]",0.0,0.0,0.0,0.7750972215135891,30024316
96c4d04057a6,looped_transformer,propagate,27500,1,strong,"{""dim"": 1, ""distance"": 12, ""length"": 48, ""n_sources"": 1}",3,True,False,0,0.0,0.0,0.0,0.0,"[0.0, 0.0, 0.0]",0.0,0.0,0.0,0.7873333335518837,30024316
96c4d04057a6,looped_transformer,propagate,27500,1,strong,"{""dim"": 1, ""distance"": 24, ""length"": 48, ""n_sources"": 1}",3,True,False,0,0.0,0.0,0.0,0.0,"[0.0, 0.0, 0.0]",0.0,0.0,0.0,0.7702083344658216,30024316
96c4d04057a6,looped_transformer,propagate,30000,1,strong,"{""dim"": 1, ""distance"": 12, ""length"": 48, ""n_sources"": 1}",3,True,False,0,0.0,0.0,0.0,0.0,"[0.0, 0.0, 0.0]",0.0,0.0,0.0,0.7932222221891085,30024316
96c4d04057a6,looped_transformer,propagate,30000,1,strong,"{""dim"": 1, ""distance"": 24, ""length"": 48, ""n_sources"": 1}",3,True,False,0,0.0,0.0,0.0,0.0,"[0.0, 0.0, 0.0]",0.0,0.0,0.0,0.766652777314186,30024316
96c4d04057a6,looped_transformer,propagate,32500,1,strong,"{""dim"": 1, ""distance"": 12, ""length"": 48, ""n_sources"": 1}",3,True,False,0,0.0,0.0,0.0,0.0,"[0.0, 0.0, 0.0]",0.0,0.0,0.0,0.7772083334128062,30024316
96c4d04057a6,looped_transformer,propagate,32500,1,strong,"{""dim"": 1, ""distance"": 24, ""length"": 48, ""n_sources"": 1}",3,True,False,0,0.0,0.0,0.0,0.0,"[0.0, 0.0, 0.0]",0.0,0.0,0.0,0.7544861111442248,30024316
96c4d04057a6,looped_transformer,propagate,35000,1,strong,"{""dim"": 1, ""distance"": 12, ""length"": 48, ""n_sources"": 1}",3,True,False,0,0.0,0.0,0.0,0.0,"[0.0, 0.0, 0.0]",0.0,0.0,0.0,0.7756944441000622,30024316
96c4d04057a6,looped_transformer,propagate,35000,1,strong,"{""dim"": 1, ""distance"": 24, ""length"": 48, ""n_sources"": 1}",3,True,False,0,0.0,0.0,0.0,0.0,"[0.0, 0.0, 0.0]",0.0,0.0,0.0,0.7529166663686434,30024316
96c4d04057a6,looped_transformer,propagate,37500,1,strong,"{""dim"": 1, ""distance"": 12, ""length"": 48, ""n_sources"": 1}",3,True,False,0,0.0,0.0,0.0,0.0,"[0.0, 0.0, 0.0]",0.0,0.0,0.0,0.7737361105283102,30024316
96c4d04057a6,looped_transformer,propagate,37500,1,strong,"{""dim"": 1, ""distance"": 24, ""length"": 48, ""n_sources"": 1}",3,True,False,0,0.0,0.0,0.0,0.0,"[0.0, 0.0, 0.0]",0.0,0.0,0.0,0.7499861104091008,30024316
96c4d04057a6,looped_transformer,propagate,40000,1,strong,"{""dim"": 1, ""distance"": 12, ""length"": 48, ""n_sources"": 1}",3,True,False,0,0.0,0.0,0.0,0.0,"[0.0, 0.0, 0.0]",0.0,0.0,0.0,0.7735277770360312,30024316
96c4d04057a6,looped_transformer,propagate,40000,1,strong,"{""dim"": 1, ""distance"": 24, ""length"": 48, ""n_sources"": 1}",3,True,False,0,0.0,0.0,0.0,0.0,"[0.0, 0.0, 0.0]",0.0,0.0,0.0,0.749805554886659,30024316
96c4d04057a6,looped_transformer,propagate,40000,2,strong,"{""dim"": 1, ""distance"": 12, ""length"": 48, ""n_sources"": 1}",3,True,False,0,0.0,0.0,0.0,0.0,"[0.0, 0.0, 0.0]",0.0,0.0,0.0,0.7571111088196436,30024316
96c4d04057a6,looped_transformer,propagate,40000,2,strong,"{""dim"": 1, ""distance"": 24, ""length"": 48, ""n_sources"": 1}",3,True,False,0,0.0,0.0,0.0,0.0,"[0.0, 0.0, 0.0]",0.0,0.0,0.0,0.7149444436232248,30024316
96c4d04057a6,looped_transformer,propagate,2500,4,strong,"{""dim"": 1, ""distance"": 12, ""length"": 48, ""n_sources"": 1}",3,True,False,0,0.0,0.0,0.0,0.0,"[0.0, 0.0, 0.0]",0.0,0.0,0.0,0.7767499988079072,30024316
96c4d04057a6,looped_transformer,propagate,2500,4,strong,"{""dim"": 1, ""distance"": 24, ""length"": 48, ""n_sources"": 1}",3,True,False,0,0.0,0.0,0.0,0.0,"[0.0, 0.0, 0.0]",0.0,0.0,0.0,0.6959861108064652,30024316
96c4d04057a6,looped_transformer,propagate,5000,4,strong,"{""dim"": 1, ""distance"": 12, ""length"": 48, ""n_sources"": 1}",3,True,False,0,0.0,0.0,0.0,0.0,"[0.0, 0.0, 0.0]",0.0,0.0,0.0,0.7618472201426824,30024316
96c4d04057a6,looped_transformer,propagate,5000,4,strong,"{""dim"": 1, ""distance"": 24, ""length"": 48, ""n_sources"": 1}",3,True,False,0,0.0,0.0,0.0,0.0,"[0.0, 0.0, 0.0]",0.0,0.0,0.0,0.7052361106673878,30024316
96c4d04057a6,looped_transformer,propagate,7500,4,strong,"{""dim"": 1, ""distance"": 12, ""length"": 48, ""n_sources"": 1}",3,True,False,0,0.0,0.0,0.0,0.0,"[0.0, 0.0, 0.0]",0.0,0.0,0.0,0.7644861086209614,30024316
96c4d04057a6,looped_transformer,propagate,7500,4,strong,"{""dim"": 1, ""distance"": 24, ""length"": 48, ""n_sources"": 1}",3,True,False,0,0.0,0.0,0.0,0.0,"[0.0, 0.0, 0.0]",0.0,0.0,0.0,0.7156666663487753,30024316
96c4d04057a6,looped_transformer,propagate,10000,4,strong,"{""dim"": 1, ""distance"": 12, ""length"": 48, ""n_sources"": 1}",3,True,False,0,0.0,0.0,0.0,0.0,"[0.0, 0.0, 0.0]",0.0,0.0,0.0,0.7600833316644033,30024316
96c4d04057a6,looped_transformer,propagate,10000,4,strong,"{""dim"": 1, ""distance"": 24, ""length"": 48, ""n_sources"": 1}",3,True,False,0,0.0,0.0,0.0,0.0,"[0.0, 0.0, 0.0]",0.0,0.0,0.0,0.7288055549860001,30024316
96c4d04057a6,looped_transformer,propagate,12500,4,strong,"{""dim"": 1, ""distance"": 12, ""length"": 48, ""n_sources"": 1}",3,True,False,0,0.0,0.0,0.0,0.0,"[0.0, 0.0, 0.0]",0.0,0.0,0.0,0.7511249976952871,30024316
96c4d04057a6,looped_transformer,propagate,12500,4,strong,"{""dim"": 1, ""distance"": 24, ""length"": 48, ""n_sources"": 1}",3,True,False,0,0.0,0.0,0.0,0.0,"[0.0, 0.0, 0.0]",0.0,0.0,0.0,0.7059722221692404,30024316
96c4d04057a6,looped_transformer,propagate,15000,4,strong,"{""dim"": 1, ""distance"": 12, ""length"": 48, ""n_sources"": 1}",3,True,False,0,0.0,0.0,0.0,0.0,"[0.0, 0.0, 0.0]",0.0,0.0,0.0,0.7408749964634578,30024316
96c4d04057a6,looped_transformer,propagate,15000,4,strong,"{""dim"": 1, ""distance"": 24, ""length"": 48, ""n_sources"": 1}",3,True,False,0,0.0,0.0,0.0,0.0,"[0.0, 0.0, 0.0]",0.0,0.0,0.0,0.6832499999403954,30024316
96c4d04057a6,looped_transformer,propagate,17500,4,strong,"{""dim"": 1, ""distance"": 12, ""length"": 48, ""n_sources"": 1}",3,True,False,0,0.0,0.0,0.0,0.0,"[0.0, 0.0, 0.0]",0.0,0.0,0.0,0.7553611082235973,30024316
96c4d04057a6,looped_transformer,propagate,17500,4,strong,"{""dim"": 1, ""distance"": 24, ""length"": 48, ""n_sources"": 1}",3,True,False,0,0.0,0.0,0.0,0.0,"[0.0, 0.0, 0.0]",0.0,0.0,0.0,0.7124444439609846,30024316
96c4d04057a6,looped_transformer,propagate,20000,4,strong,"{""dim"": 1, ""distance"": 12, ""length"": 48, ""n_sources"": 1}",3,True,False,0,0.0,0.0,0.0,0.0,"[0.0, 0.0, 0.0]",0.0,0.0,0.0,0.7558333304723104,30024316
96c4d04057a6,looped_transformer,propagate,20000,4,strong,"{""dim"": 1, ""distance"": 24, ""length"": 48, ""n_sources"": 1}",3,True,False,0,0.0,0.0,0.0,0.0,"[0.0, 0.0, 0.0]",0.0,0.0,0.0,0.7015138882001241,30024316
96c4d04057a6,looped_transformer,propagate,22500,4,strong,"{""dim"": 1, ""distance"": 12, ""length"": 48, ""n_sources"": 1}",3,True,False,0,0.0,0.0,0.0,0.0,"[0.0, 0.0, 0.0]",0.0,0.0,0.0,0.7455972186724346,30024316
96c4d04057a6,looped_transformer,propagate,22500,4,strong,"{""dim"": 1, ""distance"": 24, ""length"": 48, ""n_sources"": 1}",3,True,False,0,0.0,0.0,0.0,0.0,"[0.0, 0.0, 0.0]",0.0,0.0,0.0,0.6877916663885116,30024316
96c4d04057a6,looped_transformer,propagate,25000,4,strong,"{""dim"": 1, ""distance"": 12, ""length"": 48, ""n_sources"": 1}",3,True,False,0,0.0,0.0,0.0,0.0,"[0.0, 0.0, 0.0]",0.0,0.0,0.0,0.7499444398085275,30024316
96c4d04057a6,looped_transformer,propagate,25000,4,strong,"{""dim"": 1, ""distance"": 24, ""length"": 48, ""n_sources"": 1}",3,True,False,0,0.0,0.0,0.0,0.0,"[0.0, 0.0, 0.0]",0.0,0.0,0.0,0.6839999988277753,30024316
96c4d04057a6,looped_transformer,propagate,27500,4,strong,"{""dim"": 1, ""distance"": 12, ""length"": 48, ""n_sources"": 1}",3,True,False,0,0.0,0.0,0.0,0.0,"[0.0, 0.0, 0.0]",0.0,0.0,0.0,0.7537222183545431,30024316
96c4d04057a6,looped_transformer,propagate,27500,4,strong,"{""dim"": 1, ""distance"": 24, ""length"": 48, ""n_sources"": 1}",3,True,False,0,0.0,0.0,0.0,0.0,"[0.0, 0.0, 0.0]",0.0,0.0,0.0,0.6858888885776202,30024316
96c4d04057a6,looped_transformer,propagate,30000,4,strong,"{""dim"": 1, ""distance"": 12, ""length"": 48, ""n_sources"": 1}",3,True,False,0,0.0,0.0,0.0,0.0,"[0.0, 0.0, 0.0]",0.0,0.0,0.0,0.7496944389740626,30024316
96c4d04057a6,looped_transformer,propagate,30000,4,strong,"{""dim"": 1, ""distance"": 24, ""length"": 48, ""n_sources"": 1}",3,True,False,0,0.0,0.0,0.0,0.0,"[0.0, 0.0, 0.0]",0.0,0.0,0.0,0.670444444378217,30024316
96c4d04057a6,looped_transformer,propagate,32500,4,strong,"{""dim"": 1, ""distance"": 12, ""length"": 48, ""n_sources"": 1}",3,True,False,0,0.0,0.0,0.0,0.0,"[0.0, 0.0, 0.0]",0.0,0.0,0.0,0.7412499933640162,30024316
96c4d04057a6,looped_transformer,propagate,32500,4,strong,"{""dim"": 1, ""distance"": 24, ""length"": 48, ""n_sources"": 1}",3,True,False,0,0.0,0.0,0.0,0.0,"[0.0, 0.0, 0.0]",0.0,0.0,0.0,0.6530416660110155,30024316
96c4d04057a6,looped_transformer,propagate,35000,4,strong,"{""dim"": 1, ""distance"": 12, ""length"": 48, ""n_sources"": 1}",3,True,False,0,0.0,0.0,0.0,0.0,"[0.0, 0.0, 0.0]",0.0,0.0,0.0,0.7391944376230241,30024316
96c4d04057a6,looped_transformer,propagate,35000,4,strong,"{""dim"": 1, ""distance"": 24, ""length"": 48, ""n_sources"": 1}",3,True,False,0,0.0,0.0,0.0,0.0,"[0.0, 0.0, 0.0]",0.0,0.0,0.0,0.6424027779301008,30024316
96c4d04057a6,looped_transformer,propagate,37500,4,strong,"{""dim"": 1, ""distance"": 12, ""length"": 48, ""n_sources"": 1}",3,True,False,0,0.0,0.0,0.0,0.0,"[0.0, 0.0, 0.0]",0.0,0.0,0.0,0.7379444377422333,30024316
96c4d04057a6,looped_transformer,propagate,37500,4,strong,"{""dim"": 1, ""distance"": 24, ""length"": 48, ""n_sources"": 1}",3,True,False,0,0.0,0.0,0.0,0.0,"[0.0, 0.0, 0.0]",0.0,0.0,0.0,0.6415277775724729,30024316
96c4d04057a6,looped_transformer,propagate,40000,4,strong,"{""dim"": 1, ""distance"": 12, ""length"": 48, ""n_sources"": 1}",3,True,False,0,0.0,0.0,0.0,0.0,"[0.0, 0.0, 0.0]",0.0,0.0,0.0,0.7380972155332565,30024316
96c4d04057a6,looped_transformer,propagate,40000,4,strong,"{""dim"": 1, ""distance"": 24, ""length"": 48, ""n_sources"": 1}",3,True,False,0,0.0,0.0,0.0,0.0,"[0.0, 0.0, 0.0]",0.0,0.0,0.0,0.6410972222089767,30024316
96c4d04057a6,looped_transformer,propagate,40000,8,strong,"{""dim"": 1, ""distance"": 12, ""length"": 48, ""n_sources"": 1}",3,True,False,0,0.0,0.0,0.0,0.0,"[0.0, 0.0, 0.0]",0.0,0.0,0.0,0.7248749880790709,30024316
96c4d04057a6,looped_transformer,propagate,40000,8,strong,"{""dim"": 1, ""distance"": 24, ""length"": 48, ""n_sources"": 1}",3,True,False,0,0.0,0.0,0.0,0.0,"[0.0, 0.0, 0.0]",0.0,0.0,0.0,0.5738472235401472,30024316
96c4d04057a6,looped_transformer,propagate,2500,16,strong,"{""dim"": 1, ""distance"": 12, ""length"": 48, ""n_sources"": 1}",3,True,False,0,0.0,0.0,0.0,0.0,"[0.0, 0.0, 0.0]",0.0,0.0,0.0,0.7704861079851786,30024316
96c4d04057a6,looped_transformer,propagate,2500,16,strong,"{""dim"": 1, ""distance"": 24, ""length"": 48, ""n_sources"": 1}",3,True,False,0,0.0,0.0,0.0,0.0,"[0.0, 0.0, 0.0]",0.0,0.0,0.0,0.6567916667660078,30024316
96c4d04057a6,looped_transformer,propagate,5000,16,strong,"{""dim"": 1, ""distance"": 12, ""length"": 48, ""n_sources"": 1}",3,True,False,0,0.0,0.0,0.0,0.0,"[0.0, 0.0, 0.0]",0.0,0.0,0.0,0.7713888861338297,30024316
96c4d04057a6,looped_transformer,propagate,5000,16,strong,"{""dim"": 1, ""distance"": 24, ""length"": 48, ""n_sources"": 1}",3,True,False,0,0.0,0.0,0.0,0.0,"[0.0, 0.0, 0.0]",0.0,0.0,0.0,0.6995416665474575,30024316
96c4d04057a6,looped_transformer,propagate,7500,16,strong,"{""dim"": 1, ""distance"": 12, ""length"": 48, ""n_sources"": 1}",3,True,False,0,0.0,0.0,0.0,0.0,"[0.0, 0.0, 0.0]",0.0,0.0,0.0,0.7846527750492096,30024316
96c4d04057a6,looped_transformer,propagate,7500,16,strong,"{""dim"": 1, ""distance"": 24, ""length"": 48, ""n_sources"": 1}",3,True,False,0,0.0,0.0,0.0,0.0,"[0.0, 0.0, 0.0]",0.0,0.0,0.0,0.7223055558005967,30024316
96c4d04057a6,looped_transformer,propagate,10000,16,strong,"{""dim"": 1, ""distance"": 12, ""length"": 48, ""n_sources"": 1}",3,True,False,0,0.0,0.0,0.0,0.0,"[0.0, 0.0, 0.0]",0.0,0.0,0.0,0.784902774810791,30024316
96c4d04057a6,looped_transformer,propagate,10000,16,strong,"{""dim"": 1, ""distance"": 24, ""length"": 48, ""n_sources"": 1}",3,True,False,0,0.0,0.0,0.0,0.0,"[0.0, 0.0, 0.0]",0.0,0.0,0.0,0.7297638889153798,30024316
96c4d04057a6,looped_transformer,propagate,12500,16,strong,"{""dim"": 1, ""distance"": 12, ""length"": 48, ""n_sources"": 1}",3,True,False,0,0.0,0.0,0.0,0.0,"[0.0, 0.0, 0.0]",0.0,0.0,0.0,0.7607499963839848,30024316
96c4d04057a6,looped_transformer,propagate,12500,16,strong,"{""dim"": 1, ""distance"": 24, ""length"": 48, ""n_sources"": 1}",3,True,False,0,0.0,0.0,0.0,0.0,"[0.0, 0.0, 0.0]",0.0,0.0,0.0,0.6859166667461395,30024316
96c4d04057a6,looped_transformer,propagate,15000,16,strong,"{""dim"": 1, ""distance"": 12, ""length"": 48, ""n_sources"": 1}",3,True,False,0,0.0,0.0,0.0,0.0,"[0.0, 0.0, 0.0]",0.0,0.0,0.0,0.743055549065272,30024316
96c4d04057a6,looped_transformer,propagate,15000,16,strong,"{""dim"": 1, ""distance"": 24, ""length"": 48, ""n_sources"": 1}",3,True,False,0,0.0,0.0,0.0,0.0,"[0.0, 0.0, 0.0]",0.0,0.0,0.0,0.6412916664679845,30024316
96c4d04057a6,looped_transformer,propagate,17500,16,strong,"{""dim"": 1, ""distance"": 12, ""length"": 48, ""n_sources"": 1}",3,True,False,0,0.0,0.0,0.0,0.0,"[0.0, 0.0, 0.0]",0.0,0.0,0.0,0.7519027719497681,30024316
96c4d04057a6,looped_transformer,propagate,17500,16,strong,"{""dim"": 1, ""distance"": 24, ""length"": 48, ""n_sources"": 1}",3,True,False,0,0.0,0.0,0.0,0.0,"[0.0, 0.0, 0.0]",0.0,0.0,0.0,0.6599444441199304,30024316
96c4d04057a6,looped_transformer,propagate,20000,16,strong,"{""dim"": 1, ""distance"": 12, ""length"": 48, ""n_sources"": 1}",3,True,False,0,0.0,0.0,0.0,0.0,"[0.0, 0.0, 0.0]",0.0,0.0,0.0,0.7494583270947138,30024316
96c4d04057a6,looped_transformer,propagate,20000,16,strong,"{""dim"": 1, ""distance"": 24, ""length"": 48, ""n_sources"": 1}",3,True,False,0,0.0,0.0,0.0,0.0,"[0.0, 0.0, 0.0]",0.0,0.0,0.0,0.6403750000993411,30024316
96c4d04057a6,looped_transformer,propagate,22500,16,strong,"{""dim"": 1, ""distance"": 12, ""length"": 48, ""n_sources"": 1}",3,True,False,0,0.0,0.0,0.0,0.0,"[0.0, 0.0, 0.0]",0.0,0.0,0.0,0.7425138823191325,30024316
96c4d04057a6,looped_transformer,propagate,22500,16,strong,"{""dim"": 1, ""distance"": 24, ""length"": 48, ""n_sources"": 1}",3,True,False,0,0.0,0.0,0.0,0.0,"[0.0, 0.0, 0.0]",0.0,0.0,0.0,0.6318750003576278,30024316
96c4d04057a6,looped_transformer,propagate,25000,16,strong,"{""dim"": 1, ""distance"": 12, ""length"": 48, ""n_sources"": 1}",3,True,False,0,0.0,0.0,0.0,0.0,"[0.0, 0.0, 0.0]",0.0,0.0,0.0,0.7357222120761872,30024316
96c4d04057a6,looped_transformer,propagate,25000,16,strong,"{""dim"": 1, ""distance"": 24, ""length"": 48, ""n_sources"": 1}",3,True,False,0,0.0,0.0,0.0,0.0,"[0.0, 0.0, 0.0]",0.0,0.0,0.0,0.593180555999279,30024316
96c4d04057a6,looped_transformer,propagate,27500,16,strong,"{""dim"": 1, ""distance"": 12, ""length"": 48, ""n_sources"": 1}",3,True,False,0,0.0,0.0,0.0,0.0,"[0.0, 0.0, 0.0]",0.0,0.0,0.0,0.7345694334109624,30024316
96c4d04057a6,looped_transformer,propagate,27500,16,strong,"{""dim"": 1, ""distance"": 24, ""length"": 48, ""n_sources"": 1}",3,True,False,0,0.0,0.0,0.0,0.0,"[0.0, 0.0, 0.0]",0.0,0.0,0.0,0.5882361124753952,30024316
96c4d04057a6,looped_transformer,propagate,30000,16,strong,"{""dim"": 1, ""distance"": 12, ""length"": 48, ""n_sources"": 1}",3,True,False,0,0.0,0.0,0.0,0.0,"[0.0, 0.0, 0.0]",0.0,0.0,0.0,0.736333322485288,30024316
96c4d04057a6,looped_transformer,propagate,30000,16,strong,"{""dim"": 1, ""distance"": 24, ""length"": 48, ""n_sources"": 1}",3,True,False,0,0.0,0.0,0.0,0.0,"[0.0, 0.0, 0.0]",0.0,0.0,0.0,0.5886388905644417,30024316
96c4d04057a6,looped_transformer,propagate,32500,16,strong,"{""dim"": 1, ""distance"": 12, ""length"": 48, ""n_sources"": 1}",3,True,False,0,0.0,0.0,0.0,0.0,"[0.0, 0.0, 0.0]",0.0,0.0,0.0,0.7279999873240789,30024316
96c4d04057a6,looped_transformer,propagate,32500,16,strong,"{""dim"": 1, ""distance"": 24, ""length"": 48, ""n_sources"": 1}",3,True,False,0,0.0,0.0,0.0,0.0,"[0.0, 0.0, 0.0]",0.0,0.0,0.0,0.5631527808308602,30024316
96c4d04057a6,looped_transformer,propagate,35000,16,strong,"{""dim"": 1, ""distance"": 12, ""length"": 48, ""n_sources"": 1}",3,True,False,0,0.0,0.0,0.0,0.0,"[0.0, 0.0, 0.0]",0.0,0.0,0.0,0.7256110980908076,30024316
96c4d04057a6,looped_transformer,propagate,35000,16,strong,"{""dim"": 1, ""distance"": 24, ""length"": 48, ""n_sources"": 1}",3,True,False,0,0.0,0.0,0.0,0.0,"[0.0, 0.0, 0.0]",0.0,0.0,0.0,0.5539583357175192,30024316
96c4d04057a6,looped_transformer,propagate,37500,16,strong,"{""dim"": 1, ""distance"": 12, ""length"": 48, ""n_sources"": 1}",3,True,False,0,0.0,0.0,0.0,0.0,"[0.0, 0.0, 0.0]",0.0,0.0,0.0,0.7247360979318618,30024316
96c4d04057a6,looped_transformer,propagate,37500,16,strong,"{""dim"": 1, ""distance"": 24, ""length"": 48, ""n_sources"": 1}",3,True,False,0,0.0,0.0,0.0,0.0,"[0.0, 0.0, 0.0]",0.0,0.0,0.0,0.5530416698455811,30024316
96c4d04057a6,looped_transformer,propagate,40000,16,strong,"{""dim"": 1, ""distance"": 12, ""length"": 48, ""n_sources"": 1}",3,True,False,0,0.0,0.0,0.0,0.0,"[0.0, 0.0, 0.0]",0.0,0.0,0.0,0.7249583202203115,30024316
96c4d04057a6,looped_transformer,propagate,40000,16,strong,"{""dim"": 1, ""distance"": 24, ""length"": 48, ""n_sources"": 1}",3,True,False,0,0.0,0.0,0.0,0.0,"[0.0, 0.0, 0.0]",0.0,0.0,0.0,0.5539027807513873,30024316
96c4d04057a6,looped_transformer,propagate,40000,32,strong,"{""dim"": 1, ""distance"": 12, ""length"": 48, ""n_sources"": 1}",3,True,False,0,0.0,0.0,0.0,0.0,"[0.0, 0.0, 0.0]",0.0,0.0,0.0,0.7357777642011643,30024316
96c4d04057a6,looped_transformer,propagate,40000,32,strong,"{""dim"": 1, ""distance"": 24, ""length"": 48, ""n_sources"": 1}",3,True,False,0,0.0,0.0,0.0,0.0,"[0.0, 0.0, 0.0]",0.0,0.0,0.0,0.5641805583834648,30024316
