config_hash,model,task,step,reasoning_steps,split,difficulty,n_seeds,provisional,dev,diverged_k,exact_match_mean,exact_match_std,exact_match_min,exact_match_max,exact_match_values,exact_match_ci95_lo,exact_match_ci95_hi,exact_match_mean_incl_failed,token_acc_mean,params
5474de1f354e,bdh,propagate,2500,1,interp,"{""dim"": 1, ""distance"": 1, ""length"": 12, ""n_sources"": 1}",5,False,False,0,0.0,0.0,0.0,0.0,"[0.0, 0.0, 0.0, 0.0, 0.0]",0.0,0.0,0.0,0.807684616815901,10010880
5474de1f354e,bdh,propagate,2500,1,interp,"{""dim"": 1, ""distance"": 2, ""length"": 12, ""n_sources"": 1}",5,False,False,0,0.0,0.0,0.0,0.0,"[0.0, 0.0, 0.0, 0.0, 0.0]",0.0,0.0,0.0,0.8009509387317004,10010880
5474de1f354e,bdh,propagate,2500,1,interp,"{""dim"": 1, ""distance"": 4, ""length"": 12, ""n_sources"": 1}",5,False,False,0,0.0,0.0,0.0,0.0,"[0.0, 0.0, 0.0, 0.0, 0.0]",0.0,0.0,0.0,0.8014514380210154,10010880
5474de1f354e,bdh,propagate,5000,1,interp,"{""dim"": 1, ""distance"": 1, ""length"": 12, ""n_sources"": 1}",5,False,False,0,0.003592814371257485,0.0029335206500397345,0.0,0.008982035928143712,"[0.0, 0.0029940119760479044, 0.0029940119760479044, 0.008982035928143712, 0.0029940119760479044]",0.0011976047904191617,0.00658682634730539,0.003592814371257485,0.8005488930214308,10010880
5474de1f354e,bdh,propagate,5000,1,interp,"{""dim"": 1, ""distance"": 2, ""length"": 12, ""n_sources"": 1}",5,False,False,0,0.006606606606606608,0.007922466041004756,0.0,0.021021021021021023,"[0.009009009009009009, 0.003003003003003003, 0.021021021021021023, 0.0, 0.0]",0.0006006006006006006,0.014414414414414415,0.006606606606606608,0.8061561476092439,10010880
5474de1f354e,bdh,propagate,5000,1,interp,"{""dim"": 1, ""distance"": 4, ""length"": 12, ""n_sources"": 1}",5,False,False,0,0.0042042042042042035,0.0014711650106805875,0.003003003003003003,0.006006006006006006,"[0.003003003003003003, 0.003003003003003003, 0.003003003003003003, 0.006006006006006006, 0.006006006006006006]",0.003003003003003003,0.005405405405405406,0.0042042042042042035,0.7976976892790637,10010880
5474de1f354e,bdh,propagate,7500,1,interp,"{""dim"": 1, ""distance"": 1, ""length"": 12, ""n_sources"": 1}",5,False,False,0,0.47604790419161674,0.23959579669152764,0.0718562874251497,0.7784431137724551,"[0.0718562874251497, 0.5329341317365269, 0.38023952095808383, 0.6167664670658682, 0.7784431137724551]",0.27264970059880234,0.6664670658682634,0.47604790419161674,0.9328842344755184,10010880
5474de1f354e,bdh,propagate,7500,1,interp,"{""dim"": 1, ""distance"": 2, ""length"": 12, ""n_sources"": 1}",5,False,False,0,0.412012012012012,0.2096380028439036,0.07807807807807808,0.7027027027027027,"[0.07807807807807808, 0.5015015015015015, 0.3033033033033033, 0.4744744744744745, 0.7027027027027027]",0.23663663663663664,0.5825825825825826,0.412012012012012,0.92792793293973,10010880
5474de1f354e,bdh,propagate,7500,1,interp,"{""dim"": 1, ""distance"": 4, ""length"": 12, ""n_sources"": 1}",5,False,False,0,0.5159159159159159,0.24817526131687478,0.07507507507507508,0.8108108108108109,"[0.07507507507507508, 0.6186186186186187, 0.45045045045045046, 0.6246246246246246, 0.8108108108108109]",0.29486486486486485,0.7003003003003003,0.5159159159159159,0.9370870900583699,10010880
5474de1f354e,bdh,propagate,10000,1,interp,"{""dim"": 1, ""distance"": 1, ""length"": 12, ""n_sources"": 1}",5,False,False,0,0.9784431137724552,0.008552608896458506,0.9670658682634731,0.9910179640718563,"[0.9730538922155688, 0.9670658682634731, 0.9910179640718563, 0.9760479041916168, 0.9850299401197605]",0.9712574850299402,0.9862275449101796,0.9784431137724552,0.9982035932426682,10010880
5474de1f354e,bdh,propagate,10000,1,interp,"{""dim"": 1, ""distance"": 2, ""length"": 12, ""n_sources"": 1}",5,False,False,0,0.9687687687687688,0.008826990064083542,0.9579579579579579,0.984984984984985,"[0.9579579579579579, 0.9669669669669669, 0.9669669669669669, 0.984984984984985, 0.9669669669669669]",0.9615615615615616,0.9777777777777779,0.9687687687687688,0.9972972978700746,10010880
5474de1f354e,bdh,propagate,10000,1,interp,"{""dim"": 1, ""distance"": 4, ""length"": 12, ""n_sources"": 1}",5,False,False,0,0.9813813813813814,0.013076000634881239,0.9579579579579579,0.996996996996997,"[0.978978978978979, 0.9579579579579579, 0.984984984984985, 0.996996996996997, 0.987987987987988]",0.9681681681681681,0.991006006006006,0.9813813813813814,0.9981981984487882,10010880
5474de1f354e,bdh,propagate,12500,1,interp,"{""dim"": 1, ""distance"": 1, ""length"": 12, ""n_sources"": 1}",5,False,False,0,0.98562874251497,0.008122550877994333,0.9730538922155688,0.9940119760479041,"[0.9910179640718563, 0.9910179640718563, 0.9940119760479041, 0.9730538922155688, 0.9790419161676647]",0.9778443113772456,0.9922155688622754,0.98562874251497,0.9988023954951121,10010880
5474de1f354e,bdh,propagate,12500,1,interp,"{""dim"": 1, ""distance"": 2, ""length"": 12, ""n_sources"": 1}",5,False,False,0,0.9723723723723724,0.014389367628481638,0.9579579579579579,0.990990990990991,"[0.9579579579579579, 0.9669669669669669, 0.987987987987988, 0.990990990990991, 0.9579579579579579]",0.9597597597597597,0.984984984984985,0.9723723723723724,0.9975975980987778,10010880
5474de1f354e,bdh,propagate,12500,1,interp,"{""dim"": 1, ""distance"": 4, ""length"": 12, ""n_sources"": 1}",5,False,False,0,0.9855855855855855,0.004804804804804835,0.9819819819819819,0.993993993993994,"[0.987987987987988, 0.9819819819819819, 0.9819819819819819, 0.993993993993994, 0.9819819819819819]",0.9819819819819819,0.9891891891891893,0.9855855855855855,0.9984484486751729,10010880
5474de1f354e,bdh,propagate,15000,1,interp,"{""dim"": 1, ""distance"": 1, ""length"": 12, ""n_sources"": 1}",5,False,False,0,0.9922155688622756,0.0040612754389971655,0.9880239520958084,1.0,"[0.9910179640718563, 0.9880239520958084, 1.0, 0.9910179640718563, 0.9910179640718563]",0.9892215568862275,0.9964071856287425,0.9922155688622756,0.9993013973364573,10010880
5474de1f354e,bdh,propagate,15000,1,interp,"{""dim"": 1, ""distance"": 2, ""length"": 12, ""n_sources"": 1}",5,False,False,0,0.9813813813813814,0.005166561721947516,0.972972972972973,0.987987987987988,"[0.984984984984985, 0.972972972972973, 0.9819819819819819, 0.978978978978979, 0.987987987987988]",0.9771771771771771,0.9861861861861861,0.9813813813813814,0.9983983987444514,10010880
5474de1f354e,bdh,propagate,15000,1,interp,"{""dim"": 1, ""distance"": 4, ""length"": 12, ""n_sources"": 1}",5,False,False,0,0.9933933933933934,0.004413495032041748,0.987987987987988,1.0,"[0.990990990990991, 0.990990990990991, 0.996996996996997, 1.0, 0.987987987987988]",0.9897897897897897,0.9975975975975976,0.9933933933933934,0.999449449580711,10010880
5474de1f354e,bdh,propagate,17500,1,interp,"{""dim"": 1, ""distance"": 1, ""length"": 12, ""n_sources"": 1}",5,False,False,0,0.9970059880239521,0.0018935794372265894,0.9940119760479041,1.0,"[0.9970059880239521, 0.9940119760479041, 1.0, 0.9970059880239521, 0.9970059880239521]",0.9952095808383234,0.9988023952095808,0.9970059880239521,0.9997504990614816,10010880
5474de1f354e,bdh,propagate,17500,1,interp,"{""dim"": 1, ""distance"": 2, ""length"": 12, ""n_sources"": 1}",5,False,False,0,0.9915915915915916,0.0035020732101172683,0.987987987987988,0.996996996996997,"[0.990990990990991, 0.993993993993994, 0.996996996996997, 0.987987987987988, 0.987987987987988]",0.9885885885885886,0.9945945945945948,0.9915915915915916,0.9991491492804107,10010880
5474de1f354e,bdh,propagate,17500,1,interp,"{""dim"": 1, ""distance"": 4, ""length"": 12, ""n_sources"": 1}",5,False,False,0,0.996996996996997,0.0037985317239259834,0.990990990990991,1.0,"[0.990990990990991, 1.0, 1.0, 0.993993993993994, 1.0]",0.9933933933933934,1.0,0.996996996996997,0.9996996997354983,10010880
5474de1f354e,bdh,propagate,20000,1,interp,"{""dim"": 1, ""distance"": 1, ""length"": 12, ""n_sources"": 1}",5,False,False,0,0.9976047904191617,0.0034915879609852146,0.9910179640718563,1.0,"[0.9910179640718563, 1.0, 0.9970059880239521, 1.0, 1.0]",0.9940119760479043,1.0,0.9976047904191617,0.9998003992491853,10010880
5474de1f354e,bdh,propagate,20000,1,interp,"{""dim"": 1, ""distance"": 2, ""length"": 12, ""n_sources"": 1}",5,False,False,0,0.9945945945945945,0.006688005240636674,0.9819819819819819,1.0,"[0.993993993993994, 1.0, 0.9819819819819819, 1.0, 0.996996996996997]",0.987987987987988,0.9993993993993995,0.9945945945945945,0.9995495496569454,10010880
5474de1f354e,bdh,propagate,20000,1,interp,"{""dim"": 1, ""distance"": 4, ""length"": 12, ""n_sources"": 1}",5,False,False,0,0.9963963963963964,0.0029423300213611767,0.990990990990991,1.0,"[0.996996996996997, 0.996996996996997, 0.990990990990991, 1.0, 0.996996996996997]",0.9933933933933934,0.9987987987987988,0.9963963963963964,0.9995495495853483,10010880
5474de1f354e,bdh,propagate,22500,1,interp,"{""dim"": 1, ""distance"": 1, ""length"": 12, ""n_sources"": 1}",5,False,False,0,0.9958083832335329,0.0014667603250199058,0.9940119760479041,0.9970059880239521,"[0.9970059880239521, 0.9970059880239521, 0.9940119760479041, 0.9970059880239521, 0.9940119760479041]",0.9946107784431136,0.9970059880239521,0.9958083832335329,0.9995508982392842,10010880
5474de1f354e,bdh,propagate,22500,1,interp,"{""dim"": 1, ""distance"": 2, ""length"": 12, ""n_sources"": 1}",5,False,False,0,0.9981981981981981,0.0024024024024023984,0.993993993993994,1.0,"[0.996996996996997, 0.993993993993994, 1.0, 1.0, 1.0]",0.9957957957957959,1.0,0.9981981981981981,0.9998498498856485,10010880
5474de1f354e,bdh,propagate,22500,1,interp,"{""dim"": 1, ""distance"": 4, ""length"": 12, ""n_sources"": 1}",5,False,False,0,0.9987987987987988,0.0024024024024023928,0.993993993993994,1.0,"[1.0, 0.993993993993994, 1.0, 1.0, 1.0]",0.9963963963963964,1.0,0.9987987987987988,0.9998998999237656,10010880
5474de1f354e,bdh,propagate,25000,1,interp,"{""dim"": 1, ""distance"": 1, ""length"": 12, ""n_sources"": 1}",5,False,False,0,0.9994011976047904,0.0011976047904191489,0.9970059880239521,1.0,"[1.0, 1.0, 0.9970059880239521, 1.0, 1.0]",0.9982035928143713,1.0,0.9994011976047904,0.9999500998122963,10010880
5474de1f354e,bdh,propagate,25000,1,interp,"{""dim"": 1, ""distance"": 2, ""length"": 12, ""n_sources"": 1}",5,False,False,0,0.9981981981981981,0.0014711650106806087,0.996996996996997,1.0,"[0.996996996996997, 0.996996996996997, 1.0, 0.996996996996997, 1.0]",0.996996996996997,0.9993993993993995,0.9981981981981981,0.9998498498856485,10010880
5474de1f354e,bdh,propagate,25000,1,interp,"{""dim"": 1, ""distance"": 4, ""length"": 12, ""n_sources"": 1}",5,False,False,0,0.9987987987987988,0.0014711650106806087,0.996996996996997,1.0,"[0.996996996996997, 0.996996996996997, 1.0, 1.0, 1.0]",0.9975975975975976,1.0,0.9987987987987988,0.9998998999237656,10010880
5474de1f354e,bdh,propagate,27500,1,interp,"{""dim"": 1, ""distance"": 1, ""length"": 12, ""n_sources"": 1}",5,False,False,0,1.0,0.0,1.0,1.0,"[1.0, 1.0, 1.0, 1.0, 1.0]",1.0,1.0,1.0,1.0,10010880
5474de1f354e,bdh,propagate,27500,1,interp,"{""dim"": 1, ""distance"": 2, ""length"": 12, ""n_sources"": 1}",5,False,False,0,0.9987987987987988,0.0014711650106806087,0.996996996996997,1.0,"[1.0, 1.0, 0.996996996996997, 0.996996996996997, 1.0]",0.9975975975975976,1.0,0.9987987987987988,0.9998998999237656,10010880
5474de1f354e,bdh,propagate,27500,1,interp,"{""dim"": 1, ""distance"": 4, ""length"": 12, ""n_sources"": 1}",5,False,False,0,0.9993993993993995,0.0012012012012012187,0.996996996996997,1.0,"[1.0, 1.0, 0.996996996996997, 1.0, 1.0]",0.9981981981981981,1.0,0.9993993993993995,0.9998498498498499,10010880
5474de1f354e,bdh,propagate,30000,1,interp,"{""dim"": 1, ""distance"": 1, ""length"": 12, ""n_sources"": 1}",5,False,False,0,1.0,0.0,1.0,1.0,"[1.0, 1.0, 1.0, 1.0, 1.0]",1.0,1.0,1.0,1.0,10010880
5474de1f354e,bdh,propagate,30000,1,interp,"{""dim"": 1, ""distance"": 2, ""length"": 12, ""n_sources"": 1}",5,False,False,0,1.0,0.0,1.0,1.0,"[1.0, 1.0, 1.0, 1.0, 1.0]",1.0,1.0,1.0,1.0,10010880
5474de1f354e,bdh,propagate,30000,1,interp,"{""dim"": 1, ""distance"": 4, ""length"": 12, ""n_sources"": 1}",5,False,False,0,1.0,0.0,1.0,1.0,"[1.0, 1.0, 1.0, 1.0, 1.0]",1.0,1.0,1.0,1.0,10010880
5474de1f354e,bdh,propagate,32500,1,interp,"{""dim"": 1, ""distance"": 1, ""length"": 12, ""n_sources"": 1}",5,False,False,0,1.0,0.0,1.0,1.0,"[1.0, 1.0, 1.0, 1.0, 1.0]",1.0,1.0,1.0,1.0,10010880
5474de1f354e,bdh,propagate,32500,1,interp,"{""dim"": 1, ""distance"": 2, ""length"": 12, ""n_sources"": 1}",5,False,False,0,1.0,0.0,1.0,1.0,"[1.0, 1.0, 1.0, 1.0, 1.0]",1.0,1.0,1.0,1.0,10010880
5474de1f354e,bdh,propagate,32500,1,interp,"{""dim"": 1, ""distance"": 4, ""length"": 12, ""n_sources"": 1}",5,False,False,0,1.0,0.0,1.0,1.0,"[1.0, 1.0, 1.0, 1.0, 1.0]",1.0,1.0,1.0,1.0,10010880
5474de1f354e,bdh,propagate,35000,1,interp,"{""dim"": 1, ""distance"": 1, ""length"": 12, ""n_sources"": 1}",5,False,False,0,1.0,0.0,1.0,1.0,"[1.0, 1.0, 1.0, 1.0, 1.0]",1.0,1.0,1.0,1.0,10010880
5474de1f354e,bdh,propagate,35000,1,interp,"{""dim"": 1, ""distance"": 2, ""length"": 12, ""n_sources"": 1}",5,False,False,0,1.0,0.0,1.0,1.0,"[1.0, 1.0, 1.0, 1.0, 1.0]",1.0,1.0,1.0,1.0,10010880
5474de1f354e,bdh,propagate,35000,1,interp,"{""dim"": 1, ""distance"": 4, ""length"": 12, ""n_sources"": 1}",5,False,False,0,1.0,0.0,1.0,1.0,"[1.0, 1.0, 1.0, 1.0, 1.0]",1.0,1.0,1.0,1.0,10010880
5474de1f354e,bdh,propagate,37500,1,interp,"{""dim"": 1, ""distance"": 1, ""length"": 12, ""n_sources"": 1}",5,False,False,0,1.0,0.0,1.0,1.0,"[1.0, 1.0, 1.0, 1.0, 1.0]",1.0,1.0,1.0,1.0,10010880
5474de1f354e,bdh,propagate,37500,1,interp,"{""dim"": 1, ""distance"": 2, ""length"": 12, ""n_sources"": 1}",5,False,False,0,1.0,0.0,1.0,1.0,"[1.0, 1.0, 1.0, 1.0, 1.0]",1.0,1.0,1.0,1.0,10010880
5474de1f354e,bdh,propagate,37500,1,interp,"{""dim"": 1, ""distance"": 4, ""length"": 12, ""n_sources"": 1}",5,False,False,0,1.0,0.0,1.0,1.0,"[1.0, 1.0, 1.0, 1.0, 1.0]",1.0,1.0,1.0,1.0,10010880
5474de1f354e,bdh,propagate,40000,1,interp,"{""dim"": 1, ""distance"": 1, ""length"": 12, ""n_sources"": 1}",5,False,False,0,1.0,0.0,1.0,1.0,"[1.0, 1.0, 1.0, 1.0, 1.0]",1.0,1.0,1.0,1.0,10010880
5474de1f354e,bdh,propagate,40000,1,interp,"{""dim"": 1, ""distance"": 2, ""length"": 12, ""n_sources"": 1}",5,False,False,0,1.0,0.0,1.0,1.0,"[1.0, 1.0, 1.0, 1.0, 1.0]",1.0,1.0,1.0,1.0,10010880
5474de1f354e,bdh,propagate,40000,1,interp,"{""dim"": 1, ""distance"": 4, ""length"": 12, ""n_sources"": 1}",5,False,False,0,1.0,0.0,1.0,1.0,"[1.0, 1.0, 1.0, 1.0, 1.0]",1.0,1.0,1.0,1.0,10010880
5474de1f354e,bdh,propagate,40000,2,interp,"{""dim"": 1, ""distance"": 1, ""length"": 12, ""n_sources"": 1}",5,False,False,0,1.0,0.0,1.0,1.0,"[1.0, 1.0, 1.0, 1.0, 1.0]",1.0,1.0,1.0,1.0,10010880
5474de1f354e,bdh,propagate,40000,2,interp,"{""dim"": 1, ""distance"": 2, ""length"": 12, ""n_sources"": 1}",5,False,False,0,1.0,0.0,1.0,1.0,"[1.0, 1.0, 1.0, 1.0, 1.0]",1.0,1.0,1.0,1.0,10010880
5474de1f354e,bdh,propagate,40000,2,interp,"{""dim"": 1, ""distance"": 4, ""length"": 12, ""n_sources"": 1}",5,False,False,0,1.0,0.0,1.0,1.0,"[1.0, 1.0, 1.0, 1.0, 1.0]",1.0,1.0,1.0,1.0,10010880
5474de1f354e,bdh,propagate,2500,4,interp,"{""dim"": 1, ""distance"": 1, ""length"": 12, ""n_sources"": 1}",5,False,False,0,0.0,0.0,0.0,0.0,"[0.0, 0.0, 0.0, 0.0, 0.0]",0.0,0.0,0.0,0.807684616815901,10010880
5474de1f354e,bdh,propagate,2500,4,interp,"{""dim"": 1, ""distance"": 2, ""length"": 12, ""n_sources"": 1}",5,False,False,0,0.0,0.0,0.0,0.0,"[0.0, 0.0, 0.0, 0.0, 0.0]",0.0,0.0,0.0,0.8009509387317004,10010880
5474de1f354e,bdh,propagate,2500,4,interp,"{""dim"": 1, ""distance"": 4, ""length"": 12, ""n_sources"": 1}",5,False,False,0,0.0,0.0,0.0,0.0,"[0.0, 0.0, 0.0, 0.0, 0.0]",0.0,0.0,0.0,0.8014514380210154,10010880
5474de1f354e,bdh,propagate,5000,4,interp,"{""dim"": 1, ""distance"": 1, ""length"": 12, ""n_sources"": 1}",5,False,False,0,0.003592814371257485,0.0029335206500397345,0.0,0.008982035928143712,"[0.0, 0.0029940119760479044, 0.0029940119760479044, 0.008982035928143712, 0.0029940119760479044]",0.0011976047904191617,0.00658682634730539,0.003592814371257485,0.8005488930214308,10010880
5474de1f354e,bdh,propagate,5000,4,interp,"{""dim"": 1, ""distance"": 2, ""length"": 12, ""n_sources"": 1}",5,False,False,0,0.006606606606606608,0.007922466041004756,0.0,0.021021021021021023,"[0.009009009009009009, 0.003003003003003003, 0.021021021021021023, 0.0, 0.0]",0.0006006006006006006,0.014414414414414415,0.006606606606606608,0.8061561476092439,10010880
5474de1f354e,bdh,propagate,5000,4,interp,"{""dim"": 1, ""distance"": 4, ""length"": 12, ""n_sources"": 1}",5,False,False,0,0.0042042042042042035,0.0014711650106805875,0.003003003003003003,0.006006006006006006,"[0.003003003003003003, 0.003003003003003003, 0.003003003003003003, 0.006006006006006006, 0.006006006006006006]",0.003003003003003003,0.005405405405405406,0.0042042042042042035,0.7976976892790637,10010880
5474de1f354e,bdh,propagate,7500,4,interp,"{""dim"": 1, ""distance"": 1, ""length"": 12, ""n_sources"": 1}",5,False,False,0,0.47604790419161674,0.23959579669152764,0.0718562874251497,0.7784431137724551,"[0.0718562874251497, 0.5329341317365269, 0.38023952095808383, 0.6167664670658682, 0.7784431137724551]",0.27264970059880234,0.6664670658682634,0.47604790419161674,0.9328842344755184,10010880
5474de1f354e,bdh,propagate,7500,4,interp,"{""dim"": 1, ""distance"": 2, ""length"": 12, ""n_sources"": 1}",5,False,False,0,0.412012012012012,0.2096380028439036,0.07807807807807808,0.7027027027027027,"[0.07807807807807808, 0.5015015015015015, 0.3033033033033033, 0.4744744744744745, 0.7027027027027027]",0.23663663663663664,0.5825825825825826,0.412012012012012,0.92792793293973,10010880
5474de1f354e,bdh,propagate,7500,4,interp,"{""dim"": 1, ""distance"": 4, ""length"": 12, ""n_sources"": 1}",5,False,False,0,0.5159159159159159,0.24817526131687478,0.07507507507507508,0.8108108108108109,"[0.07507507507507508, 0.6186186186186187, 0.45045045045045046, 0.6246246246246246, 0.8108108108108109]",0.29486486486486485,0.7003003003003003,0.5159159159159159,0.9370870900583699,10010880
5474de1f354e,bdh,propagate,10000,4,interp,"{""dim"": 1, ""distance"": 1, ""length"": 12, ""n_sources"": 1}",5,False,False,0,0.9784431137724552,0.008552608896458506,0.9670658682634731,0.9910179640718563,"[0.9730538922155688, 0.9670658682634731, 0.9910179640718563, 0.9760479041916168, 0.9850299401197605]",0.9712574850299402,0.9862275449101796,0.9784431137724552,0.9982035932426682,10010880
5474de1f354e,bdh,propagate,10000,4,interp,"{""dim"": 1, ""distance"": 2, ""length"": 12, ""n_sources"": 1}",5,False,False,0,0.9687687687687688,0.008826990064083542,0.9579579579579579,0.984984984984985,"[0.9579579579579579, 0.9669669669669669, 0.9669669669669669, 0.984984984984985, 0.9669669669669669]",0.9615615615615616,0.9777777777777779,0.9687687687687688,0.9972972978700746,10010880
5474de1f354e,bdh,propagate,10000,4,interp,"{""dim"": 1, ""distance"": 4, ""length"": 12, ""n_sources"": 1}",5,False,False,0,0.9813813813813814,0.013076000634881239,0.9579579579579579,0.996996996996997,"[0.978978978978979, 0.9579579579579579, 0.984984984984985, 0.996996996996997, 0.987987987987988]",0.9681681681681681,0.991006006006006,0.9813813813813814,0.9981981984487882,10010880
5474de1f354e,bdh,propagate,12500,4,interp,"{""dim"": 1, ""distance"": 1, ""length"": 12, ""n_sources"": 1}",5,False,False,0,0.98562874251497,0.008122550877994333,0.9730538922155688,0.9940119760479041,"[0.9910179640718563, 0.9910179640718563, 0.9940119760479041, 0.9730538922155688, 0.9790419161676647]",0.9778443113772456,0.9922155688622754,0.98562874251497,0.9988023954951121,10010880
5474de1f354e,bdh,propagate,12500,4,interp,"{""dim"": 1, ""distance"": 2, ""length"": 12, ""n_sources"": 1}",5,False,False,0,0.9723723723723724,0.014389367628481638,0.9579579579579579,0.990990990990991,"[0.9579579579579579, 0.9669669669669669, 0.987987987987988, 0.990990990990991, 0.9579579579579579]",0.9597597597597597,0.984984984984985,0.9723723723723724,0.9975975980987778,10010880
5474de1f354e,bdh,propagate,12500,4,interp,"{""dim"": 1, ""distance"": 4, ""length"": 12, ""n_sources"": 1}",5,False,False,0,0.9855855855855855,0.004804804804804835,0.9819819819819819,0.993993993993994,"[0.987987987987988, 0.9819819819819819, 0.9819819819819819, 0.993993993993994, 0.9819819819819819]",0.9819819819819819,0.9891891891891893,0.9855855855855855,0.9984484486751729,10010880
5474de1f354e,bdh,propagate,15000,4,interp,"{""dim"": 1, ""distance"": 1, ""length"": 12, ""n_sources"": 1}",5,False,False,0,0.9922155688622756,0.0040612754389971655,0.9880239520958084,1.0,"[0.9910179640718563, 0.9880239520958084, 1.0, 0.9910179640718563, 0.9910179640718563]",0.9892215568862275,0.9964071856287425,0.9922155688622756,0.9993013973364573,10010880
5474de1f354e,bdh,propagate,15000,4,interp,"{""dim"": 1, ""distance"": 2, ""length"": 12, ""n_sources"": 1}",5,False,False,0,0.9813813813813814,0.005166561721947516,0.972972972972973,0.987987987987988,"[0.984984984984985, 0.972972972972973, 0.9819819819819819, 0.978978978978979, 0.987987987987988]",0.9771771771771771,0.9861861861861861,0.9813813813813814,0.9983983987444514,10010880
5474de1f354e,bdh,propagate,15000,4,interp,"{""dim"": 1, ""distance"": 4, ""length"": 12, ""n_sources"": 1}",5,False,False,0,0.9933933933933934,0.004413495032041748,0.987987987987988,1.0,"[0.990990990990991, 0.990990990990991, 0.996996996996997, 1.0, 0.987987987987988]",0.9897897897897897,0.9975975975975976,0.9933933933933934,0.999449449580711,10010880
5474de1f354e,bdh,propagate,17500,4,interp,"{""dim"": 1, ""distance"": 1, ""length"": 12, ""n_sources"": 1}",5,False,False,0,0.9970059880239521,0.0018935794372265894,0.9940119760479041,1.0,"[0.9970059880239521, 0.9940119760479041, 1.0, 0.9970059880239521, 0.9970059880239521]",0.9952095808383234,0.9988023952095808,0.9970059880239521,0.9997504990614816,10010880
5474de1f354e,bdh,propagate,17500,4,interp,"{""dim"": 1, ""distance"": 2, ""length"": 12, ""n_sources"": 1}",5,False,False,0,0.9915915915915916,0.0035020732101172683,0.987987987987988,0.996996996996997,"[0.990990990990991, 0.993993993993994, 0.996996996996997, 0.987987987987988, 0.987987987987988]",0.9885885885885886,0.9945945945945948,0.9915915915915916,0.9991491492804107,10010880
5474de1f354e,bdh,propagate,17500,4,interp,"{""dim"": 1, ""distance"": 4, ""length"": 12, ""n_sources"": 1}",5,False,False,0,0.996996996996997,0.0037985317239259834,0.990990990990991,1.0,"[0.990990990990991, 1.0, 1.0, 0.993993993993994, 1.0]",0.9933933933933934,1.0,0.996996996996997,0.9996996997354983,10010880
5474de1f354e,bdh,propagate,20000,4,interp,"{""dim"": 1, ""distance"": 1, ""length"": 12, ""n_sources"": 1}",5,False,False,0,0.9976047904191617,0.0034915879609852146,0.9910179640718563,1.0,"[0.9910179640718563, 1.0, 0.9970059880239521, 1.0, 1.0]",0.9940119760479043,1.0,0.9976047904191617,0.9998003992491853,10010880
5474de1f354e,bdh,propagate,20000,4,interp,"{""dim"": 1, ""distance"": 2, ""length"": 12, ""n_sources"": 1}",5,False,False,0,0.9945945945945945,0.006688005240636674,0.9819819819819819,1.0,"[0.993993993993994, 1.0, 0.9819819819819819, 1.0, 0.996996996996997]",0.987987987987988,0.9993993993993995,0.9945945945945945,0.9995495496569454,10010880
5474de1f354e,bdh,propagate,20000,4,interp,"{""dim"": 1, ""distance"": 4, ""length"": 12, ""n_sources"": 1}",5,False,False,0,0.9963963963963964,0.0029423300213611767,0.990990990990991,1.0,"[0.996996996996997, 0.996996996996997, 0.990990990990991, 1.0, 0.996996996996997]",0.9933933933933934,0.9987987987987988,0.9963963963963964,0.9995495495853483,10010880
5474de1f354e,bdh,propagate,22500,4,interp,"{""dim"": 1, ""distance"": 1, ""length"": 12, ""n_sources"": 1}",5,False,False,0,0.9958083832335329,0.0014667603250199058,0.9940119760479041,0.9970059880239521,"[0.9970059880239521, 0.9970059880239521, 0.9940119760479041, 0.9970059880239521, 0.9940119760479041]",0.9946107784431136,0.9970059880239521,0.9958083832335329,0.9995508982392842,10010880
5474de1f354e,bdh,propagate,22500,4,interp,"{""dim"": 1, ""distance"": 2, ""length"": 12, ""n_sources"": 1}",5,False,False,0,0.9981981981981981,0.0024024024024023984,0.993993993993994,1.0,"[0.996996996996997, 0.993993993993994, 1.0, 1.0, 1.0]",0.9957957957957959,1.0,0.9981981981981981,0.9998498498856485,10010880
5474de1f354e,bdh,propagate,22500,4,interp,"{""dim"": 1, ""distance"": 4, ""length"": 12, ""n_sources"": 1}",5,False,False,0,0.9987987987987988,0.0024024024024023928,0.993993993993994,1.0,"[1.0, 0.993993993993994, 1.0, 1.0, 1.0]",0.9963963963963964,1.0,0.9987987987987988,0.9998998999237656,10010880
5474de1f354e,bdh,propagate,25000,4,interp,"{""dim"": 1, ""distance"": 1, ""length"": 12, ""n_sources"": 1}",5,False,False,0,0.9994011976047904,0.0011976047904191489,0.9970059880239521,1.0,"[1.0, 1.0, 0.9970059880239521, 1.0, 1.0]",0.9982035928143713,1.0,0.9994011976047904,0.9999500998122963,10010880
5474de1f354e,bdh,propagate,25000,4,interp,"{""dim"": 1, ""distance"": 2, ""length"": 12, ""n_sources"": 1}",5,False,False,0,0.9981981981981981,0.0014711650106806087,0.996996996996997,1.0,"[0.996996996996997, 0.996996996996997, 1.0, 0.996996996996997, 1.0]",0.996996996996997,0.9993993993993995,0.9981981981981981,0.9998498498856485,10010880
5474de1f354e,bdh,propagate,25000,4,interp,"{""dim"": 1, ""distance"": 4, ""length"": 12, ""n_sources"": 1}",5,False,False,0,0.9987987987987988,0.0014711650106806087,0.996996996996997,1.0,"[0.996996996996997, 0.996996996996997, 1.0, 1.0, 1.0]",0.9975975975975976,1.0,0.9987987987987988,0.9998998999237656,10010880
5474de1f354e,bdh,propagate,27500,4,interp,"{""dim"": 1, ""distance"": 1, ""length"": 12, ""n_sources"": 1}",5,False,False,0,1.0,0.0,1.0,1.0,"[1.0, 1.0, 1.0, 1.0, 1.0]",1.0,1.0,1.0,1.0,10010880
5474de1f354e,bdh,propagate,27500,4,interp,"{""dim"": 1, ""distance"": 2, ""length"": 12, ""n_sources"": 1}",5,False,False,0,0.9987987987987988,0.0014711650106806087,0.996996996996997,1.0,"[1.0, 1.0, 0.996996996996997, 0.996996996996997, 1.0]",0.9975975975975976,1.0,0.9987987987987988,0.9998998999237656,10010880
5474de1f354e,bdh,propagate,27500,4,interp,"{""dim"": 1, ""distance"": 4, ""length"": 12, ""n_sources"": 1}",5,False,False,0,0.9993993993993995,0.0012012012012012187,0.996996996996997,1.0,"[1.0, 1.0, 0.996996996996997, 1.0, 1.0]",0.9981981981981981,1.0,0.9993993993993995,0.9998498498498499,10010880
5474de1f354e,bdh,propagate,30000,4,interp,"{""dim"": 1, ""distance"": 1, ""length"": 12, ""n_sources"": 1}",5,False,False,0,1.0,0.0,1.0,1.0,"[1.0, 1.0, 1.0, 1.0, 1.0]",1.0,1.0,1.0,1.0,10010880
5474de1f354e,bdh,propagate,30000,4,interp,"{""dim"": 1, ""distance"": 2, ""length"": 12, ""n_sources"": 1}",5,False,False,0,1.0,0.0,1.0,1.0,"[1.0, 1.0, 1.0, 1.0, 1.0]",1.0,1.0,1.0,1.0,10010880
5474de1f354e,bdh,propagate,30000,4,interp,"{""dim"": 1, ""distance"": 4, ""length"": 12, ""n_sources"": 1}",5,False,False,0,1.0,0.0,1.0,1.0,"[1.0, 1.0, 1.0, 1.0, 1.0]",1.0,1.0,1.0,1.0,10010880
5474de1f354e,bdh,propagate,32500,4,interp,"{""dim"": 1, ""distance"": 1, ""length"": 12, ""n_sources"": 1}",5,False,False,0,1.0,0.0,1.0,1.0,"[1.0, 1.0, 1.0, 1.0, 1.0]",1.0,1.0,1.0,1.0,10010880
5474de1f354e,bdh,propagate,32500,4,interp,"{""dim"": 1, ""distance"": 2, ""length"": 12, ""n_sources"": 1}",5,False,False,0,1.0,0.0,1.0,1.0,"[1.0, 1.0, 1.0, 1.0, 1.0]",1.0,1.0,1.0,1.0,10010880
5474de1f354e,bdh,propagate,32500,4,interp,"{""dim"": 1, ""distance"": 4, ""length"": 12, ""n_sources"": 1}",5,False,False,0,1.0,0.0,1.0,1.0,"[1.0, 1.0, 1.0, 1.0, 1.0]",1.0,1.0,1.0,1.0,10010880
5474de1f354e,bdh,propagate,35000,4,interp,"{""dim"": 1, ""distance"": 1, ""length"": 12, ""n_sources"": 1}",5,False,False,0,1.0,0.0,1.0,1.0,"[1.0, 1.0, 1.0, 1.0, 1.0]",1.0,1.0,1.0,1.0,10010880
5474de1f354e,bdh,propagate,35000,4,interp,"{""dim"": 1, ""distance"": 2, ""length"": 12, ""n_sources"": 1}",5,False,False,0,1.0,0.0,1.0,1.0,"[1.0, 1.0, 1.0, 1.0, 1.0]",1.0,1.0,1.0,1.0,10010880
5474de1f354e,bdh,propagate,35000,4,interp,"{""dim"": 1, ""distance"": 4, ""length"": 12, ""n_sources"": 1}",5,False,False,0,1.0,0.0,1.0,1.0,"[1.0, 1.0, 1.0, 1.0, 1.0]",1.0,1.0,1.0,1.0,10010880
5474de1f354e,bdh,propagate,37500,4,interp,"{""dim"": 1, ""distance"": 1, ""length"": 12, ""n_sources"": 1}",5,False,False,0,1.0,0.0,1.0,1.0,"[1.0, 1.0, 1.0, 1.0, 1.0]",1.0,1.0,1.0,1.0,10010880
5474de1f354e,bdh,propagate,37500,4,interp,"{""dim"": 1, ""distance"": 2, ""length"": 12, ""n_sources"": 1}",5,False,False,0,1.0,0.0,1.0,1.0,"[1.0, 1.0, 1.0, 1.0, 1.0]",1.0,1.0,1.0,1.0,10010880
5474de1f354e,bdh,propagate,37500,4,interp,"{""dim"": 1, ""distance"": 4, ""length"": 12, ""n_sources"": 1}",5,False,False,0,1.0,0.0,1.0,1.0,"[1.0, 1.0, 1.0, 1.0, 1.0]",1.0,1.0,1.0,1.0,10010880
5474de1f354e,bdh,propagate,40000,4,interp,"{""dim"": 1, ""distance"": 1, ""length"": 12, ""n_sources"": 1}",5,False,False,0,1.0,0.0,1.0,1.0,"[1.0, 1.0, 1.0, 1.0, 1.0]",1.0,1.0,1.0,1.0,10010880
5474de1f354e,bdh,propagate,40000,4,interp,"{""dim"": 1, ""distance"": 2, ""length"": 12, ""n_sources"": 1}",5,False,False,0,1.0,0.0,1.0,1.0,"[1.0, 1.0, 1.0, 1.0, 1.0]",1.0,1.0,1.0,1.0,10010880
5474de1f354e,bdh,propagate,40000,4,interp,"{""dim"": 1, ""distance"": 4, ""length"": 12, ""n_sources"": 1}",5,False,False,0,1.0,0.0,1.0,1.0,"[1.0, 1.0, 1.0, 1.0, 1.0]",1.0,1.0,1.0,1.0,10010880
5474de1f354e,bdh,propagate,40000,8,interp,"{""dim"": 1, ""distance"": 1, ""length"": 12, ""n_sources"": 1}",5,False,False,0,1.0,0.0,1.0,1.0,"[1.0, 1.0, 1.0, 1.0, 1.0]",1.0,1.0,1.0,1.0,10010880
5474de1f354e,bdh,propagate,40000,8,interp,"{""dim"": 1, ""distance"": 2, ""length"": 12, ""n_sources"": 1}",5,False,False,0,1.0,0.0,1.0,1.0,"[1.0, 1.0, 1.0, 1.0, 1.0]",1.0,1.0,1.0,1.0,10010880
5474de1f354e,bdh,propagate,40000,8,interp,"{""dim"": 1, ""distance"": 4, ""length"": 12, ""n_sources"": 1}",5,False,False,0,1.0,0.0,1.0,1.0,"[1.0, 1.0, 1.0, 1.0, 1.0]",1.0,1.0,1.0,1.0,10010880
5474de1f354e,bdh,propagate,2500,16,interp,"{""dim"": 1, ""distance"": 1, ""length"": 12, ""n_sources"": 1}",5,False,False,0,0.0,0.0,0.0,0.0,"[0.0, 0.0, 0.0, 0.0, 0.0]",0.0,0.0,0.0,0.807684616815901,10010880
5474de1f354e,bdh,propagate,2500,16,interp,"{""dim"": 1, ""distance"": 2, ""length"": 12, ""n_sources"": 1}",5,False,False,0,0.0,0.0,0.0,0.0,"[0.0, 0.0, 0.0, 0.0, 0.0]",0.0,0.0,0.0,0.8009509387317004,10010880
5474de1f354e,bdh,propagate,2500,16,interp,"{""dim"": 1, ""distance"": 4, ""length"": 12, ""n_sources"": 1}",5,False,False,0,0.0,0.0,0.0,0.0,"[0.0, 0.0, 0.0, 0.0, 0.0]",0.0,0.0,0.0,0.8014514380210154,10010880
5474de1f354e,bdh,propagate,5000,16,interp,"{""dim"": 1, ""distance"": 1, ""length"": 12, ""n_sources"": 1}",5,False,False,0,0.003592814371257485,0.0029335206500397345,0.0,0.008982035928143712,"[0.0, 0.0029940119760479044, 0.0029940119760479044, 0.008982035928143712, 0.0029940119760479044]",0.0011976047904191617,0.00658682634730539,0.003592814371257485,0.8005488930214308,10010880
5474de1f354e,bdh,propagate,5000,16,interp,"{""dim"": 1, ""distance"": 2, ""length"": 12, ""n_sources"": 1}",5,False,False,0,0.006606606606606608,0.007922466041004756,0.0,0.021021021021021023,"[0.009009009009009009, 0.003003003003003003, 0.021021021021021023, 0.0, 0.0]",0.0006006006006006006,0.014414414414414415,0.006606606606606608,0.8061561476092439,10010880
5474de1f354e,bdh,propagate,5000,16,interp,"{""dim"": 1, ""distance"": 4, ""length"": 12, ""n_sources"": 1}",5,False,False,0,0.0042042042042042035,0.0014711650106805875,0.003003003003003003,0.006006006006006006,"[0.003003003003003003, 0.003003003003003003, 0.003003003003003003, 0.006006006006006006, 0.006006006006006006]",0.003003003003003003,0.005405405405405406,0.0042042042042042035,0.7976976892790637,10010880
5474de1f354e,bdh,propagate,7500,16,interp,"{""dim"": 1, ""distance"": 1, ""length"": 12, ""n_sources"": 1}",5,False,False,0,0.47604790419161674,0.23959579669152764,0.0718562874251497,0.7784431137724551,"[0.0718562874251497, 0.5329341317365269, 0.38023952095808383, 0.6167664670658682, 0.7784431137724551]",0.27264970059880234,0.6664670658682634,0.47604790419161674,0.9328842344755184,10010880
5474de1f354e,bdh,propagate,7500,16,interp,"{""dim"": 1, ""distance"": 2, ""length"": 12, ""n_sources"": 1}",5,False,False,0,0.412012012012012,0.2096380028439036,0.07807807807807808,0.7027027027027027,"[0.07807807807807808, 0.5015015015015015, 0.3033033033033033, 0.4744744744744745, 0.7027027027027027]",0.23663663663663664,0.5825825825825826,0.412012012012012,0.92792793293973,10010880
5474de1f354e,bdh,propagate,7500,16,interp,"{""dim"": 1, ""distance"": 4, ""length"": 12, ""n_sources"": 1}",5,False,False,0,0.5159159159159159,0.24817526131687478,0.07507507507507508,0.8108108108108109,"[0.07507507507507508, 0.6186186186186187, 0.45045045045045046, 0.6246246246246246, 0.8108108108108109]",0.29486486486486485,0.7003003003003003,0.5159159159159159,0.9370870900583699,10010880
5474de1f354e,bdh,propagate,10000,16,interp,"{""dim"": 1, ""distance"": 1, ""length"": 12, ""n_sources"": 1}",5,False,False,0,0.9784431137724552,0.008552608896458506,0.9670658682634731,0.9910179640718563,"[0.9730538922155688, 0.9670658682634731, 0.9910179640718563, 0.9760479041916168, 0.9850299401197605]",0.9712574850299402,0.9862275449101796,0.9784431137724552,0.9982035932426682,10010880
5474de1f354e,bdh,propagate,10000,16,interp,"{""dim"": 1, ""distance"": 2, ""length"": 12, ""n_sources"": 1}",5,False,False,0,0.9687687687687688,0.008826990064083542,0.9579579579579579,0.984984984984985,"[0.9579579579579579, 0.9669669669669669, 0.9669669669669669, 0.984984984984985, 0.9669669669669669]",0.9615615615615616,0.9777777777777779,0.9687687687687688,0.9972972978700746,10010880
5474de1f354e,bdh,propagate,10000,16,interp,"{""dim"": 1, ""distance"": 4, ""length"": 12, ""n_sources"": 1}",5,False,False,0,0.9813813813813814,0.013076000634881239,0.9579579579579579,0.996996996996997,"[0.978978978978979, 0.9579579579579579, 0.984984984984985, 0.996996996996997, 0.987987987987988]",0.9681681681681681,0.991006006006006,0.9813813813813814,0.9981981984487882,10010880
5474de1f354e,bdh,propagate,12500,16,interp,"{""dim"": 1, ""distance"": 1, ""length"": 12, ""n_sources"": 1}",5,False,False,0,0.98562874251497,0.008122550877994333,0.9730538922155688,0.9940119760479041,"[0.9910179640718563, 0.9910179640718563, 0.9940119760479041, 0.9730538922155688, 0.9790419161676647]",0.9778443113772456,0.9922155688622754,0.98562874251497,0.9988023954951121,10010880
5474de1f354e,bdh,propagate,12500,16,interp,"{""dim"": 1, ""distance"": 2, ""length"": 12, ""n_sources"": 1}",5,False,False,0,0.9723723723723724,0.014389367628481638,0.9579579579579579,0.990990990990991,"[0.9579579579579579, 0.9669669669669669, 0.987987987987988, 0.990990990990991, 0.9579579579579579]",0.9597597597597597,0.984984984984985,0.9723723723723724,0.9975975980987778,10010880
5474de1f354e,bdh,propagate,12500,16,interp,"{""dim"": 1, ""distance"": 4, ""length"": 12, ""n_sources"": 1}",5,False,False,0,0.9855855855855855,0.004804804804804835,0.9819819819819819,0.993993993993994,"[0.987987987987988, 0.9819819819819819, 0.9819819819819819, 0.993993993993994, 0.9819819819819819]",0.9819819819819819,0.9891891891891893,0.9855855855855855,0.9984484486751729,10010880
5474de1f354e,bdh,propagate,15000,16,interp,"{""dim"": 1, ""distance"": 1, ""length"": 12, ""n_sources"": 1}",5,False,False,0,0.9922155688622756,0.0040612754389971655,0.9880239520958084,1.0,"[0.9910179640718563, 0.9880239520958084, 1.0, 0.9910179640718563, 0.9910179640718563]",0.9892215568862275,0.9964071856287425,0.9922155688622756,0.9993013973364573,10010880
5474de1f354e,bdh,propagate,15000,16,interp,"{""dim"": 1, ""distance"": 2, ""length"": 12, ""n_sources"": 1}",5,False,False,0,0.9813813813813814,0.005166561721947516,0.972972972972973,0.987987987987988,"[0.984984984984985, 0.972972972972973, 0.9819819819819819, 0.978978978978979, 0.987987987987988]",0.9771771771771771,0.9861861861861861,0.9813813813813814,0.9983983987444514,10010880
5474de1f354e,bdh,propagate,15000,16,interp,"{""dim"": 1, ""distance"": 4, ""length"": 12, ""n_sources"": 1}",5,False,False,0,0.9933933933933934,0.004413495032041748,0.987987987987988,1.0,"[0.990990990990991, 0.990990990990991, 0.996996996996997, 1.0, 0.987987987987988]",0.9897897897897897,0.9975975975975976,0.9933933933933934,0.999449449580711,10010880
5474de1f354e,bdh,propagate,17500,16,interp,"{""dim"": 1, ""distance"": 1, ""length"": 12, ""n_sources"": 1}",5,False,False,0,0.9970059880239521,0.0018935794372265894,0.9940119760479041,1.0,"[0.9970059880239521, 0.9940119760479041, 1.0, 0.9970059880239521, 0.9970059880239521]",0.9952095808383234,0.9988023952095808,0.9970059880239521,0.9997504990614816,10010880
5474de1f354e,bdh,propagate,17500,16,interp,"{""dim"": 1, ""distance"": 2, ""length"": 12, ""n_sources"": 1}",5,False,False,0,0.9915915915915916,0.0035020732101172683,0.987987987987988,0.996996996996997,"[0.990990990990991, 0.993993993993994, 0.996996996996997, 0.987987987987988, 0.987987987987988]",0.9885885885885886,0.9945945945945948,0.9915915915915916,0.9991491492804107,10010880
5474de1f354e,bdh,propagate,17500,16,interp,"{""dim"": 1, ""distance"": 4, ""length"": 12, ""n_sources"": 1}",5,False,False,0,0.996996996996997,0.0037985317239259834,0.990990990990991,1.0,"[0.990990990990991, 1.0, 1.0, 0.993993993993994, 1.0]",0.9933933933933934,1.0,0.996996996996997,0.9996996997354983,10010880
5474de1f354e,bdh,propagate,20000,16,interp,"{""dim"": 1, ""distance"": 1, ""length"": 12, ""n_sources"": 1}",5,False,False,0,0.9976047904191617,0.0034915879609852146,0.9910179640718563,1.0,"[0.9910179640718563, 1.0, 0.9970059880239521, 1.0, 1.0]",0.9940119760479043,1.0,0.9976047904191617,0.9998003992491853,10010880
5474de1f354e,bdh,propagate,20000,16,interp,"{""dim"": 1, ""distance"": 2, ""length"": 12, ""n_sources"": 1}",5,False,False,0,0.9945945945945945,0.006688005240636674,0.9819819819819819,1.0,"[0.993993993993994, 1.0, 0.9819819819819819, 1.0, 0.996996996996997]",0.987987987987988,0.9993993993993995,0.9945945945945945,0.9995495496569454,10010880
5474de1f354e,bdh,propagate,20000,16,interp,"{""dim"": 1, ""distance"": 4, ""length"": 12, ""n_sources"": 1}",5,False,False,0,0.9963963963963964,0.0029423300213611767,0.990990990990991,1.0,"[0.996996996996997, 0.996996996996997, 0.990990990990991, 1.0, 0.996996996996997]",0.9933933933933934,0.9987987987987988,0.9963963963963964,0.9995495495853483,10010880
5474de1f354e,bdh,propagate,22500,16,interp,"{""dim"": 1, ""distance"": 1, ""length"": 12, ""n_sources"": 1}",5,False,False,0,0.9958083832335329,0.0014667603250199058,0.9940119760479041,0.9970059880239521,"[0.9970059880239521, 0.9970059880239521, 0.9940119760479041, 0.9970059880239521, 0.9940119760479041]",0.9946107784431136,0.9970059880239521,0.9958083832335329,0.9995508982392842,10010880
5474de1f354e,bdh,propagate,22500,16,interp,"{""dim"": 1, ""distance"": 2, ""length"": 12, ""n_sources"": 1}",5,False,False,0,0.9981981981981981,0.0024024024024023984,0.993993993993994,1.0,"[0.996996996996997, 0.993993993993994, 1.0, 1.0, 1.0]",0.9957957957957959,1.0,0.9981981981981981,0.9998498498856485,10010880
5474de1f354e,bdh,propagate,22500,16,interp,"{""dim"": 1, ""distance"": 4, ""length"": 12, ""n_sources"": 1}",5,False,False,0,0.9987987987987988,0.0024024024024023928,0.993993993993994,1.0,"[1.0, 0.993993993993994, 1.0, 1.0, 1.0]",0.9963963963963964,1.0,0.9987987987987988,0.9998998999237656,10010880
5474de1f354e,bdh,propagate,25000,16,interp,"{""dim"": 1, ""distance"": 1, ""length"": 12, ""n_sources"": 1}",5,False,False,0,0.9994011976047904,0.0011976047904191489,0.9970059880239521,1.0,"[1.0, 1.0, 0.9970059880239521, 1.0, 1.0]",0.9982035928143713,1.0,0.9994011976047904,0.9999500998122963,10010880
5474de1f354e,bdh,propagate,25000,16,interp,"{""dim"": 1, ""distance"": 2, ""length"": 12, ""n_sources"": 1}",5,False,False,0,0.9981981981981981,0.0014711650106806087,0.996996996996997,1.0,"[0.996996996996997, 0.996996996996997, 1.0, 0.996996996996997, 1.0]",0.996996996996997,0.9993993993993995,0.9981981981981981,0.9998498498856485,10010880
5474de1f354e,bdh,propagate,25000,16,interp,"{""dim"": 1, ""distance"": 4, ""length"": 12, ""n_sources"": 1}",5,False,False,0,0.9987987987987988,0.0014711650106806087,0.996996996996997,1.0,"[0.996996996996997, 0.996996996996997, 1.0, 1.0, 1.0]",0.9975975975975976,1.0,0.9987987987987988,0.9998998999237656,10010880
5474de1f354e,bdh,propagate,27500,16,interp,"{""dim"": 1, ""distance"": 1, ""length"": 12, ""n_sources"": 1}",5,False,False,0,1.0,0.0,1.0,1.0,"[1.0, 1.0, 1.0, 1.0, 1.0]",1.0,1.0,1.0,1.0,10010880
5474de1f354e,bdh,propagate,27500,16,interp,"{""dim"": 1, ""distance"": 2, ""length"": 12, ""n_sources"": 1}",5,False,False,0,0.9987987987987988,0.0014711650106806087,0.996996996996997,1.0,"[1.0, 1.0, 0.996996996996997, 0.996996996996997, 1.0]",0.9975975975975976,1.0,0.9987987987987988,0.9998998999237656,10010880
5474de1f354e,bdh,propagate,27500,16,interp,"{""dim"": 1, ""distance"": 4, ""length"": 12, ""n_sources"": 1}",5,False,False,0,0.9993993993993995,0.0012012012012012187,0.996996996996997,1.0,"[1.0, 1.0, 0.996996996996997, 1.0, 1.0]",0.9981981981981981,1.0,0.9993993993993995,0.9998498498498499,10010880
5474de1f354e,bdh,propagate,30000,16,interp,"{""dim"": 1, ""distance"": 1, ""length"": 12, ""n_sources"": 1}",5,False,False,0,1.0,0.0,1.0,1.0,"[1.0, 1.0, 1.0, 1.0, 1.0]",1.0,1.0,1.0,1.0,10010880
5474de1f354e,bdh,propagate,30000,16,interp,"{""dim"": 1, ""distance"": 2, ""length"": 12, ""n_sources"": 1}",5,False,False,0,1.0,0.0,1.0,1.0,"[1.0, 1.0, 1.0, 1.0, 1.0]",1.0,1.0,1.0,1.0,10010880
5474de1f354e,bdh,propagate,30000,16,interp,"{""dim"": 1, ""distance"": 4, ""length"": 12, ""n_sources"": 1}",5,False,False,0,1.0,0.0,1.0,1.0,"[1.0, 1.0, 1.0, 1.0, 1.0]",1.0,1.0,1.0,1.0,10010880
5474de1f354e,bdh,propagate,32500,16,interp,"{""dim"": 1, ""distance"": 1, ""length"": 12, ""n_sources"": 1}",5,False,False,0,1.0,0.0,1.0,1.0,"[1.0, 1.0, 1.0, 1.0, 1.0]",1.0,1.0,1.0,1.0,10010880
5474de1f354e,bdh,propagate,32500,16,interp,"{""dim"": 1, ""distance"": 2, ""length"": 12, ""n_sources"": 1}",5,False,False,0,1.0,0.0,1.0,1.0,"[1.0, 1.0, 1.0, 1.0, 1.0]",1.0,1.0,1.0,1.0,10010880
5474de1f354e,bdh,propagate,32500,16,interp,"{""dim"": 1, ""distance"": 4, ""length"": 12, ""n_sources"": 1}",5,False,False,0,1.0,0.0,1.0,1.0,"[1.0, 1.0, 1.0, 1.0, 1.0]",1.0,1.0,1.0,1.0,10010880
5474de1f354e,bdh,propagate,35000,16,interp,"{""dim"": 1, ""distance"": 1, ""length"": 12, ""n_sources"": 1}",5,False,False,0,1.0,0.0,1.0,1.0,"[1.0, 1.0, 1.0, 1.0, 1.0]",1.0,1.0,1.0,1.0,10010880
5474de1f354e,bdh,propagate,35000,16,interp,"{""dim"": 1, ""distance"": 2, ""length"": 12, ""n_sources"": 1}",5,False,False,0,1.0,0.0,1.0,1.0,"[1.0, 1.0, 1.0, 1.0, 1.0]",1.0,1.0,1.0,1.0,10010880
5474de1f354e,bdh,propagate,35000,16,interp,"{""dim"": 1, ""distance"": 4, ""length"": 12, ""n_sources"": 1}",5,False,False,0,1.0,0.0,1.0,1.0,"[1.0, 1.0, 1.0, 1.0, 1.0]",1.0,1.0,1.0,1.0,10010880
5474de1f354e,bdh,propagate,37500,16,interp,"{""dim"": 1, ""distance"": 1, ""length"": 12, ""n_sources"": 1}",5,False,False,0,1.0,0.0,1.0,1.0,"[1.0, 1.0, 1.0, 1.0, 1.0]",1.0,1.0,1.0,1.0,10010880
5474de1f354e,bdh,propagate,37500,16,interp,"{""dim"": 1, ""distance"": 2, ""length"": 12, ""n_sources"": 1}",5,False,False,0,1.0,0.0,1.0,1.0,"[1.0, 1.0, 1.0, 1.0, 1.0]",1.0,1.0,1.0,1.0,10010880
5474de1f354e,bdh,propagate,37500,16,interp,"{""dim"": 1, ""distance"": 4, ""length"": 12, ""n_sources"": 1}",5,False,False,0,1.0,0.0,1.0,1.0,"[1.0, 1.0, 1.0, 1.0, 1.0]",1.0,1.0,1.0,1.0,10010880
5474de1f354e,bdh,propagate,40000,16,interp,"{""dim"": 1, ""distance"": 1, ""length"": 12, ""n_sources"": 1}",5,False,False,0,1.0,0.0,1.0,1.0,"[1.0, 1.0, 1.0, 1.0, 1.0]",1.0,1.0,1.0,1.0,10010880
5474de1f354e,bdh,propagate,40000,16,interp,"{""dim"": 1, ""distance"": 2, ""length"": 12, ""n_sources"": 1}",5,False,False,0,1.0,0.0,1.0,1.0,"[1.0, 1.0, 1.0, 1.0, 1.0]",1.0,1.0,1.0,1.0,10010880
5474de1f354e,bdh,propagate,40000,16,interp,"{""dim"": 1, ""distance"": 4, ""length"": 12, ""n_sources"": 1}",5,False,False,0,1.0,0.0,1.0,1.0,"[1.0, 1.0, 1.0, 1.0, 1.0]",1.0,1.0,1.0,1.0,10010880
5474de1f354e,bdh,propagate,40000,32,interp,"{""dim"": 1, ""distance"": 1, ""length"": 12, ""n_sources"": 1}",5,False,False,0,1.0,0.0,1.0,1.0,"[1.0, 1.0, 1.0, 1.0, 1.0]",1.0,1.0,1.0,1.0,10010880
5474de1f354e,bdh,propagate,40000,32,interp,"{""dim"": 1, ""distance"": 2, ""length"": 12, ""n_sources"": 1}",5,False,False,0,1.0,0.0,1.0,1.0,"[1.0, 1.0, 1.0, 1.0, 1.0]",1.0,1.0,1.0,1.0,10010880
5474de1f354e,bdh,propagate,40000,32,interp,"{""dim"": 1, ""distance"": 4, ""length"": 12, ""n_sources"": 1}",5,False,False,0,1.0,0.0,1.0,1.0,"[1.0, 1.0, 1.0, 1.0, 1.0]",1.0,1.0,1.0,1.0,10010880
5474de1f354e,bdh,propagate,2500,1,mild,"{""dim"": 1, ""distance"": 6, ""length"": 12, ""n_sources"": 1}",5,False,False,0,0.0,0.0,0.0,0.0,"[0.0, 0.0, 0.0, 0.0, 0.0]",0.0,0.0,0.0,0.7985666534185409,10010880
5474de1f354e,bdh,propagate,2500,1,mild,"{""dim"": 1, ""distance"": 8, ""length"": 12, ""n_sources"": 1}",5,False,False,0,0.0,0.0,0.0,0.0,"[0.0, 0.0, 0.0, 0.0, 0.0]",0.0,0.0,0.0,0.8021666529417038,10010880
5474de1f354e,bdh,propagate,5000,1,mild,"{""dim"": 1, ""distance"": 6, ""length"": 12, ""n_sources"": 1}",5,False,False,0,0.0004,0.0008,0.0,0.002,"[0.002, 0.0, 0.0, 0.0, 0.0]",0.0,0.0012000000000000001,0.0004,0.7884999908804893,10010880
5474de1f354e,bdh,propagate,5000,1,mild,"{""dim"": 1, ""distance"": 8, ""length"": 12, ""n_sources"": 1}",5,False,False,0,0.0004,0.0008,0.0,0.002,"[0.0, 0.002, 0.0, 0.0, 0.0]",0.0,0.0012000000000000001,0.0004,0.7739999903798103,10010880
5474de1f354e,bdh,propagate,7500,1,mild,"{""dim"": 1, ""distance"": 6, ""length"": 12, ""n_sources"": 1}",5,False,False,0,0.2424,0.1136337977892141,0.026,0.326,"[0.026, 0.31, 0.326, 0.23, 0.32]",0.12677,0.3204,0.2424,0.8965333377361298,10010880
5474de1f354e,bdh,propagate,7500,1,mild,"{""dim"": 1, ""distance"": 8, ""length"": 12, ""n_sources"": 1}",5,False,False,0,0.2144,0.10076030964620941,0.024,0.3,"[0.024, 0.3, 0.264, 0.202, 0.282]",0.11471000000000002,0.28559999999999997,0.2144,0.8821333371639252,10010880
5474de1f354e,bdh,propagate,10000,1,mild,"{""dim"": 1, ""distance"": 6, ""length"": 12, ""n_sources"": 1}",5,False,False,0,0.2852,0.16545017376841886,0.032,0.472,"[0.462, 0.032, 0.246, 0.472, 0.214]",0.15384,0.4204,0.2852,0.9109333375453949,10010880
5474de1f354e,bdh,propagate,10000,1,mild,"{""dim"": 1, ""distance"": 8, ""length"": 12, ""n_sources"": 1}",5,False,False,0,0.07,0.0764198926981712,0.0,0.198,"[0.116, 0.032, 0.198, 0.004, 0.0]",0.008000000000000002,0.1428,0.07,0.8539000023126603,10010880
5474de1f354e,bdh,propagate,12500,1,mild,"{""dim"": 1, ""distance"": 6, ""length"": 12, ""n_sources"": 1}",5,False,False,0,0.1736,0.1267147978730188,0.018,0.404,"[0.176, 0.018, 0.136, 0.404, 0.134]",0.0732,0.296,0.1736,0.8754333362817764,10010880
5474de1f354e,bdh,propagate,12500,1,mild,"{""dim"": 1, ""distance"": 8, ""length"": 12, ""n_sources"": 1}",5,False,False,0,0.0428,0.0599146058987289,0.0,0.16,"[0.032, 0.022, 0.16, 0.0, 0.0]",0.004399999999999999,0.1024,0.0428,0.8069999992609024,10010880
5474de1f354e,bdh,propagate,15000,1,mild,"{""dim"": 1, ""distance"": 6, ""length"": 12, ""n_sources"": 1}",5,False,False,0,0.2012,0.14227072783956649,0.006,0.44,"[0.166, 0.006, 0.148, 0.44, 0.246]",0.0824,0.3236799999999999,0.2012,0.8746000016689301,10010880
5474de1f354e,bdh,propagate,15000,1,mild,"{""dim"": 1, ""distance"": 8, ""length"": 12, ""n_sources"": 1}",5,False,False,0,0.0108,0.0206145579627602,0.0,0.052,"[0.0, 0.002, 0.052, 0.0, 0.0]",0.0,0.0316,0.0108,0.7823333327531813,10010880
5474de1f354e,bdh,propagate,17500,1,mild,"{""dim"": 1, ""distance"": 6, ""length"": 12, ""n_sources"": 1}",5,False,False,0,0.136,0.09767701879152536,0.016,0.296,"[0.15, 0.016, 0.054, 0.296, 0.164]",0.053200000000000004,0.21683999999999992,0.136,0.860333333826065,10010880
5474de1f354e,bdh,propagate,17500,1,mild,"{""dim"": 1, ""distance"": 8, ""length"": 12, ""n_sources"": 1}",5,False,False,0,0.0088,0.013181805642627265,0.0,0.034,"[0.0, 0.01, 0.034, 0.0, 0.0]",0.0,0.0224,0.0088,0.7721666656851769,10010880
5474de1f354e,bdh,propagate,20000,1,mild,"{""dim"": 1, ""distance"": 6, ""length"": 12, ""n_sources"": 1}",5,False,False,0,0.1416,0.1739995402292776,0.01,0.486,"[0.064, 0.01, 0.062, 0.486, 0.086]",0.03560000000000001,0.31641,0.1416,0.8523666656494141,10010880
5474de1f354e,bdh,propagate,20000,1,mild,"{""dim"": 1, ""distance"": 8, ""length"": 12, ""n_sources"": 1}",5,False,False,0,0.0064,0.009329523031752482,0.0,0.024,"[0.0, 0.008, 0.024, 0.0, 0.0]",0.0,0.016,0.0064,0.7607666651844978,10010880
5474de1f354e,bdh,propagate,22500,1,mild,"{""dim"": 1, ""distance"": 6, ""length"": 12, ""n_sources"": 1}",5,False,False,0,0.128,0.1384080922489722,0.006,0.384,"[0.02, 0.006, 0.156, 0.384, 0.074]",0.0252,0.26280000000000003,0.128,0.8431666673660277,10010880
5474de1f354e,bdh,propagate,22500,1,mild,"{""dim"": 1, ""distance"": 8, ""length"": 12, ""n_sources"": 1}",5,False,False,0,0.004399999999999999,0.00783836717690617,0.0,0.02,"[0.0, 0.02, 0.002, 0.0, 0.0]",0.0,0.0124,0.004399999999999999,0.7712999976754189,10010880
5474de1f354e,bdh,propagate,25000,1,mild,"{""dim"": 1, ""distance"": 6, ""length"": 12, ""n_sources"": 1}",5,False,False,0,0.1456,0.12153945861324214,0.006,0.354,"[0.07, 0.006, 0.098, 0.354, 0.2]",0.05,0.2536,0.1456,0.8453333328485491,10010880
5474de1f354e,bdh,propagate,25000,1,mild,"{""dim"": 1, ""distance"": 8, ""length"": 12, ""n_sources"": 1}",5,False,False,0,0.0016,0.0014966629547095765,0.0,0.004,"[0.0, 0.002, 0.004, 0.002, 0.0]",0.0004,0.0028,0.0016,0.7547333311676979,10010880
5474de1f354e,bdh,propagate,27500,1,mild,"{""dim"": 1, ""distance"": 6, ""length"": 12, ""n_sources"": 1}",5,False,False,0,0.12040000000000002,0.16019188493803302,0.004,0.438,"[0.04, 0.004, 0.052, 0.438, 0.068]",0.024000000000000004,0.28125999999999995,0.12040000000000002,0.8347333327531814,10010880
5474de1f354e,bdh,propagate,27500,1,mild,"{""dim"": 1, ""distance"": 8, ""length"": 12, ""n_sources"": 1}",5,False,False,0,0.0012000000000000001,0.0016,0.0,0.004,"[0.0, 0.004, 0.002, 0.0, 0.0]",0.0,0.0028,0.0012000000000000001,0.7379666661262512,10010880
5474de1f354e,bdh,propagate,30000,1,mild,"{""dim"": 1, ""distance"": 6, ""length"": 12, ""n_sources"": 1}",5,False,False,0,0.11280000000000001,0.14609914441912383,0.002,0.402,"[0.044, 0.002, 0.064, 0.402, 0.052]",0.0228,0.2604,0.11280000000000001,0.8309666651248933,10010880
5474de1f354e,bdh,propagate,30000,1,mild,"{""dim"": 1, ""distance"": 8, ""length"": 12, ""n_sources"": 1}",5,False,False,0,0.0004,0.0008,0.0,0.002,"[0.0, 0.002, 0.0, 0.0, 0.0]",0.0,0.0012000000000000001,0.0004,0.7385666651129723,10010880
5474de1f354e,bdh,propagate,32500,1,mild,"{""dim"": 1, ""distance"": 6, ""length"": 12, ""n_sources"": 1}",5,False,False,0,0.11400000000000002,0.1401656163258308,0.0,0.386,"[0.03, 0.0, 0.05, 0.386, 0.104]",0.022,0.2524,0.11400000000000002,0.8319666648864746,10010880
5474de1f354e,bdh,propagate,32500,1,mild,"{""dim"": 1, ""distance"": 8, ""length"": 12, ""n_sources"": 1}",5,False,False,0,0.0008,0.0009797958971132714,0.0,0.002,"[0.0, 0.002, 0.002, 0.0, 0.0]",0.0,0.0016,0.0008,0.7607999981641769,10010880
5474de1f354e,bdh,propagate,35000,1,mild,"{""dim"": 1, ""distance"": 6, ""length"": 12, ""n_sources"": 1}",5,False,False,0,0.10400000000000001,0.1239935482192521,0.0,0.344,"[0.03, 0.0, 0.05, 0.344, 0.096]",0.022,0.22562000000000001,0.10400000000000001,0.8310999984025955,10010880
5474de1f354e,bdh,propagate,35000,1,mild,"{""dim"": 1, ""distance"": 8, ""length"": 12, ""n_sources"": 1}",5,False,False,0,0.0012000000000000001,0.0016,0.0,0.004,"[0.0, 0.004, 0.002, 0.0, 0.0]",0.0,0.0028,0.0012000000000000001,0.7611333315134049,10010880
5474de1f354e,bdh,propagate,37500,1,mild,"{""dim"": 1, ""distance"": 6, ""length"": 12, ""n_sources"": 1}",5,False,False,0,0.10400000000000001,0.1156339050624859,0.0,0.328,"[0.038, 0.0, 0.072, 0.328, 0.082]",0.024,0.21884999999999993,0.10400000000000001,0.8312999989748,10010880
5474de1f354e,bdh,propagate,37500,1,mild,"{""dim"": 1, ""distance"": 8, ""length"": 12, ""n_sources"": 1}",5,False,False,0,0.0008,0.0016,0.0,0.004,"[0.0, 0.004, 0.0, 0.0, 0.0]",0.0,0.0024000000000000002,0.0008,0.7653666646599769,10010880
5474de1f354e,bdh,propagate,40000,1,mild,"{""dim"": 1, ""distance"": 6, ""length"": 12, ""n_sources"": 1}",5,False,False,0,0.10919999999999999,0.1285774474781639,0.0,0.36,"[0.038, 0.0, 0.062, 0.36, 0.086]",0.0248,0.23611999999999994,0.10919999999999999,0.8322666655778883,10010880
5474de1f354e,bdh,propagate,40000,1,mild,"{""dim"": 1, ""distance"": 8, ""length"": 12, ""n_sources"": 1}",5,False,False,0,0.0008,0.0016,0.0,0.004,"[0.0, 0.004, 0.0, 0.0, 0.0]",0.0,0.0024000000000000002,0.0008,0.765566664636135,10010880
5474de1f354e,bdh,propagate,40000,2,mild,"{""dim"": 1, ""distance"": 6, ""length"": 12, ""n_sources"": 1}",5,False,False,0,0.10919999999999999,0.1285774474781639,0.0,0.36,"[0.038, 0.0, 0.062, 0.36, 0.086]",0.0248,0.23611999999999994,0.10919999999999999,0.8322666655778883,10010880
5474de1f354e,bdh,propagate,40000,2,mild,"{""dim"": 1, ""distance"": 8, ""length"": 12, ""n_sources"": 1}",5,False,False,0,0.0008,0.0016,0.0,0.004,"[0.0, 0.004, 0.0, 0.0, 0.0]",0.0,0.0024000000000000002,0.0008,0.765566664636135,10010880
5474de1f354e,bdh,propagate,2500,4,mild,"{""dim"": 1, ""distance"": 6, ""length"": 12, ""n_sources"": 1}",5,False,False,0,0.0,0.0,0.0,0.0,"[0.0, 0.0, 0.0, 0.0, 0.0]",0.0,0.0,0.0,0.7985666534185409,10010880
5474de1f354e,bdh,propagate,2500,4,mild,"{""dim"": 1, ""distance"": 8, ""length"": 12, ""n_sources"": 1}",5,False,False,0,0.0,0.0,0.0,0.0,"[0.0, 0.0, 0.0, 0.0, 0.0]",0.0,0.0,0.0,0.8021666529417038,10010880
5474de1f354e,bdh,propagate,5000,4,mild,"{""dim"": 1, ""distance"": 6, ""length"": 12, ""n_sources"": 1}",5,False,False,0,0.0004,0.0008,0.0,0.002,"[0.002, 0.0, 0.0, 0.0, 0.0]",0.0,0.0012000000000000001,0.0004,0.7884999908804893,10010880
5474de1f354e,bdh,propagate,5000,4,mild,"{""dim"": 1, ""distance"": 8, ""length"": 12, ""n_sources"": 1}",5,False,False,0,0.0004,0.0008,0.0,0.002,"[0.0, 0.002, 0.0, 0.0, 0.0]",0.0,0.0012000000000000001,0.0004,0.7739999903798103,10010880
5474de1f354e,bdh,propagate,7500,4,mild,"{""dim"": 1, ""distance"": 6, ""length"": 12, ""n_sources"": 1}",5,False,False,0,0.2424,0.1136337977892141,0.026,0.326,"[0.026, 0.31, 0.326, 0.23, 0.32]",0.12677,0.3204,0.2424,0.8965333377361298,10010880
5474de1f354e,bdh,propagate,7500,4,mild,"{""dim"": 1, ""distance"": 8, ""length"": 12, ""n_sources"": 1}",5,False,False,0,0.2144,0.10076030964620941,0.024,0.3,"[0.024, 0.3, 0.264, 0.202, 0.282]",0.11471000000000002,0.28559999999999997,0.2144,0.8821333371639252,10010880
5474de1f354e,bdh,propagate,10000,4,mild,"{""dim"": 1, ""distance"": 6, ""length"": 12, ""n_sources"": 1}",5,False,False,0,0.2852,0.16545017376841886,0.032,0.472,"[0.462, 0.032, 0.246, 0.472, 0.214]",0.15384,0.4204,0.2852,0.9109333375453949,10010880
5474de1f354e,bdh,propagate,10000,4,mild,"{""dim"": 1, ""distance"": 8, ""length"": 12, ""n_sources"": 1}",5,False,False,0,0.07,0.0764198926981712,0.0,0.198,"[0.116, 0.032, 0.198, 0.004, 0.0]",0.008000000000000002,0.1428,0.07,0.8539000023126603,10010880
5474de1f354e,bdh,propagate,12500,4,mild,"{""dim"": 1, ""distance"": 6, ""length"": 12, ""n_sources"": 1}",5,False,False,0,0.1736,0.1267147978730188,0.018,0.404,"[0.176, 0.018, 0.136, 0.404, 0.134]",0.0732,0.296,0.1736,0.8754333362817764,10010880
5474de1f354e,bdh,propagate,12500,4,mild,"{""dim"": 1, ""distance"": 8, ""length"": 12, ""n_sources"": 1}",5,False,False,0,0.0428,0.0599146058987289,0.0,0.16,"[0.032, 0.022, 0.16, 0.0, 0.0]",0.004399999999999999,0.1024,0.0428,0.8069999992609024,10010880
5474de1f354e,bdh,propagate,15000,4,mild,"{""dim"": 1, ""distance"": 6, ""length"": 12, ""n_sources"": 1}",5,False,False,0,0.2012,0.14227072783956649,0.006,0.44,"[0.166, 0.006, 0.148, 0.44, 0.246]",0.0824,0.3236799999999999,0.2012,0.8746000016689301,10010880
5474de1f354e,bdh,propagate,15000,4,mild,"{""dim"": 1, ""distance"": 8, ""length"": 12, ""n_sources"": 1}",5,False,False,0,0.0108,0.0206145579627602,0.0,0.052,"[0.0, 0.002, 0.052, 0.0, 0.0]",0.0,0.0316,0.0108,0.7823333327531813,10010880
5474de1f354e,bdh,propagate,17500,4,mild,"{""dim"": 1, ""distance"": 6, ""length"": 12, ""n_sources"": 1}",5,False,False,0,0.136,0.09767701879152536,0.016,0.296,"[0.15, 0.016, 0.054, 0.296, 0.164]",0.053200000000000004,0.21683999999999992,0.136,0.860333333826065,10010880
5474de1f354e,bdh,propagate,17500,4,mild,"{""dim"": 1, ""distance"": 8, ""length"": 12, ""n_sources"": 1}",5,False,False,0,0.0088,0.013181805642627265,0.0,0.034,"[0.0, 0.01, 0.034, 0.0, 0.0]",0.0,0.0224,0.0088,0.7721666656851769,10010880
5474de1f354e,bdh,propagate,20000,4,mild,"{""dim"": 1, ""distance"": 6, ""length"": 12, ""n_sources"": 1}",5,False,False,0,0.1416,0.1739995402292776,0.01,0.486,"[0.064, 0.01, 0.062, 0.486, 0.086]",0.03560000000000001,0.31641,0.1416,0.8523666656494141,10010880
5474de1f354e,bdh,propagate,20000,4,mild,"{""dim"": 1, ""distance"": 8, ""length"": 12, ""n_sources"": 1}",5,False,False,0,0.0064,0.009329523031752482,0.0,0.024,"[0.0, 0.008, 0.024, 0.0, 0.0]",0.0,0.016,0.0064,0.7607666651844978,10010880
5474de1f354e,bdh,propagate,22500,4,mild,"{""dim"": 1, ""distance"": 6, ""length"": 12, ""n_sources"": 1}",5,False,False,0,0.128,0.1384080922489722,0.006,0.384,"[0.02, 0.006, 0.156, 0.384, 0.074]",0.0252,0.26280000000000003,0.128,0.8431666673660277,10010880
5474de1f354e,bdh,propagate,22500,4,mild,"{""dim"": 1, ""distance"": 8, ""length"": 12, ""n_sources"": 1}",5,False,False,0,0.004399999999999999,0.00783836717690617,0.0,0.02,"[0.0, 0.02, 0.002, 0.0, 0.0]",0.0,0.0124,0.004399999999999999,0.7712999976754189,10010880
5474de1f354e,bdh,propagate,25000,4,mild,"{""dim"": 1, ""distance"": 6, ""length"": 12, ""n_sources"": 1}",5,False,False,0,0.1456,0.12153945861324214,0.006,0.354,"[0.07, 0.006, 0.098, 0.354, 0.2]",0.05,0.2536,0.1456,0.8453333328485491,10010880
5474de1f354e,bdh,propagate,25000,4,mild,"{""dim"": 1, ""distance"": 8, ""length"": 12, ""n_sources"": 1}",5,False,False,0,0.0016,0.0014966629547095765,0.0,0.004,"[0.0, 0.002, 0.004, 0.002, 0.0]",0.0004,0.0028,0.0016,0.7547333311676979,10010880
5474de1f354e,bdh,propagate,27500,4,mild,"{""dim"": 1, ""distance"": 6, ""length"": 12, ""n_sources"": 1}",5,False,False,0,0.12040000000000002,0.16019188493803302,0.004,0.438,"[0.04, 0.004, 0.052, 0.438, 0.068]",0.024000000000000004,0.28125999999999995,0.12040000000000002,0.8347333327531814,10010880
5474de1f354e,bdh,propagate,27500,4,mild,"{""dim"": 1, ""distance"": 8, ""length"": 12, ""n_sources"": 1}",5,False,False,0,0.0012000000000000001,0.0016,0.0,0.004,"[0.0, 0.004, 0.002, 0.0, 0.0]",0.0,0.0028,0.0012000000000000001,0.7379666661262512,10010880
5474de1f354e,bdh,propagate,30000,4,mild,"{""dim"": 1, ""distance"": 6, ""length"": 12, ""n_sources"": 1}",5,False,False,0,0.11280000000000001,0.14609914441912383,0.002,0.402,"[0.044, 0.002, 0.064, 0.402, 0.052]",0.0228,0.2604,0.11280000000000001,0.8309666651248933,10010880
5474de1f354e,bdh,propagate,30000,4,mild,"{""dim"": 1, ""distance"": 8, ""length"": 12, ""n_sources"": 1}",5,False,False,0,0.0004,0.0008,0.0,0.002,"[0.0, 0.002, 0.0, 0.0, 0.0]",0.0,0.0012000000000000001,0.0004,0.7385666651129723,10010880
5474de1f354e,bdh,propagate,32500,4,mild,"{""dim"": 1, ""distance"": 6, ""length"": 12, ""n_sources"": 1}",5,False,False,0,0.11400000000000002,0.1401656163258308,0.0,0.386,"[0.03, 0.0, 0.05, 0.386, 0.104]",0.022,0.2524,0.11400000000000002,0.8319666648864746,10010880
5474de1f354e,bdh,propagate,32500,4,mild,"{""dim"": 1, ""distance"": 8, ""length"": 12, ""n_sources"": 1}",5,False,False,0,0.0008,0.0009797958971132714,0.0,0.002,"[0.0, 0.002, 0.002, 0.0, 0.0]",0.0,0.0016,0.0008,0.7607999981641769,10010880
5474de1f354e,bdh,propagate,35000,4,mild,"{""dim"": 1, ""distance"": 6, ""length"": 12, ""n_sources"": 1}",5,False,False,0,0.10400000000000001,0.1239935482192521,0.0,0.344,"[0.03, 0.0, 0.05, 0.344, 0.096]",0.022,0.22562000000000001,0.10400000000000001,0.8310999984025955,10010880
5474de1f354e,bdh,propagate,35000,4,mild,"{""dim"": 1, ""distance"": 8, ""length"": 12, ""n_sources"": 1}",5,False,False,0,0.0012000000000000001,0.0016,0.0,0.004,"[0.0, 0.004, 0.002, 0.0, 0.0]",0.0,0.0028,0.0012000000000000001,0.7611333315134049,10010880
5474de1f354e,bdh,propagate,37500,4,mild,"{""dim"": 1, ""distance"": 6, ""length"": 12, ""n_sources"": 1}",5,False,False,0,0.10400000000000001,0.1156339050624859,0.0,0.328,"[0.038, 0.0, 0.072, 0.328, 0.082]",0.024,0.21884999999999993,0.10400000000000001,0.8312999989748,10010880
5474de1f354e,bdh,propagate,37500,4,mild,"{""dim"": 1, ""distance"": 8, ""length"": 12, ""n_sources"": 1}",5,False,False,0,0.0008,0.0016,0.0,0.004,"[0.0, 0.004, 0.0, 0.0, 0.0]",0.0,0.0024000000000000002,0.0008,0.7653666646599769,10010880
5474de1f354e,bdh,propagate,40000,4,mild,"{""dim"": 1, ""distance"": 6, ""length"": 12, ""n_sources"": 1}",5,False,False,0,0.10919999999999999,0.1285774474781639,0.0,0.36,"[0.038, 0.0, 0.062, 0.36, 0.086]",0.0248,0.23611999999999994,0.10919999999999999,0.8322666655778883,10010880
5474de1f354e,bdh,propagate,40000,4,mild,"{""dim"": 1, ""distance"": 8, ""length"": 12, ""n_sources"": 1}",5,False,False,0,0.0008,0.0016,0.0,0.004,"[0.0, 0.004, 0.0, 0.0, 0.0]",0.0,0.0024000000000000002,0.0008,0.765566664636135,10010880
5474de1f354e,bdh,propagate,40000,8,mild,"{""dim"": 1, ""distance"": 6, ""length"": 12, ""n_sources"": 1}",5,False,False,0,0.10919999999999999,0.1285774474781639,0.0,0.36,"[0.038, 0.0, 0.062, 0.36, 0.086]",0.0248,0.23611999999999994,0.10919999999999999,0.8322666655778883,10010880
5474de1f354e,bdh,propagate,40000,8,mild,"{""dim"": 1, ""distance"": 8, ""length"": 12, ""n_sources"": 1}",5,False,False,0,0.0008,0.0016,0.0,0.004,"[0.0, 0.004, 0.0, 0.0, 0.0]",0.0,0.0024000000000000002,0.0008,0.765566664636135,10010880
5474de1f354e,bdh,propagate,2500,16,mild,"{""dim"": 1, ""distance"": 6, ""length"": 12, ""n_sources"": 1}",5,False,False,0,0.0,0.0,0.0,0.0,"[0.0, 0.0, 0.0, 0.0, 0.0]",0.0,0.0,0.0,0.7985666534185409,10010880
5474de1f354e,bdh,propagate,2500,16,mild,"{""dim"": 1, ""distance"": 8, ""length"": 12, ""n_sources"": 1}",5,False,False,0,0.0,0.0,0.0,0.0,"[0.0, 0.0, 0.0, 0.0, 0.0]",0.0,0.0,0.0,0.8021666529417038,10010880
5474de1f354e,bdh,propagate,5000,16,mild,"{""dim"": 1, ""distance"": 6, ""length"": 12, ""n_sources"": 1}",5,False,False,0,0.0004,0.0008,0.0,0.002,"[0.002, 0.0, 0.0, 0.0, 0.0]",0.0,0.0012000000000000001,0.0004,0.7884999908804893,10010880
5474de1f354e,bdh,propagate,5000,16,mild,"{""dim"": 1, ""distance"": 8, ""length"": 12, ""n_sources"": 1}",5,False,False,0,0.0004,0.0008,0.0,0.002,"[0.0, 0.002, 0.0, 0.0, 0.0]",0.0,0.0012000000000000001,0.0004,0.7739999903798103,10010880
5474de1f354e,bdh,propagate,7500,16,mild,"{""dim"": 1, ""distance"": 6, ""length"": 12, ""n_sources"": 1}",5,False,False,0,0.2424,0.1136337977892141,0.026,0.326,"[0.026, 0.31, 0.326, 0.23, 0.32]",0.12677,0.3204,0.2424,0.8965333377361298,10010880
5474de1f354e,bdh,propagate,7500,16,mild,"{""dim"": 1, ""distance"": 8, ""length"": 12, ""n_sources"": 1}",5,False,False,0,0.2144,0.10076030964620941,0.024,0.3,"[0.024, 0.3, 0.264, 0.202, 0.282]",0.11471000000000002,0.28559999999999997,0.2144,0.8821333371639252,10010880
5474de1f354e,bdh,propagate,10000,16,mild,"{""dim"": 1, ""distance"": 6, ""length"": 12, ""n_sources"": 1}",5,False,False,0,0.2852,0.16545017376841886,0.032,0.472,"[0.462, 0.032, 0.246, 0.472, 0.214]",0.15384,0.4204,0.2852,0.9109333375453949,10010880
5474de1f354e,bdh,propagate,10000,16,mild,"{""dim"": 1, ""distance"": 8, ""length"": 12, ""n_sources"": 1}",5,False,False,0,0.07,0.0764198926981712,0.0,0.198,"[0.116, 0.032, 0.198, 0.004, 0.0]",0.008000000000000002,0.1428,0.07,0.8539000023126603,10010880
5474de1f354e,bdh,propagate,12500,16,mild,"{""dim"": 1, ""distance"": 6, ""length"": 12, ""n_sources"": 1}",5,False,False,0,0.1736,0.1267147978730188,0.018,0.404,"[0.176, 0.018, 0.136, 0.404, 0.134]",0.0732,0.296,0.1736,0.8754333362817764,10010880
5474de1f354e,bdh,propagate,12500,16,mild,"{""dim"": 1, ""distance"": 8, ""length"": 12, ""n_sources"": 1}",5,False,False,0,0.0428,0.0599146058987289,0.0,0.16,"[0.032, 0.022, 0.16, 0.0, 0.0]",0.004399999999999999,0.1024,0.0428,0.8069999992609024,10010880
5474de1f354e,bdh,propagate,15000,16,mild,"{""dim"": 1, ""distance"": 6, ""length"": 12, ""n_sources"": 1}",5,False,False,0,0.2012,0.14227072783956649,0.006,0.44,"[0.166, 0.006, 0.148, 0.44, 0.246]",0.0824,0.3236799999999999,0.2012,0.8746000016689301,10010880
5474de1f354e,bdh,propagate,15000,16,mild,"{""dim"": 1, ""distance"": 8, ""length"": 12, ""n_sources"": 1}",5,False,False,0,0.0108,0.0206145579627602,0.0,0.052,"[0.0, 0.002, 0.052, 0.0, 0.0]",0.0,0.0316,0.0108,0.7823333327531813,10010880
5474de1f354e,bdh,propagate,17500,16,mild,"{""dim"": 1, ""distance"": 6, ""length"": 12, ""n_sources"": 1}",5,False,False,0,0.136,0.09767701879152536,0.016,0.296,"[0.15, 0.016, 0.054, 0.296, 0.164]",0.053200000000000004,0.21683999999999992,0.136,0.860333333826065,10010880
5474de1f354e,bdh,propagate,17500,16,mild,"{""dim"": 1, ""distance"": 8, ""length"": 12, ""n_sources"": 1}",5,False,False,0,0.0088,0.013181805642627265,0.0,0.034,"[0.0, 0.01, 0.034, 0.0, 0.0]",0.0,0.0224,0.0088,0.7721666656851769,10010880
5474de1f354e,bdh,propagate,20000,16,mild,"{""dim"": 1, ""distance"": 6, ""length"": 12, ""n_sources"": 1}",5,False,False,0,0.1416,0.1739995402292776,0.01,0.486,"[0.064, 0.01, 0.062, 0.486, 0.086]",0.03560000000000001,0.31641,0.1416,0.8523666656494141,10010880
5474de1f354e,bdh,propagate,20000,16,mild,"{""dim"": 1, ""distance"": 8, ""length"": 12, ""n_sources"": 1}",5,False,False,0,0.0064,0.009329523031752482,0.0,0.024,"[0.0, 0.008, 0.024, 0.0, 0.0]",0.0,0.016,0.0064,0.7607666651844978,10010880
5474de1f354e,bdh,propagate,22500,16,mild,"{""dim"": 1, ""distance"": 6, ""length"": 12, ""n_sources"": 1}",5,False,False,0,0.128,0.1384080922489722,0.006,0.384,"[0.02, 0.006, 0.156, 0.384, 0.074]",0.0252,0.26280000000000003,0.128,0.8431666673660277,10010880
5474de1f354e,bdh,propagate,22500,16,mild,"{""dim"": 1, ""distance"": 8, ""length"": 12, ""n_sources"": 1}",5,False,False,0,0.004399999999999999,0.00783836717690617,0.0,0.02,"[0.0, 0.02, 0.002, 0.0, 0.0]",0.0,0.0124,0.004399999999999999,0.7712999976754189,10010880
5474de1f354e,bdh,propagate,25000,16,mild,"{""dim"": 1, ""distance"": 6, ""length"": 12, ""n_sources"": 1}",5,False,False,0,0.1456,0.12153945861324214,0.006,0.354,"[0.07, 0.006, 0.098, 0.354, 0.2]",0.05,0.2536,0.1456,0.8453333328485491,10010880
5474de1f354e,bdh,propagate,25000,16,mild,"{""dim"": 1, ""distance"": 8, ""length"": 12, ""n_sources"": 1}",5,False,False,0,0.0016,0.0014966629547095765,0.0,0.004,"[0.0, 0.002, 0.004, 0.002, 0.0]",0.0004,0.0028,0.0016,0.7547333311676979,10010880
5474de1f354e,bdh,propagate,27500,16,mild,"{""dim"": 1, ""distance"": 6, ""length"": 12, ""n_sources"": 1}",5,False,False,0,0.12040000000000002,0.16019188493803302,0.004,0.438,"[0.04, 0.004, 0.052, 0.438, 0.068]",0.024000000000000004,0.28125999999999995,0.12040000000000002,0.8347333327531814,10010880
5474de1f354e,bdh,propagate,27500,16,mild,"{""dim"": 1, ""distance"": 8, ""length"": 12, ""n_sources"": 1}",5,False,False,0,0.0012000000000000001,0.0016,0.0,0.004,"[0.0, 0.004, 0.002, 0.0, 0.0]",0.0,0.0028,0.0012000000000000001,0.7379666661262512,10010880
5474de1f354e,bdh,propagate,30000,16,mild,"{""dim"": 1, ""distance"": 6, ""length"": 12, ""n_sources"": 1}",5,False,False,0,0.11280000000000001,0.14609914441912383,0.002,0.402,"[0.044, 0.002, 0.064, 0.402, 0.052]",0.0228,0.2604,0.11280000000000001,0.8309666651248933,10010880
5474de1f354e,bdh,propagate,30000,16,mild,"{""dim"": 1, ""distance"": 8, ""length"": 12, ""n_sources"": 1}",5,False,False,0,0.0004,0.0008,0.0,0.002,"[0.0, 0.002, 0.0, 0.0, 0.0]",0.0,0.0012000000000000001,0.0004,0.7385666651129723,10010880
5474de1f354e,bdh,propagate,32500,16,mild,"{""dim"": 1, ""distance"": 6, ""length"": 12, ""n_sources"": 1}",5,False,False,0,0.11400000000000002,0.1401656163258308,0.0,0.386,"[0.03, 0.0, 0.05, 0.386, 0.104]",0.022,0.2524,0.11400000000000002,0.8319666648864746,10010880
5474de1f354e,bdh,propagate,32500,16,mild,"{""dim"": 1, ""distance"": 8, ""length"": 12, ""n_sources"": 1}",5,False,False,0,0.0008,0.0009797958971132714,0.0,0.002,"[0.0, 0.002, 0.002, 0.0, 0.0]",0.0,0.0016,0.0008,0.7607999981641769,10010880
5474de1f354e,bdh,propagate,35000,16,mild,"{""dim"": 1, ""distance"": 6, ""length"": 12, ""n_sources"": 1}",5,False,False,0,0.10400000000000001,0.1239935482192521,0.0,0.344,"[0.03, 0.0, 0.05, 0.344, 0.096]",0.022,0.22562000000000001,0.10400000000000001,0.8310999984025955,10010880
5474de1f354e,bdh,propagate,35000,16,mild,"{""dim"": 1, ""distance"": 8, ""length"": 12, ""n_sources"": 1}",5,False,False,0,0.0012000000000000001,0.0016,0.0,0.004,"[0.0, 0.004, 0.002, 0.0, 0.0]",0.0,0.0028,0.0012000000000000001,0.7611333315134049,10010880
5474de1f354e,bdh,propagate,37500,16,mild,"{""dim"": 1, ""distance"": 6, ""length"": 12, ""n_sources"": 1}",5,False,False,0,0.10400000000000001,0.1156339050624859,0.0,0.328,"[0.038, 0.0, 0.072, 0.328, 0.082]",0.024,0.21884999999999993,0.10400000000000001,0.8312999989748,10010880
5474de1f354e,bdh,propagate,37500,16,mild,"{""dim"": 1, ""distance"": 8, ""length"": 12, ""n_sources"": 1}",5,False,False,0,0.0008,0.0016,0.0,0.004,"[0.0, 0.004, 0.0, 0.0, 0.0]",0.0,0.0024000000000000002,0.0008,0.7653666646599769,10010880
5474de1f354e,bdh,propagate,40000,16,mild,"{""dim"": 1, ""distance"": 6, ""length"": 12, ""n_sources"": 1}",5,False,False,0,0.10919999999999999,0.1285774474781639,0.0,0.36,"[0.038, 0.0, 0.062, 0.36, 0.086]",0.0248,0.23611999999999994,0.10919999999999999,0.8322666655778883,10010880
5474de1f354e,bdh,propagate,40000,16,mild,"{""dim"": 1, ""distance"": 8, ""length"": 12, ""n_sources"": 1}",5,False,False,0,0.0008,0.0016,0.0,0.004,"[0.0, 0.004, 0.0, 0.0, 0.0]",0.0,0.0024000000000000002,0.0008,0.765566664636135,10010880
5474de1f354e,bdh,propagate,40000,32,mild,"{""dim"": 1, ""distance"": 6, ""length"": 12, ""n_sources"": 1}",5,False,False,0,0.10919999999999999,0.1285774474781639,0.0,0.36,"[0.038, 0.0, 0.062, 0.36, 0.086]",0.0248,0.23611999999999994,0.10919999999999999,0.8322666655778883,10010880
5474de1f354e,bdh,propagate,40000,32,mild,"{""dim"": 1, ""distance"": 8, ""length"": 12, ""n_sources"": 1}",5,False,False,0,0.0008,0.0016,0.0,0.004,"[0.0, 0.004, 0.0, 0.0, 0.0]",0.0,0.0024000000000000002,0.0008,0.765566664636135,10010880
5474de1f354e,bdh,propagate,2500,1,strong,"{""dim"": 1, ""distance"": 12, ""length"": 48, ""n_sources"": 1}",5,False,False,0,0.0,0.0,0.0,0.0,"[0.0, 0.0, 0.0, 0.0, 0.0]",0.0,0.0,0.0,0.7503833206892013,10010880
5474de1f354e,bdh,propagate,2500,1,strong,"{""dim"": 1, ""distance"": 24, ""length"": 48, ""n_sources"": 1}",5,False,False,0,0.0,0.0,0.0,0.0,"[0.0, 0.0, 0.0, 0.0, 0.0]",0.0,0.0,0.0,0.6460000002503394,10010880
5474de1f354e,bdh,propagate,5000,1,strong,"{""dim"": 1, ""distance"": 12, ""length"": 48, ""n_sources"": 1}",5,False,False,0,0.0,0.0,0.0,0.0,"[0.0, 0.0, 0.0, 0.0, 0.0]",0.0,0.0,0.0,0.7205833163738251,10010880
5474de1f354e,bdh,propagate,5000,1,strong,"{""dim"": 1, ""distance"": 24, ""length"": 48, ""n_sources"": 1}",5,False,False,0,0.0,0.0,0.0,0.0,"[0.0, 0.0, 0.0, 0.0, 0.0]",0.0,0.0,0.0,0.5636333367466927,10010880
5474de1f354e,bdh,propagate,7500,1,strong,"{""dim"": 1, ""distance"": 12, ""length"": 48, ""n_sources"": 1}",5,False,False,0,0.0,0.0,0.0,0.0,"[0.0, 0.0, 0.0, 0.0, 0.0]",0.0,0.0,0.0,0.7711166554927825,10010880
5474de1f354e,bdh,propagate,7500,1,strong,"{""dim"": 1, ""distance"": 24, ""length"": 48, ""n_sources"": 1}",5,False,False,0,0.0,0.0,0.0,0.0,"[0.0, 0.0, 0.0, 0.0, 0.0]",0.0,0.0,0.0,0.6908750003576278,10010880
5474de1f354e,bdh,propagate,10000,1,strong,"{""dim"": 1, ""distance"": 12, ""length"": 48, ""n_sources"": 1}",5,False,False,0,0.0,0.0,0.0,0.0,"[0.0, 0.0, 0.0, 0.0, 0.0]",0.0,0.0,0.0,0.754358320736885,10010880
5474de1f354e,bdh,propagate,10000,1,strong,"{""dim"": 1, ""distance"": 24, ""length"": 48, ""n_sources"": 1}",5,False,False,0,0.0,0.0,0.0,0.0,"[0.0, 0.0, 0.0, 0.0, 0.0]",0.0,0.0,0.0,0.6330583339214325,10010880
5474de1f354e,bdh,propagate,12500,1,strong,"{""dim"": 1, ""distance"": 12, ""length"": 48, ""n_sources"": 1}",5,False,False,0,0.0,0.0,0.0,0.0,"[0.0, 0.0, 0.0, 0.0, 0.0]",0.0,0.0,0.0,0.7668333235502243,10010880
5474de1f354e,bdh,propagate,12500,1,strong,"{""dim"": 1, ""distance"": 24, ""length"": 48, ""n_sources"": 1}",5,False,False,0,0.0,0.0,0.0,0.0,"[0.0, 0.0, 0.0, 0.0, 0.0]",0.0,0.0,0.0,0.6553000000476837,10010880
5474de1f354e,bdh,propagate,15000,1,strong,"{""dim"": 1, ""distance"": 12, ""length"": 48, ""n_sources"": 1}",5,False,False,0,0.0,0.0,0.0,0.0,"[0.0, 0.0, 0.0, 0.0, 0.0]",0.0,0.0,0.0,0.7639666589066385,10010880
5474de1f354e,bdh,propagate,15000,1,strong,"{""dim"": 1, ""distance"": 24, ""length"": 48, ""n_sources"": 1}",5,False,False,0,0.0,0.0,0.0,0.0,"[0.0, 0.0, 0.0, 0.0, 0.0]",0.0,0.0,0.0,0.6386250000439584,10010880
5474de1f354e,bdh,propagate,17500,1,strong,"{""dim"": 1, ""distance"": 12, ""length"": 48, ""n_sources"": 1}",5,False,False,0,0.0,0.0,0.0,0.0,"[0.0, 0.0, 0.0, 0.0, 0.0]",0.0,0.0,0.0,0.7671583274364473,10010880
5474de1f354e,bdh,propagate,17500,1,strong,"{""dim"": 1, ""distance"": 24, ""length"": 48, ""n_sources"": 1}",5,False,False,0,0.0,0.0,0.0,0.0,"[0.0, 0.0, 0.0, 0.0, 0.0]",0.0,0.0,0.0,0.6350666666030884,10010880
5474de1f354e,bdh,propagate,20000,1,strong,"{""dim"": 1, ""distance"": 12, ""length"": 48, ""n_sources"": 1}",5,False,False,0,0.0,0.0,0.0,0.0,"[0.0, 0.0, 0.0, 0.0, 0.0]",0.0,0.0,0.0,0.7905499968931079,10010880
5474de1f354e,bdh,propagate,20000,1,strong,"{""dim"": 1, ""distance"": 24, ""length"": 48, ""n_sources"": 1}",5,False,False,0,0.0,0.0,0.0,0.0,"[0.0, 0.0, 0.0, 0.0, 0.0]",0.0,0.0,0.0,0.6905416667342185,10010880
5474de1f354e,bdh,propagate,22500,1,strong,"{""dim"": 1, ""distance"": 12, ""length"": 48, ""n_sources"": 1}",5,False,False,0,0.0,0.0,0.0,0.0,"[0.0, 0.0, 0.0, 0.0, 0.0]",0.0,0.0,0.0,0.7878083306789398,10010880
5474de1f354e,bdh,propagate,22500,1,strong,"{""dim"": 1, ""distance"": 24, ""length"": 48, ""n_sources"": 1}",5,False,False,0,0.0,0.0,0.0,0.0,"[0.0, 0.0, 0.0, 0.0, 0.0]",0.0,0.0,0.0,0.6759083330631256,10010880
5474de1f354e,bdh,propagate,25000,1,strong,"{""dim"": 1, ""distance"": 12, ""length"": 48, ""n_sources"": 1}",5,False,False,0,0.0,0.0,0.0,0.0,"[0.0, 0.0, 0.0, 0.0, 0.0]",0.0,0.0,0.0,0.7940749974012375,10010880
5474de1f354e,bdh,propagate,25000,1,strong,"{""dim"": 1, ""distance"": 24, ""length"": 48, ""n_sources"": 1}",5,False,False,0,0.0,0.0,0.0,0.0,"[0.0, 0.0, 0.0, 0.0, 0.0]",0.0,0.0,0.0,0.6954416669249535,10010880
5474de1f354e,bdh,propagate,27500,1,strong,"{""dim"": 1, ""distance"": 12, ""length"": 48, ""n_sources"": 1}",5,False,False,0,0.0,0.0,0.0,0.0,"[0.0, 0.0, 0.0, 0.0, 0.0]",0.0,0.0,0.0,0.7831166634559632,10010880
5474de1f354e,bdh,propagate,27500,1,strong,"{""dim"": 1, ""distance"": 24, ""length"": 48, ""n_sources"": 1}",5,False,False,0,0.0,0.0,0.0,0.0,"[0.0, 0.0, 0.0, 0.0, 0.0]",0.0,0.0,0.0,0.6588333331227303,10010880
5474de1f354e,bdh,propagate,30000,1,strong,"{""dim"": 1, ""distance"": 12, ""length"": 48, ""n_sources"": 1}",5,False,False,0,0.0,0.0,0.0,0.0,"[0.0, 0.0, 0.0, 0.0, 0.0]",0.0,0.0,0.0,0.7859833302021026,10010880
5474de1f354e,bdh,propagate,30000,1,strong,"{""dim"": 1, ""distance"": 24, ""length"": 48, ""n_sources"": 1}",5,False,False,0,0.0,0.0,0.0,0.0,"[0.0, 0.0, 0.0, 0.0, 0.0]",0.0,0.0,0.0,0.6693999998688698,10010880
5474de1f354e,bdh,propagate,32500,1,strong,"{""dim"": 1, ""distance"": 12, ""length"": 48, ""n_sources"": 1}",5,False,False,0,0.0,0.0,0.0,0.0,"[0.0, 0.0, 0.0, 0.0, 0.0]",0.0,0.0,0.0,0.7831499972820282,10010880
5474de1f354e,bdh,propagate,32500,1,strong,"{""dim"": 1, ""distance"": 24, ""length"": 48, ""n_sources"": 1}",5,False,False,0,0.0,0.0,0.0,0.0,"[0.0, 0.0, 0.0, 0.0, 0.0]",0.0,0.0,0.0,0.6671499999761582,10010880
5474de1f354e,bdh,propagate,35000,1,strong,"{""dim"": 1, ""distance"": 12, ""length"": 48, ""n_sources"": 1}",5,False,False,0,0.0,0.0,0.0,0.0,"[0.0, 0.0, 0.0, 0.0, 0.0]",0.0,0.0,0.0,0.7841999971151352,10010880
5474de1f354e,bdh,propagate,35000,1,strong,"{""dim"": 1, ""distance"": 24, ""length"": 48, ""n_sources"": 1}",5,False,False,0,0.0,0.0,0.0,0.0,"[0.0, 0.0, 0.0, 0.0, 0.0]",0.0,0.0,0.0,0.6676666668176651,10010880
5474de1f354e,bdh,propagate,37500,1,strong,"{""dim"": 1, ""distance"": 12, ""length"": 48, ""n_sources"": 1}",5,False,False,0,0.0,0.0,0.0,0.0,"[0.0, 0.0, 0.0, 0.0, 0.0]",0.0,0.0,0.0,0.7850666640520095,10010880
5474de1f354e,bdh,propagate,37500,1,strong,"{""dim"": 1, ""distance"": 24, ""length"": 48, ""n_sources"": 1}",5,False,False,0,0.0,0.0,0.0,0.0,"[0.0, 0.0, 0.0, 0.0, 0.0]",0.0,0.0,0.0,0.6693250002622604,10010880
5474de1f354e,bdh,propagate,40000,1,strong,"{""dim"": 1, ""distance"": 12, ""length"": 48, ""n_sources"": 1}",5,False,False,0,0.0,0.0,0.0,0.0,"[0.0, 0.0, 0.0, 0.0, 0.0]",0.0,0.0,0.0,0.7845666637659072,10010880
5474de1f354e,bdh,propagate,40000,1,strong,"{""dim"": 1, ""distance"": 24, ""length"": 48, ""n_sources"": 1}",5,False,False,0,0.0,0.0,0.0,0.0,"[0.0, 0.0, 0.0, 0.0, 0.0]",0.0,0.0,0.0,0.6678166669487954,10010880
5474de1f354e,bdh,propagate,40000,2,strong,"{""dim"": 1, ""distance"": 12, ""length"": 48, ""n_sources"": 1}",5,False,False,0,0.0,0.0,0.0,0.0,"[0.0, 0.0, 0.0, 0.0, 0.0]",0.0,0.0,0.0,0.7845666637659072,10010880
5474de1f354e,bdh,propagate,40000,2,strong,"{""dim"": 1, ""distance"": 24, ""length"": 48, ""n_sources"": 1}",5,False,False,0,0.0,0.0,0.0,0.0,"[0.0, 0.0, 0.0, 0.0, 0.0]",0.0,0.0,0.0,0.6678166669487954,10010880
5474de1f354e,bdh,propagate,2500,4,strong,"{""dim"": 1, ""distance"": 12, ""length"": 48, ""n_sources"": 1}",5,False,False,0,0.0,0.0,0.0,0.0,"[0.0, 0.0, 0.0, 0.0, 0.0]",0.0,0.0,0.0,0.7503833206892013,10010880
5474de1f354e,bdh,propagate,2500,4,strong,"{""dim"": 1, ""distance"": 24, ""length"": 48, ""n_sources"": 1}",5,False,False,0,0.0,0.0,0.0,0.0,"[0.0, 0.0, 0.0, 0.0, 0.0]",0.0,0.0,0.0,0.6460000002503394,10010880
5474de1f354e,bdh,propagate,5000,4,strong,"{""dim"": 1, ""distance"": 12, ""length"": 48, ""n_sources"": 1}",5,False,False,0,0.0,0.0,0.0,0.0,"[0.0, 0.0, 0.0, 0.0, 0.0]",0.0,0.0,0.0,0.7205833163738251,10010880
5474de1f354e,bdh,propagate,5000,4,strong,"{""dim"": 1, ""distance"": 24, ""length"": 48, ""n_sources"": 1}",5,False,False,0,0.0,0.0,0.0,0.0,"[0.0, 0.0, 0.0, 0.0, 0.0]",0.0,0.0,0.0,0.5636333367466927,10010880
5474de1f354e,bdh,propagate,7500,4,strong,"{""dim"": 1, ""distance"": 12, ""length"": 48, ""n_sources"": 1}",5,False,False,0,0.0,0.0,0.0,0.0,"[0.0, 0.0, 0.0, 0.0, 0.0]",0.0,0.0,0.0,0.7711166554927825,10010880
5474de1f354e,bdh,propagate,7500,4,strong,"{""dim"": 1, ""distance"": 24, ""length"": 48, ""n_sources"": 1}",5,False,False,0,0.0,0.0,0.0,0.0,"[0.0, 0.0, 0.0, 0.0, 0.0]",0.0,0.0,0.0,0.6908750003576278,10010880
5474de1f354e,bdh,propagate,10000,4,strong,"{""dim"": 1, ""distance"": 12, ""length"": 48, ""n_sources"": 1}",5,False,False,0,0.0,0.0,0.0,0.0,"[0.0, 0.0, 0.0, 0.0, 0.0]",0.0,0.0,0.0,0.754358320736885,10010880
5474de1f354e,bdh,propagate,10000,4,strong,"{""dim"": 1, ""distance"": 24, ""length"": 48, ""n_sources"": 1}",5,False,False,0,0.0,0.0,0.0,0.0,"[0.0, 0.0, 0.0, 0.0, 0.0]",0.0,0.0,0.0,0.6330583339214325,10010880
5474de1f354e,bdh,propagate,12500,4,strong,"{""dim"": 1, ""distance"": 12, ""length"": 48, ""n_sources"": 1}",5,False,False,0,0.0,0.0,0.0,0.0,"[0.0, 0.0, 0.0, 0.0, 0.0]",0.0,0.0,0.0,0.7668333235502243,10010880
5474de1f354e,bdh,propagate,12500,4,strong,"{""dim"": 1, ""distance"": 24, ""length"": 48, ""n_sources"": 1}",5,False,False,0,0.0,0.0,0.0,0.0,"[0.0, 0.0, 0.0, 0.0, 0.0]",0.0,0.0,0.0,0.6553000000476837,10010880
5474de1f354e,bdh,propagate,15000,4,strong,"{""dim"": 1, ""distance"": 12, ""length"": 48, ""n_sources"": 1}",5,False,False,0,0.0,0.0,0.0,0.0,"[0.0, 0.0, 0.0, 0.0, 0.0]",0.0,0.0,0.0,0.7639666589066385,10010880
5474de1f354e,bdh,propagate,15000,4,strong,"{""dim"": 1, ""distance"": 24, ""length"": 48, ""n_sources"": 1}",5,False,False,0,0.0,0.0,0.0,0.0,"[0.0, 0.0, 0.0, 0.0, 0.0]",0.0,0.0,0.0,0.6386250000439584,10010880
5474de1f354e,bdh,propagate,17500,4,strong,"{""dim"": 1, ""distance"": 12, ""length"": 48, ""n_sources"": 1}",5,False,False,0,0.0,0.0,0.0,0.0,"[0.0, 0.0, 0.0, 0.0, 0.0]",0.0,0.0,0.0,0.7671583274364473,10010880
5474de1f354e,bdh,propagate,17500,4,strong,"{""dim"": 1, ""distance"": 24, ""length"": 48, ""n_sources"": 1}",5,False,False,0,0.0,0.0,0.0,0.0,"[0.0, 0.0, 0.0, 0.0, 0.0]",0.0,0.0,0.0,0.6350666666030884,10010880
5474de1f354e,bdh,propagate,20000,4,strong,"{""dim"": 1, ""distance"": 12, ""length"": 48, ""n_sources"": 1}",5,False,False,0,0.0,0.0,0.0,0.0,"[0.0, 0.0, 0.0, 0.0, 0.0]",0.0,0.0,0.0,0.7905499968931079,10010880
5474de1f354e,bdh,propagate,20000,4,strong,"{""dim"": 1, ""distance"": 24, ""length"": 48, ""n_sources"": 1}",5,False,False,0,0.0,0.0,0.0,0.0,"[0.0, 0.0, 0.0, 0.0, 0.0]",0.0,0.0,0.0,0.6905416667342185,10010880
5474de1f354e,bdh,propagate,22500,4,strong,"{""dim"": 1, ""distance"": 12, ""length"": 48, ""n_sources"": 1}",5,False,False,0,0.0,0.0,0.0,0.0,"[0.0, 0.0, 0.0, 0.0, 0.0]",0.0,0.0,0.0,0.7878083306789398,10010880
5474de1f354e,bdh,propagate,22500,4,strong,"{""dim"": 1, ""distance"": 24, ""length"": 48, ""n_sources"": 1}",5,False,False,0,0.0,0.0,0.0,0.0,"[0.0, 0.0, 0.0, 0.0, 0.0]",0.0,0.0,0.0,0.6759083330631256,10010880
5474de1f354e,bdh,propagate,25000,4,strong,"{""dim"": 1, ""distance"": 12, ""length"": 48, ""n_sources"": 1}",5,False,False,0,0.0,0.0,0.0,0.0,"[0.0, 0.0, 0.0, 0.0, 0.0]",0.0,0.0,0.0,0.7940749974012375,10010880
5474de1f354e,bdh,propagate,25000,4,strong,"{""dim"": 1, ""distance"": 24, ""length"": 48, ""n_sources"": 1}",5,False,False,0,0.0,0.0,0.0,0.0,"[0.0, 0.0, 0.0, 0.0, 0.0]",0.0,0.0,0.0,0.6954416669249535,10010880
5474de1f354e,bdh,propagate,27500,4,strong,"{""dim"": 1, ""distance"": 12, ""length"": 48, ""n_sources"": 1}",5,False,False,0,0.0,0.0,0.0,0.0,"[0.0, 0.0, 0.0, 0.0, 0.0]",0.0,0.0,0.0,0.7831166634559632,10010880
5474de1f354e,bdh,propagate,27500,4,strong,"{""dim"": 1, ""distance"": 24, ""length"": 48, ""n_sources"": 1}",5,False,False,0,0.0,0.0,0.0,0.0,"[0.0, 0.0, 0.0, 0.0, 0.0]",0.0,0.0,0.0,0.6588333331227303,10010880
5474de1f354e,bdh,propagate,30000,4,strong,"{""dim"": 1, ""distance"": 12, ""length"": 48, ""n_sources"": 1}",5,False,False,0,0.0,0.0,0.0,0.0,"[0.0, 0.0, 0.0, 0.0, 0.0]",0.0,0.0,0.0,0.7859833302021026,10010880
5474de1f354e,bdh,propagate,30000,4,strong,"{""dim"": 1, ""distance"": 24, ""length"": 48, ""n_sources"": 1}",5,False,False,0,0.0,0.0,0.0,0.0,"[0.0, 0.0, 0.0, 0.0, 0.0]",0.0,0.0,0.0,0.6693999998688698,10010880
5474de1f354e,bdh,propagate,32500,4,strong,"{""dim"": 1, ""distance"": 12, ""length"": 48, ""n_sources"": 1}",5,False,False,0,0.0,0.0,0.0,0.0,"[0.0, 0.0, 0.0, 0.0, 0.0]",0.0,0.0,0.0,0.7831499972820282,10010880
5474de1f354e,bdh,propagate,32500,4,strong,"{""dim"": 1, ""distance"": 24, ""length"": 48, ""n_sources"": 1}",5,False,False,0,0.0,0.0,0.0,0.0,"[0.0, 0.0, 0.0, 0.0, 0.0]",0.0,0.0,0.0,0.6671499999761582,10010880
5474de1f354e,bdh,propagate,35000,4,strong,"{""dim"": 1, ""distance"": 12, ""length"": 48, ""n_sources"": 1}",5,False,False,0,0.0,0.0,0.0,0.0,"[0.0, 0.0, 0.0, 0.0, 0.0]",0.0,0.0,0.0,0.7841999971151352,10010880
5474de1f354e,bdh,propagate,35000,4,strong,"{""dim"": 1, ""distance"": 24, ""length"": 48, ""n_sources"": 1}",5,False,False,0,0.0,0.0,0.0,0.0,"[0.0, 0.0, 0.0, 0.0, 0.0]",0.0,0.0,0.0,0.6676666668176651,10010880
5474de1f354e,bdh,propagate,37500,4,strong,"{""dim"": 1, ""distance"": 12, ""length"": 48, ""n_sources"": 1}",5,False,False,0,0.0,0.0,0.0,0.0,"[0.0, 0.0, 0.0, 0.0, 0.0]",0.0,0.0,0.0,0.7850666640520095,10010880
5474de1f354e,bdh,propagate,37500,4,strong,"{""dim"": 1, ""distance"": 24, ""length"": 48, ""n_sources"": 1}",5,False,False,0,0.0,0.0,0.0,0.0,"[0.0, 0.0, 0.0, 0.0, 0.0]",0.0,0.0,0.0,0.6693250002622604,10010880
5474de1f354e,bdh,propagate,40000,4,strong,"{""dim"": 1, ""distance"": 12, ""length"": 48, ""n_sources"": 1}",5,False,False,0,0.0,0.0,0.0,0.0,"[0.0, 0.0, 0.0, 0.0, 0.0]",0.0,0.0,0.0,0.7845666637659072,10010880
5474de1f354e,bdh,propagate,40000,4,strong,"{""dim"": 1, ""distance"": 24, ""length"": 48, ""n_sources"": 1}",5,False,False,0,0.0,0.0,0.0,0.0,"[0.0, 0.0, 0.0, 0.0, 0.0]",0.0,0.0,0.0,0.6678166669487954,10010880
5474de1f354e,bdh,propagate,40000,8,strong,"{""dim"": 1, ""distance"": 12, ""length"": 48, ""n_sources"": 1}",5,False,False,0,0.0,0.0,0.0,0.0,"[0.0, 0.0, 0.0, 0.0, 0.0]",0.0,0.0,0.0,0.7845666637659072,10010880
5474de1f354e,bdh,propagate,40000,8,strong,"{""dim"": 1, ""distance"": 24, ""length"": 48, ""n_sources"": 1}",5,False,False,0,0.0,0.0,0.0,0.0,"[0.0, 0.0, 0.0, 0.0, 0.0]",0.0,0.0,0.0,0.6678166669487954,10010880
5474de1f354e,bdh,propagate,2500,16,strong,"{""dim"": 1, ""distance"": 12, ""length"": 48, ""n_sources"": 1}",5,False,False,0,0.0,0.0,0.0,0.0,"[0.0, 0.0, 0.0, 0.0, 0.0]",0.0,0.0,0.0,0.7503833206892013,10010880
5474de1f354e,bdh,propagate,2500,16,strong,"{""dim"": 1, ""distance"": 24, ""length"": 48, ""n_sources"": 1}",5,False,False,0,0.0,0.0,0.0,0.0,"[0.0, 0.0, 0.0, 0.0, 0.0]",0.0,0.0,0.0,0.6460000002503394,10010880
5474de1f354e,bdh,propagate,5000,16,strong,"{""dim"": 1, ""distance"": 12, ""length"": 48, ""n_sources"": 1}",5,False,False,0,0.0,0.0,0.0,0.0,"[0.0, 0.0, 0.0, 0.0, 0.0]",0.0,0.0,0.0,0.7205833163738251,10010880
5474de1f354e,bdh,propagate,5000,16,strong,"{""dim"": 1, ""distance"": 24, ""length"": 48, ""n_sources"": 1}",5,False,False,0,0.0,0.0,0.0,0.0,"[0.0, 0.0, 0.0, 0.0, 0.0]",0.0,0.0,0.0,0.5636333367466927,10010880
5474de1f354e,bdh,propagate,7500,16,strong,"{""dim"": 1, ""distance"": 12, ""length"": 48, ""n_sources"": 1}",5,False,False,0,0.0,0.0,0.0,0.0,"[0.0, 0.0, 0.0, 0.0, 0.0]",0.0,0.0,0.0,0.7711166554927825,10010880
5474de1f354e,bdh,propagate,7500,16,strong,"{""dim"": 1, ""distance"": 24, ""length"": 48, ""n_sources"": 1}",5,False,False,0,0.0,0.0,0.0,0.0,"[0.0, 0.0, 0.0, 0.0, 0.0]",0.0,0.0,0.0,0.6908750003576278,10010880
5474de1f354e,bdh,propagate,10000,16,strong,"{""dim"": 1, ""distance"": 12, ""length"": 48, ""n_sources"": 1}",5,False,False,0,0.0,0.0,0.0,0.0,"[0.0, 0.0, 0.0, 0.0, 0.0]",0.0,0.0,0.0,0.754358320736885,10010880
5474de1f354e,bdh,propagate,10000,16,strong,"{""dim"": 1, ""distance"": 24, ""length"": 48, ""n_sources"": 1}",5,False,False,0,0.0,0.0,0.0,0.0,"[0.0, 0.0, 0.0, 0.0, 0.0]",0.0,0.0,0.0,0.6330583339214325,10010880
5474de1f354e,bdh,propagate,12500,16,strong,"{""dim"": 1, ""distance"": 12, ""length"": 48, ""n_sources"": 1}",5,False,False,0,0.0,0.0,0.0,0.0,"[0.0, 0.0, 0.0, 0.0, 0.0]",0.0,0.0,0.0,0.7668333235502243,10010880
5474de1f354e,bdh,propagate,12500,16,strong,"{""dim"": 1, ""distance"": 24, ""length"": 48, ""n_sources"": 1}",5,False,False,0,0.0,0.0,0.0,0.0,"[0.0, 0.0, 0.0, 0.0, 0.0]",0.0,0.0,0.0,0.6553000000476837,10010880
5474de1f354e,bdh,propagate,15000,16,strong,"{""dim"": 1, ""distance"": 12, ""length"": 48, ""n_sources"": 1}",5,False,False,0,0.0,0.0,0.0,0.0,"[0.0, 0.0, 0.0, 0.0, 0.0]",0.0,0.0,0.0,0.7639666589066385,10010880
5474de1f354e,bdh,propagate,15000,16,strong,"{""dim"": 1, ""distance"": 24, ""length"": 48, ""n_sources"": 1}",5,False,False,0,0.0,0.0,0.0,0.0,"[0.0, 0.0, 0.0, 0.0, 0.0]",0.0,0.0,0.0,0.6386250000439584,10010880
5474de1f354e,bdh,propagate,17500,16,strong,"{""dim"": 1, ""distance"": 12, ""length"": 48, ""n_sources"": 1}",5,False,False,0,0.0,0.0,0.0,0.0,"[0.0, 0.0, 0.0, 0.0, 0.0]",0.0,0.0,0.0,0.7671583274364473,10010880
5474de1f354e,bdh,propagate,17500,16,strong,"{""dim"": 1, ""distance"": 24, ""length"": 48, ""n_sources"": 1}",5,False,False,0,0.0,0.0,0.0,0.0,"[0.0, 0.0, 0.0, 0.0, 0.0]",0.0,0.0,0.0,0.6350666666030884,10010880
5474de1f354e,bdh,propagate,20000,16,strong,"{""dim"": 1, ""distance"": 12, ""length"": 48, ""n_sources"": 1}",5,False,False,0,0.0,0.0,0.0,0.0,"[0.0, 0.0, 0.0, 0.0, 0.0]",0.0,0.0,0.0,0.7905499968931079,10010880
5474de1f354e,bdh,propagate,20000,16,strong,"{""dim"": 1, ""distance"": 24, ""length"": 48, ""n_sources"": 1}",5,False,False,0,0.0,0.0,0.0,0.0,"[0.0, 0.0, 0.0, 0.0, 0.0]",0.0,0.0,0.0,0.6905416667342185,10010880
5474de1f354e,bdh,propagate,22500,16,strong,"{""dim"": 1, ""distance"": 12, ""length"": 48, ""n_sources"": 1}",5,False,False,0,0.0,0.0,0.0,0.0,"[0.0, 0.0, 0.0, 0.0, 0.0]",0.0,0.0,0.0,0.7878083306789398,10010880
5474de1f354e,bdh,propagate,22500,16,strong,"{""dim"": 1, ""distance"": 24, ""length"": 48, ""n_sources"": 1}",5,False,False,0,0.0,0.0,0.0,0.0,"[0.0, 0.0, 0.0, 0.0, 0.0]",0.0,0.0,0.0,0.6759083330631256,10010880
5474de1f354e,bdh,propagate,25000,16,strong,"{""dim"": 1, ""distance"": 12, ""length"": 48, ""n_sources"": 1}",5,False,False,0,0.0,0.0,0.0,0.0,"[0.0, 0.0, 0.0, 0.0, 0.0]",0.0,0.0,0.0,0.7940749974012375,10010880
5474de1f354e,bdh,propagate,25000,16,strong,"{""dim"": 1, ""distance"": 24, ""length"": 48, ""n_sources"": 1}",5,False,False,0,0.0,0.0,0.0,0.0,"[0.0, 0.0, 0.0, 0.0, 0.0]",0.0,0.0,0.0,0.6954416669249535,10010880
5474de1f354e,bdh,propagate,27500,16,strong,"{""dim"": 1, ""distance"": 12, ""length"": 48, ""n_sources"": 1}",5,False,False,0,0.0,0.0,0.0,0.0,"[0.0, 0.0, 0.0, 0.0, 0.0]",0.0,0.0,0.0,0.7831166634559632,10010880
5474de1f354e,bdh,propagate,27500,16,strong,"{""dim"": 1, ""distance"": 24, ""length"": 48, ""n_sources"": 1}",5,False,False,0,0.0,0.0,0.0,0.0,"[0.0, 0.0, 0.0, 0.0, 0.0]",0.0,0.0,0.0,0.6588333331227303,10010880
5474de1f354e,bdh,propagate,30000,16,strong,"{""dim"": 1, ""distance"": 12, ""length"": 48, ""n_sources"": 1}",5,False,False,0,0.0,0.0,0.0,0.0,"[0.0, 0.0, 0.0, 0.0, 0.0]",0.0,0.0,0.0,0.7859833302021026,10010880
5474de1f354e,bdh,propagate,30000,16,strong,"{""dim"": 1, ""distance"": 24, ""length"": 48, ""n_sources"": 1}",5,False,False,0,0.0,0.0,0.0,0.0,"[0.0, 0.0, 0.0, 0.0, 0.0]",0.0,0.0,0.0,0.6693999998688698,10010880
5474de1f354e,bdh,propagate,32500,16,strong,"{""dim"": 1, ""distance"": 12, ""length"": 48, ""n_sources"": 1}",5,False,False,0,0.0,0.0,0.0,0.0,"[0.0, 0.0, 0.0, 0.0, 0.0]",0.0,0.0,0.0,0.7831499972820282,10010880
5474de1f354e,bdh,propagate,32500,16,strong,"{""dim"": 1, ""distance"": 24, ""length"": 48, ""n_sources"": 1}",5,False,False,0,0.0,0.0,0.0,0.0,"[0.0, 0.0, 0.0, 0.0, 0.0]",0.0,0.0,0.0,0.6671499999761582,10010880
5474de1f354e,bdh,propagate,35000,16,strong,"{""dim"": 1, ""distance"": 12, ""length"": 48, ""n_sources"": 1}",5,False,False,0,0.0,0.0,0.0,0.0,"[0.0, 0.0, 0.0, 0.0, 0.0]",0.0,0.0,0.0,0.7841999971151352,10010880
5474de1f354e,bdh,propagate,35000,16,strong,"{""dim"": 1, ""distance"": 24, ""length"": 48, ""n_sources"": 1}",5,False,False,0,0.0,0.0,0.0,0.0,"[0.0, 0.0, 0.0, 0.0, 0.0]",0.0,0.0,0.0,0.6676666668176651,10010880
5474de1f354e,bdh,propagate,37500,16,strong,"{""dim"": 1, ""distance"": 12, ""length"": 48, ""n_sources"": 1}",5,False,False,0,0.0,0.0,0.0,0.0,"[0.0, 0.0, 0.0, 0.0, 0.0]",0.0,0.0,0.0,0.7850666640520095,10010880
5474de1f354e,bdh,propagate,37500,16,strong,"{""dim"": 1, ""distance"": 24, ""length"": 48, ""n_sources"": 1}",5,False,False,0,0.0,0.0,0.0,0.0,"[0.0, 0.0, 0.0, 0.0, 0.0]",0.0,0.0,0.0,0.6693250002622604,10010880
5474de1f354e,bdh,propagate,40000,16,strong,"{""dim"": 1, ""distance"": 12, ""length"": 48, ""n_sources"": 1}",5,False,False,0,0.0,0.0,0.0,0.0,"[0.0, 0.0, 0.0, 0.0, 0.0]",0.0,0.0,0.0,0.7845666637659072,10010880
5474de1f354e,bdh,propagate,40000,16,strong,"{""dim"": 1, ""distance"": 24, ""length"": 48, ""n_sources"": 1}",5,False,False,0,0.0,0.0,0.0,0.0,"[0.0, 0.0, 0.0, 0.0, 0.0]",0.0,0.0,0.0,0.6678166669487954,10010880
5474de1f354e,bdh,propagate,40000,32,strong,"{""dim"": 1, ""distance"": 12, ""length"": 48, ""n_sources"": 1}",5,False,False,0,0.0,0.0,0.0,0.0,"[0.0, 0.0, 0.0, 0.0, 0.0]",0.0,0.0,0.0,0.7845666637659072,10010880
5474de1f354e,bdh,propagate,40000,32,strong,"{""dim"": 1, ""distance"": 24, ""length"": 48, ""n_sources"": 1}",5,False,False,0,0.0,0.0,0.0,0.0,"[0.0, 0.0, 0.0, 0.0, 0.0]",0.0,0.0,0.0,0.6678166669487954,10010880
f0b8b7c55f92,bdh_cq,propagate,2500,1,interp,"{""dim"": 1, ""distance"": 1, ""length"": 12, ""n_sources"": 1}",5,False,False,0,0.0,0.0,0.0,0.0,"[0.0, 0.0, 0.0, 0.0, 0.0]",0.0,0.0,0.0,0.7951596698718156,10010880
f0b8b7c55f92,bdh_cq,propagate,2500,1,interp,"{""dim"": 1, ""distance"": 2, ""length"": 12, ""n_sources"": 1}",5,False,False,0,0.0,0.0,0.0,0.0,"[0.0, 0.0, 0.0, 0.0, 0.0]",0.0,0.0,0.0,0.7890390295166153,10010880
f0b8b7c55f92,bdh_cq,propagate,2500,1,interp,"{""dim"": 1, ""distance"": 4, ""length"": 12, ""n_sources"": 1}",5,False,False,0,0.0,0.0,0.0,0.0,"[0.0, 0.0, 0.0, 0.0, 0.0]",0.0,0.0,0.0,0.7849349241714936,10010880
f0b8b7c55f92,bdh_cq,propagate,5000,1,interp,"{""dim"": 1, ""distance"": 1, ""length"": 12, ""n_sources"": 1}",5,False,False,0,0.0,0.0,0.0,0.0,"[0.0, 0.0, 0.0, 0.0, 0.0]",0.0,0.0,0.0,0.7977045777270537,10010880
f0b8b7c55f92,bdh_cq,propagate,5000,1,interp,"{""dim"": 1, ""distance"": 2, ""length"": 12, ""n_sources"": 1}",5,False,False,0,0.0,0.0,0.0,0.0,"[0.0, 0.0, 0.0, 0.0, 0.0]",0.0,0.0,0.0,0.8008508383690774,10010880
f0b8b7c55f92,bdh_cq,propagate,5000,1,interp,"{""dim"": 1, ""distance"": 4, ""length"": 12, ""n_sources"": 1}",5,False,False,0,0.0,0.0,0.0,0.0,"[0.0, 0.0, 0.0, 0.0, 0.0]",0.0,0.0,0.0,0.8003002868221328,10010880
f0b8b7c55f92,bdh_cq,propagate,7500,1,interp,"{""dim"": 1, ""distance"": 1, ""length"": 12, ""n_sources"": 1}",5,False,False,0,0.011377245508982036,0.01126639983366873,0.0,0.03293413173652695,"[0.03293413173652695, 0.008982035928143712, 0.008982035928143712, 0.005988023952095809, 0.0]",0.003592814371257485,0.022170658682634722,0.011377245508982036,0.8136227456217041,10010880
f0b8b7c55f92,bdh_cq,propagate,7500,1,interp,"{""dim"": 1, ""distance"": 2, ""length"": 12, ""n_sources"": 1}",5,False,False,0,0.005405405405405406,0.004413495032041762,0.0,0.012012012012012012,"[0.009009009009009009, 0.012012012012012012, 0.003003003003003003, 0.003003003003003003, 0.0]",0.0018018018018018018,0.00960960960960961,0.005405405405405406,0.819019009866514,10010880
f0b8b7c55f92,bdh_cq,propagate,7500,1,interp,"{""dim"": 1, ""distance"": 4, ""length"": 12, ""n_sources"": 1}",5,False,False,0,0.0036036036036036037,0.0022472416737381027,0.0,0.006006006006006006,"[0.006006006006006006, 0.003003003003003003, 0.003003003003003003, 0.006006006006006006, 0.0]",0.0018018018018018018,0.005405405405405405,0.0036036036036036037,0.8094594500086328,10010880
f0b8b7c55f92,bdh_cq,propagate,10000,1,interp,"{""dim"": 1, ""distance"": 1, ""length"": 12, ""n_sources"": 1}",5,False,False,0,0.061676646706586825,0.036941788778891455,0.017964071856287425,0.11676646706586827,"[0.11676646706586827, 0.038922155688622756, 0.017964071856287425, 0.09281437125748503, 0.041916167664670656]",0.03172155688622755,0.09700598802395208,0.061676646706586825,0.8540419140261803,10010880
f0b8b7c55f92,bdh_cq,propagate,10000,1,interp,"{""dim"": 1, ""distance"": 2, ""length"": 12, ""n_sources"": 1}",5,False,False,0,0.04504504504504504,0.03910827770834764,0.006006006006006006,0.10810810810810811,"[0.10810810810810811, 0.02702702702702703, 0.012012012012012012, 0.07207207207207207, 0.006006006006006006]",0.012612612612612612,0.08048048048048048,0.04504504504504504,0.8520520480724427,10010880
f0b8b7c55f92,bdh_cq,propagate,10000,1,interp,"{""dim"": 1, ""distance"": 4, ""length"": 12, ""n_sources"": 1}",5,False,False,0,0.02102102102102102,0.014085332612082372,0.006006006006006006,0.042042042042042045,"[0.03303303303303303, 0.006006006006006006, 0.009009009009009009, 0.042042042042042045, 0.015015015015015015]",0.009609609609609607,0.03303303303303303,0.02102102102102102,0.831381376888659,10010880
f0b8b7c55f92,bdh_cq,propagate,12500,1,interp,"{""dim"": 1, ""distance"": 1, ""length"": 12, ""n_sources"": 1}",5,False,False,0,0.181437125748503,0.09308633132432492,0.10778443113772455,0.36227544910179643,"[0.15269461077844312, 0.10778443113772455, 0.11676646706586827, 0.36227544910179643, 0.16766467065868262]",0.12035928143712575,0.2724550898203593,0.181437125748503,0.8893712607507934,10010880
f0b8b7c55f92,bdh_cq,propagate,12500,1,interp,"{""dim"": 1, ""distance"": 2, ""length"": 12, ""n_sources"": 1}",5,False,False,0,0.16336336336336338,0.07386654911317234,0.10810810810810811,0.30930930930930933,"[0.14414414414414414, 0.12612612612612611, 0.10810810810810811, 0.30930930930930933, 0.12912912912912913]",0.11951951951951952,0.23663663663663667,0.16336336336336338,0.8926426459003138,10010880
f0b8b7c55f92,bdh_cq,propagate,12500,1,interp,"{""dim"": 1, ""distance"": 4, ""length"": 12, ""n_sources"": 1}",5,False,False,0,0.09489489489489492,0.08065956499315097,0.03903903903903904,0.2552552552552553,"[0.03903903903903904, 0.05405405405405406, 0.06306306306306306, 0.2552552552552553, 0.06306306306306306]",0.048648648648648644,0.1765765765765766,0.09489489489489492,0.8786786817394578,10010880
f0b8b7c55f92,bdh_cq,propagate,15000,1,interp,"{""dim"": 1, ""distance"": 1, ""length"": 12, ""n_sources"": 1}",5,False,False,0,0.5988023952095808,0.1192804751903112,0.41317365269461076,0.7754491017964071,"[0.625748502994012, 0.5419161676646707, 0.41317365269461076, 0.7754491017964071, 0.6377245508982036]",0.49820359281437127,0.701197604790419,0.5988023952095808,0.958233537895237,10010880
f0b8b7c55f92,bdh_cq,propagate,15000,1,interp,"{""dim"": 1, ""distance"": 2, ""length"": 12, ""n_sources"": 1}",5,False,False,0,0.5933933933933935,0.1276555348397196,0.4144144144144144,0.7477477477477478,"[0.6696696696696697, 0.47147147147147145, 0.4144144144144144, 0.7477477477477478, 0.6636636636636637]",0.48108108108108105,0.6996996996996997,0.5933933933933935,0.9583083131649831,10010880
f0b8b7c55f92,bdh_cq,propagate,15000,1,interp,"{""dim"": 1, ""distance"": 4, ""length"": 12, ""n_sources"": 1}",5,False,False,0,0.621021021021021,0.21157344323056945,0.30930930930930933,0.8708708708708709,"[0.7657657657657657, 0.43843843843843844, 0.30930930930930933, 0.8708708708708709, 0.7207207207207207]",0.4264264264264265,0.7987987987987989,0.621021021021021,0.9620620671693269,10010880
f0b8b7c55f92,bdh_cq,propagate,17500,1,interp,"{""dim"": 1, ""distance"": 1, ""length"": 12, ""n_sources"": 1}",5,False,False,0,0.9,0.012926367152648456,0.8772455089820359,0.9131736526946108,"[0.9131736526946108, 0.9101796407185628, 0.8772455089820359, 0.9041916167664671, 0.8952095808383234]",0.8880239520958083,0.9095808383233533,0.9,0.9910179657493522,10010880
f0b8b7c55f92,bdh_cq,propagate,17500,1,interp,"{""dim"": 1, ""distance"": 2, ""length"": 12, ""n_sources"": 1}",5,False,False,0,0.9009009009009009,0.024543924014057122,0.8678678678678678,0.9309309309309309,"[0.9009009009009009, 0.9309309309309309, 0.8678678678678678, 0.924924924924925, 0.8798798798798799]",0.8792792792792794,0.9207357357357359,0.9009009009009009,0.9910910927855575,10010880
f0b8b7c55f92,bdh_cq,propagate,17500,1,interp,"{""dim"": 1, ""distance"": 4, ""length"": 12, ""n_sources"": 1}",5,False,False,0,0.9423423423423424,0.04282412845639855,0.8588588588588588,0.978978978978979,"[0.954954954954955, 0.9519519519519519, 0.8588588588588588, 0.9669669669669669, 0.978978978978979]",0.899099099099099,0.9693693693693695,0.9423423423423424,0.9951451462668341,10010880
f0b8b7c55f92,bdh_cq,propagate,20000,1,interp,"{""dim"": 1, ""distance"": 1, ""length"": 12, ""n_sources"": 1}",5,False,False,0,0.948502994011976,0.007185628742514958,0.9401197604790419,0.9610778443113772,"[0.9431137724550899, 0.9610778443113772, 0.9491017964071856, 0.9491017964071856, 0.9401197604790419]",0.9425149700598803,0.9550898203592816,0.948502994011976,0.9955089829639047,10010880
f0b8b7c55f92,bdh_cq,propagate,20000,1,interp,"{""dim"": 1, ""distance"": 2, ""length"": 12, ""n_sources"": 1}",5,False,False,0,0.9681681681681683,0.011171816959602602,0.9519519519519519,0.978978978978979,"[0.972972972972973, 0.978978978978979, 0.9579579579579579, 0.9519519519519519, 0.978978978978979]",0.9585585585585585,0.9777777777777779,0.9681681681681683,0.9972972979058732,10010880
f0b8b7c55f92,bdh_cq,propagate,20000,1,interp,"{""dim"": 1, ""distance"": 4, ""length"": 12, ""n_sources"": 1}",5,False,False,0,0.9867867867867867,0.004494483347476191,0.978978978978979,0.990990990990991,"[0.987987987987988, 0.990990990990991, 0.978978978978979, 0.984984984984985, 0.990990990990991]",0.9825825825825826,0.9903903903903902,0.9867867867867867,0.9987987990135905,10010880
f0b8b7c55f92,bdh_cq,propagate,22500,1,interp,"{""dim"": 1, ""distance"": 1, ""length"": 12, ""n_sources"": 1}",5,False,False,0,0.9760479041916168,0.005009940278647145,0.9670658682634731,0.9820359281437125,"[0.9760479041916168, 0.9790419161676647, 0.9760479041916168, 0.9820359281437125, 0.9670658682634731]",0.97125748502994,0.9796556886227545,0.9760479041916168,0.9979041920450633,10010880
f0b8b7c55f92,bdh_cq,propagate,22500,1,interp,"{""dim"": 1, ""distance"": 2, ""length"": 12, ""n_sources"": 1}",5,False,False,0,0.9831831831831833,0.011009190858752767,0.963963963963964,0.993993993993994,"[0.993993993993994, 0.993993993993994, 0.9819819819819819, 0.9819819819819819, 0.963963963963964]",0.9735735735735735,0.9915915915915916,0.9831831831831833,0.9985985989327186,10010880
f0b8b7c55f92,bdh_cq,propagate,22500,1,interp,"{""dim"": 1, ""distance"": 4, ""length"": 12, ""n_sources"": 1}",5,False,False,0,0.9915915915915916,0.0022472416737380997,0.987987987987988,0.993993993993994,"[0.990990990990991, 0.993993993993994, 0.993993993993994, 0.990990990990991, 0.987987987987988]",0.9897897897897897,0.9933933933933934,0.9915915915915916,0.9992992994663593,10010880
f0b8b7c55f92,bdh_cq,propagate,25000,1,interp,"{""dim"": 1, ""distance"": 1, ""length"": 12, ""n_sources"": 1}",5,False,False,0,0.9808383233532935,0.0030533050979597493,0.9760479041916168,0.9850299401197605,"[0.9850299401197605, 0.9790419161676647, 0.9820359281437125, 0.9760479041916168, 0.9820359281437125]",0.9778443113772456,0.9838323353293413,0.9808383233532935,0.9983033935466926,10010880
f0b8b7c55f92,bdh_cq,propagate,25000,1,interp,"{""dim"": 1, ""distance"": 2, ""length"": 12, ""n_sources"": 1}",5,False,False,0,0.9831831831831831,0.004073471461336517,0.975975975975976,0.987987987987988,"[0.987987987987988, 0.9819819819819819, 0.984984984984985, 0.975975975975976, 0.984984984984985]",0.978978978978979,0.9867867867867867,0.9831831831831831,0.998548548858803,10010880
f0b8b7c55f92,bdh_cq,propagate,25000,1,interp,"{""dim"": 1, ""distance"": 4, ""length"": 12, ""n_sources"": 1}",5,False,False,0,0.9957957957957959,0.004073471461336471,0.987987987987988,1.0,"[0.996996996996997, 0.987987987987988, 0.996996996996997, 0.996996996996997, 1.0]",0.9915915915915916,0.9987987987987988,0.9957957957957959,0.9996496497331797,10010880
f0b8b7c55f92,bdh_cq,propagate,27500,1,interp,"{""dim"": 1, ""distance"": 1, ""length"": 12, ""n_sources"": 1}",5,False,False,0,0.991616766467066,0.005488114604737518,0.9850299401197605,0.9970059880239521,"[0.9850299401197605, 0.9850299401197605, 0.9940119760479041, 0.9970059880239521, 0.9970059880239521]",0.9868263473053892,0.9964071856287425,0.991616766467066,0.9993013973721487,10010880
f0b8b7c55f92,bdh_cq,propagate,27500,1,interp,"{""dim"": 1, ""distance"": 2, ""length"": 12, ""n_sources"": 1}",5,False,False,0,0.9921921921921921,0.004879302345126705,0.984984984984985,1.0,"[0.993993993993994, 1.0, 0.990990990990991, 0.984984984984985, 0.990990990990991]",0.987987987987988,0.996996996996997,0.9921921921921921,0.9992992994305607,10010880
f0b8b7c55f92,bdh_cq,propagate,27500,1,interp,"{""dim"": 1, ""distance"": 4, ""length"": 12, ""n_sources"": 1}",5,False,False,0,0.9981981981981983,0.0014711650106806087,0.996996996996997,1.0,"[1.0, 0.996996996996997, 1.0, 0.996996996996997, 0.996996996996997]",0.996996996996997,0.9993993993993995,0.9981981981981983,0.9998498498856485,10010880
f0b8b7c55f92,bdh_cq,propagate,30000,1,interp,"{""dim"": 1, ""distance"": 1, ""length"": 12, ""n_sources"": 1}",5,False,False,0,0.9916167664670658,0.006393460031156487,0.9820359281437125,1.0,"[0.9820359281437125, 0.9910179640718563, 0.9970059880239521, 1.0, 0.9880239520958084]",0.98562874251497,0.9970059880239521,0.9916167664670658,0.9992514971487536,10010880
f0b8b7c55f92,bdh_cq,propagate,30000,1,interp,"{""dim"": 1, ""distance"": 2, ""length"": 12, ""n_sources"": 1}",5,False,False,0,0.993993993993994,0.002685967540540277,0.990990990990991,0.996996996996997,"[0.996996996996997, 0.996996996996997, 0.993993993993994, 0.990990990990991, 0.990990990990991]",0.9915915915915916,0.9963963963963964,0.993993993993994,0.9994494495449123,10010880
f0b8b7c55f92,bdh_cq,propagate,30000,1,interp,"{""dim"": 1, ""distance"": 4, ""length"": 12, ""n_sources"": 1}",5,False,False,0,1.0,0.0,1.0,1.0,"[1.0, 1.0, 1.0, 1.0, 1.0]",1.0,1.0,1.0,1.0,10010880
f0b8b7c55f92,bdh_cq,propagate,32500,1,interp,"{""dim"": 1, ""distance"": 1, ""length"": 12, ""n_sources"": 1}",5,False,False,0,0.9928143712574851,0.0030533050979597493,0.9880239520958084,0.9970059880239521,"[0.9910179640718563, 0.9970059880239521, 0.9940119760479041, 0.9940119760479041, 0.9880239520958084]",0.9898203592814371,0.9952095808383234,0.9928143712574851,0.999351297524161,10010880
f0b8b7c55f92,bdh_cq,propagate,32500,1,interp,"{""dim"": 1, ""distance"": 2, ""length"": 12, ""n_sources"": 1}",5,False,False,0,0.9963963963963964,0.004413495032041771,0.990990990990991,1.0,"[1.0, 1.0, 0.990990990990991, 1.0, 0.990990990990991]",0.9927927927927926,1.0,0.9963963963963964,0.9996996997712969,10010880
f0b8b7c55f92,bdh_cq,propagate,32500,1,interp,"{""dim"": 1, ""distance"": 4, ""length"": 12, ""n_sources"": 1}",5,False,False,0,0.9987987987987988,0.0024024024024023928,0.993993993993994,1.0,"[1.0, 1.0, 1.0, 0.993993993993994, 1.0]",0.9963963963963964,1.0,0.9987987987987988,0.9998998999237656,10010880
f0b8b7c55f92,bdh_cq,propagate,35000,1,interp,"{""dim"": 1, ""distance"": 1, ""length"": 12, ""n_sources"": 1}",5,False,False,0,0.9982035928143713,0.0014667603250198514,0.9970059880239521,1.0,"[0.9970059880239521, 0.9970059880239521, 1.0, 1.0, 0.9970059880239521]",0.9970059880239521,0.9994011976047904,0.9982035928143713,0.999850299436889,10010880
f0b8b7c55f92,bdh_cq,propagate,35000,1,interp,"{""dim"": 1, ""distance"": 2, ""length"": 12, ""n_sources"": 1}",5,False,False,0,0.9981981981981981,0.003603603603603611,0.990990990990991,1.0,"[1.0, 1.0, 0.990990990990991, 1.0, 1.0]",0.9945945945945945,1.0,0.9981981981981981,0.9998498498856485,10010880
f0b8b7c55f92,bdh_cq,propagate,35000,1,interp,"{""dim"": 1, ""distance"": 4, ""length"": 12, ""n_sources"": 1}",5,False,False,0,1.0,0.0,1.0,1.0,"[1.0, 1.0, 1.0, 1.0, 1.0]",1.0,1.0,1.0,1.0,10010880
f0b8b7c55f92,bdh_cq,propagate,37500,1,interp,"{""dim"": 1, ""distance"": 1, ""length"": 12, ""n_sources"": 1}",5,False,False,0,0.9964071856287425,0.004400280975059597,0.9880239520958084,1.0,"[0.9970059880239521, 0.9970059880239521, 1.0, 1.0, 0.9880239520958084]",0.9922155688622756,0.9994011976047904,0.9964071856287425,0.9997005988737779,10010880
f0b8b7c55f92,bdh_cq,propagate,37500,1,interp,"{""dim"": 1, ""distance"": 2, ""length"": 12, ""n_sources"": 1}",5,False,False,0,0.9981981981981981,0.003603603603603611,0.990990990990991,1.0,"[1.0, 1.0, 0.990990990990991, 1.0, 1.0]",0.9945945945945945,1.0,0.9981981981981981,0.9998498498856485,10010880
f0b8b7c55f92,bdh_cq,propagate,37500,1,interp,"{""dim"": 1, ""distance"": 4, ""length"": 12, ""n_sources"": 1}",5,False,False,0,1.0,0.0,1.0,1.0,"[1.0, 1.0, 1.0, 1.0, 1.0]",1.0,1.0,1.0,1.0,10010880
f0b8b7c55f92,bdh_cq,propagate,40000,1,interp,"{""dim"": 1, ""distance"": 1, ""length"": 12, ""n_sources"": 1}",5,False,False,0,0.9964071856287425,0.004400280975059597,0.9880239520958084,1.0,"[0.9970059880239521, 0.9970059880239521, 1.0, 1.0, 0.9880239520958084]",0.9922155688622756,0.9994011976047904,0.9964071856287425,0.9997005988737779,10010880
f0b8b7c55f92,bdh_cq,propagate,40000,1,interp,"{""dim"": 1, ""distance"": 2, ""length"": 12, ""n_sources"": 1}",5,False,False,0,0.9981981981981981,0.003603603603603611,0.990990990990991,1.0,"[1.0, 1.0, 0.990990990990991, 1.0, 1.0]",0.9945945945945945,1.0,0.9981981981981981,0.9998498498856485,10010880
f0b8b7c55f92,bdh_cq,propagate,40000,1,interp,"{""dim"": 1, ""distance"": 4, ""length"": 12, ""n_sources"": 1}",5,False,False,0,1.0,0.0,1.0,1.0,"[1.0, 1.0, 1.0, 1.0, 1.0]",1.0,1.0,1.0,1.0,10010880
f0b8b7c55f92,bdh_cq,propagate,40000,2,interp,"{""dim"": 1, ""distance"": 1, ""length"": 12, ""n_sources"": 1}",5,False,False,0,0.9994011976047904,0.0011976047904191489,0.9970059880239521,1.0,"[1.0, 0.9970059880239521, 1.0, 1.0, 1.0]",0.9982035928143713,1.0,0.9994011976047904,0.9999500998122963,10010880
f0b8b7c55f92,bdh_cq,propagate,40000,2,interp,"{""dim"": 1, ""distance"": 2, ""length"": 12, ""n_sources"": 1}",5,False,False,0,0.990990990990991,0.009496329309814928,0.972972972972973,1.0,"[0.996996996996997, 0.972972972972973, 0.990990990990991, 1.0, 0.993993993993994]",0.9813813813813814,0.9975975975975976,0.990990990990991,0.9992492494282421,10010880
f0b8b7c55f92,bdh_cq,propagate,40000,2,interp,"{""dim"": 1, ""distance"": 4, ""length"": 12, ""n_sources"": 1}",5,False,False,0,1.0,0.0,1.0,1.0,"[1.0, 1.0, 1.0, 1.0, 1.0]",1.0,1.0,1.0,1.0,10010880
f0b8b7c55f92,bdh_cq,propagate,2500,4,interp,"{""dim"": 1, ""distance"": 1, ""length"": 12, ""n_sources"": 1}",5,False,False,0,0.0,0.0,0.0,0.0,"[0.0, 0.0, 0.0, 0.0, 0.0]",0.0,0.0,0.0,0.7982534815094429,10010880
f0b8b7c55f92,bdh_cq,propagate,2500,4,interp,"{""dim"": 1, ""distance"": 2, ""length"": 12, ""n_sources"": 1}",5,False,False,0,0.0,0.0,0.0,0.0,"[0.0, 0.0, 0.0, 0.0, 0.0]",0.0,0.0,0.0,0.789039029373421,10010880
f0b8b7c55f92,bdh_cq,propagate,2500,4,interp,"{""dim"": 1, ""distance"": 4, ""length"": 12, ""n_sources"": 1}",5,False,False,0,0.0,0.0,0.0,0.0,"[0.0, 0.0, 0.0, 0.0, 0.0]",0.0,0.0,0.0,0.7821821707862991,10010880
f0b8b7c55f92,bdh_cq,propagate,5000,4,interp,"{""dim"": 1, ""distance"": 1, ""length"": 12, ""n_sources"": 1}",5,False,False,0,0.0,0.0,0.0,0.0,"[0.0, 0.0, 0.0, 0.0, 0.0]",0.0,0.0,0.0,0.7960578709885389,10010880
f0b8b7c55f92,bdh_cq,propagate,5000,4,interp,"{""dim"": 1, ""distance"": 2, ""length"": 12, ""n_sources"": 1}",5,False,False,0,0.0,0.0,0.0,0.0,"[0.0, 0.0, 0.0, 0.0, 0.0]",0.0,0.0,0.0,0.7964464351042613,10010880
f0b8b7c55f92,bdh_cq,propagate,5000,4,interp,"{""dim"": 1, ""distance"": 4, ""length"": 12, ""n_sources"": 1}",5,False,False,0,0.0,0.0,0.0,0.0,"[0.0, 0.0, 0.0, 0.0, 0.0]",0.0,0.0,0.0,0.7936436303922006,10010880
f0b8b7c55f92,bdh_cq,propagate,7500,4,interp,"{""dim"": 1, ""distance"": 1, ""length"": 12, ""n_sources"": 1}",5,False,False,0,0.004790419161676647,0.004061275438997166,0.0,0.011976047904191617,"[0.011976047904191617, 0.005988023952095809, 0.0029940119760479044, 0.0029940119760479044, 0.0]",0.0017964071856287427,0.008383233532934133,0.004790419161676647,0.8105788323693647,10010880
f0b8b7c55f92,bdh_cq,propagate,7500,4,interp,"{""dim"": 1, ""distance"": 2, ""length"": 12, ""n_sources"": 1}",5,False,False,0,0.006006006006006005,0.003798531723925981,0.0,0.009009009009009009,"[0.009009009009009009, 0.009009009009009009, 0.003003003003003003, 0.0, 0.009009009009009009]",0.0024024024024024023,0.009009009009009009,0.006006006006006005,0.8163663568976405,10010880
f0b8b7c55f92,bdh_cq,propagate,7500,4,interp,"{""dim"": 1, ""distance"": 4, ""length"": 12, ""n_sources"": 1}",5,False,False,0,0.0036036036036036037,0.002247241673738103,0.0,0.006006006006006006,"[0.0, 0.006006006006006006, 0.003003003003003003, 0.003003003003003003, 0.006006006006006006]",0.0018018018018018018,0.005405405405405405,0.0036036036036036037,0.7940940863198346,10010880
f0b8b7c55f92,bdh_cq,propagate,10000,4,interp,"{""dim"": 1, ""distance"": 1, ""length"": 12, ""n_sources"": 1}",5,False,False,0,0.02035928143712575,0.011580287189110009,0.008982035928143712,0.041916167664670656,"[0.017964071856287425, 0.020958083832335328, 0.011976047904191617, 0.041916167664670656, 0.008982035928143712]",0.011976047904191617,0.031736526946107776,0.02035928143712575,0.8374750457480996,10010880
f0b8b7c55f92,bdh_cq,propagate,10000,4,interp,"{""dim"": 1, ""distance"": 2, ""length"": 12, ""n_sources"": 1}",5,False,False,0,0.015015015015015018,0.013020710743951232,0.003003003003003003,0.03903903903903904,"[0.009009009009009009, 0.018018018018018018, 0.006006006006006006, 0.03903903903903904, 0.003003003003003003]",0.005405405405405406,0.027627627627627632,0.015015015015015018,0.8361361287914597,10010880
f0b8b7c55f92,bdh_cq,propagate,10000,4,interp,"{""dim"": 1, ""distance"": 4, ""length"": 12, ""n_sources"": 1}",5,False,False,0,0.006606606606606608,0.0061249483646760175,0.0,0.015015015015015015,"[0.012012012012012012, 0.0, 0.0, 0.015015015015015015, 0.006006006006006006]",0.0012012012012012011,0.012012012012012012,0.006606606606606608,0.8053553494963201,10010880
f0b8b7c55f92,bdh_cq,propagate,12500,4,interp,"{""dim"": 1, ""distance"": 1, ""length"": 12, ""n_sources"": 1}",5,False,False,0,0.11317365269461077,0.06765142152095137,0.04790419161676647,0.2275449101796407,"[0.2275449101796407, 0.05389221556886228, 0.04790419161676647, 0.1497005988023952, 0.08682634730538923]",0.0592814371257485,0.17733532934131727,0.11317365269461077,0.8743013978004456,10010880
f0b8b7c55f92,bdh_cq,propagate,12500,4,interp,"{""dim"": 1, ""distance"": 2, ""length"": 12, ""n_sources"": 1}",5,False,False,0,0.047447447447447444,0.020046029151085446,0.03303303303303303,0.08708708708708708,"[0.042042042042042045, 0.03303303303303303, 0.036036036036036036, 0.08708708708708708, 0.03903903903903904]",0.03543543543543544,0.06726726726726726,0.047447447447447444,0.8596596555666881,10010880
f0b8b7c55f92,bdh_cq,propagate,12500,4,interp,"{""dim"": 1, ""distance"": 4, ""length"": 12, ""n_sources"": 1}",5,False,False,0,0.030030030030030026,0.032565625733876176,0.003003003003003003,0.09309309309309309,"[0.003003003003003003, 0.02702702702702703, 0.018018018018018018, 0.09309309309309309, 0.009009009009009009]",0.0078078078078078084,0.06306306306306306,0.030030030030030026,0.8435935878896856,10010880
f0b8b7c55f92,bdh_cq,propagate,15000,4,interp,"{""dim"": 1, ""distance"": 1, ""length"": 12, ""n_sources"": 1}",5,False,False,0,0.31676646706586825,0.09770576313471203,0.19461077844311378,0.45808383233532934,"[0.45808383233532934, 0.19461077844311378, 0.218562874251497, 0.3502994011976048, 0.36227544910179643]",0.23532934131736524,0.41497005988023955,0.31676646706586825,0.9251497068804895,10010880
f0b8b7c55f92,bdh_cq,propagate,15000,4,interp,"{""dim"": 1, ""distance"": 2, ""length"": 12, ""n_sources"": 1}",5,False,False,0,0.33753753753753757,0.1380153521410419,0.13813813813813813,0.47147147147147145,"[0.47147147147147145, 0.13813813813813813, 0.2042042042042042, 0.43843843843843844, 0.43543543543543545]",0.218018018018018,0.457057057057057,0.33753753753753757,0.9270770826497235,10010880
f0b8b7c55f92,bdh_cq,propagate,15000,4,interp,"{""dim"": 1, ""distance"": 4, ""length"": 12, ""n_sources"": 1}",5,False,False,0,0.1843843843843844,0.08868981847946211,0.06306306306306306,0.2672672672672673,"[0.24624624624624625, 0.06306306306306306, 0.09009009009009009, 0.2672672672672673, 0.2552552552552553]",0.10690690690690692,0.25825825825825827,0.1843843843843844,0.9036536575437666,10010880
f0b8b7c55f92,bdh_cq,propagate,17500,4,interp,"{""dim"": 1, ""distance"": 1, ""length"": 12, ""n_sources"": 1}",5,False,False,0,0.7772455089820359,0.12240493533900434,0.6377245508982036,0.9401197604790419,"[0.9401197604790419, 0.6377245508982036, 0.7754491017964071, 0.6467065868263473, 0.8862275449101796]",0.6706586826347305,0.8858982035928141,0.7772455089820359,0.9806387265999159,10010880
f0b8b7c55f92,bdh_cq,propagate,17500,4,interp,"{""dim"": 1, ""distance"": 2, ""length"": 12, ""n_sources"": 1}",5,False,False,0,0.7357357357357357,0.12449973843166996,0.5765765765765766,0.8678678678678678,"[0.8378378378378378, 0.5945945945945946, 0.5765765765765766, 0.8018018018018018, 0.8678678678678678]",0.6288288288288288,0.8426426426426425,0.7357357357357357,0.9748248288223336,10010880
f0b8b7c55f92,bdh_cq,propagate,17500,4,interp,"{""dim"": 1, ""distance"": 4, ""length"": 12, ""n_sources"": 1}",5,False,False,0,0.7003003003003003,0.10477683614520818,0.5645645645645646,0.8408408408408409,"[0.7657657657657657, 0.5945945945945946, 0.5645645645645646, 0.7357357357357357, 0.8408408408408409]",0.6108108108108109,0.7897897897897899,0.7003003003003003,0.971921926504141,10010880
f0b8b7c55f92,bdh_cq,propagate,20000,4,interp,"{""dim"": 1, ""distance"": 1, ""length"": 12, ""n_sources"": 1}",5,False,False,0,0.9059880239520958,0.05225730354316511,0.8143712574850299,0.9461077844311377,"[0.9431137724550899, 0.9461077844311377, 0.8143712574850299, 0.8802395209580839, 0.9461077844311377]",0.8538922155688622,0.9455089820359281,0.9059880239520958,0.9917664687433643,10010880
f0b8b7c55f92,bdh_cq,propagate,20000,4,interp,"{""dim"": 1, ""distance"": 2, ""length"": 12, ""n_sources"": 1}",5,False,False,0,0.8768768768768769,0.08676548259354301,0.7147147147147147,0.954954954954955,"[0.954954954954955, 0.918918918918919, 0.933933933933934, 0.7147147147147147, 0.8618618618618619]",0.7879879879879881,0.9393393393393392,0.8768768768768769,0.9892392414468187,10010880
f0b8b7c55f92,bdh_cq,propagate,20000,4,interp,"{""dim"": 1, ""distance"": 4, ""length"": 12, ""n_sources"": 1}",5,False,False,0,0.8612612612612611,0.08720919264113708,0.7057057057057057,0.9459459459459459,"[0.8918918918918919, 0.9309309309309309, 0.7057057057057057, 0.8318318318318318, 0.9459459459459459]",0.7789789789789789,0.9261261261261261,0.8612612612612611,0.9881381407514349,10010880
f0b8b7c55f92,bdh_cq,propagate,22500,4,interp,"{""dim"": 1, ""distance"": 1, ""length"": 12, ""n_sources"": 1}",5,False,False,0,0.9616766467065869,0.02162331746738657,0.9251497005988024,0.9850299401197605,"[0.9850299401197605, 0.9610778443113772, 0.9820359281437125, 0.9550898203592815, 0.9251497005988024]",0.9431137724550898,0.9790419161676647,0.9616766467065869,0.9967065875401755,10010880
f0b8b7c55f92,bdh_cq,propagate,22500,4,interp,"{""dim"": 1, ""distance"": 2, ""length"": 12, ""n_sources"": 1}",5,False,False,0,0.9393393393393392,0.06251441590817661,0.8168168168168168,0.978978978978979,"[0.978978978978979, 0.978978978978979, 0.975975975975976, 0.8168168168168168, 0.9459459459459459]",0.8750750750750752,0.9783783783783784,0.9393393393393392,0.9948448460023325,10010880
f0b8b7c55f92,bdh_cq,propagate,22500,4,interp,"{""dim"": 1, ""distance"": 4, ""length"": 12, ""n_sources"": 1}",5,False,False,0,0.9501501501501501,0.034845188478943655,0.8828828828828829,0.978978978978979,"[0.972972972972973, 0.978978978978979, 0.963963963963964, 0.9519519519519519, 0.8828828828828829]",0.9159159159159159,0.9735735735735738,0.9501501501501501,0.9955455463927787,10010880
f0b8b7c55f92,bdh_cq,propagate,25000,4,interp,"{""dim"": 1, ""distance"": 1, ""length"": 12, ""n_sources"": 1}",5,False,False,0,0.9796407185628743,0.009729387310941294,0.9610778443113772,0.9880239520958084,"[0.9850299401197605, 0.9850299401197605, 0.9790419161676647, 0.9610778443113772, 0.9880239520958084]",0.9700598802395209,0.9862275449101796,0.9796407185628743,0.9983033936180753,10010880
f0b8b7c55f92,bdh_cq,propagate,25000,4,interp,"{""dim"": 1, ""distance"": 2, ""length"": 12, ""n_sources"": 1}",5,False,False,0,0.9333333333333333,0.05702227484164769,0.8348348348348348,0.993993993993994,"[0.993993993993994, 0.9429429429429429, 0.9819819819819819, 0.8348348348348348, 0.9129129129129129]",0.8798798798798799,0.978978978978979,0.9333333333333333,0.9943443456211606,10010880
f0b8b7c55f92,bdh_cq,propagate,25000,4,interp,"{""dim"": 1, ""distance"": 4, ""length"": 12, ""n_sources"": 1}",5,False,False,0,0.9657657657657659,0.01640420454504224,0.9429429429429429,0.9819819819819819,"[0.9819819819819819, 0.978978978978979, 0.975975975975976, 0.948948948948949, 0.9429429429429429]",0.9513513513513514,0.9795795795795795,0.9657657657657659,0.9970970977534046,10010880
f0b8b7c55f92,bdh_cq,propagate,27500,4,interp,"{""dim"": 1, ""distance"": 1, ""length"": 12, ""n_sources"": 1}",5,False,False,0,0.9886227544910179,0.00743094230298852,0.9760479041916168,0.9970059880239521,"[0.9910179640718563, 0.9760479041916168, 0.9970059880239521, 0.9940119760479041, 0.9850299401197605]",0.9820359281437125,0.9946107784431139,0.9886227544910179,0.9990518964336303,10010880
f0b8b7c55f92,bdh_cq,propagate,27500,4,interp,"{""dim"": 1, ""distance"": 2, ""length"": 12, ""n_sources"": 1}",5,False,False,0,0.9615615615615616,0.05160973227373176,0.8588588588588588,0.993993993993994,"[0.993993993993994, 0.984984984984985, 0.978978978978979, 0.8588588588588588, 0.990990990990991]",0.9093093093093092,0.991006006006006,0.9615615615615616,0.9967467474865842,10010880
f0b8b7c55f92,bdh_cq,propagate,27500,4,interp,"{""dim"": 1, ""distance"": 4, ""length"": 12, ""n_sources"": 1}",5,False,False,0,0.9627627627627628,0.043334904522636504,0.8768768768768769,0.993993993993994,"[0.984984984984985, 0.993993993993994, 0.975975975975976, 0.8768768768768769, 0.9819819819819819]",0.9195195195195195,0.9885885885885886,0.9627627627627628,0.9967967974889028,10010880
f0b8b7c55f92,bdh_cq,propagate,30000,4,interp,"{""dim"": 1, ""distance"": 1, ""length"": 12, ""n_sources"": 1}",5,False,False,0,0.9928143712574851,0.0030533050979597493,0.9880239520958084,0.9970059880239521,"[0.9970059880239521, 0.9940119760479041, 0.9940119760479041, 0.9880239520958084, 0.9910179640718563]",0.9898203592814372,0.9952095808383234,0.9928143712574851,0.9994011977475561,10010880
f0b8b7c55f92,bdh_cq,propagate,30000,4,interp,"{""dim"": 1, ""distance"": 2, ""length"": 12, ""n_sources"": 1}",5,False,False,0,0.960960960960961,0.050034031470651115,0.8648648648648649,0.993993993993994,"[0.993993993993994, 0.993993993993994, 0.993993993993994, 0.8648648648648649, 0.9579579579579579]",0.9093093093093094,0.993993993993994,0.960960960960961,0.996696697448467,10010880
f0b8b7c55f92,bdh_cq,propagate,30000,4,interp,"{""dim"": 1, ""distance"": 4, ""length"": 12, ""n_sources"": 1}",5,False,False,0,0.9873873873873874,0.0044134950320417745,0.9819819819819819,0.993993993993994,"[0.9819819819819819, 0.993993993993994, 0.984984984984985, 0.990990990990991, 0.984984984984985]",0.9837837837837838,0.990990990990991,0.9873873873873874,0.9989489491995391,10010880
f0b8b7c55f92,bdh_cq,propagate,32500,4,interp,"{""dim"": 1, ""distance"": 1, ""length"": 12, ""n_sources"": 1}",5,False,False,0,0.9952095808383234,0.004061275438997175,0.9910179640718563,1.0,"[1.0, 0.9910179640718563, 1.0, 0.9910179640718563, 0.9940119760479041]",0.9916167664670658,0.9988023952095808,0.9952095808383234,0.9995508982749757,10010880
f0b8b7c55f92,bdh_cq,propagate,32500,4,interp,"{""dim"": 1, ""distance"": 2, ""length"": 12, ""n_sources"": 1}",5,False,False,0,0.9681681681681681,0.04022679171084771,0.8888888888888888,0.996996996996997,"[0.987987987987988, 0.990990990990991, 0.996996996996997, 0.8888888888888888, 0.975975975975976]",0.927927927927928,0.9927927927927926,0.9681681681681681,0.9973473479797889,10010880
f0b8b7c55f92,bdh_cq,propagate,32500,4,interp,"{""dim"": 1, ""distance"": 4, ""length"": 12, ""n_sources"": 1}",5,False,False,0,0.9837837837837838,0.010157077792965609,0.963963963963964,0.990990990990991,"[0.984984984984985, 0.990990990990991, 0.987987987987988, 0.963963963963964, 0.990990990990991]",0.9741741741741741,0.9903903903903905,0.9837837837837838,0.9985985988969202,10010880
f0b8b7c55f92,bdh_cq,propagate,35000,4,interp,"{""dim"": 1, ""distance"": 1, ""length"": 12, ""n_sources"": 1}",5,False,False,0,0.9958083832335329,0.004481026810507714,0.9880239520958084,1.0,"[1.0, 0.9940119760479041, 0.9970059880239521, 0.9880239520958084, 1.0]",0.991616766467066,0.9994011976047904,0.9958083832335329,0.9996007984626794,10010880
f0b8b7c55f92,bdh_cq,propagate,35000,4,interp,"{""dim"": 1, ""distance"": 2, ""length"": 12, ""n_sources"": 1}",5,False,False,0,0.9669669669669669,0.05441985004239902,0.8588588588588588,1.0,"[1.0, 0.996996996996997, 0.996996996996997, 0.8588588588588588, 0.9819819819819819]",0.9111111111111111,0.9981981981981981,0.9669669669669669,0.9972472479035547,10010880
f0b8b7c55f92,bdh_cq,propagate,35000,4,interp,"{""dim"": 1, ""distance"": 4, ""length"": 12, ""n_sources"": 1}",5,False,False,0,0.9921921921921921,0.006741725021214287,0.978978978978979,0.996996996996997,"[0.996996996996997, 0.993993993993994, 0.993993993993994, 0.978978978978979, 0.996996996996997]",0.9855855855855855,0.9963963963963964,0.9921921921921921,0.9993493495044767,10010880
f0b8b7c55f92,bdh_cq,propagate,37500,4,interp,"{""dim"": 1, ""distance"": 1, ""length"": 12, ""n_sources"": 1}",5,False,False,0,0.9982035928143713,0.0023952095808383368,0.9940119760479041,1.0,"[1.0, 0.9940119760479041, 1.0, 1.0, 0.9970059880239521]",0.9958083832335329,1.0,0.9982035928143713,0.9998003992134941,10010880
f0b8b7c55f92,bdh_cq,propagate,37500,4,interp,"{""dim"": 1, ""distance"": 2, ""length"": 12, ""n_sources"": 1}",5,False,False,0,0.9705705705705705,0.048511280495636466,0.8738738738738738,1.0,"[1.0, 0.993993993993994, 0.996996996996997, 0.8738738738738738, 0.987987987987988]",0.9213213213213212,0.9975975975975976,0.9705705705705705,0.9975475481322578,10010880
f0b8b7c55f92,bdh_cq,propagate,37500,4,interp,"{""dim"": 1, ""distance"": 4, ""length"": 12, ""n_sources"": 1}",5,False,False,0,0.9921921921921921,0.005569740838135559,0.9819819819819819,0.996996996996997,"[0.993993993993994, 0.996996996996997, 0.996996996996997, 0.9819819819819819, 0.990990990990991]",0.9867867867867869,0.9963963963963964,0.9921921921921921,0.9993493495044765,10010880
f0b8b7c55f92,bdh_cq,propagate,40000,4,interp,"{""dim"": 1, ""distance"": 1, ""length"": 12, ""n_sources"": 1}",5,False,False,0,0.9976047904191617,0.0022405134052538686,0.9940119760479041,1.0,"[0.9970059880239521, 0.9940119760479041, 1.0, 1.0, 0.9970059880239521]",0.9958083832335329,0.9994011976047904,0.9976047904191617,0.9997504990257904,10010880
f0b8b7c55f92,bdh_cq,propagate,40000,4,interp,"{""dim"": 1, ""distance"": 2, ""length"": 12, ""n_sources"": 1}",5,False,False,0,0.9711711711711712,0.047618197340335844,0.8768768768768769,1.0,"[1.0, 1.0, 0.996996996996997, 0.8768768768768769, 0.9819819819819819]",0.9225225225225225,0.9993993993993995,0.9711711711711712,0.997597598170375,10010880
f0b8b7c55f92,bdh_cq,propagate,40000,4,interp,"{""dim"": 1, ""distance"": 4, ""length"": 12, ""n_sources"": 1}",5,False,False,0,0.990990990990991,0.006847900451045846,0.978978978978979,0.996996996996997,"[0.993993993993994, 0.996996996996997, 0.996996996996997, 0.978978978978979, 0.987987987987988]",0.9843843843843845,0.9963963963963964,0.990990990990991,0.9992492494282421,10010880
f0b8b7c55f92,bdh_cq,propagate,40000,8,interp,"{""dim"": 1, ""distance"": 1, ""length"": 12, ""n_sources"": 1}",5,False,False,0,0.0,0.0,0.0,0.0,"[0.0, 0.0, 0.0, 0.0, 0.0]",0.0,0.0,0.0,0.7190618736479811,10010880
f0b8b7c55f92,bdh_cq,propagate,40000,8,interp,"{""dim"": 1, ""distance"": 2, ""length"": 12, ""n_sources"": 1}",5,False,False,0,0.0,0.0,0.0,0.0,"[0.0, 0.0, 0.0, 0.0, 0.0]",0.0,0.0,0.0,0.6744744708588174,10010880
f0b8b7c55f92,bdh_cq,propagate,40000,8,interp,"{""dim"": 1, ""distance"": 4, ""length"": 12, ""n_sources"": 1}",5,False,False,0,0.0,0.0,0.0,0.0,"[0.0, 0.0, 0.0, 0.0, 0.0]",0.0,0.0,0.0,0.6113113104044138,10010880
f0b8b7c55f92,bdh_cq,propagate,2500,16,interp,"{""dim"": 1, ""distance"": 1, ""length"": 12, ""n_sources"": 1}",5,False,False,0,0.0,0.0,0.0,0.0,"[0.0, 0.0, 0.0, 0.0, 0.0]",0.0,0.0,0.0,0.7959580728750743,10010880
f0b8b7c55f92,bdh_cq,propagate,2500,16,interp,"{""dim"": 1, ""distance"": 2, ""length"": 12, ""n_sources"": 1}",5,False,False,0,0.0,0.0,0.0,0.0,"[0.0, 0.0, 0.0, 0.0, 0.0]",0.0,0.0,0.0,0.7807807727976963,10010880
f0b8b7c55f92,bdh_cq,propagate,2500,16,interp,"{""dim"": 1, ""distance"": 4, ""length"": 12, ""n_sources"": 1}",5,False,False,0,0.0,0.0,0.0,0.0,"[0.0, 0.0, 0.0, 0.0, 0.0]",0.0,0.0,0.0,0.7653153041461567,10010880
f0b8b7c55f92,bdh_cq,propagate,5000,16,interp,"{""dim"": 1, ""distance"": 1, ""length"": 12, ""n_sources"": 1}",5,False,False,0,0.0,0.0,0.0,0.0,"[0.0, 0.0, 0.0, 0.0, 0.0]",0.0,0.0,0.0,0.770059877062986,10010880
f0b8b7c55f92,bdh_cq,propagate,5000,16,interp,"{""dim"": 1, ""distance"": 2, ""length"": 12, ""n_sources"": 1}",5,False,False,0,0.0,0.0,0.0,0.0,"[0.0, 0.0, 0.0, 0.0, 0.0]",0.0,0.0,0.0,0.7602602587089883,10010880
f0b8b7c55f92,bdh_cq,propagate,5000,16,interp,"{""dim"": 1, ""distance"": 4, ""length"": 12, ""n_sources"": 1}",5,False,False,0,0.0,0.0,0.0,0.0,"[0.0, 0.0, 0.0, 0.0, 0.0]",0.0,0.0,0.0,0.7449449412278585,10010880
f0b8b7c55f92,bdh_cq,propagate,7500,16,interp,"{""dim"": 1, ""distance"": 1, ""length"": 12, ""n_sources"": 1}",5,False,False,0,0.0,0.0,0.0,0.0,"[0.0, 0.0, 0.0, 0.0, 0.0]",0.0,0.0,0.0,0.786926139810842,10010880
f0b8b7c55f92,bdh_cq,propagate,7500,16,interp,"{""dim"": 1, ""distance"": 2, ""length"": 12, ""n_sources"": 1}",5,False,False,0,0.0006006006006006006,0.001201201201201201,0.0,0.003003003003003003,"[0.003003003003003003, 0.0, 0.0, 0.0, 0.0]",0.0,0.0018018018018018018,0.0006006006006006006,0.7829829766943648,10010880
f0b8b7c55f92,bdh_cq,propagate,7500,16,interp,"{""dim"": 1, ""distance"": 4, ""length"": 12, ""n_sources"": 1}",5,False,False,0,0.0,0.0,0.0,0.0,"[0.0, 0.0, 0.0, 0.0, 0.0]",0.0,0.0,0.0,0.7707207127018376,10010880
f0b8b7c55f92,bdh_cq,propagate,10000,16,interp,"{""dim"": 1, ""distance"": 1, ""length"": 12, ""n_sources"": 1}",5,False,False,0,0.0005988023952095808,0.0011976047904191617,0.0,0.0029940119760479044,"[0.0029940119760479044, 0.0, 0.0, 0.0, 0.0]",0.0,0.0017964071856287427,0.0005988023952095808,0.7824351226855181,10010880
f0b8b7c55f92,bdh_cq,propagate,10000,16,interp,"{""dim"": 1, ""distance"": 2, ""length"": 12, ""n_sources"": 1}",5,False,False,0,0.0,0.0,0.0,0.0,"[0.0, 0.0, 0.0, 0.0, 0.0]",0.0,0.0,0.0,0.7798798740357608,10010880
f0b8b7c55f92,bdh_cq,propagate,10000,16,interp,"{""dim"": 1, ""distance"": 4, ""length"": 12, ""n_sources"": 1}",5,False,False,0,0.0,0.0,0.0,0.0,"[0.0, 0.0, 0.0, 0.0, 0.0]",0.0,0.0,0.0,0.7733733661897906,10010880
f0b8b7c55f92,bdh_cq,propagate,12500,16,interp,"{""dim"": 1, ""distance"": 1, ""length"": 12, ""n_sources"": 1}",5,False,False,0,0.0,0.0,0.0,0.0,"[0.0, 0.0, 0.0, 0.0, 0.0]",0.0,0.0,0.0,0.77824350741809,10010880
f0b8b7c55f92,bdh_cq,propagate,12500,16,interp,"{""dim"": 1, ""distance"": 2, ""length"": 12, ""n_sources"": 1}",5,False,False,0,0.0,0.0,0.0,0.0,"[0.0, 0.0, 0.0, 0.0, 0.0]",0.0,0.0,0.0,0.7739239194371679,10010880
f0b8b7c55f92,bdh_cq,propagate,12500,16,interp,"{""dim"": 1, ""distance"": 4, ""length"": 12, ""n_sources"": 1}",5,False,False,0,0.0,0.0,0.0,0.0,"[0.0, 0.0, 0.0, 0.0, 0.0]",0.0,0.0,0.0,0.7597597538171945,10010880
f0b8b7c55f92,bdh_cq,propagate,15000,16,interp,"{""dim"": 1, ""distance"": 1, ""length"": 12, ""n_sources"": 1}",5,False,False,0,0.0,0.0,0.0,0.0,"[0.0, 0.0, 0.0, 0.0, 0.0]",0.0,0.0,0.0,0.7484530903755904,10010880
f0b8b7c55f92,bdh_cq,propagate,15000,16,interp,"{""dim"": 1, ""distance"": 2, ""length"": 12, ""n_sources"": 1}",5,False,False,0,0.0,0.0,0.0,0.0,"[0.0, 0.0, 0.0, 0.0, 0.0]",0.0,0.0,0.0,0.7434934913664608,10010880
f0b8b7c55f92,bdh_cq,propagate,15000,16,interp,"{""dim"": 1, ""distance"": 4, ""length"": 12, ""n_sources"": 1}",5,False,False,0,0.0,0.0,0.0,0.0,"[0.0, 0.0, 0.0, 0.0, 0.0]",0.0,0.0,0.0,0.7059559518510514,10010880
f0b8b7c55f92,bdh_cq,propagate,17500,16,interp,"{""dim"": 1, ""distance"": 1, ""length"": 12, ""n_sources"": 1}",5,False,False,0,0.0,0.0,0.0,0.0,"[0.0, 0.0, 0.0, 0.0, 0.0]",0.0,0.0,0.0,0.7394211547103471,10010880
f0b8b7c55f92,bdh_cq,propagate,17500,16,interp,"{""dim"": 1, ""distance"": 2, ""length"": 12, ""n_sources"": 1}",5,False,False,0,0.0,0.0,0.0,0.0,"[0.0, 0.0, 0.0, 0.0, 0.0]",0.0,0.0,0.0,0.740140139501732,10010880
f0b8b7c55f92,bdh_cq,propagate,17500,16,interp,"{""dim"": 1, ""distance"": 4, ""length"": 12, ""n_sources"": 1}",5,False,False,0,0.0,0.0,0.0,0.0,"[0.0, 0.0, 0.0, 0.0, 0.0]",0.0,0.0,0.0,0.69529529120829,10010880
f0b8b7c55f92,bdh_cq,propagate,20000,16,interp,"{""dim"": 1, ""distance"": 1, ""length"": 12, ""n_sources"": 1}",5,False,False,0,0.0,0.0,0.0,0.0,"[0.0, 0.0, 0.0, 0.0, 0.0]",0.0,0.0,0.0,0.7229041865842785,10010880
f0b8b7c55f92,bdh_cq,propagate,20000,16,interp,"{""dim"": 1, ""distance"": 2, ""length"": 12, ""n_sources"": 1}",5,False,False,0,0.0,0.0,0.0,0.0,"[0.0, 0.0, 0.0, 0.0, 0.0]",0.0,0.0,0.0,0.7323823794051334,10010880
f0b8b7c55f92,bdh_cq,propagate,20000,16,interp,"{""dim"": 1, ""distance"": 4, ""length"": 12, ""n_sources"": 1}",5,False,False,0,0.0,0.0,0.0,0.0,"[0.0, 0.0, 0.0, 0.0, 0.0]",0.0,0.0,0.0,0.6966966918996864,10010880
f0b8b7c55f92,bdh_cq,propagate,22500,16,interp,"{""dim"": 1, ""distance"": 1, ""length"": 12, ""n_sources"": 1}",5,False,False,0,0.0,0.0,0.0,0.0,"[0.0, 0.0, 0.0, 0.0, 0.0]",0.0,0.0,0.0,0.7161676615253537,10010880
f0b8b7c55f92,bdh_cq,propagate,22500,16,interp,"{""dim"": 1, ""distance"": 2, ""length"": 12, ""n_sources"": 1}",5,False,False,0,0.0,0.0,0.0,0.0,"[0.0, 0.0, 0.0, 0.0, 0.0]",0.0,0.0,0.0,0.7283283260133533,10010880
f0b8b7c55f92,bdh_cq,propagate,22500,16,interp,"{""dim"": 1, ""distance"": 4, ""length"": 12, ""n_sources"": 1}",5,False,False,0,0.0,0.0,0.0,0.0,"[0.0, 0.0, 0.0, 0.0, 0.0]",0.0,0.0,0.0,0.7143643584695306,10010880
f0b8b7c55f92,bdh_cq,propagate,25000,16,interp,"{""dim"": 1, ""distance"": 1, ""length"": 12, ""n_sources"": 1}",5,False,False,0,0.0,0.0,0.0,0.0,"[0.0, 0.0, 0.0, 0.0, 0.0]",0.0,0.0,0.0,0.7232534893883202,10010880
f0b8b7c55f92,bdh_cq,propagate,25000,16,interp,"{""dim"": 1, ""distance"": 2, ""length"": 12, ""n_sources"": 1}",5,False,False,0,0.0,0.0,0.0,0.0,"[0.0, 0.0, 0.0, 0.0, 0.0]",0.0,0.0,0.0,0.7371871831449303,10010880
f0b8b7c55f92,bdh_cq,propagate,25000,16,interp,"{""dim"": 1, ""distance"": 4, ""length"": 12, ""n_sources"": 1}",5,False,False,0,0.0,0.0,0.0,0.0,"[0.0, 0.0, 0.0, 0.0, 0.0]",0.0,0.0,0.0,0.7206706659571902,10010880
f0b8b7c55f92,bdh_cq,propagate,27500,16,interp,"{""dim"": 1, ""distance"": 1, ""length"": 12, ""n_sources"": 1}",5,False,False,0,0.0,0.0,0.0,0.0,"[0.0, 0.0, 0.0, 0.0, 0.0]",0.0,0.0,0.0,0.723403188795922,10010880
f0b8b7c55f92,bdh_cq,propagate,27500,16,interp,"{""dim"": 1, ""distance"": 2, ""length"": 12, ""n_sources"": 1}",5,False,False,0,0.0,0.0,0.0,0.0,"[0.0, 0.0, 0.0, 0.0, 0.0]",0.0,0.0,0.0,0.7417917872871364,10010880
f0b8b7c55f92,bdh_cq,propagate,27500,16,interp,"{""dim"": 1, ""distance"": 4, ""length"": 12, ""n_sources"": 1}",5,False,False,0,0.0,0.0,0.0,0.0,"[0.0, 0.0, 0.0, 0.0, 0.0]",0.0,0.0,0.0,0.7222722680540057,10010880
f0b8b7c55f92,bdh_cq,propagate,30000,16,interp,"{""dim"": 1, ""distance"": 1, ""length"": 12, ""n_sources"": 1}",5,False,False,0,0.0,0.0,0.0,0.0,"[0.0, 0.0, 0.0, 0.0, 0.0]",0.0,0.0,0.0,0.7197604749374047,10010880
f0b8b7c55f92,bdh_cq,propagate,30000,16,interp,"{""dim"": 1, ""distance"": 2, ""length"": 12, ""n_sources"": 1}",5,False,False,0,0.0,0.0,0.0,0.0,"[0.0, 0.0, 0.0, 0.0, 0.0]",0.0,0.0,0.0,0.7391391347657452,10010880
f0b8b7c55f92,bdh_cq,propagate,30000,16,interp,"{""dim"": 1, ""distance"": 4, ""length"": 12, ""n_sources"": 1}",5,False,False,0,0.0,0.0,0.0,0.0,"[0.0, 0.0, 0.0, 0.0, 0.0]",0.0,0.0,0.0,0.7304804758445635,10010880
f0b8b7c55f92,bdh_cq,propagate,32500,16,interp,"{""dim"": 1, ""distance"": 1, ""length"": 12, ""n_sources"": 1}",5,False,False,0,0.0,0.0,0.0,0.0,"[0.0, 0.0, 0.0, 0.0, 0.0]",0.0,0.0,0.0,0.7238023916002876,10010880
f0b8b7c55f92,bdh_cq,propagate,32500,16,interp,"{""dim"": 1, ""distance"": 2, ""length"": 12, ""n_sources"": 1}",5,False,False,0,0.0,0.0,0.0,0.0,"[0.0, 0.0, 0.0, 0.0, 0.0]",0.0,0.0,0.0,0.7432932886454435,10010880
f0b8b7c55f92,bdh_cq,propagate,32500,16,interp,"{""dim"": 1, ""distance"": 4, ""length"": 12, ""n_sources"": 1}",5,False,False,0,0.0,0.0,0.0,0.0,"[0.0, 0.0, 0.0, 0.0, 0.0]",0.0,0.0,0.0,0.7371871812028571,10010880
f0b8b7c55f92,bdh_cq,propagate,35000,16,interp,"{""dim"": 1, ""distance"": 1, ""length"": 12, ""n_sources"": 1}",5,False,False,0,0.0,0.0,0.0,0.0,"[0.0, 0.0, 0.0, 0.0, 0.0]",0.0,0.0,0.0,0.7240019926589406,10010880
f0b8b7c55f92,bdh_cq,propagate,35000,16,interp,"{""dim"": 1, ""distance"": 2, ""length"": 12, ""n_sources"": 1}",5,False,False,0,0.0,0.0,0.0,0.0,"[0.0, 0.0, 0.0, 0.0, 0.0]",0.0,0.0,0.0,0.7441941895642439,10010880
f0b8b7c55f92,bdh_cq,propagate,35000,16,interp,"{""dim"": 1, ""distance"": 4, ""length"": 12, ""n_sources"": 1}",5,False,False,0,0.0,0.0,0.0,0.0,"[0.0, 0.0, 0.0, 0.0, 0.0]",0.0,0.0,0.0,0.7325325276937571,10010880
f0b8b7c55f92,bdh_cq,propagate,37500,16,interp,"{""dim"": 1, ""distance"": 1, ""length"": 12, ""n_sources"": 1}",5,False,False,0,0.0,0.0,0.0,0.0,"[0.0, 0.0, 0.0, 0.0, 0.0]",0.0,0.0,0.0,0.7204091779843061,10010880
f0b8b7c55f92,bdh_cq,propagate,37500,16,interp,"{""dim"": 1, ""distance"": 2, ""length"": 12, ""n_sources"": 1}",5,False,False,0,0.0,0.0,0.0,0.0,"[0.0, 0.0, 0.0, 0.0, 0.0]",0.0,0.0,0.0,0.7402402355774745,10010880
f0b8b7c55f92,bdh_cq,propagate,37500,16,interp,"{""dim"": 1, ""distance"": 4, ""length"": 12, ""n_sources"": 1}",5,False,False,0,0.0,0.0,0.0,0.0,"[0.0, 0.0, 0.0, 0.0, 0.0]",0.0,0.0,0.0,0.7383883835496129,10010880
f0b8b7c55f92,bdh_cq,propagate,40000,16,interp,"{""dim"": 1, ""distance"": 1, ""length"": 12, ""n_sources"": 1}",5,False,False,0,0.0,0.0,0.0,0.0,"[0.0, 0.0, 0.0, 0.0, 0.0]",0.0,0.0,0.0,0.7211077804247775,10010880
f0b8b7c55f92,bdh_cq,propagate,40000,16,interp,"{""dim"": 1, ""distance"": 2, ""length"": 12, ""n_sources"": 1}",5,False,False,0,0.0,0.0,0.0,0.0,"[0.0, 0.0, 0.0, 0.0, 0.0]",0.0,0.0,0.0,0.7411411367379152,10010880
f0b8b7c55f92,bdh_cq,propagate,40000,16,interp,"{""dim"": 1, ""distance"": 4, ""length"": 12, ""n_sources"": 1}",5,False,False,0,0.0,0.0,0.0,0.0,"[0.0, 0.0, 0.0, 0.0, 0.0]",0.0,0.0,0.0,0.7387387341207212,10010880
f0b8b7c55f92,bdh_cq,propagate,40000,32,interp,"{""dim"": 1, ""distance"": 1, ""length"": 12, ""n_sources"": 1}",5,False,False,0,0.0,0.0,0.0,0.0,"[0.0, 0.0, 0.0, 0.0, 0.0]",0.0,0.0,0.0,0.7354291430668918,10010880
f0b8b7c55f92,bdh_cq,propagate,40000,32,interp,"{""dim"": 1, ""distance"": 2, ""length"": 12, ""n_sources"": 1}",5,False,False,0,0.0,0.0,0.0,0.0,"[0.0, 0.0, 0.0, 0.0, 0.0]",0.0,0.0,0.0,0.6901401480933925,10010880
f0b8b7c55f92,bdh_cq,propagate,40000,32,interp,"{""dim"": 1, ""distance"": 4, ""length"": 12, ""n_sources"": 1}",5,False,False,0,0.0,0.0,0.0,0.0,"[0.0, 0.0, 0.0, 0.0, 0.0]",0.0,0.0,0.0,0.5997997972163353,10010880
f0b8b7c55f92,bdh_cq,propagate,2500,1,mild,"{""dim"": 1, ""distance"": 6, ""length"": 12, ""n_sources"": 1}",5,False,False,0,0.0,0.0,0.0,0.0,"[0.0, 0.0, 0.0, 0.0, 0.0]",0.0,0.0,0.0,0.7848999894142151,10010880
f0b8b7c55f92,bdh_cq,propagate,2500,1,mild,"{""dim"": 1, ""distance"": 8, ""length"": 12, ""n_sources"": 1}",5,False,False,0,0.0,0.0,0.0,0.0,"[0.0, 0.0, 0.0, 0.0, 0.0]",0.0,0.0,0.0,0.7914999879866839,10010880
f0b8b7c55f92,bdh_cq,propagate,5000,1,mild,"{""dim"": 1, ""distance"": 6, ""length"": 12, ""n_sources"": 1}",5,False,False,0,0.0,0.0,0.0,0.0,"[0.0, 0.0, 0.0, 0.0, 0.0]",0.0,0.0,0.0,0.8036999861001968,10010880
f0b8b7c55f92,bdh_cq,propagate,5000,1,mild,"{""dim"": 1, ""distance"": 8, ""length"": 12, ""n_sources"": 1}",5,False,False,0,0.0,0.0,0.0,0.0,"[0.0, 0.0, 0.0, 0.0, 0.0]",0.0,0.0,0.0,0.8064999854803085,10010880
f0b8b7c55f92,bdh_cq,propagate,7500,1,mild,"{""dim"": 1, ""distance"": 6, ""length"": 12, ""n_sources"": 1}",5,False,False,0,0.0012000000000000001,0.0016,0.0,0.004,"[0.0, 0.002, 0.0, 0.004, 0.0]",0.0,0.0028,0.0012000000000000001,0.7885666551589967,10010880
f0b8b7c55f92,bdh_cq,propagate,7500,1,mild,"{""dim"": 1, ""distance"": 8, ""length"": 12, ""n_sources"": 1}",5,False,False,0,0.0008,0.0009797958971132714,0.0,0.002,"[0.0, 0.002, 0.002, 0.0, 0.0]",0.0,0.0016,0.0008,0.7601999875247479,10010880
f0b8b7c55f92,bdh_cq,propagate,10000,1,mild,"{""dim"": 1, ""distance"": 6, ""length"": 12, ""n_sources"": 1}",5,False,False,0,0.006,0.004195235392680606,0.002,0.014,"[0.004, 0.006, 0.002, 0.014, 0.004]",0.0032,0.01,0.006,0.7905999929428101,10010880
f0b8b7c55f92,bdh_cq,propagate,10000,1,mild,"{""dim"": 1, ""distance"": 8, ""length"": 12, ""n_sources"": 1}",5,False,False,0,0.0008,0.0009797958971132714,0.0,0.002,"[0.0, 0.002, 0.0, 0.002, 0.0]",0.0,0.0016,0.0008,0.7141999914169311,10010880
f0b8b7c55f92,bdh_cq,propagate,12500,1,mild,"{""dim"": 1, ""distance"": 6, ""length"": 12, ""n_sources"": 1}",5,False,False,0,0.039599999999999996,0.04550868049064925,0.01,0.13,"[0.01, 0.026, 0.014, 0.13, 0.018]",0.013199999999999998,0.08600000000000001,0.039599999999999996,0.8397666663646698,10010880
f0b8b7c55f92,bdh_cq,propagate,12500,1,mild,"{""dim"": 1, ""distance"": 8, ""length"": 12, ""n_sources"": 1}",5,False,False,0,0.0108,0.01671406593262094,0.0,0.044,"[0.0, 0.002, 0.006, 0.044, 0.002]",0.0012000000000000001,0.028000000000000004,0.0108,0.7610999945282936,10010880
f0b8b7c55f92,bdh_cq,propagate,15000,1,mild,"{""dim"": 1, ""distance"": 6, ""length"": 12, ""n_sources"": 1}",5,False,False,0,0.2152,0.12646327530156729,0.1,0.45,"[0.1, 0.222, 0.194, 0.45, 0.11]",0.12275,0.3364,0.2152,0.9086000053882598,10010880
f0b8b7c55f92,bdh_cq,propagate,15000,1,mild,"{""dim"": 1, ""distance"": 8, ""length"": 12, ""n_sources"": 1}",5,False,False,0,0.05840000000000001,0.07330375160931397,0.006,0.202,"[0.006, 0.038, 0.04, 0.202, 0.006]",0.0124,0.13040000000000002,0.05840000000000001,0.8329333338737488,10010880
f0b8b7c55f92,bdh_cq,propagate,17500,1,mild,"{""dim"": 1, ""distance"": 6, ""length"": 12, ""n_sources"": 1}",5,False,False,0,0.4528,0.22971495380144497,0.2,0.74,"[0.224, 0.702, 0.74, 0.2, 0.398]",0.2492,0.6488,0.4528,0.9378666710853578,10010880
f0b8b7c55f92,bdh_cq,propagate,17500,1,mild,"{""dim"": 1, ""distance"": 8, ""length"": 12, ""n_sources"": 1}",5,False,False,0,0.1464,0.1563708412716386,0.002,0.384,"[0.018, 0.384, 0.282, 0.002, 0.046]",0.0172,0.29039999999999994,0.1464,0.8438333359122276,10010880
f0b8b7c55f92,bdh_cq,propagate,20000,1,mild,"{""dim"": 1, ""distance"": 6, ""length"": 12, ""n_sources"": 1}",5,False,False,0,0.5760000000000001,0.23558947344904863,0.196,0.874,"[0.46, 0.75, 0.874, 0.196, 0.6]",0.3596,0.76648,0.5760000000000001,0.9546000039100647,10010880
f0b8b7c55f92,bdh_cq,propagate,20000,1,mild,"{""dim"": 1, ""distance"": 8, ""length"": 12, ""n_sources"": 1}",5,False,False,0,0.1728,0.18053963553746308,0.0,0.51,"[0.038, 0.178, 0.51, 0.0, 0.138]",0.042800000000000005,0.3417899999999998,0.1728,0.8596000000715256,10010880
f0b8b7c55f92,bdh_cq,propagate,22500,1,mild,"{""dim"": 1, ""distance"": 6, ""length"": 12, ""n_sources"": 1}",5,False,False,0,0.5700000000000001,0.20889040188577357,0.328,0.872,"[0.468, 0.76, 0.872, 0.328, 0.422]",0.3936,0.7595999999999999,0.5700000000000001,0.9549333377361299,10010880
f0b8b7c55f92,bdh_cq,propagate,22500,1,mild,"{""dim"": 1, ""distance"": 8, ""length"": 12, ""n_sources"": 1}",5,False,False,0,0.19760000000000003,0.22587217624134232,0.0,0.632,"[0.044, 0.168, 0.632, 0.0, 0.144]",0.0464,0.4169199999999999,0.19760000000000003,0.8722333344221116,10010880
f0b8b7c55f92,bdh_cq,propagate,25000,1,mild,"{""dim"": 1, ""distance"": 6, ""length"": 12, ""n_sources"": 1}",5,False,False,0,0.6003999999999999,0.21145363558000133,0.316,0.876,"[0.43, 0.794, 0.876, 0.316, 0.586]",0.41559999999999997,0.7707699999999996,0.6003999999999999,0.9596333382368087,10010880
f0b8b7c55f92,bdh_cq,propagate,25000,1,mild,"{""dim"": 1, ""distance"": 8, ""length"": 12, ""n_sources"": 1}",5,False,False,0,0.1992,0.24145094739925957,0.0,0.662,"[0.028, 0.198, 0.662, 0.0, 0.108]",0.0328,0.43688999999999995,0.1992,0.8715000017166139,10010880
f0b8b7c55f92,bdh_cq,propagate,27500,1,mild,"{""dim"": 1, ""distance"": 6, ""length"": 12, ""n_sources"": 1}",5,False,False,0,0.5660000000000001,0.20180386517606644,0.304,0.884,"[0.542, 0.678, 0.884, 0.304, 0.422]",0.3988,0.7472000000000001,0.5660000000000001,0.9569666722536088,10010880
f0b8b7c55f92,bdh_cq,propagate,27500,1,mild,"{""dim"": 1, ""distance"": 8, ""length"": 12, ""n_sources"": 1}",5,False,False,0,0.1968,0.240175269334709,0.0,0.656,"[0.018, 0.196, 0.656, 0.0, 0.114]",0.03,0.43288999999999994,0.1968,0.871100002169609,10010880
f0b8b7c55f92,bdh_cq,propagate,30000,1,mild,"{""dim"": 1, ""distance"": 6, ""length"": 12, ""n_sources"": 1}",5,False,False,0,0.6004,0.2077937438904261,0.404,0.94,"[0.468, 0.744, 0.94, 0.404, 0.446]",0.43360000000000004,0.7936,0.6004,0.9613000055074693,10010880
f0b8b7c55f92,bdh_cq,propagate,30000,1,mild,"{""dim"": 1, ""distance"": 8, ""length"": 12, ""n_sources"": 1}",5,False,False,0,0.1928,0.2646918208029859,0.0,0.714,"[0.036, 0.14, 0.714, 0.0, 0.074]",0.029199999999999997,0.45644,0.1928,0.8695000020503999,10010880
f0b8b7c55f92,bdh_cq,propagate,32500,1,mild,"{""dim"": 1, ""distance"": 6, ""length"": 12, ""n_sources"": 1}",5,False,False,0,0.6092000000000001,0.19138066778021234,0.404,0.932,"[0.404, 0.716, 0.932, 0.508, 0.486]",0.44560000000000005,0.7832,0.6092000000000001,0.9621666722536087,10010880
f0b8b7c55f92,bdh_cq,propagate,32500,1,mild,"{""dim"": 1, ""distance"": 8, ""length"": 12, ""n_sources"": 1}",5,False,False,0,0.19359999999999997,0.2548643560798567,0.0,0.692,"[0.022, 0.144, 0.692, 0.0, 0.11]",0.0308,0.44410999999999984,0.19359999999999997,0.8735666689157486,10010880
f0b8b7c55f92,bdh_cq,propagate,35000,1,mild,"{""dim"": 1, ""distance"": 6, ""length"": 12, ""n_sources"": 1}",5,False,False,0,0.666,0.1445766232832957,0.52,0.936,"[0.52, 0.68, 0.936, 0.58, 0.614]",0.5576,0.8016,0.666,0.9684666716575624,10010880
f0b8b7c55f92,bdh_cq,propagate,35000,1,mild,"{""dim"": 1, ""distance"": 8, ""length"": 12, ""n_sources"": 1}",5,False,False,0,0.1768,0.22571699094219735,0.0,0.616,"[0.018, 0.126, 0.616, 0.0, 0.124]",0.031999999999999994,0.39801000000000003,0.1768,0.8738333358764647,10010880
f0b8b7c55f92,bdh_cq,propagate,37500,1,mild,"{""dim"": 1, ""distance"": 6, ""length"": 12, ""n_sources"": 1}",5,False,False,0,0.6164000000000001,0.1686292975731086,0.472,0.922,"[0.472, 0.676, 0.922, 0.504, 0.508]",0.4864,0.7828000000000002,0.6164000000000001,0.9639333391427993,10010880
f0b8b7c55f92,bdh_cq,propagate,37500,1,mild,"{""dim"": 1, ""distance"": 8, ""length"": 12, ""n_sources"": 1}",5,False,False,0,0.1624,0.22696043708100316,0.0,0.61,"[0.018, 0.086, 0.61, 0.0, 0.098]",0.024399999999999998,0.38680000000000003,0.1624,0.8702000019311905,10010880
f0b8b7c55f92,bdh_cq,propagate,40000,1,mild,"{""dim"": 1, ""distance"": 6, ""length"": 12, ""n_sources"": 1}",5,False,False,0,0.6268,0.16557101195559568,0.47,0.926,"[0.47, 0.682, 0.926, 0.542, 0.514]",0.49873999999999996,0.786,0.6268,0.9646666721820832,10010880
f0b8b7c55f92,bdh_cq,propagate,40000,1,mild,"{""dim"": 1, ""distance"": 8, ""length"": 12, ""n_sources"": 1}",5,False,False,0,0.16799999999999998,0.2352428532389454,0.0,0.632,"[0.018, 0.098, 0.632, 0.0, 0.092]",0.0256,0.40123000000000003,0.16799999999999998,0.8698666686534882,10010880
f0b8b7c55f92,bdh_cq,propagate,40000,2,mild,"{""dim"": 1, ""distance"": 6, ""length"": 12, ""n_sources"": 1}",5,False,False,0,0.4412,0.15866240890645772,0.14,0.58,"[0.14, 0.564, 0.58, 0.458, 0.464]",0.26960000000000006,0.5504,0.4412,0.944200006699562,10010880
f0b8b7c55f92,bdh_cq,propagate,40000,2,mild,"{""dim"": 1, ""distance"": 8, ""length"": 12, ""n_sources"": 1}",5,False,False,0,0.0752,0.0920399913081265,0.0,0.24,"[0.022, 0.112, 0.24, 0.002, 0.0]",0.005200000000000001,0.1664,0.0752,0.8721333294868471,10010880
f0b8b7c55f92,bdh_cq,propagate,2500,4,mild,"{""dim"": 1, ""distance"": 6, ""length"": 12, ""n_sources"": 1}",5,False,False,0,0.0,0.0,0.0,0.0,"[0.0, 0.0, 0.0, 0.0, 0.0]",0.0,0.0,0.0,0.7828999885082245,10010880
f0b8b7c55f92,bdh_cq,propagate,2500,4,mild,"{""dim"": 1, ""distance"": 8, ""length"": 12, ""n_sources"": 1}",5,False,False,0,0.0,0.0,0.0,0.0,"[0.0, 0.0, 0.0, 0.0, 0.0]",0.0,0.0,0.0,0.789166653907299,10010880
f0b8b7c55f92,bdh_cq,propagate,5000,4,mild,"{""dim"": 1, ""distance"": 6, ""length"": 12, ""n_sources"": 1}",5,False,False,0,0.0,0.0,0.0,0.0,"[0.0, 0.0, 0.0, 0.0, 0.0]",0.0,0.0,0.0,0.7965999858140945,10010880
f0b8b7c55f92,bdh_cq,propagate,5000,4,mild,"{""dim"": 1, ""distance"": 8, ""length"": 12, ""n_sources"": 1}",5,False,False,0,0.0,0.0,0.0,0.0,"[0.0, 0.0, 0.0, 0.0, 0.0]",0.0,0.0,0.0,0.7987333183586597,10010880
f0b8b7c55f92,bdh_cq,propagate,7500,4,mild,"{""dim"": 1, ""distance"": 6, ""length"": 12, ""n_sources"": 1}",5,False,False,0,0.0,0.0,0.0,0.0,"[0.0, 0.0, 0.0, 0.0, 0.0]",0.0,0.0,0.0,0.7718333235263825,10010880
f0b8b7c55f92,bdh_cq,propagate,7500,4,mild,"{""dim"": 1, ""distance"": 8, ""length"": 12, ""n_sources"": 1}",5,False,False,0,0.0,0.0,0.0,0.0,"[0.0, 0.0, 0.0, 0.0, 0.0]",0.0,0.0,0.0,0.7604999881088734,10010880
f0b8b7c55f92,bdh_cq,propagate,10000,4,mild,"{""dim"": 1, ""distance"": 6, ""length"": 12, ""n_sources"": 1}",5,False,False,0,0.0016,0.0014966629547095765,0.0,0.004,"[0.004, 0.002, 0.0, 0.002, 0.0]",0.0004,0.0028,0.0016,0.7890333254218101,10010880
f0b8b7c55f92,bdh_cq,propagate,10000,4,mild,"{""dim"": 1, ""distance"": 8, ""length"": 12, ""n_sources"": 1}",5,False,False,0,0.0,0.0,0.0,0.0,"[0.0, 0.0, 0.0, 0.0, 0.0]",0.0,0.0,0.0,0.7706666573524475,10010880
f0b8b7c55f92,bdh_cq,propagate,12500,4,mild,"{""dim"": 1, ""distance"": 6, ""length"": 12, ""n_sources"": 1}",5,False,False,0,0.005200000000000001,0.004833218389437829,0.0,0.014,"[0.0, 0.002, 0.014, 0.004, 0.006]",0.0016,0.009600000000000001,0.005200000000000001,0.8247666578292847,10010880
f0b8b7c55f92,bdh_cq,propagate,12500,4,mild,"{""dim"": 1, ""distance"": 8, ""length"": 12, ""n_sources"": 1}",5,False,False,0,0.002,0.0017888543819998318,0.0,0.004,"[0.0, 0.0, 0.004, 0.004, 0.002]",0.0004,0.0036000000000000003,0.002,0.798299991953373,10010880
f0b8b7c55f92,bdh_cq,propagate,15000,4,mild,"{""dim"": 1, ""distance"": 6, ""length"": 12, ""n_sources"": 1}",5,False,False,0,0.17800000000000002,0.11484946669445183,0.028,0.288,"[0.264, 0.028, 0.048, 0.262, 0.288]",0.07920000000000002,0.2732,0.17800000000000002,0.898366669368744,10010880
f0b8b7c55f92,bdh_cq,propagate,15000,4,mild,"{""dim"": 1, ""distance"": 8, ""length"": 12, ""n_sources"": 1}",5,False,False,0,0.0156,0.02299217258111986,0.0,0.06,"[0.0, 0.002, 0.016, 0.06, 0.0]",0.0004,0.0392,0.0156,0.8293666583776474,10010880
f0b8b7c55f92,bdh_cq,propagate,17500,4,mild,"{""dim"": 1, ""distance"": 6, ""length"": 12, ""n_sources"": 1}",5,False,False,0,0.4915999999999999,0.19400371130470676,0.214,0.75,"[0.75, 0.214, 0.392, 0.434, 0.668]",0.3292,0.6704000000000001,0.4915999999999999,0.9494333398103713,10010880
f0b8b7c55f92,bdh_cq,propagate,17500,4,mild,"{""dim"": 1, ""distance"": 8, ""length"": 12, ""n_sources"": 1}",5,False,False,0,0.0076,0.008890444308357146,0.0,0.022,"[0.022, 0.0, 0.014, 0.002, 0.0]",0.0004,0.015999999999999997,0.0076,0.8433333295345307,10010880
f0b8b7c55f92,bdh_cq,propagate,20000,4,mild,"{""dim"": 1, ""distance"": 6, ""length"": 12, ""n_sources"": 1}",5,False,False,0,0.634,0.19925862591115096,0.396,0.902,"[0.902, 0.754, 0.396, 0.41, 0.708]",0.4640000000000001,0.804,0.634,0.967100006175041,10010880
f0b8b7c55f92,bdh_cq,propagate,20000,4,mild,"{""dim"": 1, ""distance"": 8, ""length"": 12, ""n_sources"": 1}",5,False,False,0,0.0316,0.0401078545923364,0.002,0.106,"[0.106, 0.004, 0.042, 0.002, 0.004]",0.0032,0.07239999999999999,0.0316,0.8576666647434233,10010880
f0b8b7c55f92,bdh_cq,propagate,22500,4,mild,"{""dim"": 1, ""distance"": 6, ""length"": 12, ""n_sources"": 1}",5,False,False,0,0.764,0.1642826832018518,0.49,0.912,"[0.912, 0.85, 0.906, 0.49, 0.662]",0.6076,0.8972,0.764,0.9791333374500276,10010880
f0b8b7c55f92,bdh_cq,propagate,22500,4,mild,"{""dim"": 1, ""distance"": 8, ""length"": 12, ""n_sources"": 1}",5,False,False,0,0.033600000000000005,0.03874841932259947,0.0,0.092,"[0.068, 0.008, 0.092, 0.0, 0.0]",0.0016,0.0688,0.033600000000000005,0.8643999977827072,10010880
f0b8b7c55f92,bdh_cq,propagate,25000,4,mild,"{""dim"": 1, ""distance"": 6, ""length"": 12, ""n_sources"": 1}",5,False,False,0,0.7428,0.22506034746263057,0.332,0.924,"[0.924, 0.876, 0.912, 0.332, 0.67]",0.5156,0.9096,0.7428,0.9776000046730042,10010880
f0b8b7c55f92,bdh_cq,propagate,25000,4,mild,"{""dim"": 1, ""distance"": 8, ""length"": 12, ""n_sources"": 1}",5,False,False,0,0.0752,0.10130824250770518,0.0,0.272,"[0.062, 0.042, 0.272, 0.0, 0.0]",0.008400000000000001,0.17560000000000003,0.0752,0.8659333317279815,10010880
f0b8b7c55f92,bdh_cq,propagate,27500,4,mild,"{""dim"": 1, ""distance"": 6, ""length"": 12, ""n_sources"": 1}",5,False,False,0,0.7656,0.2796380517740745,0.254,0.988,"[0.952, 0.958, 0.988, 0.254, 0.676]",0.4852,0.9676,0.7656,0.9796000042676927,10010880
f0b8b7c55f92,bdh_cq,propagate,27500,4,mild,"{""dim"": 1, ""distance"": 8, ""length"": 12, ""n_sources"": 1}",5,False,False,0,0.0744,0.08299783129696824,0.0,0.218,"[0.04, 0.114, 0.218, 0.0, 0.0]",0.008,0.15360000000000001,0.0744,0.8695999979496003,10010880
f0b8b7c55f92,bdh_cq,propagate,30000,4,mild,"{""dim"": 1, ""distance"": 6, ""length"": 12, ""n_sources"": 1}",5,False,False,0,0.7799999999999999,0.22724788227836143,0.348,0.988,"[0.928, 0.86, 0.988, 0.348, 0.776]",0.5616,0.9384,0.7799999999999999,0.9809000040054322,10010880
f0b8b7c55f92,bdh_cq,propagate,30000,4,mild,"{""dim"": 1, ""distance"": 8, ""length"": 12, ""n_sources"": 1}",5,False,False,0,0.0852,0.12157368136237383,0.0,0.32,"[0.02, 0.086, 0.32, 0.0, 0.0]",0.004,0.2092,0.0852,0.8696999974250794,10010880
f0b8b7c55f92,bdh_cq,propagate,32500,4,mild,"{""dim"": 1, ""distance"": 6, ""length"": 12, ""n_sources"": 1}",5,False,False,0,0.8103999999999999,0.21248774082285313,0.42,0.994,"[0.956, 0.932, 0.994, 0.42, 0.75]",0.6007999999999999,0.9663999999999999,0.8103999999999999,0.9837333368778228,10010880
f0b8b7c55f92,bdh_cq,propagate,32500,4,mild,"{""dim"": 1, ""distance"": 8, ""length"": 12, ""n_sources"": 1}",5,False,False,0,0.1028,0.11439300677926076,0.0,0.29,"[0.042, 0.18, 0.29, 0.002, 0.0]",0.009200000000000002,0.21039999999999998,0.1028,0.8774999985694885,10010880
f0b8b7c55f92,bdh_cq,propagate,35000,4,mild,"{""dim"": 1, ""distance"": 6, ""length"": 12, ""n_sources"": 1}",5,False,False,0,0.8131999999999999,0.22117721401627247,0.414,0.988,"[0.982, 0.952, 0.988, 0.414, 0.73]",0.592,0.9783999999999999,0.8131999999999999,0.9836333366632463,10010880
f0b8b7c55f92,bdh_cq,propagate,35000,4,mild,"{""dim"": 1, ""distance"": 8, ""length"": 12, ""n_sources"": 1}",5,False,False,0,0.088,0.09828936870282565,0.0,0.242,"[0.03, 0.166, 0.242, 0.002, 0.0]",0.0068000000000000005,0.17880000000000001,0.088,0.8748666653394699,10010880
f0b8b7c55f92,bdh_cq,propagate,37500,4,mild,"{""dim"": 1, ""distance"": 6, ""length"": 12, ""n_sources"": 1}",5,False,False,0,0.8059999999999998,0.2295526083493716,0.388,0.988,"[0.974, 0.952, 0.988, 0.388, 0.728]",0.576,0.9751999999999998,0.8059999999999998,0.9831666702270508,10010880
f0b8b7c55f92,bdh_cq,propagate,37500,4,mild,"{""dim"": 1, ""distance"": 8, ""length"": 12, ""n_sources"": 1}",5,False,False,0,0.1068,0.11313425652736664,0.0,0.276,"[0.038, 0.208, 0.276, 0.012, 0.0]",0.0124,0.2096,0.1068,0.8815999994993209,10010880
f0b8b7c55f92,bdh_cq,propagate,40000,4,mild,"{""dim"": 1, ""distance"": 6, ""length"": 12, ""n_sources"": 1}",5,False,False,0,0.8056000000000001,0.23578430821409638,0.37,0.992,"[0.978, 0.946, 0.992, 0.37, 0.742]",0.5688000000000001,0.9771999999999998,0.8056000000000001,0.983066670203209,10010880
f0b8b7c55f92,bdh_cq,propagate,40000,4,mild,"{""dim"": 1, ""distance"": 8, ""length"": 12, ""n_sources"": 1}",5,False,False,0,0.11400000000000002,0.12712198865656563,0.0,0.316,"[0.028, 0.212, 0.316, 0.014, 0.0]",0.0112,0.23479999999999998,0.11400000000000002,0.8836666664361955,10010880
f0b8b7c55f92,bdh_cq,propagate,40000,8,mild,"{""dim"": 1, ""distance"": 6, ""length"": 12, ""n_sources"": 1}",5,False,False,0,0.0,0.0,0.0,0.0,"[0.0, 0.0, 0.0, 0.0, 0.0]",0.0,0.0,0.0,0.6560666667938232,10010880
f0b8b7c55f92,bdh_cq,propagate,40000,8,mild,"{""dim"": 1, ""distance"": 8, ""length"": 12, ""n_sources"": 1}",5,False,False,0,0.0,0.0,0.0,0.0,"[0.0, 0.0, 0.0, 0.0, 0.0]",0.0,0.0,0.0,0.6205333287715912,10010880
f0b8b7c55f92,bdh_cq,propagate,2500,16,mild,"{""dim"": 1, ""distance"": 6, ""length"": 12, ""n_sources"": 1}",5,False,False,0,0.0,0.0,0.0,0.0,"[0.0, 0.0, 0.0, 0.0, 0.0]",0.0,0.0,0.0,0.7656666552901268,10010880
f0b8b7c55f92,bdh_cq,propagate,2500,16,mild,"{""dim"": 1, ""distance"": 8, ""length"": 12, ""n_sources"": 1}",5,False,False,0,0.0,0.0,0.0,0.0,"[0.0, 0.0, 0.0, 0.0, 0.0]",0.0,0.0,0.0,0.7693999874085188,10010880
f0b8b7c55f92,bdh_cq,propagate,5000,16,mild,"{""dim"": 1, ""distance"": 6, ""length"": 12, ""n_sources"": 1}",5,False,False,0,0.0,0.0,0.0,0.0,"[0.0, 0.0, 0.0, 0.0, 0.0]",0.0,0.0,0.0,0.7465333303034305,10010880
f0b8b7c55f92,bdh_cq,propagate,5000,16,mild,"{""dim"": 1, ""distance"": 8, ""length"": 12, ""n_sources"": 1}",5,False,False,0,0.0,0.0,0.0,0.0,"[0.0, 0.0, 0.0, 0.0, 0.0]",0.0,0.0,0.0,0.7512999963998794,10010880
f0b8b7c55f92,bdh_cq,propagate,7500,16,mild,"{""dim"": 1, ""distance"": 6, ""length"": 12, ""n_sources"": 1}",5,False,False,0,0.0,0.0,0.0,0.0,"[0.0, 0.0, 0.0, 0.0, 0.0]",0.0,0.0,0.0,0.7622999931633474,10010880
f0b8b7c55f92,bdh_cq,propagate,7500,16,mild,"{""dim"": 1, ""distance"": 8, ""length"": 12, ""n_sources"": 1}",5,False,False,0,0.0,0.0,0.0,0.0,"[0.0, 0.0, 0.0, 0.0, 0.0]",0.0,0.0,0.0,0.7630999930948019,10010880
f0b8b7c55f92,bdh_cq,propagate,10000,16,mild,"{""dim"": 1, ""distance"": 6, ""length"": 12, ""n_sources"": 1}",5,False,False,0,0.0,0.0,0.0,0.0,"[0.0, 0.0, 0.0, 0.0, 0.0]",0.0,0.0,0.0,0.7791999932765961,10010880
f0b8b7c55f92,bdh_cq,propagate,10000,16,mild,"{""dim"": 1, ""distance"": 8, ""length"": 12, ""n_sources"": 1}",5,False,False,0,0.0,0.0,0.0,0.0,"[0.0, 0.0, 0.0, 0.0, 0.0]",0.0,0.0,0.0,0.7761333263993263,10010880
f0b8b7c55f92,bdh_cq,propagate,12500,16,mild,"{""dim"": 1, ""distance"": 6, ""length"": 12, ""n_sources"": 1}",5,False,False,0,0.0,0.0,0.0,0.0,"[0.0, 0.0, 0.0, 0.0, 0.0]",0.0,0.0,0.0,0.7591999950289726,10010880
f0b8b7c55f92,bdh_cq,propagate,12500,16,mild,"{""dim"": 1, ""distance"": 8, ""length"": 12, ""n_sources"": 1}",5,False,False,0,0.0,0.0,0.0,0.0,"[0.0, 0.0, 0.0, 0.0, 0.0]",0.0,0.0,0.0,0.7626999943554401,10010880
f0b8b7c55f92,bdh_cq,propagate,15000,16,mild,"{""dim"": 1, ""distance"": 6, ""length"": 12, ""n_sources"": 1}",5,False,False,0,0.0,0.0,0.0,0.0,"[0.0, 0.0, 0.0, 0.0, 0.0]",0.0,0.0,0.0,0.6962666633546353,10010880
f0b8b7c55f92,bdh_cq,propagate,15000,16,mild,"{""dim"": 1, ""distance"": 8, ""length"": 12, ""n_sources"": 1}",5,False,False,0,0.0,0.0,0.0,0.0,"[0.0, 0.0, 0.0, 0.0, 0.0]",0.0,0.0,0.0,0.7065333301246166,10010880
f0b8b7c55f92,bdh_cq,propagate,17500,16,mild,"{""dim"": 1, ""distance"": 6, ""length"": 12, ""n_sources"": 1}",5,False,False,0,0.0,0.0,0.0,0.0,"[0.0, 0.0, 0.0, 0.0, 0.0]",0.0,0.0,0.0,0.667999996459484,10010880
f0b8b7c55f92,bdh_cq,propagate,17500,16,mild,"{""dim"": 1, ""distance"": 8, ""length"": 12, ""n_sources"": 1}",5,False,False,0,0.0,0.0,0.0,0.0,"[0.0, 0.0, 0.0, 0.0, 0.0]",0.0,0.0,0.0,0.6603333305805922,10010880
f0b8b7c55f92,bdh_cq,propagate,20000,16,mild,"{""dim"": 1, ""distance"": 6, ""length"": 12, ""n_sources"": 1}",5,False,False,0,0.0,0.0,0.0,0.0,"[0.0, 0.0, 0.0, 0.0, 0.0]",0.0,0.0,0.0,0.6625333294451237,10010880
f0b8b7c55f92,bdh_cq,propagate,20000,16,mild,"{""dim"": 1, ""distance"": 8, ""length"": 12, ""n_sources"": 1}",5,False,False,0,0.0,0.0,0.0,0.0,"[0.0, 0.0, 0.0, 0.0, 0.0]",0.0,0.0,0.0,0.6436333300501108,10010880
f0b8b7c55f92,bdh_cq,propagate,22500,16,mild,"{""dim"": 1, ""distance"": 6, ""length"": 12, ""n_sources"": 1}",5,False,False,0,0.0,0.0,0.0,0.0,"[0.0, 0.0, 0.0, 0.0, 0.0]",0.0,0.0,0.0,0.6658333295583725,10010880
f0b8b7c55f92,bdh_cq,propagate,22500,16,mild,"{""dim"": 1, ""distance"": 8, ""length"": 12, ""n_sources"": 1}",5,False,False,0,0.0,0.0,0.0,0.0,"[0.0, 0.0, 0.0, 0.0, 0.0]",0.0,0.0,0.0,0.6395666628181934,10010880
f0b8b7c55f92,bdh_cq,propagate,25000,16,mild,"{""dim"": 1, ""distance"": 6, ""length"": 12, ""n_sources"": 1}",5,False,False,0,0.0,0.0,0.0,0.0,"[0.0, 0.0, 0.0, 0.0, 0.0]",0.0,0.0,0.0,0.6683666622757911,10010880
f0b8b7c55f92,bdh_cq,propagate,25000,16,mild,"{""dim"": 1, ""distance"": 8, ""length"": 12, ""n_sources"": 1}",5,False,False,0,0.0,0.0,0.0,0.0,"[0.0, 0.0, 0.0, 0.0, 0.0]",0.0,0.0,0.0,0.6398333289772272,10010880
f0b8b7c55f92,bdh_cq,propagate,27500,16,mild,"{""dim"": 1, ""distance"": 6, ""length"": 12, ""n_sources"": 1}",5,False,False,0,0.0,0.0,0.0,0.0,"[0.0, 0.0, 0.0, 0.0, 0.0]",0.0,0.0,0.0,0.6715999947190284,10010880
f0b8b7c55f92,bdh_cq,propagate,27500,16,mild,"{""dim"": 1, ""distance"": 8, ""length"": 12, ""n_sources"": 1}",5,False,False,0,0.0,0.0,0.0,0.0,"[0.0, 0.0, 0.0, 0.0, 0.0]",0.0,0.0,0.0,0.6580999948024749,10010880
f0b8b7c55f92,bdh_cq,propagate,30000,16,mild,"{""dim"": 1, ""distance"": 6, ""length"": 12, ""n_sources"": 1}",5,False,False,0,0.0,0.0,0.0,0.0,"[0.0, 0.0, 0.0, 0.0, 0.0]",0.0,0.0,0.0,0.6829333282113075,10010880
f0b8b7c55f92,bdh_cq,propagate,30000,16,mild,"{""dim"": 1, ""distance"": 8, ""length"": 12, ""n_sources"": 1}",5,False,False,0,0.0,0.0,0.0,0.0,"[0.0, 0.0, 0.0, 0.0, 0.0]",0.0,0.0,0.0,0.667633328461647,10010880
f0b8b7c55f92,bdh_cq,propagate,32500,16,mild,"{""dim"": 1, ""distance"": 6, ""length"": 12, ""n_sources"": 1}",5,False,False,0,0.0,0.0,0.0,0.0,"[0.0, 0.0, 0.0, 0.0, 0.0]",0.0,0.0,0.0,0.6803999940395355,10010880
f0b8b7c55f92,bdh_cq,propagate,32500,16,mild,"{""dim"": 1, ""distance"": 8, ""length"": 12, ""n_sources"": 1}",5,False,False,0,0.0,0.0,0.0,0.0,"[0.0, 0.0, 0.0, 0.0, 0.0]",0.0,0.0,0.0,0.668433327895403,10010880
f0b8b7c55f92,bdh_cq,propagate,35000,16,mild,"{""dim"": 1, ""distance"": 6, ""length"": 12, ""n_sources"": 1}",5,False,False,0,0.0,0.0,0.0,0.0,"[0.0, 0.0, 0.0, 0.0, 0.0]",0.0,0.0,0.0,0.6763333276629448,10010880
f0b8b7c55f92,bdh_cq,propagate,35000,16,mild,"{""dim"": 1, ""distance"": 8, ""length"": 12, ""n_sources"": 1}",5,False,False,0,0.0,0.0,0.0,0.0,"[0.0, 0.0, 0.0, 0.0, 0.0]",0.0,0.0,0.0,0.6691999950438738,10010880
f0b8b7c55f92,bdh_cq,propagate,37500,16,mild,"{""dim"": 1, ""distance"": 6, ""length"": 12, ""n_sources"": 1}",5,False,False,0,0.0,0.0,0.0,0.0,"[0.0, 0.0, 0.0, 0.0, 0.0]",0.0,0.0,0.0,0.687666661298275,10010880
f0b8b7c55f92,bdh_cq,propagate,37500,16,mild,"{""dim"": 1, ""distance"": 8, ""length"": 12, ""n_sources"": 1}",5,False,False,0,0.0,0.0,0.0,0.0,"[0.0, 0.0, 0.0, 0.0, 0.0]",0.0,0.0,0.0,0.6751333286195994,10010880
f0b8b7c55f92,bdh_cq,propagate,40000,16,mild,"{""dim"": 1, ""distance"": 6, ""length"": 12, ""n_sources"": 1}",5,False,False,0,0.0,0.0,0.0,0.0,"[0.0, 0.0, 0.0, 0.0, 0.0]",0.0,0.0,0.0,0.6873333278179169,10010880
f0b8b7c55f92,bdh_cq,propagate,40000,16,mild,"{""dim"": 1, ""distance"": 8, ""length"": 12, ""n_sources"": 1}",5,False,False,0,0.0,0.0,0.0,0.0,"[0.0, 0.0, 0.0, 0.0, 0.0]",0.0,0.0,0.0,0.6737333285838365,10010880
f0b8b7c55f92,bdh_cq,propagate,40000,32,mild,"{""dim"": 1, ""distance"": 6, ""length"": 12, ""n_sources"": 1}",5,False,False,0,0.0,0.0,0.0,0.0,"[0.0, 0.0, 0.0, 0.0, 0.0]",0.0,0.0,0.0,0.5139000010609627,10010880
f0b8b7c55f92,bdh_cq,propagate,40000,32,mild,"{""dim"": 1, ""distance"": 8, ""length"": 12, ""n_sources"": 1}",5,False,False,0,0.0,0.0,0.0,0.0,"[0.0, 0.0, 0.0, 0.0, 0.0]",0.0,0.0,0.0,0.4790333320319652,10010880
f0b8b7c55f92,bdh_cq,propagate,2500,1,strong,"{""dim"": 1, ""distance"": 12, ""length"": 48, ""n_sources"": 1}",5,False,False,0,0.0,0.0,0.0,0.0,"[0.0, 0.0, 0.0, 0.0, 0.0]",0.0,0.0,0.0,0.7436416516780853,10010880
f0b8b7c55f92,bdh_cq,propagate,2500,1,strong,"{""dim"": 1, ""distance"": 24, ""length"": 48, ""n_sources"": 1}",5,False,False,0,0.0,0.0,0.0,0.0,"[0.0, 0.0, 0.0, 0.0, 0.0]",0.0,0.0,0.0,0.6144250021815301,10010880
f0b8b7c55f92,bdh_cq,propagate,5000,1,strong,"{""dim"": 1, ""distance"": 12, ""length"": 48, ""n_sources"": 1}",5,False,False,0,0.0,0.0,0.0,0.0,"[0.0, 0.0, 0.0, 0.0, 0.0]",0.0,0.0,0.0,0.733674985051155,10010880
f0b8b7c55f92,bdh_cq,propagate,5000,1,strong,"{""dim"": 1, ""distance"": 24, ""length"": 48, ""n_sources"": 1}",5,False,False,0,0.0,0.0,0.0,0.0,"[0.0, 0.0, 0.0, 0.0, 0.0]",0.0,0.0,0.0,0.5914666680574416,10010880
f0b8b7c55f92,bdh_cq,propagate,7500,1,strong,"{""dim"": 1, ""distance"": 12, ""length"": 48, ""n_sources"": 1}",5,False,False,0,0.0,0.0,0.0,0.0,"[0.0, 0.0, 0.0, 0.0, 0.0]",0.0,0.0,0.0,0.7517749870300293,10010880
f0b8b7c55f92,bdh_cq,propagate,7500,1,strong,"{""dim"": 1, ""distance"": 24, ""length"": 48, ""n_sources"": 1}",5,False,False,0,0.0,0.0,0.0,0.0,"[0.0, 0.0, 0.0, 0.0, 0.0]",0.0,0.0,0.0,0.6351833336472512,10010880
f0b8b7c55f92,bdh_cq,propagate,10000,1,strong,"{""dim"": 1, ""distance"": 12, ""length"": 48, ""n_sources"": 1}",5,False,False,0,0.0,0.0,0.0,0.0,"[0.0, 0.0, 0.0, 0.0, 0.0]",0.0,0.0,0.0,0.772908322930336,10010880
f0b8b7c55f92,bdh_cq,propagate,10000,1,strong,"{""dim"": 1, ""distance"": 24, ""length"": 48, ""n_sources"": 1}",5,False,False,0,0.0,0.0,0.0,0.0,"[0.0, 0.0, 0.0, 0.0, 0.0]",0.0,0.0,0.0,0.684424999499321,10010880
f0b8b7c55f92,bdh_cq,propagate,12500,1,strong,"{""dim"": 1, ""distance"": 12, ""length"": 48, ""n_sources"": 1}",5,False,False,0,0.0,0.0,0.0,0.0,"[0.0, 0.0, 0.0, 0.0, 0.0]",0.0,0.0,0.0,0.765499988079071,10010880
f0b8b7c55f92,bdh_cq,propagate,12500,1,strong,"{""dim"": 1, ""distance"": 24, ""length"": 48, ""n_sources"": 1}",5,False,False,0,0.0,0.0,0.0,0.0,"[0.0, 0.0, 0.0, 0.0, 0.0]",0.0,0.0,0.0,0.6554749997675419,10010880
f0b8b7c55f92,bdh_cq,propagate,15000,1,strong,"{""dim"": 1, ""distance"": 12, ""length"": 48, ""n_sources"": 1}",5,False,False,0,0.0,0.0,0.0,0.0,"[0.0, 0.0, 0.0, 0.0, 0.0]",0.0,0.0,0.0,0.7287249843358994,10010880
f0b8b7c55f92,bdh_cq,propagate,15000,1,strong,"{""dim"": 1, ""distance"": 24, ""length"": 48, ""n_sources"": 1}",5,False,False,0,0.0,0.0,0.0,0.0,"[0.0, 0.0, 0.0, 0.0, 0.0]",0.0,0.0,0.0,0.5465583351671696,10010880
f0b8b7c55f92,bdh_cq,propagate,17500,1,strong,"{""dim"": 1, ""distance"": 12, ""length"": 48, ""n_sources"": 1}",5,False,False,0,0.0,0.0,0.0,0.0,"[0.0, 0.0, 0.0, 0.0, 0.0]",0.0,0.0,0.0,0.7255166510820389,10010880
f0b8b7c55f92,bdh_cq,propagate,17500,1,strong,"{""dim"": 1, ""distance"": 24, ""length"": 48, ""n_sources"": 1}",5,False,False,0,0.0,0.0,0.0,0.0,"[0.0, 0.0, 0.0, 0.0, 0.0]",0.0,0.0,0.0,0.526908336776495,10010880
f0b8b7c55f92,bdh_cq,propagate,20000,1,strong,"{""dim"": 1, ""distance"": 12, ""length"": 48, ""n_sources"": 1}",5,False,False,0,0.0,0.0,0.0,0.0,"[0.0, 0.0, 0.0, 0.0, 0.0]",0.0,0.0,0.0,0.7206249838948249,10010880
f0b8b7c55f92,bdh_cq,propagate,20000,1,strong,"{""dim"": 1, ""distance"": 24, ""length"": 48, ""n_sources"": 1}",5,False,False,0,0.0,0.0,0.0,0.0,"[0.0, 0.0, 0.0, 0.0, 0.0]",0.0,0.0,0.0,0.5007666709393263,10010880
f0b8b7c55f92,bdh_cq,propagate,22500,1,strong,"{""dim"": 1, ""distance"": 12, ""length"": 48, ""n_sources"": 1}",5,False,False,0,0.0,0.0,0.0,0.0,"[0.0, 0.0, 0.0, 0.0, 0.0]",0.0,0.0,0.0,0.722016651391983,10010880
f0b8b7c55f92,bdh_cq,propagate,22500,1,strong,"{""dim"": 1, ""distance"": 24, ""length"": 48, ""n_sources"": 1}",5,False,False,0,0.0,0.0,0.0,0.0,"[0.0, 0.0, 0.0, 0.0, 0.0]",0.0,0.0,0.0,0.5063750041663646,10010880
f0b8b7c55f92,bdh_cq,propagate,25000,1,strong,"{""dim"": 1, ""distance"": 12, ""length"": 48, ""n_sources"": 1}",5,False,False,0,0.0,0.0,0.0,0.0,"[0.0, 0.0, 0.0, 0.0, 0.0]",0.0,0.0,0.0,0.7230749849319459,10010880
f0b8b7c55f92,bdh_cq,propagate,25000,1,strong,"{""dim"": 1, ""distance"": 24, ""length"": 48, ""n_sources"": 1}",5,False,False,0,0.0,0.0,0.0,0.0,"[0.0, 0.0, 0.0, 0.0, 0.0]",0.0,0.0,0.0,0.5104000035762788,10010880
f0b8b7c55f92,bdh_cq,propagate,27500,1,strong,"{""dim"": 1, ""distance"": 12, ""length"": 48, ""n_sources"": 1}",5,False,False,0,0.0,0.0,0.0,0.0,"[0.0, 0.0, 0.0, 0.0, 0.0]",0.0,0.0,0.0,0.7276416521310806,10010880
f0b8b7c55f92,bdh_cq,propagate,27500,1,strong,"{""dim"": 1, ""distance"": 24, ""length"": 48, ""n_sources"": 1}",5,False,False,0,0.0,0.0,0.0,0.0,"[0.0, 0.0, 0.0, 0.0, 0.0]",0.0,0.0,0.0,0.5243583361625671,10010880
f0b8b7c55f92,bdh_cq,propagate,30000,1,strong,"{""dim"": 1, ""distance"": 12, ""length"": 48, ""n_sources"": 1}",5,False,False,0,0.0,0.0,0.0,0.0,"[0.0, 0.0, 0.0, 0.0, 0.0]",0.0,0.0,0.0,0.7284083189964294,10010880
f0b8b7c55f92,bdh_cq,propagate,30000,1,strong,"{""dim"": 1, ""distance"": 24, ""length"": 48, ""n_sources"": 1}",5,False,False,0,0.0,0.0,0.0,0.0,"[0.0, 0.0, 0.0, 0.0, 0.0]",0.0,0.0,0.0,0.5270583362996578,10010880
f0b8b7c55f92,bdh_cq,propagate,32500,1,strong,"{""dim"": 1, ""distance"": 12, ""length"": 48, ""n_sources"": 1}",5,False,False,0,0.0,0.0,0.0,0.0,"[0.0, 0.0, 0.0, 0.0, 0.0]",0.0,0.0,0.0,0.7267749857425689,10010880
f0b8b7c55f92,bdh_cq,propagate,32500,1,strong,"{""dim"": 1, ""distance"": 24, ""length"": 48, ""n_sources"": 1}",5,False,False,0,0.0,0.0,0.0,0.0,"[0.0, 0.0, 0.0, 0.0, 0.0]",0.0,0.0,0.0,0.5198750034093857,10010880
f0b8b7c55f92,bdh_cq,propagate,35000,1,strong,"{""dim"": 1, ""distance"": 12, ""length"": 48, ""n_sources"": 1}",5,False,False,0,0.0,0.0,0.0,0.0,"[0.0, 0.0, 0.0, 0.0, 0.0]",0.0,0.0,0.0,0.7259583185911179,10010880
f0b8b7c55f92,bdh_cq,propagate,35000,1,strong,"{""dim"": 1, ""distance"": 24, ""length"": 48, ""n_sources"": 1}",5,False,False,0,0.0,0.0,0.0,0.0,"[0.0, 0.0, 0.0, 0.0, 0.0]",0.0,0.0,0.0,0.5177833369493484,10010880
f0b8b7c55f92,bdh_cq,propagate,37500,1,strong,"{""dim"": 1, ""distance"": 12, ""length"": 48, ""n_sources"": 1}",5,False,False,0,0.0,0.0,0.0,0.0,"[0.0, 0.0, 0.0, 0.0, 0.0]",0.0,0.0,0.0,0.7253833186388017,10010880
f0b8b7c55f92,bdh_cq,propagate,37500,1,strong,"{""dim"": 1, ""distance"": 24, ""length"": 48, ""n_sources"": 1}",5,False,False,0,0.0,0.0,0.0,0.0,"[0.0, 0.0, 0.0, 0.0, 0.0]",0.0,0.0,0.0,0.5155500031471253,10010880
f0b8b7c55f92,bdh_cq,propagate,40000,1,strong,"{""dim"": 1, ""distance"": 12, ""length"": 48, ""n_sources"": 1}",5,False,False,0,0.0,0.0,0.0,0.0,"[0.0, 0.0, 0.0, 0.0, 0.0]",0.0,0.0,0.0,0.7251333185195923,10010880
f0b8b7c55f92,bdh_cq,propagate,40000,1,strong,"{""dim"": 1, ""distance"": 24, ""length"": 48, ""n_sources"": 1}",5,False,False,0,0.0,0.0,0.0,0.0,"[0.0, 0.0, 0.0, 0.0, 0.0]",0.0,0.0,0.0,0.5149583367824555,10010880
f0b8b7c55f92,bdh_cq,propagate,40000,2,strong,"{""dim"": 1, ""distance"": 12, ""length"": 48, ""n_sources"": 1}",5,False,False,0,0.0,0.0,0.0,0.0,"[0.0, 0.0, 0.0, 0.0, 0.0]",0.0,0.0,0.0,0.7239249849557876,10010880
f0b8b7c55f92,bdh_cq,propagate,40000,2,strong,"{""dim"": 1, ""distance"": 24, ""length"": 48, ""n_sources"": 1}",5,False,False,0,0.0,0.0,0.0,0.0,"[0.0, 0.0, 0.0, 0.0, 0.0]",0.0,0.0,0.0,0.5122416700661182,10010880
f0b8b7c55f92,bdh_cq,propagate,2500,4,strong,"{""dim"": 1, ""distance"": 12, ""length"": 48, ""n_sources"": 1}",5,False,False,0,0.0,0.0,0.0,0.0,"[0.0, 0.0, 0.0, 0.0, 0.0]",0.0,0.0,0.0,0.7408333184242248,10010880
f0b8b7c55f92,bdh_cq,propagate,2500,4,strong,"{""dim"": 1, ""distance"": 24, ""length"": 48, ""n_sources"": 1}",5,False,False,0,0.0,0.0,0.0,0.0,"[0.0, 0.0, 0.0, 0.0, 0.0]",0.0,0.0,0.0,0.6067333359599113,10010880
f0b8b7c55f92,bdh_cq,propagate,5000,4,strong,"{""dim"": 1, ""distance"": 12, ""length"": 48, ""n_sources"": 1}",5,False,False,0,0.0,0.0,0.0,0.0,"[0.0, 0.0, 0.0, 0.0, 0.0]",0.0,0.0,0.0,0.7290666510820389,10010880
f0b8b7c55f92,bdh_cq,propagate,5000,4,strong,"{""dim"": 1, ""distance"": 24, ""length"": 48, ""n_sources"": 1}",5,False,False,0,0.0,0.0,0.0,0.0,"[0.0, 0.0, 0.0, 0.0, 0.0]",0.0,0.0,0.0,0.5793916681647301,10010880
f0b8b7c55f92,bdh_cq,propagate,7500,4,strong,"{""dim"": 1, ""distance"": 12, ""length"": 48, ""n_sources"": 1}",5,False,False,0,0.0,0.0,0.0,0.0,"[0.0, 0.0, 0.0, 0.0, 0.0]",0.0,0.0,0.0,0.7449999855995179,10010880
f0b8b7c55f92,bdh_cq,propagate,7500,4,strong,"{""dim"": 1, ""distance"": 24, ""length"": 48, ""n_sources"": 1}",5,False,False,0,0.0,0.0,0.0,0.0,"[0.0, 0.0, 0.0, 0.0, 0.0]",0.0,0.0,0.0,0.616633333981037,10010880
f0b8b7c55f92,bdh_cq,propagate,10000,4,strong,"{""dim"": 1, ""distance"": 12, ""length"": 48, ""n_sources"": 1}",5,False,False,0,0.0,0.0,0.0,0.0,"[0.0, 0.0, 0.0, 0.0, 0.0]",0.0,0.0,0.0,0.7615499879121781,10010880
f0b8b7c55f92,bdh_cq,propagate,10000,4,strong,"{""dim"": 1, ""distance"": 24, ""length"": 48, ""n_sources"": 1}",5,False,False,0,0.0,0.0,0.0,0.0,"[0.0, 0.0, 0.0, 0.0, 0.0]",0.0,0.0,0.0,0.6586416660428047,10010880
f0b8b7c55f92,bdh_cq,propagate,12500,4,strong,"{""dim"": 1, ""distance"": 12, ""length"": 48, ""n_sources"": 1}",5,False,False,0,0.0,0.0,0.0,0.0,"[0.0, 0.0, 0.0, 0.0, 0.0]",0.0,0.0,0.0,0.7564999874353409,10010880
f0b8b7c55f92,bdh_cq,propagate,12500,4,strong,"{""dim"": 1, ""distance"": 24, ""length"": 48, ""n_sources"": 1}",5,False,False,0,0.0,0.0,0.0,0.0,"[0.0, 0.0, 0.0, 0.0, 0.0]",0.0,0.0,0.0,0.6373083332121372,10010880
f0b8b7c55f92,bdh_cq,propagate,15000,4,strong,"{""dim"": 1, ""distance"": 12, ""length"": 48, ""n_sources"": 1}",5,False,False,0,0.0,0.0,0.0,0.0,"[0.0, 0.0, 0.0, 0.0, 0.0]",0.0,0.0,0.0,0.7238333177328109,10010880
f0b8b7c55f92,bdh_cq,propagate,15000,4,strong,"{""dim"": 1, ""distance"": 24, ""length"": 48, ""n_sources"": 1}",5,False,False,0,0.0,0.0,0.0,0.0,"[0.0, 0.0, 0.0, 0.0, 0.0]",0.0,0.0,0.0,0.5408750014603138,10010880
f0b8b7c55f92,bdh_cq,propagate,17500,4,strong,"{""dim"": 1, ""distance"": 12, ""length"": 48, ""n_sources"": 1}",5,False,False,0,0.0,0.0,0.0,0.0,"[0.0, 0.0, 0.0, 0.0, 0.0]",0.0,0.0,0.0,0.7215666513085365,10010880
f0b8b7c55f92,bdh_cq,propagate,17500,4,strong,"{""dim"": 1, ""distance"": 24, ""length"": 48, ""n_sources"": 1}",5,False,False,0,0.0,0.0,0.0,0.0,"[0.0, 0.0, 0.0, 0.0, 0.0]",0.0,0.0,0.0,0.523900003400445,10010880
f0b8b7c55f92,bdh_cq,propagate,20000,4,strong,"{""dim"": 1, ""distance"": 12, ""length"": 48, ""n_sources"": 1}",5,False,False,0,0.0,0.0,0.0,0.0,"[0.0, 0.0, 0.0, 0.0, 0.0]",0.0,0.0,0.0,0.7180833174347878,10010880
f0b8b7c55f92,bdh_cq,propagate,20000,4,strong,"{""dim"": 1, ""distance"": 24, ""length"": 48, ""n_sources"": 1}",5,False,False,0,0.0,0.0,0.0,0.0,"[0.0, 0.0, 0.0, 0.0, 0.0]",0.0,0.0,0.0,0.5014416705071926,10010880
f0b8b7c55f92,bdh_cq,propagate,22500,4,strong,"{""dim"": 1, ""distance"": 12, ""length"": 48, ""n_sources"": 1}",5,False,False,0,0.0,0.0,0.0,0.0,"[0.0, 0.0, 0.0, 0.0, 0.0]",0.0,0.0,0.0,0.7205583180308341,10010880
f0b8b7c55f92,bdh_cq,propagate,22500,4,strong,"{""dim"": 1, ""distance"": 24, ""length"": 48, ""n_sources"": 1}",5,False,False,0,0.0,0.0,0.0,0.0,"[0.0, 0.0, 0.0, 0.0, 0.0]",0.0,0.0,0.0,0.5070833371549845,10010880
f0b8b7c55f92,bdh_cq,propagate,25000,4,strong,"{""dim"": 1, ""distance"": 12, ""length"": 48, ""n_sources"": 1}",5,False,False,0,0.0,0.0,0.0,0.0,"[0.0, 0.0, 0.0, 0.0, 0.0]",0.0,0.0,0.0,0.721291651415825,10010880
f0b8b7c55f92,bdh_cq,propagate,25000,4,strong,"{""dim"": 1, ""distance"": 24, ""length"": 48, ""n_sources"": 1}",5,False,False,0,0.0,0.0,0.0,0.0,"[0.0, 0.0, 0.0, 0.0, 0.0]",0.0,0.0,0.0,0.5117083370551467,10010880
f0b8b7c55f92,bdh_cq,propagate,27500,4,strong,"{""dim"": 1, ""distance"": 12, ""length"": 48, ""n_sources"": 1}",5,False,False,0,0.0,0.0,0.0,0.0,"[0.0, 0.0, 0.0, 0.0, 0.0]",0.0,0.0,0.0,0.7260499855279923,10010880
f0b8b7c55f92,bdh_cq,propagate,27500,4,strong,"{""dim"": 1, ""distance"": 24, ""length"": 48, ""n_sources"": 1}",5,False,False,0,0.0,0.0,0.0,0.0,"[0.0, 0.0, 0.0, 0.0, 0.0]",0.0,0.0,0.0,0.5250750031173229,10010880
f0b8b7c55f92,bdh_cq,propagate,30000,4,strong,"{""dim"": 1, ""distance"": 12, ""length"": 48, ""n_sources"": 1}",5,False,False,0,0.0,0.0,0.0,0.0,"[0.0, 0.0, 0.0, 0.0, 0.0]",0.0,0.0,0.0,0.7274833191037178,10010880
f0b8b7c55f92,bdh_cq,propagate,30000,4,strong,"{""dim"": 1, ""distance"": 24, ""length"": 48, ""n_sources"": 1}",5,False,False,0,0.0,0.0,0.0,0.0,"[0.0, 0.0, 0.0, 0.0, 0.0]",0.0,0.0,0.0,0.5282000035077333,10010880
f0b8b7c55f92,bdh_cq,propagate,32500,4,strong,"{""dim"": 1, ""distance"": 12, ""length"": 48, ""n_sources"": 1}",5,False,False,0,0.0,0.0,0.0,0.0,"[0.0, 0.0, 0.0, 0.0, 0.0]",0.0,0.0,0.0,0.7254166520833969,10010880
f0b8b7c55f92,bdh_cq,propagate,32500,4,strong,"{""dim"": 1, ""distance"": 24, ""length"": 48, ""n_sources"": 1}",5,False,False,0,0.0,0.0,0.0,0.0,"[0.0, 0.0, 0.0, 0.0, 0.0]",0.0,0.0,0.0,0.5211750031709672,10010880
f0b8b7c55f92,bdh_cq,propagate,35000,4,strong,"{""dim"": 1, ""distance"": 12, ""length"": 48, ""n_sources"": 1}",5,False,False,0,0.0,0.0,0.0,0.0,"[0.0, 0.0, 0.0, 0.0, 0.0]",0.0,0.0,0.0,0.7243333184957504,10010880
f0b8b7c55f92,bdh_cq,propagate,35000,4,strong,"{""dim"": 1, ""distance"": 24, ""length"": 48, ""n_sources"": 1}",5,False,False,0,0.0,0.0,0.0,0.0,"[0.0, 0.0, 0.0, 0.0, 0.0]",0.0,0.0,0.0,0.5175500033646822,10010880
f0b8b7c55f92,bdh_cq,propagate,37500,4,strong,"{""dim"": 1, ""distance"": 12, ""length"": 48, ""n_sources"": 1}",5,False,False,0,0.0,0.0,0.0,0.0,"[0.0, 0.0, 0.0, 0.0, 0.0]",0.0,0.0,0.0,0.7235083186149597,10010880
f0b8b7c55f92,bdh_cq,propagate,37500,4,strong,"{""dim"": 1, ""distance"": 24, ""length"": 48, ""n_sources"": 1}",5,False,False,0,0.0,0.0,0.0,0.0,"[0.0, 0.0, 0.0, 0.0, 0.0]",0.0,0.0,0.0,0.5152666700512171,10010880
f0b8b7c55f92,bdh_cq,propagate,40000,4,strong,"{""dim"": 1, ""distance"": 12, ""length"": 48, ""n_sources"": 1}",5,False,False,0,0.0,0.0,0.0,0.0,"[0.0, 0.0, 0.0, 0.0, 0.0]",0.0,0.0,0.0,0.7234999850273132,10010880
f0b8b7c55f92,bdh_cq,propagate,40000,4,strong,"{""dim"": 1, ""distance"": 24, ""length"": 48, ""n_sources"": 1}",5,False,False,0,0.0,0.0,0.0,0.0,"[0.0, 0.0, 0.0, 0.0, 0.0]",0.0,0.0,0.0,0.5150750034302474,10010880
f0b8b7c55f92,bdh_cq,propagate,40000,8,strong,"{""dim"": 1, ""distance"": 12, ""length"": 48, ""n_sources"": 1}",5,False,False,0,0.0,0.0,0.0,0.0,"[0.0, 0.0, 0.0, 0.0, 0.0]",0.0,0.0,0.0,0.7238166520714759,10010880
f0b8b7c55f92,bdh_cq,propagate,40000,8,strong,"{""dim"": 1, ""distance"": 24, ""length"": 48, ""n_sources"": 1}",5,False,False,0,0.0,0.0,0.0,0.0,"[0.0, 0.0, 0.0, 0.0, 0.0]",0.0,0.0,0.0,0.5218500031590462,10010880
f0b8b7c55f92,bdh_cq,propagate,2500,16,strong,"{""dim"": 1, ""distance"": 12, ""length"": 48, ""n_sources"": 1}",5,False,False,0,0.0,0.0,0.0,0.0,"[0.0, 0.0, 0.0, 0.0, 0.0]",0.0,0.0,0.0,0.7358666511774064,10010880
f0b8b7c55f92,bdh_cq,propagate,2500,16,strong,"{""dim"": 1, ""distance"": 24, ""length"": 48, ""n_sources"": 1}",5,False,False,0,0.0,0.0,0.0,0.0,"[0.0, 0.0, 0.0, 0.0, 0.0]",0.0,0.0,0.0,0.5879083367705346,10010880
f0b8b7c55f92,bdh_cq,propagate,5000,16,strong,"{""dim"": 1, ""distance"": 12, ""length"": 48, ""n_sources"": 1}",5,False,False,0,0.0,0.0,0.0,0.0,"[0.0, 0.0, 0.0, 0.0, 0.0]",0.0,0.0,0.0,0.7278666512012482,10010880
f0b8b7c55f92,bdh_cq,propagate,5000,16,strong,"{""dim"": 1, ""distance"": 24, ""length"": 48, ""n_sources"": 1}",5,False,False,0,0.0,0.0,0.0,0.0,"[0.0, 0.0, 0.0, 0.0, 0.0]",0.0,0.0,0.0,0.5853000025033951,10010880
f0b8b7c55f92,bdh_cq,propagate,7500,16,strong,"{""dim"": 1, ""distance"": 12, ""length"": 48, ""n_sources"": 1}",5,False,False,0,0.0,0.0,0.0,0.0,"[0.0, 0.0, 0.0, 0.0, 0.0]",0.0,0.0,0.0,0.738783321595192,10010880
f0b8b7c55f92,bdh_cq,propagate,7500,16,strong,"{""dim"": 1, ""distance"": 24, ""length"": 48, ""n_sources"": 1}",5,False,False,0,0.0,0.0,0.0,0.0,"[0.0, 0.0, 0.0, 0.0, 0.0]",0.0,0.0,0.0,0.623158334684372,10010880
f0b8b7c55f92,bdh_cq,propagate,10000,16,strong,"{""dim"": 1, ""distance"": 12, ""length"": 48, ""n_sources"": 1}",5,False,False,0,0.0,0.0,0.0,0.0,"[0.0, 0.0, 0.0, 0.0, 0.0]",0.0,0.0,0.0,0.7490416577577592,10010880
f0b8b7c55f92,bdh_cq,propagate,10000,16,strong,"{""dim"": 1, ""distance"": 24, ""length"": 48, ""n_sources"": 1}",5,False,False,0,0.0,0.0,0.0,0.0,"[0.0, 0.0, 0.0, 0.0, 0.0]",0.0,0.0,0.0,0.6381166678190231,10010880
f0b8b7c55f92,bdh_cq,propagate,12500,16,strong,"{""dim"": 1, ""distance"": 12, ""length"": 48, ""n_sources"": 1}",5,False,False,0,0.0,0.0,0.0,0.0,"[0.0, 0.0, 0.0, 0.0, 0.0]",0.0,0.0,0.0,0.746658323764801,10010880
f0b8b7c55f92,bdh_cq,propagate,12500,16,strong,"{""dim"": 1, ""distance"": 24, ""length"": 48, ""n_sources"": 1}",5,False,False,0,0.0,0.0,0.0,0.0,"[0.0, 0.0, 0.0, 0.0, 0.0]",0.0,0.0,0.0,0.6222333341300488,10010880
f0b8b7c55f92,bdh_cq,propagate,15000,16,strong,"{""dim"": 1, ""distance"": 12, ""length"": 48, ""n_sources"": 1}",5,False,False,0,0.0,0.0,0.0,0.0,"[0.0, 0.0, 0.0, 0.0, 0.0]",0.0,0.0,0.0,0.723358319747448,10010880
f0b8b7c55f92,bdh_cq,propagate,15000,16,strong,"{""dim"": 1, ""distance"": 24, ""length"": 48, ""n_sources"": 1}",5,False,False,0,0.0,0.0,0.0,0.0,"[0.0, 0.0, 0.0, 0.0, 0.0]",0.0,0.0,0.0,0.5507416692137719,10010880
f0b8b7c55f92,bdh_cq,propagate,17500,16,strong,"{""dim"": 1, ""distance"": 12, ""length"": 48, ""n_sources"": 1}",5,False,False,0,0.0,0.0,0.0,0.0,"[0.0, 0.0, 0.0, 0.0, 0.0]",0.0,0.0,0.0,0.7179833186149598,10010880
f0b8b7c55f92,bdh_cq,propagate,17500,16,strong,"{""dim"": 1, ""distance"": 24, ""length"": 48, ""n_sources"": 1}",5,False,False,0,0.0,0.0,0.0,0.0,"[0.0, 0.0, 0.0, 0.0, 0.0]",0.0,0.0,0.0,0.5219833377540111,10010880
f0b8b7c55f92,bdh_cq,propagate,20000,16,strong,"{""dim"": 1, ""distance"": 12, ""length"": 48, ""n_sources"": 1}",5,False,False,0,0.0,0.0,0.0,0.0,"[0.0, 0.0, 0.0, 0.0, 0.0]",0.0,0.0,0.0,0.7179333176732063,10010880
f0b8b7c55f92,bdh_cq,propagate,20000,16,strong,"{""dim"": 1, ""distance"": 24, ""length"": 48, ""n_sources"": 1}",5,False,False,0,0.0,0.0,0.0,0.0,"[0.0, 0.0, 0.0, 0.0, 0.0]",0.0,0.0,0.0,0.5071916711330414,10010880
f0b8b7c55f92,bdh_cq,propagate,22500,16,strong,"{""dim"": 1, ""distance"": 12, ""length"": 48, ""n_sources"": 1}",5,False,False,0,0.0,0.0,0.0,0.0,"[0.0, 0.0, 0.0, 0.0, 0.0]",0.0,0.0,0.0,0.7193333183169365,10010880
f0b8b7c55f92,bdh_cq,propagate,22500,16,strong,"{""dim"": 1, ""distance"": 24, ""length"": 48, ""n_sources"": 1}",5,False,False,0,0.0,0.0,0.0,0.0,"[0.0, 0.0, 0.0, 0.0, 0.0]",0.0,0.0,0.0,0.5096250040501357,10010880
f0b8b7c55f92,bdh_cq,propagate,25000,16,strong,"{""dim"": 1, ""distance"": 12, ""length"": 48, ""n_sources"": 1}",5,False,False,0,0.0,0.0,0.0,0.0,"[0.0, 0.0, 0.0, 0.0, 0.0]",0.0,0.0,0.0,0.7203083183050155,10010880
f0b8b7c55f92,bdh_cq,propagate,25000,16,strong,"{""dim"": 1, ""distance"": 24, ""length"": 48, ""n_sources"": 1}",5,False,False,0,0.0,0.0,0.0,0.0,"[0.0, 0.0, 0.0, 0.0, 0.0]",0.0,0.0,0.0,0.5157666704386472,10010880
f0b8b7c55f92,bdh_cq,propagate,27500,16,strong,"{""dim"": 1, ""distance"": 12, ""length"": 48, ""n_sources"": 1}",5,False,False,0,0.0,0.0,0.0,0.0,"[0.0, 0.0, 0.0, 0.0, 0.0]",0.0,0.0,0.0,0.7263749856233598,10010880
f0b8b7c55f92,bdh_cq,propagate,27500,16,strong,"{""dim"": 1, ""distance"": 24, ""length"": 48, ""n_sources"": 1}",5,False,False,0,0.0,0.0,0.0,0.0,"[0.0, 0.0, 0.0, 0.0, 0.0]",0.0,0.0,0.0,0.5330666700333357,10010880
f0b8b7c55f92,bdh_cq,propagate,30000,16,strong,"{""dim"": 1, ""distance"": 12, ""length"": 48, ""n_sources"": 1}",5,False,False,0,0.0,0.0,0.0,0.0,"[0.0, 0.0, 0.0, 0.0, 0.0]",0.0,0.0,0.0,0.7286166524171829,10010880
f0b8b7c55f92,bdh_cq,propagate,30000,16,strong,"{""dim"": 1, ""distance"": 24, ""length"": 48, ""n_sources"": 1}",5,False,False,0,0.0,0.0,0.0,0.0,"[0.0, 0.0, 0.0, 0.0, 0.0]",0.0,0.0,0.0,0.5405666701406241,10010880
f0b8b7c55f92,bdh_cq,propagate,32500,16,strong,"{""dim"": 1, ""distance"": 12, ""length"": 48, ""n_sources"": 1}",5,False,False,0,0.0,0.0,0.0,0.0,"[0.0, 0.0, 0.0, 0.0, 0.0]",0.0,0.0,0.0,0.72528331874609,10010880
f0b8b7c55f92,bdh_cq,propagate,32500,16,strong,"{""dim"": 1, ""distance"": 24, ""length"": 48, ""n_sources"": 1}",5,False,False,0,0.0,0.0,0.0,0.0,"[0.0, 0.0, 0.0, 0.0, 0.0]",0.0,0.0,0.0,0.5333250034689904,10010880
f0b8b7c55f92,bdh_cq,propagate,35000,16,strong,"{""dim"": 1, ""distance"": 12, ""length"": 48, ""n_sources"": 1}",5,False,False,0,0.0,0.0,0.0,0.0,"[0.0, 0.0, 0.0, 0.0, 0.0]",0.0,0.0,0.0,0.7252583188772201,10010880
f0b8b7c55f92,bdh_cq,propagate,35000,16,strong,"{""dim"": 1, ""distance"": 24, ""length"": 48, ""n_sources"": 1}",5,False,False,0,0.0,0.0,0.0,0.0,"[0.0, 0.0, 0.0, 0.0, 0.0]",0.0,0.0,0.0,0.5292416700750591,10010880
f0b8b7c55f92,bdh_cq,propagate,37500,16,strong,"{""dim"": 1, ""distance"": 12, ""length"": 48, ""n_sources"": 1}",5,False,False,0,0.0,0.0,0.0,0.0,"[0.0, 0.0, 0.0, 0.0, 0.0]",0.0,0.0,0.0,0.7238916522026062,10010880
f0b8b7c55f92,bdh_cq,propagate,37500,16,strong,"{""dim"": 1, ""distance"": 24, ""length"": 48, ""n_sources"": 1}",5,False,False,0,0.0,0.0,0.0,0.0,"[0.0, 0.0, 0.0, 0.0, 0.0]",0.0,0.0,0.0,0.5246666700154543,10010880
f0b8b7c55f92,bdh_cq,propagate,40000,16,strong,"{""dim"": 1, ""distance"": 12, ""length"": 48, ""n_sources"": 1}",5,False,False,0,0.0,0.0,0.0,0.0,"[0.0, 0.0, 0.0, 0.0, 0.0]",0.0,0.0,0.0,0.7235166521549224,10010880
f0b8b7c55f92,bdh_cq,propagate,40000,16,strong,"{""dim"": 1, ""distance"": 24, ""length"": 48, ""n_sources"": 1}",5,False,False,0,0.0,0.0,0.0,0.0,"[0.0, 0.0, 0.0, 0.0, 0.0]",0.0,0.0,0.0,0.5245916701763867,10010880
f0b8b7c55f92,bdh_cq,propagate,40000,32,strong,"{""dim"": 1, ""distance"": 12, ""length"": 48, ""n_sources"": 1}",5,False,False,0,0.0,0.0,0.0,0.0,"[0.0, 0.0, 0.0, 0.0, 0.0]",0.0,0.0,0.0,0.7286583185315132,10010880
f0b8b7c55f92,bdh_cq,propagate,40000,32,strong,"{""dim"": 1, ""distance"": 24, ""length"": 48, ""n_sources"": 1}",5,False,False,0,0.0,0.0,0.0,0.0,"[0.0, 0.0, 0.0, 0.0, 0.0]",0.0,0.0,0.0,0.5297000033020973,10010880
2d1c70257fcb,looped_transformer,propagate,2500,1,interp,"{""dim"": 1, ""distance"": 1, ""length"": 12, ""n_sources"": 1}",5,False,False,0,0.9155688622754491,0.047240917181595274,0.8263473053892215,0.9670658682634731,"[0.9341317365269461, 0.9670658682634731, 0.9221556886227545, 0.9281437125748503, 0.8263473053892215]",0.8682634730538922,0.9514970059880239,0.9155688622754491,0.9924650713355241,9965316
2d1c70257fcb,looped_transformer,propagate,2500,1,interp,"{""dim"": 1, ""distance"": 2, ""length"": 12, ""n_sources"": 1}",5,False,False,0,0.927927927927928,0.02685967540540289,0.8828828828828829,0.960960960960961,"[0.948948948948949, 0.960960960960961, 0.924924924924925, 0.9219219219219219, 0.8828828828828829]",0.9045045045045045,0.9507507507507509,0.927927927927928,0.9927427438644317,9965316
2d1c70257fcb,looped_transformer,propagate,2500,1,interp,"{""dim"": 1, ""distance"": 4, ""length"": 12, ""n_sources"": 1}",5,False,False,0,0.9315315315315316,0.013616557415921465,0.9219219219219219,0.9579579579579579,"[0.9579579579579579, 0.924924924924925, 0.9219219219219219, 0.9219219219219219, 0.9309309309309309]",0.9225225225225225,0.9453453453453452,0.9315315315315316,0.9895895902100984,9965316
2d1c70257fcb,looped_transformer,propagate,5000,1,interp,"{""dim"": 1, ""distance"": 1, ""length"": 12, ""n_sources"": 1}",5,False,False,0,0.9580838323353295,0.024249648780019856,0.9161676646706587,0.9820359281437125,"[0.9760479041916168, 0.9700598802395209, 0.9820359281437125, 0.9461077844311377, 0.9161676646706587]",0.9353293413173652,0.977245508982036,0.9580838323353295,0.9963572861905583,9965316
2d1c70257fcb,looped_transformer,propagate,5000,1,interp,"{""dim"": 1, ""distance"": 2, ""length"": 12, ""n_sources"": 1}",5,False,False,0,0.9717717717717719,0.012683911160326059,0.954954954954955,0.993993993993994,"[0.993993993993994, 0.9669669669669669, 0.96996996996997, 0.972972972972973, 0.954954954954955]",0.960960960960961,0.9837837837837838,0.9717717717717719,0.9971471475051331,9965316
2d1c70257fcb,looped_transformer,propagate,5000,1,interp,"{""dim"": 1, ""distance"": 4, ""length"": 12, ""n_sources"": 1}",5,False,False,0,0.9747747747747748,0.010157077792965609,0.963963963963964,0.990990990990991,"[0.9669669669669669, 0.96996996996997, 0.9819819819819819, 0.990990990990991, 0.963963963963964]",0.9663663663663664,0.9837987987987988,0.9747747747747748,0.9965965968710524,9965316
2d1c70257fcb,looped_transformer,propagate,7500,1,interp,"{""dim"": 1, ""distance"": 1, ""length"": 12, ""n_sources"": 1}",5,False,False,0,0.978443113772455,0.015077459056304404,0.9520958083832335,0.9940119760479041,"[0.9730538922155688, 0.9940119760479041, 0.9820359281437125, 0.9910179640718563, 0.9520958083832335]",0.9646556886227543,0.9898203592814371,0.978443113772455,0.9982035932426682,9965316
2d1c70257fcb,looped_transformer,propagate,7500,1,interp,"{""dim"": 1, ""distance"": 2, ""length"": 12, ""n_sources"": 1}",5,False,False,0,0.9867867867867869,0.004879302345126722,0.9819819819819819,0.993993993993994,"[0.990990990990991, 0.993993993993994, 0.984984984984985, 0.9819819819819819, 0.9819819819819819]",0.9825825825825826,0.9915915915915916,0.9867867867867869,0.9983983985654585,9965316
2d1c70257fcb,looped_transformer,propagate,7500,1,interp,"{""dim"": 1, ""distance"": 4, ""length"": 12, ""n_sources"": 1}",5,False,False,0,0.9855855855855855,0.007453257445039562,0.975975975975976,0.993993993993994,"[0.978978978978979, 0.984984984984985, 0.993993993993994, 0.975975975975976, 0.993993993993994]",0.978978978978979,0.9921921921921921,0.9855855855855855,0.9979979980099308,9965316
2d1c70257fcb,looped_transformer,propagate,10000,1,interp,"{""dim"": 1, ""distance"": 1, ""length"": 12, ""n_sources"": 1}",5,False,False,0,0.9874251497005988,0.0034915879609852068,0.9820359281437125,0.9910179640718563,"[0.9820359281437125, 0.9910179640718563, 0.9910179640718563, 0.9850299401197605, 0.9880239520958084]",0.9844161676646707,0.9904191616766467,0.9874251497005988,0.998902195834828,9965316
2d1c70257fcb,looped_transformer,propagate,10000,1,interp,"{""dim"": 1, ""distance"": 2, ""length"": 12, ""n_sources"": 1}",5,False,False,0,0.984984984984985,0.004246887574693978,0.978978978978979,0.990990990990991,"[0.990990990990991, 0.978978978978979, 0.987987987987988, 0.984984984984985, 0.9819819819819819]",0.9813813813813814,0.9885885885885886,0.984984984984985,0.9987487490470703,9965316
2d1c70257fcb,looped_transformer,propagate,10000,1,interp,"{""dim"": 1, ""distance"": 4, ""length"": 12, ""n_sources"": 1}",5,False,False,0,0.9891891891891891,0.004494483347476185,0.984984984984985,0.996996996996997,"[0.984984984984985, 0.996996996996997, 0.990990990990991, 0.987987987987988, 0.984984984984985]",0.9855855855855855,0.9933933933933934,0.9891891891891891,0.9984484485677771,9965316
2d1c70257fcb,looped_transformer,propagate,12500,1,interp,"{""dim"": 1, ""distance"": 1, ""length"": 12, ""n_sources"": 1}",5,False,False,0,0.9880239520958083,0.007574317748906269,0.9760479041916168,0.9940119760479041,"[0.9940119760479041, 0.9940119760479041, 0.9820359281437125, 0.9940119760479041, 0.9760479041916168]",0.9808383233532935,0.994011976047904,0.9880239520958083,0.9990019962459268,9965316
2d1c70257fcb,looped_transformer,propagate,12500,1,interp,"{""dim"": 1, ""distance"": 2, ""length"": 12, ""n_sources"": 1}",5,False,False,0,0.993993993993994,0.002685967540540277,0.990990990990991,0.996996996996997,"[0.990990990990991, 0.996996996996997, 0.990990990990991, 0.993993993993994, 0.996996996996997]",0.9915915915915916,0.9963963963963964,0.993993993993994,0.9993493494328793,9965316
2d1c70257fcb,looped_transformer,propagate,12500,1,interp,"{""dim"": 1, ""distance"": 4, ""length"": 12, ""n_sources"": 1}",5,False,False,0,0.9939939939939938,0.004246887574693962,0.987987987987988,1.0,"[1.0, 0.993993993993994, 0.996996996996997, 0.987987987987988, 0.990990990990991]",0.9903903903903905,0.9975975975975976,0.9939939939939938,0.9992492492850479,9965316
2d1c70257fcb,looped_transformer,propagate,15000,1,interp,"{""dim"": 1, ""distance"": 1, ""length"": 12, ""n_sources"": 1}",5,False,False,0,0.9892215568862275,0.004864693655470616,0.9820359281437125,0.9940119760479041,"[0.9820359281437125, 0.9940119760479041, 0.9850299401197605, 0.9940119760479041, 0.9910179640718563]",0.9850299401197604,0.9934131736526945,0.9892215568862275,0.999051896397939,9965316
2d1c70257fcb,looped_transformer,propagate,15000,1,interp,"{""dim"": 1, ""distance"": 2, ""length"": 12, ""n_sources"": 1}",5,False,False,0,0.9927927927927929,0.0014711650106806087,0.990990990990991,0.993993993993994,"[0.990990990990991, 0.993993993993994, 0.990990990990991, 0.993993993993994, 0.993993993993994]",0.9915915915915916,0.993993993993994,0.9927927927927929,0.9993493494686779,9965316
2d1c70257fcb,looped_transformer,propagate,15000,1,interp,"{""dim"": 1, ""distance"": 4, ""length"": 12, ""n_sources"": 1}",5,False,False,0,0.9963963963963964,0.002247241673738088,0.993993993993994,1.0,"[1.0, 0.993993993993994, 0.996996996996997, 0.996996996996997, 0.993993993993994]",0.9945945945945945,0.9981981981981983,0.9963963963963964,0.9994994994756338,9965316
2d1c70257fcb,looped_transformer,propagate,17500,1,interp,"{""dim"": 1, ""distance"": 1, ""length"": 12, ""n_sources"": 1}",5,False,False,0,0.9958083832335329,0.0030533050979597667,0.9910179640718563,1.0,"[1.0, 0.9910179640718563, 0.9940119760479041, 0.9970059880239521, 0.9970059880239521]",0.9934131736526947,0.9988023952095808,0.9958083832335329,0.9996506986860745,9965316
2d1c70257fcb,looped_transformer,propagate,17500,1,interp,"{""dim"": 1, ""distance"": 2, ""length"": 12, ""n_sources"": 1}",5,False,False,0,0.9957957957957959,0.004494483347476185,0.987987987987988,1.0,"[0.993993993993994, 1.0, 0.987987987987988, 1.0, 0.996996996996997]",0.9915915915915916,0.9993993993993995,0.9957957957957959,0.999599599659264,9965316
2d1c70257fcb,looped_transformer,propagate,17500,1,interp,"{""dim"": 1, ""distance"": 4, ""length"": 12, ""n_sources"": 1}",5,False,False,0,0.9927927927927926,0.0048793023451266775,0.987987987987988,1.0,"[0.990990990990991, 0.996996996996997, 0.987987987987988, 1.0, 0.987987987987988]",0.9885885885885886,0.996996996996997,0.9927927927927926,0.999099099206495,9965316
2d1c70257fcb,looped_transformer,propagate,20000,1,interp,"{""dim"": 1, ""distance"": 1, ""length"": 12, ""n_sources"": 1}",5,False,False,0,0.9976047904191617,0.0022405134052538686,0.9940119760479041,1.0,"[1.0, 0.9970059880239521, 1.0, 0.9970059880239521, 0.9940119760479041]",0.9958083832335329,0.9994011976047904,0.9976047904191617,0.9998003992491853,9965316
2d1c70257fcb,looped_transformer,propagate,20000,1,interp,"{""dim"": 1, ""distance"": 2, ""length"": 12, ""n_sources"": 1}",5,False,False,0,0.9981981981981981,0.0014711650106806087,0.996996996996997,1.0,"[1.0, 0.996996996996997, 0.996996996996997, 1.0, 0.996996996996997]",0.996996996996997,0.9993993993993995,0.9981981981981981,0.9997997998117327,9965316
2d1c70257fcb,looped_transformer,propagate,20000,1,interp,"{""dim"": 1, ""distance"": 4, ""length"": 12, ""n_sources"": 1}",5,False,False,0,0.993993993993994,0.005697797585888971,0.984984984984985,1.0,"[0.993993993993994, 1.0, 0.990990990990991, 1.0, 0.984984984984985]",0.9891891891891891,0.9987987987987988,0.993993993993994,0.9991991992827293,9965316
2d1c70257fcb,looped_transformer,propagate,22500,1,interp,"{""dim"": 1, ""distance"": 1, ""length"": 12, ""n_sources"": 1}",5,False,False,0,0.9994011976047904,0.0011976047904191489,0.9970059880239521,1.0,"[1.0, 1.0, 1.0, 1.0, 0.9970059880239521]",0.9982035928143713,1.0,0.9994011976047904,0.9999500998122963,9965316
2d1c70257fcb,looped_transformer,propagate,22500,1,interp,"{""dim"": 1, ""distance"": 2, ""length"": 12, ""n_sources"": 1}",5,False,False,0,0.9987987987987988,0.0014711650106806087,0.996996996996997,1.0,"[1.0, 0.996996996996997, 1.0, 1.0, 0.996996996996997]",0.9975975975975976,1.0,0.9987987987987988,0.9998498498498499,9965316
2d1c70257fcb,looped_transformer,propagate,22500,1,interp,"{""dim"": 1, ""distance"": 4, ""length"": 12, ""n_sources"": 1}",5,False,False,0,0.9987987987987988,0.0014711650106806087,0.996996996996997,1.0,"[1.0, 1.0, 0.996996996996997, 1.0, 0.996996996996997]",0.9975975975975976,1.0,0.9987987987987988,0.9997497497378169,9965316
2d1c70257fcb,looped_transformer,propagate,25000,1,interp,"{""dim"": 1, ""distance"": 1, ""length"": 12, ""n_sources"": 1}",5,False,False,0,0.9988023952095808,0.0014667603250198514,0.9970059880239521,1.0,"[1.0, 0.9970059880239521, 0.9970059880239521, 1.0, 1.0]",0.9976047904191617,1.0,0.9988023952095808,0.9999001996245926,9965316
2d1c70257fcb,looped_transformer,propagate,25000,1,interp,"{""dim"": 1, ""distance"": 2, ""length"": 12, ""n_sources"": 1}",5,False,False,0,0.9993993993993995,0.0012012012012012187,0.996996996996997,1.0,"[0.996996996996997, 1.0, 1.0, 1.0, 1.0]",0.9981981981981981,1.0,0.9993993993993995,0.9999499499618828,9965316
2d1c70257fcb,looped_transformer,propagate,25000,1,interp,"{""dim"": 1, ""distance"": 4, ""length"": 12, ""n_sources"": 1}",5,False,False,0,0.9993993993993995,0.0012012012012012187,0.996996996996997,1.0,"[1.0, 0.996996996996997, 1.0, 1.0, 1.0]",0.9981981981981981,1.0,0.9993993993993995,0.9999499499618828,9965316
2d1c70257fcb,looped_transformer,propagate,27500,1,interp,"{""dim"": 1, ""distance"": 1, ""length"": 12, ""n_sources"": 1}",5,False,False,0,0.9988023952095808,0.0023952095808383424,0.9940119760479041,1.0,"[0.9940119760479041, 1.0, 1.0, 1.0, 1.0]",0.9964071856287425,1.0,0.9988023952095808,0.9999001996245926,9965316
2d1c70257fcb,looped_transformer,propagate,27500,1,interp,"{""dim"": 1, ""distance"": 2, ""length"": 12, ""n_sources"": 1}",5,False,False,0,1.0,0.0,1.0,1.0,"[1.0, 1.0, 1.0, 1.0, 1.0]",1.0,1.0,1.0,1.0,9965316
2d1c70257fcb,looped_transformer,propagate,27500,1,interp,"{""dim"": 1, ""distance"": 4, ""length"": 12, ""n_sources"": 1}",5,False,False,0,0.9993993993993995,0.0012012012012012185,0.996996996996997,1.0,"[1.0, 1.0, 1.0, 1.0, 0.996996996996997]",0.9981981981981981,1.0,0.9993993993993995,0.9999499499618828,9965316
2d1c70257fcb,looped_transformer,propagate,30000,1,interp,"{""dim"": 1, ""distance"": 1, ""length"": 12, ""n_sources"": 1}",5,False,False,0,0.9994011976047904,0.0011976047904191489,0.9970059880239521,1.0,"[1.0, 0.9970059880239521, 1.0, 1.0, 1.0]",0.9982035928143713,1.0,0.9994011976047904,0.9999500998122963,9965316
2d1c70257fcb,looped_transformer,propagate,30000,1,interp,"{""dim"": 1, ""distance"": 2, ""length"": 12, ""n_sources"": 1}",5,False,False,0,1.0,0.0,1.0,1.0,"[1.0, 1.0, 1.0, 1.0, 1.0]",1.0,1.0,1.0,1.0,9965316
2d1c70257fcb,looped_transformer,propagate,30000,1,interp,"{""dim"": 1, ""distance"": 4, ""length"": 12, ""n_sources"": 1}",5,False,False,0,1.0,0.0,1.0,1.0,"[1.0, 1.0, 1.0, 1.0, 1.0]",1.0,1.0,1.0,1.0,9965316
2d1c70257fcb,looped_transformer,propagate,32500,1,interp,"{""dim"": 1, ""distance"": 1, ""length"": 12, ""n_sources"": 1}",5,False,False,0,1.0,0.0,1.0,1.0,"[1.0, 1.0, 1.0, 1.0, 1.0]",1.0,1.0,1.0,1.0,9965316
2d1c70257fcb,looped_transformer,propagate,32500,1,interp,"{""dim"": 1, ""distance"": 2, ""length"": 12, ""n_sources"": 1}",5,False,False,0,1.0,0.0,1.0,1.0,"[1.0, 1.0, 1.0, 1.0, 1.0]",1.0,1.0,1.0,1.0,9965316
2d1c70257fcb,looped_transformer,propagate,32500,1,interp,"{""dim"": 1, ""distance"": 4, ""length"": 12, ""n_sources"": 1}",5,False,False,0,0.9993993993993995,0.0012012012012012185,0.996996996996997,1.0,"[1.0, 1.0, 1.0, 1.0, 0.996996996996997]",0.9981981981981981,1.0,0.9993993993993995,0.9999499499618828,9965316
2d1c70257fcb,looped_transformer,propagate,35000,1,interp,"{""dim"": 1, ""distance"": 1, ""length"": 12, ""n_sources"": 1}",5,False,False,0,1.0,0.0,1.0,1.0,"[1.0, 1.0, 1.0, 1.0, 1.0]",1.0,1.0,1.0,1.0,9965316
2d1c70257fcb,looped_transformer,propagate,35000,1,interp,"{""dim"": 1, ""distance"": 2, ""length"": 12, ""n_sources"": 1}",5,False,False,0,1.0,0.0,1.0,1.0,"[1.0, 1.0, 1.0, 1.0, 1.0]",1.0,1.0,1.0,1.0,9965316
2d1c70257fcb,looped_transformer,propagate,35000,1,interp,"{""dim"": 1, ""distance"": 4, ""length"": 12, ""n_sources"": 1}",5,False,False,0,1.0,0.0,1.0,1.0,"[1.0, 1.0, 1.0, 1.0, 1.0]",1.0,1.0,1.0,1.0,9965316
2d1c70257fcb,looped_transformer,propagate,37500,1,interp,"{""dim"": 1, ""distance"": 1, ""length"": 12, ""n_sources"": 1}",5,False,False,0,1.0,0.0,1.0,1.0,"[1.0, 1.0, 1.0, 1.0, 1.0]",1.0,1.0,1.0,1.0,9965316
2d1c70257fcb,looped_transformer,propagate,37500,1,interp,"{""dim"": 1, ""distance"": 2, ""length"": 12, ""n_sources"": 1}",5,False,False,0,1.0,0.0,1.0,1.0,"[1.0, 1.0, 1.0, 1.0, 1.0]",1.0,1.0,1.0,1.0,9965316
2d1c70257fcb,looped_transformer,propagate,37500,1,interp,"{""dim"": 1, ""distance"": 4, ""length"": 12, ""n_sources"": 1}",5,False,False,0,1.0,0.0,1.0,1.0,"[1.0, 1.0, 1.0, 1.0, 1.0]",1.0,1.0,1.0,1.0,9965316
2d1c70257fcb,looped_transformer,propagate,40000,1,interp,"{""dim"": 1, ""distance"": 1, ""length"": 12, ""n_sources"": 1}",5,False,False,0,1.0,0.0,1.0,1.0,"[1.0, 1.0, 1.0, 1.0, 1.0]",1.0,1.0,1.0,1.0,9965316
2d1c70257fcb,looped_transformer,propagate,40000,1,interp,"{""dim"": 1, ""distance"": 2, ""length"": 12, ""n_sources"": 1}",5,False,False,0,1.0,0.0,1.0,1.0,"[1.0, 1.0, 1.0, 1.0, 1.0]",1.0,1.0,1.0,1.0,9965316
2d1c70257fcb,looped_transformer,propagate,40000,1,interp,"{""dim"": 1, ""distance"": 4, ""length"": 12, ""n_sources"": 1}",5,False,False,0,1.0,0.0,1.0,1.0,"[1.0, 1.0, 1.0, 1.0, 1.0]",1.0,1.0,1.0,1.0,9965316
2d1c70257fcb,looped_transformer,propagate,40000,2,interp,"{""dim"": 1, ""distance"": 1, ""length"": 12, ""n_sources"": 1}",5,False,False,0,1.0,0.0,1.0,1.0,"[1.0, 1.0, 1.0, 1.0, 1.0]",1.0,1.0,1.0,1.0,9965316
2d1c70257fcb,looped_transformer,propagate,40000,2,interp,"{""dim"": 1, ""distance"": 2, ""length"": 12, ""n_sources"": 1}",5,False,False,0,1.0,0.0,1.0,1.0,"[1.0, 1.0, 1.0, 1.0, 1.0]",1.0,1.0,1.0,1.0,9965316
2d1c70257fcb,looped_transformer,propagate,40000,2,interp,"{""dim"": 1, ""distance"": 4, ""length"": 12, ""n_sources"": 1}",5,False,False,0,1.0,0.0,1.0,1.0,"[1.0, 1.0, 1.0, 1.0, 1.0]",1.0,1.0,1.0,1.0,9965316
2d1c70257fcb,looped_transformer,propagate,2500,4,interp,"{""dim"": 1, ""distance"": 1, ""length"": 12, ""n_sources"": 1}",5,False,False,0,0.88562874251497,0.04085043808577376,0.8143712574850299,0.9341317365269461,"[0.8143712574850299, 0.9341317365269461, 0.8712574850299402, 0.907185628742515, 0.9011976047904192]",0.8485029940119763,0.9161676646706587,0.88562874251497,0.9890219577058346,9965316
2d1c70257fcb,looped_transformer,propagate,2500,4,interp,"{""dim"": 1, ""distance"": 2, ""length"": 12, ""n_sources"": 1}",5,False,False,0,0.897897897897898,0.039794039095441325,0.8288288288288288,0.93993993993994,"[0.8288288288288288, 0.93993993993994, 0.8798798798798799, 0.9159159159159159, 0.924924924924925]",0.8594594594594595,0.929129129129129,0.897897897897898,0.9880880892455757,9965316
2d1c70257fcb,looped_transformer,propagate,2500,4,interp,"{""dim"": 1, ""distance"": 4, ""length"": 12, ""n_sources"": 1}",5,False,False,0,0.8750750750750751,0.03973053551601497,0.7987987987987988,0.9069069069069069,"[0.7987987987987988, 0.9069069069069069, 0.8948948948948949, 0.8738738738738738, 0.9009009009009009]",0.8354054054054053,0.9021021021021021,0.8750750750750751,0.9823823837904602,9965316
2d1c70257fcb,looped_transformer,propagate,5000,4,interp,"{""dim"": 1, ""distance"": 1, ""length"": 12, ""n_sources"": 1}",5,False,False,0,0.977245508982036,0.007479039519040016,0.9670658682634731,0.9850299401197605,"[0.9790419161676647, 0.9700598802395209, 0.9850299401197605, 0.9670658682634731, 0.9850299401197605]",0.9706586826347307,0.9838323353293413,0.977245508982036,0.9980039924204706,9965316
2d1c70257fcb,looped_transformer,propagate,5000,4,interp,"{""dim"": 1, ""distance"": 2, ""length"": 12, ""n_sources"": 1}",5,False,False,0,0.9753753753753754,0.01130023286620227,0.954954954954955,0.987987987987988,"[0.978978978978979, 0.972972972972973, 0.954954954954955, 0.9819819819819819, 0.987987987987988]",0.9645645645645645,0.9837837837837838,0.9753753753753754,0.9971971974716531,9965316
2d1c70257fcb,looped_transformer,propagate,5000,4,interp,"{""dim"": 1, ""distance"": 4, ""length"": 12, ""n_sources"": 1}",5,False,False,0,0.9651651651651652,0.0061835616462384765,0.9579579579579579,0.972972972972973,"[0.9579579579579579, 0.9669669669669669, 0.96996996996997, 0.9579579579579579, 0.972972972972973]",0.9597597597597597,0.9705705705705705,0.9651651651651652,0.9948948952528808,9965316
2d1c70257fcb,looped_transformer,propagate,7500,4,interp,"{""dim"": 1, ""distance"": 1, ""length"": 12, ""n_sources"": 1}",5,False,False,0,0.9790419161676647,0.012702517027303248,0.9610778443113772,0.9940119760479041,"[0.9670658682634731, 0.9610778443113772, 0.9880239520958084, 0.9940119760479041, 0.9850299401197605]",0.9676646706586827,0.9898203592814371,0.9790419161676647,0.9981536929835816,9965316
2d1c70257fcb,looped_transformer,propagate,7500,4,interp,"{""dim"": 1, ""distance"": 2, ""length"": 12, ""n_sources"": 1}",5,False,False,0,0.9771771771771771,0.013904909192540817,0.954954954954955,0.990990990990991,"[0.987987987987988, 0.954954954954955, 0.9669669669669669, 0.984984984984985, 0.990990990990991]",0.963963963963964,0.9885885885885886,0.9771771771771771,0.9975475479174662,9965316
2d1c70257fcb,looped_transformer,propagate,7500,4,interp,"{""dim"": 1, ""distance"": 4, ""length"": 12, ""n_sources"": 1}",5,False,False,0,0.9741741741741741,0.022917458292298982,0.9309309309309309,0.996996996996997,"[0.984984984984985, 0.9309309309309309, 0.996996996996997, 0.972972972972973, 0.984984984984985]",0.9525525525525526,0.9897897897897898,0.9741741741741741,0.9971971974716531,9965316
2d1c70257fcb,looped_transformer,propagate,10000,4,interp,"{""dim"": 1, ""distance"": 1, ""length"": 12, ""n_sources"": 1}",5,False,False,0,0.991616766467066,0.005488114604737557,0.9820359281437125,0.9970059880239521,"[0.9970059880239521, 0.9910179640718563, 0.9820359281437125, 0.9970059880239521, 0.9910179640718563]",0.9868263473053892,0.9958083832335329,0.991616766467066,0.9992514971487536,9965316
2d1c70257fcb,looped_transformer,propagate,10000,4,interp,"{""dim"": 1, ""distance"": 2, ""length"": 12, ""n_sources"": 1}",5,False,False,0,0.993993993993994,0.004246887574693962,0.987987987987988,1.0,"[0.996996996996997, 0.987987987987988, 0.993993993993994, 0.990990990990991, 1.0]",0.9903903903903905,0.9981981981981981,0.993993993993994,0.9993993994709965,9965316
2d1c70257fcb,looped_transformer,propagate,10000,4,interp,"{""dim"": 1, ""distance"": 4, ""length"": 12, ""n_sources"": 1}",5,False,False,0,0.9867867867867869,0.007257084668825565,0.975975975975976,0.996996996996997,"[0.9819819819819819, 0.990990990990991, 0.996996996996997, 0.975975975975976, 0.987987987987988]",0.9807807807807807,0.9927927927927929,0.9867867867867869,0.9980980982293597,9965316
2d1c70257fcb,looped_transformer,propagate,12500,4,interp,"{""dim"": 1, ""distance"": 1, ""length"": 12, ""n_sources"": 1}",5,False,False,0,0.9964071856287425,0.005805604619660256,0.9850299401197605,1.0,"[0.9970059880239521, 1.0, 0.9850299401197605, 1.0, 1.0]",0.9904191616766468,1.0,0.9964071856287425,0.9997005988737779,9965316
2d1c70257fcb,looped_transformer,propagate,12500,4,interp,"{""dim"": 1, ""distance"": 2, ""length"": 12, ""n_sources"": 1}",5,False,False,0,0.9945945945945948,0.0035020732101172605,0.987987987987988,0.996996996996997,"[0.993993993993994, 0.996996996996997, 0.987987987987988, 0.996996996996997, 0.996996996996997]",0.990990990990991,0.996996996996997,0.9945945945945948,0.9994494495449123,9965316
2d1c70257fcb,looped_transformer,propagate,12500,4,interp,"{""dim"": 1, ""distance"": 4, ""length"": 12, ""n_sources"": 1}",5,False,False,0,0.9915915915915916,0.005166561721947518,0.984984984984985,1.0,"[1.0, 0.993993993993994, 0.987987987987988, 0.984984984984985, 0.990990990990991]",0.9873873873873874,0.9963963963963964,0.9915915915915916,0.9989489490563447,9965316
2d1c70257fcb,looped_transformer,propagate,15000,4,interp,"{""dim"": 1, ""distance"": 1, ""length"": 12, ""n_sources"": 1}",5,False,False,0,0.9928143712574851,0.004481026810507709,0.9850299401197605,0.9970059880239521,"[0.9850299401197605, 0.9970059880239521, 0.9940119760479041, 0.9910179640718563, 0.9970059880239521]",0.9886227544910181,0.9964071856287425,0.9928143712574851,0.999351297524161,9965316
2d1c70257fcb,looped_transformer,propagate,15000,4,interp,"{""dim"": 1, ""distance"": 2, ""length"": 12, ""n_sources"": 1}",5,False,False,0,0.993993993993994,0.0037985317239259487,0.987987987987988,0.996996996996997,"[0.996996996996997, 0.987987987987988, 0.996996996996997, 0.990990990990991, 0.996996996996997]",0.9903903903903905,0.996996996996997,0.993993993993994,0.9993993994709965,9965316
2d1c70257fcb,looped_transformer,propagate,15000,4,interp,"{""dim"": 1, ""distance"": 4, ""length"": 12, ""n_sources"": 1}",5,False,False,0,0.996996996996997,0.004652232247696578,0.987987987987988,1.0,"[1.0, 1.0, 0.996996996996997, 1.0, 0.987987987987988]",0.9921921921921923,1.0,0.996996996996997,0.9996996997354983,9965316
2d1c70257fcb,looped_transformer,propagate,17500,4,interp,"{""dim"": 1, ""distance"": 1, ""length"": 12, ""n_sources"": 1}",5,False,False,0,0.9976047904191617,0.0034915879609852146,0.9910179640718563,1.0,"[1.0, 1.0, 1.0, 0.9910179640718563, 0.9970059880239521]",0.9940119760479043,1.0,0.9976047904191617,0.9998003992491853,9965316
2d1c70257fcb,looped_transformer,propagate,17500,4,interp,"{""dim"": 1, ""distance"": 2, ""length"": 12, ""n_sources"": 1}",5,False,False,0,0.9963963963963962,0.003502073210117298,0.990990990990991,1.0,"[0.996996996996997, 1.0, 0.990990990990991, 0.993993993993994, 1.0]",0.9933933933933933,0.9993993993993995,0.9963963963963962,0.9996996997712969,9965316
2d1c70257fcb,looped_transformer,propagate,17500,4,interp,"{""dim"": 1, ""distance"": 4, ""length"": 12, ""n_sources"": 1}",5,False,False,0,0.9963963963963964,0.002247241673738088,0.993993993993994,1.0,"[0.996996996996997, 0.996996996996997, 0.993993993993994, 1.0, 0.993993993993994]",0.9945945945945945,0.9981981981981983,0.9963963963963964,0.9994994995472309,9965316
2d1c70257fcb,looped_transformer,propagate,20000,4,interp,"{""dim"": 1, ""distance"": 1, ""length"": 12, ""n_sources"": 1}",5,False,False,0,0.9982035928143713,0.0023952095808383368,0.9940119760479041,1.0,"[0.9970059880239521, 1.0, 1.0, 0.9940119760479041, 1.0]",0.9964071856287425,1.0,0.9982035928143713,0.999850299436889,9965316
2d1c70257fcb,looped_transformer,propagate,20000,4,interp,"{""dim"": 1, ""distance"": 2, ""length"": 12, ""n_sources"": 1}",5,False,False,0,0.9981981981981981,0.0024024024024023984,0.993993993993994,1.0,"[1.0, 0.996996996996997, 0.993993993993994, 1.0, 1.0]",0.9957957957957959,1.0,0.9981981981981981,0.9997997998117327,9965316
2d1c70257fcb,looped_transformer,propagate,20000,4,interp,"{""dim"": 1, ""distance"": 4, ""length"": 12, ""n_sources"": 1}",5,False,False,0,0.996996996996997,0.004652232247696578,0.987987987987988,1.0,"[1.0, 1.0, 0.987987987987988, 0.996996996996997, 1.0]",0.9921921921921923,1.0,0.996996996996997,0.9996996997354983,9965316
2d1c70257fcb,looped_transformer,propagate,22500,4,interp,"{""dim"": 1, ""distance"": 1, ""length"": 12, ""n_sources"": 1}",5,False,False,0,1.0,0.0,1.0,1.0,"[1.0, 1.0, 1.0, 1.0, 1.0]",1.0,1.0,1.0,1.0,9965316
2d1c70257fcb,looped_transformer,propagate,22500,4,interp,"{""dim"": 1, ""distance"": 2, ""length"": 12, ""n_sources"": 1}",5,False,False,0,1.0,0.0,1.0,1.0,"[1.0, 1.0, 1.0, 1.0, 1.0]",1.0,1.0,1.0,1.0,9965316
2d1c70257fcb,looped_transformer,propagate,22500,4,interp,"{""dim"": 1, ""distance"": 4, ""length"": 12, ""n_sources"": 1}",5,False,False,0,0.9987987987987988,0.0014711650106806087,0.996996996996997,1.0,"[1.0, 1.0, 0.996996996996997, 1.0, 0.996996996996997]",0.9975975975975976,1.0,0.9987987987987988,0.9998998999237656,9965316
2d1c70257fcb,looped_transformer,propagate,25000,4,interp,"{""dim"": 1, ""distance"": 1, ""length"": 12, ""n_sources"": 1}",5,False,False,0,0.9988023952095808,0.0014667603250198514,0.9970059880239521,1.0,"[0.9970059880239521, 1.0, 0.9970059880239521, 1.0, 1.0]",0.9976047904191617,1.0,0.9988023952095808,0.9999001996245926,9965316
2d1c70257fcb,looped_transformer,propagate,25000,4,interp,"{""dim"": 1, ""distance"": 2, ""length"": 12, ""n_sources"": 1}",5,False,False,0,0.9993993993993995,0.0012012012012012187,0.996996996996997,1.0,"[0.996996996996997, 1.0, 1.0, 1.0, 1.0]",0.9981981981981981,1.0,0.9993993993993995,0.9999499499618828,9965316
2d1c70257fcb,looped_transformer,propagate,25000,4,interp,"{""dim"": 1, ""distance"": 4, ""length"": 12, ""n_sources"": 1}",5,False,False,0,1.0,0.0,1.0,1.0,"[1.0, 1.0, 1.0, 1.0, 1.0]",1.0,1.0,1.0,1.0,9965316
2d1c70257fcb,looped_transformer,propagate,27500,4,interp,"{""dim"": 1, ""distance"": 1, ""length"": 12, ""n_sources"": 1}",5,False,False,0,1.0,0.0,1.0,1.0,"[1.0, 1.0, 1.0, 1.0, 1.0]",1.0,1.0,1.0,1.0,9965316
2d1c70257fcb,looped_transformer,propagate,27500,4,interp,"{""dim"": 1, ""distance"": 2, ""length"": 12, ""n_sources"": 1}",5,False,False,0,1.0,0.0,1.0,1.0,"[1.0, 1.0, 1.0, 1.0, 1.0]",1.0,1.0,1.0,1.0,9965316
2d1c70257fcb,looped_transformer,propagate,27500,4,interp,"{""dim"": 1, ""distance"": 4, ""length"": 12, ""n_sources"": 1}",5,False,False,0,1.0,0.0,1.0,1.0,"[1.0, 1.0, 1.0, 1.0, 1.0]",1.0,1.0,1.0,1.0,9965316
2d1c70257fcb,looped_transformer,propagate,30000,4,interp,"{""dim"": 1, ""distance"": 1, ""length"": 12, ""n_sources"": 1}",5,False,False,0,1.0,0.0,1.0,1.0,"[1.0, 1.0, 1.0, 1.0, 1.0]",1.0,1.0,1.0,1.0,9965316
2d1c70257fcb,looped_transformer,propagate,30000,4,interp,"{""dim"": 1, ""distance"": 2, ""length"": 12, ""n_sources"": 1}",5,False,False,0,0.9993993993993995,0.0012012012012012185,0.996996996996997,1.0,"[1.0, 1.0, 1.0, 1.0, 0.996996996996997]",0.9981981981981981,1.0,0.9993993993993995,0.9999499499618828,9965316
2d1c70257fcb,looped_transformer,propagate,30000,4,interp,"{""dim"": 1, ""distance"": 4, ""length"": 12, ""n_sources"": 1}",5,False,False,0,1.0,0.0,1.0,1.0,"[1.0, 1.0, 1.0, 1.0, 1.0]",1.0,1.0,1.0,1.0,9965316
2d1c70257fcb,looped_transformer,propagate,32500,4,interp,"{""dim"": 1, ""distance"": 1, ""length"": 12, ""n_sources"": 1}",5,False,False,0,1.0,0.0,1.0,1.0,"[1.0, 1.0, 1.0, 1.0, 1.0]",1.0,1.0,1.0,1.0,9965316
2d1c70257fcb,looped_transformer,propagate,32500,4,interp,"{""dim"": 1, ""distance"": 2, ""length"": 12, ""n_sources"": 1}",5,False,False,0,1.0,0.0,1.0,1.0,"[1.0, 1.0, 1.0, 1.0, 1.0]",1.0,1.0,1.0,1.0,9965316
2d1c70257fcb,looped_transformer,propagate,32500,4,interp,"{""dim"": 1, ""distance"": 4, ""length"": 12, ""n_sources"": 1}",5,False,False,0,1.0,0.0,1.0,1.0,"[1.0, 1.0, 1.0, 1.0, 1.0]",1.0,1.0,1.0,1.0,9965316
2d1c70257fcb,looped_transformer,propagate,35000,4,interp,"{""dim"": 1, ""distance"": 1, ""length"": 12, ""n_sources"": 1}",5,False,False,0,1.0,0.0,1.0,1.0,"[1.0, 1.0, 1.0, 1.0, 1.0]",1.0,1.0,1.0,1.0,9965316
2d1c70257fcb,looped_transformer,propagate,35000,4,interp,"{""dim"": 1, ""distance"": 2, ""length"": 12, ""n_sources"": 1}",5,False,False,0,1.0,0.0,1.0,1.0,"[1.0, 1.0, 1.0, 1.0, 1.0]",1.0,1.0,1.0,1.0,9965316
2d1c70257fcb,looped_transformer,propagate,35000,4,interp,"{""dim"": 1, ""distance"": 4, ""length"": 12, ""n_sources"": 1}",5,False,False,0,1.0,0.0,1.0,1.0,"[1.0, 1.0, 1.0, 1.0, 1.0]",1.0,1.0,1.0,1.0,9965316
2d1c70257fcb,looped_transformer,propagate,37500,4,interp,"{""dim"": 1, ""distance"": 1, ""length"": 12, ""n_sources"": 1}",5,False,False,0,1.0,0.0,1.0,1.0,"[1.0, 1.0, 1.0, 1.0, 1.0]",1.0,1.0,1.0,1.0,9965316
2d1c70257fcb,looped_transformer,propagate,37500,4,interp,"{""dim"": 1, ""distance"": 2, ""length"": 12, ""n_sources"": 1}",5,False,False,0,1.0,0.0,1.0,1.0,"[1.0, 1.0, 1.0, 1.0, 1.0]",1.0,1.0,1.0,1.0,9965316
2d1c70257fcb,looped_transformer,propagate,37500,4,interp,"{""dim"": 1, ""distance"": 4, ""length"": 12, ""n_sources"": 1}",5,False,False,0,1.0,0.0,1.0,1.0,"[1.0, 1.0, 1.0, 1.0, 1.0]",1.0,1.0,1.0,1.0,9965316
2d1c70257fcb,looped_transformer,propagate,40000,4,interp,"{""dim"": 1, ""distance"": 1, ""length"": 12, ""n_sources"": 1}",5,False,False,0,1.0,0.0,1.0,1.0,"[1.0, 1.0, 1.0, 1.0, 1.0]",1.0,1.0,1.0,1.0,9965316
2d1c70257fcb,looped_transformer,propagate,40000,4,interp,"{""dim"": 1, ""distance"": 2, ""length"": 12, ""n_sources"": 1}",5,False,False,0,1.0,0.0,1.0,1.0,"[1.0, 1.0, 1.0, 1.0, 1.0]",1.0,1.0,1.0,1.0,9965316
2d1c70257fcb,looped_transformer,propagate,40000,4,interp,"{""dim"": 1, ""distance"": 4, ""length"": 12, ""n_sources"": 1}",5,False,False,0,1.0,0.0,1.0,1.0,"[1.0, 1.0, 1.0, 1.0, 1.0]",1.0,1.0,1.0,1.0,9965316
2d1c70257fcb,looped_transformer,propagate,40000,8,interp,"{""dim"": 1, ""distance"": 1, ""length"": 12, ""n_sources"": 1}",5,False,False,0,0.9814371257485031,0.00743094230298854,0.9700598802395209,0.9910179640718563,"[0.9880239520958084, 0.9790419161676647, 0.9700598802395209, 0.9910179640718563, 0.9790419161676647]",0.9754491017964071,0.9874251497005988,0.9814371257485031,0.9984031939577914,9965316
2d1c70257fcb,looped_transformer,propagate,40000,8,interp,"{""dim"": 1, ""distance"": 2, ""length"": 12, ""n_sources"": 1}",5,False,False,0,0.9795795795795795,0.007922466041004746,0.972972972972973,0.993993993993994,"[0.9819819819819819, 0.975975975975976, 0.972972972972973, 0.993993993993994, 0.972972972972973]",0.9735735735735735,0.9861861861861863,0.9795795795795795,0.9982482486300999,9965316
2d1c70257fcb,looped_transformer,propagate,40000,8,interp,"{""dim"": 1, ""distance"": 4, ""length"": 12, ""n_sources"": 1}",5,False,False,0,0.9651651651651653,0.023230125652629083,0.9369369369369369,0.996996996996997,"[0.978978978978979, 0.972972972972973, 0.9369369369369369, 0.996996996996997, 0.93993993993994]",0.9453453453453454,0.984984984984985,0.9651651651651653,0.9968468474912214,9965316
2d1c70257fcb,looped_transformer,propagate,2500,16,interp,"{""dim"": 1, ""distance"": 1, ""length"": 12, ""n_sources"": 1}",5,False,False,0,0.4526946107784432,0.1856132889066753,0.18862275449101795,0.7305389221556886,"[0.18862275449101795, 0.3263473053892216, 0.5479041916167665, 0.7305389221556886, 0.47005988023952094]",0.3,0.6131736526946108,0.4526946107784432,0.9372255532684441,9965316
2d1c70257fcb,looped_transformer,propagate,2500,16,interp,"{""dim"": 1, ""distance"": 2, ""length"": 12, ""n_sources"": 1}",5,False,False,0,0.46306306306306305,0.16306499868886948,0.1981981981981982,0.6636636636636637,"[0.1981981981981982, 0.3963963963963964, 0.4594594594594595, 0.5975975975975976, 0.6636636636636637]",0.32972972972972975,0.596996996996997,0.46306306306306305,0.9300300340752703,9965316
2d1c70257fcb,looped_transformer,propagate,2500,16,interp,"{""dim"": 1, ""distance"": 4, ""length"": 12, ""n_sources"": 1}",5,False,False,0,0.2840840840840841,0.12233100500157189,0.10510510510510511,0.4624624624624625,"[0.10510510510510511, 0.24924924924924924, 0.36936936936936937, 0.4624624624624625, 0.23423423423423423]",0.18258258258258256,0.39819819819819824,0.2840840840840841,0.8627127154095394,9965316
2d1c70257fcb,looped_transformer,propagate,5000,16,interp,"{""dim"": 1, ""distance"": 1, ""length"": 12, ""n_sources"": 1}",5,False,False,0,0.5,0.18295348643655315,0.17365269461077845,0.6736526946107785,"[0.437125748502994, 0.5658682634730539, 0.6497005988023952, 0.6736526946107785, 0.17365269461077845]",0.3263473053892215,0.6425149700598802,0.5,0.941417169142626,9965316
2d1c70257fcb,looped_transformer,propagate,5000,16,interp,"{""dim"": 1, ""distance"": 2, ""length"": 12, ""n_sources"": 1}",5,False,False,0,0.49609609609609606,0.17081148659074052,0.2072072072072072,0.7027027027027027,"[0.43543543543543545, 0.5135135135135135, 0.6216216216216216, 0.7027027027027027, 0.2072072072072072]",0.33573573573573573,0.6324324324324324,0.49609609609609606,0.9361361401217119,9965316
2d1c70257fcb,looped_transformer,propagate,5000,16,interp,"{""dim"": 1, ""distance"": 4, ""length"": 12, ""n_sources"": 1}",5,False,False,0,0.412012012012012,0.15352836332656294,0.14114114114114115,0.6006006006006006,"[0.38738738738738737, 0.4294294294294294, 0.5015015015015015, 0.6006006006006006, 0.14114114114114115]",0.26246246246246246,0.5267267267267267,0.412012012012012,0.9026526557074652,9965316
2d1c70257fcb,looped_transformer,propagate,7500,16,interp,"{""dim"": 1, ""distance"": 1, ""length"": 12, ""n_sources"": 1}",5,False,False,0,0.5910179640718562,0.1122590806431616,0.4281437125748503,0.7694610778443114,"[0.4281437125748503, 0.625748502994012, 0.7694610778443114, 0.5329341317365269, 0.5988023952095808]",0.49101796407185627,0.6880239520958084,0.5910179640718562,0.958183637600459,9965316
2d1c70257fcb,looped_transformer,propagate,7500,16,interp,"{""dim"": 1, ""distance"": 2, ""length"": 12, ""n_sources"": 1}",5,False,False,0,0.596996996996997,0.11990070049745992,0.4264264264264264,0.7297297297297297,"[0.4264264264264264, 0.6096096096096096, 0.7297297297297297, 0.4984984984984985, 0.7207207207207207]",0.49189189189189186,0.7021021021021021,0.596996996996997,0.9598598653131777,9965316
2d1c70257fcb,looped_transformer,propagate,7500,16,interp,"{""dim"": 1, ""distance"": 4, ""length"": 12, ""n_sources"": 1}",5,False,False,0,0.5423423423423424,0.10992139620644654,0.4144144144144144,0.7207207207207207,"[0.4144144144144144, 0.5675675675675675, 0.7207207207207207, 0.5705705705705706, 0.43843843843843844]",0.4498498498498499,0.6336336336336336,0.5423423423423424,0.9522522580874216,9965316
2d1c70257fcb,looped_transformer,propagate,10000,16,interp,"{""dim"": 1, ""distance"": 1, ""length"": 12, ""n_sources"": 1}",5,False,False,0,0.6107784431137724,0.142924485850894,0.38323353293413176,0.8053892215568862,"[0.5449101796407185, 0.7005988023952096, 0.38323353293413176, 0.8053892215568862, 0.6197604790419161]",0.4790419161676646,0.7323353293413173,0.6107784431137724,0.9597305437761866,9965316
2d1c70257fcb,looped_transformer,propagate,10000,16,interp,"{""dim"": 1, ""distance"": 2, ""length"": 12, ""n_sources"": 1}",5,False,False,0,0.6264264264264264,0.1420848902732866,0.3783783783783784,0.7837837837837838,"[0.5675675675675675, 0.7027027027027027, 0.3783783783783784, 0.6996996996996997, 0.7837837837837838]",0.48108108108108116,0.7345345345345345,0.6264264264264264,0.9625625675862974,9965316
2d1c70257fcb,looped_transformer,propagate,10000,16,interp,"{""dim"": 1, ""distance"": 4, ""length"": 12, ""n_sources"": 1}",5,False,False,0,0.5441441441441441,0.13412905433137312,0.35135135135135137,0.7537537537537538,"[0.4624624624624625, 0.7537537537537538, 0.35135135135135137, 0.5825825825825826, 0.5705705705705706]",0.4198198198198198,0.6588588588588589,0.5441441441441441,0.9436936979537253,9965316
2d1c70257fcb,looped_transformer,propagate,12500,16,interp,"{""dim"": 1, ""distance"": 1, ""length"": 12, ""n_sources"": 1}",5,False,False,0,0.6976047904191616,0.20433117256737074,0.2994011976047904,0.8682634730538922,"[0.7275449101796407, 0.8682634730538922, 0.2994011976047904, 0.8143712574850299, 0.7784431137724551]",0.4880239520958084,0.8287425149700598,0.6976047904191616,0.9680638758008351,9965316
2d1c70257fcb,looped_transformer,propagate,12500,16,interp,"{""dim"": 1, ""distance"": 2, ""length"": 12, ""n_sources"": 1}",5,False,False,0,0.6912912912912913,0.19340271926481858,0.32432432432432434,0.8618618618618619,"[0.7327327327327328, 0.8618618618618619, 0.32432432432432434, 0.6996996996996997, 0.8378378378378378]",0.5067867867867869,0.8246246246246247,0.6912912912912913,0.966616620208408,9965316
2d1c70257fcb,looped_transformer,propagate,12500,16,interp,"{""dim"": 1, ""distance"": 4, ""length"": 12, ""n_sources"": 1}",5,False,False,0,0.5987987987987988,0.15811431077042182,0.30930930930930933,0.7897897897897898,"[0.6516516516516516, 0.7897897897897898, 0.30930930930930933, 0.6006006006006006, 0.6426426426426426]",0.44439939939939943,0.7141141141141141,0.5987987987987988,0.947147150494315,9965316
2d1c70257fcb,looped_transformer,propagate,15000,16,interp,"{""dim"": 1, ""distance"": 1, ""length"": 12, ""n_sources"": 1}",5,False,False,0,0.5994011976047904,0.15841011510214567,0.3652694610778443,0.7874251497005988,"[0.3652694610778443, 0.5449101796407185, 0.5329341317365269, 0.7874251497005988, 0.7664670658682635]",0.4682634730538922,0.7323353293413174,0.5994011976047904,0.9598303443657425,9965316
2d1c70257fcb,looped_transformer,propagate,15000,16,interp,"{""dim"": 1, ""distance"": 2, ""length"": 12, ""n_sources"": 1}",5,False,False,0,0.5981981981981982,0.09653428623016548,0.43843843843843844,0.7147147147147147,"[0.43843843843843844, 0.5525525525525525, 0.6156156156156156, 0.6696696696696697, 0.7147147147147147]",0.5165165165165165,0.6768768768768769,0.5981981981981982,0.9592092141732798,9965316
2d1c70257fcb,looped_transformer,propagate,15000,16,interp,"{""dim"": 1, ""distance"": 4, ""length"": 12, ""n_sources"": 1}",5,False,False,0,0.49609609609609606,0.06069930086785653,0.4294294294294294,0.5705705705705706,"[0.43243243243243246, 0.5705705705705706, 0.5615615615615616, 0.4864864864864865, 0.4294294294294294]",0.442042042042042,0.5501501501501501,0.49609609609609606,0.933933938945736,9965316
2d1c70257fcb,looped_transformer,propagate,17500,16,interp,"{""dim"": 1, ""distance"": 1, ""length"": 12, ""n_sources"": 1}",5,False,False,0,0.7634730538922156,0.1017611774191521,0.5688622754491018,0.8502994011976048,"[0.7694610778443114, 0.8502994011976048, 0.8383233532934131, 0.5688622754491018, 0.7904191616766467]",0.6670658682634731,0.8317365269461078,0.7634730538922156,0.9765968094685835,9965316
2d1c70257fcb,looped_transformer,propagate,17500,16,interp,"{""dim"": 1, ""distance"": 2, ""length"": 12, ""n_sources"": 1}",5,False,False,0,0.7657657657657657,0.11482314891474572,0.5525525525525525,0.8888888888888888,"[0.7597597597597597, 0.8888888888888888, 0.8318318318318318, 0.5525525525525525, 0.7957957957957958]",0.6611561561561562,0.8516516516516516,0.7657657657657657,0.9754754786734825,9965316
2d1c70257fcb,looped_transformer,propagate,17500,16,interp,"{""dim"": 1, ""distance"": 4, ""length"": 12, ""n_sources"": 1}",5,False,False,0,0.6204204204204204,0.19678814095180153,0.25825825825825827,0.8198198198198198,"[0.6966966966966966, 0.8198198198198198, 0.7447447447447447, 0.5825825825825826, 0.25825825825825827]",0.43543543543543545,0.7651651651651652,0.6204204204204204,0.9464964990143304,9965316
2d1c70257fcb,looped_transformer,propagate,20000,16,interp,"{""dim"": 1, ""distance"": 1, ""length"": 12, ""n_sources"": 1}",5,False,False,0,0.810179640718563,0.0781798388514573,0.6676646706586826,0.8832335329341318,"[0.811377245508982, 0.8802395209580839, 0.6676646706586826, 0.8832335329341318, 0.8083832335329342]",0.7389221556886227,0.8676646706586826,0.810179640718563,0.9816367292118644,9965316
2d1c70257fcb,looped_transformer,propagate,20000,16,interp,"{""dim"": 1, ""distance"": 2, ""length"": 12, ""n_sources"": 1}",5,False,False,0,0.8294294294294294,0.07427562331997574,0.6906906906906907,0.8978978978978979,"[0.8228228228228228, 0.8978978978978979, 0.6906906906906907, 0.8858858858858859, 0.8498498498498499]",0.7561561561561561,0.8810810810810811,0.8294294294294294,0.9812312334865423,9965316
2d1c70257fcb,looped_transformer,propagate,20000,16,interp,"{""dim"": 1, ""distance"": 4, ""length"": 12, ""n_sources"": 1}",5,False,False,0,0.7501501501501502,0.06175973376857784,0.6786786786786787,0.8378378378378378,"[0.7477477477477478, 0.8378378378378378, 0.6876876876876877, 0.7987987987987988, 0.6786786786786787]",0.6960960960960961,0.8018018018018018,0.7501501501501502,0.9654154179332494,9965316
2d1c70257fcb,looped_transformer,propagate,22500,16,interp,"{""dim"": 1, ""distance"": 1, ""length"": 12, ""n_sources"": 1}",5,False,False,0,0.7916167664670659,0.0737670112308239,0.7035928143712575,0.8772455089820359,"[0.7155688622754491, 0.8772455089820359, 0.7904191616766467, 0.8712574850299402, 0.7035928143712575]",0.7233532934131737,0.8562874251497007,0.7916167664670659,0.9800898233930507,9965316
2d1c70257fcb,looped_transformer,propagate,22500,16,interp,"{""dim"": 1, ""distance"": 2, ""length"": 12, ""n_sources"": 1}",5,False,False,0,0.8234234234234232,0.060042039338528225,0.7447447447447447,0.8918918918918919,"[0.7597597597597597, 0.8918918918918919, 0.8468468468468469, 0.8738738738738738, 0.7447447447447447]",0.7681681681681681,0.872072072072072,0.8234234234234232,0.9816316341136668,9965316
2d1c70257fcb,looped_transformer,propagate,22500,16,interp,"{""dim"": 1, ""distance"": 4, ""length"": 12, ""n_sources"": 1}",5,False,False,0,0.7279279279279278,0.09694817428939854,0.5615615615615616,0.8318318318318318,"[0.6876876876876877, 0.8318318318318318, 0.7507507507507507, 0.8078078078078078, 0.5615615615615616]",0.6372372372372372,0.8012012012012011,0.7279279279279278,0.9703203242462319,9965316
2d1c70257fcb,looped_transformer,propagate,25000,16,interp,"{""dim"": 1, ""distance"": 1, ""length"": 12, ""n_sources"": 1}",5,False,False,0,0.7514970059880239,0.145485570182305,0.47604790419161674,0.8862275449101796,"[0.47604790419161674, 0.8862275449101796, 0.8263473053892215, 0.7395209580838323, 0.8293413173652695]",0.6104940119760478,0.8509131736526946,0.7514970059880239,0.9746008012823003,9965316
2d1c70257fcb,looped_transformer,propagate,25000,16,interp,"{""dim"": 1, ""distance"": 2, ""length"": 12, ""n_sources"": 1}",5,False,False,0,0.7561561561561562,0.15475695616432567,0.4594594594594595,0.8858858858858859,"[0.4594594594594595, 0.8858858858858859, 0.8438438438438438, 0.7507507507507507, 0.8408408408408409]",0.6027927927927929,0.8594744744744744,0.7561561561561562,0.9744744775889516,9965316
2d1c70257fcb,looped_transformer,propagate,25000,16,interp,"{""dim"": 1, ""distance"": 4, ""length"": 12, ""n_sources"": 1}",5,False,False,0,0.6612612612612613,0.14448658023277752,0.4024024024024024,0.8288288288288288,"[0.4024024024024024, 0.8288288288288288, 0.7477477477477478, 0.6336336336336337, 0.6936936936936937]",0.518888888888889,0.7693693693693693,0.6612612612612613,0.9615115158550731,9965316
2d1c70257fcb,looped_transformer,propagate,27500,16,interp,"{""dim"": 1, ""distance"": 1, ""length"": 12, ""n_sources"": 1}",5,False,False,0,0.8305389221556887,0.056731589376416806,0.7455089820359282,0.8982035928143712,"[0.7455089820359282, 0.8982035928143712, 0.8263473053892215, 0.8862275449101796, 0.7964071856287425]",0.7760479041916168,0.8766467065868264,0.8305389221556887,0.9828842336189247,9965316
2d1c70257fcb,looped_transformer,propagate,27500,16,interp,"{""dim"": 1, ""distance"": 2, ""length"": 12, ""n_sources"": 1}",5,False,False,0,0.8282282282282282,0.054895026317188456,0.7417417417417418,0.9069069069069069,"[0.7417417417417418, 0.9069069069069069, 0.8378378378378378, 0.8528528528528528, 0.8018018018018018]",0.775945945945946,0.8721471471471473,0.8282282282282282,0.9809809831885603,9965316
2d1c70257fcb,looped_transformer,propagate,27500,16,interp,"{""dim"": 1, ""distance"": 4, ""length"": 12, ""n_sources"": 1}",5,False,False,0,0.7531531531531532,0.06766825997336,0.6336336336336337,0.8258258258258259,"[0.6336336336336337, 0.8258258258258259, 0.7687687687687688, 0.8048048048048048, 0.7327327327327328]",0.6875075075075076,0.803003003003003,0.7531531531531532,0.963963966899448,9965316
2d1c70257fcb,looped_transformer,propagate,30000,16,interp,"{""dim"": 1, ""distance"": 1, ""length"": 12, ""n_sources"": 1}",5,False,False,0,0.804191616766467,0.09419677477683118,0.6616766467065869,0.9131736526946108,"[0.6616766467065869, 0.8802395209580839, 0.7305389221556886, 0.9131736526946108, 0.8353293413173652]",0.7191616766467066,0.8844311377245508,0.804191616766467,0.9795409205074082,9965316
2d1c70257fcb,looped_transformer,propagate,30000,16,interp,"{""dim"": 1, ""distance"": 2, ""length"": 12, ""n_sources"": 1}",5,False,False,0,0.821021021021021,0.10707885082829909,0.6216216216216216,0.9099099099099099,"[0.6216216216216216, 0.9009009009009009, 0.7987987987987988, 0.9099099099099099, 0.8738738738738738]",0.7147147147147147,0.899099099099099,0.821021021021021,0.9787787809386266,9965316
2d1c70257fcb,looped_transformer,propagate,30000,16,interp,"{""dim"": 1, ""distance"": 4, ""length"": 12, ""n_sources"": 1}",5,False,False,0,0.7339339339339339,0.10573982523330601,0.5555555555555556,0.8438438438438438,"[0.5555555555555556, 0.8258258258258259, 0.6816816816816816, 0.8438438438438438, 0.7627627627627628]",0.6348348348348348,0.8204204204204204,0.7339339339339339,0.9620620645918286,9965316
2d1c70257fcb,looped_transformer,propagate,32500,16,interp,"{""dim"": 1, ""distance"": 1, ""length"": 12, ""n_sources"": 1}",5,False,False,0,0.8479041916167664,0.05656702121494392,0.7574850299401198,0.9011976047904192,"[0.7574850299401198, 0.8892215568862275, 0.8053892215568862, 0.9011976047904192, 0.8862275449101796]",0.7934131736526946,0.893428143712575,0.8479041916167664,0.9839321374893188,9965316
2d1c70257fcb,looped_transformer,propagate,32500,16,interp,"{""dim"": 1, ""distance"": 2, ""length"": 12, ""n_sources"": 1}",5,False,False,0,0.8558558558558559,0.05719912769157538,0.7537537537537538,0.9039039039039038,"[0.7537537537537538, 0.9039039039039038, 0.8318318318318318, 0.8948948948948949, 0.8948948948948949]",0.7993993993993994,0.8984984984984985,0.8558558558558559,0.9817817836194426,9965316
2d1c70257fcb,looped_transformer,propagate,32500,16,interp,"{""dim"": 1, ""distance"": 4, ""length"": 12, ""n_sources"": 1}",5,False,False,0,0.7525525525525526,0.07912442789369109,0.6066066066066066,0.8318318318318318,"[0.6066066066066066, 0.8318318318318318, 0.7447447447447447, 0.8108108108108109, 0.7687687687687688]",0.6714714714714713,0.8102102102102103,0.7525525525525526,0.9609609634310633,9965316
2d1c70257fcb,looped_transformer,propagate,35000,16,interp,"{""dim"": 1, ""distance"": 1, ""length"": 12, ""n_sources"": 1}",5,False,False,0,0.8514970059880241,0.04582305741247663,0.7934131736526946,0.9011976047904192,"[0.7994011976047904, 0.8892215568862275, 0.7934131736526946, 0.9011976047904192, 0.874251497005988]",0.8131736526946108,0.8910179640718562,0.8514970059880241,0.9839820375699484,9965316
2d1c70257fcb,looped_transformer,propagate,35000,16,interp,"{""dim"": 1, ""distance"": 2, ""length"": 12, ""n_sources"": 1}",5,False,False,0,0.8738738738738739,0.03568396583186293,0.8288288288288288,0.9069069069069069,"[0.8288288288288288, 0.9069069069069069, 0.8318318318318318, 0.9039039039039038, 0.8978978978978979]",0.8438438438438439,0.9033033033033032,0.8738738738738739,0.9829829841762692,9965316
2d1c70257fcb,looped_transformer,propagate,35000,16,interp,"{""dim"": 1, ""distance"": 4, ""length"": 12, ""n_sources"": 1}",5,False,False,0,0.7693693693693694,0.05094141203276882,0.7177177177177178,0.8348348348348348,"[0.7177177177177178, 0.8258258258258259, 0.7477477477477478, 0.8348348348348348, 0.7207207207207207]",0.7249099099099099,0.812012012012012,0.7693693693693694,0.9605605621237656,9965316
2d1c70257fcb,looped_transformer,propagate,37500,16,interp,"{""dim"": 1, ""distance"": 1, ""length"": 12, ""n_sources"": 1}",5,False,False,0,0.8497005988023952,0.05238751012718421,0.7694610778443114,0.9011976047904192,"[0.7694610778443114, 0.8862275449101796, 0.8053892215568862, 0.9011976047904192, 0.8862275449101796]",0.8,0.8922155688622755,0.8497005988023952,0.9836327361489484,9965316
2d1c70257fcb,looped_transformer,propagate,37500,16,interp,"{""dim"": 1, ""distance"": 2, ""length"": 12, ""n_sources"": 1}",5,False,False,0,0.8654654654654654,0.041323765553800774,0.7987987987987988,0.8978978978978979,"[0.7987987987987988, 0.8978978978978979, 0.8348348348348348, 0.8978978978978979, 0.8978978978978979]",0.8258258258258259,0.897897897897898,0.8654654654654654,0.9824824840456874,9965316
2d1c70257fcb,looped_transformer,propagate,37500,16,interp,"{""dim"": 1, ""distance"": 4, ""length"": 12, ""n_sources"": 1}",5,False,False,0,0.772972972972973,0.05279139205608585,0.6846846846846847,0.8288288288288288,"[0.6846846846846847, 0.8258258258258259, 0.7597597597597597, 0.8288288288288288, 0.7657657657657657]",0.7171171171171171,0.815015015015015,0.772972972972973,0.963363365547077,9965316
2d1c70257fcb,looped_transformer,propagate,40000,16,interp,"{""dim"": 1, ""distance"": 1, ""length"": 12, ""n_sources"": 1}",5,False,False,0,0.8508982035928143,0.05303374808499287,0.7604790419161677,0.8982035928143712,"[0.7604790419161677, 0.8892215568862275, 0.8203592814371258, 0.8982035928143712, 0.8862275449101796]",0.7982035928143711,0.8922305389221558,0.8508982035928143,0.9837325364529729,9965316
2d1c70257fcb,looped_transformer,propagate,40000,16,interp,"{""dim"": 1, ""distance"": 2, ""length"": 12, ""n_sources"": 1}",5,False,False,0,0.869069069069069,0.03772804510399858,0.8048048048048048,0.8978978978978979,"[0.8048048048048048, 0.8978978978978979, 0.8468468468468469, 0.8978978978978979, 0.8978978978978979]",0.8318318318318318,0.897897897897898,0.869069069069069,0.9828328343483064,9965316
2d1c70257fcb,looped_transformer,propagate,40000,16,interp,"{""dim"": 1, ""distance"": 4, ""length"": 12, ""n_sources"": 1}",5,False,False,0,0.775975975975976,0.05296194038450113,0.6846846846846847,0.8288288288288288,"[0.6846846846846847, 0.8288288288288288, 0.7687687687687688, 0.8288288288288288, 0.7687687687687688]",0.7183183183183184,0.8168168168168168,0.775975975975976,0.9636636657757801,9965316
2d1c70257fcb,looped_transformer,propagate,40000,32,interp,"{""dim"": 1, ""distance"": 1, ""length"": 12, ""n_sources"": 1}",5,False,False,0,0.5688622754491017,0.14701787822202547,0.3532934131736527,0.7604790419161677,"[0.3532934131736527, 0.7604790419161677, 0.46107784431137727, 0.6826347305389222, 0.5868263473053892]",0.4407185628742515,0.6851796407185627,0.5688622754491017,0.9475548941932039,9965316
2d1c70257fcb,looped_transformer,propagate,40000,32,interp,"{""dim"": 1, ""distance"": 2, ""length"": 12, ""n_sources"": 1}",5,False,False,0,0.5423423423423424,0.190501194535714,0.26426426426426425,0.8258258258258259,"[0.26426426426426425, 0.8258258258258259, 0.4174174174174174, 0.6246246246246246, 0.5795795795795796]",0.3765765765765766,0.6962912912912912,0.5423423423423424,0.9374374417571335,9965316
2d1c70257fcb,looped_transformer,propagate,40000,32,interp,"{""dim"": 1, ""distance"": 4, ""length"": 12, ""n_sources"": 1}",5,False,False,0,0.3963963963963964,0.1892511457729029,0.1831831831831832,0.7027027027027027,"[0.1831831831831832, 0.7027027027027027, 0.2222222222222222, 0.4924924924924925, 0.3813813813813814]",0.24487987987987989,0.5569519519519518,0.3963963963963964,0.8875375408847053,9965316
2d1c70257fcb,looped_transformer,propagate,2500,1,mild,"{""dim"": 1, ""distance"": 6, ""length"": 12, ""n_sources"": 1}",5,False,False,0,0.06080000000000001,0.024350770008359078,0.02,0.084,"[0.046, 0.02, 0.084, 0.08, 0.074]",0.038,0.08001,0.06080000000000001,0.8783666696429254,9965316
2d1c70257fcb,looped_transformer,propagate,2500,1,mild,"{""dim"": 1, ""distance"": 8, ""length"": 12, ""n_sources"": 1}",5,False,False,0,0.005599999999999999,0.007310266752998826,0.0,0.018,"[0.01, 0.0, 0.0, 0.018, 0.0]",0.0,0.01120999999999999,0.005599999999999999,0.7101333401381968,9965316
2d1c70257fcb,looped_transformer,propagate,5000,1,mild,"{""dim"": 1, ""distance"": 6, ""length"": 12, ""n_sources"": 1}",5,False,False,0,0.008400000000000001,0.014827002394280512,0.0,0.038,"[0.0, 0.002, 0.038, 0.002, 0.0]",0.0004,0.0232,0.008400000000000001,0.8585999938011171,9965316
2d1c70257fcb,looped_transformer,propagate,5000,1,mild,"{""dim"": 1, ""distance"": 8, ""length"": 12, ""n_sources"": 1}",5,False,False,0,0.0,0.0,0.0,0.0,"[0.0, 0.0, 0.0, 0.0, 0.0]",0.0,0.0,0.0,0.6892666781604291,9965316
2d1c70257fcb,looped_transformer,propagate,7500,1,mild,"{""dim"": 1, ""distance"": 6, ""length"": 12, ""n_sources"": 1}",5,False,False,0,0.0012000000000000001,0.0016,0.0,0.004,"[0.002, 0.0, 0.004, 0.0, 0.0]",0.0,0.0028,0.0012000000000000001,0.859633327269554,9965316
2d1c70257fcb,looped_transformer,propagate,7500,1,mild,"{""dim"": 1, ""distance"": 8, ""length"": 12, ""n_sources"": 1}",5,False,False,0,0.0008,0.0016,0.0,0.004,"[0.0, 0.0, 0.0, 0.004, 0.0]",0.0,0.0024000000000000002,0.0008,0.6802666779518127,9965316
2d1c70257fcb,looped_transformer,propagate,10000,1,mild,"{""dim"": 1, ""distance"": 6, ""length"": 12, ""n_sources"": 1}",5,False,False,0,0.004399999999999999,0.004270831300812524,0.0,0.012,"[0.002, 0.002, 0.012, 0.0, 0.006]",0.0012000000000000001,0.008400000000000001,0.004399999999999999,0.8593333270311355,9965316
2d1c70257fcb,looped_transformer,propagate,10000,1,mild,"{""dim"": 1, ""distance"": 8, ""length"": 12, ""n_sources"": 1}",5,False,False,0,0.0,0.0,0.0,0.0,"[0.0, 0.0, 0.0, 0.0, 0.0]",0.0,0.0,0.0,0.678800011330843,9965316
2d1c70257fcb,looped_transformer,propagate,12500,1,mild,"{""dim"": 1, ""distance"": 6, ""length"": 12, ""n_sources"": 1}",5,False,False,0,0.0016,0.0019595917942265423,0.0,0.004,"[0.004, 0.0, 0.0, 0.0, 0.004]",0.0,0.0032,0.0016,0.870266665160656,9965316
2d1c70257fcb,looped_transformer,propagate,12500,1,mild,"{""dim"": 1, ""distance"": 8, ""length"": 12, ""n_sources"": 1}",5,False,False,0,0.0,0.0,0.0,0.0,"[0.0, 0.0, 0.0, 0.0, 0.0]",0.0,0.0,0.0,0.6709666729331016,9965316
2d1c70257fcb,looped_transformer,propagate,15000,1,mild,"{""dim"": 1, ""distance"": 6, ""length"": 12, ""n_sources"": 1}",5,False,False,0,0.0008,0.0009797958971132714,0.0,0.002,"[0.0, 0.0, 0.0, 0.002, 0.002]",0.0,0.0016,0.0008,0.8674333306908608,9965316
2d1c70257fcb,looped_transformer,propagate,15000,1,mild,"{""dim"": 1, ""distance"": 8, ""length"": 12, ""n_sources"": 1}",5,False,False,0,0.0,0.0,0.0,0.0,"[0.0, 0.0, 0.0, 0.0, 0.0]",0.0,0.0,0.0,0.6649000075221062,9965316
2d1c70257fcb,looped_transformer,propagate,17500,1,mild,"{""dim"": 1, ""distance"": 6, ""length"": 12, ""n_sources"": 1}",5,False,False,0,0.0036000000000000003,0.003666060555964672,0.0,0.008,"[0.0, 0.002, 0.008, 0.0, 0.008]",0.0004,0.0068000000000000005,0.0036000000000000003,0.8701999979257584,9965316
2d1c70257fcb,looped_transformer,propagate,17500,1,mild,"{""dim"": 1, ""distance"": 8, ""length"": 12, ""n_sources"": 1}",5,False,False,0,0.0,0.0,0.0,0.0,"[0.0, 0.0, 0.0, 0.0, 0.0]",0.0,0.0,0.0,0.6766000081539154,9965316
2d1c70257fcb,looped_transformer,propagate,20000,1,mild,"{""dim"": 1, ""distance"": 6, ""length"": 12, ""n_sources"": 1}",5,False,False,0,0.0028,0.0034871191548325386,0.0,0.008,"[0.0, 0.008, 0.0, 0.006, 0.0]",0.0,0.006,0.0028,0.8937000088214875,9965316
2d1c70257fcb,looped_transformer,propagate,20000,1,mild,"{""dim"": 1, ""distance"": 8, ""length"": 12, ""n_sources"": 1}",5,False,False,0,0.0,0.0,0.0,0.0,"[0.0, 0.0, 0.0, 0.0, 0.0]",0.0,0.0,0.0,0.6871666743993758,9965316
2d1c70257fcb,looped_transformer,propagate,22500,1,mild,"{""dim"": 1, ""distance"": 6, ""length"": 12, ""n_sources"": 1}",5,False,False,0,0.0012000000000000001,0.0016,0.0,0.004,"[0.002, 0.0, 0.0, 0.004, 0.0]",0.0,0.0024000000000000002,0.0012000000000000001,0.8805333361148835,9965316
2d1c70257fcb,looped_transformer,propagate,22500,1,mild,"{""dim"": 1, ""distance"": 8, ""length"": 12, ""n_sources"": 1}",5,False,False,0,0.0,0.0,0.0,0.0,"[0.0, 0.0, 0.0, 0.0, 0.0]",0.0,0.0,0.0,0.6823000062704085,9965316
2d1c70257fcb,looped_transformer,propagate,25000,1,mild,"{""dim"": 1, ""distance"": 6, ""length"": 12, ""n_sources"": 1}",5,False,False,0,0.004399999999999999,0.00265329983228432,0.0,0.008,"[0.004, 0.0, 0.006, 0.004, 0.008]",0.002,0.006409999999999991,0.004399999999999999,0.8972000105142592,9965316
2d1c70257fcb,looped_transformer,propagate,25000,1,mild,"{""dim"": 1, ""distance"": 8, ""length"": 12, ""n_sources"": 1}",5,False,False,0,0.0,0.0,0.0,0.0,"[0.0, 0.0, 0.0, 0.0, 0.0]",0.0,0.0,0.0,0.7049333399891854,9965316
2d1c70257fcb,looped_transformer,propagate,27500,1,mild,"{""dim"": 1, ""distance"": 6, ""length"": 12, ""n_sources"": 1}",5,False,False,0,0.0008,0.0009797958971132711,0.0,0.002,"[0.002, 0.0, 0.0, 0.0, 0.002]",0.0,0.0016,0.0008,0.888433339715004,9965316
2d1c70257fcb,looped_transformer,propagate,27500,1,mild,"{""dim"": 1, ""distance"": 8, ""length"": 12, ""n_sources"": 1}",5,False,False,0,0.0,0.0,0.0,0.0,"[0.0, 0.0, 0.0, 0.0, 0.0]",0.0,0.0,0.0,0.6965000065684318,9965316
2d1c70257fcb,looped_transformer,propagate,30000,1,mild,"{""dim"": 1, ""distance"": 6, ""length"": 12, ""n_sources"": 1}",5,False,False,0,0.0004,0.0008,0.0,0.002,"[0.002, 0.0, 0.0, 0.0, 0.0]",0.0,0.0012000000000000001,0.0004,0.8990000114440917,9965316
2d1c70257fcb,looped_transformer,propagate,30000,1,mild,"{""dim"": 1, ""distance"": 8, ""length"": 12, ""n_sources"": 1}",5,False,False,0,0.0,0.0,0.0,0.0,"[0.0, 0.0, 0.0, 0.0, 0.0]",0.0,0.0,0.0,0.6975333397865295,9965316
2d1c70257fcb,looped_transformer,propagate,32500,1,mild,"{""dim"": 1, ""distance"": 6, ""length"": 12, ""n_sources"": 1}",5,False,False,0,0.0028,0.002712931993250107,0.0,0.006,"[0.006, 0.002, 0.006, 0.0, 0.0]",0.0004,0.005200000000000001,0.0028,0.8959333432197572,9965316
2d1c70257fcb,looped_transformer,propagate,32500,1,mild,"{""dim"": 1, ""distance"": 8, ""length"": 12, ""n_sources"": 1}",5,False,False,0,0.0,0.0,0.0,0.0,"[0.0, 0.0, 0.0, 0.0, 0.0]",0.0,0.0,0.0,0.7056666723012923,9965316
2d1c70257fcb,looped_transformer,propagate,35000,1,mild,"{""dim"": 1, ""distance"": 6, ""length"": 12, ""n_sources"": 1}",5,False,False,0,0.0036000000000000003,0.0032,0.0,0.008,"[0.008, 0.0, 0.006, 0.0, 0.004]",0.0008,0.0064,0.0036000000000000003,0.9026666796684264,9965316
2d1c70257fcb,looped_transformer,propagate,35000,1,mild,"{""dim"": 1, ""distance"": 8, ""length"": 12, ""n_sources"": 1}",5,False,False,0,0.0,0.0,0.0,0.0,"[0.0, 0.0, 0.0, 0.0, 0.0]",0.0,0.0,0.0,0.7063333397388457,9965316
2d1c70257fcb,looped_transformer,propagate,37500,1,mild,"{""dim"": 1, ""distance"": 6, ""length"": 12, ""n_sources"": 1}",5,False,False,0,0.0044,0.0032,0.0,0.01,"[0.01, 0.004, 0.004, 0.0, 0.004]",0.0016,0.007600000000000001,0.0044,0.9022000127077103,9965316
2d1c70257fcb,looped_transformer,propagate,37500,1,mild,"{""dim"": 1, ""distance"": 8, ""length"": 12, ""n_sources"": 1}",5,False,False,0,0.0,0.0,0.0,0.0,"[0.0, 0.0, 0.0, 0.0, 0.0]",0.0,0.0,0.0,0.7097333389997482,9965316
2d1c70257fcb,looped_transformer,propagate,40000,1,mild,"{""dim"": 1, ""distance"": 6, ""length"": 12, ""n_sources"": 1}",5,False,False,0,0.0048000000000000004,0.0041182520563948005,0.0,0.012,"[0.012, 0.002, 0.006, 0.0, 0.004]",0.0016,0.008799999999999999,0.0048000000000000004,0.902366679430008,9965316
2d1c70257fcb,looped_transformer,propagate,40000,1,mild,"{""dim"": 1, ""distance"": 8, ""length"": 12, ""n_sources"": 1}",5,False,False,0,0.0,0.0,0.0,0.0,"[0.0, 0.0, 0.0, 0.0, 0.0]",0.0,0.0,0.0,0.7100333389043808,9965316
2d1c70257fcb,looped_transformer,propagate,40000,2,mild,"{""dim"": 1, ""distance"": 6, ""length"": 12, ""n_sources"": 1}",5,False,False,0,0.0236,0.027896953238660312,0.0,0.076,"[0.076, 0.004, 0.028, 0.0, 0.01]",0.0036000000000000003,0.0512,0.0236,0.9060000133752822,9965316
2d1c70257fcb,looped_transformer,propagate,40000,2,mild,"{""dim"": 1, ""distance"": 8, ""length"": 12, ""n_sources"": 1}",5,False,False,0,0.0,0.0,0.0,0.0,"[0.0, 0.0, 0.0, 0.0, 0.0]",0.0,0.0,0.0,0.7227333374023438,9965316
2d1c70257fcb,looped_transformer,propagate,2500,4,mild,"{""dim"": 1, ""distance"": 6, ""length"": 12, ""n_sources"": 1}",5,False,False,0,0.21519999999999997,0.11349431703834337,0.1,0.412,"[0.126, 0.1, 0.266, 0.172, 0.412]",0.1288,0.32439999999999997,0.21519999999999997,0.8973666721343994,9965316
2d1c70257fcb,looped_transformer,propagate,2500,4,mild,"{""dim"": 1, ""distance"": 8, ""length"": 12, ""n_sources"": 1}",5,False,False,0,0.11120000000000001,0.13131092871501593,0.026,0.368,"[0.034, 0.026, 0.1, 0.028, 0.368]",0.029189999999999997,0.246,0.11120000000000001,0.7809000020205975,9965316
2d1c70257fcb,looped_transformer,propagate,5000,4,mild,"{""dim"": 1, ""distance"": 6, ""length"": 12, ""n_sources"": 1}",5,False,False,0,0.1264,0.03831240008143577,0.064,0.182,"[0.064, 0.182, 0.142, 0.116, 0.128]",0.0896,0.15799999999999997,0.1264,0.8891666690587998,9965316
2d1c70257fcb,looped_transformer,propagate,5000,4,mild,"{""dim"": 1, ""distance"": 8, ""length"": 12, ""n_sources"": 1}",5,False,False,0,0.024399999999999998,0.016218507946170635,0.01,0.048,"[0.04, 0.01, 0.012, 0.012, 0.048]",0.0112,0.0392,0.024399999999999998,0.747533334761858,9965316
2d1c70257fcb,looped_transformer,propagate,7500,4,mild,"{""dim"": 1, ""distance"": 6, ""length"": 12, ""n_sources"": 1}",5,False,False,0,0.06599999999999999,0.02850964748992874,0.036,0.104,"[0.036, 0.094, 0.104, 0.036, 0.06]",0.0408,0.0904,0.06599999999999999,0.8807333337903023,9965316
2d1c70257fcb,looped_transformer,propagate,7500,4,mild,"{""dim"": 1, ""distance"": 8, ""length"": 12, ""n_sources"": 1}",5,False,False,0,0.0104,0.010910545357588683,0.0,0.03,"[0.002, 0.0, 0.006, 0.014, 0.03]",0.002,0.0204,0.0104,0.7217000044822693,9965316
2d1c70257fcb,looped_transformer,propagate,10000,4,mild,"{""dim"": 1, ""distance"": 6, ""length"": 12, ""n_sources"": 1}",5,False,False,0,0.078,0.07153181110526981,0.02,0.212,"[0.03, 0.036, 0.092, 0.02, 0.212]",0.027200000000000002,0.15159999999999998,0.078,0.8826333340883256,9965316
2d1c70257fcb,looped_transformer,propagate,10000,4,mild,"{""dim"": 1, ""distance"": 8, ""length"": 12, ""n_sources"": 1}",5,False,False,0,0.0028,0.003487119154832539,0.0,0.008,"[0.0, 0.0, 0.006, 0.0, 0.008]",0.0,0.006,0.0028,0.71763333837986,9965316
2d1c70257fcb,looped_transformer,propagate,12500,4,mild,"{""dim"": 1, ""distance"": 6, ""length"": 12, ""n_sources"": 1}",5,False,False,0,0.094,0.06753961800306543,0.01,0.19,"[0.028, 0.102, 0.01, 0.14, 0.19]",0.03560000000000001,0.1524,0.094,0.8899333362579347,9965316
2d1c70257fcb,looped_transformer,propagate,12500,4,mild,"{""dim"": 1, ""distance"": 8, ""length"": 12, ""n_sources"": 1}",5,False,False,0,0.0008,0.0016,0.0,0.004,"[0.0, 0.0, 0.0, 0.004, 0.0]",0.0,0.0024000000000000002,0.0008,0.7081333369851112,9965316
2d1c70257fcb,looped_transformer,propagate,15000,4,mild,"{""dim"": 1, ""distance"": 6, ""length"": 12, ""n_sources"": 1}",5,False,False,0,0.1004,0.10119604735363925,0.014,0.288,"[0.014, 0.028, 0.048, 0.288, 0.124]",0.027570000000000004,0.2032,0.1004,0.8864333342909813,9965316
2d1c70257fcb,looped_transformer,propagate,15000,4,mild,"{""dim"": 1, ""distance"": 8, ""length"": 12, ""n_sources"": 1}",5,False,False,0,0.0008,0.0009797958971132714,0.0,0.002,"[0.002, 0.0, 0.0, 0.002, 0.0]",0.0,0.0016,0.0008,0.7053000032782555,9965316
2d1c70257fcb,looped_transformer,propagate,17500,4,mild,"{""dim"": 1, ""distance"": 6, ""length"": 12, ""n_sources"": 1}",5,False,False,0,0.0508,0.03055748680765485,0.014,0.096,"[0.014, 0.068, 0.056, 0.02, 0.096]",0.024800000000000003,0.07680000000000001,0.0508,0.8846666689515115,9965316
2d1c70257fcb,looped_transformer,propagate,17500,4,mild,"{""dim"": 1, ""distance"": 8, ""length"": 12, ""n_sources"": 1}",5,False,False,0,0.0016,0.0023323807579381205,0.0,0.006,"[0.0, 0.002, 0.0, 0.006, 0.0]",0.0,0.004,0.0016,0.7051000060915947,9965316
2d1c70257fcb,looped_transformer,propagate,20000,4,mild,"{""dim"": 1, ""distance"": 6, ""length"": 12, ""n_sources"": 1}",5,False,False,0,0.06799999999999999,0.04576461515188345,0.0,0.124,"[0.09, 0.096, 0.0, 0.124, 0.03]",0.029880000000000007,0.10599999999999998,0.06799999999999999,0.9058333443403244,9965316
2d1c70257fcb,looped_transformer,propagate,20000,4,mild,"{""dim"": 1, ""distance"": 8, ""length"": 12, ""n_sources"": 1}",5,False,False,0,0.0,0.0,0.0,0.0,"[0.0, 0.0, 0.0, 0.0, 0.0]",0.0,0.0,0.0,0.7195333371639252,9965316
2d1c70257fcb,looped_transformer,propagate,22500,4,mild,"{""dim"": 1, ""distance"": 6, ""length"": 12, ""n_sources"": 1}",5,False,False,0,0.056799999999999996,0.027585503439306668,0.026,0.102,"[0.06, 0.03, 0.026, 0.102, 0.066]",0.03479,0.08039999999999999,0.056799999999999996,0.8951000063180924,9965316
2d1c70257fcb,looped_transformer,propagate,22500,4,mild,"{""dim"": 1, ""distance"": 8, ""length"": 12, ""n_sources"": 1}",5,False,False,0,0.0,0.0,0.0,0.0,"[0.0, 0.0, 0.0, 0.0, 0.0]",0.0,0.0,0.0,0.7081000050067903,9965316
2d1c70257fcb,looped_transformer,propagate,25000,4,mild,"{""dim"": 1, ""distance"": 6, ""length"": 12, ""n_sources"": 1}",5,False,False,0,0.0712,0.025063120316512862,0.05,0.12,"[0.064, 0.05, 0.066, 0.12, 0.056]",0.055200000000000006,0.09519999999999999,0.0712,0.9077333448648452,9965316
2d1c70257fcb,looped_transformer,propagate,25000,4,mild,"{""dim"": 1, ""distance"": 8, ""length"": 12, ""n_sources"": 1}",5,False,False,0,0.0,0.0,0.0,0.0,"[0.0, 0.0, 0.0, 0.0, 0.0]",0.0,0.0,0.0,0.7264000036120415,9965316
2d1c70257fcb,looped_transformer,propagate,27500,4,mild,"{""dim"": 1, ""distance"": 6, ""length"": 12, ""n_sources"": 1}",5,False,False,0,0.044,0.01501998668441487,0.018,0.06,"[0.06, 0.018, 0.056, 0.048, 0.038]",0.030000000000000006,0.055999999999999994,0.044,0.8977666749715805,9965316
2d1c70257fcb,looped_transformer,propagate,27500,4,mild,"{""dim"": 1, ""distance"": 8, ""length"": 12, ""n_sources"": 1}",5,False,False,0,0.0,0.0,0.0,0.0,"[0.0, 0.0, 0.0, 0.0, 0.0]",0.0,0.0,0.0,0.7180333379983902,9965316
2d1c70257fcb,looped_transformer,propagate,30000,4,mild,"{""dim"": 1, ""distance"": 6, ""length"": 12, ""n_sources"": 1}",5,False,False,0,0.06960000000000001,0.02565618833731932,0.024,0.096,"[0.086, 0.024, 0.06, 0.096, 0.082]",0.045599999999999995,0.0892,0.06960000000000001,0.9094000122547149,9965316
2d1c70257fcb,looped_transformer,propagate,30000,4,mild,"{""dim"": 1, ""distance"": 8, ""length"": 12, ""n_sources"": 1}",5,False,False,0,0.0,0.0,0.0,0.0,"[0.0, 0.0, 0.0, 0.0, 0.0]",0.0,0.0,0.0,0.7237333366155625,9965316
2d1c70257fcb,looped_transformer,propagate,32500,4,mild,"{""dim"": 1, ""distance"": 6, ""length"": 12, ""n_sources"": 1}",5,False,False,0,0.0668,0.036256861419598906,0.028,0.12,"[0.12, 0.028, 0.044, 0.1, 0.042]",0.03719,0.1004,0.0668,0.9075000115156173,9965316
2d1c70257fcb,looped_transformer,propagate,32500,4,mild,"{""dim"": 1, ""distance"": 8, ""length"": 12, ""n_sources"": 1}",5,False,False,0,0.0,0.0,0.0,0.0,"[0.0, 0.0, 0.0, 0.0, 0.0]",0.0,0.0,0.0,0.7287000034809112,9965316
2d1c70257fcb,looped_transformer,propagate,35000,4,mild,"{""dim"": 1, ""distance"": 6, ""length"": 12, ""n_sources"": 1}",5,False,False,0,0.0728,0.04508835769907793,0.026,0.128,"[0.128, 0.032, 0.052, 0.126, 0.026]",0.0336,0.10886999999999994,0.0728,0.9127333470106125,9965316
2d1c70257fcb,looped_transformer,propagate,35000,4,mild,"{""dim"": 1, ""distance"": 8, ""length"": 12, ""n_sources"": 1}",5,False,False,0,0.0,0.0,0.0,0.0,"[0.0, 0.0, 0.0, 0.0, 0.0]",0.0,0.0,0.0,0.7337000023365021,9965316
2d1c70257fcb,looped_transformer,propagate,37500,4,mild,"{""dim"": 1, ""distance"": 6, ""length"": 12, ""n_sources"": 1}",5,False,False,0,0.0644,0.04508480897153719,0.012,0.12,"[0.116, 0.012, 0.046, 0.12, 0.028]",0.0256,0.10160999999999999,0.0644,0.9118000137090684,9965316
2d1c70257fcb,looped_transformer,propagate,37500,4,mild,"{""dim"": 1, ""distance"": 8, ""length"": 12, ""n_sources"": 1}",5,False,False,0,0.0,0.0,0.0,0.0,"[0.0, 0.0, 0.0, 0.0, 0.0]",0.0,0.0,0.0,0.7332666689157487,9965316
2d1c70257fcb,looped_transformer,propagate,40000,4,mild,"{""dim"": 1, ""distance"": 6, ""length"": 12, ""n_sources"": 1}",5,False,False,0,0.06480000000000001,0.04745692783988445,0.012,0.122,"[0.122, 0.012, 0.038, 0.122, 0.03]",0.025959999999999997,0.10363999999999997,0.06480000000000001,0.9120000137805938,9965316
2d1c70257fcb,looped_transformer,propagate,40000,4,mild,"{""dim"": 1, ""distance"": 8, ""length"": 12, ""n_sources"": 1}",5,False,False,0,0.0,0.0,0.0,0.0,"[0.0, 0.0, 0.0, 0.0, 0.0]",0.0,0.0,0.0,0.7338000021457671,9965316
2d1c70257fcb,looped_transformer,propagate,40000,8,mild,"{""dim"": 1, ""distance"": 6, ""length"": 12, ""n_sources"": 1}",5,False,False,0,0.0792,0.015471263684650974,0.064,0.1,"[0.096, 0.064, 0.068, 0.1, 0.068]",0.0664,0.092,0.0792,0.9081000118017197,9965316
2d1c70257fcb,looped_transformer,propagate,40000,8,mild,"{""dim"": 1, ""distance"": 8, ""length"": 12, ""n_sources"": 1}",5,False,False,0,0.0,0.0,0.0,0.0,"[0.0, 0.0, 0.0, 0.0, 0.0]",0.0,0.0,0.0,0.7246333363175392,9965316
2d1c70257fcb,looped_transformer,propagate,2500,16,mild,"{""dim"": 1, ""distance"": 6, ""length"": 12, ""n_sources"": 1}",5,False,False,0,0.1292,0.0736977611600244,0.03,0.242,"[0.03, 0.082, 0.116, 0.176, 0.242]",0.068,0.1916,0.1292,0.7846000008702279,9965316
2d1c70257fcb,looped_transformer,propagate,2500,16,mild,"{""dim"": 1, ""distance"": 8, ""length"": 12, ""n_sources"": 1}",5,False,False,0,0.0692,0.07810352104738941,0.006,0.222,"[0.006, 0.022, 0.052, 0.044, 0.222]",0.02,0.14644,0.0692,0.6491000008314849,9965316
2d1c70257fcb,looped_transformer,propagate,5000,16,mild,"{""dim"": 1, ""distance"": 6, ""length"": 12, ""n_sources"": 1}",5,False,False,0,0.07519999999999999,0.040350464681339175,0.026,0.142,"[0.026, 0.142, 0.068, 0.094, 0.046]",0.04194,0.10927999999999993,0.07519999999999999,0.8082999985456466,9965316
2d1c70257fcb,looped_transformer,propagate,5000,16,mild,"{""dim"": 1, ""distance"": 8, ""length"": 12, ""n_sources"": 1}",5,False,False,0,0.026399999999999996,0.015512575543732253,0.008,0.054,"[0.008, 0.03, 0.018, 0.054, 0.022]",0.013600000000000001,0.041999999999999996,0.026399999999999996,0.6605000009864569,9965316
2d1c70257fcb,looped_transformer,propagate,7500,16,mild,"{""dim"": 1, ""distance"": 6, ""length"": 12, ""n_sources"": 1}",5,False,False,0,0.094,0.05659681969863679,0.014,0.168,"[0.014, 0.148, 0.064, 0.168, 0.076]",0.0408,0.14320000000000002,0.094,0.8638666680574417,9965316
2d1c70257fcb,looped_transformer,propagate,7500,16,mild,"{""dim"": 1, ""distance"": 8, ""length"": 12, ""n_sources"": 1}",5,False,False,0,0.0656,0.06651796749751153,0.008,0.168,"[0.012, 0.018, 0.008, 0.168, 0.122]",0.011600000000000001,0.1276,0.0656,0.7508000011622905,9965316
2d1c70257fcb,looped_transformer,propagate,10000,16,mild,"{""dim"": 1, ""distance"": 6, ""length"": 12, ""n_sources"": 1}",5,False,False,0,0.038,0.038241338888694784,0.004,0.108,"[0.004, 0.004, 0.03, 0.044, 0.108]",0.0092,0.0744,0.038,0.8371333328723907,9965316
2d1c70257fcb,looped_transformer,propagate,10000,16,mild,"{""dim"": 1, ""distance"": 8, ""length"": 12, ""n_sources"": 1}",5,False,False,0,0.014800000000000002,0.014783774890061064,0.0,0.042,"[0.006, 0.0, 0.008, 0.018, 0.042]",0.004,0.0284,0.014800000000000002,0.6847333345294,9965316
2d1c70257fcb,looped_transformer,propagate,12500,16,mild,"{""dim"": 1, ""distance"": 6, ""length"": 12, ""n_sources"": 1}",5,False,False,0,0.0512,0.047943299844712406,0.01,0.14,"[0.012, 0.06, 0.01, 0.14, 0.034]",0.016,0.098,0.0512,0.8365000005245209,9965316
2d1c70257fcb,looped_transformer,propagate,12500,16,mild,"{""dim"": 1, ""distance"": 8, ""length"": 12, ""n_sources"": 1}",5,False,False,0,0.0032,0.0037094473981982815,0.0,0.01,"[0.002, 0.0, 0.0, 0.01, 0.004]",0.0004,0.0068000000000000005,0.0032,0.6722666669905185,9965316
2d1c70257fcb,looped_transformer,propagate,15000,16,mild,"{""dim"": 1, ""distance"": 6, ""length"": 12, ""n_sources"": 1}",5,False,False,0,0.0548,0.05304488665272082,0.002,0.134,"[0.002, 0.012, 0.024, 0.134, 0.102]",0.010790000000000001,0.1032,0.0548,0.8254333339452744,9965316
2d1c70257fcb,looped_transformer,propagate,15000,16,mild,"{""dim"": 1, ""distance"": 8, ""length"": 12, ""n_sources"": 1}",5,False,False,0,0.010799999999999999,0.008541662601625049,0.0,0.026,"[0.008, 0.0, 0.008, 0.026, 0.012]",0.004,0.0188,0.010799999999999999,0.6728666674673558,9965316
2d1c70257fcb,looped_transformer,propagate,17500,16,mild,"{""dim"": 1, ""distance"": 6, ""length"": 12, ""n_sources"": 1}",5,False,False,0,0.068,0.04100731642036577,0.016,0.108,"[0.02, 0.098, 0.098, 0.016, 0.108]",0.034,0.10200000000000001,0.068,0.8358000012874603,9965316
2d1c70257fcb,looped_transformer,propagate,17500,16,mild,"{""dim"": 1, ""distance"": 8, ""length"": 12, ""n_sources"": 1}",5,False,False,0,0.0032,0.0037094473981982815,0.0,0.01,"[0.0, 0.002, 0.01, 0.0, 0.004]",0.0004,0.0068000000000000005,0.0032,0.6593666682064534,9965316
2d1c70257fcb,looped_transformer,propagate,20000,16,mild,"{""dim"": 1, ""distance"": 6, ""length"": 12, ""n_sources"": 1}",5,False,False,0,0.0764,0.0497738887369673,0.028,0.168,"[0.046, 0.088, 0.028, 0.168, 0.052]",0.04,0.12400000000000003,0.0764,0.8651333393454553,9965316
2d1c70257fcb,looped_transformer,propagate,20000,16,mild,"{""dim"": 1, ""distance"": 8, ""length"": 12, ""n_sources"": 1}",5,False,False,0,0.0012000000000000001,0.0016,0.0,0.004,"[0.0, 0.0, 0.004, 0.002, 0.0]",0.0,0.0028,0.0012000000000000001,0.6775666692018509,9965316
2d1c70257fcb,looped_transformer,propagate,22500,16,mild,"{""dim"": 1, ""distance"": 6, ""length"": 12, ""n_sources"": 1}",5,False,False,0,0.058800000000000005,0.04875407675261629,0.014,0.126,"[0.014, 0.018, 0.11, 0.126, 0.026]",0.018779999999999998,0.1012,0.058800000000000005,0.8629333372592927,9965316
2d1c70257fcb,looped_transformer,propagate,22500,16,mild,"{""dim"": 1, ""distance"": 8, ""length"": 12, ""n_sources"": 1}",5,False,False,0,0.0004,0.0008,0.0,0.002,"[0.0, 0.0, 0.0, 0.002, 0.0]",0.0,0.0012000000000000001,0.0004,0.671100003772974,9965316
2d1c70257fcb,looped_transformer,propagate,25000,16,mild,"{""dim"": 1, ""distance"": 6, ""length"": 12, ""n_sources"": 1}",5,False,False,0,0.0588,0.04626186334336308,0.01,0.136,"[0.02, 0.136, 0.084, 0.01, 0.044]",0.0208,0.1024,0.0588,0.8626333374738693,9965316
2d1c70257fcb,looped_transformer,propagate,25000,16,mild,"{""dim"": 1, ""distance"": 8, ""length"": 12, ""n_sources"": 1}",5,False,False,0,0.0004,0.0008,0.0,0.002,"[0.0, 0.002, 0.0, 0.0, 0.0]",0.0,0.0012000000000000001,0.0004,0.6684333375126125,9965316
2d1c70257fcb,looped_transformer,propagate,27500,16,mild,"{""dim"": 1, ""distance"": 6, ""length"": 12, ""n_sources"": 1}",5,False,False,0,0.0744,0.03494910585408444,0.048,0.142,"[0.052, 0.142, 0.074, 0.048, 0.056]",0.0512,0.10959999999999999,0.0744,0.8548333371639252,9965316
2d1c70257fcb,looped_transformer,propagate,27500,16,mild,"{""dim"": 1, ""distance"": 8, ""length"": 12, ""n_sources"": 1}",5,False,False,0,0.0,0.0,0.0,0.0,"[0.0, 0.0, 0.0, 0.0, 0.0]",0.0,0.0,0.0,0.6463666702717543,9965316
2d1c70257fcb,looped_transformer,propagate,30000,16,mild,"{""dim"": 1, ""distance"": 6, ""length"": 12, ""n_sources"": 1}",5,False,False,0,0.1008,0.05664768309472154,0.03,0.172,"[0.038, 0.172, 0.138, 0.03, 0.126]",0.0524,0.14685999999999994,0.1008,0.8517000052690505,9965316
2d1c70257fcb,looped_transformer,propagate,30000,16,mild,"{""dim"": 1, ""distance"": 8, ""length"": 12, ""n_sources"": 1}",5,False,False,0,0.0,0.0,0.0,0.0,"[0.0, 0.0, 0.0, 0.0, 0.0]",0.0,0.0,0.0,0.649466669651866,9965316
2d1c70257fcb,looped_transformer,propagate,32500,16,mild,"{""dim"": 1, ""distance"": 6, ""length"": 12, ""n_sources"": 1}",5,False,False,0,0.1076,0.05486565410163265,0.04,0.178,"[0.046, 0.178, 0.138, 0.04, 0.136]",0.0616,0.15320999999999999,0.1076,0.8509000049591064,9965316
2d1c70257fcb,looped_transformer,propagate,32500,16,mild,"{""dim"": 1, ""distance"": 8, ""length"": 12, ""n_sources"": 1}",5,False,False,0,0.0,0.0,0.0,0.0,"[0.0, 0.0, 0.0, 0.0, 0.0]",0.0,0.0,0.0,0.6465000038623809,9965316
2d1c70257fcb,looped_transformer,propagate,35000,16,mild,"{""dim"": 1, ""distance"": 6, ""length"": 12, ""n_sources"": 1}",5,False,False,0,0.1236,0.05493851108284606,0.054,0.182,"[0.054, 0.182, 0.174, 0.062, 0.146]",0.0756,0.16999999999999998,0.1236,0.8540000059962273,9965316
2d1c70257fcb,looped_transformer,propagate,35000,16,mild,"{""dim"": 1, ""distance"": 8, ""length"": 12, ""n_sources"": 1}",5,False,False,0,0.0004,0.0008,0.0,0.002,"[0.0, 0.0, 0.0, 0.0, 0.002]",0.0,0.0012000000000000001,0.0004,0.6441000030517579,9965316
2d1c70257fcb,looped_transformer,propagate,37500,16,mild,"{""dim"": 1, ""distance"": 6, ""length"": 12, ""n_sources"": 1}",5,False,False,0,0.0856,0.058793196885354004,0.03,0.198,"[0.062, 0.054, 0.198, 0.03, 0.084]",0.0456,0.14200000000000002,0.0856,0.8664666743874552,9965316
2d1c70257fcb,looped_transformer,propagate,37500,16,mild,"{""dim"": 1, ""distance"": 8, ""length"": 12, ""n_sources"": 1}",5,False,False,0,0.0,0.0,0.0,0.0,"[0.0, 0.0, 0.0, 0.0, 0.0]",0.0,0.0,0.0,0.6647000031650067,9965316
2d1c70257fcb,looped_transformer,propagate,40000,16,mild,"{""dim"": 1, ""distance"": 6, ""length"": 12, ""n_sources"": 1}",5,False,False,0,0.0884,0.06144135415174375,0.03,0.206,"[0.072, 0.052, 0.206, 0.03, 0.082]",0.0448,0.1484,0.0884,0.866100007545948,9965316
2d1c70257fcb,looped_transformer,propagate,40000,16,mild,"{""dim"": 1, ""distance"": 8, ""length"": 12, ""n_sources"": 1}",5,False,False,0,0.0,0.0,0.0,0.0,"[0.0, 0.0, 0.0, 0.0, 0.0]",0.0,0.0,0.0,0.6640333365440368,9965316
2d1c70257fcb,looped_transformer,propagate,40000,32,mild,"{""dim"": 1, ""distance"": 6, ""length"": 12, ""n_sources"": 1}",5,False,False,0,0.0524,0.024540578640284746,0.02,0.088,"[0.02, 0.064, 0.03, 0.06, 0.088]",0.032,0.0728,0.0524,0.7783333351016044,9965316
2d1c70257fcb,looped_transformer,propagate,40000,32,mild,"{""dim"": 1, ""distance"": 8, ""length"": 12, ""n_sources"": 1}",5,False,False,0,0.0,0.0,0.0,0.0,"[0.0, 0.0, 0.0, 0.0, 0.0]",0.0,0.0,0.0,0.5648000015974045,9965316
2d1c70257fcb,looped_transformer,propagate,2500,1,strong,"{""dim"": 1, ""distance"": 12, ""length"": 48, ""n_sources"": 1}",5,False,False,0,0.0,0.0,0.0,0.0,"[0.0, 0.0, 0.0, 0.0, 0.0]",0.0,0.0,0.0,0.7018916668832302,9965316
2d1c70257fcb,looped_transformer,propagate,2500,1,strong,"{""dim"": 1, ""distance"": 24, ""length"": 48, ""n_sources"": 1}",5,False,False,0,0.0,0.0,0.0,0.0,"[0.0, 0.0, 0.0, 0.0, 0.0]",0.0,0.0,0.0,0.7111416674256323,9965316
2d1c70257fcb,looped_transformer,propagate,5000,1,strong,"{""dim"": 1, ""distance"": 12, ""length"": 48, ""n_sources"": 1}",5,False,False,0,0.0,0.0,0.0,0.0,"[0.0, 0.0, 0.0, 0.0, 0.0]",0.0,0.0,0.0,0.6361250000357628,9965316
2d1c70257fcb,looped_transformer,propagate,5000,1,strong,"{""dim"": 1, ""distance"": 24, ""length"": 48, ""n_sources"": 1}",5,False,False,0,0.0,0.0,0.0,0.0,"[0.0, 0.0, 0.0, 0.0, 0.0]",0.0,0.0,0.0,0.6394416665554047,9965316
2d1c70257fcb,looped_transformer,propagate,7500,1,strong,"{""dim"": 1, ""distance"": 12, ""length"": 48, ""n_sources"": 1}",5,False,False,0,0.0,0.0,0.0,0.0,"[0.0, 0.0, 0.0, 0.0, 0.0]",0.0,0.0,0.0,0.6612166668057442,9965316
2d1c70257fcb,looped_transformer,propagate,7500,1,strong,"{""dim"": 1, ""distance"": 24, ""length"": 48, ""n_sources"": 1}",5,False,False,0,0.0,0.0,0.0,0.0,"[0.0, 0.0, 0.0, 0.0, 0.0]",0.0,0.0,0.0,0.667749999821186,9965316
2d1c70257fcb,looped_transformer,propagate,10000,1,strong,"{""dim"": 1, ""distance"": 12, ""length"": 48, ""n_sources"": 1}",5,False,False,0,0.0,0.0,0.0,0.0,"[0.0, 0.0, 0.0, 0.0, 0.0]",0.0,0.0,0.0,0.6423916661143303,9965316
2d1c70257fcb,looped_transformer,propagate,10000,1,strong,"{""dim"": 1, ""distance"": 24, ""length"": 48, ""n_sources"": 1}",5,False,False,0,0.0,0.0,0.0,0.0,"[0.0, 0.0, 0.0, 0.0, 0.0]",0.0,0.0,0.0,0.6568999997377396,9965316
2d1c70257fcb,looped_transformer,propagate,12500,1,strong,"{""dim"": 1, ""distance"": 12, ""length"": 48, ""n_sources"": 1}",5,False,False,0,0.0,0.0,0.0,0.0,"[0.0, 0.0, 0.0, 0.0, 0.0]",0.0,0.0,0.0,0.6790499996185303,9965316
2d1c70257fcb,looped_transformer,propagate,12500,1,strong,"{""dim"": 1, ""distance"": 24, ""length"": 48, ""n_sources"": 1}",5,False,False,0,0.0,0.0,0.0,0.0,"[0.0, 0.0, 0.0, 0.0, 0.0]",0.0,0.0,0.0,0.6917833326339722,9965316
2d1c70257fcb,looped_transformer,propagate,15000,1,strong,"{""dim"": 1, ""distance"": 12, ""length"": 48, ""n_sources"": 1}",5,False,False,0,0.0,0.0,0.0,0.0,"[0.0, 0.0, 0.0, 0.0, 0.0]",0.0,0.0,0.0,0.631858332824707,9965316
2d1c70257fcb,looped_transformer,propagate,15000,1,strong,"{""dim"": 1, ""distance"": 24, ""length"": 48, ""n_sources"": 1}",5,False,False,0,0.0,0.0,0.0,0.0,"[0.0, 0.0, 0.0, 0.0, 0.0]",0.0,0.0,0.0,0.6524916665911674,9965316
2d1c70257fcb,looped_transformer,propagate,17500,1,strong,"{""dim"": 1, ""distance"": 12, ""length"": 48, ""n_sources"": 1}",5,False,False,0,0.0,0.0,0.0,0.0,"[0.0, 0.0, 0.0, 0.0, 0.0]",0.0,0.0,0.0,0.6388499987959861,9965316
2d1c70257fcb,looped_transformer,propagate,17500,1,strong,"{""dim"": 1, ""distance"": 24, ""length"": 48, ""n_sources"": 1}",5,False,False,0,0.0,0.0,0.0,0.0,"[0.0, 0.0, 0.0, 0.0, 0.0]",0.0,0.0,0.0,0.6624999995470047,9965316
2d1c70257fcb,looped_transformer,propagate,20000,1,strong,"{""dim"": 1, ""distance"": 12, ""length"": 48, ""n_sources"": 1}",5,False,False,0,0.0,0.0,0.0,0.0,"[0.0, 0.0, 0.0, 0.0, 0.0]",0.0,0.0,0.0,0.6590333321928978,9965316
2d1c70257fcb,looped_transformer,propagate,20000,1,strong,"{""dim"": 1, ""distance"": 24, ""length"": 48, ""n_sources"": 1}",5,False,False,0,0.0,0.0,0.0,0.0,"[0.0, 0.0, 0.0, 0.0, 0.0]",0.0,0.0,0.0,0.6775416662096976,9965316
2d1c70257fcb,looped_transformer,propagate,22500,1,strong,"{""dim"": 1, ""distance"": 12, ""length"": 48, ""n_sources"": 1}",5,False,False,0,0.0,0.0,0.0,0.0,"[0.0, 0.0, 0.0, 0.0, 0.0]",0.0,0.0,0.0,0.6401916652798653,9965316
2d1c70257fcb,looped_transformer,propagate,22500,1,strong,"{""dim"": 1, ""distance"": 24, ""length"": 48, ""n_sources"": 1}",5,False,False,0,0.0,0.0,0.0,0.0,"[0.0, 0.0, 0.0, 0.0, 0.0]",0.0,0.0,0.0,0.6612416662693024,9965316
2d1c70257fcb,looped_transformer,propagate,25000,1,strong,"{""dim"": 1, ""distance"": 12, ""length"": 48, ""n_sources"": 1}",5,False,False,0,0.0,0.0,0.0,0.0,"[0.0, 0.0, 0.0, 0.0, 0.0]",0.0,0.0,0.0,0.6443249990701675,9965316
2d1c70257fcb,looped_transformer,propagate,25000,1,strong,"{""dim"": 1, ""distance"": 24, ""length"": 48, ""n_sources"": 1}",5,False,False,0,0.0,0.0,0.0,0.0,"[0.0, 0.0, 0.0, 0.0, 0.0]",0.0,0.0,0.0,0.6632083331465721,9965316
2d1c70257fcb,looped_transformer,propagate,27500,1,strong,"{""dim"": 1, ""distance"": 12, ""length"": 48, ""n_sources"": 1}",5,False,False,0,0.0,0.0,0.0,0.0,"[0.0, 0.0, 0.0, 0.0, 0.0]",0.0,0.0,0.0,0.6357249991178512,9965316
2d1c70257fcb,looped_transformer,propagate,27500,1,strong,"{""dim"": 1, ""distance"": 24, ""length"": 48, ""n_sources"": 1}",5,False,False,0,0.0,0.0,0.0,0.0,"[0.0, 0.0, 0.0, 0.0, 0.0]",0.0,0.0,0.0,0.6469999994754791,9965316
2d1c70257fcb,looped_transformer,propagate,30000,1,strong,"{""dim"": 1, ""distance"": 12, ""length"": 48, ""n_sources"": 1}",5,False,False,0,0.0,0.0,0.0,0.0,"[0.0, 0.0, 0.0, 0.0, 0.0]",0.0,0.0,0.0,0.6498333327770232,9965316
2d1c70257fcb,looped_transformer,propagate,30000,1,strong,"{""dim"": 1, ""distance"": 24, ""length"": 48, ""n_sources"": 1}",5,False,False,0,0.0,0.0,0.0,0.0,"[0.0, 0.0, 0.0, 0.0, 0.0]",0.0,0.0,0.0,0.6663166666388511,9965316
2d1c70257fcb,looped_transformer,propagate,32500,1,strong,"{""dim"": 1, ""distance"": 12, ""length"": 48, ""n_sources"": 1}",5,False,False,0,0.0,0.0,0.0,0.0,"[0.0, 0.0, 0.0, 0.0, 0.0]",0.0,0.0,0.0,0.6395666654229164,9965316
2d1c70257fcb,looped_transformer,propagate,32500,1,strong,"{""dim"": 1, ""distance"": 24, ""length"": 48, ""n_sources"": 1}",5,False,False,0,0.0,0.0,0.0,0.0,"[0.0, 0.0, 0.0, 0.0, 0.0]",0.0,0.0,0.0,0.6540166655778885,9965316
2d1c70257fcb,looped_transformer,propagate,35000,1,strong,"{""dim"": 1, ""distance"": 12, ""length"": 48, ""n_sources"": 1}",5,False,False,0,0.0,0.0,0.0,0.0,"[0.0, 0.0, 0.0, 0.0, 0.0]",0.0,0.0,0.0,0.6387583323717119,9965316
2d1c70257fcb,looped_transformer,propagate,35000,1,strong,"{""dim"": 1, ""distance"": 24, ""length"": 48, ""n_sources"": 1}",5,False,False,0,0.0,0.0,0.0,0.0,"[0.0, 0.0, 0.0, 0.0, 0.0]",0.0,0.0,0.0,0.6516249987244607,9965316
2d1c70257fcb,looped_transformer,propagate,37500,1,strong,"{""dim"": 1, ""distance"": 12, ""length"": 48, ""n_sources"": 1}",5,False,False,0,0.0,0.0,0.0,0.0,"[0.0, 0.0, 0.0, 0.0, 0.0]",0.0,0.0,0.0,0.6338416656017303,9965316
2d1c70257fcb,looped_transformer,propagate,37500,1,strong,"{""dim"": 1, ""distance"": 24, ""length"": 48, ""n_sources"": 1}",5,False,False,0,0.0,0.0,0.0,0.0,"[0.0, 0.0, 0.0, 0.0, 0.0]",0.0,0.0,0.0,0.6482083320260047,9965316
2d1c70257fcb,looped_transformer,propagate,40000,1,strong,"{""dim"": 1, ""distance"": 12, ""length"": 48, ""n_sources"": 1}",5,False,False,0,0.0,0.0,0.0,0.0,"[0.0, 0.0, 0.0, 0.0, 0.0]",0.0,0.0,0.0,0.6311666656017303,9965316
2d1c70257fcb,looped_transformer,propagate,40000,1,strong,"{""dim"": 1, ""distance"": 24, ""length"": 48, ""n_sources"": 1}",5,False,False,0,0.0,0.0,0.0,0.0,"[0.0, 0.0, 0.0, 0.0, 0.0]",0.0,0.0,0.0,0.6457666651725769,9965316
2d1c70257fcb,looped_transformer,propagate,40000,2,strong,"{""dim"": 1, ""distance"": 12, ""length"": 48, ""n_sources"": 1}",5,False,False,0,0.0,0.0,0.0,0.0,"[0.0, 0.0, 0.0, 0.0, 0.0]",0.0,0.0,0.0,0.6623499993801116,9965316
2d1c70257fcb,looped_transformer,propagate,40000,2,strong,"{""dim"": 1, ""distance"": 24, ""length"": 48, ""n_sources"": 1}",5,False,False,0,0.0,0.0,0.0,0.0,"[0.0, 0.0, 0.0, 0.0, 0.0]",0.0,0.0,0.0,0.6658916663765908,9965316
2d1c70257fcb,looped_transformer,propagate,2500,4,strong,"{""dim"": 1, ""distance"": 12, ""length"": 48, ""n_sources"": 1}",5,False,False,0,0.0,0.0,0.0,0.0,"[0.0, 0.0, 0.0, 0.0, 0.0]",0.0,0.0,0.0,0.724033332359791,9965316
2d1c70257fcb,looped_transformer,propagate,2500,4,strong,"{""dim"": 1, ""distance"": 24, ""length"": 48, ""n_sources"": 1}",5,False,False,0,0.0,0.0,0.0,0.0,"[0.0, 0.0, 0.0, 0.0, 0.0]",0.0,0.0,0.0,0.6786083334267139,9965316
2d1c70257fcb,looped_transformer,propagate,5000,4,strong,"{""dim"": 1, ""distance"": 12, ""length"": 48, ""n_sources"": 1}",5,False,False,0,0.0,0.0,0.0,0.0,"[0.0, 0.0, 0.0, 0.0, 0.0]",0.0,0.0,0.0,0.7052916642785073,9965316
2d1c70257fcb,looped_transformer,propagate,5000,4,strong,"{""dim"": 1, ""distance"": 24, ""length"": 48, ""n_sources"": 1}",5,False,False,0,0.0,0.0,0.0,0.0,"[0.0, 0.0, 0.0, 0.0, 0.0]",0.0,0.0,0.0,0.6476666659712792,9965316
2d1c70257fcb,looped_transformer,propagate,7500,4,strong,"{""dim"": 1, ""distance"": 12, ""length"": 48, ""n_sources"": 1}",5,False,False,0,0.0,0.0,0.0,0.0,"[0.0, 0.0, 0.0, 0.0, 0.0]",0.0,0.0,0.0,0.7292333320856095,9965316
2d1c70257fcb,looped_transformer,propagate,7500,4,strong,"{""dim"": 1, ""distance"": 24, ""length"": 48, ""n_sources"": 1}",5,False,False,0,0.0,0.0,0.0,0.0,"[0.0, 0.0, 0.0, 0.0, 0.0]",0.0,0.0,0.0,0.6875999994397164,9965316
2d1c70257fcb,looped_transformer,propagate,10000,4,strong,"{""dim"": 1, ""distance"": 12, ""length"": 48, ""n_sources"": 1}",5,False,False,0,0.0,0.0,0.0,0.0,"[0.0, 0.0, 0.0, 0.0, 0.0]",0.0,0.0,0.0,0.729591665840149,9965316
2d1c70257fcb,looped_transformer,propagate,10000,4,strong,"{""dim"": 1, ""distance"": 24, ""length"": 48, ""n_sources"": 1}",5,False,False,0,0.0,0.0,0.0,0.0,"[0.0, 0.0, 0.0, 0.0, 0.0]",0.0,0.0,0.0,0.7002000006079674,9965316
2d1c70257fcb,looped_transformer,propagate,12500,4,strong,"{""dim"": 1, ""distance"": 12, ""length"": 48, ""n_sources"": 1}",5,False,False,0,0.0,0.0,0.0,0.0,"[0.0, 0.0, 0.0, 0.0, 0.0]",0.0,0.0,0.0,0.7365749991118908,9965316
2d1c70257fcb,looped_transformer,propagate,12500,4,strong,"{""dim"": 1, ""distance"": 24, ""length"": 48, ""n_sources"": 1}",5,False,False,0,0.0,0.0,0.0,0.0,"[0.0, 0.0, 0.0, 0.0, 0.0]",0.0,0.0,0.0,0.7104166661143301,9965316
2d1c70257fcb,looped_transformer,propagate,15000,4,strong,"{""dim"": 1, ""distance"": 12, ""length"": 48, ""n_sources"": 1}",5,False,False,0,0.0,0.0,0.0,0.0,"[0.0, 0.0, 0.0, 0.0, 0.0]",0.0,0.0,0.0,0.7200583319187165,9965316
2d1c70257fcb,looped_transformer,propagate,15000,4,strong,"{""dim"": 1, ""distance"": 24, ""length"": 48, ""n_sources"": 1}",5,False,False,0,0.0,0.0,0.0,0.0,"[0.0, 0.0, 0.0, 0.0, 0.0]",0.0,0.0,0.0,0.6795666667103768,9965316
2d1c70257fcb,looped_transformer,propagate,17500,4,strong,"{""dim"": 1, ""distance"": 12, ""length"": 48, ""n_sources"": 1}",5,False,False,0,0.0,0.0,0.0,0.0,"[0.0, 0.0, 0.0, 0.0, 0.0]",0.0,0.0,0.0,0.7229833315849304,9965316
2d1c70257fcb,looped_transformer,propagate,17500,4,strong,"{""dim"": 1, ""distance"": 24, ""length"": 48, ""n_sources"": 1}",5,False,False,0,0.0,0.0,0.0,0.0,"[0.0, 0.0, 0.0, 0.0, 0.0]",0.0,0.0,0.0,0.6964166663885116,9965316
2d1c70257fcb,looped_transformer,propagate,20000,4,strong,"{""dim"": 1, ""distance"": 12, ""length"": 48, ""n_sources"": 1}",5,False,False,0,0.0,0.0,0.0,0.0,"[0.0, 0.0, 0.0, 0.0, 0.0]",0.0,0.0,0.0,0.724174998998642,9965316
2d1c70257fcb,looped_transformer,propagate,20000,4,strong,"{""dim"": 1, ""distance"": 24, ""length"": 48, ""n_sources"": 1}",5,False,False,0,0.0,0.0,0.0,0.0,"[0.0, 0.0, 0.0, 0.0, 0.0]",0.0,0.0,0.0,0.6996499989151955,9965316
2d1c70257fcb,looped_transformer,propagate,22500,4,strong,"{""dim"": 1, ""distance"": 12, ""length"": 48, ""n_sources"": 1}",5,False,False,0,0.0,0.0,0.0,0.0,"[0.0, 0.0, 0.0, 0.0, 0.0]",0.0,0.0,0.0,0.7184166659235955,9965316
2d1c70257fcb,looped_transformer,propagate,22500,4,strong,"{""dim"": 1, ""distance"": 24, ""length"": 48, ""n_sources"": 1}",5,False,False,0,0.0,0.0,0.0,0.0,"[0.0, 0.0, 0.0, 0.0, 0.0]",0.0,0.0,0.0,0.6872499992489814,9965316
2d1c70257fcb,looped_transformer,propagate,25000,4,strong,"{""dim"": 1, ""distance"": 12, ""length"": 48, ""n_sources"": 1}",5,False,False,0,0.0,0.0,0.0,0.0,"[0.0, 0.0, 0.0, 0.0, 0.0]",0.0,0.0,0.0,0.7321333315968512,9965316
2d1c70257fcb,looped_transformer,propagate,25000,4,strong,"{""dim"": 1, ""distance"": 24, ""length"": 48, ""n_sources"": 1}",5,False,False,0,0.0,0.0,0.0,0.0,"[0.0, 0.0, 0.0, 0.0, 0.0]",0.0,0.0,0.0,0.7122999997019768,9965316
2d1c70257fcb,looped_transformer,propagate,27500,4,strong,"{""dim"": 1, ""distance"": 12, ""length"": 48, ""n_sources"": 1}",5,False,False,0,0.0,0.0,0.0,0.0,"[0.0, 0.0, 0.0, 0.0, 0.0]",0.0,0.0,0.0,0.7277083324670792,9965316
2d1c70257fcb,looped_transformer,propagate,27500,4,strong,"{""dim"": 1, ""distance"": 24, ""length"": 48, ""n_sources"": 1}",5,False,False,0,0.0,0.0,0.0,0.0,"[0.0, 0.0, 0.0, 0.0, 0.0]",0.0,0.0,0.0,0.7035499996423721,9965316
2d1c70257fcb,looped_transformer,propagate,30000,4,strong,"{""dim"": 1, ""distance"": 12, ""length"": 48, ""n_sources"": 1}",5,False,False,0,0.0,0.0,0.0,0.0,"[0.0, 0.0, 0.0, 0.0, 0.0]",0.0,0.0,0.0,0.7313499992489815,9965316
2d1c70257fcb,looped_transformer,propagate,30000,4,strong,"{""dim"": 1, ""distance"": 24, ""length"": 48, ""n_sources"": 1}",5,False,False,0,0.0,0.0,0.0,0.0,"[0.0, 0.0, 0.0, 0.0, 0.0]",0.0,0.0,0.0,0.7115583329916001,9965316
2d1c70257fcb,looped_transformer,propagate,32500,4,strong,"{""dim"": 1, ""distance"": 12, ""length"": 48, ""n_sources"": 1}",5,False,False,0,0.0,0.0,0.0,0.0,"[0.0, 0.0, 0.0, 0.0, 0.0]",0.0,0.0,0.0,0.7258999987125396,9965316
2d1c70257fcb,looped_transformer,propagate,32500,4,strong,"{""dim"": 1, ""distance"": 24, ""length"": 48, ""n_sources"": 1}",5,False,False,0,0.0,0.0,0.0,0.0,"[0.0, 0.0, 0.0, 0.0, 0.0]",0.0,0.0,0.0,0.706066666328907,9965316
2d1c70257fcb,looped_transformer,propagate,35000,4,strong,"{""dim"": 1, ""distance"": 12, ""length"": 48, ""n_sources"": 1}",5,False,False,0,0.0,0.0,0.0,0.0,"[0.0, 0.0, 0.0, 0.0, 0.0]",0.0,0.0,0.0,0.7246833322048187,9965316
2d1c70257fcb,looped_transformer,propagate,35000,4,strong,"{""dim"": 1, ""distance"": 24, ""length"": 48, ""n_sources"": 1}",5,False,False,0,0.0,0.0,0.0,0.0,"[0.0, 0.0, 0.0, 0.0, 0.0]",0.0,0.0,0.0,0.7039916664123534,9965316
2d1c70257fcb,looped_transformer,propagate,37500,4,strong,"{""dim"": 1, ""distance"": 12, ""length"": 48, ""n_sources"": 1}",5,False,False,0,0.0,0.0,0.0,0.0,"[0.0, 0.0, 0.0, 0.0, 0.0]",0.0,0.0,0.0,0.7252249985694885,9965316
2d1c70257fcb,looped_transformer,propagate,37500,4,strong,"{""dim"": 1, ""distance"": 24, ""length"": 48, ""n_sources"": 1}",5,False,False,0,0.0,0.0,0.0,0.0,"[0.0, 0.0, 0.0, 0.0, 0.0]",0.0,0.0,0.0,0.7047166663169862,9965316
2d1c70257fcb,looped_transformer,propagate,40000,4,strong,"{""dim"": 1, ""distance"": 12, ""length"": 48, ""n_sources"": 1}",5,False,False,0,0.0,0.0,0.0,0.0,"[0.0, 0.0, 0.0, 0.0, 0.0]",0.0,0.0,0.0,0.7245833318948746,9965316
2d1c70257fcb,looped_transformer,propagate,40000,4,strong,"{""dim"": 1, ""distance"": 24, ""length"": 48, ""n_sources"": 1}",5,False,False,0,0.0,0.0,0.0,0.0,"[0.0, 0.0, 0.0, 0.0, 0.0]",0.0,0.0,0.0,0.7039333332657816,9965316
2d1c70257fcb,looped_transformer,propagate,40000,8,strong,"{""dim"": 1, ""distance"": 12, ""length"": 48, ""n_sources"": 1}",5,False,False,0,0.0,0.0,0.0,0.0,"[0.0, 0.0, 0.0, 0.0, 0.0]",0.0,0.0,0.0,0.7404416628837586,9965316
2d1c70257fcb,looped_transformer,propagate,40000,8,strong,"{""dim"": 1, ""distance"": 24, ""length"": 48, ""n_sources"": 1}",5,False,False,0,0.0,0.0,0.0,0.0,"[0.0, 0.0, 0.0, 0.0, 0.0]",0.0,0.0,0.0,0.7003416660547257,9965316
2d1c70257fcb,looped_transformer,propagate,2500,16,strong,"{""dim"": 1, ""distance"": 12, ""length"": 48, ""n_sources"": 1}",5,False,False,0,0.0,0.0,0.0,0.0,"[0.0, 0.0, 0.0, 0.0, 0.0]",0.0,0.0,0.0,0.7148749951124193,9965316
2d1c70257fcb,looped_transformer,propagate,2500,16,strong,"{""dim"": 1, ""distance"": 24, ""length"": 48, ""n_sources"": 1}",5,False,False,0,0.0,0.0,0.0,0.0,"[0.0, 0.0, 0.0, 0.0, 0.0]",0.0,0.0,0.0,0.5889666662633419,9965316
2d1c70257fcb,looped_transformer,propagate,5000,16,strong,"{""dim"": 1, ""distance"": 12, ""length"": 48, ""n_sources"": 1}",5,False,False,0,0.0,0.0,0.0,0.0,"[0.0, 0.0, 0.0, 0.0, 0.0]",0.0,0.0,0.0,0.7126916612267495,9965316
2d1c70257fcb,looped_transformer,propagate,5000,16,strong,"{""dim"": 1, ""distance"": 24, ""length"": 48, ""n_sources"": 1}",5,False,False,0,0.0,0.0,0.0,0.0,"[0.0, 0.0, 0.0, 0.0, 0.0]",0.0,0.0,0.0,0.5937166664242743,9965316
2d1c70257fcb,looped_transformer,propagate,7500,16,strong,"{""dim"": 1, ""distance"": 12, ""length"": 48, ""n_sources"": 1}",5,False,False,0,0.0,0.0,0.0,0.0,"[0.0, 0.0, 0.0, 0.0, 0.0]",0.0,0.0,0.0,0.7365249963521958,9965316
2d1c70257fcb,looped_transformer,propagate,7500,16,strong,"{""dim"": 1, ""distance"": 24, ""length"": 48, ""n_sources"": 1}",5,False,False,0,0.0,0.0,0.0,0.0,"[0.0, 0.0, 0.0, 0.0, 0.0]",0.0,0.0,0.0,0.6564916664719581,9965316
2d1c70257fcb,looped_transformer,propagate,10000,16,strong,"{""dim"": 1, ""distance"": 12, ""length"": 48, ""n_sources"": 1}",5,False,False,0,0.0,0.0,0.0,0.0,"[0.0, 0.0, 0.0, 0.0, 0.0]",0.0,0.0,0.0,0.7444999966144561,9965316
2d1c70257fcb,looped_transformer,propagate,10000,16,strong,"{""dim"": 1, ""distance"": 24, ""length"": 48, ""n_sources"": 1}",5,False,False,0,0.0,0.0,0.0,0.0,"[0.0, 0.0, 0.0, 0.0, 0.0]",0.0,0.0,0.0,0.6737666663765907,9965316
2d1c70257fcb,looped_transformer,propagate,12500,16,strong,"{""dim"": 1, ""distance"": 12, ""length"": 48, ""n_sources"": 1}",5,False,False,0,0.0,0.0,0.0,0.0,"[0.0, 0.0, 0.0, 0.0, 0.0]",0.0,0.0,0.0,0.747191663685441,9965316
2d1c70257fcb,looped_transformer,propagate,12500,16,strong,"{""dim"": 1, ""distance"": 24, ""length"": 48, ""n_sources"": 1}",5,False,False,0,0.0,0.0,0.0,0.0,"[0.0, 0.0, 0.0, 0.0, 0.0]",0.0,0.0,0.0,0.6744000000953674,9965316
2d1c70257fcb,looped_transformer,propagate,15000,16,strong,"{""dim"": 1, ""distance"": 12, ""length"": 48, ""n_sources"": 1}",5,False,False,0,0.0,0.0,0.0,0.0,"[0.0, 0.0, 0.0, 0.0, 0.0]",0.0,0.0,0.0,0.745933328795433,9965316
2d1c70257fcb,looped_transformer,propagate,15000,16,strong,"{""dim"": 1, ""distance"": 24, ""length"": 48, ""n_sources"": 1}",5,False,False,0,0.0,0.0,0.0,0.0,"[0.0, 0.0, 0.0, 0.0, 0.0]",0.0,0.0,0.0,0.683124999666214,9965316
2d1c70257fcb,looped_transformer,propagate,17500,16,strong,"{""dim"": 1, ""distance"": 12, ""length"": 48, ""n_sources"": 1}",5,False,False,0,0.0,0.0,0.0,0.0,"[0.0, 0.0, 0.0, 0.0, 0.0]",0.0,0.0,0.0,0.7459083295583725,9965316
2d1c70257fcb,looped_transformer,propagate,17500,16,strong,"{""dim"": 1, ""distance"": 24, ""length"": 48, ""n_sources"": 1}",5,False,False,0,0.0,0.0,0.0,0.0,"[0.0, 0.0, 0.0, 0.0, 0.0]",0.0,0.0,0.0,0.689208332824707,9965316
2d1c70257fcb,looped_transformer,propagate,20000,16,strong,"{""dim"": 1, ""distance"": 12, ""length"": 48, ""n_sources"": 1}",5,False,False,0,0.0,0.0,0.0,0.0,"[0.0, 0.0, 0.0, 0.0, 0.0]",0.0,0.0,0.0,0.7448999963283538,9965316
2d1c70257fcb,looped_transformer,propagate,20000,16,strong,"{""dim"": 1, ""distance"": 24, ""length"": 48, ""n_sources"": 1}",5,False,False,0,0.0,0.0,0.0,0.0,"[0.0, 0.0, 0.0, 0.0, 0.0]",0.0,0.0,0.0,0.6835749997973443,9965316
2d1c70257fcb,looped_transformer,propagate,22500,16,strong,"{""dim"": 1, ""distance"": 12, ""length"": 48, ""n_sources"": 1}",5,False,False,0,0.0,0.0,0.0,0.0,"[0.0, 0.0, 0.0, 0.0, 0.0]",0.0,0.0,0.0,0.7465166622638703,9965316
2d1c70257fcb,looped_transformer,propagate,22500,16,strong,"{""dim"": 1, ""distance"": 24, ""length"": 48, ""n_sources"": 1}",5,False,False,0,0.0,0.0,0.0,0.0,"[0.0, 0.0, 0.0, 0.0, 0.0]",0.0,0.0,0.0,0.6923083333790302,9965316
2d1c70257fcb,looped_transformer,propagate,25000,16,strong,"{""dim"": 1, ""distance"": 12, ""length"": 48, ""n_sources"": 1}",5,False,False,0,0.0,0.0,0.0,0.0,"[0.0, 0.0, 0.0, 0.0, 0.0]",0.0,0.0,0.0,0.7523249958753586,9965316
2d1c70257fcb,looped_transformer,propagate,25000,16,strong,"{""dim"": 1, ""distance"": 24, ""length"": 48, ""n_sources"": 1}",5,False,False,0,0.0,0.0,0.0,0.0,"[0.0, 0.0, 0.0, 0.0, 0.0]",0.0,0.0,0.0,0.6831916669607162,9965316
2d1c70257fcb,looped_transformer,propagate,27500,16,strong,"{""dim"": 1, ""distance"": 12, ""length"": 48, ""n_sources"": 1}",5,False,False,0,0.0,0.0,0.0,0.0,"[0.0, 0.0, 0.0, 0.0, 0.0]",0.0,0.0,0.0,0.7486249968290328,9965316
2d1c70257fcb,looped_transformer,propagate,27500,16,strong,"{""dim"": 1, ""distance"": 24, ""length"": 48, ""n_sources"": 1}",5,False,False,0,0.0,0.0,0.0,0.0,"[0.0, 0.0, 0.0, 0.0, 0.0]",0.0,0.0,0.0,0.6957083330869674,9965316
2d1c70257fcb,looped_transformer,propagate,30000,16,strong,"{""dim"": 1, ""distance"": 12, ""length"": 48, ""n_sources"": 1}",5,False,False,0,0.0,0.0,0.0,0.0,"[0.0, 0.0, 0.0, 0.0, 0.0]",0.0,0.0,0.0,0.7493999964952468,9965316
2d1c70257fcb,looped_transformer,propagate,30000,16,strong,"{""dim"": 1, ""distance"": 24, ""length"": 48, ""n_sources"": 1}",5,False,False,0,0.0,0.0,0.0,0.0,"[0.0, 0.0, 0.0, 0.0, 0.0]",0.0,0.0,0.0,0.6954583326220511,9965316
2d1c70257fcb,looped_transformer,propagate,32500,16,strong,"{""dim"": 1, ""distance"": 12, ""length"": 48, ""n_sources"": 1}",5,False,False,0,0.0,0.0,0.0,0.0,"[0.0, 0.0, 0.0, 0.0, 0.0]",0.0,0.0,0.0,0.7464499959468841,9965316
2d1c70257fcb,looped_transformer,propagate,32500,16,strong,"{""dim"": 1, ""distance"": 24, ""length"": 48, ""n_sources"": 1}",5,False,False,0,0.0,0.0,0.0,0.0,"[0.0, 0.0, 0.0, 0.0, 0.0]",0.0,0.0,0.0,0.6745750002145767,9965316
2d1c70257fcb,looped_transformer,propagate,35000,16,strong,"{""dim"": 1, ""distance"": 12, ""length"": 48, ""n_sources"": 1}",5,False,False,0,0.0,0.0,0.0,0.0,"[0.0, 0.0, 0.0, 0.0, 0.0]",0.0,0.0,0.0,0.7445999950408935,9965316
2d1c70257fcb,looped_transformer,propagate,35000,16,strong,"{""dim"": 1, ""distance"": 24, ""length"": 48, ""n_sources"": 1}",5,False,False,0,0.0,0.0,0.0,0.0,"[0.0, 0.0, 0.0, 0.0, 0.0]",0.0,0.0,0.0,0.6682666668176651,9965316
2d1c70257fcb,looped_transformer,propagate,37500,16,strong,"{""dim"": 1, ""distance"": 12, ""length"": 48, ""n_sources"": 1}",5,False,False,0,0.0,0.0,0.0,0.0,"[0.0, 0.0, 0.0, 0.0, 0.0]",0.0,0.0,0.0,0.7438333285093307,9965316
2d1c70257fcb,looped_transformer,propagate,37500,16,strong,"{""dim"": 1, ""distance"": 24, ""length"": 48, ""n_sources"": 1}",5,False,False,0,0.0,0.0,0.0,0.0,"[0.0, 0.0, 0.0, 0.0, 0.0]",0.0,0.0,0.0,0.6639583333373069,9965316
2d1c70257fcb,looped_transformer,propagate,40000,16,strong,"{""dim"": 1, ""distance"": 12, ""length"": 48, ""n_sources"": 1}",5,False,False,0,0.0,0.0,0.0,0.0,"[0.0, 0.0, 0.0, 0.0, 0.0]",0.0,0.0,0.0,0.7433416617393493,9965316
2d1c70257fcb,looped_transformer,propagate,40000,16,strong,"{""dim"": 1, ""distance"": 24, ""length"": 48, ""n_sources"": 1}",5,False,False,0,0.0,0.0,0.0,0.0,"[0.0, 0.0, 0.0, 0.0, 0.0]",0.0,0.0,0.0,0.6627583331227302,9965316
2d1c70257fcb,looped_transformer,propagate,40000,32,strong,"{""dim"": 1, ""distance"": 12, ""length"": 48, ""n_sources"": 1}",5,False,False,0,0.0,0.0,0.0,0.0,"[0.0, 0.0, 0.0, 0.0, 0.0]",0.0,0.0,0.0,0.7426583275794982,9965316
2d1c70257fcb,looped_transformer,propagate,40000,32,strong,"{""dim"": 1, ""distance"": 24, ""length"": 48, ""n_sources"": 1}",5,False,False,0,0.0,0.0,0.0,0.0,"[0.0, 0.0, 0.0, 0.0, 0.0]",0.0,0.0,0.0,0.6380666682958603,9965316
